<?xml version="1.0" encoding="utf-8"?>
<COLLADA xmlns="http://www.collada.org/2005/11/COLLADASchema" version="1.4.1" xmlns:xsi="http://www.w3.org/2001/XMLSchema-instance">
  <asset>
    <contributor>
      <author>Blender User</author>
      <authoring_tool>Blender 4.2.22 LTS commit date:2026-06-22, commit time:11:10, hash:88937221abfc</authoring_tool>
    </contributor>
    <created>2026-07-07T17:42:31</created>
    <modified>2026-07-07T17:42:31</modified>
    <unit name="meter" meter="1"/>
    <up_axis>Z_UP</up_axis>
  </asset>
  <library_effects>
    <effect id="paintable-0-effect">
      <profile_COMMON>
        <technique sid="common">
          <lambert>
            <emission>
              <color sid="emission">0 0 0 1</color>
            </emission>
            <diffuse>
              <color sid="diffuse">1 0.4969335 0 1</color>
            </diffuse>
            <index_of_refraction>
              <float sid="ior">1.45</float>
            </index_of_refraction>
          </lambert>
        </technique>
      </profile_COMMON>
    </effect>
    <effect id="paintable-1-effect">
      <profile_COMMON>
        <technique sid="common">
          <lambert>
            <emission>
              <color sid="emission">0 0 0 1</color>
            </emission>
            <diffuse>
              <color sid="diffuse">0.6104922 0.4910214 0 1</color>
            </diffuse>
            <index_of_refraction>
              <float sid="ior">1.5</float>
            </index_of_refraction>
          </lambert>
        </technique>
      </profile_COMMON>
    </effect>
    <effect id="dark-grey-effect">
      <profile_COMMON>
        <technique sid="common">
          <lambert>
            <emission>
              <color sid="emission">0 0 0 1</color>
            </emission>
            <diffuse>
              <color sid="diffuse">0.3371614 0.3371639 0.3371637 1</color>
            </diffuse>
            <index_of_refraction>
              <float sid="ior">1.5</float>
            </index_of_refraction>
          </lambert>
        </technique>
      </profile_COMMON>
    </effect>
  </library_effects>
  <library_images/>
  <library_materials>
    <material id="paintable-0-material" name="paintable-0">
      <instance_effect url="#paintable-0-effect"/>
    </material>
    <material id="paintable-1-material" name="paintable-1">
      <instance_effect url="#paintable-1-effect"/>
    </material>
    <material id="dark-grey-material" name="dark-grey">
      <instance_effect url="#dark-grey-effect"/>
    </material>
  </library_materials>
  <library_geometries>
    <geometry id="Cube_002-mesh" name="Cube.002">
      <mesh>
        <source id="Cube_002-mesh-positions">
          <float_array id="Cube_002-mesh-positions-array" count="10239">-0.5624995 -0.5258882 -0.125 -0.5258882 -0.5624995 -0.125 -0.4741119 -0.4375005 -0.125 -0.5258882 -0.4375005 -0.125 -0.5624995 -0.4741119 -0.125 -0.4375005 -0.4741119 -0.125 -0.4375005 -0.5258882 -0.125 -0.4741119 -0.5624995 -0.125 0.625 0.625 0.375 0.625 0.625 0 0.625 -0.625 0.375 0.625 -0.625 0 -0.625 0.625 0.375 -0.625 0.625 0 -0.625 -0.625 0.375 -0.625 -0.625 0 0.625 0.625 0.365 0.625 0.625 0.00999999 -0.625 -0.625 0.00999999 -0.625 -0.625 0.365 0.625 -0.625 0.365 0.625 -0.625 0.00999999 -0.625 0.625 0.365 -0.625 0.625 0.00999999 0.615 0.625 0 -0.615 0.625 0 0.615 -0.625 0.375 -0.615 -0.625 0.375 -0.615 -0.625 0 0.615 -0.625 0 -0.615 0.625 0.375 0.615 0.625 0.375 -0.615 0.625 0.00999999 0.615 0.625 0.00999999 -0.615 0.625 0.365 0.615 0.625 0.365 0.615 -0.625 0.00999999 -0.615 -0.625 0.00999999 0.615 -0.625 0.365 -0.615 -0.625 0.365 -0.625 0.615 0 -0.625 -0.615 0 0.625 0.615 0.375 0.625 -0.615 0.375 -0.625 -0.615 0.375 -0.625 0.615 0.375 0.625 -0.615 0 0.625 0.615 0 0.625 0.615 0.00999999 0.625 -0.615 0.00999999 0.625 0.615 0.365 0.625 -0.615 0.365 -0.625 -0.615 0.00999999 -0.625 0.615 0.00999999 -0.625 -0.615 0.365 -0.625 0.615 0.365 0.615 0.615 0.375 0.615 -0.615 0.375 -0.615 0.615 0.375 -0.615 -0.615 0.375 0.615 0.615 0.325 0.615 -0.615 0.325 -0.615 0.615 0.325 -0.615 -0.615 0.325 0.5675 -0.5675 0.315 0.5675 0.5675 0.315 -0.5675 0.5675 0.315 -0.5675 -0.5675 0.315 0.5675 0.4965625 0.315 0.5675 0.425625 0.315 0.5675 0.3546875 0.315 0.5675 0.2837499 0.315 0.5675 0.2128124 0.315 0.5675 0.1418749 0.315 0.5675 0.07093745 0.315 0.5675 0 0.315 0.5675 -0.07093751 0.315 0.5675 -0.141875 0.315 0.5675 -0.2128125 0.315 0.5675 -0.28375 0.315 0.5675 -0.3546875 0.315 0.5675 -0.425625 0.315 0.5675 -0.4965625 0.315 -0.4965625 -0.5675 0.315 -0.425625 -0.5675 0.315 -0.3546875 -0.5675 0.315 -0.2837499 -0.5675 0.315 -0.2128124 -0.5675 0.315 -0.1418749 -0.5675 0.315 -0.07093745 -0.5675 0.315 0 -0.5675 0.315 0.07093751 -0.5675 0.315 0.141875 -0.5675 0.315 0.2128125 -0.5675 0.315 0.28375 -0.5675 0.315 0.3546875 -0.5675 0.315 0.425625 -0.5675 0.315 0.4965625 -0.5675 0.315 -0.4965625 0.5675 0.315 -0.425625 0.5675 0.315 -0.3546875 0.5675 0.315 -0.2837499 0.5675 0.315 -0.2128124 0.5675 0.315 -0.1418749 0.5675 0.315 -0.07093745 0.5675 0.315 0 0.5675 0.315 0.07093751 0.5675 0.315 0.141875 0.5675 0.315 0.2128125 0.5675 0.315 0.28375 0.5675 0.315 0.3546875 0.5675 0.315 0.425625 0.5675 0.315 0.4965625 0.5675 0.315 -0.5675 0.4965625 0.315 -0.5675 0.425625 0.315 -0.5675 0.3546875 0.315 -0.5675 0.2837499 0.315 -0.5675 0.2128124 0.315 -0.5675 0.1418749 0.315 -0.5675 0.07093745 0.315 -0.5675 0 0.315 -0.5675 -0.07093751 0.315 -0.5675 -0.141875 0.315 -0.5675 -0.2128125 0.315 -0.5675 -0.28375 0.315 -0.5675 -0.3546875 0.315 -0.5675 -0.425625 0.315 -0.5675 -0.4965625 0.315 -0.4990625 0.4990625 0.315 -0.4990625 0.565 0.315 -0.565 0.565 0.315 -0.565 0.4990625 0.315 -0.4990625 -0.565 0.315 -0.4990625 -0.4990625 0.315 -0.565 -0.4990625 0.315 -0.565 -0.565 0.315 -0.4990625 -0.4940625 0.315 -0.4990625 -0.428125 0.315 -0.565 -0.428125 0.315 -0.565 -0.4940625 0.315 -0.4990625 -0.423125 0.315 -0.4990625 -0.3571875 0.315 -0.565 -0.3571875 0.315 -0.565 -0.423125 0.315 -0.4990625 -0.3521875 0.315 -0.4990625 -0.28625 0.315 -0.565 -0.28625 0.315 -0.565 -0.3521875 0.315 -0.4990625 -0.28125 0.315 -0.4990625 -0.2153125 0.315 -0.565 -0.2153125 0.315 -0.565 -0.28125 0.315 -0.4990625 -0.2103125 0.315 -0.4990625 -0.144375 0.315 -0.565 -0.144375 0.315 -0.565 -0.2103125 0.315 -0.4990625 -0.139375 0.315 -0.4990625 -0.07343751 0.315 -0.565 -0.07343751 0.315 -0.565 -0.139375 0.315 -0.4990625 -0.06843751 0.315 -0.4990625 -0.002499997 0.315 -0.565 -0.002499997 0.315 -0.565 -0.06843751 0.315 -0.4990625 0.002499938 0.315 -0.4990625 0.06843745 0.315 -0.565 0.06843745 0.315 -0.565 0.002499938 0.315 -0.4990625 0.07343745 0.315 -0.4990625 0.1393749 0.315 -0.565 0.1393749 0.315 -0.565 0.07343745 0.315 -0.4990625 0.1443749 0.315 -0.4990625 0.2103124 0.315 -0.565 0.2103124 0.315 -0.565 0.1443749 0.315 -0.4990625 0.2153124 0.315 -0.4990625 0.28125 0.315 -0.565 0.28125 0.315 -0.565 0.2153124 0.315 -0.4990625 0.2862499 0.315 -0.4990625 0.3521875 0.315 -0.565 0.3521875 0.315 -0.565 0.2862499 0.315 -0.4990625 0.3571875 0.315 -0.4990625 0.423125 0.315 -0.565 0.423125 0.315 -0.565 0.3571875 0.315 -0.4990625 0.428125 0.315 -0.4990625 0.4940625 0.315 -0.565 0.4940625 0.315 -0.565 0.428125 0.315 0.565 -0.565 0.315 0.565 -0.4990625 0.315 0.4990625 -0.4990625 0.315 0.4990625 -0.565 0.315 0.4940625 -0.565 0.315 0.4940625 -0.4990625 0.315 0.428125 -0.4990625 0.315 0.428125 -0.565 0.315 0.423125 -0.565 0.315 0.423125 -0.4990625 0.315 0.3571875 -0.4990625 0.315 0.3571875 -0.565 0.315 0.3521875 -0.565 0.315 0.3521875 -0.4990625 0.315 0.2862499 -0.4990625 0.315 0.28625 -0.565 0.315 0.28125 -0.565 0.315 0.28125 -0.4990625 0.315 0.2153124 -0.4990625 0.315 0.2153125 -0.565 0.315 0.2103125 -0.565 0.315 0.2103124 -0.4990625 0.315 0.1443749 -0.4990625 0.315 0.144375 -0.565 0.315 0.139375 -0.565 0.315 0.1393749 -0.4990625 0.315 0.07343745 -0.4990625 0.315 0.07343751 -0.565 0.315 0.06843751 -0.565 0.315 0.06843745 -0.4990625 0.315 0.002499938 -0.4990625 0.315 0.002499997 -0.565 0.315 -0.002499938 -0.565 0.315 -0.002499997 -0.4990625 0.315 -0.06843751 -0.4990625 0.315 -0.06843745 -0.565 0.315 -0.07343745 -0.565 0.315 -0.07343751 -0.4990625 0.315 -0.139375 -0.4990625 0.315 -0.1393749 -0.565 0.315 -0.1443749 -0.565 0.315 -0.144375 -0.4990625 0.315 -0.2103125 -0.4990625 0.315 -0.2103124 -0.565 0.315 -0.2153124 -0.565 0.315 -0.2153125 -0.4990625 0.315 -0.28125 -0.4990625 0.315 -0.28125 -0.565 0.315 -0.2862499 -0.565 0.315 -0.28625 -0.4990625 0.315 -0.3521875 -0.4990625 0.315 -0.3521875 -0.565 0.315 -0.3571875 -0.565 0.315 -0.3571875 -0.4990625 0.315 -0.423125 -0.4990625 0.315 -0.423125 -0.565 0.315 -0.428125 -0.565 0.315 -0.428125 -0.4990625 0.315 -0.4940625 -0.4990625 0.315 -0.4940625 -0.565 0.315 0.565 -0.4940625 0.315 0.565 -0.428125 0.315 0.4990625 -0.428125 0.315 0.4990625 -0.4940625 0.315 0.4940625 -0.4940625 0.315 0.4940625 -0.428125 0.315 0.428125 -0.428125 0.315 0.428125 -0.4940625 0.315 0.423125 -0.4940625 0.315 0.423125 -0.428125 0.315 0.3571875 -0.428125 0.315 0.3571875 -0.4940625 0.315 0.3521875 -0.4940625 0.315 0.3521875 -0.428125 0.315 0.2862499 -0.428125 0.315 0.2862499 -0.4940625 0.315 0.28125 -0.4940625 0.315 0.28125 -0.428125 0.315 0.2153124 -0.428125 0.315 0.2153124 -0.4940625 0.315 0.2103124 -0.4940625 0.315 0.2103124 -0.428125 0.315 0.1443749 -0.428125 0.315 0.1443749 -0.4940625 0.315 0.1393749 -0.4940625 0.315 0.1393749 -0.428125 0.315 0.07343745 -0.428125 0.315 0.07343745 -0.4940625 0.315 0.06843745 -0.4940625 0.315 0.06843745 -0.428125 0.315 0.002499938 -0.428125 0.315 0.002499938 -0.4940625 0.315 -0.002499997 -0.4940625 0.315 -0.002499997 -0.428125 0.315 -0.06843751 -0.428125 0.315 -0.06843751 -0.4940625 0.315 -0.07343751 -0.4940625 0.315 -0.07343751 -0.428125 0.315 -0.139375 -0.428125 0.315 -0.139375 -0.4940625 0.315 -0.144375 -0.4940625 0.315 -0.144375 -0.428125 0.315 -0.2103125 -0.428125 0.315 -0.2103125 -0.4940625 0.315 -0.2153125 -0.4940625 0.315 -0.2153125 -0.428125 0.315 -0.28125 -0.428125 0.315 -0.28125 -0.4940625 0.315 -0.28625 -0.4940625 0.315 -0.28625 -0.428125 0.315 -0.3521875 -0.428125 0.315 -0.3521875 -0.4940625 0.315 -0.3571875 -0.4940625 0.315 -0.3571875 -0.428125 0.315 -0.423125 -0.428125 0.315 -0.423125 -0.4940625 0.315 -0.428125 -0.4940625 0.315 -0.428125 -0.428125 0.315 -0.4940625 -0.428125 0.315 -0.4940625 -0.4940625 0.315 0.565 -0.423125 0.315 0.565 -0.3571875 0.315 0.4990625 -0.3571875 0.315 0.4990625 -0.423125 0.315 0.4940625 -0.423125 0.315 0.4940625 -0.3571875 0.315 0.428125 -0.3571875 0.315 0.428125 -0.423125 0.315 0.423125 -0.423125 0.315 0.423125 -0.3571875 0.315 0.3571875 -0.3571875 0.315 0.3571875 -0.423125 0.315 0.3521875 -0.423125 0.315 0.3521875 -0.3571875 0.315 0.2862499 -0.3571875 0.315 0.2862499 -0.423125 0.315 0.28125 -0.423125 0.315 0.28125 -0.3571875 0.315 0.2153124 -0.3571875 0.315 0.2153124 -0.423125 0.315 0.2103124 -0.423125 0.315 0.2103124 -0.3571875 0.315 0.1443749 -0.3571875 0.315 0.1443749 -0.423125 0.315 0.1393749 -0.423125 0.315 0.1393749 -0.3571875 0.315 0.07343745 -0.3571875 0.315 0.07343745 -0.423125 0.315 0.06843745 -0.423125 0.315 0.06843745 -0.3571875 0.315 0.002499938 -0.3571875 0.315 0.002499938 -0.423125 0.315 -0.002499997 -0.423125 0.315 -0.002499997 -0.3571875 0.315 -0.06843751 -0.3571875 0.315 -0.06843751 -0.423125 0.315 -0.07343751 -0.423125 0.315 -0.07343751 -0.3571875 0.315 -0.139375 -0.3571875 0.315 -0.139375 -0.423125 0.315 -0.144375 -0.423125 0.315 -0.144375 -0.3571875 0.315 -0.2103125 -0.3571875 0.315 -0.2103125 -0.423125 0.315 -0.2153125 -0.423125 0.315 -0.2153125 -0.3571875 0.315 -0.28125 -0.3571875 0.315 -0.28125 -0.423125 0.315 -0.28625 -0.423125 0.315 -0.28625 -0.3571875 0.315 -0.3521875 -0.3571875 0.315 -0.3521875 -0.423125 0.315 -0.3571875 -0.423125 0.315 -0.3571875 -0.3571875 0.315 -0.423125 -0.3571875 0.315 -0.423125 -0.423125 0.315 -0.428125 -0.423125 0.315 -0.428125 -0.3571875 0.315 -0.4940625 -0.3571875 0.315 -0.4940625 -0.423125 0.315 0.565 -0.3521875 0.315 0.565 -0.28625 0.315 0.4990625 -0.28625 0.315 0.4990625 -0.3521875 0.315 0.4940625 -0.3521875 0.315 0.4940625 -0.28625 0.315 0.428125 -0.28625 0.315 0.428125 -0.3521875 0.315 0.423125 -0.3521875 0.315 0.423125 -0.28625 0.315 0.3571875 -0.28625 0.315 0.3571875 -0.3521875 0.315 0.3521875 -0.3521875 0.315 0.3521875 -0.28625 0.315 0.2862499 -0.28625 0.315 0.2862499 -0.3521875 0.315 0.28125 -0.3521875 0.315 0.28125 -0.28625 0.315 0.2153124 -0.28625 0.315 0.2153124 -0.3521875 0.315 0.2103124 -0.3521875 0.315 0.2103124 -0.28625 0.315 0.1443749 -0.28625 0.315 0.1443749 -0.3521875 0.315 0.1393749 -0.3521875 0.315 0.1393749 -0.28625 0.315 0.07343745 -0.28625 0.315 0.07343745 -0.3521875 0.315 0.06843745 -0.3521875 0.315 0.06843745 -0.28625 0.315 0.002499938 -0.28625 0.315 0.002499938 -0.3521875 0.315 -0.002499997 -0.3521875 0.315 -0.002499997 -0.28625 0.315 -0.06843751 -0.28625 0.315 -0.06843751 -0.3521875 0.315 -0.07343751 -0.3521875 0.315 -0.07343751 -0.28625 0.315 -0.139375 -0.28625 0.315 -0.139375 -0.3521875 0.315 -0.144375 -0.3521875 0.315 -0.144375 -0.28625 0.315 -0.2103125 -0.28625 0.315 -0.2103125 -0.3521875 0.315 -0.2153125 -0.3521875 0.315 -0.2153125 -0.28625 0.315 -0.28125 -0.28625 0.315 -0.28125 -0.3521875 0.315 -0.28625 -0.3521875 0.315 -0.28625 -0.28625 0.315 -0.3521875 -0.28625 0.315 -0.3521875 -0.3521875 0.315 -0.3571875 -0.3521875 0.315 -0.3571875 -0.28625 0.315 -0.423125 -0.28625 0.315 -0.423125 -0.3521875 0.315 -0.428125 -0.3521875 0.315 -0.428125 -0.28625 0.315 -0.4940625 -0.28625 0.315 -0.4940625 -0.3521875 0.315 0.565 -0.28125 0.315 0.565 -0.2153125 0.315 0.4990625 -0.2153125 0.315 0.4990625 -0.28125 0.315 0.4940625 -0.28125 0.315 0.4940625 -0.2153125 0.315 0.428125 -0.2153125 0.315 0.428125 -0.28125 0.315 0.423125 -0.28125 0.315 0.423125 -0.2153125 0.315 0.3571875 -0.2153125 0.315 0.3571875 -0.28125 0.315 0.3521875 -0.28125 0.315 0.3521875 -0.2153125 0.315 0.2862499 -0.2153125 0.315 0.2862499 -0.28125 0.315 0.28125 -0.28125 0.315 0.28125 -0.2153125 0.315 0.2153124 -0.2153125 0.315 0.2153124 -0.28125 0.315 0.2103124 -0.28125 0.315 0.2103124 -0.2153125 0.315 0.1443749 -0.2153125 0.315 0.1443749 -0.28125 0.315 0.1393749 -0.28125 0.315 0.1393749 -0.2153125 0.315 0.07343745 -0.2153125 0.315 0.07343745 -0.28125 0.315 0.06843745 -0.28125 0.315 0.06843745 -0.2153125 0.315 0.002499938 -0.2153125 0.315 0.002499938 -0.28125 0.315 -0.002499997 -0.28125 0.315 -0.002499997 -0.2153125 0.315 -0.06843751 -0.2153125 0.315 -0.06843751 -0.28125 0.315 -0.07343751 -0.28125 0.315 -0.07343751 -0.2153125 0.315 -0.139375 -0.2153125 0.315 -0.139375 -0.28125 0.315 -0.144375 -0.28125 0.315 -0.144375 -0.2153125 0.315 -0.2103125 -0.2153125 0.315 -0.2103125 -0.28125 0.315 -0.2153125 -0.28125 0.315 -0.2153125 -0.2153125 0.315 -0.28125 -0.2153125 0.315 -0.28125 -0.28125 0.315 -0.28625 -0.28125 0.315 -0.28625 -0.2153125 0.315 -0.3521875 -0.2153125 0.315 -0.3521875 -0.28125 0.315 -0.3571875 -0.28125 0.315 -0.3571875 -0.2153125 0.315 -0.423125 -0.2153125 0.315 -0.423125 -0.28125 0.315 -0.428125 -0.28125 0.315 -0.428125 -0.2153125 0.315 -0.4940625 -0.2153125 0.315 -0.4940625 -0.28125 0.315 0.565 -0.2103125 0.315 0.565 -0.144375 0.315 0.4990625 -0.144375 0.315 0.4990625 -0.2103125 0.315 0.4940625 -0.2103125 0.315 0.4940625 -0.144375 0.315 0.428125 -0.144375 0.315 0.428125 -0.2103125 0.315 0.423125 -0.2103125 0.315 0.423125 -0.144375 0.315 0.3571875 -0.144375 0.315 0.3571875 -0.2103125 0.315 0.3521875 -0.2103125 0.315 0.3521875 -0.144375 0.315 0.2862499 -0.144375 0.315 0.2862499 -0.2103125 0.315 0.28125 -0.2103125 0.315 0.28125 -0.144375 0.315 0.2153124 -0.144375 0.315 0.2153124 -0.2103125 0.315 0.2103124 -0.2103125 0.315 0.2103124 -0.144375 0.315 0.1443749 -0.144375 0.315 0.1443749 -0.2103125 0.315 0.1393749 -0.2103125 0.315 0.1393749 -0.144375 0.315 0.07343745 -0.144375 0.315 0.07343745 -0.2103125 0.315 0.06843745 -0.2103125 0.315 0.06843745 -0.144375 0.315 0.002499938 -0.144375 0.315 0.002499938 -0.2103125 0.315 -0.002499997 -0.2103125 0.315 -0.002499997 -0.144375 0.315 -0.06843751 -0.144375 0.315 -0.06843751 -0.2103125 0.315 -0.07343751 -0.2103125 0.315 -0.07343751 -0.144375 0.315 -0.139375 -0.144375 0.315 -0.139375 -0.2103125 0.315 -0.144375 -0.2103125 0.315 -0.144375 -0.144375 0.315 -0.2103125 -0.144375 0.315 -0.2103125 -0.2103125 0.315 -0.2153125 -0.2103125 0.315 -0.2153125 -0.144375 0.315 -0.28125 -0.144375 0.315 -0.28125 -0.2103125 0.315 -0.28625 -0.2103125 0.315 -0.28625 -0.144375 0.315 -0.3521875 -0.144375 0.315 -0.3521875 -0.2103125 0.315 -0.3571875 -0.2103125 0.315 -0.3571875 -0.144375 0.315 -0.423125 -0.144375 0.315 -0.423125 -0.2103125 0.315 -0.428125 -0.2103125 0.315 -0.428125 -0.144375 0.315 -0.4940625 -0.144375 0.315 -0.4940625 -0.2103125 0.315 0.565 -0.139375 0.315 0.565 -0.07343751 0.315 0.4990625 -0.07343751 0.315 0.4990625 -0.139375 0.315 0.4940625 -0.139375 0.315 0.4940625 -0.07343751 0.315 0.428125 -0.07343751 0.315 0.428125 -0.139375 0.315 0.423125 -0.139375 0.315 0.423125 -0.07343751 0.315 0.3571875 -0.07343751 0.315 0.3571875 -0.139375 0.315 0.3521875 -0.139375 0.315 0.3521875 -0.07343751 0.315 0.2862499 -0.07343751 0.315 0.2862499 -0.139375 0.315 0.28125 -0.139375 0.315 0.28125 -0.07343751 0.315 0.2153124 -0.07343751 0.315 0.2153124 -0.139375 0.315 0.2103124 -0.139375 0.315 0.2103124 -0.07343751 0.315 0.1443749 -0.07343751 0.315 0.1443749 -0.139375 0.315 0.1393749 -0.139375 0.315 0.1393749 -0.07343751 0.315 0.07343745 -0.07343751 0.315 0.07343745 -0.139375 0.315 0.06843745 -0.139375 0.315 0.06843745 -0.07343751 0.315 0.002499938 -0.07343751 0.315 0.002499938 -0.139375 0.315 -0.002499997 -0.139375 0.315 -0.002499997 -0.07343751 0.315 -0.06843751 -0.07343751 0.315 -0.06843751 -0.139375 0.315 -0.07343751 -0.139375 0.315 -0.07343751 -0.07343751 0.315 -0.139375 -0.07343751 0.315 -0.139375 -0.139375 0.315 -0.144375 -0.139375 0.315 -0.144375 -0.07343751 0.315 -0.2103125 -0.07343751 0.315 -0.2103125 -0.139375 0.315 -0.2153125 -0.139375 0.315 -0.2153125 -0.07343751 0.315 -0.28125 -0.07343751 0.315 -0.28125 -0.139375 0.315 -0.28625 -0.139375 0.315 -0.28625 -0.07343751 0.315 -0.3521875 -0.07343751 0.315 -0.3521875 -0.139375 0.315 -0.3571875 -0.139375 0.315 -0.3571875 -0.07343751 0.315 -0.423125 -0.07343751 0.315 -0.423125 -0.139375 0.315 -0.428125 -0.139375 0.315 -0.428125 -0.07343751 0.315 -0.4940625 -0.07343751 0.315 -0.4940625 -0.139375 0.315 0.565 -0.06843751 0.315 0.565 -0.002499997 0.315 0.4990625 -0.002499997 0.315 0.4990625 -0.06843751 0.315 0.4940625 -0.06843751 0.315 0.4940625 -0.002499997 0.315 0.428125 -0.002499997 0.315 0.428125 -0.06843751 0.315 0.423125 -0.06843751 0.315 0.423125 -0.002499997 0.315 0.3571875 -0.002499997 0.315 0.3571875 -0.06843751 0.315 0.3521875 -0.06843751 0.315 0.3521875 -0.002499997 0.315 0.2862499 -0.002499997 0.315 0.2862499 -0.06843751 0.315 0.28125 -0.06843751 0.315 0.28125 -0.002499997 0.315 0.2153124 -0.002499997 0.315 0.2153124 -0.06843751 0.315 0.2103124 -0.06843751 0.315 0.2103124 -0.002499997 0.315 0.1443749 -0.002499997 0.315 0.1443749 -0.06843751 0.315 0.1393749 -0.06843751 0.315 0.1393749 -0.002499997 0.315 0.07343745 -0.002499997 0.315 0.07343745 -0.06843751 0.315 0.06843745 -0.06843751 0.315 0.06843745 -0.002499997 0.315 0.002499938 -0.002499997 0.315 0.002499938 -0.06843751 0.315 -0.002499997 -0.06843751 0.315 -0.002499997 -0.002499997 0.315 -0.06843751 -0.002499997 0.315 -0.06843751 -0.06843751 0.315 -0.07343751 -0.06843751 0.315 -0.07343751 -0.002499997 0.315 -0.139375 -0.002499997 0.315 -0.139375 -0.06843751 0.315 -0.144375 -0.06843751 0.315 -0.144375 -0.002499997 0.315 -0.2103125 -0.002499997 0.315 -0.2103125 -0.06843751 0.315 -0.2153125 -0.06843751 0.315 -0.2153125 -0.002499997 0.315 -0.28125 -0.002499997 0.315 -0.28125 -0.06843751 0.315 -0.28625 -0.06843751 0.315 -0.28625 -0.002499997 0.315 -0.3521875 -0.002499997 0.315 -0.3521875 -0.06843751 0.315 -0.3571875 -0.06843751 0.315 -0.3571875 -0.002499997 0.315 -0.423125 -0.002499997 0.315 -0.423125 -0.06843751 0.315 -0.428125 -0.06843751 0.315 -0.428125 -0.002499997 0.315 -0.4940625 -0.002499997 0.315 -0.4940625 -0.06843751 0.315 0.565 0.002499938 0.315 0.565 0.06843745 0.315 0.4990625 0.06843745 0.315 0.4990625 0.002499938 0.315 0.4940625 0.002499938 0.315 0.4940625 0.06843745 0.315 0.428125 0.06843745 0.315 0.428125 0.002499938 0.315 0.423125 0.002499938 0.315 0.423125 0.06843745 0.315 0.3571875 0.06843745 0.315 0.3571875 0.002499938 0.315 0.3521875 0.002499938 0.315 0.3521875 0.06843745 0.315 0.2862499 0.06843745 0.315 0.2862499 0.002499938 0.315 0.28125 0.002499938 0.315 0.28125 0.06843745 0.315 0.2153124 0.06843745 0.315 0.2153124 0.002499938 0.315 0.2103124 0.002499938 0.315 0.2103124 0.06843745 0.315 0.1443749 0.06843745 0.315 0.1443749 0.002499938 0.315 0.1393749 0.002499938 0.315 0.1393749 0.06843745 0.315 0.07343745 0.06843745 0.315 0.07343745 0.002499938 0.315 0.06843745 0.002499938 0.315 0.06843745 0.06843745 0.315 0.002499938 0.06843745 0.315 0.002499938 0.002499938 0.315 -0.002499997 0.002499938 0.315 -0.002499997 0.06843745 0.315 -0.06843751 0.06843745 0.315 -0.06843751 0.002499938 0.315 -0.07343751 0.002499938 0.315 -0.07343751 0.06843745 0.315 -0.139375 0.06843745 0.315 -0.139375 0.002499938 0.315 -0.144375 0.002499938 0.315 -0.144375 0.06843745 0.315 -0.2103125 0.06843745 0.315 -0.2103125 0.002499938 0.315 -0.2153125 0.002499938 0.315 -0.2153125 0.06843745 0.315 -0.28125 0.06843745 0.315 -0.28125 0.002499938 0.315 -0.28625 0.002499938 0.315 -0.28625 0.06843745 0.315 -0.3521875 0.06843745 0.315 -0.3521875 0.002499938 0.315 -0.3571875 0.002499938 0.315 -0.3571875 0.06843745 0.315 -0.423125 0.06843745 0.315 -0.423125 0.002499938 0.315 -0.428125 0.002499938 0.315 -0.428125 0.06843745 0.315 -0.4940625 0.06843745 0.315 -0.4940625 0.002499938 0.315 0.565 0.07343745 0.315 0.565 0.1393749 0.315 0.4990625 0.1393749 0.315 0.4990625 0.07343745 0.315 0.4940625 0.07343745 0.315 0.4940625 0.1393749 0.315 0.428125 0.1393749 0.315 0.428125 0.07343745 0.315 0.423125 0.07343745 0.315 0.423125 0.1393749 0.315 0.3571875 0.1393749 0.315 0.3571875 0.07343745 0.315 0.3521875 0.07343745 0.315 0.3521875 0.1393749 0.315 0.2862499 0.1393749 0.315 0.2862499 0.07343745 0.315 0.28125 0.07343745 0.315 0.28125 0.1393749 0.315 0.2153124 0.1393749 0.315 0.2153124 0.07343745 0.315 0.2103124 0.07343745 0.315 0.2103124 0.1393749 0.315 0.1443749 0.1393749 0.315 0.1443749 0.07343745 0.315 0.1393749 0.07343745 0.315 0.1393749 0.1393749 0.315 0.07343745 0.1393749 0.315 0.07343745 0.07343745 0.315 0.06843745 0.07343745 0.315 0.06843745 0.1393749 0.315 0.002499938 0.1393749 0.315 0.002499938 0.07343745 0.315 -0.002499997 0.07343745 0.315 -0.002499997 0.1393749 0.315 -0.06843751 0.1393749 0.315 -0.06843751 0.07343745 0.315 -0.07343751 0.07343745 0.315 -0.07343751 0.1393749 0.315 -0.139375 0.1393749 0.315 -0.139375 0.07343745 0.315 -0.144375 0.07343745 0.315 -0.144375 0.1393749 0.315 -0.2103125 0.1393749 0.315 -0.2103125 0.07343745 0.315 -0.2153125 0.07343745 0.315 -0.2153125 0.1393749 0.315 -0.28125 0.1393749 0.315 -0.28125 0.07343745 0.315 -0.28625 0.07343745 0.315 -0.28625 0.1393749 0.315 -0.3521875 0.1393749 0.315 -0.3521875 0.07343745 0.315 -0.3571875 0.07343745 0.315 -0.3571875 0.1393749 0.315 -0.423125 0.1393749 0.315 -0.423125 0.07343745 0.315 -0.428125 0.07343745 0.315 -0.428125 0.1393749 0.315 -0.4940625 0.1393749 0.315 -0.4940625 0.07343745 0.315 0.565 0.1443749 0.315 0.565 0.2103124 0.315 0.4990625 0.2103124 0.315 0.4990625 0.1443749 0.315 0.4940625 0.1443749 0.315 0.4940625 0.2103124 0.315 0.428125 0.2103124 0.315 0.428125 0.1443749 0.315 0.423125 0.1443749 0.315 0.423125 0.2103124 0.315 0.3571875 0.2103124 0.315 0.3571875 0.1443749 0.315 0.3521875 0.1443749 0.315 0.3521875 0.2103124 0.315 0.2862499 0.2103124 0.315 0.2862499 0.1443749 0.315 0.28125 0.1443749 0.315 0.28125 0.2103124 0.315 0.2153124 0.2103124 0.315 0.2153124 0.1443749 0.315 0.2103124 0.1443749 0.315 0.2103124 0.2103124 0.315 0.1443749 0.2103124 0.315 0.1443749 0.1443749 0.315 0.1393749 0.1443749 0.315 0.1393749 0.2103124 0.315 0.07343745 0.2103124 0.315 0.07343745 0.1443749 0.315 0.06843745 0.1443749 0.315 0.06843745 0.2103124 0.315 0.002499938 0.2103124 0.315 0.002499938 0.1443749 0.315 -0.002499997 0.1443749 0.315 -0.002499997 0.2103124 0.315 -0.06843751 0.2103124 0.315 -0.06843751 0.1443749 0.315 -0.07343751 0.1443749 0.315 -0.07343751 0.2103124 0.315 -0.139375 0.2103124 0.315 -0.139375 0.1443749 0.315 -0.144375 0.1443749 0.315 -0.144375 0.2103124 0.315 -0.2103125 0.2103124 0.315 -0.2103125 0.1443749 0.315 -0.2153125 0.1443749 0.315 -0.2153125 0.2103124 0.315 -0.28125 0.2103124 0.315 -0.28125 0.1443749 0.315 -0.28625 0.1443749 0.315 -0.28625 0.2103124 0.315 -0.3521875 0.2103124 0.315 -0.3521875 0.1443749 0.315 -0.3571875 0.1443749 0.315 -0.3571875 0.2103124 0.315 -0.423125 0.2103124 0.315 -0.423125 0.1443749 0.315 -0.428125 0.1443749 0.315 -0.428125 0.2103124 0.315 -0.4940625 0.2103124 0.315 -0.4940625 0.1443749 0.315 0.565 0.2153124 0.315 0.565 0.28125 0.315 0.4990625 0.28125 0.315 0.4990625 0.2153124 0.315 0.4940625 0.2153124 0.315 0.4940625 0.28125 0.315 0.428125 0.28125 0.315 0.428125 0.2153124 0.315 0.423125 0.2153124 0.315 0.423125 0.28125 0.315 0.3571875 0.28125 0.315 0.3571875 0.2153124 0.315 0.3521875 0.2153124 0.315 0.3521875 0.28125 0.315 0.2862499 0.28125 0.315 0.2862499 0.2153124 0.315 0.28125 0.2153124 0.315 0.28125 0.28125 0.315 0.2153124 0.28125 0.315 0.2153124 0.2153124 0.315 0.2103124 0.2153124 0.315 0.2103124 0.28125 0.315 0.1443749 0.28125 0.315 0.1443749 0.2153124 0.315 0.1393749 0.2153124 0.315 0.1393749 0.28125 0.315 0.07343745 0.28125 0.315 0.07343745 0.2153124 0.315 0.06843745 0.2153124 0.315 0.06843745 0.28125 0.315 0.002499938 0.28125 0.315 0.002499938 0.2153124 0.315 -0.002499997 0.2153124 0.315 -0.002499997 0.28125 0.315 -0.06843751 0.28125 0.315 -0.06843751 0.2153124 0.315 -0.07343751 0.2153124 0.315 -0.07343751 0.28125 0.315 -0.139375 0.28125 0.315 -0.139375 0.2153124 0.315 -0.144375 0.2153124 0.315 -0.144375 0.28125 0.315 -0.2103125 0.28125 0.315 -0.2103125 0.2153124 0.315 -0.2153125 0.2153124 0.315 -0.2153125 0.28125 0.315 -0.28125 0.28125 0.315 -0.28125 0.2153124 0.315 -0.28625 0.2153124 0.315 -0.28625 0.28125 0.315 -0.3521875 0.28125 0.315 -0.3521875 0.2153124 0.315 -0.3571875 0.2153124 0.315 -0.3571875 0.28125 0.315 -0.423125 0.28125 0.315 -0.423125 0.2153124 0.315 -0.428125 0.2153124 0.315 -0.428125 0.28125 0.315 -0.4940625 0.28125 0.315 -0.4940625 0.2153124 0.315 0.565 0.2862499 0.315 0.565 0.3521875 0.315 0.4990625 0.3521875 0.315 0.4990625 0.2862499 0.315 0.4940625 0.2862499 0.315 0.4940625 0.3521875 0.315 0.428125 0.3521875 0.315 0.428125 0.2862499 0.315 0.423125 0.2862499 0.315 0.423125 0.3521875 0.315 0.3571875 0.3521875 0.315 0.3571875 0.2862499 0.315 0.3521875 0.2862499 0.315 0.3521875 0.3521875 0.315 0.2862499 0.3521875 0.315 0.2862499 0.2862499 0.315 0.28125 0.2862499 0.315 0.28125 0.3521875 0.315 0.2153124 0.3521875 0.315 0.2153124 0.2862499 0.315 0.2103124 0.2862499 0.315 0.2103124 0.3521875 0.315 0.1443749 0.3521875 0.315 0.1443749 0.2862499 0.315 0.1393749 0.2862499 0.315 0.1393749 0.3521875 0.315 0.07343745 0.3521875 0.315 0.07343745 0.2862499 0.315 0.06843745 0.2862499 0.315 0.06843745 0.3521875 0.315 0.002499938 0.3521875 0.315 0.002499938 0.2862499 0.315 -0.002499997 0.2862499 0.315 -0.002499997 0.3521875 0.315 -0.06843751 0.3521875 0.315 -0.06843751 0.2862499 0.315 -0.07343751 0.2862499 0.315 -0.07343751 0.3521875 0.315 -0.139375 0.3521875 0.315 -0.139375 0.2862499 0.315 -0.144375 0.2862499 0.315 -0.144375 0.3521875 0.315 -0.2103125 0.3521875 0.315 -0.2103125 0.2862499 0.315 -0.2153125 0.2862499 0.315 -0.2153125 0.3521875 0.315 -0.28125 0.3521875 0.315 -0.28125 0.2862499 0.315 -0.28625 0.2862499 0.315 -0.28625 0.3521875 0.315 -0.3521875 0.3521875 0.315 -0.3521875 0.2862499 0.315 -0.3571875 0.2862499 0.315 -0.3571875 0.3521875 0.315 -0.423125 0.3521875 0.315 -0.423125 0.2862499 0.315 -0.428125 0.2862499 0.315 -0.428125 0.3521875 0.315 -0.4940625 0.3521875 0.315 -0.4940625 0.2862499 0.315 0.565 0.3571875 0.315 0.565 0.423125 0.315 0.4990625 0.423125 0.315 0.4990625 0.3571875 0.315 0.4940625 0.3571875 0.315 0.4940625 0.423125 0.315 0.428125 0.423125 0.315 0.428125 0.3571875 0.315 0.423125 0.3571875 0.315 0.423125 0.423125 0.315 0.3571875 0.423125 0.315 0.3571875 0.3571875 0.315 0.3521875 0.3571875 0.315 0.3521875 0.423125 0.315 0.2862499 0.423125 0.315 0.2862499 0.3571875 0.315 0.28125 0.3571875 0.315 0.28125 0.423125 0.315 0.2153124 0.423125 0.315 0.2153124 0.3571875 0.315 0.2103124 0.3571875 0.315 0.2103124 0.423125 0.315 0.1443749 0.423125 0.315 0.1443749 0.3571875 0.315 0.1393749 0.3571875 0.315 0.1393749 0.423125 0.315 0.07343745 0.423125 0.315 0.07343745 0.3571875 0.315 0.06843745 0.3571875 0.315 0.06843745 0.423125 0.315 0.002499938 0.423125 0.315 0.002499938 0.3571875 0.315 -0.002499997 0.3571875 0.315 -0.002499997 0.423125 0.315 -0.06843751 0.423125 0.315 -0.06843751 0.3571875 0.315 -0.07343751 0.3571875 0.315 -0.07343751 0.423125 0.315 -0.139375 0.423125 0.315 -0.139375 0.3571875 0.315 -0.144375 0.3571875 0.315 -0.144375 0.423125 0.315 -0.2103125 0.423125 0.315 -0.2103125 0.3571875 0.315 -0.2153125 0.3571875 0.315 -0.2153125 0.423125 0.315 -0.28125 0.423125 0.315 -0.28125 0.3571875 0.315 -0.28625 0.3571875 0.315 -0.28625 0.423125 0.315 -0.3521875 0.423125 0.315 -0.3521875 0.3571875 0.315 -0.3571875 0.3571875 0.315 -0.3571875 0.423125 0.315 -0.423125 0.423125 0.315 -0.423125 0.3571875 0.315 -0.428125 0.3571875 0.315 -0.428125 0.423125 0.315 -0.4940625 0.423125 0.315 -0.4940625 0.3571875 0.315 0.565 0.428125 0.315 0.565 0.4940625 0.315 0.4990625 0.4940625 0.315 0.4990625 0.428125 0.315 0.4940625 0.428125 0.315 0.4940625 0.4940625 0.315 0.428125 0.4940625 0.315 0.428125 0.428125 0.315 0.423125 0.428125 0.315 0.423125 0.4940625 0.315 0.3571875 0.4940625 0.315 0.3571875 0.428125 0.315 0.3521875 0.428125 0.315 0.3521875 0.4940625 0.315 0.2862499 0.4940625 0.315 0.2862499 0.428125 0.315 0.28125 0.428125 0.315 0.28125 0.4940625 0.315 0.2153124 0.4940625 0.315 0.2153124 0.428125 0.315 0.2103124 0.428125 0.315 0.2103124 0.4940625 0.315 0.1443749 0.4940625 0.315 0.1443749 0.428125 0.315 0.1393749 0.428125 0.315 0.1393749 0.4940625 0.315 0.07343745 0.4940625 0.315 0.07343745 0.428125 0.315 0.06843745 0.428125 0.315 0.06843745 0.4940625 0.315 0.002499938 0.4940625 0.315 0.002499938 0.428125 0.315 -0.002499997 0.428125 0.315 -0.002499997 0.4940625 0.315 -0.06843751 0.4940625 0.315 -0.06843751 0.428125 0.315 -0.07343751 0.428125 0.315 -0.07343751 0.4940625 0.315 -0.139375 0.4940625 0.315 -0.139375 0.428125 0.315 -0.144375 0.428125 0.315 -0.144375 0.4940625 0.315 -0.2103125 0.4940625 0.315 -0.2103125 0.428125 0.315 -0.2153125 0.428125 0.315 -0.2153125 0.4940625 0.315 -0.28125 0.4940625 0.315 -0.28125 0.428125 0.315 -0.28625 0.428125 0.315 -0.28625 0.4940625 0.315 -0.3521875 0.4940625 0.315 -0.3521875 0.428125 0.315 -0.3571875 0.428125 0.315 -0.3571875 0.4940625 0.315 -0.423125 0.4940625 0.315 -0.423125 0.428125 0.315 -0.428125 0.428125 0.315 -0.428125 0.4940625 0.315 -0.4940625 0.4940625 0.315 -0.4940625 0.428125 0.315 0.565 0.4990625 0.315 0.565 0.565 0.315 0.4990625 0.565 0.315 0.4990625 0.4990625 0.315 0.4940625 0.4990625 0.315 0.4940625 0.565 0.315 0.428125 0.565 0.315 0.428125 0.4990625 0.315 0.423125 0.4990625 0.315 0.423125 0.565 0.315 0.3571875 0.565 0.315 0.3571875 0.4990625 0.315 0.3521875 0.4990625 0.315 0.3521875 0.565 0.315 0.28625 0.565 0.315 0.2862499 0.4990625 0.315 0.28125 0.4990625 0.315 0.28125 0.565 0.315 0.2153125 0.565 0.315 0.2153124 0.4990625 0.315 0.2103124 0.4990625 0.315 0.2103125 0.565 0.315 0.144375 0.565 0.315 0.1443749 0.4990625 0.315 0.1393749 0.4990625 0.315 0.139375 0.565 0.315 0.07343751 0.565 0.315 0.07343745 0.4990625 0.315 0.06843745 0.4990625 0.315 0.06843751 0.565 0.315 0.002499997 0.565 0.315 0.002499938 0.4990625 0.315 -0.002499997 0.4990625 0.315 -0.002499938 0.565 0.315 -0.06843745 0.565 0.315 -0.06843751 0.4990625 0.315 -0.07343751 0.4990625 0.315 -0.07343745 0.565 0.315 -0.1393749 0.565 0.315 -0.139375 0.4990625 0.315 -0.144375 0.4990625 0.315 -0.1443749 0.565 0.315 -0.2103124 0.565 0.315 -0.2103125 0.4990625 0.315 -0.2153125 0.4990625 0.315 -0.2153124 0.565 0.315 -0.28125 0.565 0.315 -0.28125 0.4990625 0.315 -0.28625 0.4990625 0.315 -0.2862499 0.565 0.315 -0.3521875 0.565 0.315 -0.3521875 0.4990625 0.315 -0.3571875 0.4990625 0.315 -0.3571875 0.565 0.315 -0.423125 0.565 0.315 -0.423125 0.4990625 0.315 -0.428125 0.4990625 0.315 -0.428125 0.565 0.315 -0.4940625 0.565 0.315 -0.4940625 0.4990625 0.315 -0.615 0.615 0 -0.615 -0.615 0 0.615 0.615 0 0.615 -0.615 0 0.565 -0.4990625 0.325 0.565 -0.565 0.325 0.4990625 -0.565 0.325 0.4990625 0.565 0.325 0.565 0.565 0.325 -0.565 -0.4990625 0.325 -0.565 -0.565 0.325 0.565 0.4990625 0.325 0.565 0.4940625 0.325 0.565 0.428125 0.325 0.565 0.423125 0.325 0.565 0.3571875 0.325 0.565 0.3521875 0.325 0.565 0.2862499 0.325 0.565 0.28125 0.325 0.565 0.2153124 0.325 0.565 0.2103124 0.325 0.565 0.1443749 0.325 0.565 0.1393749 0.325 0.565 0.07343745 0.325 0.565 0.06843745 0.325 0.565 0.002499938 0.325 0.565 -0.002499997 0.325 0.565 -0.06843751 0.325 0.565 -0.07343751 0.325 0.565 -0.139375 0.325 0.565 -0.144375 0.325 0.565 -0.2103125 0.325 0.565 -0.2153125 0.325 0.565 -0.28125 0.325 0.565 -0.28625 0.325 0.565 -0.3521875 0.325 0.565 -0.3571875 0.325 0.565 -0.423125 0.325 0.565 -0.428125 0.325 0.565 -0.4940625 0.325 -0.4990625 -0.565 0.325 -0.4940625 -0.565 0.325 -0.428125 -0.565 0.325 -0.423125 -0.565 0.325 -0.3571875 -0.565 0.325 -0.3521875 -0.565 0.325 -0.2862499 -0.565 0.325 -0.28125 -0.565 0.325 -0.2153124 -0.565 0.325 -0.2103124 -0.565 0.325 -0.1443749 -0.565 0.325 -0.1393749 -0.565 0.325 -0.07343745 -0.565 0.325 -0.06843745 -0.565 0.325 -0.002499938 -0.565 0.325 0.002499997 -0.565 0.325 0.06843751 -0.565 0.325 0.07343751 -0.565 0.325 0.139375 -0.565 0.325 0.144375 -0.565 0.325 0.2103125 -0.565 0.325 0.2153125 -0.565 0.325 0.28125 -0.565 0.325 0.28625 -0.565 0.325 0.3521875 -0.565 0.325 0.3571875 -0.565 0.325 0.423125 -0.565 0.325 0.428125 -0.565 0.325 0.4940625 -0.565 0.325 -0.565 0.565 0.325 -0.4990625 0.565 0.325 -0.4940625 0.565 0.325 -0.428125 0.565 0.325 -0.423125 0.565 0.325 -0.3571875 0.565 0.325 -0.3521875 0.565 0.325 -0.2862499 0.565 0.325 -0.28125 0.565 0.325 -0.2153124 0.565 0.325 -0.2103124 0.565 0.325 -0.1443749 0.565 0.325 -0.1393749 0.565 0.325 -0.07343745 0.565 0.325 -0.06843745 0.565 0.325 -0.002499938 0.565 0.325 0.002499997 0.565 0.325 0.06843751 0.565 0.325 0.07343751 0.565 0.325 0.139375 0.565 0.325 0.144375 0.565 0.325 0.2103125 0.565 0.325 0.2153125 0.565 0.325 0.28125 0.565 0.325 0.28625 0.565 0.325 0.3521875 0.565 0.325 0.3571875 0.565 0.325 0.423125 0.565 0.325 0.428125 0.565 0.325 0.4940625 0.565 0.325 -0.565 0.4990625 0.325 -0.565 0.4940625 0.325 -0.565 0.428125 0.325 -0.565 0.423125 0.325 -0.565 0.3571875 0.325 -0.565 0.3521875 0.325 -0.565 0.2862499 0.325 -0.565 0.28125 0.325 -0.565 0.2153124 0.325 -0.565 0.2103124 0.325 -0.565 0.1443749 0.325 -0.565 0.1393749 0.325 -0.565 0.07343745 0.325 -0.565 0.06843745 0.325 -0.565 0.002499938 0.325 -0.565 -0.002499997 0.325 -0.565 -0.06843751 0.325 -0.565 -0.07343751 0.325 -0.565 -0.139375 0.325 -0.565 -0.144375 0.325 -0.565 -0.2103125 0.325 -0.565 -0.2153125 0.325 -0.565 -0.28125 0.325 -0.565 -0.28625 0.325 -0.565 -0.3521875 0.325 -0.565 -0.3571875 0.325 -0.565 -0.423125 0.325 -0.565 -0.428125 0.325 -0.565 -0.4940625 0.325 -0.4965625 -0.4965625 0.325 -0.5675 -0.4965625 0.325 0.5675 -0.4965625 0.325 0.4965625 -0.4965625 0.325 0.425625 -0.4965625 0.325 0.3546875 -0.4965625 0.325 0.2837499 -0.4965625 0.325 0.2128124 -0.4965625 0.325 0.1418749 -0.4965625 0.325 0.07093745 -0.4965625 0.325 0 -0.4965625 0.325 -0.07093751 -0.4965625 0.325 -0.141875 -0.4965625 0.325 -0.2128125 -0.4965625 0.325 -0.28375 -0.4965625 0.325 -0.3546875 -0.4965625 0.325 -0.425625 -0.4965625 0.325 -0.4965625 -0.425625 0.325 -0.5675 -0.425625 0.325 0.5675 -0.425625 0.325 0.4965625 -0.425625 0.325 0.425625 -0.425625 0.325 0.3546875 -0.425625 0.325 0.2837499 -0.425625 0.325 0.2128124 -0.425625 0.325 0.1418749 -0.425625 0.325 0.07093745 -0.425625 0.325 0 -0.425625 0.325 -0.07093751 -0.425625 0.325 -0.141875 -0.425625 0.325 -0.2128125 -0.425625 0.325 -0.28375 -0.425625 0.325 -0.3546875 -0.425625 0.325 -0.425625 -0.425625 0.325 -0.4965625 -0.3546875 0.325 -0.5675 -0.3546875 0.325 0.5675 -0.3546875 0.325 0.4965625 -0.3546875 0.325 0.425625 -0.3546875 0.325 0.3546875 -0.3546875 0.325 0.2837499 -0.3546875 0.325 0.2128124 -0.3546875 0.325 0.1418749 -0.3546875 0.325 0.07093745 -0.3546875 0.325 0 -0.3546875 0.325 -0.07093751 -0.3546875 0.325 -0.141875 -0.3546875 0.325 -0.2128125 -0.3546875 0.325 -0.28375 -0.3546875 0.325 -0.3546875 -0.3546875 0.325 -0.425625 -0.3546875 0.325 -0.4965625 -0.28375 0.325 -0.5675 -0.28375 0.325 0.5675 -0.28375 0.325 0.4965625 -0.28375 0.325 0.425625 -0.28375 0.325 0.3546875 -0.28375 0.325 0.2837499 -0.28375 0.325 0.2128124 -0.28375 0.325 0.1418749 -0.28375 0.325 0.07093745 -0.28375 0.325 0 -0.28375 0.325 -0.07093751 -0.28375 0.325 -0.141875 -0.28375 0.325 -0.2128125 -0.28375 0.325 -0.28375 -0.28375 0.325 -0.3546875 -0.28375 0.325 -0.425625 -0.28375 0.325 -0.4965625 -0.2128125 0.325 -0.5675 -0.2128125 0.325 0.5675 -0.2128125 0.325 0.4965625 -0.2128125 0.325 0.425625 -0.2128125 0.325 0.3546875 -0.2128125 0.325 0.2837499 -0.2128125 0.325 0.2128124 -0.2128125 0.325 0.1418749 -0.2128125 0.325 0.07093745 -0.2128125 0.325 0 -0.2128125 0.325 -0.07093751 -0.2128125 0.325 -0.141875 -0.2128125 0.325 -0.2128125 -0.2128125 0.325 -0.28375 -0.2128125 0.325 -0.3546875 -0.2128125 0.325 -0.425625 -0.2128125 0.325 -0.4965625 -0.141875 0.325 -0.5675 -0.141875 0.325 0.5675 -0.141875 0.325 0.4965625 -0.141875 0.325 0.425625 -0.141875 0.325 0.3546875 -0.141875 0.325 0.2837499 -0.141875 0.325 0.2128124 -0.141875 0.325 0.1418749 -0.141875 0.325 0.07093745 -0.141875 0.325 0 -0.141875 0.325 -0.07093751 -0.141875 0.325 -0.141875 -0.141875 0.325 -0.2128125 -0.141875 0.325 -0.28375 -0.141875 0.325 -0.3546875 -0.141875 0.325 -0.425625 -0.141875 0.325 -0.4965625 -0.07093751 0.325 -0.5675 -0.07093751 0.325 0.5675 -0.07093751 0.325 0.4965625 -0.07093751 0.325 0.425625 -0.07093751 0.325 0.3546875 -0.07093751 0.325 0.2837499 -0.07093751 0.325 0.2128124 -0.07093751 0.325 0.1418749 -0.07093751 0.325 0.07093745 -0.07093751 0.325 0 -0.07093751 0.325 -0.07093751 -0.07093751 0.325 -0.141875 -0.07093751 0.325 -0.2128125 -0.07093751 0.325 -0.28375 -0.07093751 0.325 -0.3546875 -0.07093751 0.325 -0.425625 -0.07093751 0.325 -0.4965625 0 0.325 -0.5675 0 0.325 0.5675 0 0.325 0.4965625 0 0.325 0.425625 0 0.325 0.3546875 0 0.325 0.2837499 0 0.325 0.2128124 0 0.325 0.1418749 0 0.325 0.07093745 0 0.325 0 0 0.325 -0.07093751 0 0.325 -0.141875 0 0.325 -0.2128125 0 0.325 -0.28375 0 0.325 -0.3546875 0 0.325 -0.425625 0 0.325 -0.4965625 0.07093745 0.325 -0.5675 0.07093745 0.325 0.5675 0.07093745 0.325 0.4965625 0.07093745 0.325 0.425625 0.07093745 0.325 0.3546875 0.07093745 0.325 0.2837499 0.07093745 0.325 0.2128124 0.07093745 0.325 0.1418749 0.07093745 0.325 0.07093745 0.07093745 0.325 0 0.07093745 0.325 -0.07093751 0.07093745 0.325 -0.141875 0.07093745 0.325 -0.2128125 0.07093745 0.325 -0.28375 0.07093745 0.325 -0.3546875 0.07093745 0.325 -0.425625 0.07093745 0.325 -0.4965625 0.1418749 0.325 -0.5675 0.1418749 0.325 0.5675 0.1418749 0.325 0.4965625 0.1418749 0.325 0.425625 0.1418749 0.325 0.3546875 0.1418749 0.325 0.2837499 0.1418749 0.325 0.2128124 0.1418749 0.325 0.1418749 0.1418749 0.325 0.07093745 0.1418749 0.325 0 0.1418749 0.325 -0.07093751 0.1418749 0.325 -0.141875 0.1418749 0.325 -0.2128125 0.1418749 0.325 -0.28375 0.1418749 0.325 -0.3546875 0.1418749 0.325 -0.425625 0.1418749 0.325 -0.4965625 0.2128124 0.325 -0.5675 0.2128124 0.325 0.5675 0.2128124 0.325 0.4965625 0.2128124 0.325 0.425625 0.2128124 0.325 0.3546875 0.2128124 0.325 0.2837499 0.2128124 0.325 0.2128124 0.2128124 0.325 0.1418749 0.2128124 0.325 0.07093745 0.2128124 0.325 0 0.2128124 0.325 -0.07093751 0.2128124 0.325 -0.141875 0.2128124 0.325 -0.2128125 0.2128124 0.325 -0.28375 0.2128124 0.325 -0.3546875 0.2128124 0.325 -0.425625 0.2128124 0.325 -0.4965625 0.2837499 0.325 -0.5675 0.2837499 0.325 0.5675 0.2837499 0.325 0.4965625 0.2837499 0.325 0.425625 0.2837499 0.325 0.3546875 0.2837499 0.325 0.2837499 0.2837499 0.325 0.2128124 0.2837499 0.325 0.1418749 0.2837499 0.325 0.07093745 0.2837499 0.325 0 0.2837499 0.325 -0.07093751 0.2837499 0.325 -0.141875 0.2837499 0.325 -0.2128125 0.2837499 0.325 -0.28375 0.2837499 0.325 -0.3546875 0.2837499 0.325 -0.425625 0.2837499 0.325 -0.4965625 0.3546875 0.325 -0.5675 0.3546875 0.325 0.5675 0.3546875 0.325 0.4965625 0.3546875 0.325 0.425625 0.3546875 0.325 0.3546875 0.3546875 0.325 0.2837499 0.3546875 0.325 0.2128124 0.3546875 0.325 0.1418749 0.3546875 0.325 0.07093745 0.3546875 0.325 0 0.3546875 0.325 -0.07093751 0.3546875 0.325 -0.141875 0.3546875 0.325 -0.2128125 0.3546875 0.325 -0.28375 0.3546875 0.325 -0.3546875 0.3546875 0.325 -0.425625 0.3546875 0.325 -0.4965625 0.425625 0.325 -0.5675 0.425625 0.325 0.5675 0.425625 0.325 0.4965625 0.425625 0.325 0.425625 0.425625 0.325 0.3546875 0.425625 0.325 0.2837499 0.425625 0.325 0.2128124 0.425625 0.325 0.1418749 0.425625 0.325 0.07093745 0.425625 0.325 0 0.425625 0.325 -0.07093751 0.425625 0.325 -0.141875 0.425625 0.325 -0.2128125 0.425625 0.325 -0.28375 0.425625 0.325 -0.3546875 0.425625 0.325 -0.425625 0.425625 0.325 -0.4965625 0.4965625 0.325 -0.5675 0.4965625 0.325 0.5675 0.4965625 0.325 0.4965625 0.4965625 0.325 0.425625 0.4965625 0.325 0.3546875 0.4965625 0.325 0.2837499 0.4965625 0.325 0.2128124 0.4965625 0.325 0.1418749 0.4965625 0.325 0.07093745 0.4965625 0.325 0 0.4965625 0.325 -0.07093751 0.4965625 0.325 -0.141875 0.4965625 0.325 -0.2128125 0.4965625 0.325 -0.28375 0.4965625 0.325 -0.3546875 0.4965625 0.325 -0.425625 0.4965625 0.325 0.4965625 -0.5675 0.325 0.425625 -0.5675 0.325 0.3546875 -0.5675 0.325 0.28375 -0.5675 0.325 0.2128125 -0.5675 0.325 0.141875 -0.5675 0.325 0.07093751 -0.5675 0.325 0 -0.5675 0.325 -0.07093745 -0.5675 0.325 -0.1418749 -0.5675 0.325 -0.2128124 -0.5675 0.325 -0.2837499 -0.5675 0.325 -0.3546875 -0.5675 0.325 -0.425625 -0.5675 0.325 -0.4965625 -0.5675 0.325 0.4965625 0.5675 0.325 0.425625 0.5675 0.325 0.3546875 0.5675 0.325 0.28375 0.5675 0.325 0.2128125 0.5675 0.325 0.141875 0.5675 0.325 0.07093751 0.5675 0.325 0 0.5675 0.325 -0.07093745 0.5675 0.325 -0.1418749 0.5675 0.325 -0.2128124 0.5675 0.325 -0.2837499 0.5675 0.325 -0.3546875 0.5675 0.325 -0.425625 0.5675 0.325 -0.4965625 0.5675 0.325 -0.4990625 0.4990625 0.325 -0.5675 0.5675 0.325 -0.4990625 -0.4990625 0.325 -0.5675 -0.5675 0.325 -0.4990625 -0.428125 0.325 -0.4990625 -0.4940625 0.325 -0.4990625 -0.3571875 0.325 -0.4990625 -0.423125 0.325 -0.4990625 -0.28625 0.325 -0.4990625 -0.3521875 0.325 -0.4990625 -0.2153125 0.325 -0.4990625 -0.28125 0.325 -0.4990625 -0.144375 0.325 -0.4990625 -0.2103125 0.325 -0.4990625 -0.07343751 0.325 -0.4990625 -0.139375 0.325 -0.4990625 -0.002499997 0.325 -0.4990625 -0.06843751 0.325 -0.4990625 0.06843745 0.325 -0.4990625 0.002499938 0.325 -0.4990625 0.1393749 0.325 -0.4990625 0.07343745 0.325 -0.4990625 0.2103124 0.325 -0.4990625 0.1443749 0.325 -0.4990625 0.28125 0.325 -0.4990625 0.2153124 0.325 -0.4990625 0.3521875 0.325 -0.4990625 0.2862499 0.325 -0.4990625 0.423125 0.325 -0.4990625 0.3571875 0.325 -0.4990625 0.4940625 0.325 -0.4990625 0.428125 0.325 0.4990625 -0.4990625 0.325 0.5675 -0.5675 0.325 0.4940625 -0.4990625 0.325 0.428125 -0.4990625 0.325 0.423125 -0.4990625 0.325 0.3571875 -0.4990625 0.325 0.3521875 -0.4990625 0.325 0.2862499 -0.4990625 0.325 0.28125 -0.4990625 0.325 0.2153124 -0.4990625 0.325 0.2103124 -0.4990625 0.325 0.1443749 -0.4990625 0.325 0.1393749 -0.4990625 0.325 0.07343745 -0.4990625 0.325 0.06843745 -0.4990625 0.325 0.002499938 -0.4990625 0.325 -0.002499997 -0.4990625 0.325 -0.06843751 -0.4990625 0.325 -0.07343751 -0.4990625 0.325 -0.139375 -0.4990625 0.325 -0.144375 -0.4990625 0.325 -0.2103125 -0.4990625 0.325 -0.2153125 -0.4990625 0.325 -0.28125 -0.4990625 0.325 -0.28625 -0.4990625 0.325 -0.3521875 -0.4990625 0.325 -0.3571875 -0.4990625 0.325 -0.423125 -0.4990625 0.325 -0.428125 -0.4990625 0.325 -0.4940625 -0.4990625 0.325 0.4990625 -0.4940625 0.325 0.4990625 -0.428125 0.325 0.4940625 -0.428125 0.325 0.4940625 -0.4940625 0.325 0.428125 -0.4940625 0.325 0.428125 -0.428125 0.325 0.423125 -0.428125 0.325 0.423125 -0.4940625 0.325 0.3571875 -0.4940625 0.325 0.3571875 -0.428125 0.325 0.3521875 -0.428125 0.325 0.3521875 -0.4940625 0.325 0.2862499 -0.4940625 0.325 0.2862499 -0.428125 0.325 0.28125 -0.428125 0.325 0.28125 -0.4940625 0.325 0.2153124 -0.4940625 0.325 0.2153124 -0.428125 0.325 0.2103124 -0.428125 0.325 0.2103124 -0.4940625 0.325 0.1443749 -0.4940625 0.325 0.1443749 -0.428125 0.325 0.1393749 -0.428125 0.325 0.1393749 -0.4940625 0.325 0.07343745 -0.4940625 0.325 0.07343745 -0.428125 0.325 0.06843745 -0.428125 0.325 0.06843745 -0.4940625 0.325 0.002499938 -0.4940625 0.325 0.002499938 -0.428125 0.325 -0.002499997 -0.428125 0.325 -0.002499997 -0.4940625 0.325 -0.06843751 -0.4940625 0.325 -0.06843751 -0.428125 0.325 -0.07343751 -0.428125 0.325 -0.07343751 -0.4940625 0.325 -0.139375 -0.4940625 0.325 -0.139375 -0.428125 0.325 -0.144375 -0.428125 0.325 -0.144375 -0.4940625 0.325 -0.2103125 -0.4940625 0.325 -0.2103125 -0.428125 0.325 -0.2153125 -0.428125 0.325 -0.2153125 -0.4940625 0.325 -0.28125 -0.4940625 0.325 -0.28125 -0.428125 0.325 -0.28625 -0.428125 0.325 -0.28625 -0.4940625 0.325 -0.3521875 -0.4940625 0.325 -0.3521875 -0.428125 0.325 -0.3571875 -0.428125 0.325 -0.3571875 -0.4940625 0.325 -0.423125 -0.4940625 0.325 -0.423125 -0.428125 0.325 -0.428125 -0.428125 0.325 -0.428125 -0.4940625 0.325 -0.4940625 -0.4940625 0.325 -0.4940625 -0.428125 0.325 0.4990625 -0.423125 0.325 0.4990625 -0.3571875 0.325 0.4940625 -0.3571875 0.325 0.4940625 -0.423125 0.325 0.428125 -0.423125 0.325 0.428125 -0.3571875 0.325 0.423125 -0.3571875 0.325 0.423125 -0.423125 0.325 0.3571875 -0.423125 0.325 0.3571875 -0.3571875 0.325 0.3521875 -0.3571875 0.325 0.3521875 -0.423125 0.325 0.2862499 -0.423125 0.325 0.2862499 -0.3571875 0.325 0.28125 -0.3571875 0.325 0.28125 -0.423125 0.325 0.2153124 -0.423125 0.325 0.2153124 -0.3571875 0.325 0.2103124 -0.3571875 0.325 0.2103124 -0.423125 0.325 0.1443749 -0.423125 0.325 0.1443749 -0.3571875 0.325 0.1393749 -0.3571875 0.325 0.1393749 -0.423125 0.325 0.07343745 -0.423125 0.325 0.07343745 -0.3571875 0.325 0.06843745 -0.3571875 0.325 0.06843745 -0.423125 0.325 0.002499938 -0.423125 0.325 0.002499938 -0.3571875 0.325 -0.002499997 -0.3571875 0.325 -0.002499997 -0.423125 0.325 -0.06843751 -0.423125 0.325 -0.06843751 -0.3571875 0.325 -0.07343751 -0.3571875 0.325 -0.07343751 -0.423125 0.325 -0.139375 -0.423125 0.325 -0.139375 -0.3571875 0.325 -0.144375 -0.3571875 0.325 -0.144375 -0.423125 0.325 -0.2103125 -0.423125 0.325 -0.2103125 -0.3571875 0.325 -0.2153125 -0.3571875 0.325 -0.2153125 -0.423125 0.325 -0.28125 -0.423125 0.325 -0.28125 -0.3571875 0.325 -0.28625 -0.3571875 0.325 -0.28625 -0.423125 0.325 -0.3521875 -0.423125 0.325 -0.3521875 -0.3571875 0.325 -0.3571875 -0.3571875 0.325 -0.3571875 -0.423125 0.325 -0.423125 -0.423125 0.325 -0.423125 -0.3571875 0.325 -0.428125 -0.3571875 0.325 -0.428125 -0.423125 0.325 -0.4940625 -0.423125 0.325 -0.4940625 -0.3571875 0.325 0.4990625 -0.3521875 0.325 0.4990625 -0.28625 0.325 0.4940625 -0.28625 0.325 0.4940625 -0.3521875 0.325 0.428125 -0.3521875 0.325 0.428125 -0.28625 0.325 0.423125 -0.28625 0.325 0.423125 -0.3521875 0.325 0.3571875 -0.3521875 0.325 0.3571875 -0.28625 0.325 0.3521875 -0.28625 0.325 0.3521875 -0.3521875 0.325 0.2862499 -0.3521875 0.325 0.2862499 -0.28625 0.325 0.28125 -0.28625 0.325 0.28125 -0.3521875 0.325 0.2153124 -0.3521875 0.325 0.2153124 -0.28625 0.325 0.2103124 -0.28625 0.325 0.2103124 -0.3521875 0.325 0.1443749 -0.3521875 0.325 0.1443749 -0.28625 0.325 0.1393749 -0.28625 0.325 0.1393749 -0.3521875 0.325 0.07343745 -0.3521875 0.325 0.07343745 -0.28625 0.325 0.06843745 -0.28625 0.325 0.06843745 -0.3521875 0.325 0.002499938 -0.3521875 0.325 0.002499938 -0.28625 0.325 -0.002499997 -0.28625 0.325 -0.002499997 -0.3521875 0.325 -0.06843751 -0.3521875 0.325 -0.06843751 -0.28625 0.325 -0.07343751 -0.28625 0.325 -0.07343751 -0.3521875 0.325 -0.139375 -0.3521875 0.325 -0.139375 -0.28625 0.325 -0.144375 -0.28625 0.325 -0.144375 -0.3521875 0.325 -0.2103125 -0.3521875 0.325 -0.2103125 -0.28625 0.325 -0.2153125 -0.28625 0.325 -0.2153125 -0.3521875 0.325 -0.28125 -0.3521875 0.325 -0.28125 -0.28625 0.325 -0.28625 -0.28625 0.325 -0.28625 -0.3521875 0.325 -0.3521875 -0.3521875 0.325 -0.3521875 -0.28625 0.325 -0.3571875 -0.28625 0.325 -0.3571875 -0.3521875 0.325 -0.423125 -0.3521875 0.325 -0.423125 -0.28625 0.325 -0.428125 -0.28625 0.325 -0.428125 -0.3521875 0.325 -0.4940625 -0.3521875 0.325 -0.4940625 -0.28625 0.325 0.4990625 -0.28125 0.325 0.4990625 -0.2153125 0.325 0.4940625 -0.2153125 0.325 0.4940625 -0.28125 0.325 0.428125 -0.28125 0.325 0.428125 -0.2153125 0.325 0.423125 -0.2153125 0.325 0.423125 -0.28125 0.325 0.3571875 -0.28125 0.325 0.3571875 -0.2153125 0.325 0.3521875 -0.2153125 0.325 0.3521875 -0.28125 0.325 0.2862499 -0.28125 0.325 0.2862499 -0.2153125 0.325 0.28125 -0.2153125 0.325 0.28125 -0.28125 0.325 0.2153124 -0.28125 0.325 0.2153124 -0.2153125 0.325 0.2103124 -0.2153125 0.325 0.2103124 -0.28125 0.325 0.1443749 -0.28125 0.325 0.1443749 -0.2153125 0.325 0.1393749 -0.2153125 0.325 0.1393749 -0.28125 0.325 0.07343745 -0.28125 0.325 0.07343745 -0.2153125 0.325 0.06843745 -0.2153125 0.325 0.06843745 -0.28125 0.325 0.002499938 -0.28125 0.325 0.002499938 -0.2153125 0.325 -0.002499997 -0.2153125 0.325 -0.002499997 -0.28125 0.325 -0.06843751 -0.28125 0.325 -0.06843751 -0.2153125 0.325 -0.07343751 -0.2153125 0.325 -0.07343751 -0.28125 0.325 -0.139375 -0.28125 0.325 -0.139375 -0.2153125 0.325 -0.144375 -0.2153125 0.325 -0.144375 -0.28125 0.325 -0.2103125 -0.28125 0.325 -0.2103125 -0.2153125 0.325 -0.2153125 -0.2153125 0.325 -0.2153125 -0.28125 0.325 -0.28125 -0.28125 0.325 -0.28125 -0.2153125 0.325 -0.28625 -0.2153125 0.325 -0.28625 -0.28125 0.325 -0.3521875 -0.28125 0.325 -0.3521875 -0.2153125 0.325 -0.3571875 -0.2153125 0.325 -0.3571875 -0.28125 0.325 -0.423125 -0.28125 0.325 -0.423125 -0.2153125 0.325 -0.428125 -0.2153125 0.325 -0.428125 -0.28125 0.325 -0.4940625 -0.28125 0.325 -0.4940625 -0.2153125 0.325 0.4990625 -0.2103125 0.325 0.4990625 -0.144375 0.325 0.4940625 -0.144375 0.325 0.4940625 -0.2103125 0.325 0.428125 -0.2103125 0.325 0.428125 -0.144375 0.325 0.423125 -0.144375 0.325 0.423125 -0.2103125 0.325 0.3571875 -0.2103125 0.325 0.3571875 -0.144375 0.325 0.3521875 -0.144375 0.325 0.3521875 -0.2103125 0.325 0.2862499 -0.2103125 0.325 0.2862499 -0.144375 0.325 0.28125 -0.144375 0.325 0.28125 -0.2103125 0.325 0.2153124 -0.2103125 0.325 0.2153124 -0.144375 0.325 0.2103124 -0.144375 0.325 0.2103124 -0.2103125 0.325 0.1443749 -0.2103125 0.325 0.1443749 -0.144375 0.325 0.1393749 -0.144375 0.325 0.1393749 -0.2103125 0.325 0.07343745 -0.2103125 0.325 0.07343745 -0.144375 0.325 0.06843745 -0.144375 0.325 0.06843745 -0.2103125 0.325 0.002499938 -0.2103125 0.325 0.002499938 -0.144375 0.325 -0.002499997 -0.144375 0.325 -0.002499997 -0.2103125 0.325 -0.06843751 -0.2103125 0.325 -0.06843751 -0.144375 0.325 -0.07343751 -0.144375 0.325 -0.07343751 -0.2103125 0.325 -0.139375 -0.2103125 0.325 -0.139375 -0.144375 0.325 -0.144375 -0.144375 0.325 -0.144375 -0.2103125 0.325 -0.2103125 -0.2103125 0.325 -0.2103125 -0.144375 0.325 -0.2153125 -0.144375 0.325 -0.2153125 -0.2103125 0.325 -0.28125 -0.2103125 0.325 -0.28125 -0.144375 0.325 -0.28625 -0.144375 0.325 -0.28625 -0.2103125 0.325 -0.3521875 -0.2103125 0.325 -0.3521875 -0.144375 0.325 -0.3571875 -0.144375 0.325 -0.3571875 -0.2103125 0.325 -0.423125 -0.2103125 0.325 -0.423125 -0.144375 0.325 -0.428125 -0.144375 0.325 -0.428125 -0.2103125 0.325 -0.4940625 -0.2103125 0.325 -0.4940625 -0.144375 0.325 0.4990625 -0.139375 0.325 0.4990625 -0.07343751 0.325 0.4940625 -0.07343751 0.325 0.4940625 -0.139375 0.325 0.428125 -0.139375 0.325 0.428125 -0.07343751 0.325 0.423125 -0.07343751 0.325 0.423125 -0.139375 0.325 0.3571875 -0.139375 0.325 0.3571875 -0.07343751 0.325 0.3521875 -0.07343751 0.325 0.3521875 -0.139375 0.325 0.2862499 -0.139375 0.325 0.2862499 -0.07343751 0.325 0.28125 -0.07343751 0.325 0.28125 -0.139375 0.325 0.2153124 -0.139375 0.325 0.2153124 -0.07343751 0.325 0.2103124 -0.07343751 0.325 0.2103124 -0.139375 0.325 0.1443749 -0.139375 0.325 0.1443749 -0.07343751 0.325 0.1393749 -0.07343751 0.325 0.1393749 -0.139375 0.325 0.07343745 -0.139375 0.325 0.07343745 -0.07343751 0.325 0.06843745 -0.07343751 0.325 0.06843745 -0.139375 0.325 0.002499938 -0.139375 0.325 0.002499938 -0.07343751 0.325 -0.002499997 -0.07343751 0.325 -0.002499997 -0.139375 0.325 -0.06843751 -0.139375 0.325 -0.06843751 -0.07343751 0.325 -0.07343751 -0.07343751 0.325 -0.07343751 -0.139375 0.325 -0.139375 -0.139375 0.325 -0.139375 -0.07343751 0.325 -0.144375 -0.07343751 0.325 -0.144375 -0.139375 0.325 -0.2103125 -0.139375 0.325 -0.2103125 -0.07343751 0.325 -0.2153125 -0.07343751 0.325 -0.2153125 -0.139375 0.325 -0.28125 -0.139375 0.325 -0.28125 -0.07343751 0.325 -0.28625 -0.07343751 0.325 -0.28625 -0.139375 0.325 -0.3521875 -0.139375 0.325 -0.3521875 -0.07343751 0.325 -0.3571875 -0.07343751 0.325 -0.3571875 -0.139375 0.325 -0.423125 -0.139375 0.325 -0.423125 -0.07343751 0.325 -0.428125 -0.07343751 0.325 -0.428125 -0.139375 0.325 -0.4940625 -0.139375 0.325 -0.4940625 -0.07343751 0.325 0.4990625 -0.06843751 0.325 0.4990625 -0.002499997 0.325 0.4940625 -0.002499997 0.325 0.4940625 -0.06843751 0.325 0.428125 -0.06843751 0.325 0.428125 -0.002499997 0.325 0.423125 -0.002499997 0.325 0.423125 -0.06843751 0.325 0.3571875 -0.06843751 0.325 0.3571875 -0.002499997 0.325 0.3521875 -0.002499997 0.325 0.3521875 -0.06843751 0.325 0.2862499 -0.06843751 0.325 0.2862499 -0.002499997 0.325 0.28125 -0.002499997 0.325 0.28125 -0.06843751 0.325 0.2153124 -0.06843751 0.325 0.2153124 -0.002499997 0.325 0.2103124 -0.002499997 0.325 0.2103124 -0.06843751 0.325 0.1443749 -0.06843751 0.325 0.1443749 -0.002499997 0.325 0.1393749 -0.002499997 0.325 0.1393749 -0.06843751 0.325 0.07343745 -0.06843751 0.325 0.07343745 -0.002499997 0.325 0.06843745 -0.002499997 0.325 0.06843745 -0.06843751 0.325 0.002499938 -0.06843751 0.325 0.002499938 -0.002499997 0.325 -0.002499997 -0.002499997 0.325 -0.002499997 -0.06843751 0.325 -0.06843751 -0.06843751 0.325 -0.06843751 -0.002499997 0.325 -0.07343751 -0.002499997 0.325 -0.07343751 -0.06843751 0.325 -0.139375 -0.06843751 0.325 -0.139375 -0.002499997 0.325 -0.144375 -0.002499997 0.325 -0.144375 -0.06843751 0.325 -0.2103125 -0.06843751 0.325 -0.2103125 -0.002499997 0.325 -0.2153125 -0.002499997 0.325 -0.2153125 -0.06843751 0.325 -0.28125 -0.06843751 0.325 -0.28125 -0.002499997 0.325 -0.28625 -0.002499997 0.325 -0.28625 -0.06843751 0.325 -0.3521875 -0.06843751 0.325 -0.3521875 -0.002499997 0.325 -0.3571875 -0.002499997 0.325 -0.3571875 -0.06843751 0.325 -0.423125 -0.06843751 0.325 -0.423125 -0.002499997 0.325 -0.428125 -0.002499997 0.325 -0.428125 -0.06843751 0.325 -0.4940625 -0.06843751 0.325 -0.4940625 -0.002499997 0.325 0.4990625 0.002499938 0.325 0.4990625 0.06843745 0.325 0.4940625 0.06843745 0.325 0.4940625 0.002499938 0.325 0.428125 0.002499938 0.325 0.428125 0.06843745 0.325 0.423125 0.06843745 0.325 0.423125 0.002499938 0.325 0.3571875 0.002499938 0.325 0.3571875 0.06843745 0.325 0.3521875 0.06843745 0.325 0.3521875 0.002499938 0.325 0.2862499 0.002499938 0.325 0.2862499 0.06843745 0.325 0.28125 0.06843745 0.325 0.28125 0.002499938 0.325 0.2153124 0.002499938 0.325 0.2153124 0.06843745 0.325 0.2103124 0.06843745 0.325 0.2103124 0.002499938 0.325 0.1443749 0.002499938 0.325 0.1443749 0.06843745 0.325 0.1393749 0.06843745 0.325 0.1393749 0.002499938 0.325 0.07343745 0.002499938 0.325 0.07343745 0.06843745 0.325 0.06843745 0.06843745 0.325 0.06843745 0.002499938 0.325 0.002499938 0.002499938 0.325 0.002499938 0.06843745 0.325 -0.002499997 0.06843745 0.325 -0.002499997 0.002499938 0.325 -0.06843751 0.002499938 0.325 -0.06843751 0.06843745 0.325 -0.07343751 0.06843745 0.325 -0.07343751 0.002499938 0.325 -0.139375 0.002499938 0.325 -0.139375 0.06843745 0.325 -0.144375 0.06843745 0.325 -0.144375 0.002499938 0.325 -0.2103125 0.002499938 0.325 -0.2103125 0.06843745 0.325 -0.2153125 0.06843745 0.325 -0.2153125 0.002499938 0.325 -0.28125 0.002499938 0.325 -0.28125 0.06843745 0.325 -0.28625 0.06843745 0.325 -0.28625 0.002499938 0.325 -0.3521875 0.002499938 0.325 -0.3521875 0.06843745 0.325 -0.3571875 0.06843745 0.325 -0.3571875 0.002499938 0.325 -0.423125 0.002499938 0.325 -0.423125 0.06843745 0.325 -0.428125 0.06843745 0.325 -0.428125 0.002499938 0.325 -0.4940625 0.002499938 0.325 -0.4940625 0.06843745 0.325 0.4990625 0.07343745 0.325 0.4990625 0.1393749 0.325 0.4940625 0.1393749 0.325 0.4940625 0.07343745 0.325 0.428125 0.07343745 0.325 0.428125 0.1393749 0.325 0.423125 0.1393749 0.325 0.423125 0.07343745 0.325 0.3571875 0.07343745 0.325 0.3571875 0.1393749 0.325 0.3521875 0.1393749 0.325 0.3521875 0.07343745 0.325 0.2862499 0.07343745 0.325 0.2862499 0.1393749 0.325 0.28125 0.1393749 0.325 0.28125 0.07343745 0.325 0.2153124 0.07343745 0.325 0.2153124 0.1393749 0.325 0.2103124 0.1393749 0.325 0.2103124 0.07343745 0.325 0.1443749 0.07343745 0.325 0.1443749 0.1393749 0.325 0.1393749 0.1393749 0.325 0.1393749 0.07343745 0.325 0.07343745 0.07343745 0.325 0.07343745 0.1393749 0.325 0.06843745 0.1393749 0.325 0.06843745 0.07343745 0.325 0.002499938 0.07343745 0.325 0.002499938 0.1393749 0.325 -0.002499997 0.1393749 0.325 -0.002499997 0.07343745 0.325 -0.06843751 0.07343745 0.325 -0.06843751 0.1393749 0.325 -0.07343751 0.1393749 0.325 -0.07343751 0.07343745 0.325 -0.139375 0.07343745 0.325 -0.139375 0.1393749 0.325 -0.144375 0.1393749 0.325 -0.144375 0.07343745 0.325 -0.2103125 0.07343745 0.325 -0.2103125 0.1393749 0.325 -0.2153125 0.1393749 0.325 -0.2153125 0.07343745 0.325 -0.28125 0.07343745 0.325 -0.28125 0.1393749 0.325 -0.28625 0.1393749 0.325 -0.28625 0.07343745 0.325 -0.3521875 0.07343745 0.325 -0.3521875 0.1393749 0.325 -0.3571875 0.1393749 0.325 -0.3571875 0.07343745 0.325 -0.423125 0.07343745 0.325 -0.423125 0.1393749 0.325 -0.428125 0.1393749 0.325 -0.428125 0.07343745 0.325 -0.4940625 0.07343745 0.325 -0.4940625 0.1393749 0.325 0.4990625 0.1443749 0.325 0.4990625 0.2103124 0.325 0.4940625 0.2103124 0.325 0.4940625 0.1443749 0.325 0.428125 0.1443749 0.325 0.428125 0.2103124 0.325 0.423125 0.2103124 0.325 0.423125 0.1443749 0.325 0.3571875 0.1443749 0.325 0.3571875 0.2103124 0.325 0.3521875 0.2103124 0.325 0.3521875 0.1443749 0.325 0.2862499 0.1443749 0.325 0.2862499 0.2103124 0.325 0.28125 0.2103124 0.325 0.28125 0.1443749 0.325 0.2153124 0.1443749 0.325 0.2153124 0.2103124 0.325 0.2103124 0.2103124 0.325 0.2103124 0.1443749 0.325 0.1443749 0.1443749 0.325 0.1443749 0.2103124 0.325 0.1393749 0.2103124 0.325 0.1393749 0.1443749 0.325 0.07343745 0.1443749 0.325 0.07343745 0.2103124 0.325 0.06843745 0.2103124 0.325 0.06843745 0.1443749 0.325 0.002499938 0.1443749 0.325 0.002499938 0.2103124 0.325 -0.002499997 0.2103124 0.325 -0.002499997 0.1443749 0.325 -0.06843751 0.1443749 0.325 -0.06843751 0.2103124 0.325 -0.07343751 0.2103124 0.325 -0.07343751 0.1443749 0.325 -0.139375 0.1443749 0.325 -0.139375 0.2103124 0.325 -0.144375 0.2103124 0.325 -0.144375 0.1443749 0.325 -0.2103125 0.1443749 0.325 -0.2103125 0.2103124 0.325 -0.2153125 0.2103124 0.325 -0.2153125 0.1443749 0.325 -0.28125 0.1443749 0.325 -0.28125 0.2103124 0.325 -0.28625 0.2103124 0.325 -0.28625 0.1443749 0.325 -0.3521875 0.1443749 0.325 -0.3521875 0.2103124 0.325 -0.3571875 0.2103124 0.325 -0.3571875 0.1443749 0.325 -0.423125 0.1443749 0.325 -0.423125 0.2103124 0.325 -0.428125 0.2103124 0.325 -0.428125 0.1443749 0.325 -0.4940625 0.1443749 0.325 -0.4940625 0.2103124 0.325 0.4990625 0.2153124 0.325 0.4990625 0.28125 0.325 0.4940625 0.28125 0.325 0.4940625 0.2153124 0.325 0.428125 0.2153124 0.325 0.428125 0.28125 0.325 0.423125 0.28125 0.325 0.423125 0.2153124 0.325 0.3571875 0.2153124 0.325 0.3571875 0.28125 0.325 0.3521875 0.28125 0.325 0.3521875 0.2153124 0.325 0.2862499 0.2153124 0.325 0.2862499 0.28125 0.325 0.28125 0.28125 0.325 0.28125 0.2153124 0.325 0.2153124 0.2153124 0.325 0.2153124 0.28125 0.325 0.2103124 0.28125 0.325 0.2103124 0.2153124 0.325 0.1443749 0.2153124 0.325 0.1443749 0.28125 0.325 0.1393749 0.28125 0.325 0.1393749 0.2153124 0.325 0.07343745 0.2153124 0.325 0.07343745 0.28125 0.325 0.06843745 0.28125 0.325 0.06843745 0.2153124 0.325 0.002499938 0.2153124 0.325 0.002499938 0.28125 0.325 -0.002499997 0.28125 0.325 -0.002499997 0.2153124 0.325 -0.06843751 0.2153124 0.325 -0.06843751 0.28125 0.325 -0.07343751 0.28125 0.325 -0.07343751 0.2153124 0.325 -0.139375 0.2153124 0.325 -0.139375 0.28125 0.325 -0.144375 0.28125 0.325 -0.144375 0.2153124 0.325 -0.2103125 0.2153124 0.325 -0.2103125 0.28125 0.325 -0.2153125 0.28125 0.325 -0.2153125 0.2153124 0.325 -0.28125 0.2153124 0.325 -0.28125 0.28125 0.325 -0.28625 0.28125 0.325 -0.28625 0.2153124 0.325 -0.3521875 0.2153124 0.325 -0.3521875 0.28125 0.325 -0.3571875 0.28125 0.325 -0.3571875 0.2153124 0.325 -0.423125 0.2153124 0.325 -0.423125 0.28125 0.325 -0.428125 0.28125 0.325 -0.428125 0.2153124 0.325 -0.4940625 0.2153124 0.325 -0.4940625 0.28125 0.325 0.4990625 0.2862499 0.325 0.4990625 0.3521875 0.325 0.4940625 0.3521875 0.325 0.4940625 0.2862499 0.325 0.428125 0.2862499 0.325 0.428125 0.3521875 0.325 0.423125 0.3521875 0.325 0.423125 0.2862499 0.325 0.3571875 0.2862499 0.325 0.3571875 0.3521875 0.325 0.3521875 0.3521875 0.325 0.3521875 0.2862499 0.325 0.2862499 0.2862499 0.325 0.2862499 0.3521875 0.325 0.28125 0.3521875 0.325 0.28125 0.2862499 0.325 0.2153124 0.2862499 0.325 0.2153124 0.3521875 0.325 0.2103124 0.3521875 0.325 0.2103124 0.2862499 0.325 0.1443749 0.2862499 0.325 0.1443749 0.3521875 0.325 0.1393749 0.3521875 0.325 0.1393749 0.2862499 0.325 0.07343745 0.2862499 0.325 0.07343745 0.3521875 0.325 0.06843745 0.3521875 0.325 0.06843745 0.2862499 0.325 0.002499938 0.2862499 0.325 0.002499938 0.3521875 0.325 -0.002499997 0.3521875 0.325 -0.002499997 0.2862499 0.325 -0.06843751 0.2862499 0.325 -0.06843751 0.3521875 0.325 -0.07343751 0.3521875 0.325 -0.07343751 0.2862499 0.325 -0.139375 0.2862499 0.325 -0.139375 0.3521875 0.325 -0.144375 0.3521875 0.325 -0.144375 0.2862499 0.325 -0.2103125 0.2862499 0.325 -0.2103125 0.3521875 0.325 -0.2153125 0.3521875 0.325 -0.2153125 0.2862499 0.325 -0.28125 0.2862499 0.325 -0.28125 0.3521875 0.325 -0.28625 0.3521875 0.325 -0.28625 0.2862499 0.325 -0.3521875 0.2862499 0.325 -0.3521875 0.3521875 0.325 -0.3571875 0.3521875 0.325 -0.3571875 0.2862499 0.325 -0.423125 0.2862499 0.325 -0.423125 0.3521875 0.325 -0.428125 0.3521875 0.325 -0.428125 0.2862499 0.325 -0.4940625 0.2862499 0.325 -0.4940625 0.3521875 0.325 0.4990625 0.3571875 0.325 0.4990625 0.423125 0.325 0.4940625 0.423125 0.325 0.4940625 0.3571875 0.325 0.428125 0.3571875 0.325 0.428125 0.423125 0.325 0.423125 0.423125 0.325 0.423125 0.3571875 0.325 0.3571875 0.3571875 0.325 0.3571875 0.423125 0.325 0.3521875 0.423125 0.325 0.3521875 0.3571875 0.325 0.2862499 0.3571875 0.325 0.2862499 0.423125 0.325 0.28125 0.423125 0.325 0.28125 0.3571875 0.325 0.2153124 0.3571875 0.325 0.2153124 0.423125 0.325 0.2103124 0.423125 0.325 0.2103124 0.3571875 0.325 0.1443749 0.3571875 0.325 0.1443749 0.423125 0.325 0.1393749 0.423125 0.325 0.1393749 0.3571875 0.325 0.07343745 0.3571875 0.325 0.07343745 0.423125 0.325 0.06843745 0.423125 0.325 0.06843745 0.3571875 0.325 0.002499938 0.3571875 0.325 0.002499938 0.423125 0.325 -0.002499997 0.423125 0.325 -0.002499997 0.3571875 0.325 -0.06843751 0.3571875 0.325 -0.06843751 0.423125 0.325 -0.07343751 0.423125 0.325 -0.07343751 0.3571875 0.325 -0.139375 0.3571875 0.325 -0.139375 0.423125 0.325 -0.144375 0.423125 0.325 -0.144375 0.3571875 0.325 -0.2103125 0.3571875 0.325 -0.2103125 0.423125 0.325 -0.2153125 0.423125 0.325 -0.2153125 0.3571875 0.325 -0.28125 0.3571875 0.325 -0.28125 0.423125 0.325 -0.28625 0.423125 0.325 -0.28625 0.3571875 0.325 -0.3521875 0.3571875 0.325 -0.3521875 0.423125 0.325 -0.3571875 0.423125 0.325 -0.3571875 0.3571875 0.325 -0.423125 0.3571875 0.325 -0.423125 0.423125 0.325 -0.428125 0.423125 0.325 -0.428125 0.3571875 0.325 -0.4940625 0.3571875 0.325 -0.4940625 0.423125 0.325 0.4990625 0.428125 0.325 0.4990625 0.4940625 0.325 0.4940625 0.4940625 0.325 0.4940625 0.428125 0.325 0.428125 0.428125 0.325 0.428125 0.4940625 0.325 0.423125 0.4940625 0.325 0.423125 0.428125 0.325 0.3571875 0.428125 0.325 0.3571875 0.4940625 0.325 0.3521875 0.4940625 0.325 0.3521875 0.428125 0.325 0.2862499 0.428125 0.325 0.2862499 0.4940625 0.325 0.28125 0.4940625 0.325 0.28125 0.428125 0.325 0.2153124 0.428125 0.325 0.2153124 0.4940625 0.325 0.2103124 0.4940625 0.325 0.2103124 0.428125 0.325 0.1443749 0.428125 0.325 0.1443749 0.4940625 0.325 0.1393749 0.4940625 0.325 0.1393749 0.428125 0.325 0.07343745 0.428125 0.325 0.07343745 0.4940625 0.325 0.06843745 0.4940625 0.325 0.06843745 0.428125 0.325 0.002499938 0.428125 0.325 0.002499938 0.4940625 0.325 -0.002499997 0.4940625 0.325 -0.002499997 0.428125 0.325 -0.06843751 0.428125 0.325 -0.06843751 0.4940625 0.325 -0.07343751 0.4940625 0.325 -0.07343751 0.428125 0.325 -0.139375 0.428125 0.325 -0.139375 0.4940625 0.325 -0.144375 0.4940625 0.325 -0.144375 0.428125 0.325 -0.2103125 0.428125 0.325 -0.2103125 0.4940625 0.325 -0.2153125 0.4940625 0.325 -0.2153125 0.428125 0.325 -0.28125 0.428125 0.325 -0.28125 0.4940625 0.325 -0.28625 0.4940625 0.325 -0.28625 0.428125 0.325 -0.3521875 0.428125 0.325 -0.3521875 0.4940625 0.325 -0.3571875 0.4940625 0.325 -0.3571875 0.428125 0.325 -0.423125 0.428125 0.325 -0.423125 0.4940625 0.325 -0.428125 0.4940625 0.325 -0.428125 0.428125 0.325 -0.4940625 0.428125 0.325 -0.4940625 0.4940625 0.325 0.4990625 0.4990625 0.325 0.5675 0.5675 0.325 0.4940625 0.4990625 0.325 0.428125 0.4990625 0.325 0.423125 0.4990625 0.325 0.3571875 0.4990625 0.325 0.3521875 0.4990625 0.325 0.2862499 0.4990625 0.325 0.28125 0.4990625 0.325 0.2153124 0.4990625 0.325 0.2103124 0.4990625 0.325 0.1443749 0.4990625 0.325 0.1393749 0.4990625 0.325 0.07343745 0.4990625 0.325 0.06843745 0.4990625 0.325 0.002499938 0.4990625 0.325 -0.002499997 0.4990625 0.325 -0.06843751 0.4990625 0.325 -0.07343751 0.4990625 0.325 -0.139375 0.4990625 0.325 -0.144375 0.4990625 0.325 -0.2103125 0.4990625 0.325 -0.2153125 0.4990625 0.325 -0.28125 0.4990625 0.325 -0.28625 0.4990625 0.325 -0.3521875 0.4990625 0.325 -0.3571875 0.4990625 0.325 -0.423125 0.4990625 0.325 -0.428125 0.4990625 0.325 -0.4940625 0.4990625 0.325 -0.5 0 0 -0.4330127 -0.25 0 -0.25 -0.4330127 0 0 -0.5 0 0.25 -0.4330127 0 0.4330127 -0.25 0 0.5 0 0 0.4330127 0.25 0 0.25 0.4330127 0 0 0.5 0 -0.25 0.4330127 0 -0.4330127 0.25 0 -0.4896472 0 -0.1250002 -0.4240469 -0.2448236 -0.1250002 -0.2448236 -0.4240469 -0.1250002 0 -0.4896472 -0.1250002 0.2448236 -0.4240469 -0.1250002 0.4240469 -0.2448236 -0.1250002 0.4896472 0 -0.1250002 0.4240469 0.2448236 -0.1250002 0.2448236 0.4240469 -0.1250002 0 0.4896472 -0.1250002 -0.2448236 0.4240469 -0.1250002 -0.4240469 0.2448236 -0.1250002 -0.5 0 -0.1250002 -0.4330127 -0.25 -0.1250002 -0.25 -0.4330127 -0.1250002 0 -0.5 -0.1250002 0.25 -0.4330127 -0.1250002 0.4330127 -0.25 -0.1250002 0.5 0 -0.1250002 0.4330127 0.25 -0.1250002 0.25 0.4330127 -0.1250002 0 0.5 -0.1250002 -0.25 0.4330127 -0.1250002 -0.4330127 0.25 -0.1250002 -0.4896472 0 0 -0.4240469 -0.2448236 0 -0.2448236 -0.4240469 0 0 -0.4896472 0 0.2448236 -0.4240469 0 0.4240469 -0.2448236 0 0.4896472 0 0 0.4240469 0.2448236 0 0.2448236 0.4240469 0 0 0.4896472 0 -0.2448236 0.4240469 0 -0.4240469 0.2448236 0 0.3820536 0.2234655 -0.1150002 0.4199753 0.2453596 -0.1150002 0.2453596 0.4199753 -0.1150002 0.2234655 0.3820535 -0.1150002 0.3845536 -0.2191354 -0.1150002 0.4224753 -0.2410295 -0.1150002 0.4863892 -0.002499997 -0.1150002 0.4426009 -0.002499997 -0.1150002 0.2234655 -0.3820536 -0.1150002 0.2453596 -0.4199753 -0.1150002 0.4199753 -0.2453596 -0.1150002 0.3820536 -0.2234655 -0.1150002 -0.2191354 -0.3845536 -0.1150002 -0.2410295 -0.4224753 -0.1150002 -0.002499997 -0.4863892 -0.1150002 -0.002499997 -0.4426009 -0.1150002 -0.3820536 -0.2234655 -0.1150002 -0.4199753 -0.2453596 -0.1150002 -0.2453596 -0.4199753 -0.1150002 -0.2234655 -0.3820536 -0.1150002 0.2191354 0.3845535 -0.1150002 0.2410295 0.4224753 -0.1150002 0.002499997 0.4863892 -0.1150002 0.002499997 0.4426009 -0.1150002 0.04775881 0.08772069 -0.1150002 0.06965297 0.1256425 -0.1150002 0.002499997 0.1436361 -0.1150002 0.002499997 0.09984773 -0.1150002 0.07224118 0.1301254 -0.1150002 0.09413534 0.1680472 -0.1150002 0.002499997 0.1926008 -0.1150002 0.002499997 0.1488124 -0.1150002 0.09672349 0.1725301 -0.1150002 0.1186177 0.2104519 -0.1150002 0.002499997 0.2415655 -0.1150002 0.002499997 0.1977772 -0.1150002 0.1212059 0.2149348 -0.1150002 0.1431 0.2528566 -0.1150002 0.002499997 0.2905303 -0.1150002 0.002499997 0.2467419 -0.1150002 0.1456882 0.2573395 -0.1150002 0.1675824 0.2952613 -0.1150002 0.002499997 0.339495 -0.1150002 0.002499997 0.2957066 -0.1150002 0.1701706 0.2997441 -0.1150002 0.1920648 0.337666 -0.1150002 0.002499997 0.3884598 -0.1150002 0.002499997 0.3446714 -0.1150002 0.194653 0.3421489 -0.1150002 0.2165471 0.3800706 -0.1150002 0.002499997 0.4374245 -0.1150002 0.002499997 0.3936361 -0.1150002 -0.2410295 0.4224753 -0.1150002 -0.2191354 0.3845536 -0.1150002 -0.002499997 0.4426009 -0.1150002 -0.002499997 0.4863892 -0.1150002 -0.2165471 0.3800707 -0.1150002 -0.194653 0.3421489 -0.1150002 -0.002499997 0.3936361 -0.1150002 -0.002499997 0.4374244 -0.1150002 -0.1920648 0.337666 -0.1150002 -0.1701706 0.2997441 -0.1150002 -0.002499997 0.3446714 -0.1150002 -0.002499997 0.3884598 -0.1150002 -0.1675824 0.2952613 -0.1150002 -0.1456882 0.2573394 -0.1150002 -0.002499997 0.2957066 -0.1150002 -0.002499997 0.339495 -0.1150002 -0.1431 0.2528566 -0.1150002 -0.1212059 0.2149347 -0.1150002 -0.002499997 0.2467419 -0.1150002 -0.002499997 0.2905303 -0.1150002 -0.1186177 0.2104519 -0.1150002 -0.09672349 0.1725301 -0.1150002 -0.002499997 0.1977772 -0.1150002 -0.002499997 0.2415655 -0.1150002 -0.09413534 0.1680471 -0.1150002 -0.07224112 0.1301254 -0.1150002 -0.002499997 0.1488124 -0.1150002 -0.002499997 0.1926008 -0.1150002 -0.06965297 0.1256425 -0.1150002 -0.04775875 0.08772069 -0.1150002 -0.002499997 0.09984773 -0.1150002 -0.002499997 0.1436361 -0.1150002 -0.2453596 0.4199753 -0.1150002 -0.2234655 0.3820536 -0.1150002 -0.3820536 0.2234655 -0.1150002 -0.4199753 0.2453596 -0.1150002 -0.2208772 0.3775707 -0.1150002 -0.1989831 0.3396489 -0.1150002 -0.3396489 0.1989831 -0.1150002 -0.3775707 0.2208772 -0.1150002 -0.1963949 0.335166 -0.1150002 -0.1745007 0.2972441 -0.1150002 -0.2972441 0.1745007 -0.1150002 -0.335166 0.1963949 -0.1150002 -0.1719125 0.2927613 -0.1150002 -0.1500183 0.2548394 -0.1150002 -0.2548394 0.1500183 -0.1150002 -0.2927613 0.1719125 -0.1150002 -0.1474301 0.2503566 -0.1150002 -0.125536 0.2124347 -0.1150002 -0.2124347 0.125536 -0.1150002 -0.2503566 0.1474301 -0.1150002 -0.1229478 0.2079519 -0.1150002 -0.1010536 0.1700301 -0.1150002 -0.1700301 0.1010536 -0.1150002 -0.2079519 0.1229478 -0.1150002 -0.09846544 0.1655471 -0.1150002 -0.07657128 0.1276254 -0.1150002 -0.1276254 0.07657128 -0.1150002 -0.1655471 0.09846544 -0.1150002 -0.07398307 0.1231425 -0.1150002 -0.05208891 0.08522069 -0.1150002 -0.08522069 0.05208891 -0.1150002 -0.1231425 0.07398307 -0.1150002 -0.4224753 0.2410295 -0.1150002 -0.3845536 0.2191354 -0.1150002 -0.4426009 0.002499997 -0.1150002 -0.4863892 0.002499997 -0.1150002 -0.3800707 0.2165471 -0.1150002 -0.3421489 0.194653 -0.1150002 -0.3936361 0.002499997 -0.1150002 -0.4374244 0.002499997 -0.1150002 -0.337666 0.1920648 -0.1150002 -0.2997441 0.1701706 -0.1150002 -0.3446714 0.002499997 -0.1150002 -0.3884598 0.002499997 -0.1150002 -0.2952613 0.1675824 -0.1150002 -0.2573394 0.1456882 -0.1150002 -0.2957066 0.002499997 -0.1150002 -0.339495 0.002499997 -0.1150002 -0.2528566 0.1431 -0.1150002 -0.2149347 0.1212059 -0.1150002 -0.2467419 0.002499997 -0.1150002 -0.2905303 0.002499997 -0.1150002 -0.2104519 0.1186177 -0.1150002 -0.1725301 0.09672349 -0.1150002 -0.1977772 0.002499997 -0.1150002 -0.2415655 0.002499997 -0.1150002 -0.1680471 0.09413534 -0.1150002 -0.1301254 0.07224112 -0.1150002 -0.1488124 0.002499997 -0.1150002 -0.1926008 0.002499997 -0.1150002 -0.1256425 0.06965297 -0.1150002 -0.08772069 0.04775875 -0.1150002 -0.09984773 0.002499997 -0.1150002 -0.1436361 0.002499997 -0.1150002 -0.4224753 -0.2410295 -0.1150002 -0.3845536 -0.2191354 -0.1150002 -0.4426009 -0.002499997 -0.1150002 -0.4863892 -0.002499997 -0.1150002 -0.3800707 -0.2165471 -0.1150002 -0.3421489 -0.194653 -0.1150002 -0.3936361 -0.002499997 -0.1150002 -0.4374244 -0.002499997 -0.1150002 -0.337666 -0.1920648 -0.1150002 -0.2997441 -0.1701706 -0.1150002 -0.3446714 -0.002499997 -0.1150002 -0.3884598 -0.002499997 -0.1150002 -0.2952613 -0.1675824 -0.1150002 -0.2573394 -0.1456882 -0.1150002 -0.2957066 -0.002499997 -0.1150002 -0.339495 -0.002499997 -0.1150002 -0.2528566 -0.1431 -0.1150002 -0.2149347 -0.1212059 -0.1150002 -0.2467419 -0.002499997 -0.1150002 -0.2905303 -0.002499997 -0.1150002 -0.2104519 -0.1186177 -0.1150002 -0.1725301 -0.09672349 -0.1150002 -0.1977772 -0.002499997 -0.1150002 -0.2415655 -0.002499997 -0.1150002 -0.1680471 -0.09413534 -0.1150002 -0.1301254 -0.07224112 -0.1150002 -0.1488124 -0.002499997 -0.1150002 -0.1926008 -0.002499997 -0.1150002 -0.1256425 -0.06965297 -0.1150002 -0.08772069 -0.04775881 -0.1150002 -0.09984773 -0.002499997 -0.1150002 -0.1436361 -0.002499997 -0.1150002 -0.08522069 -0.05208891 -0.1150002 -0.1231425 -0.07398307 -0.1150002 -0.07398307 -0.1231425 -0.1150002 -0.05208891 -0.08522069 -0.1150002 -0.1276254 -0.07657128 -0.1150002 -0.1655471 -0.09846544 -0.1150002 -0.09846544 -0.1655471 -0.1150002 -0.07657128 -0.1276254 -0.1150002 -0.1700301 -0.1010536 -0.1150002 -0.2079519 -0.1229478 -0.1150002 -0.1229478 -0.2079519 -0.1150002 -0.1010536 -0.1700301 -0.1150002 -0.2124347 -0.125536 -0.1150002 -0.2503566 -0.1474301 -0.1150002 -0.1474301 -0.2503566 -0.1150002 -0.125536 -0.2124347 -0.1150002 -0.2548394 -0.1500183 -0.1150002 -0.2927613 -0.1719125 -0.1150002 -0.1719125 -0.2927613 -0.1150002 -0.1500183 -0.2548394 -0.1150002 -0.2972441 -0.1745007 -0.1150002 -0.335166 -0.1963949 -0.1150002 -0.1963949 -0.335166 -0.1150002 -0.1745007 -0.2972441 -0.1150002 -0.3396489 -0.1989831 -0.1150002 -0.3775707 -0.2208772 -0.1150002 -0.2208772 -0.3775707 -0.1150002 -0.1989831 -0.3396489 -0.1150002 -0.04775875 -0.08772069 -0.1150002 -0.06965297 -0.1256425 -0.1150002 -0.002499997 -0.1436361 -0.1150002 -0.002499997 -0.09984773 -0.1150002 -0.07224112 -0.1301254 -0.1150002 -0.09413534 -0.1680471 -0.1150002 -0.002499997 -0.1926008 -0.1150002 -0.002499997 -0.1488124 -0.1150002 -0.09672349 -0.1725301 -0.1150002 -0.1186177 -0.2104519 -0.1150002 -0.002499997 -0.2415655 -0.1150002 -0.002499997 -0.1977772 -0.1150002 -0.1212059 -0.2149347 -0.1150002 -0.1431 -0.2528566 -0.1150002 -0.002499997 -0.2905303 -0.1150002 -0.002499997 -0.2467419 -0.1150002 -0.1456882 -0.2573394 -0.1150002 -0.1675824 -0.2952613 -0.1150002 -0.002499997 -0.339495 -0.1150002 -0.002499997 -0.2957066 -0.1150002 -0.1701706 -0.2997441 -0.1150002 -0.1920648 -0.337666 -0.1150002 -0.002499997 -0.3884598 -0.1150002 -0.002499997 -0.3446714 -0.1150002 -0.194653 -0.3421489 -0.1150002 -0.2165471 -0.3800707 -0.1150002 -0.002499997 -0.4374245 -0.1150002 -0.002499997 -0.3936361 -0.1150002 0.2410295 -0.4224753 -0.1150002 0.2191354 -0.3845536 -0.1150002 0.002499997 -0.4426009 -0.1150002 0.002499997 -0.4863892 -0.1150002 0.2165471 -0.3800707 -0.1150002 0.194653 -0.3421489 -0.1150002 0.002499997 -0.3936361 -0.1150002 0.002499997 -0.4374244 -0.1150002 0.1920648 -0.337666 -0.1150002 0.1701706 -0.2997441 -0.1150002 0.002499997 -0.3446714 -0.1150002 0.002499997 -0.3884598 -0.1150002 0.1675824 -0.2952613 -0.1150002 0.1456882 -0.2573394 -0.1150002 0.002499997 -0.2957066 -0.1150002 0.002499997 -0.339495 -0.1150002 0.1431 -0.2528566 -0.1150002 0.1212059 -0.2149347 -0.1150002 0.002499997 -0.2467419 -0.1150002 0.002499997 -0.2905303 -0.1150002 0.1186177 -0.2104519 -0.1150002 0.09672349 -0.1725301 -0.1150002 0.002499997 -0.1977772 -0.1150002 0.002499997 -0.2415655 -0.1150002 0.09413534 -0.1680471 -0.1150002 0.07224112 -0.1301254 -0.1150002 0.002499997 -0.1488124 -0.1150002 0.002499997 -0.1926008 -0.1150002 0.06965297 -0.1256425 -0.1150002 0.04775875 -0.08772069 -0.1150002 0.002499997 -0.09984773 -0.1150002 0.002499997 -0.1436361 -0.1150002 0.05208891 -0.08522069 -0.1150002 0.07398307 -0.1231425 -0.1150002 0.1231425 -0.07398307 -0.1150002 0.08522069 -0.05208891 -0.1150002 0.07657128 -0.1276254 -0.1150002 0.09846544 -0.1655471 -0.1150002 0.1655471 -0.09846544 -0.1150002 0.1276254 -0.07657128 -0.1150002 0.1010536 -0.1700301 -0.1150002 0.1229478 -0.2079519 -0.1150002 0.2079519 -0.1229478 -0.1150002 0.1700301 -0.1010536 -0.1150002 0.125536 -0.2124347 -0.1150002 0.1474301 -0.2503566 -0.1150002 0.2503566 -0.1474301 -0.1150002 0.2124347 -0.125536 -0.1150002 0.1500183 -0.2548394 -0.1150002 0.1719125 -0.2927613 -0.1150002 0.2927613 -0.1719125 -0.1150002 0.2548394 -0.1500183 -0.1150002 0.1745007 -0.2972441 -0.1150002 0.1963949 -0.335166 -0.1150002 0.335166 -0.1963949 -0.1150002 0.2972441 -0.1745007 -0.1150002 0.1989831 -0.3396489 -0.1150002 0.2208772 -0.3775707 -0.1150002 0.3775707 -0.2208772 -0.1150002 0.3396489 -0.1989831 -0.1150002 0.08772069 -0.04775881 -0.1150002 0.1256425 -0.06965297 -0.1150002 0.1436361 -0.002499997 -0.1150002 0.09984773 -0.002499997 -0.1150002 0.1301254 -0.07224112 -0.1150002 0.1680471 -0.09413534 -0.1150002 0.1926008 -0.002499997 -0.1150002 0.1488124 -0.002499997 -0.1150002 0.1725301 -0.09672349 -0.1150002 0.2104519 -0.1186177 -0.1150002 0.2415655 -0.002499997 -0.1150002 0.1977772 -0.002499997 -0.1150002 0.2149347 -0.1212059 -0.1150002 0.2528566 -0.1431 -0.1150002 0.2905303 -0.002499997 -0.1150002 0.2467419 -0.002499997 -0.1150002 0.2573394 -0.1456882 -0.1150002 0.2952613 -0.1675824 -0.1150002 0.339495 -0.002499997 -0.1150002 0.2957066 -0.002499997 -0.1150002 0.2997441 -0.1701706 -0.1150002 0.337666 -0.1920648 -0.1150002 0.3884598 -0.002499997 -0.1150002 0.3446714 -0.002499997 -0.1150002 0.3421489 -0.194653 -0.1150002 0.3800707 -0.2165471 -0.1150002 0.4374245 -0.002499997 -0.1150002 0.3936361 -0.002499997 -0.1150002 0.4224753 0.2410295 -0.1150002 0.3845536 0.2191354 -0.1150002 0.4426009 0.002499997 -0.1150002 0.4863892 0.002499997 -0.1150002 0.3800707 0.2165471 -0.1150002 0.3421489 0.194653 -0.1150002 0.3936361 0.002499997 -0.1150002 0.4374244 0.002499997 -0.1150002 0.337666 0.1920648 -0.1150002 0.2997441 0.1701706 -0.1150002 0.3446714 0.002499997 -0.1150002 0.3884598 0.002499997 -0.1150002 0.2952613 0.1675824 -0.1150002 0.2573394 0.1456882 -0.1150002 0.2957066 0.002499997 -0.1150002 0.339495 0.002499997 -0.1150002 0.2528566 0.1431 -0.1150002 0.2149347 0.1212059 -0.1150002 0.2467419 0.002499997 -0.1150002 0.2905303 0.002499997 -0.1150002 0.2104519 0.1186177 -0.1150002 0.1725301 0.09672349 -0.1150002 0.1977772 0.002499997 -0.1150002 0.2415655 0.002499997 -0.1150002 0.1680471 0.09413534 -0.1150002 0.1301254 0.07224112 -0.1150002 0.1488124 0.002499997 -0.1150002 0.1926008 0.002499997 -0.1150002 0.1256425 0.06965297 -0.1150002 0.08772069 0.04775875 -0.1150002 0.09984773 0.002499997 -0.1150002 0.1436361 0.002499997 -0.1150002 0.08522069 0.05208891 -0.1150002 0.1231425 0.07398307 -0.1150002 0.07398307 0.1231425 -0.1150002 0.05208891 0.08522069 -0.1150002 0.1276254 0.07657128 -0.1150002 0.1655471 0.09846544 -0.1150002 0.09846544 0.1655472 -0.1150002 0.07657128 0.1276254 -0.1150002 0.1700301 0.1010536 -0.1150002 0.2079519 0.1229478 -0.1150002 0.1229478 0.2079519 -0.1150002 0.1010537 0.1700301 -0.1150002 0.2124347 0.125536 -0.1150002 0.2503566 0.1474301 -0.1150002 0.1474302 0.2503566 -0.1150002 0.125536 0.2124348 -0.1150002 0.2548394 0.1500183 -0.1150002 0.2927613 0.1719125 -0.1150002 0.1719125 0.2927613 -0.1150002 0.1500183 0.2548395 -0.1150002 0.2972441 0.1745007 -0.1150002 0.335166 0.1963949 -0.1150002 0.1963949 0.335166 -0.1150002 0.1745007 0.2972441 -0.1150002 0.3396489 0.1989831 -0.1150002 0.3775707 0.2208772 -0.1150002 0.2208772 0.3775706 -0.1150002 0.1989831 0.3396489 -0.1150002 0.2203412 0.3816422 -0.1250002 0.04896467 0.08480936 -0.1250002 0.07344704 0.1272141 -0.1250002 0.09792941 0.1696187 -0.1250002 0.1224118 0.2120234 -0.1250002 0.1468942 0.2544282 -0.1250002 0.1713765 0.2968329 -0.1250002 0.1958588 0.3392375 -0.1250002 -0.2203412 -0.3816422 -0.1250002 -0.1958588 -0.3392376 -0.1250002 -0.1713765 -0.2968329 -0.1250002 -0.1468941 -0.2544282 -0.1250002 -0.1224118 -0.2120234 -0.1250002 -0.09792941 -0.1696187 -0.1250002 -0.07344704 -0.127214 -0.1250002 -0.04896467 -0.08480936 -0.1250002 0.3816422 0.2203412 -0.1250002 0.3392376 0.1958588 -0.1250002 0.2968329 0.1713765 -0.1250002 0.2544282 0.1468941 -0.1250002 0.2120234 0.1224118 -0.1250002 0.1696187 0.09792941 -0.1250002 0.127214 0.07344704 -0.1250002 0.08480936 0.04896467 -0.1250002 0.4406825 0 -0.1250002 0.3917178 0 -0.1250002 0.3427531 0 -0.1250002 0.2937883 0 -0.1250002 0.2448236 0 -0.1250002 0.1958588 0 -0.1250002 0.1468941 0 -0.1250002 0.09792941 0 -0.1250002 0.3816422 -0.2203412 -0.1250002 0.3392376 -0.1958588 -0.1250002 0.2968329 -0.1713765 -0.1250002 0.2544282 -0.1468941 -0.1250002 0.2120234 -0.1224118 -0.1250002 0.1696187 -0.09792941 -0.1250002 0.127214 -0.07344704 -0.1250002 0.08480936 -0.04896467 -0.1250002 0.2203412 -0.3816422 -0.1250002 0.1958588 -0.3392376 -0.1250002 0.1713765 -0.2968329 -0.1250002 0.1468941 -0.2544282 -0.1250002 0.1224118 -0.2120234 -0.1250002 0.09792941 -0.1696187 -0.1250002 0.07344704 -0.127214 -0.1250002 0.04896467 -0.08480936 -0.1250002 0 -0.4406825 -0.1250002 0 -0.3917178 -0.1250002 0 -0.3427531 -0.1250002 0 -0.2937883 -0.1250002 0 -0.2448236 -0.1250002 0 -0.1958588 -0.1250002 0 -0.1468941 -0.1250002 0 -0.09792941 -0.1250002 -0.3816422 -0.2203412 -0.1250002 -0.3392376 -0.1958588 -0.1250002 -0.2968329 -0.1713765 -0.1250002 -0.2544282 -0.1468941 -0.1250002 -0.2120234 -0.1224118 -0.1250002 -0.1696187 -0.09792941 -0.1250002 -0.127214 -0.07344704 -0.1250002 -0.08480936 -0.04896467 -0.1250002 -0.4406825 0 -0.1250002 -0.3917178 0 -0.1250002 -0.3427531 0 -0.1250002 -0.2937883 0 -0.1250002 -0.2448236 0 -0.1250002 -0.1958588 0 -0.1250002 -0.1468941 0 -0.1250002 -0.09792941 0 -0.1250002 -0.3816422 0.2203412 -0.1250002 -0.3392376 0.1958588 -0.1250002 -0.2968329 0.1713765 -0.1250002 -0.2544282 0.1468941 -0.1250002 -0.2120234 0.1224118 -0.1250002 -0.1696187 0.09792941 -0.1250002 -0.127214 0.07344704 -0.1250002 -0.08480936 0.04896467 -0.1250002 -0.2203412 0.3816422 -0.1250002 -0.1958588 0.3392376 -0.1250002 -0.1713765 0.2968329 -0.1250002 -0.1468941 0.2544282 -0.1250002 -0.1224118 0.2120234 -0.1250002 -0.09792941 0.1696187 -0.1250002 -0.07344704 0.127214 -0.1250002 -0.04896467 0.08480936 -0.1250002 0 0.4406825 -0.1250002 0 0.3917178 -0.1250002 0 0.3427531 -0.1250002 0 0.2937883 -0.1250002 0 0.2448236 -0.1250002 0 0.1958588 -0.1250002 0 0.1468941 -0.1250002 0 0.09792941 -0.1250002 0.4199753 0.2453596 -0.1250002 0.3820536 0.2234655 -0.1250002 0.2234655 0.3820535 -0.1250002 0.2453596 0.4199753 -0.1250002 0.4224753 -0.2410295 -0.1250002 0.3845536 -0.2191354 -0.1250002 0.4426009 -0.002499997 -0.1250002 0.4863892 -0.002499997 -0.1250002 0.2453596 -0.4199753 -0.1250002 0.2234655 -0.3820536 -0.1250002 0.3820536 -0.2234655 -0.1250002 0.4199753 -0.2453596 -0.1250002 -0.2410295 -0.4224753 -0.1250002 -0.2191354 -0.3845536 -0.1250002 -0.002499997 -0.4426009 -0.1250002 -0.002499997 -0.4863892 -0.1250002 -0.4199753 -0.2453596 -0.1250002 -0.3820536 -0.2234655 -0.1250002 -0.2234655 -0.3820536 -0.1250002 -0.2453596 -0.4199753 -0.1250002 0.2191354 0.3845535 -0.1250002 0.2410295 0.4224753 -0.1250002 0.002499997 0.4426009 -0.1250002 0.002499997 0.4863892 -0.1250002 0.04775881 0.08772069 -0.1250002 0.06965297 0.1256425 -0.1250002 0.002499997 0.09984773 -0.1250002 0.002499997 0.1436361 -0.1250002 0.07224118 0.1301254 -0.1250002 0.09413534 0.1680472 -0.1250002 0.002499997 0.1488124 -0.1250002 0.002499997 0.1926008 -0.1250002 0.09672349 0.1725301 -0.1250002 0.1186177 0.2104519 -0.1250002 0.002499997 0.1977772 -0.1250002 0.002499997 0.2415655 -0.1250002 0.1212059 0.2149348 -0.1250002 0.1431 0.2528566 -0.1250002 0.002499997 0.2467419 -0.1250002 0.002499997 0.2905303 -0.1250002 0.1456882 0.2573395 -0.1250002 0.1675824 0.2952613 -0.1250002 0.002499997 0.2957066 -0.1250002 0.002499997 0.339495 -0.1250002 0.1701706 0.2997441 -0.1250002 0.1920648 0.337666 -0.1250002 0.002499997 0.3446714 -0.1250002 0.002499997 0.3884598 -0.1250002 0.194653 0.3421489 -0.1250002 0.2165471 0.3800706 -0.1250002 0.002499997 0.3936361 -0.1250002 0.002499997 0.4374245 -0.1250002 -0.2410295 0.4224753 -0.1250002 -0.2191354 0.3845536 -0.1250002 -0.002499997 0.4863892 -0.1250002 -0.002499997 0.4426009 -0.1250002 -0.2165471 0.3800707 -0.1250002 -0.194653 0.3421489 -0.1250002 -0.002499997 0.4374244 -0.1250002 -0.002499997 0.3936361 -0.1250002 -0.1920648 0.337666 -0.1250002 -0.1701706 0.2997441 -0.1250002 -0.002499997 0.3884598 -0.1250002 -0.002499997 0.3446714 -0.1250002 -0.1675824 0.2952613 -0.1250002 -0.1456882 0.2573394 -0.1250002 -0.002499997 0.339495 -0.1250002 -0.002499997 0.2957066 -0.1250002 -0.1431 0.2528566 -0.1250002 -0.1212059 0.2149347 -0.1250002 -0.002499997 0.2905303 -0.1250002 -0.002499997 0.2467419 -0.1250002 -0.1186177 0.2104519 -0.1250002 -0.09672349 0.1725301 -0.1250002 -0.002499997 0.2415655 -0.1250002 -0.002499997 0.1977772 -0.1250002 -0.09413534 0.1680471 -0.1250002 -0.07224112 0.1301254 -0.1250002 -0.002499997 0.1926008 -0.1250002 -0.002499997 0.1488124 -0.1250002 -0.06965297 0.1256425 -0.1250002 -0.04775875 0.08772069 -0.1250002 -0.002499997 0.1436361 -0.1250002 -0.002499997 0.09984773 -0.1250002 -0.2453596 0.4199753 -0.1250002 -0.2234655 0.3820536 -0.1250002 -0.4199753 0.2453596 -0.1250002 -0.3820536 0.2234655 -0.1250002 -0.2208772 0.3775707 -0.1250002 -0.1989831 0.3396489 -0.1250002 -0.3775707 0.2208772 -0.1250002 -0.3396489 0.1989831 -0.1250002 -0.1963949 0.335166 -0.1250002 -0.1745007 0.2972441 -0.1250002 -0.335166 0.1963949 -0.1250002 -0.2972441 0.1745007 -0.1250002 -0.1719125 0.2927613 -0.1250002 -0.1500183 0.2548394 -0.1250002 -0.2927613 0.1719125 -0.1250002 -0.2548394 0.1500183 -0.1250002 -0.1474301 0.2503566 -0.1250002 -0.125536 0.2124347 -0.1250002 -0.2503566 0.1474301 -0.1250002 -0.2124347 0.125536 -0.1250002 -0.1229478 0.2079519 -0.1250002 -0.1010536 0.1700301 -0.1250002 -0.2079519 0.1229478 -0.1250002 -0.1700301 0.1010536 -0.1250002 -0.09846544 0.1655471 -0.1250002 -0.07657128 0.1276254 -0.1250002 -0.1655471 0.09846544 -0.1250002 -0.1276254 0.07657128 -0.1250002 -0.07398307 0.1231425 -0.1250002 -0.05208891 0.08522069 -0.1250002 -0.1231425 0.07398307 -0.1250002 -0.08522069 0.05208891 -0.1250002 -0.4224753 0.2410295 -0.1250002 -0.3845536 0.2191354 -0.1250002 -0.4863892 0.002499997 -0.1250002 -0.4426009 0.002499997 -0.1250002 -0.3800707 0.2165471 -0.1250002 -0.3421489 0.194653 -0.1250002 -0.4374244 0.002499997 -0.1250002 -0.3936361 0.002499997 -0.1250002 -0.337666 0.1920648 -0.1250002 -0.2997441 0.1701706 -0.1250002 -0.3884598 0.002499997 -0.1250002 -0.3446714 0.002499997 -0.1250002 -0.2952613 0.1675824 -0.1250002 -0.2573394 0.1456882 -0.1250002 -0.339495 0.002499997 -0.1250002 -0.2957066 0.002499997 -0.1250002 -0.2528566 0.1431 -0.1250002 -0.2149347 0.1212059 -0.1250002 -0.2905303 0.002499997 -0.1250002 -0.2467419 0.002499997 -0.1250002 -0.2104519 0.1186177 -0.1250002 -0.1725301 0.09672349 -0.1250002 -0.2415655 0.002499997 -0.1250002 -0.1977772 0.002499997 -0.1250002 -0.1680471 0.09413534 -0.1250002 -0.1301254 0.07224112 -0.1250002 -0.1926008 0.002499997 -0.1250002 -0.1488124 0.002499997 -0.1250002 -0.1256425 0.06965297 -0.1250002 -0.08772069 0.04775875 -0.1250002 -0.1436361 0.002499997 -0.1250002 -0.09984773 0.002499997 -0.1250002 -0.4224753 -0.2410295 -0.1250002 -0.3845536 -0.2191354 -0.1250002 -0.4863892 -0.002499997 -0.1250002 -0.4426009 -0.002499997 -0.1250002 -0.3800707 -0.2165471 -0.1250002 -0.3421489 -0.194653 -0.1250002 -0.4374244 -0.002499997 -0.1250002 -0.3936361 -0.002499997 -0.1250002 -0.337666 -0.1920648 -0.1250002 -0.2997441 -0.1701706 -0.1250002 -0.3884598 -0.002499997 -0.1250002 -0.3446714 -0.002499997 -0.1250002 -0.2952613 -0.1675824 -0.1250002 -0.2573394 -0.1456882 -0.1250002 -0.339495 -0.002499997 -0.1250002 -0.2957066 -0.002499997 -0.1250002 -0.2528566 -0.1431 -0.1250002 -0.2149347 -0.1212059 -0.1250002 -0.2905303 -0.002499997 -0.1250002 -0.2467419 -0.002499997 -0.1250002 -0.2104519 -0.1186177 -0.1250002 -0.1725301 -0.09672349 -0.1250002 -0.2415655 -0.002499997 -0.1250002 -0.1977772 -0.002499997 -0.1250002 -0.1680471 -0.09413534 -0.1250002 -0.1301254 -0.07224112 -0.1250002 -0.1926008 -0.002499997 -0.1250002 -0.1488124 -0.002499997 -0.1250002 -0.1256425 -0.06965297 -0.1250002 -0.08772069 -0.04775881 -0.1250002 -0.1436361 -0.002499997 -0.1250002 -0.09984773 -0.002499997 -0.1250002 -0.1231425 -0.07398307 -0.1250002 -0.08522069 -0.05208891 -0.1250002 -0.05208891 -0.08522069 -0.1250002 -0.07398307 -0.1231425 -0.1250002 -0.1655471 -0.09846544 -0.1250002 -0.1276254 -0.07657128 -0.1250002 -0.07657128 -0.1276254 -0.1250002 -0.09846544 -0.1655471 -0.1250002 -0.2079519 -0.1229478 -0.1250002 -0.1700301 -0.1010536 -0.1250002 -0.1010536 -0.1700301 -0.1250002 -0.1229478 -0.2079519 -0.1250002 -0.2503566 -0.1474301 -0.1250002 -0.2124347 -0.125536 -0.1250002 -0.125536 -0.2124347 -0.1250002 -0.1474301 -0.2503566 -0.1250002 -0.2927613 -0.1719125 -0.1250002 -0.2548394 -0.1500183 -0.1250002 -0.1500183 -0.2548394 -0.1250002 -0.1719125 -0.2927613 -0.1250002 -0.335166 -0.1963949 -0.1250002 -0.2972441 -0.1745007 -0.1250002 -0.1745007 -0.2972441 -0.1250002 -0.1963949 -0.335166 -0.1250002 -0.3775707 -0.2208772 -0.1250002 -0.3396489 -0.1989831 -0.1250002 -0.1989831 -0.3396489 -0.1250002 -0.2208772 -0.3775707 -0.1250002 -0.06965297 -0.1256425 -0.1250002 -0.04775875 -0.08772069 -0.1250002 -0.002499997 -0.09984773 -0.1250002 -0.002499997 -0.1436361 -0.1250002 -0.09413534 -0.1680471 -0.1250002 -0.07224112 -0.1301254 -0.1250002 -0.002499997 -0.1488124 -0.1250002 -0.002499997 -0.1926008 -0.1250002 -0.1186177 -0.2104519 -0.1250002 -0.09672349 -0.1725301 -0.1250002 -0.002499997 -0.1977772 -0.1250002 -0.002499997 -0.2415655 -0.1250002 -0.1431 -0.2528566 -0.1250002 -0.1212059 -0.2149347 -0.1250002 -0.002499997 -0.2467419 -0.1250002 -0.002499997 -0.2905303 -0.1250002 -0.1675824 -0.2952613 -0.1250002 -0.1456882 -0.2573394 -0.1250002 -0.002499997 -0.2957066 -0.1250002 -0.002499997 -0.339495 -0.1250002 -0.1920648 -0.337666 -0.1250002 -0.1701706 -0.2997441 -0.1250002 -0.002499997 -0.3446714 -0.1250002 -0.002499997 -0.3884598 -0.1250002 -0.2165471 -0.3800707 -0.1250002 -0.194653 -0.3421489 -0.1250002 -0.002499997 -0.3936361 -0.1250002 -0.002499997 -0.4374245 -0.1250002 0.2410295 -0.4224753 -0.1250002 0.2191354 -0.3845536 -0.1250002 0.002499997 -0.4863892 -0.1250002 0.002499997 -0.4426009 -0.1250002 0.2165471 -0.3800707 -0.1250002 0.194653 -0.3421489 -0.1250002 0.002499997 -0.4374244 -0.1250002 0.002499997 -0.3936361 -0.1250002 0.1920648 -0.337666 -0.1250002 0.1701706 -0.2997441 -0.1250002 0.002499997 -0.3884598 -0.1250002 0.002499997 -0.3446714 -0.1250002 0.1675824 -0.2952613 -0.1250002 0.1456882 -0.2573394 -0.1250002 0.002499997 -0.339495 -0.1250002 0.002499997 -0.2957066 -0.1250002 0.1431 -0.2528566 -0.1250002 0.1212059 -0.2149347 -0.1250002 0.002499997 -0.2905303 -0.1250002 0.002499997 -0.2467419 -0.1250002 0.1186177 -0.2104519 -0.1250002 0.09672349 -0.1725301 -0.1250002 0.002499997 -0.2415655 -0.1250002 0.002499997 -0.1977772 -0.1250002 0.09413534 -0.1680471 -0.1250002 0.07224112 -0.1301254 -0.1250002 0.002499997 -0.1926008 -0.1250002 0.002499997 -0.1488124 -0.1250002 0.06965297 -0.1256425 -0.1250002 0.04775875 -0.08772069 -0.1250002 0.002499997 -0.1436361 -0.1250002 0.002499997 -0.09984773 -0.1250002 0.07398307 -0.1231425 -0.1250002 0.05208891 -0.08522069 -0.1250002 0.08522069 -0.05208891 -0.1250002 0.1231425 -0.07398307 -0.1250002 0.09846544 -0.1655471 -0.1250002 0.07657128 -0.1276254 -0.1250002 0.1276254 -0.07657128 -0.1250002 0.1655471 -0.09846544 -0.1250002 0.1229478 -0.2079519 -0.1250002 0.1010536 -0.1700301 -0.1250002 0.1700301 -0.1010536 -0.1250002 0.2079519 -0.1229478 -0.1250002 0.1474301 -0.2503566 -0.1250002 0.125536 -0.2124347 -0.1250002 0.2124347 -0.125536 -0.1250002 0.2503566 -0.1474301 -0.1250002 0.1719125 -0.2927613 -0.1250002 0.1500183 -0.2548394 -0.1250002 0.2548394 -0.1500183 -0.1250002 0.2927613 -0.1719125 -0.1250002 0.1963949 -0.335166 -0.1250002 0.1745007 -0.2972441 -0.1250002 0.2972441 -0.1745007 -0.1250002 0.335166 -0.1963949 -0.1250002 0.2208772 -0.3775707 -0.1250002 0.1989831 -0.3396489 -0.1250002 0.3396489 -0.1989831 -0.1250002 0.3775707 -0.2208772 -0.1250002 0.1256425 -0.06965297 -0.1250002 0.08772069 -0.04775881 -0.1250002 0.09984773 -0.002499997 -0.1250002 0.1436361 -0.002499997 -0.1250002 0.1680471 -0.09413534 -0.1250002 0.1301254 -0.07224112 -0.1250002 0.1488124 -0.002499997 -0.1250002 0.1926008 -0.002499997 -0.1250002 0.2104519 -0.1186177 -0.1250002 0.1725301 -0.09672349 -0.1250002 0.1977772 -0.002499997 -0.1250002 0.2415655 -0.002499997 -0.1250002 0.2528566 -0.1431 -0.1250002 0.2149347 -0.1212059 -0.1250002 0.2467419 -0.002499997 -0.1250002 0.2905303 -0.002499997 -0.1250002 0.2952613 -0.1675824 -0.1250002 0.2573394 -0.1456882 -0.1250002 0.2957066 -0.002499997 -0.1250002 0.339495 -0.002499997 -0.1250002 0.337666 -0.1920648 -0.1250002 0.2997441 -0.1701706 -0.1250002 0.3446714 -0.002499997 -0.1250002 0.3884598 -0.002499997 -0.1250002 0.3800707 -0.2165471 -0.1250002 0.3421489 -0.194653 -0.1250002 0.3936361 -0.002499997 -0.1250002 0.4374245 -0.002499997 -0.1250002 0.4224753 0.2410295 -0.1250002 0.3845536 0.2191354 -0.1250002 0.4863892 0.002499997 -0.1250002 0.4426009 0.002499997 -0.1250002 0.3800707 0.2165471 -0.1250002 0.3421489 0.194653 -0.1250002 0.4374244 0.002499997 -0.1250002 0.3936361 0.002499997 -0.1250002 0.337666 0.1920648 -0.1250002 0.2997441 0.1701706 -0.1250002 0.3884598 0.002499997 -0.1250002 0.3446714 0.002499997 -0.1250002 0.2952613 0.1675824 -0.1250002 0.2573394 0.1456882 -0.1250002 0.339495 0.002499997 -0.1250002 0.2957066 0.002499997 -0.1250002 0.2528566 0.1431 -0.1250002 0.2149347 0.1212059 -0.1250002 0.2905303 0.002499997 -0.1250002 0.2467419 0.002499997 -0.1250002 0.2104519 0.1186177 -0.1250002 0.1725301 0.09672349 -0.1250002 0.2415655 0.002499997 -0.1250002 0.1977772 0.002499997 -0.1250002 0.1680471 0.09413534 -0.1250002 0.1301254 0.07224112 -0.1250002 0.1926008 0.002499997 -0.1250002 0.1488124 0.002499997 -0.1250002 0.1256425 0.06965297 -0.1250002 0.08772069 0.04775875 -0.1250002 0.1436361 0.002499997 -0.1250002 0.09984773 0.002499997 -0.1250002 0.1231425 0.07398307 -0.1250002 0.08522069 0.05208891 -0.1250002 0.05208891 0.08522069 -0.1250002 0.07398307 0.1231425 -0.1250002 0.1655471 0.09846544 -0.1250002 0.1276254 0.07657128 -0.1250002 0.07657128 0.1276254 -0.1250002 0.09846544 0.1655472 -0.1250002 0.2079519 0.1229478 -0.1250002 0.1700301 0.1010536 -0.1250002 0.1010537 0.1700301 -0.1250002 0.1229478 0.2079519 -0.1250002 0.2503566 0.1474301 -0.1250002 0.2124347 0.125536 -0.1250002 0.125536 0.2124348 -0.1250002 0.1474302 0.2503566 -0.1250002 0.2927613 0.1719125 -0.1250002 0.2548394 0.1500183 -0.1250002 0.1500183 0.2548395 -0.1250002 0.1719125 0.2927613 -0.1250002 0.335166 0.1963949 -0.1250002 0.2972441 0.1745007 -0.1250002 0.1745007 0.2972441 -0.1250002 0.1963949 0.335166 -0.1250002 0.3775707 0.2208772 -0.1250002 0.3396489 0.1989831 -0.1250002 0.1989831 0.3396489 -0.1250002 0.2208772 0.3775706 -0.1250002 -0.5624995 0.4741119 -0.1250002 -0.5258882 0.4375005 -0.1250002 -0.4741119 0.5624995 -0.1250002 -0.5258882 0.5624995 -0.1250002 -0.5624995 0.5258882 -0.1250002 -0.4375005 0.5258882 -0.1250002 -0.4375005 0.4741119 -0.1250002 -0.4741119 0.4375005 -0.1250002 -0.5624995 0.4741119 0 -0.5258882 0.4375005 0 -0.4741119 0.5624995 0 -0.5258882 0.5624995 0 -0.5624995 0.5258882 0 -0.4375005 0.5258882 0 -0.4375005 0.4741119 0 -0.4741119 0.4375005 0 -0.4375005 -0.4741119 0 -0.5624995 -0.4741119 0 -0.5258882 -0.4375005 0 -0.4741119 -0.4375005 0 -0.5258882 -0.5624995 0 -0.5624995 -0.5258882 0 -0.4375005 -0.5258882 0 -0.4741119 -0.5624995 0 0.615 0.615 0.275 0.615 -0.615 0.275 -0.615 0.615 0.275 -0.615 -0.615 0.275 -0.615 0.615 0.04999995 -0.615 -0.615 0.04999995 0.615 0.615 0.04999995 0.615 -0.615 0.04999995</float_array>
          <technique_common>
            <accessor source="#Cube_002-mesh-positions-array" count="3413" stride="3">
              <param name="X" type="float"/>
              <param name="Y" type="float"/>
              <param name="Z" type="float"/>
            </accessor>
          </technique_common>
        </source>
        <source id="Cube_002-mesh-normals">
          <float_array id="Cube_002-mesh-normals-array" count="18330">0 0 1 0 -1 0 -1 0 0 0 0 -1 1 0 0 0 1 0 0 1 0 0 1 0 1 0 0 1 0 0 -1 0 0 -1 0 0 0 -1 0 0 -1 0 0 -1 0 0 -1 0 0 -1 0 0 -1 0 0 1 0 0 1 0 0 1 0 0 1 0 0 1 0 0 1 0 0 0 -1 0 0 -1 0 -1 0 0 -1 0 0 0 1 0 0 1 0 0 1 0 1 0 0 0 1 0 0 1 0 0 -1 -1 1.35593e-6 0 0 0 -1 0 0 -1 -1 0 0 -1 0 0 -1 0 0 -1 0 0 1 0 0 1 0 0 1 0 0 1 0 0 1 0 0 1 0 0 0 0 -1 0 0 -1 -1 0 0 -1 0 0 0 0 1 0 0 1 1 0 0 -1 0 0 0 -1 0 0 0 1 0 0 1 0 0 1 0 0 1 0 0 1 0 0 1 0 0 1 0 0 1 0 0 1 0 0 1 0 0 1 0 0 1 0 0 1 0 0 1 0 0 1 0 0 1 0 0 1 0 0 1 0 0 1 0 0 1 0 0 1 0 0 1 0 0 1 0 0 1 0 0 1 0 0 1 0 0 1 0 0 1 0 0 1 0 0 1 0 0 1 0 0 1 0 0 1 0 0 1 0 0 1 0 0 1 0 0 1 0 0 1 0 0 1 0 0 1 0 0 1 0 0 1 0 0 1 0 0 1 0 0 1 0 0 1 0 0 1 0 0 1 0 0 1 0 0 1 0 0 1 0 0 1 0 0 1 0 0 1 0 0 1 0 0 1 0 0 1 0 0 1 0 0 1 0 0 1 0 0 1 0 0 1 0 0 1 0 0 1 0 0 1 0 0 1 0 0 1 0 0 1 0 0 1 0 0 1 0 0 1 0 0 1 0 0 1 0 0 1 0 0 1 0 0 1 0 0 1 0 0 1 0 0 1 0 0 1 0 0 1 0 0 1 0 0 1 0 0 1 0 0 1 0 0 1 0 0 1 0 0 1 0 0 1 0 0 1 0 0 1 0 0 1 0 0 1 0 0 1 0 0 1 0 0 1 0 0 1 0 0 1 0 0 1 0 0 1 0 0 1 0 0 1 0 0 1 0 0 1 0 0 1 0 0 1 0 0 1 0 0 1 0 0 1 0 0 1 0 0 1 0 0 1 0 0 1 0 0 1 0 0 1 0 0 1 0 0 1 0 0 1 0 0 1 0 0 1 0 0 1 0 0 1 0 0 1 0 0 1 0 0 1 0 0 1 0 0 1 0 0 1 0 0 1 0 0 1 0 0 1 0 0 1 0 0 1 0 0 1 0 0 1 0 0 1 0 0 1 0 0 1 0 0 1 0 0 1 0 0 1 0 0 1 0 0 1 0 0 1 0 0 1 0 0 1 0 0 1 0 0 1 0 0 1 0 0 1 0 0 1 0 0 1 0 0 1 0 0 1 0 0 1 0 0 1 0 0 1 0 0 1 0 0 1 0 0 1 0 0 1 0 0 1 0 0 1 0 0 1 0 0 1 0 0 1 0 0 1 0 0 1 0 0 1 0 0 1 0 0 1 0 0 1 0 0 1 0 0 1 0 0 1 0 0 1 0 0 1 0 0 1 0 0 1 0 0 1 0 0 1 0 0 1 0 0 1 0 0 1 0 0 1 0 0 1 0 0 1 0 0 1 0 0 1 0 0 1 0 0 1 0 0 1 0 0 1 0 0 1 0 0 1 0 0 1 0 0 1 0 0 1 0 0 1 0 0 1 0 0 1 0 0 1 0 0 1 0 0 1 0 0 1 0 0 1 0 0 1 0 0 1 0 0 1 0 0 1 0 0 1 0 0 1 0 0 1 0 0 1 0 0 1 0 0 1 0 0 1 0 0 1 0 0 1 0 0 1 0 0 1 0 0 1 0 0 1 0 0 1 0 0 1 0 0 1 0 0 1 0 0 1 0 0 1 0 0 1 0 0 1 0 0 1 0 0 1 0 0 1 0 0 1 0 0 1 0 0 1 0 0 1 0 0 1 0 0 1 0 0 1 0 0 1 0 0 1 0 0 1 0 0 1 0 0 1 0 0 1 0 0 1 0 0 1 0 0 1 0 0 1 0 0 1 0 0 1 0 0 1 0 0 1 0 0 1 0 0 1 0 0 1 0 0 1 1 0 0 0 -1 0 -1 -9.03957e-7 0 0 -1 0 0 1 0 0 -1 0 1 0 0 0 1 0 -1 0 0 0 1 0 0 -1 0 -1 0 0 0 1 0 -1 0 0 1 -1.35593e-6 0 1 9.03957e-7 0 0 1 0 1 0 0 0 -1 0 -1 9.03956e-7 0 1 0 0 0 -1 0 -1 -9.03957e-7 0 0 -1 0 0 1 0 0 -1 0 1 0 0 0 1 0 -1 0 0 0 1 0 0 -1 0 -1 0 0 0 1 0 -1 0 0 1 -9.03956e-7 0 1 9.03957e-7 0 0 1 0 1 0 0 0 -1 0 -1 9.03956e-7 0 1 0 0 0 -1 0 -1 -1.35594e-6 0 0 -1 0 0 1 0 0 -1 0 1 0 0 0 1 0 -1 0 0 0 1 0 0 -1 0 -1 0 0 0 1 0 1 0 0 -1 0 0 0 -1 0 1 -9.03956e-7 0 0 1 0 1 1.35594e-6 0 0 1 0 1 0 0 -1 0 0 0 -1 0 -1 4.51978e-7 0 1 0 0 0 -1 0 -1 -1.35594e-6 0 0 -1 0 0 1 0 0 -1 0 1 0 0 0 1 0 -1 0 0 0 1 0 0 -1 0 -1 0 0 0 1 0 -1 0 0 1 0 0 1 1.35594e-6 0 1 -4.51978e-7 0 1 0 0 0 -1 0 0 1 0 1 0 0 0 -1 0 -1 -1.35594e-6 0 0 -1 0 0 1 0 0 -1 0 1 0 0 0 1 0 -1 0 0 0 -1 0 -1 0 0 0 1 0 1 0 0 -1 0 0 0 -1 0 1 1.35594e-6 0 0 1 0 1 0 0 0 -1 0 -1 0 0 1 0 0 0 -1 0 -1 -1.24294e-6 0 1 0 0 0 1 0 0 -1 0 1 0 0 0 -1 0 -1 0 0 0 -1 0 0 1 0 0 1 0 1 0 0 -1 0 0 0 -1 0 1 1.24294e-6 0 0 1 0 1 0 0 0 -1 0 -1 0 0 1 0 0 1 0 0 -1 -1.2606e-6 0 0 -1 0 0 -1 0 0 -1 0 1 0 0 0 1 0 0 1 0 0 -1 0 -1 0 0 0 1 0 1 0 0 -1 0 0 0 -1 0 1 1.2606e-6 0 0 1 0 1 0 0 0 -1 0 -1 0 0 1 0 0 0 -1 0 -1 -1.24294e-6 0 0 -1 0 0 1 0 0 -1 0 1 0 0 0 1 0 -1 0 0 0 -1 0 -1 0 0 0 1 0 1 0 0 -1 0 0 0 -1 0 1 1.24294e-6 0 0 1 0 1 0 0 0 -1 0 -1 0 0 1 0 0 0 -1 0 -1 -1.35594e-6 0 0 -1 0 0 1 0 0 -1 0 1 0 0 0 1 0 -1 0 0 0 -1 0 -1 0 0 0 1 0 1 0 0 -1 0 0 0 -1 0 1 1.35594e-6 0 0 1 0 1 0 0 0 -1 0 -1 0 0 1 0 0 0 -1 0 -1 -1.35594e-6 0 0 -1 0 0 1 0 0 -1 0 1 0 0 0 1 0 -1 0 0 0 -1 0 -1 0 0 0 1 0 1 0 0 -1 0 0 0 -1 0 1 1.35594e-6 0 0 1 0 1 0 0 0 -1 0 -1 0 0 1 0 0 0 -1 0 -1 -1.35594e-6 0 0 -1 0 0 1 0 0 -1 0 1 0 0 0 1 0 -1 0 0 0 -1 0 -1 0 0 0 1 0 1 0 0 -1 0 0 0 -1 0 1 1.35594e-6 0 0 1 0 1 0 0 0 -1 0 -1 0 0 1 0 0 0 -1 0 -1 -9.03957e-7 0 0 -1 0 0 1 0 0 -1 0 1 0 0 0 1 0 -1 0 0 0 -1 0 -1 0 0 0 1 0 1 0 0 -1 0 0 0 -1 0 1 9.03957e-7 0 0 1 0 1 0 0 0 -1 0 -1 0 0 1 0 0 0 -1 0 -1 -9.03957e-7 0 0 -1 0 0 1 0 0 -1 0 1 0 0 0 1 0 -1 0 0 1 0 0 -1 0 0 0 -1 0 1 0 0 0 1 0 0 -1 0 1 9.03957e-7 0 0 1 0 1 0 0 0 -1 0 -1 0 0 1 0 0 0 -1 0 -1 -4.51978e-7 0 0 -1 0 0 1 0 0 -1 0 1 0 0 0 1 0 -1 0 0 0 -1 0 -1 0 0 0 1 0 1 0 0 -1 0 0 0 -1 0 1 0 0 0 1 0 1 0 0 1 4.51978e-7 0 -1 0 0 1 0 0 0 -1 0 0 -1 0 0 -1 0 0 1 0 1 0 0 0 1 0 -1 0 0 -1 0 0 0 -1 0 -1 0 0 0 1 0 1 0 0 -1 0 0 0 -1 0 0 -1 0 0 1 0 1 0 0 0 1 0 -1 0 0 1 0 0 0 -1 0 -1 0 0 0 -1 0 0 1 0 1 0 0 0 1 0 -1 0 0 -1 0 0 0 -1 0 -1 0 0 0 1 0 1 0 0 -1 0 0 0 -1 0 0 -1 0 0 1 0 1 0 0 0 1 0 -1 0 0 1 0 0 0 -1 0 -1 0 0 0 -1 0 0 1 0 1 0 0 0 1 0 -1 0 0 -1 0 0 0 -1 0 -1 0 0 0 1 0 1 0 0 -1 0 0 0 -1 0 0 -1 0 0 1 0 1 0 0 0 1 0 -1 0 0 1 0 0 0 -1 0 -1 0 0 0 -1 0 0 1 0 1 0 0 0 1 0 -1 0 0 -1 0 0 0 -1 0 -1 0 0 0 1 0 1 0 0 -1 0 0 0 -1 0 0 -1 0 0 1 0 1 0 0 0 1 0 -1 0 0 1 0 0 0 -1 0 -1 0 0 0 -1 0 0 1 0 1 0 0 0 1 0 -1 0 0 -1 0 0 0 -1 0 -1 0 0 0 1 0 1 0 0 -1 0 0 1 0 0 0 -1 0 0 -1 0 1 0 0 0 1 0 0 1 0 1 0 0 0 -1 0 -1 0 0 0 -1 0 0 1 0 1 0 0 0 1 0 -1 0 0 -1 0 0 0 -1 0 -1 0 0 0 1 0 1 0 0 -1 0 0 0 -1 0 0 -1 0 0 1 0 1 0 0 0 1 0 -1 0 0 1 0 0 0 -1 0 -1 0 0 1 0 0 0 1 0 1 0 0 0 -1 0 -1 0 0 -1 0 0 1 0 0 0 -1 0 0 1 0 0 -1 0 0 1 0 1 0 0 0 1 0 -1 0 0 0 -1 0 -1 0 0 0 -1 0 0 1 0 1 0 0 0 1 0 -1 0 0 1 0 0 1 0 0 -1 0 0 0 -1 0 0 -1 0 1 0 0 0 1 0 0 1 0 -1 0 0 1 0 0 0 -1 0 -1 0 0 0 -1 0 0 1 0 1 0 0 0 1 0 -1 0 0 0 -1 0 -1 0 0 0 -1 0 0 1 0 1 0 0 0 1 0 -1 0 0 1 0 0 0 -1 0 -1 0 0 0 -1 0 0 1 0 1 0 0 0 1 0 -1 0 0 -1 0 0 1 0 0 0 -1 0 -1 0 0 0 -1 0 0 1 0 1 0 0 0 1 0 -1 0 0 0 -1 0 -1 0 0 0 -1 0 0 1 0 1 0 0 0 1 0 -1 0 0 1 0 0 0 -1 0 -1 0 0 0 -1 0 0 1 0 1 0 0 0 1 0 -1 0 0 -1 0 0 1 0 0 0 -1 0 -1 0 0 0 -1 0 0 1 0 1 0 0 0 1 0 -1 0 0 0 -1 0 -1 0 0 0 -1 0 0 1 0 1 0 0 0 1 0 -1 0 0 1 0 0 0 -1 0 -1 0 0 0 -1 0 0 1 0 1 0 0 0 1 0 -1 0 0 -1 0 0 1 0 0 0 -1 0 -1 0 0 0 -1 0 0 1 0 1 0 0 0 1 0 -1 0 0 0 -1 0 -1 0 0 0 -1 0 0 1 0 1 0 0 0 1 0 -1 0 0 1 0 0 0 -1 0 -1 0 0 0 -1 0 0 1 0 1 0 0 0 1 0 -1 0 0 -1 0 0 1 0 0 0 -1 0 -1 0 0 0 -1 0 0 1 0 1 0 0 0 1 0 -1 0 0 0 -1 0 -1 0 0 0 -1 0 0 1 0 1 0 0 0 1 0 -1 0 0 1 0 0 0 -1 0 -1 0 0 0 -1 0 0 1 0 1 0 0 0 1 0 -1 0 0 -1 0 0 1 0 0 0 -1 0 -1 0 0 1 0 0 0 1 0 1 0 0 0 -1 0 -1 0 0 0 -1 0 0 1 0 0 -1 0 0 1 0 1 0 0 0 1 0 -1 0 0 1 0 0 0 -1 0 -1 0 0 0 -1 0 0 1 0 1 0 0 0 1 0 -1 0 0 -1 0 0 1 0 0 1 0 0 -1 0 0 0 -1 0 0 -1 0 1 0 0 0 1 0 0 1 0 0 -1 0 -1 0 0 0 -1 0 0 1 0 1 0 0 0 1 0 -1 0 0 1 0 0 0 -1 0 -1 0 0 0 -1 0 0 1 0 0 -1 0 1 0 0 0 1 0 -1 0 0 1 0 0 0 -1 0 -1 0 0 -1 0 0 0 -1 0 0 1 0 1 0 0 0 1 0 -1 0 0 0 -1 0 -1 0 0 0 1 0 1 0 0 0 -1 0 -1 0 0 1 0 0 0 -1 0 -1 -4.51978e-7 0 0 -1 0 0 1 0 1 0 0 0 1 0 -1 0 0 -1 0 0 1 0 0 0 -1 0 -1 0 0 0 -1 0 0 1 0 0 1 0 1 0 0 0 1 0 -1 0 0 0 -1 0 -1 0 0 0 1 0 0 1 0 -1 0 0 1 0 0 -1 4.51978e-7 0 0 -1 0 1 0 0 0 1 0 1 0 0 0 -1 0 -1 0 0 0 -1 0 0 1 0 1 0 0 0 1 0 -1 0 0 0 -1 0 -1 0 0 0 1 0 -1 0 0 1 0 0 0 -1 0 1 0 0 0 1 0 1 0 0 0 -1 0 -1 0 0 0 -1 0 0 1 0 1 0 0 0 1 0 -1 0 0 0 -1 0 -1 0 0 0 1 0 -1 0 0 1 0 0 0 -1 0 1 0 0 0 1 0 1 0 0 0 -1 0 -1 0 0 0 -1 0 0 1 0 1 0 0 0 1 0 -1 0 0 0 -1 0 -1 0 0 0 1 0 -1 0 0 1 0 0 0 -1 0 1 0 0 0 1 0 1 0 0 0 -1 0 -1 0 0 0 -1 0 0 1 0 1 0 0 0 1 0 -1 0 0 1 0 0 -1 0 0 0 -1 0 0 1 0 1 0 0 0 -1 0 1 0 0 0 1 0 1 0 0 0 -1 0 -1 0 0 0 -1 0 0 1 0 1 0 0 0 1 0 -1 0 0 0 -1 0 -1 0 0 0 1 0 -1 0 0 1 0 0 1 0 0 1 0 0 0 -1 0 1 0 0 0 -1 0 0 1 0 0 -1 0 0 1 0 1 0 0 0 1 0 -1 0 0 0 -1 0 -1 0 0 0 1 0 -1 0 0 1 0 0 0 -1 0 1 0 0 0 1 0 1 0 0 0 -1 0 -1 0 0 0 -1 0 0 1 0 1 0 0 0 1 0 -1 0 0 0 -1 0 -1 0 0 0 1 0 -1 0 0 1 0 0 0 -1 0 1 0 0 0 1 0 1 0 0 0 -1 0 -1 0 0 0 -1 0 0 1 0 1 0 0 0 1 0 -1 0 0 0 -1 0 -1 0 0 0 1 0 -1 0 0 1 0 0 0 -1 0 1 0 0 0 1 0 1 0 0 0 -1 0 -1 0 0 0 -1 0 0 1 0 1 0 0 0 1 0 -1 0 0 0 -1 0 -1 0 0 0 1 0 1 0 0 -1 0 0 1 0 0 1 0 0 1 0 0 0 -1 0 1 0 0 1 0 0 0 1 0 1 0 0 1 0 0 0 -1 0 -1 0 0 0 -1 0 1 0 0 0 1 0 1 0 0 0 1 0 1 0 0 -1 0 0 0 -1 0 -1 0 0 1 0 0 0 1 0 1 0 0 -1 0 0 1 0 0 1 0 0 1 0 0 0 -1 0 1 0 0 1 0 0 0 1 0 1 0 0 1 0 0 0 -1 0 -1 0 0 0 -1 0 1 0 0 0 1 0 1 0 0 0 1 0 1 0 0 -1 0 0 0 1 0 0 -1 0 -1 0 0 0 -1 0 0 1 0 0 -1 0 -1 0 0 0 -1 0 1 0 0 1 -4.51978e-7 0 0 -1 0 0 -1 0 0 1 0 0 -1 0 1 0 0 0 1 0 -1 9.03956e-7 0 1 0 0 0 -1 0 0 -1 0 -1 0 0 1 0 0 0 -1 0 0 1 0 1 0 0 0 -1 0 0 -1 0 -1 0 0 0 1 0 0 -1 0 0 1 0 0 -1 0 0 1 0 0 -1 0 -1 0 0 0 -1 0 1 0 0 1 -9.03956e-7 0 0 -1 0 0 -1 0 0 1 0 0 -1 0 1 0 0 0 1 0 -1 9.03956e-7 0 1 0 0 0 -1 0 1 0 0 -1 0 0 0 -1 0 0 -1 0 0 -1 0 1 0 0 0 1 0 0 1 0 0 1 0 0 1 0 0 -1 0 -1 0 0 0 1 0 0 1 0 0 1 0 -1 0 0 0 1 0 1 0 0 1 -9.03956e-7 0 0 1 0 0 -1 0 0 1 0 1 0 0 0 1 0 0 1 0 -1 1.35593e-6 0 1 0 0 0 -1 0 0 1 0 -1 0 0 0 -1 0 0 1 0 0 1 0 1 0 0 0 1 0 -1 0 0 0 1 0 0 1 0 0 -1 0 -1 0 0 0 1 0 0 1 0 0 1 0 -1 0 0 0 1 0 1 0 0 1 -1.35593e-6 0 0 1 0 0 -1 0 0 1 0 1 0 0 0 1 0 0 1 0 -1 1.35593e-6 0 1 0 0 0 -1 0 0 1 0 -1 0 0 0 -1 0 0 1 0 -1 0 0 1 0 0 0 1 0 -1 0 0 -1 0 0 0 1 0 0 -1 0 -1 0 0 -1 0 0 0 1 0 -1 0 0 -1 0 0 -1 0 0 1 0 0 1 -1.35593e-6 0 -1 0 0 0 -1 0 0 1 0 1 0 0 -1 0 0 0 1 0 -1 1.35593e-6 0 1 0 0 0 -1 0 -1 0 0 -1 0 0 0 -1 0 0 1 0 -1 0 0 1 0 0 0 1 0 -1 0 0 -1 0 0 0 1 0 0 -1 0 -1 0 0 -1 0 0 0 1 0 -1 0 0 -1 0 0 -1 0 0 1 0 0 1 -1.35593e-6 0 -1 0 0 0 -1 0 0 1 0 1 0 0 -1 0 0 0 1 0 -1 1.24294e-6 0 1 0 0 0 -1 0 -1 0 0 0 -1 0 0 1 0 1 0 0 0 1 0 -1 0 0 0 1 0 0 -1 0 -1 0 0 0 1 0 -1 0 0 1 0 0 1 -1.24294e-6 0 0 -1 0 0 1 0 1 0 0 0 1 0 -1 1.25706e-6 0 1 0 0 0 -1 0 -1 0 0 0 -1 0 0 1 0 1 0 0 0 1 0 -1 0 0 0 1 0 0 -1 0 -1 0 0 0 1 0 0 0 1 0 0 1 0 0 1 0 0 1 0 0 1 0 0 1 0 0 1 0 0 1 0 0 1 0 0 1 0 0 1 0 0 1 0 0 1 0 0 1 0 0 1 0 0 1 0 0 1 0 0 1 0 0 1 0 0 1 0 0 1 0 0 1 0 0 1 0 0 1 0 0 1 0 0 1 0 0 1 0 0 1 0 0 1 0 0 1 0 0 1 0 0 1 0 0 1 0 0 1 0 0 1 0 0 1 0 0 1 0 0 1 0 0 1 0 0 1 0 0 1 0 0 1 0 0 1 0 0 1 0 0 1 0 0 1 0 0 1 0 0 1 0 0 1 0 0 1 0 0 1 0 0 1 0 0 1 0 0 1 0 0 1 0 0 1 0 0 1 0 0 1 0 0 1 0 0 1 0 0 1 0 0 1 0 0 1 0 0 1 0 0 1 0 0 1 0 0 1 0 0 1 0 0 1 0 0 1 0 0 1 0 0 1 0 0 1 0 0 1 0 0 1 0 0 1 0 0 1 0 0 1 0 0 1 0 0 1 0 0 1 0 0 1 0 0 1 0 0 1 0 0 1 0 0 1 0 0 1 0 0 1 0 0 1 0 0 1 0 0 1 0 0 1 0 0 1 0 0 1 0 0 1 0 0 1 0 0 1 0 0 1 0 0 1 0 0 1 0 0 1 0 0 1 0 0 1 0 0 1 0 0 1 0 0 1 0 0 1 0 0 1 0 0 1 0 0 1 0 0 1 0 0 1 0 0 1 0 0 1 0 0 1 0 0 1 0 0 1 0 0 1 0 0 1 0 0 1 0 0 1 0 0 1 0 0 1 0 0 1 0 0 1 0 0 1 0 0 1 0 0 1 0 0 1 0 0 1 0 0 1 0 0 1 0 0 1 0 0 1 0 0 1 0 0 1 0 0 1 0 0 1 0 0 1 0 0 1 0 0 1 0 0 1 0 0 1 0 0 1 0 0 1 0 0 1 0 0 1 0 0 1 0 0 1 0 0 1 0 0 1 0 0 1 0 0 1 0 0 1 0 0 1 0 0 1 0 0 1 0 0 1 0 0 1 0 0 1 0 0 1 0 0 1 0 0 1 0 0 1 0 0 1 0 0 1 0 0 1 0 0 1 0 0 1 0 0 1 0 0 1 0 0 1 0 0 1 0 0 1 0 0 1 0 0 1 0 0 1 0 0 1 0 0 1 0 0 1 0 0 1 0 0 1 0 0 1 0 0 1 0 0 1 0 0 1 0 0 1 0 0 1 0 0 1 0 0 1 0 0 1 0 0 1 0 0 1 0 0 1 0 0 1 0 0 1 0 0 1 0 0 1 0 0 1 0 0 1 0 0 1 0 0 1 0 0 1 0 0 1 0 0 1 0 0 1 0 0 1 0 0 1 0 0 1 0 0 1 0 0 1 0 0 1 0 0 1 0 0 1 0 0 1 0 0 1 0 0 1 0 0 1 0 0 1 0 0 1 0 0 1 0 0 1 0 0 1 0 0 1 0 0 1 0 0 1 0 0 1 0 0 1 0 0 1 0 0 1 0 0 1 0 0 1 0 0 1 0 0 1 0 0 1 0 0 1 0 0 1 0 0 1 0 0 1 0 0 1 0 0 1 0 0 1 0 0 1 0 0 1 0 0 1 0 0 1 0 0 1 0 0 1 0 0 1 0 0 1 0 0 1 0 0 1 0 0 1 0 0 1 0 0 1 0 0 1 0 0 1 0 0 1 0 0 1 0 0 1 0 0 1 0 0 1 0 0 1 0 0 1 0 0 1 0 0 1 0 0 1 0 0 1 0 0 1 0 0 1 0 0 1 0 0 1 0 0 1 0 0 1 0 0 1 0 0 1 0 0 1 0 0 1 0 0 1 0 0 1 0 0 1 0 0 1 0 0 1 0 0 1 0 0 1 0 0 1 0 0 1 0 0 1 0 0 1 0 0 1 0 0 1 0 0 1 0 0 1 0 0 1 0 0 1 0 0 1 0 0 1 0 0 1 0 0 1 0 0 1 0 0 1 0 0 1 0 0 1 0 0 1 0 0 1 0 0 1 0 0 1 0 0 1 0 0 1 0 0 1 0 0 1 0 0 1 0 0 1 0 0 1 0 0 1 0 0 1 0 0 1 0 0 1 0 0 1 0 0 1 0 0 1 0 0 1 0 0 1 0 0 1 0 0 1 0 0 1 0 0 1 0 0 1 0 0 1 0 0 1 0 0 1 0 0 1 0 0 1 0 0 1 0 0 1 0 0 1 0 0 1 0 0 1 0 0 1 0 0 1 0 0 1 0 0 1 0 0 1 0 0 1 0 0 1 0 0 1 0 0 1 0 0 1 0 0 1 0 0 1 0 0 1 0 0 1 0 0 1 0 0 1 0 0 1 0 0 1 0 0 1 0 0 1 0 0 1 0 0 1 0 0 1 0 0 1 0 0 1 0 0 1 0 0 1 0 0 1 0 0 1 0 0 1 0 0 1 0 0 1 0 0 1 0 0 1 0 0 1 0 0 1 0 0 1 0 0 1 0 0 1 0 0 1 0 0 1 0 0 1 0 0 1 0 0 1 0 0 1 0 0 1 0 0 1 0 0 1 0 0 1 0 0 1 0 0 1 0 0 1 0 0 1 0 0 1 0 0 1 0 0 1 0 0 1 0 0 1 0 0 1 0 0 1 0 0 1 0 0 1 0 0 1 0 0 1 0 0 1 0 0 1 0 0 1 0 0 1 0 0 1 0 0 1 0 0 1 0 0 1 0 0 1 0 0 1 0 0 1 0 0 1 0 0 1 0 0 1 0 0 1 0 0 1 0 0 1 0 0 1 0 0 1 0 0 1 0 0 1 0 0 1 0 0 1 0 0 1 0 0 1 0 0 1 0 0 1 0 0 1 0 0 1 0 0 1 0 0 1 0 0 1 0 0 1 0 0 1 0 0 1 0 0 1 0 0 1 0 0 1 0 0 1 0 0 1 0 0 1 0 0 1 0 0 1 0 0 1 0 0 1 0 0 1 0 0 1 0 0 1 0 0 1 0 0 1 0 0 1 0 0 1 0 0 1 0 0 1 0 0 1 0 0 1 0 0 1 0 0 1 0 0 1 0 0 1 0 0 1 0 0 1 0 0 1 0 0 1 0 0 1 0 0 1 0 0 1 0 0 1 0 0 1 0 0 1 0 0 1 0 0 1 0 0 1 0 0 1 0 0 1 0 0 1 0 0 1 0 0 1 0 0 1 0 0 1 0 0 1 0 0 1 0 0 1 0 0 1 0 0 1 0 0 1 0 0 1 0 0 1 0 0 1 0 0 1 0 0 1 0 0 1 0 0 1 0 0 1 0 0 1 0 0 1 0 0 1 0 0 1 0 0 1 0 0 1 0 0 1 0 0 1 0 0 1 0 0 1 0 0 1 0 0 1 0 0 1 0 0 1 0 0 1 0 0 1 0 0 1 0 0 1 0 0 1 0 0 1 0 0 1 0 0 1 0 0 1 0 0 1 0 0 1 0 0 1 0 0 1 0 0 1 0 0 1 0 0 1 0 0 1 0 0 1 0 0 1 0 0 1 0 0 1 0 0 1 0 0 1 0 0 1 0 0 1 0 0 1 0 0 1 0 0 1 0 0 1 0 0 1 0 0 1 0 0 1 0 0 1 0 0 1 0 0 1 0 0 1 0 0 1 0 0 1 0 0 1 0 0 1 0 0 1 0 0 1 0 0 1 0 0 1 0 0 1 0 0 1 0 0 1 0 0 1 0 0 1 0 0 1 0 0 1 0 0 1 0 0 1 0 0 1 0 0 1 0 0 1 0 0 1 0 0 1 0 0 1 0 0 1 0 0 1 0 0 1 0 0 1 0 0 1 0 0 1 0 0 1 0 0 1 0 0 1 0 0 1 0 0 1 0 0 1 0 0 1 0 0 1 0 0 1 0 0 1 0 0 1 0 0 1 0 0 1 0 0 1 0 0 1 0 0 1 0 0 1 0 0 1 0 0 1 0 0 1 0 0 1 0 0 1 0 0 1 0 0 1 0 0 1 0 0 1 0 0 1 0 0 1 0 0 1 0 0 1 0 0 1 0 0 1 0 0 1 0 0 1 0 0 1 0 0 1 0 0 1 0 0 1 0 0 1 0 0 1 0 0 1 0 0 1 0 0 1 0 0 1 0 0 1 0 0 1 0 0 1 0 0 1 0 0 1 0 0 1 0 0 1 0 0 1 0 0 1 0 0 1 0 0 1 0 0 1 0 0 1 0 0 1 0 0 1 0 0 1 0 0 1 0 0 1 0 0 1 0 0 1 0 0 1 0 0 1 0 0 1 0 0 1 0 0 1 0 0 1 0 0 1 0 0 1 0 0 1 0 0 1 0 0 1 0 0 1 0 0 1 0 0 1 0 0 1 0 0 1 0 0 1 0 0 1 0 0 1 0 0 1 0 0 1 0 0 1 0 0 1 0 0 1 0 0 1 0 0 1 0 0 1 0 0 1 0 0 1 0 0 1 0 0 1 0 0 1 0 0 1 0 0 1 0 0 1 0 0 1 0 0 1 0 0 1 0 0 1 0 0 1 0 0 1 0 0 1 0 0 1 0 0 1 0 0 1 0 0 1 0 0 1 0 0 1 0 0 1 0 0 1 0 0 1 0 0 1 0 0 1 0 0 1 0 0 1 0 0 1 0 0 1 0 0 1 0 0 1 0 0 1 0 0 1 0 0 1 0 0 1 0 0 1 0 0 1 0 0 1 0 0 1 0 0 1 0 0 1 0 0 1 0 0 1 0 0 1 0 0 1 0 0 1 0 0 1 0 0 1 0 0 1 0 0 1 0 0 1 0 0 1 0 0 1 0 0 1 0 0 1 0 0 1 0 0 1 0 0 1 0 0 1 0 0 1 0 0 1 0 0 1 0 0 1 0 0 1 0 0 1 0 0 1 0 0 1 0 0 1 0 0 1 0 0 1 0 0 1 0 0 1 0 0 1 0 0 1 0 0 1 0 0 1 0 0 1 0 0 1 0 0 1 0 0 1 0 0 1 0 0 1 0 0 1 0 0 1 0 0 1 0 0 1 0 0 1 0 0 1 0 0 1 0 0 1 0 0 1 0 0 1 0 0 1 0 0 1 0 0 1 0 0 1 0 0 1 0 0 1 0 0 1 0 0 1 0 0 1 0 0 1 0 -1 0 1 0 0 0 1 0 1 4.51978e-7 0 1 -1.35593e-6 0 -1 0 0 0 1 0 -1 0 0 0 -1 0 0 1 0 -1 0 0 0 1 0 1 0 0 0 -1 0 0 1 0 0 -1 0 0 1 0 0 -1 0 1 0 0 -1 1.35593e-6 0 0 -1 0 1 0 0 0 1 0 1 0 0 1 -1.35593e-6 0 1 0 0 -1 0 0 0 1 0 -1 0 0 0 -1 0 0 1 0 -1 0 0 0 1 0 1 0 0 0 1 0 0 -1 0 -1 0 0 0 -1 0 1 0 0 -1 1.35593e-6 0 0 1 0 1 0 0 0 1 0 0 -1 0 1 -1.24294e-6 0 1 0 0 0 1 0 0 -1 0 -1 0 0 1 0 0 0 1 0 -1 0 0 0 1 0 1 0 0 0 1 0 0 -1 0 -1 0 0 0 -1 0 1 0 0 -1 1.24294e-6 0 0 1 0 1 0 0 0 1 0 0 -1 0 1 -1.25706e-6 0 1 0 0 -1 0 0 0 0 -1 0 0 -1 0 0 -1 -0.9659258 -0.2588191 0 0 0 -1 0 0 -1 0 0 -1 0 0 -1 0 0 -1 0 0 -1 0 0 -1 0 0 -1 0.9659258 -0.2588191 0 0.7071068 0.7071068 0 0.7071068 -0.7071068 0 -0.9659258 0.2588191 0 -0.7071068 -0.7071068 0 0.2588191 0.9659258 0 0.9659258 -0.2588191 0 -0.2588191 -0.9659258 0 -0.2588191 0.9659258 0 0.9659258 0.2588191 0 0.2588191 -0.9659258 0 -0.7071068 0.7071068 0 0 0 -1 0 0 -1 0 0 -1 0 0 -1 0 0 -1 0 0 -1 0 0 -1 0 0 -1 0 0 -1 0 0 -1 0 0 -1 0 0 -1 0.7071068 0.7071068 0 -0.2588191 -0.9659258 0 -0.9659258 0.2588191 0 0.2588191 0.9659258 0 0.2588191 -0.9659258 0 -0.9659258 -0.2588191 0 -0.2588191 0.9659258 0 0.7071068 -0.7071068 0 0.9659258 0.2588191 0 -0.7071068 -0.7071068 0 -0.7071068 0.7071068 0 -0.2588189 -0.9659259 0 -0.7071068 0.7071068 0 0.8660254 -0.5000001 0 0 -1 0 0.7071068 -0.7071068 0 -0.9659258 0.2588191 0 -0.8660254 -0.5000001 0 0.9659258 -0.2588192 0 0 -1 0 0.5 0.8660254 0 -0.9659258 0.2588191 0 -1 0 0 0.9659259 -0.2588191 0 0.258819 0.9659259 0 0.5 0.8660255 0 0.5 0.8660254 0 -0.2588189 -0.9659259 0 -0.7071068 0.7071068 0 0.8660254 -0.5 0 0.8660256 -0.4999997 0 0.7071068 -0.7071068 0 -0.7071068 -0.7071068 0 -0.8660254 -0.5 0 0.7071067 0.7071069 0 0 -1 0 -0.4999998 0.8660256 0 -0.9659259 0.2588191 0 -0.8660254 0.5 0 0.9659258 -0.258819 0 0.7071068 0.7071068 0 0.5000001 0.8660253 0 0.4999998 0.8660256 0 -0.7071068 -0.7071068 0 -0.7071067 0.7071068 0 0.5 -0.8660254 0 0.7071068 -0.7071068 0 -0.8660254 -0.5 0 0 -1 0 -0.9659258 0.2588191 0 -0.8660255 0.5 0 0.9659259 -0.258819 0 0.7071068 0.7071068 0 0.5 0.8660254 0 0.4999997 0.8660256 0 -0.7071068 -0.7071068 0 -0.7071068 0.7071068 0 0.5 -0.8660255 0 0.7071068 -0.7071068 0 -0.8660256 -0.4999997 0 0 -1 0 -0.9659258 0.258819 0 -0.8660256 0.4999997 0 0.9659258 -0.2588189 0 0.7071068 0.7071068 0 0.5000001 0.8660254 0 0.5 0.8660255 0 -0.7071068 -0.7071068 0 -0.7071068 0.7071068 0 0.4999997 -0.8660256 0 0.7071068 -0.7071068 0 -0.8660255 -0.5 0 0 -1 0 -0.9659259 0.2588191 0 -0.8660254 0.5 0 0.9659259 -0.2588189 0 0.7071068 0.7071068 0 0.5 0.8660254 0 0.5 0.8660254 0 -0.7071067 -0.7071068 0 -0.7071068 0.7071068 0 0.4999998 -0.8660256 0 0.7071068 -0.7071068 0 -0.8660254 -0.5 0 -0.5 -0.8660254 0 -0.7071068 0.7071068 0 -0.8660254 0.5 0 0.7071068 -0.7071068 0 0.7071068 0.7071068 0 0.8660254 0.5 0 0.4999998 0.8660256 0 -0.7071068 -0.7071068 0 -0.7071068 0.7071068 0 0.5 -0.8660254 0 0.7071068 -0.7071068 0 -0.8660256 -0.4999998 0 -0.5 -0.8660255 0 -0.7071068 0.7071068 0 -0.8660254 0.5000001 0 0.7071068 -0.7071068 0 0.7071068 0.7071068 0 0.8660255 0.5 0 -1 0 0 -0.7071068 -0.7071068 0 -0.2588189 0.9659259 0 0.5000001 -0.8660254 0 0.258819 -0.9659259 0 0.8660254 0.5 0 -0.4999997 -0.8660256 0 -0.7071068 0.7071068 0 -0.8660254 0.5 0 0.7071068 -0.7071068 0 0.7071068 0.7071068 0 0.8660256 0.4999997 0 -1 0 0 -0.7071068 -0.7071068 0 -0.2588189 0.9659259 0 0.4999999 -0.8660255 0 0.258819 -0.9659258 0 0.8660254 0.5000001 0 -0.5 -0.8660254 0 -0.7071068 0.7071068 0 0 -1 0 0.7071068 -0.7071067 0 -0.9659259 -0.2588189 0 0.8660256 0.4999998 0 -1 0 0 0.9659259 0.2588191 0 -0.258819 0.9659259 0 -0.5 0.8660254 0 0.258819 -0.9659258 0 0.8660254 -0.5 0 0.8660254 0.5 0 -0.7071067 -0.7071068 0 -0.5 -0.8660254 0 0.7071067 0.7071069 0 -0.7071068 0.7071068 0 -0.5 0.8660254 0 0 -1 0 0.7071068 -0.7071068 0 -0.9659258 -0.2588189 0 0.8660254 0.5 0 -1 0 0 0.9659258 0.258819 0 -0.258819 0.9659258 0 -0.5000001 0.8660254 0 0.2588191 -0.9659259 0 0.8660254 -0.5 0 0.8660253 0.5000001 0 -0.7071067 -0.7071068 0 -0.5000001 -0.8660254 0 0.7071068 0.7071068 0 -0.7071068 0.7071068 0 -0.4999997 0.8660256 0 0 -1 0 0.7071068 -0.7071068 0 -0.9659259 -0.258819 0 0.8660254 0.5000001 0 -1 0 0 0.9659258 0.2588191 0 -0.2588191 0.9659259 0 -0.5 0.8660254 0 0.2588191 -0.9659258 0 0.8660256 -0.4999998 0 0.8660255 0.5 0 -0.7071068 -0.7071068 0 -0.4999999 -0.8660255 0 0.707107 0.7071066 0 -0.7071068 0.7071068 0 -0.4999997 0.8660256 0 0 -1 0 0.7071068 -0.7071068 0 -0.9659258 -0.258819 0 0.8660254 0.5 0 -1 0 0 0.9659259 0.2588191 0 -0.2588191 0.9659258 0 -0.5000001 0.8660253 0 0.2588191 -0.9659258 0 0.8660254 -0.5 0 0.8660255 0.5 0 -0.707107 -0.7071067 0 1 0 0 0.7071069 0.7071067 0 0.2588189 -0.9659259 0 -0.4999998 0.8660256 0 0 -1 0 -0.258819 0.9659259 0 -0.9659259 -0.2588191 0 -0.8660254 -0.5 0 -1 0 0 0.9659258 0.2588191 0 -0.2588191 0.9659258 0 -0.5 0.8660255 0 0.2588191 -0.9659258 0 0.8660254 -0.5 0 0.8660252 0.5000002 0 -0.707107 -0.7071066 0 1 0 0 0.707107 0.7071065 0 0 0 -1 0.2588189 -0.9659259 0 -0.5 0.8660254 0 0 -1 0 -0.258819 0.9659258 0 -0.9659258 -0.2588191 0 -0.8660254 -0.5000001 0 -1 0 0 0.9659258 0.2588191 0 -0.2588192 0.9659258 0 -0.5 0.8660255 0 0.2588191 -0.9659258 0 0.8660254 -0.5 0 0.8660254 0.5 0 -0.707107 -0.7071066 0 1 0 0 0.707107 0.7071066 0 0.258819 -0.9659259 0 -0.5000001 0.8660254 0 0 -1 0 -0.258819 0.9659258 0 -0.9659258 -0.2588191 0 -0.8660254 -0.5 0 1 0 0 0.9659258 0.2588191 0 -0.2588193 -0.9659258 0 -0.5000002 0.8660252 0 0.2588192 0.9659258 0 0.8660254 -0.5 0 -0.8660252 0.5000002 0 -0.707107 -0.7071067 0 1 0 0 0.7071071 0.7071065 0 0.258819 -0.9659258 0 -0.5000001 0.8660254 0 0 -1 0 -0.2588191 0.9659259 0 -0.9659258 -0.2588192 0 -0.8660253 -0.5000001 0 1 0 0 0.9659258 0.2588191 0 -0.2588192 -0.9659258 0 -0.5 0.8660254 0 0.2588191 0.9659258 0 0 1 0 -0.8660252 0.5000002 0 0.9659259 0.2588189 0 1 0 0 -0.9659259 -0.258819 0 0.2588191 -0.9659259 0 0.5000001 -0.8660253 0 0 1 0 -0.2588191 0.9659258 0 -0.9659259 0.2588189 0 -0.8660255 -0.5 0 1 0 0 0.9659259 -0.258819 0 -0.2588191 -0.9659258 0 -0.5000001 -0.8660253 0 0.2588189 0.9659259 0 0 1 0 -0.8660254 0.5 0 0.9659259 0.2588189 0 1 0 0 -0.9659258 -0.258819 0 0.2588191 -0.9659258 0 0.5000001 -0.8660254 0 0 1 0 -0.2588191 0.9659258 0 -0.9659259 0.2588189 0 -0.8660255 -0.5 0 1 0 0 0.9659258 -0.258819 0 -0.2588189 -0.9659259 0 -0.5000001 -0.8660254 0 0.2588188 0.9659259 0 0 1 0 -0.8660253 0.5000001 0 0.9659259 0.258819 0 1 0 0 -0.9659258 -0.258819 0 0.2588191 -0.9659258 0 0.5 -0.8660254 0 0 1 0 -0.2588191 0.9659258 0 -0.9659259 0.258819 0 -0.8660252 -0.5000002 0 1 0 0 0.9659258 -0.258819 0 -0.2588188 -0.9659259 0 -0.5 -0.8660254 0 0.2588186 0.9659259 0 0 1 0 -0.8660254 0.5 0 0.9659258 0.258819 0 1 0 0 -0.9659259 -0.2588191 0 0.2588192 -0.9659258 0 0.5000001 -0.8660253 0 0 1 0 -0.2588191 0.9659258 0 -0.9659258 0.258819 0 -0.8660254 -0.5 0 1 0 0 0.9659259 -0.2588191 0 -0.2588187 -0.9659259 0 -0.5000001 -0.8660253 0 0.2588188 0.965926 0 0 1 0 -0.8660254 0.5 0 0.9659259 0.2588191 0 -1 0 0 -0.9659258 -0.2588191 0 0.2588192 0.9659258 0 0.5 -0.8660255 0 0 1 0 -0.2588191 -0.9659258 0 -0.9659259 0.2588191 0 0.8660252 -0.5000002 0 1 0 0 0.9659258 -0.2588191 0 -0.2588188 -0.9659259 0 -0.5 -0.8660255 0 0.2588186 0.965926 0 0 1 0 -0.8660254 0.5 0 0.9659258 0.2588191 0 -1 0 0 -0.9659258 -0.2588191 0 0.2588191 0.9659258 0 0.5 -0.8660255 0 0 1 0 -0.2588191 -0.9659258 0 -0.9659258 0.2588191 0 0.8660255 -0.5 0 1 0 0 0.9659258 -0.2588191 0 -0.2588191 -0.9659258 0 -0.5 -0.8660255 0 0.2588193 0.9659258 0 0 1 0 -0.8660256 0.4999997 0 0.9659258 0.2588191 0 -1 0 0 -0.9659258 -0.2588191 0 0.2588191 0.9659258 0 0.5000002 -0.8660252 0 0 1 0 -0.2588191 -0.9659259 0 -0.9659258 0.2588191 0 0.8660255 -0.5 0 -0.8660256 0.4999998 0 0.9659258 -0.2588191 0 0.7071068 0.7071068 0 -0.5000002 -0.8660252 0 -0.7071068 -0.7071068 0 0 1 0 0.4999998 -0.8660256 0 0.9659258 0.2588192 0 -1 0 0 -0.9659258 -0.2588191 0 0.2588191 0.9659259 0 0.5 -0.8660254 0 0 1 0 -0.258819 -0.9659258 0 -0.9659258 0.2588192 0 0.8660253 -0.5000001 0 -1 0 0 0.9659258 -0.2588191 0 0.2588191 0.9659258 0 -0.5 -0.8660254 0 -0.2588192 -0.9659258 0 0 0 -1 0 0 -1 0 0 -1 0 0 -1 0 0 -1 0 0 -1 0 0 -1 0 0 -1 0 0 -1 0 0 -1 0 0 -1 0 0 -1 0 0 -1 0 0 -1 0 0 -1 0 0 -1 0 0 -1 0 0 -1 0 0 -1 0 0 -1 0 0 -1 0 0 -1 0 0 -1 0 0 -1 0 0 -1 0 0 -1 0 0 -1 0 0 -1 0 0 -1 0 0 -1 0 0 -1 0 0 -1 0 0 -1 0 0 -1 0 0 -1 0 0 -1 0 0 -1 0 0 -1 0 0 -1 0 0 -1 0 0 -1 0 0 -1 0 0 -1 0 0 -1 0 0 -1 0 0 -1 0 0 -1 0 0 -1 0 0 -1 0 0 -1 0 0 -1 0 0 -1 0 0 -1 0 0 -1 0 0 -1 0 0 -1 0 0 -1 0 0 -1 0 0 -1 0 0 -1 0 0 -1 0 0 -1 0 0 -1 0 0 -1 0 0 -1 0 0 -1 0 0 -1 0 0 -1 0 0 -1 0 0 -1 0 0 -1 0 0 -1 0 0 -1 0 0 -1 0 0 -1 0 0 -1 0 0 -1 0 0 -1 0 0 -1 0 0 -1 0 0 -1 0 0 -1 0 0 -1 0 0 -1 0 0 -1 0 0 -1 0 0 -1 0 0 -1 0 0 -1 0 0 -1 0 0 -1 0 0 -1 0 0 -1 0 0 -1 0 0 -1 0 0 -1 0 0 -1 0 0 -1 0 0 -1 0 0 -1 0 0 -1 0 0 -1 0 0 -1 0 0 -1 0 0 -1 0 0 -1 0 0 -1 0 0 -1 0 0 -1 0 0 -1 0 0 -1 0 0 -1 0 0 -1 0 0 -1 0 0 -1 0 0 -1 0 0 -1 0 0 -1 0 0 -1 0 0 -1 0 0 -1 0 0 -1 0 0 -1 0 0 -1 0 0 -1 0 0 -1 0 0 -1 0 0 -1 0 0 -1 0 0 -1 0 0 -1 0 0 -1 0 0 -1 0 0 -1 0 0 -1 0 0 -1 0 0 -1 0 0 -1 0 0 -1 0 0 -1 0 0 -1 0 0 -1 0 0 -1 0 0 -1 0 0 -1 0 0 -1 0 0 -1 0 0 -1 0 0 -1 0 0 -1 0 0 -1 0 0 -1 0 0 -1 0 0 -1 0 0 -1 0 0 -1 0 0 -1 0 0 -1 0 0 -1 0 0 -1 0 0 -1 0 0 -1 0 0 -1 0 0 -1 0 0 -1 0 0 -1 0 0 -1 0 0 -1 0 0 -1 0 0 -1 0 0 -1 0 0 -1 0 0 -1 0 0 -1 0 0 -1 0 0 -1 0 0 -1 0 0 -1 0 0 -1 0 0 -1 0 0 -1 0 0 -1 0 0 -1 0 0 -1 0 0 -1 0 0 -1 0 0 -1 0 0 -1 0 0 -1 0 0 -1 0 0 -1 0 0 -1 0 0 -1 0 0 -1 0 0 -1 0 0 -1 0 0 -1 0 0 -1 0 0 -1 0 0 -1 0 0 -1 0 0 -1 0 0 -1 0 0 -1 0 0 -1 0 0 -1 0 0 -1 0 0 -1 0 0 -1 0 0 -1 0 0 -1 0 0 -1 0 0 -1 0 0 -1 0 0 -1 0 0 -1 0 0 -1 0 0 -1 0 0 -1 0 0 -1 0 0 -1 0 0 -1 0 0 -1 0 0 -1 0 0 -1 0 0 -1 0 0 -1 0 0 -1 0 0 -1 0 0 -1 0 0 -1 0 0 -1 0 0 -1 0 0 -1 0 0 -1 0 0 -1 0 0 -1 0 0 -1 0 0 -1 0 0 -1 0 0 -1 0 0 -1 0 0 -1 0 0 -1 0 0 -1 0 0 -1 0 0 -1 0 0 -1 0 0 -1 0 0 -1 0 0 -1 0 0 -1 0 0 -1 0 0 -1 0 0 -1 0 0 -1 0 0 -1 0 0 -1 0 0 -1 0 0 -1 0 0 -1 0 0 -1 0 0 -1 0 0 -1 0 0 -1 0 0 -1 0 0 -1 0 0 -1 0 0 -1 0 0 -1 0 0 -1 0 0 -1 0 0 -1 0 0 -1 0 0 -1 0 0 -1 0 0 -1 0 0 -1 0 0 -1 0 0 -1 0 0 -1 0 0 -1 0 0 -1 0 0 -1 0 0 -1 0 0 -1 0 0 -1 0 0 -1 0 0 -1 0 0 -1 0 0 -1 0 0 -1 0 0 -1 0 0 -1 0 0 -1 0 0 -1 0 0 -1 0 0 -1 0 0 -1 0 0 -1 0 0 -1 0 0 -1 0 0 -1 0 0 -1 0 0 -1 0 0 -1 0 0 -1 0 0 -1 0 0 -1 0 0 -1 0 0 -1 0 0 -1 0 0 -1 0 0 -1 0 0 -1 0 0 -1 0 0 -1 0 0 -1 0 0 -1 0 0 -1 0 0 -1 0 0 -1 0 0 -1 0 0 -1 0 0 -1 0 0 -1 0 0 -1 0 0 -1 0 0 -1 0 0 -1 0 0 -1 0 0 -1 0 0 -1 0 0 -1 0 0 -1 0 0 -1 0 0 -1 0 0 -1 0 0 -1 0 0 -1 0 0 -1 0 0 -1 0 0 -1 0 0 -1 0 0 -1 0 0 -1 0 0 -1 0 0 -1 0 0 -1 0 0 -1 0 0 -1 0 0 -1 0 0 -1 0 0 -1 0 0 -1 0 0 -1 0 0 -1 0 0 -1 0 0 -1 0 0 -1 0 0 -1 0 0 -1 0 0 -1 0 0 -1 0 0 -1 0 0 -1 0 0 -1 0 0 -1 0 0 -1 0 0 -1 0 0 -1 0 0 -1 0 0 -1 0 0 -1 0 0 -1 0 0 -1 0 0 -1 0 0 -1 0 0 -1 0 0 -1 0 0 -1 0 0 -1 0 0 -1 0 0 -1 0.5000001 0.8660254 0 0.5 0.8660255 0 0.258819 0.9659258 0 0.9659258 -0.2588191 0 -1 0 0 -0.9659258 0.2588191 0 0.8660256 0.4999998 0 0 -1 0 0.7071068 -0.7071068 0 -0.8660254 -0.5 0 -0.7071068 0.7071068 0 0.7071068 -0.7071068 0 -0.4999998 -0.8660256 0 0.8660254 -0.5 0 -0.7071068 0.7071068 0 -0.258819 -0.9659259 0 0.5000001 0.8660254 0 0.5000002 0.8660252 0 0.258819 0.9659258 0 0.9659258 -0.2588191 0 -1 0 0 -0.9659258 0.2588192 0 0.8660254 -0.5 0 0 -1 0 -0.7071068 0.7071068 0 0 1 0 1 0 0 0 -1 0 -1 0 0 0.7071068 0.7071068 0 0.7071071 -0.7071065 0 -0.7071068 -0.7071068 0 0 -1 0 -1 0 0 0.7071068 0.7071068 0 0.7071071 -0.7071065 0 -0.7071068 -0.7071068 0 -0.7071068 0.7071068 0 0 1 0 1 0 0 0 0 -1 0 0 -1 0 0 -1 0 0 -1 0 0 -1 0 0 -1 0 0 -1 0 0 -1 0 0 -1 0 0 1 0 0 -1 0 -1 0 -1 0 0 0 1 0 1 0 0 0 0 1 0 -1 0 1 0 0 0 1 0 -1 0 0 0 0 -1 0 0 1 0 -1 0 -1 0 0 0 0 -1 1 0 0 0 1 0 0 1 0 0 1 0 1 0 0 1 0 0 -1 0 0 -1 0 0 0 -1 0 0 -1 0 0 -1 0 0 -1 0 0 -1 0 0 -1 0 0 1 0 0 1 0 0 1 0 0 1 0 0 1 0 0 1 0 0 0 -1 0 0 -1 0 -1 0 0 -1 0 0 0 1 0 0 1 0 0 1 0 1 0 0 0 1 0 0 1 0 0 -1 -1 1.35593e-6 0 0 0 -1 0 0 -1 -1 0 0 -1 0 0 -1 0 0 -1 0 0 1 0 0 1 0 0 1 0 0 1 0 0 1 0 0 1 0 0 0 0 -1 0 0 -1 -1 0 0 -1 0 0 0 0 1 0 0 1 1 0 0 -1 0 0 0 -1 0 0 0 1 0 0 1 0 0 1 0 0 1 0 0 1 0 0 1 0 0 1 0 0 1 0 0 1 0 0 1 0 0 1 0 0 1 0 0 1 0 0 1 0 0 1 0 0 1 0 0 1 0 0 1 0 0 1 0 0 1 0 0 1 0 0 1 0 0 1 0 0 1 0 0 1 0 0 1 0 0 1 0 0 1 0 0 1 0 0 1 0 0 1 0 0 1 0 0 1 0 0 1 0 0 1 0 0 1 0 0 1 0 0 1 0 0 1 0 0 1 0 0 1 0 0 1 0 0 1 0 0 1 0 0 1 0 0 1 0 0 1 0 0 1 0 0 1 0 0 1 0 0 1 0 0 1 0 0 1 0 0 1 0 0 1 0 0 1 0 0 1 0 0 1 0 0 1 0 0 1 0 0 1 0 0 1 0 0 1 0 0 1 0 0 1 0 0 1 0 0 1 0 0 1 0 0 1 0 0 1 0 0 1 0 0 1 0 0 1 0 0 1 0 0 1 0 0 1 0 0 1 0 0 1 0 0 1 0 0 1 0 0 1 0 0 1 0 0 1 0 0 1 0 0 1 0 0 1 0 0 1 0 0 1 0 0 1 0 0 1 0 0 1 0 0 1 0 0 1 0 0 1 0 0 1 0 0 1 0 0 1 0 0 1 0 0 1 0 0 1 0 0 1 0 0 1 0 0 1 0 0 1 0 0 1 0 0 1 0 0 1 0 0 1 0 0 1 0 0 1 0 0 1 0 0 1 0 0 1 0 0 1 0 0 1 0 0 1 0 0 1 0 0 1 0 0 1 0 0 1 0 0 1 0 0 1 0 0 1 0 0 1 0 0 1 0 0 1 0 0 1 0 0 1 0 0 1 0 0 1 0 0 1 0 0 1 0 0 1 0 0 1 0 0 1 0 0 1 0 0 1 0 0 1 0 0 1 0 0 1 0 0 1 0 0 1 0 0 1 0 0 1 0 0 1 0 0 1 0 0 1 0 0 1 0 0 1 0 0 1 0 0 1 0 0 1 0 0 1 0 0 1 0 0 1 0 0 1 0 0 1 0 0 1 0 0 1 0 0 1 0 0 1 0 0 1 0 0 1 0 0 1 0 0 1 0 0 1 0 0 1 0 0 1 0 0 1 0 0 1 0 0 1 0 0 1 0 0 1 0 0 1 0 0 1 0 0 1 0 0 1 0 0 1 0 0 1 0 0 1 0 0 1 0 0 1 0 0 1 0 0 1 0 0 1 0 0 1 0 0 1 0 0 1 0 0 1 0 0 1 0 0 1 0 0 1 0 0 1 0 0 1 0 0 1 0 0 1 0 0 1 0 0 1 0 0 1 0 0 1 0 0 1 0 0 1 0 0 1 0 0 1 0 0 1 0 0 1 0 0 1 0 0 1 0 0 1 0 0 1 0 0 1 0 0 1 0 0 1 0 0 1 0 0 1 0 0 1 0 0 1 0 0 1 0 0 1 0 0 1 0 0 1 0 0 1 0 0 1 0 0 1 0 0 1 0 0 1 0 0 1 0 0 1 0 0 1 0 0 1 0 0 1 0 0 1 0 0 1 0 0 1 0 0 1 0 0 1 0 0 1 0 0 1 0 0 1 0 0 1 0 0 1 0 0 1 0 0 1 0 0 1 0 0 1 0 0 1 0 0 1 0 0 1 0 0 1 0 0 1 0 0 1 0 0 1 0 0 1 0 0 1 0 0 1 0 0 1 0 0 1 0 0 1 0 0 1 0 0 1 0 0 1 0 0 1 0 0 1 0 0 1 0 0 1 0 0 1 0 0 1 0 0 1 0 0 1 0 0 1 0 0 1 0 0 1 0 0 1 0 0 1 0 0 1 0 0 1 0 0 1 0 0 1 0 0 1 0 0 1 0 0 1 0 0 1 0 0 1 0 0 1 0 0 1 0 0 1 0 0 1 0 0 1 0 0 1 0 0 1 0 0 1 0 0 1 0 0 1 0 0 1 0 0 1 0 0 1 0 0 1 0 0 1 0 0 1 0 0 1 0 0 1 0 0 1 0 0 1 0 0 1 0 0 1 0 0 1 0 0 1 0 0 1 0 0 1 0 0 1 0 0 1 0 0 1 0 0 1 0 0 1 0 0 1 0 0 1 0 0 1 0 0 1 0 0 1 1 0 0 0 -1 0 -1 -9.03957e-7 0 0 -1 0 0 1 0 0 -1 0 1 0 0 0 1 0 -1 0 0 0 1 0 0 -1 0 -1 0 0 0 1 0 -1 0 0 1 -1.35593e-6 0 1 9.03957e-7 0 0 1 0 1 0 0 0 -1 0 -1 9.03956e-7 0 1 0 0 0 -1 0 -1 -9.03957e-7 0 0 -1 0 0 1 0 0 -1 0 1 0 0 0 1 0 -1 0 0 0 1 0 0 -1 0 -1 0 0 0 1 0 -1 0 0 1 -9.03956e-7 0 1 9.03957e-7 0 0 1 0 1 0 0 0 -1 0 -1 9.03956e-7 0 1 0 0 0 -1 0 -1 -1.35594e-6 0 0 -1 0 0 1 0 0 -1 0 1 0 0 0 1 0 -1 0 0 0 1 0 0 -1 0 -1 0 0 0 1 0 1 0 0 -1 0 0 0 -1 0 1 -9.03956e-7 0 0 1 0 1 1.35594e-6 0 0 1 0 1 0 0 -1 0 0 0 -1 0 -1 4.51978e-7 0 1 0 0 0 -1 0 -1 -1.35594e-6 0 0 -1 0 0 1 0 0 -1 0 1 0 0 0 1 0 -1 0 0 0 1 0 0 -1 0 -1 0 0 0 1 0 -1 0 0 1 0 0 1 1.35594e-6 0 1 -4.51978e-7 0 1 0 0 0 -1 0 0 1 0 1 0 0 0 -1 0 -1 -1.35594e-6 0 0 -1 0 0 1 0 0 -1 0 1 0 0 0 1 0 -1 0 0 0 -1 0 -1 0 0 0 1 0 1 0 0 -1 0 0 0 -1 0 1 1.35594e-6 0 0 1 0 1 0 0 0 -1 0 -1 0 0 1 0 0 0 -1 0 -1 -1.24294e-6 0 1 0 0 0 1 0 0 -1 0 1 0 0 0 -1 0 -1 0 0 0 -1 0 0 1 0 0 1 0 1 0 0 -1 0 0 0 -1 0 1 1.24294e-6 0 0 1 0 1 0 0 0 -1 0 -1 0 0 1 0 0 1 0 0 -1 -1.2606e-6 0 0 -1 0 0 -1 0 0 -1 0 1 0 0 0 1 0 0 1 0 0 -1 0 -1 0 0 0 1 0 1 0 0 -1 0 0 0 -1 0 1 1.2606e-6 0 0 1 0 1 0 0 0 -1 0 -1 0 0 1 0 0 0 -1 0 -1 -1.24294e-6 0 0 -1 0 0 1 0 0 -1 0 1 0 0 0 1 0 -1 0 0 0 -1 0 -1 0 0 0 1 0 1 0 0 -1 0 0 0 -1 0 1 1.24294e-6 0 0 1 0 1 0 0 0 -1 0 -1 0 0 1 0 0 0 -1 0 -1 -1.35594e-6 0 0 -1 0 0 1 0 0 -1 0 1 0 0 0 1 0 -1 0 0 0 -1 0 -1 0 0 0 1 0 1 0 0 -1 0 0 0 -1 0 1 1.35594e-6 0 0 1 0 1 0 0 0 -1 0 -1 0 0 1 0 0 0 -1 0 -1 -1.35594e-6 0 0 -1 0 0 1 0 0 -1 0 1 0 0 0 1 0 -1 0 0 0 -1 0 -1 0 0 0 1 0 1 0 0 -1 0 0 0 -1 0 1 1.35594e-6 0 0 1 0 1 0 0 0 -1 0 -1 0 0 1 0 0 0 -1 0 -1 -1.35594e-6 0 0 -1 0 0 1 0 0 -1 0 1 0 0 0 1 0 -1 0 0 0 -1 0 -1 0 0 0 1 0 1 0 0 -1 0 0 0 -1 0 1 1.35594e-6 0 0 1 0 1 0 0 0 -1 0 -1 0 0 1 0 0 0 -1 0 -1 -9.03957e-7 0 0 -1 0 0 1 0 0 -1 0 1 0 0 0 1 0 -1 0 0 0 -1 0 -1 0 0 0 1 0 1 0 0 -1 0 0 0 -1 0 1 9.03957e-7 0 0 1 0 1 0 0 0 -1 0 -1 0 0 1 0 0 0 -1 0 -1 -9.03957e-7 0 0 -1 0 0 1 0 0 -1 0 1 0 0 0 1 0 -1 0 0 1 0 0 -1 0 0 0 -1 0 1 0 0 0 1 0 0 -1 0 1 9.03957e-7 0 0 1 0 1 0 0 0 -1 0 -1 0 0 1 0 0 0 -1 0 -1 -4.51978e-7 0 0 -1 0 0 1 0 0 -1 0 1 0 0 0 1 0 -1 0 0 0 -1 0 -1 0 0 0 1 0 1 0 0 -1 0 0 0 -1 0 1 0 0 0 1 0 1 0 0 1 4.51978e-7 0 -1 0 0 1 0 0 0 -1 0 0 -1 0 0 -1 0 0 1 0 1 0 0 0 1 0 -1 0 0 -1 0 0 0 -1 0 -1 0 0 0 1 0 1 0 0 -1 0 0 0 -1 0 0 -1 0 0 1 0 1 0 0 0 1 0 -1 0 0 1 0 0 0 -1 0 -1 0 0 0 -1 0 0 1 0 1 0 0 0 1 0 -1 0 0 -1 0 0 0 -1 0 -1 0 0 0 1 0 1 0 0 -1 0 0 0 -1 0 0 -1 0 0 1 0 1 0 0 0 1 0 -1 0 0 1 0 0 0 -1 0 -1 0 0 0 -1 0 0 1 0 1 0 0 0 1 0 -1 0 0 -1 0 0 0 -1 0 -1 0 0 0 1 0 1 0 0 -1 0 0 0 -1 0 0 -1 0 0 1 0 1 0 0 0 1 0 -1 0 0 1 0 0 0 -1 0 -1 0 0 0 -1 0 0 1 0 1 0 0 0 1 0 -1 0 0 -1 0 0 0 -1 0 -1 0 0 0 1 0 1 0 0 -1 0 0 0 -1 0 0 -1 0 0 1 0 1 0 0 0 1 0 -1 0 0 1 0 0 0 -1 0 -1 0 0 0 -1 0 0 1 0 1 0 0 0 1 0 -1 0 0 -1 0 0 0 -1 0 -1 0 0 0 1 0 1 0 0 -1 0 0 1 0 0 0 -1 0 0 -1 0 1 0 0 0 1 0 0 1 0 1 0 0 0 -1 0 -1 0 0 0 -1 0 0 1 0 1 0 0 0 1 0 -1 0 0 -1 0 0 0 -1 0 -1 0 0 0 1 0 1 0 0 -1 0 0 0 -1 0 0 -1 0 0 1 0 1 0 0 0 1 0 -1 0 0 1 0 0 0 -1 0 -1 0 0 1 0 0 0 1 0 1 0 0 0 -1 0 -1 0 0 -1 0 0 1 0 0 0 -1 0 0 1 0 0 -1 0 0 1 0 1 0 0 0 1 0 -1 0 0 0 -1 0 -1 0 0 0 -1 0 0 1 0 1 0 0 0 1 0 -1 0 0 1 0 0 1 0 0 -1 0 0 0 -1 0 0 -1 0 1 0 0 0 1 0 0 1 0 -1 0 0 1 0 0 0 -1 0 -1 0 0 0 -1 0 0 1 0 1 0 0 0 1 0 -1 0 0 0 -1 0 -1 0 0 0 -1 0 0 1 0 1 0 0 0 1 0 -1 0 0 1 0 0 0 -1 0 -1 0 0 0 -1 0 0 1 0 1 0 0 0 1 0 -1 0 0 -1 0 0 1 0 0 0 -1 0 -1 0 0 0 -1 0 0 1 0 1 0 0 0 1 0 -1 0 0 0 -1 0 -1 0 0 0 -1 0 0 1 0 1 0 0 0 1 0 -1 0 0 1 0 0 0 -1 0 -1 0 0 0 -1 0 0 1 0 1 0 0 0 1 0 -1 0 0 -1 0 0 1 0 0 0 -1 0 -1 0 0 0 -1 0 0 1 0 1 0 0 0 1 0 -1 0 0 0 -1 0 -1 0 0 0 -1 0 0 1 0 1 0 0 0 1 0 -1 0 0 1 0 0 0 -1 0 -1 0 0 0 -1 0 0 1 0 1 0 0 0 1 0 -1 0 0 -1 0 0 1 0 0 0 -1 0 -1 0 0 0 -1 0 0 1 0 1 0 0 0 1 0 -1 0 0 0 -1 0 -1 0 0 0 -1 0 0 1 0 1 0 0 0 1 0 -1 0 0 1 0 0 0 -1 0 -1 0 0 0 -1 0 0 1 0 1 0 0 0 1 0 -1 0 0 -1 0 0 1 0 0 0 -1 0 -1 0 0 0 -1 0 0 1 0 1 0 0 0 1 0 -1 0 0 0 -1 0 -1 0 0 0 -1 0 0 1 0 1 0 0 0 1 0 -1 0 0 1 0 0 0 -1 0 -1 0 0 0 -1 0 0 1 0 1 0 0 0 1 0 -1 0 0 -1 0 0 1 0 0 0 -1 0 -1 0 0 1 0 0 0 1 0 1 0 0 0 -1 0 -1 0 0 0 -1 0 0 1 0 0 -1 0 0 1 0 1 0 0 0 1 0 -1 0 0 1 0 0 0 -1 0 -1 0 0 0 -1 0 0 1 0 1 0 0 0 1 0 -1 0 0 -1 0 0 1 0 0 1 0 0 -1 0 0 0 -1 0 0 -1 0 1 0 0 0 1 0 0 1 0 0 -1 0 -1 0 0 0 -1 0 0 1 0 1 0 0 0 1 0 -1 0 0 1 0 0 0 -1 0 -1 0 0 0 -1 0 0 1 0 0 -1 0 1 0 0 0 1 0 -1 0 0 1 0 0 0 -1 0 -1 0 0 -1 0 0 0 -1 0 0 1 0 1 0 0 0 1 0 -1 0 0 0 -1 0 -1 0 0 0 1 0 1 0 0 0 -1 0 -1 0 0 1 0 0 0 -1 0 -1 -4.51978e-7 0 0 -1 0 0 1 0 1 0 0 0 1 0 -1 0 0 -1 0 0 1 0 0 0 -1 0 -1 0 0 0 -1 0 0 1 0 0 1 0 1 0 0 0 1 0 -1 0 0 0 -1 0 -1 0 0 0 1 0 0 1 0 -1 0 0 1 0 0 -1 4.51978e-7 0 0 -1 0 1 0 0 0 1 0 1 0 0 0 -1 0 -1 0 0 0 -1 0 0 1 0 1 0 0 0 1 0 -1 0 0 0 -1 0 -1 0 0 0 1 0 -1 0 0 1 0 0 0 -1 0 1 0 0 0 1 0 1 0 0 0 -1 0 -1 0 0 0 -1 0 0 1 0 1 0 0 0 1 0 -1 0 0 0 -1 0 -1 0 0 0 1 0 -1 0 0 1 0 0 0 -1 0 1 0 0 0 1 0 1 0 0 0 -1 0 -1 0 0 0 -1 0 0 1 0 1 0 0 0 1 0 -1 0 0 0 -1 0 -1 0 0 0 1 0 -1 0 0 1 0 0 0 -1 0 1 0 0 0 1 0 1 0 0 0 -1 0 -1 0 0 0 -1 0 0 1 0 1 0 0 0 1 0 -1 0 0 1 0 0 -1 0 0 0 -1 0 0 1 0 1 0 0 0 -1 0 1 0 0 0 1 0 1 0 0 0 -1 0 -1 0 0 0 -1 0 0 1 0 1 0 0 0 1 0 -1 0 0 0 -1 0 -1 0 0 0 1 0 -1 0 0 1 0 0 1 0 0 1 0 0 0 -1 0 1 0 0 0 -1 0 0 1 0 0 -1 0 0 1 0 1 0 0 0 1 0 -1 0 0 0 -1 0 -1 0 0 0 1 0 -1 0 0 1 0 0 0 -1 0 1 0 0 0 1 0 1 0 0 0 -1 0 -1 0 0 0 -1 0 0 1 0 1 0 0 0 1 0 -1 0 0 0 -1 0 -1 0 0 0 1 0 -1 0 0 1 0 0 0 -1 0 1 0 0 0 1 0 1 0 0 0 -1 0 -1 0 0 0 -1 0 0 1 0 1 0 0 0 1 0 -1 0 0 0 -1 0 -1 0 0 0 1 0 -1 0 0 1 0 0 0 -1 0 1 0 0 0 1 0 1 0 0 0 -1 0 -1 0 0 0 -1 0 0 1 0 1 0 0 0 1 0 -1 0 0 0 -1 0 -1 0 0 0 1 0 1 0 0 -1 0 0 1 0 0 1 0 0 1 0 0 0 -1 0 1 0 0 1 0 0 0 1 0 1 0 0 1 0 0 0 -1 0 -1 0 0 0 -1 0 1 0 0 0 1 0 1 0 0 0 1 0 1 0 0 -1 0 0 0 -1 0 -1 0 0 1 0 0 0 1 0 1 0 0 -1 0 0 1 0 0 1 0 0 1 0 0 0 -1 0 1 0 0 1 0 0 0 1 0 1 0 0 1 0 0 0 -1 0 -1 0 0 0 -1 0 1 0 0 0 1 0 1 0 0 0 1 0 1 0 0 -1 0 0 0 1 0 0 -1 0 -1 0 0 0 -1 0 0 1 0 0 -1 0 -1 0 0 0 -1 0 1 0 0 1 -4.51978e-7 0 0 -1 0 0 -1 0 0 1 0 0 -1 0 1 0 0 0 1 0 -1 9.03956e-7 0 1 0 0 0 -1 0 0 -1 0 -1 0 0 1 0 0 0 -1 0 0 1 0 1 0 0 0 -1 0 0 -1 0 -1 0 0 0 1 0 0 -1 0 0 1 0 0 -1 0 0 1 0 0 -1 0 -1 0 0 0 -1 0 1 0 0 1 -9.03956e-7 0 0 -1 0 0 -1 0 0 1 0 0 -1 0 1 0 0 0 1 0 -1 9.03956e-7 0 1 0 0 0 -1 0 1 0 0 -1 0 0 0 -1 0 0 -1 0 0 -1 0 1 0 0 0 1 0 0 1 0 0 1 0 0 1 0 0 -1 0 -1 0 0 0 1 0 0 1 0 0 1 0 -1 0 0 0 1 0 1 0 0 1 -9.03956e-7 0 0 1 0 0 -1 0 0 1 0 1 0 0 0 1 0 0 1 0 -1 1.35593e-6 0 1 0 0 0 -1 0 0 1 0 -1 0 0 0 -1 0 0 1 0 0 1 0 1 0 0 0 1 0 -1 0 0 0 1 0 0 1 0 0 -1 0 -1 0 0 0 1 0 0 1 0 0 1 0 -1 0 0 0 1 0 1 0 0 1 -1.35593e-6 0 0 1 0 0 -1 0 0 1 0 1 0 0 0 1 0 0 1 0 -1 1.35593e-6 0 1 0 0 0 -1 0 0 1 0 -1 0 0 0 -1 0 0 1 0 -1 0 0 1 0 0 0 1 0 -1 0 0 -1 0 0 0 1 0 0 -1 0 -1 0 0 -1 0 0 0 1 0 -1 0 0 -1 0 0 -1 0 0 1 0 0 1 -1.35593e-6 0 -1 0 0 0 -1 0 0 1 0 1 0 0 -1 0 0 0 1 0 -1 1.35593e-6 0 1 0 0 0 -1 0 -1 0 0 -1 0 0 0 -1 0 0 1 0 -1 0 0 1 0 0 0 1 0 -1 0 0 -1 0 0 0 1 0 0 -1 0 -1 0 0 -1 0 0 0 1 0 -1 0 0 -1 0 0 -1 0 0 1 0 0 1 -1.35593e-6 0 -1 0 0 0 -1 0 0 1 0 1 0 0 -1 0 0 0 1 0 -1 1.24294e-6 0 1 0 0 0 -1 0 -1 0 0 0 -1 0 0 1 0 1 0 0 0 1 0 -1 0 0 0 1 0 0 -1 0 -1 0 0 0 1 0 -1 0 0 1 0 0 1 -1.24294e-6 0 0 -1 0 0 1 0 1 0 0 0 1 0 -1 1.25706e-6 0 1 0 0 0 -1 0 -1 0 0 0 -1 0 0 1 0 1 0 0 0 1 0 -1 0 0 0 1 0 0 -1 0 -1 0 0 0 1 0 0 0 1 0 0 1 0 0 1 0 0 1 0 0 1 0 0 1 0 0 1 0 0 1 0 0 1 0 0 1 0 0 1 0 0 1 0 0 1 0 0 1 0 0 1 0 0 1 0 0 1 0 0 1 0 0 1 0 0 1 0 0 1 0 0 1 0 0 1 0 0 1 0 0 1 0 0 1 0 0 1 0 0 1 0 0 1 0 0 1 0 0 1 0 0 1 0 0 1 0 0 1 0 0 1 0 0 1 0 0 1 0 0 1 0 0 1 0 0 1 0 0 1 0 0 1 0 0 1 0 0 1 0 0 1 0 0 1 0 0 1 0 0 1 0 0 1 0 0 1 0 0 1 0 0 1 0 0 1 0 0 1 0 0 1 0 0 1 0 0 1 0 0 1 0 0 1 0 0 1 0 0 1 0 0 1 0 0 1 0 0 1 0 0 1 0 0 1 0 0 1 0 0 1 0 0 1 0 0 1 0 0 1 0 0 1 0 0 1 0 0 1 0 0 1 0 0 1 0 0 1 0 0 1 0 0 1 0 0 1 0 0 1 0 0 1 0 0 1 0 0 1 0 0 1 0 0 1 0 0 1 0 0 1 0 0 1 0 0 1 0 0 1 0 0 1 0 0 1 0 0 1 0 0 1 0 0 1 0 0 1 0 0 1 0 0 1 0 0 1 0 0 1 0 0 1 0 0 1 0 0 1 0 0 1 0 0 1 0 0 1 0 0 1 0 0 1 0 0 1 0 0 1 0 0 1 0 0 1 0 0 1 0 0 1 0 0 1 0 0 1 0 0 1 0 0 1 0 0 1 0 0 1 0 0 1 0 0 1 0 0 1 0 0 1 0 0 1 0 0 1 0 0 1 0 0 1 0 0 1 0 0 1 0 0 1 0 0 1 0 0 1 0 0 1 0 0 1 0 0 1 0 0 1 0 0 1 0 0 1 0 0 1 0 0 1 0 0 1 0 0 1 0 0 1 0 0 1 0 0 1 0 0 1 0 0 1 0 0 1 0 0 1 0 0 1 0 0 1 0 0 1 0 0 1 0 0 1 0 0 1 0 0 1 0 0 1 0 0 1 0 0 1 0 0 1 0 0 1 0 0 1 0 0 1 0 0 1 0 0 1 0 0 1 0 0 1 0 0 1 0 0 1 0 0 1 0 0 1 0 0 1 0 0 1 0 0 1 0 0 1 0 0 1 0 0 1 0 0 1 0 0 1 0 0 1 0 0 1 0 0 1 0 0 1 0 0 1 0 0 1 0 0 1 0 0 1 0 0 1 0 0 1 0 0 1 0 0 1 0 0 1 0 0 1 0 0 1 0 0 1 0 0 1 0 0 1 0 0 1 0 0 1 0 0 1 0 0 1 0 0 1 0 0 1 0 0 1 0 0 1 0 0 1 0 0 1 0 0 1 0 0 1 0 0 1 0 0 1 0 0 1 0 0 1 0 0 1 0 0 1 0 0 1 0 0 1 0 0 1 0 0 1 0 0 1 0 0 1 0 0 1 0 0 1 0 0 1 0 0 1 0 0 1 0 0 1 0 0 1 0 0 1 0 0 1 0 0 1 0 0 1 0 0 1 0 0 1 0 0 1 0 0 1 0 0 1 0 0 1 0 0 1 0 0 1 0 0 1 0 0 1 0 0 1 0 0 1 0 0 1 0 0 1 0 0 1 0 0 1 0 0 1 0 0 1 0 0 1 0 0 1 0 0 1 0 0 1 0 0 1 0 0 1 0 0 1 0 0 1 0 0 1 0 0 1 0 0 1 0 0 1 0 0 1 0 0 1 0 0 1 0 0 1 0 0 1 0 0 1 0 0 1 0 0 1 0 0 1 0 0 1 0 0 1 0 0 1 0 0 1 0 0 1 0 0 1 0 0 1 0 0 1 0 0 1 0 0 1 0 0 1 0 0 1 0 0 1 0 0 1 0 0 1 0 0 1 0 0 1 0 0 1 0 0 1 0 0 1 0 0 1 0 0 1 0 0 1 0 0 1 0 0 1 0 0 1 0 0 1 0 0 1 0 0 1 0 0 1 0 0 1 0 0 1 0 0 1 0 0 1 0 0 1 0 0 1 0 0 1 0 0 1 0 0 1 0 0 1 0 0 1 0 0 1 0 0 1 0 0 1 0 0 1 0 0 1 0 0 1 0 0 1 0 0 1 0 0 1 0 0 1 0 0 1 0 0 1 0 0 1 0 0 1 0 0 1 0 0 1 0 0 1 0 0 1 0 0 1 0 0 1 0 0 1 0 0 1 0 0 1 0 0 1 0 0 1 0 0 1 0 0 1 0 0 1 0 0 1 0 0 1 0 0 1 0 0 1 0 0 1 0 0 1 0 0 1 0 0 1 0 0 1 0 0 1 0 0 1 0 0 1 0 0 1 0 0 1 0 0 1 0 0 1 0 0 1 0 0 1 0 0 1 0 0 1 0 0 1 0 0 1 0 0 1 0 0 1 0 0 1 0 0 1 0 0 1 0 0 1 0 0 1 0 0 1 0 0 1 0 0 1 0 0 1 0 0 1 0 0 1 0 0 1 0 0 1 0 0 1 0 0 1 0 0 1 0 0 1 0 0 1 0 0 1 0 0 1 0 0 1 0 0 1 0 0 1 0 0 1 0 0 1 0 0 1 0 0 1 0 0 1 0 0 1 0 0 1 0 0 1 0 0 1 0 0 1 0 0 1 0 0 1 0 0 1 0 0 1 0 0 1 0 0 1 0 0 1 0 0 1 0 0 1 0 0 1 0 0 1 0 0 1 0 0 1 0 0 1 0 0 1 0 0 1 0 0 1 0 0 1 0 0 1 0 0 1 0 0 1 0 0 1 0 0 1 0 0 1 0 0 1 0 0 1 0 0 1 0 0 1 0 0 1 0 0 1 0 0 1 0 0 1 0 0 1 0 0 1 0 0 1 0 0 1 0 0 1 0 0 1 0 0 1 0 0 1 0 0 1 0 0 1 0 0 1 0 0 1 0 0 1 0 0 1 0 0 1 0 0 1 0 0 1 0 0 1 0 0 1 0 0 1 0 0 1 0 0 1 0 0 1 0 0 1 0 0 1 0 0 1 0 0 1 0 0 1 0 0 1 0 0 1 0 0 1 0 0 1 0 0 1 0 0 1 0 0 1 0 0 1 0 0 1 0 0 1 0 0 1 0 0 1 0 0 1 0 0 1 0 0 1 0 0 1 0 0 1 0 0 1 0 0 1 0 0 1 0 0 1 0 0 1 0 0 1 0 0 1 0 0 1 0 0 1 0 0 1 0 0 1 0 0 1 0 0 1 0 0 1 0 0 1 0 0 1 0 0 1 0 0 1 0 0 1 0 0 1 0 0 1 0 0 1 0 0 1 0 0 1 0 0 1 0 0 1 0 0 1 0 0 1 0 0 1 0 0 1 0 0 1 0 0 1 0 0 1 0 0 1 0 0 1 0 0 1 0 0 1 0 0 1 0 0 1 0 0 1 0 0 1 0 0 1 0 0 1 0 0 1 0 0 1 0 0 1 0 0 1 0 0 1 0 0 1 0 0 1 0 0 1 0 0 1 0 0 1 0 0 1 0 0 1 0 0 1 0 0 1 0 0 1 0 0 1 0 0 1 0 0 1 0 0 1 0 0 1 0 0 1 0 0 1 0 0 1 0 0 1 0 0 1 0 0 1 0 0 1 0 0 1 0 0 1 0 0 1 0 0 1 0 0 1 0 0 1 0 0 1 0 0 1 0 0 1 0 0 1 0 0 1 0 0 1 0 0 1 0 0 1 0 0 1 0 0 1 0 0 1 0 0 1 0 0 1 0 0 1 0 0 1 0 0 1 0 0 1 0 0 1 0 0 1 0 0 1 0 0 1 0 0 1 0 0 1 0 0 1 0 0 1 0 0 1 0 0 1 0 0 1 0 0 1 0 0 1 0 0 1 0 0 1 0 0 1 0 0 1 0 0 1 0 0 1 0 0 1 0 0 1 0 0 1 0 0 1 0 0 1 0 0 1 0 0 1 0 0 1 0 0 1 0 0 1 0 0 1 0 0 1 0 0 1 0 0 1 0 0 1 0 0 1 0 0 1 0 0 1 0 0 1 0 0 1 0 0 1 0 0 1 0 0 1 0 0 1 0 0 1 0 0 1 0 0 1 0 0 1 0 0 1 0 0 1 0 0 1 0 0 1 0 0 1 0 0 1 0 0 1 0 0 1 0 0 1 0 0 1 0 0 1 0 0 1 0 0 1 0 0 1 0 0 1 0 0 1 0 0 1 0 0 1 0 0 1 0 0 1 0 0 1 0 0 1 0 0 1 0 0 1 0 0 1 0 0 1 0 0 1 0 0 1 0 0 1 0 0 1 0 0 1 0 0 1 0 0 1 0 0 1 0 0 1 0 0 1 0 0 1 0 0 1 0 0 1 0 0 1 0 0 1 0 0 1 0 0 1 0 0 1 0 0 1 0 0 1 0 0 1 0 0 1 0 0 1 0 0 1 0 0 1 0 0 1 0 0 1 0 0 1 0 0 1 0 0 1 0 0 1 0 0 1 0 0 1 0 0 1 0 0 1 0 0 1 0 0 1 0 0 1 0 0 1 0 0 1 0 0 1 0 0 1 0 0 1 0 0 1 0 0 1 0 0 1 0 0 1 0 0 1 0 0 1 0 0 1 0 0 1 0 0 1 0 0 1 0 0 1 0 0 1 0 0 1 0 0 1 0 0 1 0 0 1 0 0 1 0 0 1 0 0 1 0 0 1 0 0 1 0 0 1 0 0 1 0 0 1 0 0 1 0 0 1 0 0 1 0 0 1 0 0 1 0 0 1 0 0 1 0 0 1 0 0 1 0 0 1 0 0 1 0 0 1 0 0 1 0 0 1 0 0 1 0 0 1 0 0 1 0 0 1 0 0 1 0 0 1 0 0 1 0 0 1 0 0 1 0 0 1 0 0 1 0 0 1 0 0 1 0 0 1 0 0 1 0 0 1 0 0 1 0 0 1 0 0 1 0 0 1 0 0 1 0 0 1 0 0 1 0 0 1 0 0 1 0 0 1 0 0 1 0 0 1 0 0 1 0 0 1 0 0 1 0 0 1 0 0 1 0 0 1 0 0 1 0 0 1 0 0 1 0 0 1 0 0 1 0 0 1 0 0 1 0 0 1 0 0 1 0 0 1 0 0 1 0 0 1 0 -1 0 1 0 0 0 1 0 1 4.51978e-7 0 1 -1.35593e-6 0 -1 0 0 0 1 0 -1 0 0 0 -1 0 0 1 0 -1 0 0 0 1 0 1 0 0 0 -1 0 0 1 0 0 -1 0 0 1 0 0 -1 0 1 0 0 -1 1.35593e-6 0 0 -1 0 1 0 0 0 1 0 1 0 0 1 -1.35593e-6 0 1 0 0 -1 0 0 0 1 0 -1 0 0 0 -1 0 0 1 0 -1 0 0 0 1 0 1 0 0 0 1 0 0 -1 0 -1 0 0 0 -1 0 1 0 0 -1 1.35593e-6 0 0 1 0 1 0 0 0 1 0 0 -1 0 1 -1.24294e-6 0 1 0 0 0 1 0 0 -1 0 -1 0 0 1 0 0 0 1 0 -1 0 0 0 1 0 1 0 0 0 1 0 0 -1 0 -1 0 0 0 -1 0 1 0 0 -1 1.24294e-6 0 0 1 0 1 0 0 0 1 0 0 -1 0 1 -1.25706e-6 0 1 0 0 -1 0 0 0 0 -1 0 0 -1 -0.9659258 -0.2588191 0 0.9659258 -0.2588191 0 0.7071068 0.7071068 0 0.7071068 -0.7071068 0 -0.9659258 0.2588191 0 -0.7071068 -0.7071068 0 0.2588191 0.9659258 0 0.9659258 -0.2588191 0 -0.2588191 -0.9659258 0 -0.2588191 0.9659258 0 0.9659258 0.2588191 0 0.2588191 -0.9659258 0 -0.7071068 0.7071068 0 0 0 -1 0 0 -1 0 0 -1 0 0 -1 0 0 -1 0 0 -1 0 0 -1 0 0 -1 0 0 -1 0 0 -1 0 0 -1 0 0 -1 0.7071068 0.7071068 0 -0.2588191 -0.9659258 0 -0.9659258 0.2588191 0 0.2588191 0.9659258 0 0.2588191 -0.9659258 0 -0.9659258 -0.2588191 0 -0.2588191 0.9659258 0 0.7071068 -0.7071068 0 0.9659258 0.2588191 0 -0.7071068 -0.7071068 0 -0.7071068 0.7071068 0 -0.2588189 -0.9659259 0 -0.7071068 0.7071068 0 0.8660254 -0.5000001 0 0 -1 0 0.7071068 -0.7071068 0 -0.9659258 0.2588191 0 -0.8660254 -0.5000001 0 0.9659258 -0.2588192 0 0 -1 0 0.5 0.8660254 0 -0.9659258 0.2588191 0 -1 0 0 0.9659259 -0.2588191 0 0.258819 0.9659259 0 0.5 0.8660255 0 0.5 0.8660254 0 -0.2588189 -0.9659259 0 -0.7071068 0.7071068 0 0.8660254 -0.5 0 0.8660256 -0.4999997 0 0.7071068 -0.7071068 0 -0.7071068 -0.7071068 0 -0.8660254 -0.5 0 0.7071067 0.7071069 0 0 -1 0 -0.4999998 0.8660256 0 -0.9659259 0.2588191 0 -0.8660254 0.5 0 0.9659258 -0.258819 0 0.7071068 0.7071068 0 0.5000001 0.8660253 0 0.4999998 0.8660256 0 -0.7071068 -0.7071068 0 -0.7071067 0.7071068 0 0.5 -0.8660254 0 0.7071068 -0.7071068 0 -0.8660254 -0.5 0 0 -1 0 -0.9659258 0.2588191 0 -0.8660255 0.5 0 0.9659259 -0.258819 0 0.7071068 0.7071068 0 0.5 0.8660254 0 0.4999997 0.8660256 0 -0.7071068 -0.7071068 0 -0.7071068 0.7071068 0 0.5 -0.8660255 0 0.7071068 -0.7071068 0 -0.8660256 -0.4999997 0 0 -1 0 -0.9659258 0.258819 0 -0.8660256 0.4999997 0 0.9659258 -0.2588189 0 0.7071068 0.7071068 0 0.5000001 0.8660254 0 0.5 0.8660255 0 -0.7071068 -0.7071068 0 -0.7071068 0.7071068 0 0.4999997 -0.8660256 0 0.7071068 -0.7071068 0 -0.8660255 -0.5 0 0 -1 0 -0.9659259 0.2588191 0 -0.8660254 0.5 0 0.9659259 -0.2588189 0 0.7071068 0.7071068 0 0.5 0.8660254 0 0.5 0.8660254 0 -0.7071067 -0.7071068 0 -0.7071068 0.7071068 0 0.4999998 -0.8660256 0 0.7071068 -0.7071068 0 -0.8660254 -0.5 0 -0.5 -0.8660254 0 -0.7071068 0.7071068 0 -0.8660254 0.5 0 0.7071068 -0.7071068 0 0.7071068 0.7071068 0 0.8660254 0.5 0 0.4999998 0.8660256 0 -0.7071068 -0.7071068 0 -0.7071068 0.7071068 0 0.5 -0.8660254 0 0.7071068 -0.7071068 0 -0.8660256 -0.4999998 0 -0.5 -0.8660255 0 -0.7071068 0.7071068 0 -0.8660254 0.5000001 0 0.7071068 -0.7071068 0 0.7071068 0.7071068 0 0.8660255 0.5 0 -1 0 0 -0.7071068 -0.7071068 0 -0.2588189 0.9659259 0 0.5000001 -0.8660254 0 0.258819 -0.9659259 0 0.8660254 0.5 0 -0.4999997 -0.8660256 0 -0.7071068 0.7071068 0 -0.8660254 0.5 0 0.7071068 -0.7071068 0 0.7071068 0.7071068 0 0.8660256 0.4999997 0 -1 0 0 -0.7071068 -0.7071068 0 -0.2588189 0.9659259 0 0.4999999 -0.8660255 0 0.258819 -0.9659258 0 0.8660254 0.5000001 0 -0.5 -0.8660254 0 -0.7071068 0.7071068 0 0 -1 0 0.7071068 -0.7071067 0 -0.9659259 -0.2588189 0 0.8660256 0.4999998 0 -1 0 0 0.9659259 0.2588191 0 -0.258819 0.9659259 0 -0.5 0.8660254 0 0.258819 -0.9659258 0 0.8660254 -0.5 0 0.8660254 0.5 0 -0.7071067 -0.7071068 0 -0.5 -0.8660254 0 0.7071067 0.7071069 0 -0.7071068 0.7071068 0 -0.5 0.8660254 0 0 -1 0 0.7071068 -0.7071068 0 -0.9659258 -0.2588189 0 0.8660254 0.5 0 -1 0 0 0.9659258 0.258819 0 -0.258819 0.9659258 0 -0.5000001 0.8660254 0 0.2588191 -0.9659259 0 0.8660254 -0.5 0 0.8660253 0.5000001 0 -0.7071067 -0.7071068 0 -0.5000001 -0.8660254 0 0.7071068 0.7071068 0 -0.7071068 0.7071068 0 -0.4999997 0.8660256 0 0 -1 0 0.7071068 -0.7071068 0 -0.9659259 -0.258819 0 0.8660254 0.5000001 0 -1 0 0 0.9659258 0.2588191 0 -0.2588191 0.9659259 0 -0.5 0.8660254 0 0.2588191 -0.9659258 0 0.8660256 -0.4999998 0 0.8660255 0.5 0 -0.7071068 -0.7071068 0 -0.4999999 -0.8660255 0 0.707107 0.7071066 0 -0.7071068 0.7071068 0 -0.4999997 0.8660256 0 0 -1 0 0.7071068 -0.7071068 0 -0.9659258 -0.258819 0 0.8660254 0.5 0 -1 0 0 0.9659259 0.2588191 0 -0.2588191 0.9659258 0 -0.5000001 0.8660253 0 0.2588191 -0.9659258 0 0.8660254 -0.5 0 0.8660255 0.5 0 -0.707107 -0.7071067 0 1 0 0 0.7071069 0.7071067 0 0.2588189 -0.9659259 0 -0.4999998 0.8660256 0 0 -1 0 -0.258819 0.9659259 0 -0.9659259 -0.2588191 0 -0.8660254 -0.5 0 -1 0 0 0.9659258 0.2588191 0 -0.2588191 0.9659258 0 -0.5 0.8660255 0 0.2588191 -0.9659258 0 0.8660254 -0.5 0 0.8660252 0.5000002 0 -0.707107 -0.7071066 0 1 0 0 0.707107 0.7071065 0 0 0 -1 0 0 -1 0 0 -1 0 0 -1 0 0 -1 0 0 -1 0 0 -1 0 0 -1 0 0 -1 0.2588189 -0.9659259 0 -0.5 0.8660254 0 0 -1 0 -0.258819 0.9659258 0 -0.9659258 -0.2588191 0 -0.8660254 -0.5000001 0 -1 0 0 0.9659258 0.2588191 0 -0.2588192 0.9659258 0 -0.5 0.8660255 0 0.2588191 -0.9659258 0 0.8660254 -0.5 0 0.8660254 0.5 0 -0.707107 -0.7071066 0 1 0 0 0.707107 0.7071066 0 0.258819 -0.9659259 0 -0.5000001 0.8660254 0 0 -1 0 -0.258819 0.9659258 0 -0.9659258 -0.2588191 0 -0.8660254 -0.5 0 1 0 0 0.9659258 0.2588191 0 -0.2588193 -0.9659258 0 -0.5000002 0.8660252 0 0.2588192 0.9659258 0 0.8660254 -0.5 0 -0.8660252 0.5000002 0 -0.707107 -0.7071067 0 1 0 0 0.7071071 0.7071065 0 0.258819 -0.9659258 0 -0.5000001 0.8660254 0 0 -1 0 -0.2588191 0.9659259 0 -0.9659258 -0.2588192 0 -0.8660253 -0.5000001 0 1 0 0 0.9659258 0.2588191 0 -0.2588192 -0.9659258 0 -0.5 0.8660254 0 0.2588191 0.9659258 0 0 1 0 -0.8660252 0.5000002 0 0.9659259 0.2588189 0 1 0 0 -0.9659259 -0.258819 0 0.2588191 -0.9659259 0 0.5000001 -0.8660253 0 0 1 0 -0.2588191 0.9659258 0 -0.9659259 0.2588189 0 -0.8660255 -0.5 0 1 0 0 0.9659259 -0.258819 0 -0.2588191 -0.9659258 0 -0.5000001 -0.8660253 0 0.2588189 0.9659259 0 0 1 0 -0.8660254 0.5 0 0.9659259 0.2588189 0 1 0 0 -0.9659258 -0.258819 0 0.2588191 -0.9659258 0 0.5000001 -0.8660254 0 0 1 0 -0.2588191 0.9659258 0 -0.9659259 0.2588189 0 -0.8660255 -0.5 0 1 0 0 0.9659258 -0.258819 0 -0.2588189 -0.9659259 0 -0.5000001 -0.8660254 0 0.2588188 0.9659259 0 0 1 0 -0.8660253 0.5000001 0 0.9659259 0.258819 0 1 0 0 -0.9659258 -0.258819 0 0.2588191 -0.9659258 0 0.5 -0.8660254 0 0 1 0 -0.2588191 0.9659258 0 -0.9659259 0.258819 0 -0.8660252 -0.5000002 0 1 0 0 0.9659258 -0.258819 0 -0.2588188 -0.9659259 0 -0.5 -0.8660254 0 0.2588186 0.9659259 0 0 1 0 -0.8660254 0.5 0 0.9659258 0.258819 0 1 0 0 -0.9659259 -0.2588191 0 0.2588192 -0.9659258 0 0.5000001 -0.8660253 0 0 1 0 -0.2588191 0.9659258 0 -0.9659258 0.258819 0 -0.8660254 -0.5 0 1 0 0 0.9659259 -0.2588191 0 -0.2588187 -0.9659259 0 -0.5000001 -0.8660253 0 0.2588188 0.965926 0 0 1 0 -0.8660254 0.5 0 0.9659259 0.2588191 0 -1 0 0 -0.9659258 -0.2588191 0 0.2588192 0.9659258 0 0.5 -0.8660255 0 0 1 0 -0.2588191 -0.9659258 0 -0.9659259 0.2588191 0 0.8660252 -0.5000002 0 1 0 0 0.9659258 -0.2588191 0 -0.2588188 -0.9659259 0 -0.5 -0.8660255 0 0.2588186 0.965926 0 0 1 0 -0.8660254 0.5 0 0.9659258 0.2588191 0 -1 0 0 -0.9659258 -0.2588191 0 0.2588191 0.9659258 0 0.5 -0.8660255 0 0 1 0 -0.2588191 -0.9659258 0 -0.9659258 0.2588191 0 0.8660255 -0.5 0 1 0 0 0.9659258 -0.2588191 0 -0.2588191 -0.9659258 0 -0.5 -0.8660255 0 0.2588193 0.9659258 0 0 1 0 -0.8660256 0.4999997 0 0.9659258 0.2588191 0 -1 0 0 -0.9659258 -0.2588191 0 0.2588191 0.9659258 0 0.5000002 -0.8660252 0 0 1 0 -0.2588191 -0.9659259 0 -0.9659258 0.2588191 0 0.8660255 -0.5 0 -0.8660256 0.4999998 0 0.9659258 -0.2588191 0 0.7071068 0.7071068 0 -0.5000002 -0.8660252 0 -0.7071068 -0.7071068 0 0 1 0 0.4999998 -0.8660256 0 0.9659258 0.2588192 0 -1 0 0 -0.9659258 -0.2588191 0 0.2588191 0.9659259 0 0.5 -0.8660254 0 0 1 0 -0.258819 -0.9659258 0 -0.9659258 0.2588192 0 0.8660253 -0.5000001 0 -1 0 0 0.9659258 -0.2588191 0 0.2588191 0.9659258 0 -0.5 -0.8660254 0 -0.2588192 -0.9659258 0 0 0 -1 0 0 -1 0 0 -1 0 0 -1 0 0 -1 0 0 -1 0 0 -1 0 0 -1 0 0 -1 0 0 -1 0 0 -1 0 0 -1 0 0 -1 0 0 -1 0 0 -1 0 0 -1 0 0 -1 0 0 -1 0 0 -1 0 0 -1 0 0 -1 0 0 -1 0 0 -1 0 0 -1 0 0 -1 0 0 -1 0 0 -1 0 0 -1 0 0 -1 0 0 -1 0 0 -1 0 0 -1 0 0 -1 0 0 -1 0 0 -1 0 0 -1 0 0 -1 0 0 -1 0 0 -1 0 0 -1 0 0 -1 0 0 -1 0 0 -1 0 0 -1 0 0 -1 0 0 -1 0 0 -1 0 0 -1 0 0 -1 0 0 -1 0 0 -1 0 0 -1 0 0 -1 0 0 -1 0 0 -1 0 0 -1 0 0 -1 0 0 -1 0 0 -1 0 0 -1 0 0 -1 0 0 -1 0 0 -1 0 0 -1 0 0 -1 0 0 -1 0 0 -1 0 0 -1 0 0 -1 0 0 -1 0 0 -1 0 0 -1 0 0 -1 0 0 -1 0 0 -1 0 0 -1 0 0 -1 0 0 -1 0 0 -1 0 0 -1 0 0 -1 0 0 -1 0 0 -1 0 0 -1 0 0 -1 0 0 -1 0 0 -1 0 0 -1 0 0 -1 0 0 -1 0 0 -1 0 0 -1 0 0 -1 0 0 -1 0 0 -1 0 0 -1 0 0 -1 0 0 -1 0 0 -1 0 0 -1 0 0 -1 0 0 -1 0 0 -1 0 0 -1 0 0 -1 0 0 -1 0 0 -1 0 0 -1 0 0 -1 0 0 -1 0 0 -1 0 0 -1 0 0 -1 0 0 -1 0 0 -1 0 0 -1 0 0 -1 0 0 -1 0 0 -1 0 0 -1 0 0 -1 0 0 -1 0 0 -1 0 0 -1 0 0 -1 0 0 -1 0 0 -1 0 0 -1 0 0 -1 0 0 -1 0 0 -1 0 0 -1 0 0 -1 0 0 -1 0 0 -1 0 0 -1 0 0 -1 0 0 -1 0 0 -1 0 0 -1 0 0 -1 0 0 -1 0 0 -1 0 0 -1 0 0 -1 0 0 -1 0 0 -1 0 0 -1 0 0 -1 0 0 -1 0 0 -1 0 0 -1 0 0 -1 0 0 -1 0 0 -1 0 0 -1 0 0 -1 0 0 -1 0 0 -1 0 0 -1 0 0 -1 0 0 -1 0 0 -1 0 0 -1 0 0 -1 0 0 -1 0 0 -1 0 0 -1 0 0 -1 0 0 -1 0 0 -1 0 0 -1 0 0 -1 0 0 -1 0 0 -1 0 0 -1 0 0 -1 0 0 -1 0 0 -1 0 0 -1 0 0 -1 0 0 -1 0 0 -1 0 0 -1 0 0 -1 0 0 -1 0 0 -1 0 0 -1 0 0 -1 0 0 -1 0 0 -1 0 0 -1 0 0 -1 0 0 -1 0 0 -1 0 0 -1 0 0 -1 0 0 -1 0 0 -1 0 0 -1 0 0 -1 0 0 -1 0 0 -1 0 0 -1 0 0 -1 0 0 -1 0 0 -1 0 0 -1 0 0 -1 0 0 -1 0 0 -1 0 0 -1 0 0 -1 0 0 -1 0 0 -1 0 0 -1 0 0 -1 0 0 -1 0 0 -1 0 0 -1 0 0 -1 0 0 -1 0 0 -1 0 0 -1 0 0 -1 0 0 -1 0 0 -1 0 0 -1 0 0 -1 0 0 -1 0 0 -1 0 0 -1 0 0 -1 0 0 -1 0 0 -1 0 0 -1 0 0 -1 0 0 -1 0 0 -1 0 0 -1 0 0 -1 0 0 -1 0 0 -1 0 0 -1 0 0 -1 0 0 -1 0 0 -1 0 0 -1 0 0 -1 0 0 -1 0 0 -1 0 0 -1 0 0 -1 0 0 -1 0 0 -1 0 0 -1 0 0 -1 0 0 -1 0 0 -1 0 0 -1 0 0 -1 0 0 -1 0 0 -1 0 0 -1 0 0 -1 0 0 -1 0 0 -1 0 0 -1 0 0 -1 0 0 -1 0 0 -1 0 0 -1 0 0 -1 0 0 -1 0 0 -1 0 0 -1 0 0 -1 0 0 -1 0 0 -1 0 0 -1 0 0 -1 0 0 -1 0 0 -1 0 0 -1 0 0 -1 0 0 -1 0 0 -1 0 0 -1 0 0 -1 0 0 -1 0 0 -1 0 0 -1 0 0 -1 0 0 -1 0 0 -1 0 0 -1 0 0 -1 0 0 -1 0 0 -1 0 0 -1 0 0 -1 0 0 -1 0 0 -1 0 0 -1 0 0 -1 0 0 -1 0 0 -1 0 0 -1 0 0 -1 0 0 -1 0 0 -1 0 0 -1 0 0 -1 0 0 -1 0 0 -1 0 0 -1 0 0 -1 0 0 -1 0 0 -1 0 0 -1 0 0 -1 0 0 -1 0 0 -1 0 0 -1 0 0 -1 0 0 -1 0 0 -1 0 0 -1 0 0 -1 0 0 -1 0 0 -1 0 0 -1 0 0 -1 0 0 -1 0 0 -1 0 0 -1 0 0 -1 0 0 -1 0 0 -1 0 0 -1 0 0 -1 0 0 -1 0 0 -1 0 0 -1 0 0 -1 0 0 -1 0 0 -1 0 0 -1 0 0 -1 0 0 -1 0 0 -1 0 0 -1 0 0 -1 0 0 -1 0 0 -1 0 0 -1 0 0 -1 0 0 -1 0 0 -1 0 0 -1 0 0 -1 0 0 -1 0 0 -1 0 0 -1 0 0 -1 0 0 -1 0 0 -1 0 0 -1 0 0 -1 0 0 -1 0 0 -1 0 0 -1 0 0 -1 0 0 -1 0 0 -1 0 0 -1 0 0 -1 0 0 -1 0 0 -1 0 0 -1 0 0 -1 0 0 -1 0 0 -1 0 0 -1 0.5000001 0.8660254 0 0.5 0.8660255 0 0.258819 0.9659258 0 0.9659258 -0.2588191 0 -1 0 0 -0.9659258 0.2588191 0 0.8660256 0.4999998 0 0 -1 0 0.7071068 -0.7071068 0 -0.8660254 -0.5 0 -0.7071068 0.7071068 0 0.7071068 -0.7071068 0 -0.4999998 -0.8660256 0 0.8660254 -0.5 0 -0.7071068 0.7071068 0 -0.258819 -0.9659259 0 0.5000001 0.8660254 0 0.5000002 0.8660252 0 0.258819 0.9659258 0 0.9659258 -0.2588191 0 -1 0 0 -0.9659258 0.2588192 0 0.8660254 -0.5 0 0 -1 0 -0.7071068 0.7071068 0 0 1 0 1 0 0 0 -1 0 -1 0 0 0.7071068 0.7071068 0 0.7071071 -0.7071065 0 -0.7071068 -0.7071068 0 0 -1 0 -1 0 0 0.7071068 0.7071068 0 0.7071071 -0.7071065 0 -0.7071068 -0.7071068 0 -0.7071068 0.7071068 0 0 1 0 1 0 0 0 0 -1 0 0 -1 0 0 -1 0 0 1 0 0 1 0 0 -1 0 0 -1 0 0 1 0 0 -1 0 0 -1 0 0 -1 0 0 -1 0 -1 0 -1 0 0 0 1 0 1 0 0 0 0 1 0 -1 0 1 0 0 0 1 0 -1 0 0 0 0 -1</float_array>
          <technique_common>
            <accessor source="#Cube_002-mesh-normals-array" count="6110" stride="3">
              <param name="X" type="float"/>
              <param name="Y" type="float"/>
              <param name="Z" type="float"/>
            </accessor>
          </technique_common>
        </source>
        <source id="Cube_002-mesh-map-0">
          <float_array id="Cube_002-mesh-map-0-array" count="36660">0.875 0.6666666 0.7916666 0.75 0.7916666 0.6666666 0.625 0.9166666 0.5416666 1 0.5416666 0.9166666 0.625 0.1666666 0.5416666 0.25 0.5416666 0.1666666 0.375 0.6666666 0.2916666 0.75 0.2916666 0.6666666 0.625 0.6666666 0.5416666 0.75 0.5416666 0.6666666 0.625 0.4166666 0.5416666 0.5 0.5416666 0.4166666 0.4583333 0.4166666 0.375 0.5 0.375 0.4166666 0.5416666 0.4166666 0.4583333 0.5 0.4583333 0.4166666 0.4583333 0.6666666 0.375 0.75 0.375 0.6666666 0.5416666 0.6666666 0.4583333 0.75 0.4583333 0.6666666 0.4583333 0.1666666 0.375 0.25 0.375 0.1666666 0.5416666 0.1666666 0.4583333 0.25 0.4583333 0.1666666 0.4583333 0.9166666 0.375 1 0.375 0.9166666 0.5416666 0.9166666 0.4583333 1 0.4583333 0.9166666 0.5416666 0.75 0.4583333 0.8333333 0.4583333 0.75 0.5416666 0.8333333 0.4583333 0.9166666 0.4583333 0.8333333 0.4583333 0.75 0.375 0.8333333 0.375 0.75 0.4583333 0.8333333 0.375 0.9166666 0.375 0.8333333 0.5416666 0.25 0.4583333 0.3333333 0.4583333 0.25 0.5416666 0.3333333 0.4583333 0.4166666 0.4583333 0.3333333 0.4583333 0.25 0.375 0.3333333 0.375 0.25 0.4583333 0.3333333 0.375 0.4166666 0.375 0.3333333 0.625 0.25 0.5416666 0.3333333 0.5416666 0.25 0.625 0.3333333 0.5416666 0.4166666 0.5416666 0.3333333 0.2083333 0.6666666 0.125 0.75 0.125 0.6666666 0.2916666 0.6666666 0.2083333 0.75 0.2083333 0.6666666 0.625 0.75 0.5416666 0.8333333 0.5416666 0.75 0.625 0.8333333 0.5416666 0.9166666 0.5416666 0.8333333 0.7083333 0.6666666 0.625 0.75 0.625 0.6666666 0.7916666 0.6666666 0.7083333 0.75 0.7083333 0.6666666 0.7916666 0.5 0.7083333 0.5833333 0.7083333 0.5 0.7083333 0.6666666 0.7916666 0.6666666 0.7916666 0.6666666 0.7083333 0.5 0.625 0.5833333 0.625 0.5 0.7083333 0.5833333 0.625 0.6666666 0.625 0.5833333 0.2916666 0.5 0.2083333 0.5833333 0.2083333 0.5 0 0 0 0 0 0 0.2083333 0.5 0.125 0.5833333 0.125 0.5 0.2083333 0.5833333 0.125 0.6666666 0.125 0.5833333 0.5416666 0 0.4583333 0.08333331 0.4583333 0 0.5416666 0.08333331 0.4583333 0.1666666 0.4583333 0.08333331 0.4583333 0 0.375 0.08333331 0.375 0 0.4583333 0.08333331 0.375 0.1666666 0.375 0.08333331 0.5416666 0.5 0.4583333 0.5833333 0.4583333 0.5 0.5416666 0.5833333 0.4583333 0.6666666 0.4583333 0.5833333 0.4583333 0.5 0.3750001 0.5833334 0.375 0.5 0.4583333 0.5833333 0.375 0.6666666 0.3750001 0.5833334 0.625 0.5 0.5416666 0.5833333 0.5416666 0.5 0.625 0.5833333 0.5416666 0.6666666 0.5416666 0.5833333 0.375 0.5 0.2916666 0.5833333 0.2916666 0.5 0.3750001 0.5833334 0.2916666 0.6666666 0.2916666 0.5833333 0.625 0 0.5416666 0.08333331 0.5416666 0 0.625 0.08333331 0.5416666 0.1666666 0.5416666 0.08333331 0.875 0.5 0.7916667 0.5833333 0.7916666 0.5 0.875 0.5833333 0.7916666 0.6666666 0.7916667 0.5833333 0.7916666 0.6666666 0.7916667 0.5833333 0.7916667 0.5833333 0.7083333 0.5833333 0.7083333 0.6666666 0.7083333 0.6666666 0.7916667 0.5833333 0.7083333 0.5833333 0.7083333 0.5833333 0.7115515 0.629806 0.7083333 0.6666666 0.7115515 0.625 0.7884485 0.620194 0.7916667 0.5833333 0.7884485 0.625 0.745194 0.5865514 0.7083333 0.5833333 0.7500001 0.5865514 0.7548061 0.6634485 0.7916666 0.6666666 0.7500001 0.6634485 0.7259696 0.6490302 0.7258003 0.6443936 0.7259696 0.6442242 0.7259696 0.6442242 0.7213329 0.6443936 0.7211636 0.6442242 0.7211636 0.6442242 0.7213329 0.6488609 0.7211636 0.6490302 0.7163575 0.6490302 0.7209942 0.6488608 0.7211636 0.6490302 0.7211636 0.6490302 0.7209941 0.6443936 0.7211636 0.6442242 0.7211636 0.6442242 0.7165268 0.6443936 0.7163575 0.6442242 0.7163575 0.6442242 0.7165268 0.6488609 0.7163575 0.6490302 0.7115514 0.6490302 0.7161881 0.6488608 0.7163575 0.6490302 0.7163575 0.6490302 0.7161881 0.6443936 0.7163575 0.6442242 0.7163575 0.6442242 0.7117208 0.6443936 0.7115514 0.6442242 0.7115514 0.6442242 0.7117208 0.6488609 0.7115514 0.6490302 0.7788363 0.6538363 0.7834729 0.6536669 0.7836423 0.6538363 0.7836423 0.6538363 0.783473 0.6491996 0.7836424 0.6490302 0.7836424 0.6490302 0.7790058 0.6491996 0.7788364 0.6490302 0.7788364 0.6490302 0.7790057 0.6536669 0.7788363 0.6538363 0.7740303 0.6538363 0.7786669 0.6536669 0.7788363 0.6538363 0.7788363 0.6538363 0.778667 0.6491996 0.7788364 0.6490302 0.7788364 0.6490302 0.7741997 0.6491996 0.7740303 0.6490302 0.7740303 0.6490302 0.7741997 0.6536669 0.7740303 0.6538363 0.7692242 0.6538363 0.7738609 0.6536669 0.7740303 0.6538363 0.7740303 0.6538363 0.7738609 0.6491996 0.7740303 0.6490302 0.7740303 0.6490302 0.7693936 0.6491996 0.7692242 0.6490302 0.7692242 0.6490302 0.7693936 0.6536669 0.7692242 0.6538363 0.7644181 0.6538362 0.7690548 0.6536669 0.7692242 0.6538363 0.7692242 0.6538363 0.7690548 0.6491996 0.7692242 0.6490302 0.7692242 0.6490302 0.7645875 0.6491996 0.7644181 0.6490302 0.7644181 0.6490302 0.7645875 0.6536668 0.7644181 0.6538362 0.759612 0.6538362 0.7642487 0.6536668 0.7644181 0.6538362 0.7644181 0.6538362 0.7642487 0.6491996 0.7644181 0.6490302 0.7644181 0.6490302 0.7597814 0.6491996 0.759612 0.6490302 0.759612 0.6490302 0.7597814 0.6536668 0.759612 0.6538362 0.7548059 0.6538362 0.7594426 0.6536668 0.759612 0.6538362 0.759612 0.6538362 0.7594426 0.6491996 0.759612 0.6490302 0.759612 0.6490302 0.7549753 0.6491996 0.7548059 0.6490302 0.7548059 0.6490302 0.7549753 0.6536668 0.7548059 0.6538362 0.7499999 0.6538362 0.7546365 0.6536668 0.7548059 0.6538362 0.7548059 0.6538362 0.7546365 0.6491996 0.7548059 0.6490302 0.7548059 0.6490302 0.7501693 0.6491996 0.7499999 0.6490302 0.7499999 0.6490302 0.7501693 0.6536668 0.7499999 0.6538362 0.7451938 0.6538362 0.7498306 0.6536668 0.7499999 0.6538362 0.7499999 0.6538362 0.7498306 0.6491996 0.7499999 0.6490302 0.7499999 0.6490302 0.7453632 0.6491996 0.7451938 0.6490302 0.7451938 0.6490302 0.7453632 0.6536668 0.7451938 0.6538362 0.7403878 0.6538362 0.7450245 0.6536668 0.7451938 0.6538362 0.7451938 0.6538362 0.7450245 0.6491996 0.7451938 0.6490302 0.7451938 0.6490302 0.7405572 0.6491996 0.7403878 0.6490302 0.7403878 0.6490302 0.7405571 0.6536668 0.7403878 0.6538362 0.7355818 0.6538362 0.7402184 0.6536668 0.7403878 0.6538362 0.7403878 0.6538362 0.7402184 0.6491996 0.7403878 0.6490302 0.7403878 0.6490302 0.7357512 0.6491996 0.7355818 0.6490302 0.7355818 0.6490302 0.7357512 0.6536668 0.7355818 0.6538362 0.7307757 0.6538362 0.7354124 0.6536668 0.7355818 0.6538362 0.7355818 0.6538362 0.7354124 0.6491996 0.7355818 0.6490302 0.7355818 0.6490302 0.7309451 0.6491996 0.7307757 0.6490302 0.7307757 0.6490302 0.7309451 0.6536668 0.7307757 0.6538362 0.7259696 0.6538362 0.7306063 0.6536668 0.7307757 0.6538362 0.7307757 0.6538362 0.7306063 0.6491996 0.7307757 0.6490302 0.7307757 0.6490302 0.726139 0.6491996 0.7259696 0.6490302 0.7259696 0.6490302 0.726139 0.6536668 0.7259696 0.6538362 0.7211636 0.6538363 0.7258003 0.6536668 0.7259696 0.6538362 0.7259696 0.6538362 0.7258002 0.6491996 0.7259696 0.6490302 0.7259696 0.6490302 0.7213329 0.6491996 0.7211636 0.6490302 0.7211636 0.6490302 0.7213329 0.6536669 0.7211636 0.6538363 0.7163575 0.6538363 0.7209942 0.6536669 0.7211636 0.6538363 0.7211636 0.6538363 0.7209941 0.6491996 0.7211636 0.6490302 0.7211636 0.6490302 0.7165268 0.6491996 0.7163575 0.6490302 0.7163575 0.6490302 0.7165268 0.6536669 0.7163575 0.6538363 0.7115514 0.6538363 0.7161881 0.6536669 0.7163575 0.6538363 0.7163575 0.6538363 0.7161881 0.6491996 0.7163575 0.6490302 0.7163575 0.6490302 0.7117208 0.6491996 0.7115514 0.6490302 0.7115514 0.6490302 0.7117208 0.6536669 0.7115514 0.6538363 0.7788363 0.6586423 0.7834729 0.6584729 0.7836423 0.6586423 0.7836423 0.6586423 0.7834729 0.6540056 0.7836423 0.6538363 0.7836423 0.6538363 0.7790057 0.6540056 0.7788363 0.6538363 0.7788363 0.6538363 0.7790057 0.6584729 0.7788363 0.6586423 0.7740303 0.6586423 0.7786669 0.6584729 0.7788363 0.6586423 0.7788363 0.6586423 0.7786669 0.6540056 0.7788363 0.6538363 0.7788363 0.6538363 0.7741997 0.6540056 0.7740303 0.6538363 0.7740303 0.6538363 0.7741997 0.6584729 0.7740303 0.6586423 0.7692242 0.6586423 0.7738609 0.6584729 0.7740303 0.6586423 0.7740303 0.6586423 0.7738609 0.6540056 0.7740303 0.6538363 0.7740303 0.6538363 0.7693936 0.6540056 0.7692242 0.6538363 0.7692242 0.6538363 0.7693936 0.6584729 0.7692242 0.6586423 0.7644181 0.6586422 0.7690548 0.6584729 0.7692242 0.6586423 0.7692242 0.6586423 0.7690548 0.6540056 0.7692242 0.6538363 0.7692242 0.6538363 0.7645875 0.6540055 0.7644181 0.6538362 0.7644181 0.6538362 0.7645875 0.6584728 0.7644181 0.6586422 0.759612 0.6586423 0.7642487 0.6584728 0.7644181 0.6586422 0.7644181 0.6586422 0.7642487 0.6540055 0.7644181 0.6538362 0.7644181 0.6538362 0.7597814 0.6540055 0.759612 0.6538362 0.759612 0.6538362 0.7597814 0.6584729 0.759612 0.6586423 0.7548059 0.6586422 0.7594426 0.6584729 0.759612 0.6586423 0.759612 0.6586423 0.7594426 0.6540055 0.759612 0.6538362 0.759612 0.6538362 0.7549753 0.6540055 0.7548059 0.6538362 0.7548059 0.6538362 0.7549753 0.6584728 0.7548059 0.6586422 0.7499999 0.6586422 0.7546365 0.6584728 0.7548059 0.6586422 0.7548059 0.6586422 0.7546365 0.6540055 0.7548059 0.6538362 0.7548059 0.6538362 0.7501693 0.6540055 0.7499999 0.6538362 0.7499999 0.6538362 0.7501693 0.6584728 0.7499999 0.6586422 0.7451938 0.6586422 0.7498306 0.6584728 0.7499999 0.6586422 0.7499999 0.6586422 0.7498306 0.6540056 0.7499999 0.6538362 0.7499999 0.6538362 0.7453632 0.6540055 0.7451938 0.6538362 0.7451938 0.6538362 0.7453632 0.6584728 0.7451938 0.6586422 0.7403878 0.6586423 0.7450245 0.6584728 0.7451938 0.6586422 0.7451938 0.6586422 0.7450245 0.6540055 0.7451938 0.6538362 0.7451938 0.6538362 0.7405572 0.6540055 0.7403878 0.6538362 0.7403878 0.6538362 0.7405572 0.6584729 0.7403878 0.6586423 0.7355818 0.6586424 0.7402184 0.6584729 0.7403878 0.6586423 0.7403878 0.6586423 0.7402184 0.6540055 0.7403878 0.6538362 0.7403878 0.6538362 0.7357512 0.6540055 0.7355818 0.6538362 0.7355818 0.6538362 0.7357512 0.658473 0.7355818 0.6586424 0.7307757 0.6586423 0.7354124 0.658473 0.7355818 0.6586424 0.7355818 0.6586424 0.7354124 0.6540055 0.7355818 0.6538362 0.7355818 0.6538362 0.7309451 0.6540055 0.7307757 0.6538362 0.7307757 0.6538362 0.7309451 0.6584729 0.7307757 0.6586423 0.7259696 0.6586423 0.7306063 0.6584729 0.7307757 0.6586423 0.7307757 0.6586423 0.7306063 0.6540055 0.7307757 0.6538362 0.7307757 0.6538362 0.726139 0.6540055 0.7259696 0.6538362 0.7259696 0.6538362 0.7261391 0.6584729 0.7259696 0.6586423 0.7211636 0.6586423 0.7258003 0.6584729 0.7259696 0.6586423 0.7259696 0.6586423 0.7258003 0.6540055 0.7259696 0.6538362 0.7259696 0.6538362 0.7213329 0.6540056 0.7211636 0.6538363 0.7211636 0.6538363 0.7213329 0.6584729 0.7211636 0.6586423 0.7163575 0.6586423 0.7209942 0.6584729 0.7211636 0.6586423 0.7211636 0.6586423 0.7209941 0.6540056 0.7211636 0.6538363 0.7211636 0.6538363 0.7165268 0.6540056 0.7163575 0.6538363 0.7163575 0.6538363 0.7165268 0.6584729 0.7163575 0.6586423 0.7115514 0.6586423 0.7161881 0.6584729 0.7163575 0.6586423 0.7163575 0.6586423 0.7161881 0.6540056 0.7163575 0.6538363 0.7163575 0.6538363 0.7117208 0.6540056 0.7115514 0.6538363 0.7115514 0.6538363 0.7117208 0.6584729 0.7115514 0.6586423 0.7788363 0.6634485 0.783473 0.663279 0.7836424 0.6634484 0.7836424 0.6634484 0.783473 0.6588117 0.7836423 0.6586423 0.7836423 0.6586423 0.7790057 0.6588116 0.7788363 0.6586423 0.7788363 0.6586423 0.7790057 0.663279 0.7788363 0.6634485 0.7740303 0.6634484 0.778667 0.6632791 0.7788363 0.6634485 0.7788363 0.6634485 0.7786669 0.6588118 0.7788363 0.6586423 0.7788363 0.6586423 0.7741997 0.6588116 0.7740303 0.6586423 0.7740303 0.6586423 0.7741997 0.6632789 0.7740303 0.6634484 0.7692242 0.6634484 0.7738609 0.663279 0.7740303 0.6634484 0.7740303 0.6634484 0.7738609 0.6588117 0.7740303 0.6586423 0.7740303 0.6586423 0.7693936 0.6588117 0.7692242 0.6586423 0.7692242 0.6586423 0.7693935 0.6632789 0.7692242 0.6634484 0.7644181 0.6634484 0.7690548 0.663279 0.7692242 0.6634484 0.7692242 0.6634484 0.7690548 0.6588116 0.7692242 0.6586423 0.7692242 0.6586423 0.7645874 0.6588116 0.7644181 0.6586422 0.7644181 0.6586422 0.7645875 0.6632789 0.7644181 0.6634484 0.759612 0.6634483 0.7642487 0.663279 0.7644181 0.6634484 0.7644181 0.6634484 0.7642487 0.6588116 0.7644181 0.6586422 0.7644181 0.6586422 0.7597814 0.6588116 0.759612 0.6586423 0.759612 0.6586423 0.7597814 0.6632789 0.759612 0.6634483 0.759612 0.6634483 0.7549752 0.6632789 0.7594426 0.6632789 0.759612 0.6634483 0.7594426 0.6588116 0.759612 0.6586423 0.759612 0.6586423 0.7549753 0.6588116 0.7548059 0.6586422 0.7548059 0.6586422 0.7549752 0.6632789 0.7548059 0.6634483 0.7548059 0.6634483 0.7501692 0.6632789 0.7546365 0.6632789 0.7548059 0.6634483 0.7546365 0.6588116 0.7548059 0.6586422 0.7499999 0.6586422 0.7546365 0.6588116 0.7501693 0.6588116 0.7499999 0.6586422 0.7501692 0.6632789 0.7499999 0.6634483 0.7499999 0.6634483 0.7453632 0.6632789 0.7498306 0.663279 0.7499999 0.6634483 0.7498305 0.6588116 0.7499999 0.6586422 0.7451938 0.6586422 0.7498305 0.6588116 0.7453632 0.6588116 0.7451938 0.6586422 0.7453632 0.6632789 0.7451938 0.6634483 0.7403878 0.6634484 0.7450245 0.6632789 0.7451938 0.6634483 0.7451938 0.6634483 0.7450245 0.6588116 0.7451938 0.6586422 0.7403878 0.6586423 0.7450245 0.6588116 0.7405571 0.6588116 0.7403878 0.6586423 0.7405571 0.6632789 0.7403878 0.6634484 0.7355817 0.6634484 0.7402184 0.663279 0.7403878 0.6634484 0.7403878 0.6634484 0.7402184 0.6588116 0.7403878 0.6586423 0.7403878 0.6586423 0.7357511 0.6588117 0.7355818 0.6586424 0.7355818 0.6586424 0.735751 0.6632789 0.7355817 0.6634484 0.7307757 0.6634485 0.7354123 0.663279 0.7355817 0.6634484 0.7355817 0.6634484 0.7354124 0.6588117 0.7355818 0.6586424 0.7355818 0.6586424 0.7309451 0.6588116 0.7307757 0.6586423 0.7307757 0.6586423 0.7309451 0.663279 0.7307757 0.6634485 0.7259696 0.6634485 0.7306063 0.6632791 0.7307757 0.6634485 0.7307757 0.6634485 0.7306063 0.6588117 0.7307757 0.6586423 0.7307757 0.6586423 0.726139 0.6588116 0.7259696 0.6586423 0.7259696 0.6586423 0.726139 0.663279 0.7259696 0.6634485 0.7211635 0.6634485 0.7258003 0.6632791 0.7259696 0.6634485 0.7259696 0.6634485 0.7258003 0.6588118 0.7259696 0.6586423 0.7259696 0.6586423 0.7213329 0.6588116 0.7211636 0.6586423 0.7211636 0.6586423 0.7213329 0.663279 0.7211635 0.6634485 0.7163575 0.6634485 0.7209941 0.6632791 0.7211635 0.6634485 0.7211635 0.6634485 0.7209942 0.6588118 0.7211636 0.6586423 0.7211636 0.6586423 0.7165268 0.6588116 0.7163575 0.6586423 0.7163575 0.6586423 0.7165269 0.6632791 0.7163575 0.6634485 0.7115514 0.6634484 0.7161881 0.6632791 0.7163575 0.6634485 0.7163575 0.6634485 0.7161881 0.6588117 0.7163575 0.6586423 0.7163575 0.6586423 0.7117208 0.6588116 0.7115514 0.6586423 0.7115514 0.6586423 0.7117208 0.6632789 0.7115514 0.6634484 0.7836425 0.5961636 0.7882792 0.5959943 0.7884486 0.5961636 0.7884486 0.5961636 0.7882792 0.5915269 0.7884486 0.5913575 0.7884486 0.5913575 0.7838119 0.5915268 0.7836425 0.5913575 0.7836425 0.5913575 0.7838119 0.5959943 0.7836425 0.5961636 0.7836425 0.6009697 0.7882792 0.6008003 0.7884486 0.6009697 0.7884486 0.6009697 0.7882792 0.596333 0.7884486 0.5961636 0.7884486 0.5961636 0.7838119 0.5963331 0.7836425 0.5961636 0.7836425 0.5961636 0.7838119 0.6008003 0.7836425 0.6009697 0.7836425 0.6057757 0.7882792 0.6056064 0.7884486 0.6057758 0.7884486 0.6057758 0.7882792 0.6011391 0.7884486 0.6009697 0.7884486 0.6009697 0.7838119 0.6011391 0.7836425 0.6009697 0.7836425 0.6009697 0.7838119 0.6056064 0.7836425 0.6057757 0.7836425 0.6105818 0.7882792 0.6104124 0.7884486 0.6105818 0.7884486 0.6105818 0.7882792 0.6059452 0.7884486 0.6057758 0.7884486 0.6057758 0.7838119 0.6059451 0.7836425 0.6057757 0.7836425 0.6057757 0.7838119 0.6104124 0.7836425 0.6105818 0.7836425 0.6153878 0.7882792 0.6152184 0.7884486 0.6153878 0.7884486 0.6153878 0.7882792 0.6107512 0.7884486 0.6105818 0.7884486 0.6105818 0.7838119 0.6107511 0.7836425 0.6105818 0.7836425 0.6105818 0.7838119 0.6152184 0.7836425 0.6153878 0.7836424 0.6201938 0.7882791 0.6200245 0.7884485 0.6201938 0.7884485 0.6201938 0.7882792 0.6155571 0.7884486 0.6153878 0.7884486 0.6153878 0.7838119 0.6155571 0.7836425 0.6153878 0.7836425 0.6153878 0.7838118 0.6200245 0.7836424 0.6201938 0.7836424 0.6249999 0.7882792 0.6248306 0.7884485 0.6249999 0.7884485 0.6249999 0.7882791 0.6203632 0.7884485 0.6201938 0.7884485 0.6201938 0.7838118 0.6203632 0.7836424 0.6201938 0.7836424 0.6201938 0.7838118 0.6248305 0.7836424 0.6249999 0.7836424 0.6298059 0.7882791 0.6296365 0.7884485 0.6298059 0.7884485 0.6298059 0.7882792 0.6251693 0.7884485 0.6249999 0.7884485 0.6249999 0.7838118 0.6251693 0.7836424 0.6249999 0.7836424 0.6249999 0.7838118 0.6296365 0.7836424 0.6298059 0.7836424 0.634612 0.7882791 0.6344426 0.7884485 0.634612 0.7884485 0.634612 0.7882791 0.6299753 0.7884485 0.6298059 0.7884485 0.6298059 0.7838118 0.6299753 0.7836424 0.6298059 0.7836424 0.6298059 0.7838118 0.6344426 0.7836424 0.634612 0.7836424 0.639418 0.7882791 0.6392487 0.7884485 0.6394181 0.7884485 0.6394181 0.7882791 0.6347814 0.7884485 0.634612 0.7884485 0.634612 0.7838118 0.6347814 0.7836424 0.634612 0.7836424 0.634612 0.7838118 0.6392487 0.7836424 0.639418 0.7836424 0.6442242 0.7882791 0.6440548 0.7884485 0.6442242 0.7884485 0.6442242 0.7882791 0.6395874 0.7884485 0.6394181 0.7884485 0.6394181 0.7838118 0.6395875 0.7836424 0.639418 0.7836424 0.639418 0.7838118 0.6440548 0.7836424 0.6442242 0.7836424 0.6490302 0.7882791 0.6488608 0.7884485 0.6490302 0.7884485 0.6490302 0.7882791 0.6443936 0.7884485 0.6442242 0.7884485 0.6442242 0.7838118 0.6443936 0.7836424 0.6442242 0.7836424 0.6442242 0.7838118 0.6488609 0.7836424 0.6490302 0.7836423 0.6538363 0.788279 0.6536669 0.7884484 0.6538363 0.7884484 0.6538363 0.7882791 0.6491996 0.7884485 0.6490302 0.7884485 0.6490302 0.7838118 0.6491996 0.7836424 0.6490302 0.7836424 0.6490302 0.7838116 0.6536669 0.7836423 0.6538363 0.7836423 0.6586423 0.788279 0.6584729 0.7884484 0.6586423 0.7884484 0.6586423 0.788279 0.6540056 0.7884484 0.6538363 0.7884484 0.6538363 0.7838116 0.6540056 0.7836423 0.6538363 0.7836423 0.6538363 0.7838116 0.6584729 0.7836423 0.6586423 0.7836424 0.6634484 0.788279 0.663279 0.7884484 0.6634484 0.7884484 0.6634484 0.788279 0.6588116 0.7884484 0.6586423 0.7884484 0.6586423 0.7838116 0.6588116 0.7836423 0.6586423 0.7836423 0.6586423 0.7838118 0.663279 0.7836424 0.6634484 0.7836425 0.5913575 0.7882792 0.5911881 0.7884486 0.5913575 0.7884486 0.5913575 0.7882792 0.5867208 0.7884486 0.5865515 0.7884486 0.5865515 0.783812 0.5867209 0.7836426 0.5865515 0.7836425 0.5913575 0.783812 0.5867209 0.7838119 0.5911881 0 0 0 0 0 0 0 0 0 0 0 0 0 0 0 0 0 0 0 0 0 0 0 0 0 0 0 0 0 0 0 0 0 0 0 0 0 0 0 0 0 0 0 0 0 0 0 0 0 0 0 0 0 0 0 0 0 0 0 0 0 0 0 0 0 0 0 0 0 0 0 0 0 0 0 0 0 0 0 0 0 0 0 0 0 0 0 0 0 0 0 0 0 0 0 0 0 0 0 0 0 0 0 0 0 0 0 0 0 0 0 0 0 0 0 0 0 0 0 0 0 0 0 0 0 0 0 0 0 0 0 0 0 0 0 0 0 0 0 0 0 0 0 0 0 0 0 0 0 0 0 0 0 0 0 0 0 0 0 0 0 0 0 0 0 0 0 0 0 0 0 0 0 0 0 0 0 0 0 0 0 0 0 0 0 0 0 0 0 0 0 0 0 0 0 0 0 0 0 0 0 0 0 0 0 0 0 0 0 0 0 0 0 0 0 0 0 0 0 0 0 0 0 0 0 0 0 0 0 0 0 0 0 0 0 0 0 0 0 0 0 0 0 0 0 0 0 0 0 0 0 0 0 0 0 0 0 0 0 0 0 0 0 0 0 0 0 0 0 0 0 0 0 0 0 0 0 0 0 0 0 0 0 0 0 0 0 0 0 0 0 0 0 0 0 0 0 0 0 0 0 0 0 0 0 0 0 0 0 0 0 0 0 0 0 0 0 0 0 0 0 0 0 0 0 0 0 0 0 0 0 0 0 0 0 0 0 0 0 0 0 0 0 0 0 0 0 0 0 0 0 0 0 0 0 0 0 0 0 0 0 0 0 0 0 0 0 0 0 0 0 0 0 0 0 0 0 0 0 0 0 0 0 0 0 0 0 0 0 0 0 0 0 0 0 0 0 0 0 0 0 0 0 0 0 0 0 0 0 0 0 0 0 0 0 0 0 0 0 0 0 0 0 0 0 0 0 0 0 0 0 0 0 0 0 0 0 0 0 0 0 0 0 0 0 0 0 0 0 0 0 0 0 0 0 0 0 0 0 0 0 0 0 0 0 0 0 0 0 0 0 0 0 0 0 0 0 0 0 0 0 0 0 0 0 0 0 0 0 0 0 0 0 0 0 0 0 0 0 0 0 0 0 0 0 0 0 0 0 0 0 0 0 0 0 0 0 0 0 0 0 0 0 0 0 0 0 0 0 0 0 0 0 0 0 0 0 0 0 0 0 0 0 0 0 0 0 0 0 0 0 0 0 0 0 0 0 0 0 0 0 0 0 0 0 0 0 0 0 0 0 0 0 0 0 0 0 0 0 0 0 0 0 0 0 0 0 0 0 0 0 0 0 0 0 0 0 0 0 0 0 0 0 0 0 0 0 0 0 0 0 0 0 0 0 0 0 0 0 0 0 0 0 0 0 0 0 0 0 0 0 0 0 0 0 0 0 0 0 0 0 0 0 0 0 0 0 0 0 0 0 0 0 0 0 0 0 0 0 0 0 0 0 0 0 0 0 0 0 0 0 0 0 0 0 0 0 0 0 0 0 0 0 0 0 0 0 0 0 0 0 0 0 0 0 0 0 0 0 0 0 0 0 0 0 0 0 0 0 0 0 0 0 0 0 0 0 0 0 0 0 0 0 0 0 0 0 0 0 0 0 0 0 0 0 0 0 0 0 0 0 0 0 0 0 0 0 0 0 0 0 0 0 0 0 0 0 0 0 0 0 0 0 0 0 0 0 0 0 0 0 0 0 0 0 0 0 0 0 0 0 0 0 0 0 0 0 0 0 0 0 0 0 0 0 0 0 0 0 0 0 0 0 0 0 0 0 0 0 0 0 0 0 0 0 0 0 0 0 0 0 0 0 0 0 0 0 0 0 0 0 0 0 0 0 0 0 0 0 0 0 0 0 0 0 0 0 0 0 0 0 0 0 0 0 0 0 0 0 0 0 0 0 0 0 0 0 0 0 0 0 0 0 0 0 0 0 0 0 0 0 0 0 0 0 0 0 0 0 0 0 0 0 0 0 0 0 0 0 0 0 0 0 0 0 0 0 0 0 0 0 0 0 0 0 0 0 0 0 0 0 0 0 0 0 0 0 0 0 0 0 0 0 0 0 0 0 0 0 0 0 0 0 0 0 0 0 0 0 0 0 0 0 0 0 0 0 0 0 0 0 0 0 0 0 0 0 0 0 0 0 0 0 0 0 0 0 0 0 0 0 0 0 0 0 0 0 0 0 0 0 0 0 0 0 0 0 0 0 0 0 0 0 0 0 0 0 0 0 0 0 0 0 0 0 0 0 0 0 0 0 0 0 0 0 0 0 0 0 0 0 0 0 0 0 0 0 0 0 0 0 0 0 0 0 0 0 0 0 0 0 0 0 0 0 0 0 0 0 0 0 0 0 0 0 0 0 0 0 0 0 0 0 0 0 0 0 0 0 0 0 0 0 0 0 0 0 0 0 0 0 0 0 0 0 0 0 0 0 0 0 0 0 0 0 0 0 0 0 0 0 0 0 0 0 0 0 0 0 0 0 0 0 0 0 0 0 0 0 0 0 0 0 0 0 0 0 0 0 0 0 0 0 0 0 0 0 0 0 0 0 0 0 0 0 0 0 0 0 0 0 0 0 0 0 0 0 0 0 0 0 0 0 0 0 0 0 0 0 0 0 0 0 0 0 0 0 0 0 0 0 0 0 0 0 0 0 0 0 0 0 0 0 0 0 0 0 0 0 0 0 0 0 0 0 0 0 0 0 0 0 0 0 0 0 0 0 0 0 0 0 0 0 0 0 0 0 0 0 0 0 0 0 0 0 0 0 0 0 0 0 0 0 0 0 0 0 0 0 0 0 0 0 0 0 0 0 0 0 0 0 0 0 0 0 0 0 0 0 0 0 0 0 0 0 0 0 0 0 0 0 0 0 0 0 0 0 0 0 0 0 0 0 0 0 0 0 0 0 0 0 0 0 0 0 0 0 0 0 0 0 0 0 0 0 0 0 0 0 0 0 0 0 0 0 0 0 0 0 0 0 0 0 0 0 0 0 0 0 0 0 0 0 0 0 0 0 0 0 0 0 0 0 0 0 0 0 0 0 0 0 0 0 0 0 0 0 0 0 0 0 0 0 0 0 0 0 0 0 0 0 0 0 0 0 0 0 0 0 0 0 0 0 0 0 0 0 0 0 0 0 0 0 0 0 0 0 0 0 0 0 0 0 0 0 0 0 0 0 0 0 0 0 0 0 0 0 0 0 0 0 0 0 0 0 0 0 0 0 0 0 0 0 0 0 0 0 0 0 0 0 0 0 0 0 0 0 0 0 0 0 0 0 0 0 0 0 0 0 0 0 0 0 0 0 0 0 0 0 0 0 0 0 0 0 0 0 0 0 0 0 0 0 0 0 0 0 0 0 0 0 0 0 0 0 0 0 0 0 0 0 0 0 0 0 0 0 0 0 0 0 0 0 0 0 0 0 0 0 0 0 0 0 0 0 0 0 0 0 0 0 0 0 0 0 0 0 0 0 0 0 0 0 0 0 0 0 0 0 0 0 0 0 0 0 0 0 0 0 0 0 0 0 0 0 0 0 0 0 0 0 0 0 0 0 0 0 0 0 0 0 0 0 0 0 0 0 0 0 0 0 0 0 0 0 0 0 0 0 0 0 0 0 0 0 0 0 0 0 0 0 0 0 0 0 0 0 0 0 0 0 0 0 0 0 0 0 0 0 0 0 0 0 0 0 0 0 0 0 0 0 0 0 0 0 0 0 0 0 0 0 0 0 0 0 0 0 0 0 0 0 0 0 0 0 0 0 0 0 0 0 0 0 0 0 0 0 0 0 0 0 0 0 0 0 0 0 0 0 0 0 0 0 0 0 0 0 0 0 0 0 0 0 0 0 0 0 0 0 0 0 0 0 0 0 0 0 0 0 0 0 0 0 0 0 0 0 0 0 0 0 0 0 0 0 0 0 0 0 0 0 0 0 0 0 0 0 0 0 0 0 0 0 0 0 0 0 0 0 0 0 0 0 0 0 0 0 0 0 0 0 0 0 0 0 0 0 0 0 0 0 0 0 0 0 0 0 0 0 0 0 0 0 0 0 0 0 0 0 0 0 0 0 0 0 0 0 0 0 0 0 0 0 0 0 0 0 0 0 0 0 0 0 0 0 0 0 0 0 0 0 0 0 0 0 0 0 0 0 0 0 0 0 0 0 0 0 0 0 0 0 0 0 0 0 0 0 0 0 0 0 0 0 0 0 0 0 0 0 0 0 0 0 0 0 0 0 0 0 0 0 0 0 0 0 0 0 0 0 0 0 0 0 0 0 0 0 0 0 0 0 0 0 0 0 0 0 0 0 0 0 0 0 0 0 0 0 0 0 0 0 0 0 0 0 0 0 0 0 0 0 0 0 0 0 0 0 0 0 0 0 0 0 0 0 0 0 0 0 0 0 0 0 0 0 0 0 0 0 0 0 0 0 0 0 0 0 0 0 0 0 0 0 0 0 0 0 0 0 0 0 0 0 0 0 0 0 0 0 0 0 0 0 0 0 0 0 0 0 0 0 0 0 0 0 0 0 0 0 0 0 0 0 0 0 0 0 0 0 0 0 0 0 0 0 0 0 0 0 0 0 0 0 0 0 0 0 0 0 0 0 0 0 0 0 0 0 0 0 0 0 0 0 0 0 0 0 0 0 0 0 0 0 0 0 0 0 0 0 0 0 0 0 0 0 0 0 0 0 0 0 0 0 0 0 0 0 0 0 0 0 0 0 0 0 0 0 0 0 0 0 0 0 0 0 0 0 0 0 0 0 0 0 0 0 0 0 0 0 0 0 0 0 0 0 0 0 0 0 0 0 0 0 0 0 0 0 0 0 0 0 0 0 0 0 0 0 0 0 0 0 0 0 0 0 0 0 0 0 0 0 0 0 0 0 0 0 0 0 0 0 0 0 0 0 0 0 0 0 0 0 0 0 0 0 0 0 0 0 0 0 0 0 0 0 0 0 0 0 0 0 0 0 0 0 0 0 0 0 0 0 0 0 0 0 0 0 0 0 0 0 0 0 0 0 0 0 0 0 0 0 0 0 0 0 0 0 0 0 0 0 0 0 0 0 0 0 0 0 0 0 0 0 0 0 0 0 0 0 0 0 0 0 0 0 0 0 0 0 0 0 0 0 0 0 0 0 0 0 0 0 0 0 0 0 0 0 0 0 0 0 0 0 0 0 0 0 0 0 0 0 0 0 0 0 0 0 0 0 0 0 0 0 0 0 0 0 0 0 0 0 0 0 0 0 0 0 0 0 0 0 0 0 0 0 0 0 0 0 0 0 0 0 0 0 0 0 0 0 0 0 0 0 0 0 0 0 0 0 0 0 0 0 0 0 0 0 0 0 0 0 0 0 0 0 0 0 0 0 0 0 0 0 0 0 0 0 0 0 0 0 0 0 0 0 0 0 0 0 0 0 0 0 0 0 0 0 0 0 0 0 0 0 0 0 0 0 0 0 0 0 0 0 0 0 0 0 0 0 0 0 0 0 0 0 0 0 0 0 0 0 0 0 0 0 0 0 0 0 0 0 0 0 0 0 0 0 0 0 0 0 0 0 0 0 0 0 0 0 0 0 0 0 0 0 0 0 0 0 0 0 0 0 0 0 0 0 0 0 0 0 0 0 0 0 0 0 0 0 0 0 0 0 0 0 0 0 0 0 0 0 0 0 0 0 0 0 0 0 0 0 0 0 0 0 0 0 0 0 0 0 0 0 0 0 0 0 0 0 0 0 0 0 0 0 0 0 0 0 0 0 0 0 0 0 0 0 0 0 0 0 0 0 0 0 0 0 0 0 0 0 0 0 0 0 0 0 0 0 0 0 0 0 0 0 0 0 0 0 0 0 0 0 0 0 0 0 0 0 0 0 0 0 0 0 0 0 0 0 0 0 0 0 0 0 0 0 0 0 0 0 0 0 0 0 0 0 0 0 0 0 0 0 0 0 0 0 0 0 0 0 0 0 0 0 0 0 0 0 0 0 0 0 0 0 0 0 0 0 0 0 0 0 0 0 0 0 0 0 0 0 0 0 0 0 0 0 0 0 0 0 0 0 0 0 0 0 0 0 0 0 0 0 0 0 0 0 0 0 0 0 0 0 0 0 0 0 0 0 0 0 0 0 0 0 0 0 0 0 0 0 0 0 0 0 0 0 0 0 0 0 0 0 0 0 0 0 0 0 0 0 0 0 0 0 0 0 0 0 0 0 0 0 0 0 0 0 0 0 0 0 0 0 0 0 0 0 0 0 0 0 0 0 0 0 0 0 0 0 0 0 0 0 0 0 0 0 0 0 0 0 0 0 0 0 0 0 0 0 0 0 0 0 0 0 0 0 0 0 0 0 0 0 0 0 0 0 0 0 0 0 0 0 0 0 0 0 0 0 0 0 0 0 0 0 0 0 0 0 0 0 0 0 0 0 0 0 0 0 0 0 0 0 0 0 0 0 0 0 0 0 0 0 0 0 0 0 0 0 0 0 0 0 0 0 0 0 0 0 0 0 0 0 0 0 0 0 0 0 0 0 0 0 0 0 0 0 0 0 0 0 0 0 0 0 0 0 0 0 0 0 0 0 0 0 0 0 0 0 0 0 0 0 0 0 0 0 0 0 0 0 0 0 0 0 0 0 0 0 0 0 0 0 0 0 0 0 0 0 0 0 0 0 0 0 0 0 0 0 0 0 0 0 0 0 0 0 0 0 0 0 0 0 0 0 0 0 0 0 0 0 0 0 0 0 0 0 0 0 0 0 0 0 0 0 0 0 0 0 0 0 0 0 0 0 0 0 0 0 0 0 0 0 0 0 0 0 0 0 0 0 0 0 0 0 0 0 0 0 0 0 0 0 0 0 0 0 0 0 0 0 0 0 0 0 0 0 0 0 0 0 0 0 0 0 0 0 0 0 0 0 0 0 0 0 0 0 0 0 0 0 0 0 0 0 0 0 0 0 0 0 0 0 0 0 0 0 0 0 0 0 0 0 0 0 0 0 0 0 0 0 0 0 0 0 0 0 0 0 0 0 0 0 0 0 0 0 0 0 0 0 0 0 0 0 0 0 0 0 0 0 0 0 0 0 0 0 0 0 0 0 0 0 0 0 0 0 0 0 0 0 0 0 0 0 0 0 0 0 0 0 0 0 0 0 0 0 0 0 0 0 0 0 0 0 0 0 0 0 0 0 0 0 0 0 0 0 0 0 0 0 0 0 0 0 0 0 0 0 0 0 0 0 0 0 0 0 0 0 0 0 0 0 0 0 0 0 0 0 0 0 0 0 0 0 0 0 0 0 0 0 0 0 0 0 0 0 0 0 0 0 0 0 0 0 0 0 0 0 0 0 0 0 0 0 0 0 0 0 0 0 0 0 0 0 0 0 0 0 0 0 0 0 0 0 0 0 0 0 0 0 0 0 0 0 0 0 0 0 0 0 0 0 0 0 0 0 0 0 0 0 0 0 0 0 0 0 0 0 0 0 0 0 0 0 0 0 0 0 0 0 0 0 0 0 0 0 0 0 0 0 0 0 0 0 0 0 0 0 0 0 0 0 0 0 0 0 0 0 0 0 0 0 0 0 0 0 0 0 0 0 0 0 0 0 0 0 0 0 0 0 0 0 0 0 0 0 0 0 0 0 0 0 0 0 0 0 0 0 0 0 0 0 0 0 0 0 0 0 0 0 0 0 0 0 0 0 0 0 0 0 0 0 0 0 0 0 0 0 0 0 0 0 0 0 0 0 0 0 0 0 0 0 0 0 0 0 0 0 0 0 0 0 0 0 0 0 0 0 0 0 0 0 0 0 0 0 0 0 0 0 0 0 0 0 0 0 0 0 0 0 0 0 0 0 0 0 0 0 0 0 0 0 0 0 0 0 0 0 0 0 0 0 0 0 0 0 0 0 0 0 0 0 0 0 0 0 0 0 0 0 0 0 0 0 0 0 0 0 0 0 0 0 0 0 0 0 0 0 0 0 0 0 0 0 0 0 0 0 0 0 0 0 0 0 0 0 0 0 0 0 0 0 0 0 0 0 0 0 0 0 0 0 0 0 0 0 0 0 0 0 0 0 0 0 0 0 0 0 0 0 0 0 0 0 0 0 0 0 0 0 0 0 0 0 0 0 0 0 0 0 0 0 0 0 0 0 0 0 0 0 0 0 0 0 0 0 0 0 0 0 0 0 0 0 0 0 0 0 0 0 0 0 0 0 0 0 0 0 0 0 0 0 0 0 0 0 0 0 0 0 0 0 0 0 0 0 0 0 0 0 0 0 0 0 0 0 0 0 0 0 0 0 0 0 0 0 0 0 0 0 0 0 0 0 0 0 0 0 0 0 0 0 0 0 0 0 0 0 0 0 0 0 0 0 0 0 0 0 0 0 0 0 0 0 0 0 0 0 0 0 0 0 0 0 0 0 0 0 0 0 0 0 0 0 0 0 0 0 0 0 0 0 0 0 0 0 0 0 0 0 0 0 0 0 0 0 0 0 0 0 0 0 0 0 0 0 0 0 0 0 0 0 0 0 0 0 0 0 0 0 0 0 0 0 0 0 0 0 0 0 0 0 0 0 0 0 0 0 0 0 0 0 0 0 0 0 0 0 0 0 0 0 0 0 0 0 0 0 0 0 0 0 0 0 0 0 0 0 0 0 0 0 0 0 0 0 0 0 0 0 0 0 0 0 0 0 0 0 0 0 0 0 0 0 0 0 0 0 0 0 0 0 0 0 0 0 0 0 0 0 0 0 0 0 0 0 0 0 0 0 0 0 0 0 0 0 0 0 0 0 0 0 0 0 0 0 0 0 0 0 0 0 0 0 0 0 0 0 0 0 0 0 0 0 0 0 0 0 0 0 0 0 0 0 0 0 0 0 0 0 0 0 0 0 0 0 0 0 0 0 0 0 0 0 0 0 0 0 0 0 0 0 0 0 0 0 0 0 0 0 0 0 0 0 0 0 0 0 0 0 0 0 0 0 0 0 0 0 0 0 0 0 0 0 0 0 0 0 0 0 0 0 0 0 0 0 0 0 0 0 0 0 0 0 0 0 0 0 0 0 0 0 0 0 0 0 0 0 0 0 0 0 0 0 0 0 0 0 0 0 0 0 0 0 0 0 0 0 0 0 0 0 0 0 0 0 0 0 0 0 0 0 0 0 0 0 0 0 0 0 0 0 0 0 0 0 0 0 0 0 0 0 0 0 0 0 0 0 0 0 0 0 0 0 0 0 0 0 0 0 0 0 0 0 0 0 0 0 0 0 0 0 0 0 0 0 0 0 0 0 0 0 0 0 0 0 0 0 0 0 0 0 0 0 0 0 0 0 0 0 0 0 0 0 0 0 0 0 0 0 0 0 0 0 0 0 0 0 0 0 0 0 0 0 0 0 0 0 0 0 0 0 0 0 0 0 0 0 0 0 0 0 0 0 0 0 0 0 0 0 0 0 0 0 0 0 0 0 0 0 0 0 0 0 0 0 0 0 0 0 0 0 0 0 0 0 0 0 0 0 0 0 0 0 0 0 0 0 0 0 0 0 0 0 0 0 0 0 0 0 0 0 0 0 0 0 0 0 0 0 0 0 0 0 0 0 0 0 0 0 0 0 0 0 0 0 0 0 0 0 0 0 0 0 0 0 0 0 0 0 0 0 0 0 0 0 0 0 0 0 0 0 0 0 0 0 0 0 0 0 0 0 0 0 0 0 0 0 0 0 0 0 0 0 0 0 0 0 0 0 0 0 0 0 0 0 0 0 0 0 0 0 0 0 0 0 0 0 0 0 0 0 0 0 0 0 0 0 0 0 0 0 0 0 0 0 0 0 0 0 0 0 0 0 0 0 0 0 0 0 0 0 0 0 0 0 0 0 0 0 0 0 0 0 0 0 0 0 0 0 0 0 0 0 0 0 0 0 0 0 0 0 0 0 0 0 0 0 0 0 0 0 0 0 0 0 0 0 0 0 0 0 0 0 0 0 0 0 0 0 0 0 0 0 0 0 0 0 0 0 0 0 0 0 0 0 0 0 0 0 0 0 0 0 0 0 0 0 0 0 0 0 0 0 0 0 0 0 0 0 0 0 0 0 0 0 0 0 0 0 0 0 0 0 0 0 0 0 0 0 0 0 0 0 0 0 0 0 0 0 0 0 0 0 0 0 0 0 0 0 0 0 0 0 0 0 0 0 0 0 0 0 0 0 0 0 0 0 0 0 0 0 0 0 0 0 0 0 0 0 0 0 0 0 0 0 0 0 0 0 0 0 0 0 0 0 0 0 0 0 0 0 0 0 0 0 0 0 0 0 0 0 0 0 0 0 0 0 0 0 0 0 0 0 0 0 0 0 0 0 0 0 0 0 0 0 0 0 0 0 0 0 0 0 0 0 0 0 0 0 0 0 0 0 0 0 0 0 0 0 0 0 0 0 0 0 0 0 0 0 0 0 0 0 0 0 0 0 0 0 0 0 0 0 0 0 0 0 0 0 0 0 0 0 0 0 0 0 0 0 0 0 0 0 0 0 0 0 0 0 0 0 0 0 0 0 0 0 0 0 0 0 0 0 0 0 0 0 0 0 0 0 0 0 0 0 0 0 0 0 0 0 0 0 0 0 0 0 0 0 0 0 0 0 0 0 0 0 0 0 0 0 0 0 0 0 0 0 0 0 0 0 0 0 0 0 0 0 0 0 0 0 0 0 0 0 0 0 0 0 0 0 0 0 0 0 0 0 0 0 0 0 0 0 0 0 0 0 0 0 0 0 0 0 0 0 0 0 0 0 0 0 0 0 0 0 0 0 0 0 0 0 0 0 0 0 0 0 0 0 0 0 0 0 0 0 0 0 0 0 0 0 0 0 0 0 0 0 0 0 0 0 0 0 0 0 0 0 0 0 0 0 0 0 0 0 0 0 0 0 0 0 0 0 0 0 0 0 0 0 0 0 0 0 0 0 0 0 0 0 0 0 0 0 0 0 0 0 0 0 0 0 0 0 0 0 0 0 0 0 0 0 0 0 0 0 0 0 0 0 0 0 0 0 0 0 0 0 0 0 0 0 0 0 0 0 0 0 0 0 0 0 0 0 0 0 0 0 0 0 0 0 0 0 0 0 0 0 0 0 0 0 0 0 0 0 0 0 0 0 0 0 0 0 0 0 0 0 0 0 0 0 0 0 0 0 0 0 0 0 0 0 0 0 0 0 0 0 0 0 0 0 0 0 0 0 0 0 0 0 0 0 0 0 0 0 0 0 0 0 0 0 0 0 0 0 0 0 0 0 0 0 0 0 0 0 0 0 0 0 0 0 0 0 0 0 0 0 0 0 0 0 0 0 0 0 0 0 0 0 0 0 0 0 0 0 0 0 0 0 0 0 0 0 0 0 0 0 0 0 0 0 0 0 0 0 0 0 0 0 0 0 0 0 0 0 0 0 0 0 0 0 0 0 0 0 0 0 0 0 0 0 0 0 0 0 0 0 0 0 0 0 0 0 0 0 0 0 0 0 0 0 0 0 0 0 0 0 0 0 0 0 0 0 0 0 0 0 0 0 0 0 0 0 0 0 0 0 0 0 0 0 0 0 0 0 0 0 0 0 0 0 0 0 0 0 0 0 0 0 0 0 0 0 0 0 0 0 0 0 0 0 0 0 0 0 0 0 0 0 0 0 0 0 0 0 0 0 0 0 0 0 0 0 0 0 0 0 0 0 0 0 0 0 0 0 0 0 0 0 0 0 0 0 0 0 0 0 0 0 0 0 0 0 0 0 0 0 0 0 0 0 0 0 0 0 0 0 0 0 0 0 0 0 0 0 0 0 0 0 0 0 0 0 0 0 0 0 0 0 0 0 0 0 0 0 0 0 0 0 0 0 0 0 0 0 0 0 0 0 0 0 0 0 0 0 0 0 0 0 0 0 0 0 0 0 0 0 0 0 0 0 0 0 0 0 0 0 0 0 0 0 0 0 0 0 0 0 0 0 0 0 0 0 0 0 0 0 0 0 0 0 0 0 0 0 0 0 0 0 0 0 0 0 0 0 0 0 0 0 0 0 0 0 0 0 0 0 0 0 0 0 0 0 0 0 0 0 0 0 0 0 0 0 0 0 0 0 0 0 0 0 0 0 0 0 0 0 0 0 0 0 0 0 0 0 0 0 0 0 0 0 0 0 0 0 0 0 0 0 0 0 0 0 0 0 0 0 0 0 0 0 0 0 0 0 0 0 0 0 0 0 0 0 0 0 0 0 0 0 0 0 0 0 0 0 0 0 0 0 0 0 0 0 0 0 0 0 0 0 0 0 0 0 0 0 0 0 0 0 0 0 0 0 0 0 0 0 0 0 0 0 0 0 0 0 0 0 0 0 0 0 0 0 0 0 0 0 0 0 0 0 0 0 0 0 0 0 0 0 0 0 0 0 0 0 0 0 0 0 0 0 0 0 0 0 0 0 0 0 0 0 0 0 0 0 0 0 0 0 0 0 0 0 0 0 0 0 0 0 0 0 0 0 0 0 0 0 0 0 0 0 0 0 0 0 0 0 0 0 0 0 0 0 0 0 0 0 0 0 0 0 0 0 0 0 0 0 0 0 0 0 0 0 0 0 0 0 0 0 0 0 0 0 0 0 0 0 0 0 0 0 0 0 0 0 0 0 0 0 0 0 0 0 0 0 0 0 0 0 0 0 0 0 0 0 0 0 0 0 0 0 0 0 0 0 0 0 0 0 0 0 0 0 0 0 0 0 0 0 0 0 0 0 0 0 0 0 0 0 0 0 0 0 0 0 0 0 0 0 0 0 0 0 0 0 0 0 0 0 0 0 0 0 0 0 0 0 0 0 0 0 0 0 0 0 0 0 0 0 0 0 0 0 0 0 0 0 0 0 0 0 0 0 0 0 0 0 0 0 0 0 0 0 0 0 0 0 0 0 0 0 0 0 0 0 0 0 0 0 0 0 0 0 0 0 0 0 0 0 0 0 0 0 0 0 0 0 0 0 0 0 0 0 0 0 0 0 0 0 0 0 0 0 0 0 0 0 0 0 0 0 0 0 0 0 0 0 0 0 0 0 0 0 0 0 0 0 0 0 0 0 0 0 0 0 0 0 0 0 0 0 0 0 0 0 0 0 0 0 0 0 0 0 0 0 0 0 0 0 0 0 0 0 0 0 0 0 0 0 0 0 0 0 0 0 0 0 0 0 0 0 0 0 0 0 0 0 0 0 0 0 0 0 0 0 0 0 0 0 0 0 0 0 0 0 0 0 0 0 0 0 0 0 0 0 0 0 0 0 0 0 0 0 0 0 0 0 0 0 0 0 0 0 0 0 0 0 0 0 0 0 0 0 0 0 0 0 0 0 0 0 0 0 0 0 0 0 0 0 0 0 0 0 0 0 0 0 0 0 0 0 0 0 0 0 0 0 0 0 0 0 0 0 0 0 0 0 0 0 0 0 0 0 0 0 0 0 0 0 0 0 0 0 0 0 0 0 0 0 0 0 0 0 0 0 0 0 0 0 0 0 0 0 0 0 0 0 0 0 0 0 0 0 0 0 0 0 0 0 0 0 0 0 0 0 0 0 0 0 0 0 0 0 0 0 0 0 0 0 0 0 0 0 0 0 0 0 0 0 0 0 0 0 0 0 0 0 0 0 0 0 0 0 0 0 0 0 0 0 0 0 0 0 0 0 0 0 0 0 0 0 0 0 0 0 0 0 0 0 0 0 0 0 0 0 0 0 0 0 0 0 0 0 0 0 0 0 0 0 0 0 0 0 0 0 0 0 0 0.7211636 0.6490302 0.7258003 0.6488608 0.7259696 0.6490302 0.7259696 0.6442242 0.7261391 0.6488609 0.7259696 0.6490302 0.7307757 0.6442242 0.726139 0.6443936 0.7259696 0.6442242 0.7307757 0.6490302 0.7306063 0.6443936 0.7307757 0.6442242 0.7259696 0.6490302 0.7306063 0.6488608 0.7307757 0.6490302 0.7307757 0.6442242 0.7309451 0.6488609 0.7307757 0.6490302 0.7355818 0.6442242 0.7309451 0.6443936 0.7307757 0.6442242 0.7355818 0.6490302 0.7354124 0.6443936 0.7355818 0.6442242 0.7307757 0.6490302 0.7354124 0.6488608 0.7355818 0.6490302 0.7355818 0.6442242 0.7357512 0.6488609 0.7355818 0.6490302 0.7403878 0.6442242 0.7357512 0.6443936 0.7355818 0.6442242 0.7403878 0.6490302 0.7402184 0.6443936 0.7403878 0.6442242 0.7355818 0.6490302 0.7402184 0.6488608 0.7403878 0.6490302 0.7403878 0.6442242 0.7405572 0.6488609 0.7403878 0.6490302 0.7451938 0.6442242 0.7405572 0.6443936 0.7403878 0.6442242 0.7451938 0.6490302 0.7450245 0.6443936 0.7451938 0.6442242 0.7403878 0.6490302 0.7450245 0.6488608 0.7451938 0.6490302 0.7451938 0.6442242 0.7453632 0.6488609 0.7451938 0.6490302 0.7499999 0.6442242 0.7453632 0.6443936 0.7451938 0.6442242 0.7499999 0.6490302 0.7498306 0.6443936 0.7499999 0.6442242 0.7451938 0.6490302 0.7498306 0.6488609 0.7499999 0.6490302 0.7499999 0.6442242 0.7501693 0.6488609 0.7499999 0.6490302 0.7548059 0.6442242 0.7501693 0.6443936 0.7499999 0.6442242 0.7548059 0.6490302 0.7546365 0.6443936 0.7548059 0.6442242 0.7499999 0.6490302 0.7546365 0.6488608 0.7548059 0.6490302 0.7548059 0.6442242 0.7549753 0.6488609 0.7548059 0.6490302 0.759612 0.6442242 0.7549753 0.6443936 0.7548059 0.6442242 0.759612 0.6490302 0.7594426 0.6443936 0.759612 0.6442242 0.7548059 0.6490302 0.7594426 0.6488608 0.759612 0.6490302 0.759612 0.6442242 0.7597814 0.6488609 0.759612 0.6490302 0.7644181 0.6442242 0.7597814 0.6443936 0.759612 0.6442242 0.7644181 0.6490302 0.7642487 0.6443936 0.7644181 0.6442242 0.759612 0.6490302 0.7642487 0.6488608 0.7644181 0.6490302 0.7644181 0.6442242 0.7645875 0.6488609 0.7644181 0.6490302 0.7692242 0.6442242 0.7645875 0.6443936 0.7644181 0.6442242 0.7692242 0.6490302 0.7690548 0.6443936 0.7692242 0.6442242 0.7644181 0.6490302 0.7690548 0.6488608 0.7692242 0.6490302 0.7692242 0.6442242 0.7693936 0.6488609 0.7692242 0.6490302 0.7740303 0.6442242 0.7693936 0.6443936 0.7692242 0.6442242 0.7740303 0.6490302 0.7738609 0.6443936 0.7740303 0.6442242 0.7692242 0.6490302 0.7738609 0.6488608 0.7740303 0.6490302 0.7740303 0.6442242 0.7741997 0.6488609 0.7740303 0.6490302 0.7788364 0.6442242 0.7741997 0.6443936 0.7740303 0.6442242 0.7788364 0.6490302 0.778667 0.6443936 0.7788364 0.6442242 0.7740303 0.6490302 0.778667 0.6488608 0.7788364 0.6490302 0.7788364 0.6442242 0.7790058 0.6488609 0.7788364 0.6490302 0.7836424 0.6442242 0.7790058 0.6443936 0.7788364 0.6442242 0.7836424 0.6490302 0.783473 0.6443936 0.7836424 0.6442242 0.7788364 0.6490302 0.783473 0.6488608 0.7836424 0.6490302 0.7115514 0.6394181 0.7117208 0.6440548 0.7115514 0.6442242 0.7163575 0.6394181 0.7117208 0.6395875 0.7115514 0.6394181 0.7163575 0.6442242 0.7161881 0.6395874 0.7163575 0.6394181 0.7115514 0.6442242 0.7161881 0.6440548 0.7163575 0.6442242 0.7163575 0.6394181 0.7165268 0.6440548 0.7163575 0.6442242 0.7211636 0.6394181 0.7165268 0.6395875 0.7163575 0.6394181 0.7211636 0.6442242 0.7209941 0.6395874 0.7211636 0.6394181 0.7163575 0.6442242 0.7209942 0.6440549 0.7211636 0.6442242 0.7211636 0.6394181 0.7213329 0.6440549 0.7211636 0.6442242 0.7259696 0.6394181 0.7213329 0.6395875 0.7211636 0.6394181 0.7259696 0.6442242 0.7258002 0.6395874 0.7259696 0.6394181 0.7211636 0.6442242 0.7258003 0.6440549 0.7259696 0.6442242 0.7259696 0.6394181 0.726139 0.6440549 0.7259696 0.6442242 0.7307757 0.6394181 0.726139 0.6395875 0.7259696 0.6394181 0.7307757 0.6442242 0.7306063 0.6395874 0.7307757 0.6394181 0.7259696 0.6442242 0.7306063 0.6440549 0.7307757 0.6442242 0.7307757 0.6394181 0.7309451 0.6440549 0.7307757 0.6442242 0.7355818 0.6394181 0.7309451 0.6395875 0.7307757 0.6394181 0.7355818 0.6442242 0.7354124 0.6395874 0.7355818 0.6394181 0.7307757 0.6442242 0.7354124 0.6440549 0.7355818 0.6442242 0.7355818 0.6394181 0.7357512 0.6440549 0.7355818 0.6442242 0.7403878 0.639418 0.7357512 0.6395875 0.7355818 0.6394181 0.7403878 0.6442242 0.7402184 0.6395874 0.7403878 0.639418 0.7355818 0.6442242 0.7402184 0.6440549 0.7403878 0.6442242 0.7403878 0.639418 0.7405572 0.6440549 0.7403878 0.6442242 0.7451938 0.639418 0.7405572 0.6395875 0.7403878 0.639418 0.7451938 0.6442242 0.7450245 0.6395874 0.7451938 0.639418 0.7403878 0.6442242 0.7450245 0.6440549 0.7451938 0.6442242 0.7451938 0.639418 0.7453632 0.6440549 0.7451938 0.6442242 0.7499999 0.6394181 0.7453632 0.6395875 0.7451938 0.639418 0.7499999 0.6442242 0.7498306 0.6395875 0.7499999 0.6394181 0.7451938 0.6442242 0.7498306 0.6440549 0.7499999 0.6442242 0.7499999 0.6394181 0.7501693 0.6440549 0.7499999 0.6442242 0.7548059 0.6394181 0.7501693 0.6395875 0.7499999 0.6394181 0.7548059 0.6442242 0.7546365 0.6395874 0.7548059 0.6394181 0.7499999 0.6442242 0.7546365 0.6440549 0.7548059 0.6442242 0.7548059 0.6394181 0.7549753 0.6440549 0.7548059 0.6442242 0.759612 0.6394181 0.7549753 0.6395875 0.7548059 0.6394181 0.759612 0.6442242 0.7594426 0.6395874 0.759612 0.6394181 0.7548059 0.6442242 0.7594426 0.6440549 0.759612 0.6442242 0.759612 0.6394181 0.7597814 0.6440549 0.759612 0.6442242 0.7644181 0.639418 0.7597814 0.6395875 0.759612 0.6394181 0.7644181 0.6442242 0.7642487 0.6395874 0.7644181 0.639418 0.759612 0.6442242 0.7642487 0.6440548 0.7644181 0.6442242 0.7644181 0.639418 0.7645875 0.6440548 0.7644181 0.6442242 0.7692242 0.639418 0.7645875 0.6395875 0.7644181 0.639418 0.7692242 0.6442242 0.7690548 0.6395874 0.7692242 0.639418 0.7644181 0.6442242 0.7690548 0.6440549 0.7692242 0.6442242 0.7692242 0.639418 0.7693936 0.6440549 0.7692242 0.6442242 0.7740303 0.639418 0.7693936 0.6395875 0.7692242 0.639418 0.7740303 0.6442242 0.7738609 0.6395874 0.7740303 0.639418 0.7692242 0.6442242 0.7738609 0.6440549 0.7740303 0.6442242 0.7740303 0.639418 0.7741997 0.6440549 0.7740303 0.6442242 0.7788364 0.639418 0.7741997 0.6395875 0.7740303 0.639418 0.7788364 0.6442242 0.778667 0.6395874 0.7788364 0.639418 0.7740303 0.6442242 0.778667 0.6440548 0.7788364 0.6442242 0.7788364 0.639418 0.7790058 0.6440548 0.7788364 0.6442242 0.7836424 0.639418 0.7790058 0.6395875 0.7788364 0.639418 0.7836424 0.6442242 0.783473 0.6395874 0.7836424 0.639418 0.7788364 0.6442242 0.783473 0.6440548 0.7836424 0.6442242 0.7115514 0.634612 0.7117208 0.6392487 0.7115514 0.6394181 0.7163575 0.634612 0.7117208 0.6347814 0.7115514 0.634612 0.7163575 0.6394181 0.7161881 0.6347814 0.7163575 0.634612 0.7115514 0.6394181 0.7161881 0.6392487 0.7163575 0.6394181 0.7163575 0.634612 0.7165268 0.6392487 0.7163575 0.6394181 0.7211636 0.6346121 0.7165268 0.6347814 0.7163575 0.634612 0.7211636 0.6394181 0.7209941 0.6347815 0.7211636 0.6346121 0.7163575 0.6394181 0.7209942 0.6392487 0.7211636 0.6394181 0.7211636 0.6346121 0.7213329 0.6392487 0.7211636 0.6394181 0.7259696 0.6346121 0.7213329 0.6347814 0.7211636 0.6346121 0.7259696 0.6394181 0.7258002 0.6347815 0.7259696 0.6346121 0.7211636 0.6394181 0.7258003 0.6392487 0.7259696 0.6394181 0.7259696 0.6346121 0.726139 0.6392487 0.7259696 0.6394181 0.7307757 0.6346121 0.726139 0.6347814 0.7259696 0.6346121 0.7307757 0.6394181 0.7306063 0.6347815 0.7307757 0.6346121 0.7259696 0.6394181 0.7306063 0.6392487 0.7307757 0.6394181 0.7307757 0.6346121 0.7309451 0.6392487 0.7307757 0.6394181 0.7355818 0.6346121 0.7309451 0.6347815 0.7307757 0.6346121 0.7355818 0.6394181 0.7354124 0.6347815 0.7355818 0.6346121 0.7307757 0.6394181 0.7354124 0.6392487 0.7355818 0.6394181 0.7355818 0.6346121 0.7357512 0.6392487 0.7355818 0.6394181 0.7403878 0.634612 0.7357512 0.6347814 0.7355818 0.6346121 0.7403878 0.639418 0.7402184 0.6347814 0.7403878 0.634612 0.7355818 0.6394181 0.7402184 0.6392487 0.7403878 0.639418 0.7403878 0.634612 0.7405572 0.6392487 0.7403878 0.639418 0.7451938 0.634612 0.7405572 0.6347814 0.7403878 0.634612 0.7451938 0.639418 0.7450245 0.6347814 0.7451938 0.634612 0.7403878 0.639418 0.7450245 0.6392487 0.7451938 0.639418 0.7451938 0.634612 0.7453632 0.6392487 0.7451938 0.639418 0.75 0.634612 0.7453632 0.6347814 0.7451938 0.634612 0.7499999 0.6394181 0.7498306 0.6347814 0.75 0.634612 0.7451938 0.639418 0.7498306 0.6392487 0.7499999 0.6394181 0.75 0.634612 0.7501693 0.6392487 0.7499999 0.6394181 0.754806 0.634612 0.7501694 0.6347814 0.75 0.634612 0.7548059 0.6394181 0.7546366 0.6347814 0.754806 0.634612 0.7499999 0.6394181 0.7546365 0.6392487 0.7548059 0.6394181 0.754806 0.634612 0.7549753 0.6392487 0.7548059 0.6394181 0.7596121 0.634612 0.7549753 0.6347814 0.754806 0.634612 0.759612 0.6394181 0.7594427 0.6347814 0.7596121 0.634612 0.7548059 0.6394181 0.7594426 0.6392487 0.759612 0.6394181 0.7596121 0.634612 0.7597814 0.6392487 0.759612 0.6394181 0.7644181 0.634612 0.7597815 0.6347814 0.7596121 0.634612 0.7644181 0.639418 0.7642487 0.6347814 0.7644181 0.634612 0.759612 0.6394181 0.7642487 0.6392487 0.7644181 0.639418 0.7644181 0.634612 0.7645875 0.6392487 0.7644181 0.639418 0.7692242 0.6346121 0.7645875 0.6347814 0.7644181 0.634612 0.7692242 0.639418 0.7690548 0.6347815 0.7692242 0.6346121 0.7644181 0.639418 0.7690548 0.6392487 0.7692242 0.639418 0.7692242 0.6346121 0.7693936 0.6392487 0.7692242 0.639418 0.7740303 0.6346121 0.7693936 0.6347815 0.7692242 0.6346121 0.7740303 0.639418 0.7738609 0.6347815 0.7740303 0.6346121 0.7692242 0.639418 0.7738609 0.6392487 0.7740303 0.639418 0.7740303 0.6346121 0.7741997 0.6392487 0.7740303 0.639418 0.7788364 0.634612 0.7741997 0.6347814 0.7740303 0.6346121 0.7788364 0.639418 0.778667 0.6347814 0.7788364 0.634612 0.7740303 0.639418 0.778667 0.6392487 0.7788364 0.639418 0.7788364 0.634612 0.7790058 0.6392487 0.7788364 0.639418 0.7836424 0.634612 0.7790058 0.6347814 0.7788364 0.634612 0.7836424 0.639418 0.783473 0.6347814 0.7836424 0.634612 0.7788364 0.639418 0.783473 0.6392487 0.7836424 0.639418 0.7115514 0.6298059 0.7117208 0.6344426 0.7115514 0.634612 0.7163575 0.6298059 0.7117208 0.6299753 0.7115514 0.6298059 0.7163575 0.634612 0.7161881 0.6299753 0.7163575 0.6298059 0.7115514 0.634612 0.7161881 0.6344426 0.7163575 0.634612 0.7163575 0.6298059 0.7165268 0.6344426 0.7163575 0.634612 0.7211636 0.6298059 0.7165268 0.6299753 0.7163575 0.6298059 0.7211636 0.6346121 0.7209941 0.6299753 0.7211636 0.6298059 0.7163575 0.634612 0.7209942 0.6344427 0.7211636 0.6346121 0.7211636 0.6298059 0.7213329 0.6344426 0.7211636 0.6346121 0.7259696 0.6298059 0.7213329 0.6299753 0.7211636 0.6298059 0.7259696 0.6346121 0.7258003 0.6299753 0.7259696 0.6298059 0.7211636 0.6346121 0.7258003 0.6344427 0.7259696 0.6346121 0.7259696 0.6298059 0.7261391 0.6344426 0.7259696 0.6346121 0.7307757 0.6298059 0.726139 0.6299753 0.7259696 0.6298059 0.7307757 0.6346121 0.7306063 0.6299753 0.7307757 0.6298059 0.7259696 0.6346121 0.7306063 0.6344427 0.7307757 0.6346121 0.7307757 0.6298059 0.7309451 0.6344427 0.7307757 0.6346121 0.7355818 0.6298059 0.7309451 0.6299753 0.7307757 0.6298059 0.7355818 0.6346121 0.7354124 0.6299753 0.7355818 0.6298059 0.7307757 0.6346121 0.7354124 0.6344427 0.7355818 0.6346121 0.7355818 0.6298059 0.7357512 0.6344427 0.7355818 0.6346121 0.7403878 0.6298059 0.7357512 0.6299753 0.7355818 0.6298059 0.7403878 0.634612 0.7402184 0.6299753 0.7403878 0.6298059 0.7355818 0.6346121 0.7402184 0.6344426 0.7403878 0.634612 0.7403878 0.6298059 0.7405572 0.6344426 0.7403878 0.634612 0.7451938 0.6298059 0.7405572 0.6299753 0.7403878 0.6298059 0.7451938 0.634612 0.7450245 0.6299753 0.7451938 0.6298059 0.7403878 0.634612 0.7450245 0.6344426 0.7451938 0.634612 0.7451938 0.6298059 0.7453632 0.6344426 0.7451938 0.634612 0.75 0.6298059 0.7453632 0.6299753 0.7451938 0.6298059 0.75 0.634612 0.7498306 0.6299753 0.75 0.6298059 0.7451938 0.634612 0.7498306 0.6344426 0.75 0.634612 0.75 0.6298059 0.7501694 0.6344426 0.75 0.634612 0.754806 0.6298059 0.7501694 0.6299754 0.75 0.6298059 0.754806 0.634612 0.7546366 0.6299753 0.754806 0.6298059 0.75 0.634612 0.7546367 0.6344426 0.754806 0.634612 0.754806 0.6298059 0.7549753 0.6344426 0.754806 0.634612 0.7596121 0.6298059 0.7549753 0.6299753 0.754806 0.6298059 0.7596121 0.634612 0.7594427 0.6299753 0.7596121 0.6298059 0.754806 0.634612 0.7594427 0.6344426 0.7596121 0.634612 0.7596121 0.6298059 0.7597815 0.6344426 0.7596121 0.634612 0.7644181 0.6298059 0.7597815 0.6299753 0.7596121 0.6298059 0.7644181 0.634612 0.7642488 0.6299753 0.7644181 0.6298059 0.7596121 0.634612 0.7642487 0.6344426 0.7644181 0.634612 0.7644181 0.6298059 0.7645875 0.6344426 0.7644181 0.634612 0.7692242 0.6298059 0.7645875 0.6299753 0.7644181 0.6298059 0.7692242 0.6346121 0.7690548 0.6299753 0.7692242 0.6298059 0.7644181 0.634612 0.7690548 0.6344427 0.7692242 0.6346121 0.7692242 0.6298059 0.7693936 0.6344427 0.7692242 0.6346121 0.7740303 0.6298059 0.7693936 0.6299753 0.7692242 0.6298059 0.7740303 0.6346121 0.7738609 0.6299753 0.7740303 0.6298059 0.7692242 0.6346121 0.7738609 0.6344427 0.7740303 0.6346121 0.7740303 0.6298059 0.7741997 0.6344426 0.7740303 0.6346121 0.7788364 0.6298059 0.7741997 0.6299753 0.7740303 0.6298059 0.7788364 0.634612 0.778667 0.6299753 0.7788364 0.6298059 0.7740303 0.6346121 0.778667 0.6344426 0.7788364 0.634612 0.7788364 0.6298059 0.7790058 0.6344426 0.7788364 0.634612 0.7836424 0.6298059 0.7790058 0.6299753 0.7788364 0.6298059 0.7836424 0.634612 0.783473 0.6299753 0.7836424 0.6298059 0.7788364 0.634612 0.783473 0.6344426 0.7836424 0.634612 0.7115514 0.6249999 0.7117208 0.6296365 0.7115514 0.6298059 0.7163574 0.6249999 0.7117207 0.6251693 0.7115514 0.6249999 0.7163575 0.6298059 0.7161881 0.6251693 0.7163574 0.6249999 0.7115514 0.6298059 0.7161881 0.6296365 0.7163575 0.6298059 0.7163574 0.6249999 0.7165268 0.6296365 0.7163575 0.6298059 0.7211635 0.625 0.7165268 0.6251693 0.7163574 0.6249999 0.7211636 0.6298059 0.7209941 0.6251693 0.7211635 0.625 0.7163575 0.6298059 0.7209942 0.6296365 0.7211636 0.6298059 0.7211635 0.625 0.7213329 0.6296365 0.7211636 0.6298059 0.7259696 0.625 0.7213329 0.6251693 0.7211635 0.625 0.7259696 0.6298059 0.7258002 0.6251693 0.7259696 0.625 0.7211636 0.6298059 0.7258003 0.6296365 0.7259696 0.6298059 0.7259696 0.625 0.726139 0.6296365 0.7259696 0.6298059 0.7307756 0.625 0.726139 0.6251693 0.7259696 0.625 0.7307757 0.6298059 0.7306063 0.6251693 0.7307756 0.625 0.7259696 0.6298059 0.7306063 0.6296365 0.7307757 0.6298059 0.7307756 0.625 0.7309451 0.6296365 0.7307757 0.6298059 0.7355817 0.625 0.730945 0.6251693 0.7307756 0.625 0.7355818 0.6298059 0.7354123 0.6251693 0.7355817 0.625 0.7307757 0.6298059 0.7354124 0.6296365 0.7355818 0.6298059 0.7355817 0.625 0.7357512 0.6296365 0.7355818 0.6298059 0.7403877 0.625 0.7357511 0.6251693 0.7355817 0.625 0.7403878 0.6298059 0.7402184 0.6251693 0.7403877 0.625 0.7355818 0.6298059 0.7402184 0.6296365 0.7403878 0.6298059 0.7403877 0.625 0.7405572 0.6296365 0.7403878 0.6298059 0.7451938 0.625 0.7405571 0.6251693 0.7403877 0.625 0.7451938 0.6298059 0.7450244 0.6251693 0.7451938 0.625 0.7403878 0.6298059 0.7450245 0.6296365 0.7451938 0.6298059 0.7451938 0.625 0.7453632 0.6296365 0.7451938 0.6298059 0.7499999 0.625 0.7453631 0.6251693 0.7451938 0.625 0.75 0.6298059 0.7498305 0.6251693 0.7499999 0.625 0.7451938 0.6298059 0.7498306 0.6296365 0.75 0.6298059 0.7499999 0.625 0.7501694 0.6296366 0.75 0.6298059 0.7548059 0.625 0.7501693 0.6251693 0.7499999 0.625 0.754806 0.6298059 0.7546366 0.6251693 0.7548059 0.625 0.75 0.6298059 0.7546367 0.6296365 0.754806 0.6298059 0.7548059 0.625 0.7549753 0.6296365 0.754806 0.6298059 0.759612 0.625 0.7549753 0.6251693 0.7548059 0.625 0.7596121 0.6298059 0.7594427 0.6251694 0.759612 0.625 0.754806 0.6298059 0.7594427 0.6296365 0.7596121 0.6298059 0.759612 0.625 0.7597815 0.6296365 0.7596121 0.6298059 0.7644181 0.625 0.7597814 0.6251694 0.759612 0.625 0.7644181 0.6298059 0.7642487 0.6251693 0.7644181 0.625 0.7596121 0.6298059 0.7642487 0.6296365 0.7644181 0.6298059 0.7644181 0.625 0.7645875 0.6296365 0.7644181 0.6298059 0.7692242 0.625 0.7645875 0.6251693 0.7644181 0.625 0.7692242 0.6298059 0.7690548 0.6251693 0.7692242 0.625 0.7644181 0.6298059 0.7690548 0.6296365 0.7692242 0.6298059 0.7692242 0.625 0.7693936 0.6296365 0.7692242 0.6298059 0.7740303 0.6249999 0.7693936 0.6251693 0.7692242 0.625 0.7740303 0.6298059 0.7738609 0.6251693 0.7740303 0.6249999 0.7692242 0.6298059 0.7738609 0.6296365 0.7740303 0.6298059 0.7740303 0.6249999 0.7741997 0.6296365 0.7740303 0.6298059 0.7788364 0.6249999 0.7741997 0.6251693 0.7740303 0.6249999 0.7788364 0.6298059 0.778667 0.6251693 0.7788364 0.6249999 0.7740303 0.6298059 0.778667 0.6296365 0.7788364 0.6298059 0.7788364 0.6249999 0.7790058 0.6296365 0.7788364 0.6298059 0.7836424 0.6249999 0.7790058 0.6251693 0.7788364 0.6249999 0.7836424 0.6298059 0.783473 0.6251693 0.7836424 0.6249999 0.7788364 0.6298059 0.783473 0.6296365 0.7836424 0.6298059 0.7115514 0.6201938 0.7117207 0.6248305 0.7115514 0.6249999 0.7163574 0.6201938 0.7117207 0.6203632 0.7115514 0.6201938 0.7163574 0.6249999 0.716188 0.6203632 0.7163574 0.6201938 0.7115514 0.6249999 0.716188 0.6248306 0.7163574 0.6249999 0.7163574 0.6201938 0.7165268 0.6248305 0.7163574 0.6249999 0.7211635 0.6201938 0.7165268 0.6203632 0.7163574 0.6201938 0.7211635 0.625 0.7209941 0.6203632 0.7211635 0.6201938 0.7163574 0.6249999 0.7209941 0.6248306 0.7211635 0.625 0.7211635 0.6201938 0.7213329 0.6248306 0.7211635 0.625 0.7259696 0.6201938 0.7213328 0.6203632 0.7211635 0.6201938 0.7259696 0.625 0.7258002 0.6203632 0.7259696 0.6201938 0.7211635 0.625 0.7258002 0.6248306 0.7259696 0.625 0.7259696 0.6201938 0.726139 0.6248306 0.7259696 0.625 0.7307756 0.6201938 0.7261389 0.6203632 0.7259696 0.6201938 0.7307756 0.625 0.7306063 0.6203632 0.7307756 0.6201938 0.7259696 0.625 0.7306063 0.6248306 0.7307756 0.625 0.7307756 0.6201938 0.730945 0.6248306 0.7307756 0.625 0.7355817 0.6201938 0.730945 0.6203632 0.7307756 0.6201938 0.7355817 0.625 0.7354123 0.6203632 0.7355817 0.6201938 0.7307756 0.625 0.7354124 0.6248306 0.7355817 0.625 0.7355817 0.6201938 0.7357511 0.6248306 0.7355817 0.625 0.7403877 0.6201938 0.7357511 0.6203632 0.7355817 0.6201938 0.7403877 0.625 0.7402184 0.6203632 0.7403877 0.6201938 0.7355817 0.625 0.7402184 0.6248306 0.7403877 0.625 0.7403877 0.6201938 0.7405571 0.6248306 0.7403877 0.625 0.7451938 0.6201938 0.7405571 0.6203632 0.7403877 0.6201938 0.7451938 0.625 0.7450244 0.6203632 0.7451938 0.6201938 0.7403877 0.625 0.7450244 0.6248306 0.7451938 0.625 0.7451938 0.6201938 0.7453631 0.6248306 0.7451938 0.625 0.7499999 0.6201938 0.7453631 0.6203632 0.7451938 0.6201938 0.7499999 0.625 0.7498306 0.6203632 0.7499999 0.6201938 0.7451938 0.625 0.7498305 0.6248306 0.7499999 0.625 0.7499999 0.6201938 0.7501693 0.6248306 0.7499999 0.625 0.7548059 0.6201938 0.7501693 0.6203632 0.7499999 0.6201938 0.7548059 0.625 0.7546365 0.6203632 0.7548059 0.6201938 0.7499999 0.625 0.7546366 0.6248306 0.7548059 0.625 0.7548059 0.6201938 0.7549753 0.6248306 0.7548059 0.625 0.759612 0.6201938 0.7549753 0.6203632 0.7548059 0.6201938 0.759612 0.625 0.7594426 0.6203632 0.759612 0.6201938 0.7548059 0.625 0.7594427 0.6248307 0.759612 0.625 0.759612 0.6201938 0.7597814 0.6248306 0.759612 0.625 0.7644181 0.6201938 0.7597814 0.6203632 0.759612 0.6201938 0.7644181 0.625 0.7642487 0.6203632 0.7644181 0.6201938 0.759612 0.625 0.7642487 0.6248306 0.7644181 0.625 0.7644181 0.6201938 0.7645875 0.6248306 0.7644181 0.625 0.7692242 0.6201938 0.7645875 0.6203632 0.7644181 0.6201938 0.7692242 0.625 0.7690548 0.6203632 0.7692242 0.6201938 0.7644181 0.625 0.7690548 0.6248306 0.7692242 0.625 0.7692242 0.6201938 0.7693936 0.6248306 0.7692242 0.625 0.7740303 0.6201938 0.7693936 0.6203632 0.7692242 0.6201938 0.7740303 0.6249999 0.7738609 0.6203632 0.7740303 0.6201938 0.7692242 0.625 0.7738609 0.6248306 0.7740303 0.6249999 0.7740303 0.6201938 0.7741997 0.6248305 0.7740303 0.6249999 0.7788364 0.6201938 0.7741997 0.6203632 0.7740303 0.6201938 0.7788364 0.6249999 0.778667 0.6203632 0.7788364 0.6201938 0.7740303 0.6249999 0.778667 0.6248306 0.7788364 0.6249999 0.7788364 0.6201938 0.7790058 0.6248305 0.7788364 0.6249999 0.7836424 0.6201938 0.7790058 0.6203632 0.7788364 0.6201938 0.7836424 0.6249999 0.783473 0.6203632 0.7836424 0.6201938 0.7788364 0.6249999 0.7834731 0.6248306 0.7836424 0.6249999 0.7115514 0.6153878 0.7117207 0.6200245 0.7115514 0.6201938 0.7163574 0.6153878 0.7117207 0.6155571 0.7115514 0.6153878 0.7163574 0.6201938 0.716188 0.6155571 0.7163574 0.6153878 0.7115514 0.6201938 0.716188 0.6200245 0.7163574 0.6201938 0.7163574 0.6153878 0.7165268 0.6200245 0.7163574 0.6201938 0.7211635 0.6153878 0.7165268 0.6155571 0.7163574 0.6153878 0.7211635 0.6201938 0.7209941 0.6155571 0.7211635 0.6153878 0.7163574 0.6201938 0.7209941 0.6200245 0.7211635 0.6201938 0.7211635 0.6153878 0.7213328 0.6200245 0.7211635 0.6201938 0.7259696 0.6153878 0.7213328 0.6155571 0.7211635 0.6153878 0.7259696 0.6201938 0.7258002 0.6155571 0.7259696 0.6153878 0.7211635 0.6201938 0.7258002 0.6200245 0.7259696 0.6201938 0.7259696 0.6153878 0.7261389 0.6200244 0.7259696 0.6201938 0.7307756 0.6153878 0.7261389 0.6155571 0.7259696 0.6153878 0.7307756 0.6201938 0.7306063 0.6155571 0.7307756 0.6153878 0.7259696 0.6201938 0.7306062 0.6200245 0.7307756 0.6201938 0.7307756 0.6153878 0.730945 0.6200244 0.7307756 0.6201938 0.7355817 0.6153878 0.730945 0.6155571 0.7307756 0.6153878 0.7355817 0.6201938 0.7354123 0.6155571 0.7355817 0.6153878 0.7307756 0.6201938 0.7354123 0.6200245 0.7355817 0.6201938 0.7355817 0.6153878 0.7357511 0.6200244 0.7355817 0.6201938 0.7403877 0.6153877 0.7357511 0.6155571 0.7355817 0.6153878 0.7403877 0.6201938 0.7402184 0.6155571 0.7403877 0.6153877 0.7355817 0.6201938 0.7402184 0.6200245 0.7403877 0.6201938 0.7403877 0.6153877 0.7405571 0.6200244 0.7403877 0.6201938 0.7451938 0.6153877 0.7405571 0.6155571 0.7403877 0.6153877 0.7451938 0.6201938 0.7450244 0.6155571 0.7451938 0.6153877 0.7403877 0.6201938 0.7450244 0.6200245 0.7451938 0.6201938 0.7451938 0.6153877 0.7453631 0.6200244 0.7451938 0.6201938 0.7499999 0.6153877 0.7453631 0.6155571 0.7451938 0.6153877 0.7499999 0.6201938 0.7498306 0.6155571 0.7499999 0.6153877 0.7451938 0.6201938 0.7498306 0.6200245 0.7499999 0.6201938 0.7499999 0.6153877 0.7501693 0.6200244 0.7499999 0.6201938 0.7548059 0.6153877 0.7501693 0.6155571 0.7499999 0.6153877 0.7548059 0.6201938 0.7546365 0.6155571 0.7548059 0.6153877 0.7499999 0.6201938 0.7546365 0.6200245 0.7548059 0.6201938 0.7548059 0.6153877 0.7549753 0.6200244 0.7548059 0.6201938 0.759612 0.6153877 0.7549753 0.6155571 0.7548059 0.6153877 0.759612 0.6201938 0.7594426 0.6155571 0.759612 0.6153877 0.7548059 0.6201938 0.7594426 0.6200245 0.759612 0.6201938 0.759612 0.6153877 0.7597814 0.6200245 0.759612 0.6201938 0.7644181 0.6153877 0.7597814 0.6155571 0.759612 0.6153877 0.7644181 0.6201938 0.7642487 0.6155571 0.7644181 0.6153877 0.759612 0.6201938 0.7642487 0.6200245 0.7644181 0.6201938 0.7644181 0.6153877 0.7645875 0.6200245 0.7644181 0.6201938 0.7692243 0.6153877 0.7645875 0.6155571 0.7644181 0.6153877 0.7692242 0.6201938 0.7690549 0.6155571 0.7692243 0.6153877 0.7644181 0.6201938 0.7690548 0.6200245 0.7692242 0.6201938 0.7692243 0.6153877 0.7693936 0.6200245 0.7692242 0.6201938 0.7740304 0.6153878 0.7693937 0.6155571 0.7692243 0.6153877 0.7740303 0.6201938 0.773861 0.6155571 0.7740304 0.6153878 0.7692242 0.6201938 0.7738609 0.6200245 0.7740303 0.6201938 0.7740304 0.6153878 0.7741997 0.6200245 0.7740303 0.6201938 0.7788364 0.6153878 0.7741997 0.6155571 0.7740304 0.6153878 0.7788364 0.6201938 0.778667 0.6155571 0.7788364 0.6153878 0.7740303 0.6201938 0.778667 0.6200245 0.7788364 0.6201938 0.7788364 0.6153878 0.7790058 0.6200245 0.7788364 0.6201938 0.7836425 0.6153878 0.7790058 0.6155571 0.7788364 0.6153878 0.7836424 0.6201938 0.7834731 0.6155571 0.7836425 0.6153878 0.7788364 0.6201938 0.783473 0.6200245 0.7836424 0.6201938 0.7115514 0.6105817 0.7117207 0.6152184 0.7115514 0.6153878 0.7163575 0.6105817 0.7117208 0.610751 0.7115514 0.6105817 0.7163574 0.6153878 0.7161881 0.610751 0.7163575 0.6105817 0.7115514 0.6153878 0.716188 0.6152184 0.7163574 0.6153878 0.7163575 0.6105817 0.7165268 0.6152184 0.7163574 0.6153878 0.7211636 0.6105817 0.7165268 0.610751 0.7163575 0.6105817 0.7211635 0.6153878 0.7209941 0.610751 0.7211636 0.6105817 0.7163574 0.6153878 0.7209941 0.6152184 0.7211635 0.6153878 0.7211636 0.6105817 0.7213328 0.6152184 0.7211635 0.6153878 0.7259696 0.6105817 0.7213329 0.610751 0.7211636 0.6105817 0.7259696 0.6153878 0.7258002 0.610751 0.7259696 0.6105817 0.7211635 0.6153878 0.7258002 0.6152184 0.7259696 0.6153878 0.7259696 0.6105817 0.726139 0.6152184 0.7259696 0.6153878 0.7307757 0.6105818 0.726139 0.610751 0.7259696 0.6105817 0.7307756 0.6153878 0.7306063 0.6107511 0.7307757 0.6105818 0.7259696 0.6153878 0.7306062 0.6152184 0.7307756 0.6153878 0.7307757 0.6105818 0.730945 0.6152184 0.7307756 0.6153878 0.7355818 0.6105818 0.7309451 0.6107511 0.7307757 0.6105818 0.7355817 0.6153878 0.7354124 0.6107511 0.7355818 0.6105818 0.7307756 0.6153878 0.7354123 0.6152184 0.7355817 0.6153878 0.7355818 0.6105818 0.7357511 0.6152184 0.7355817 0.6153878 0.7403878 0.6105817 0.7357512 0.6107511 0.7355818 0.6105818 0.7403877 0.6153877 0.7402184 0.610751 0.7403878 0.6105817 0.7355817 0.6153878 0.7402184 0.6152184 0.7403877 0.6153877 0.7403878 0.6105817 0.7405571 0.6152184 0.7403877 0.6153877 0.7451938 0.6105817 0.7405572 0.610751 0.7403878 0.6105817 0.7451938 0.6153877 0.7450245 0.610751 0.7451938 0.6105817 0.7403877 0.6153877 0.7450244 0.6152184 0.7451938 0.6153877 0.7451938 0.6105817 0.7453631 0.6152184 0.7451938 0.6153877 0.75 0.6105817 0.7453632 0.610751 0.7451938 0.6105817 0.7499999 0.6153877 0.7498306 0.6107511 0.75 0.6105817 0.7451938 0.6153877 0.7498306 0.6152184 0.7499999 0.6153877 0.75 0.6105817 0.7501693 0.6152184 0.7499999 0.6153877 0.7548061 0.6105817 0.7501694 0.610751 0.75 0.6105817 0.7548059 0.6153877 0.7546367 0.610751 0.7548061 0.6105817 0.7499999 0.6153877 0.7546365 0.6152184 0.7548059 0.6153877 0.7548061 0.6105817 0.7549753 0.6152184 0.7548059 0.6153877 0.7596121 0.6105817 0.7549754 0.610751 0.7548061 0.6105817 0.759612 0.6153877 0.7594427 0.610751 0.7596121 0.6105817 0.7548059 0.6153877 0.7594426 0.6152184 0.759612 0.6153877 0.7596121 0.6105817 0.7597814 0.6152184 0.759612 0.6153877 0.7644181 0.6105818 0.7597815 0.610751 0.7596121 0.6105817 0.7644181 0.6153877 0.7642487 0.6107511 0.7644181 0.6105818 0.759612 0.6153877 0.7642487 0.6152184 0.7644181 0.6153877 0.7644181 0.6105818 0.7645875 0.6152184 0.7644181 0.6153877 0.7692243 0.6105818 0.7645875 0.6107511 0.7644181 0.6105818 0.7692243 0.6153877 0.7690549 0.6107511 0.7692243 0.6105818 0.7644181 0.6153877 0.7690549 0.6152184 0.7692243 0.6153877 0.7692243 0.6105818 0.7693937 0.6152184 0.7692243 0.6153877 0.7740304 0.6105818 0.7693937 0.6107511 0.7692243 0.6105818 0.7740304 0.6153878 0.773861 0.6107511 0.7740304 0.6105818 0.7692243 0.6153877 0.773861 0.6152184 0.7740304 0.6153878 0.7740304 0.6105818 0.7741997 0.6152184 0.7740304 0.6153878 0.7788364 0.6105818 0.7741997 0.6107511 0.7740304 0.6105818 0.7788364 0.6153878 0.7786671 0.6107511 0.7788364 0.6105818 0.7740304 0.6153878 0.7786671 0.6152184 0.7788364 0.6153878 0.7788364 0.6105818 0.7790058 0.6152184 0.7788364 0.6153878 0.7836425 0.6105818 0.7790058 0.6107511 0.7788364 0.6105818 0.7836425 0.6153878 0.7834731 0.6107511 0.7836425 0.6105818 0.7788364 0.6153878 0.7834731 0.6152184 0.7836425 0.6153878 0.7115514 0.6057757 0.7117208 0.6104123 0.7115514 0.6105817 0.7163575 0.6057757 0.7117208 0.6059451 0.7115514 0.6057757 0.7163575 0.6105817 0.7161881 0.6059451 0.7163575 0.6057757 0.7115514 0.6105817 0.7161881 0.6104123 0.7163575 0.6105817 0.7163575 0.6057757 0.7165268 0.6104123 0.7163575 0.6105817 0.7211636 0.6057757 0.7165268 0.6059451 0.7163575 0.6057757 0.7211636 0.6105817 0.7209941 0.6059451 0.7211636 0.6057757 0.7163575 0.6105817 0.7209942 0.6104123 0.7211636 0.6105817 0.7211636 0.6057757 0.7213329 0.6104123 0.7211636 0.6105817 0.7259696 0.6057757 0.7213329 0.6059451 0.7211636 0.6057757 0.7259696 0.6105817 0.7258002 0.6059451 0.7259696 0.6057757 0.7211636 0.6105817 0.7258003 0.6104123 0.7259696 0.6105817 0.7259696 0.6057757 0.726139 0.6104123 0.7259696 0.6105817 0.7307757 0.6057757 0.726139 0.6059451 0.7259696 0.6057757 0.7307757 0.6105818 0.7306063 0.6059451 0.7307757 0.6057757 0.7259696 0.6105817 0.7306063 0.6104124 0.7307757 0.6105818 0.7307757 0.6057757 0.7309451 0.6104124 0.7307757 0.6105818 0.7355818 0.6057757 0.7309451 0.6059451 0.7307757 0.6057757 0.7355818 0.6105818 0.7354124 0.6059451 0.7355818 0.6057757 0.7307757 0.6105818 0.7354124 0.6104124 0.7355818 0.6105818 0.7355818 0.6057757 0.7357512 0.6104124 0.7355818 0.6105818 0.7403878 0.6057757 0.7357512 0.6059451 0.7355818 0.6057757 0.7403878 0.6105817 0.7402184 0.6059451 0.7403878 0.6057757 0.7355818 0.6105818 0.7402184 0.6104123 0.7403878 0.6105817 0.7403878 0.6057757 0.7405572 0.6104123 0.7403878 0.6105817 0.7451938 0.6057757 0.7405572 0.6059451 0.7403878 0.6057757 0.7451938 0.6105817 0.7450245 0.6059451 0.7451938 0.6057757 0.7403878 0.6105817 0.7450245 0.6104123 0.7451938 0.6105817 0.7451938 0.6057757 0.7453632 0.6104123 0.7451938 0.6105817 0.75 0.6057757 0.7453632 0.6059451 0.7451938 0.6057757 0.75 0.6105817 0.7498306 0.6059451 0.75 0.6057757 0.7451938 0.6105817 0.7498306 0.6104123 0.75 0.6105817 0.75 0.6057757 0.7501694 0.6104123 0.75 0.6105817 0.7548061 0.6057757 0.7501694 0.6059451 0.75 0.6057757 0.7548061 0.6105817 0.7546367 0.6059451 0.7548061 0.6057757 0.75 0.6105817 0.7546367 0.6104123 0.7548061 0.6105817 0.7548061 0.6057757 0.7549754 0.6104123 0.7548061 0.6105817 0.7596121 0.6057757 0.7549754 0.6059451 0.7548061 0.6057757 0.7596121 0.6105817 0.7594427 0.6059451 0.7596121 0.6057757 0.7548061 0.6105817 0.7594427 0.6104123 0.7596121 0.6105817 0.7596121 0.6057757 0.7597815 0.6104123 0.7596121 0.6105817 0.7644181 0.6057757 0.7597815 0.6059451 0.7596121 0.6057757 0.7644181 0.6105818 0.7642487 0.6059451 0.7644181 0.6057757 0.7596121 0.6105817 0.7642487 0.6104124 0.7644181 0.6105818 0.7644181 0.6057757 0.7645875 0.6104124 0.7644181 0.6105818 0.7692243 0.6057757 0.7645875 0.6059451 0.7644181 0.6057757 0.7692243 0.6105818 0.7690549 0.6059451 0.7692243 0.6057757 0.7644181 0.6105818 0.7690549 0.6104124 0.7692243 0.6105818 0.7692243 0.6057757 0.7693937 0.6104124 0.7692243 0.6105818 0.7740304 0.6057757 0.7693937 0.6059451 0.7692243 0.6057757 0.7740304 0.6105818 0.773861 0.6059451 0.7740304 0.6057757 0.7692243 0.6105818 0.773861 0.6104124 0.7740304 0.6105818 0.7740304 0.6057757 0.7741997 0.6104124 0.7740304 0.6105818 0.7788364 0.6057757 0.7741997 0.6059451 0.7740304 0.6057757 0.7788364 0.6105818 0.7786671 0.6059451 0.7788364 0.6057757 0.7740304 0.6105818 0.7786671 0.6104124 0.7788364 0.6105818 0.7788364 0.6057757 0.7790058 0.6104124 0.7788364 0.6105818 0.7836425 0.6057757 0.7790058 0.6059451 0.7788364 0.6057757 0.7836425 0.6105818 0.7834731 0.6059451 0.7836425 0.6057757 0.7788364 0.6105818 0.7834731 0.6104124 0.7836425 0.6105818 0.7115514 0.6009696 0.7117208 0.6056063 0.7115514 0.6057757 0.7163575 0.6009696 0.7117208 0.601139 0.7115514 0.6009696 0.7163575 0.6057757 0.7161881 0.601139 0.7163575 0.6009696 0.7115514 0.6057757 0.7161881 0.6056063 0.7163575 0.6057757 0.7163575 0.6009696 0.7165268 0.6056063 0.7163575 0.6057757 0.7211636 0.6009696 0.7165268 0.601139 0.7163575 0.6009696 0.7211636 0.6057757 0.7209941 0.601139 0.7211636 0.6009696 0.7163575 0.6057757 0.7209942 0.6056063 0.7211636 0.6057757 0.7211636 0.6009696 0.7213329 0.6056063 0.7211636 0.6057757 0.7259696 0.6009696 0.7213329 0.601139 0.7211636 0.6009696 0.7259696 0.6057757 0.7258002 0.601139 0.7259696 0.6009696 0.7211636 0.6057757 0.7258003 0.6056063 0.7259696 0.6057757 0.7259696 0.6009696 0.726139 0.6056063 0.7259696 0.6057757 0.7307757 0.6009696 0.726139 0.601139 0.7259696 0.6009696 0.7307757 0.6057757 0.7306063 0.601139 0.7307757 0.6009696 0.7259696 0.6057757 0.7306063 0.6056063 0.7307757 0.6057757 0.7307757 0.6009696 0.7309451 0.6056063 0.7307757 0.6057757 0.7355818 0.6009696 0.7309451 0.601139 0.7307757 0.6009696 0.7355818 0.6057757 0.7354124 0.601139 0.7355818 0.6009696 0.7307757 0.6057757 0.7354124 0.6056063 0.7355818 0.6057757 0.7355818 0.6009696 0.7357512 0.6056063 0.7355818 0.6057757 0.7403878 0.6009696 0.7357512 0.601139 0.7355818 0.6009696 0.7403878 0.6057757 0.7402184 0.601139 0.7403878 0.6009696 0.7355818 0.6057757 0.7402184 0.6056063 0.7403878 0.6057757 0.7403878 0.6009696 0.7405571 0.6056063 0.7403878 0.6057757 0.7451938 0.6009696 0.7405572 0.601139 0.7403878 0.6009696 0.7451938 0.6057757 0.7450245 0.601139 0.7451938 0.6009696 0.7403878 0.6057757 0.7450245 0.6056063 0.7451938 0.6057757 0.7451938 0.6009696 0.7453632 0.6056063 0.7451938 0.6057757 0.75 0.6009696 0.7453632 0.601139 0.7451938 0.6009696 0.75 0.6057757 0.7498306 0.601139 0.75 0.6009696 0.7451938 0.6057757 0.7498306 0.6056063 0.75 0.6057757 0.75 0.6009696 0.7501694 0.6056063 0.75 0.6057757 0.7548061 0.6009696 0.7501694 0.601139 0.75 0.6009696 0.7548061 0.6057757 0.7546367 0.601139 0.7548061 0.6009696 0.75 0.6057757 0.7546367 0.6056063 0.7548061 0.6057757 0.7548061 0.6009696 0.7549754 0.6056063 0.7548061 0.6057757 0.7596121 0.6009696 0.7549754 0.601139 0.7548061 0.6009696 0.7596121 0.6057757 0.7594427 0.601139 0.7596121 0.6009696 0.7548061 0.6057757 0.7594427 0.6056063 0.7596121 0.6057757 0.7596121 0.6009696 0.7597815 0.6056063 0.7596121 0.6057757 0.7644181 0.6009696 0.7597815 0.601139 0.7596121 0.6009696 0.7644181 0.6057757 0.7642487 0.601139 0.7644181 0.6009696 0.7596121 0.6057757 0.7642487 0.6056063 0.7644181 0.6057757 0.7644181 0.6009696 0.7645875 0.6056063 0.7644181 0.6057757 0.7692243 0.6009696 0.7645875 0.601139 0.7644181 0.6009696 0.7692243 0.6057757 0.7690549 0.601139 0.7692243 0.6009696 0.7644181 0.6057757 0.7690549 0.6056063 0.7692243 0.6057757 0.7692243 0.6009696 0.7693937 0.6056064 0.7692243 0.6057757 0.7740304 0.6009697 0.7693937 0.601139 0.7692243 0.6009696 0.7740304 0.6057757 0.773861 0.6011391 0.7740304 0.6009697 0.7692243 0.6057757 0.773861 0.6056063 0.7740304 0.6057757 0.7740304 0.6009697 0.7741997 0.6056064 0.7740304 0.6057757 0.7788364 0.6009697 0.7741997 0.6011391 0.7740304 0.6009697 0.7788364 0.6057757 0.7786671 0.6011391 0.7788364 0.6009697 0.7740304 0.6057757 0.778667 0.6056063 0.7788364 0.6057757 0.7788364 0.6009697 0.7790058 0.6056064 0.7788364 0.6057757 0.7836425 0.6009697 0.7790058 0.6011391 0.7788364 0.6009697 0.7836425 0.6057757 0.7834731 0.6011391 0.7836425 0.6009697 0.7788364 0.6057757 0.7834731 0.6056063 0.7836425 0.6057757 0.7115514 0.5961635 0.7117208 0.6008002 0.7115514 0.6009696 0.7163575 0.5961635 0.7117208 0.5963329 0.7115514 0.5961635 0.7163575 0.6009696 0.7161881 0.5963329 0.7163575 0.5961635 0.7115514 0.6009696 0.7161881 0.6008002 0.7163575 0.6009696 0.7163575 0.5961635 0.7165268 0.6008002 0.7163575 0.6009696 0.7211636 0.5961635 0.7165268 0.5963329 0.7163575 0.5961635 0.7211636 0.6009696 0.7209941 0.5963329 0.7211636 0.5961635 0.7163575 0.6009696 0.7209942 0.6008002 0.7211636 0.6009696 0.7211636 0.5961635 0.7213329 0.6008002 0.7211636 0.6009696 0.7259696 0.5961635 0.7213329 0.5963329 0.7211636 0.5961635 0.7259696 0.6009696 0.7258002 0.5963329 0.7259696 0.5961635 0.7211636 0.6009696 0.7258003 0.6008002 0.7259696 0.6009696 0.7259696 0.5961635 0.726139 0.6008002 0.7259696 0.6009696 0.7307757 0.5961635 0.726139 0.5963329 0.7259696 0.5961635 0.7307757 0.6009696 0.7306063 0.5963329 0.7307757 0.5961635 0.7259696 0.6009696 0.7306063 0.6008002 0.7307757 0.6009696 0.7307757 0.5961635 0.7309451 0.6008002 0.7307757 0.6009696 0.7355818 0.5961635 0.7309451 0.5963329 0.7307757 0.5961635 0.7355818 0.6009696 0.7354124 0.5963329 0.7355818 0.5961635 0.7307757 0.6009696 0.7354124 0.6008002 0.7355818 0.6009696 0.7355818 0.5961635 0.7357512 0.6008002 0.7355818 0.6009696 0.7403878 0.5961635 0.7357512 0.5963329 0.7355818 0.5961635 0.7403878 0.6009696 0.7402184 0.5963329 0.7403878 0.5961635 0.7355818 0.6009696 0.7402184 0.6008002 0.7403878 0.6009696 0.7403878 0.5961635 0.7405571 0.6008002 0.7403878 0.6009696 0.7451938 0.5961635 0.7405572 0.5963329 0.7403878 0.5961635 0.7451938 0.6009696 0.7450245 0.5963329 0.7451938 0.5961635 0.7403878 0.6009696 0.7450245 0.6008002 0.7451938 0.6009696 0.7451938 0.5961635 0.7453632 0.6008002 0.7451938 0.6009696 0.75 0.5961636 0.7453632 0.5963329 0.7451938 0.5961635 0.75 0.6009696 0.7498306 0.596333 0.75 0.5961636 0.7451938 0.6009696 0.7498306 0.6008003 0.75 0.6009696 0.75 0.5961636 0.7501694 0.6008002 0.75 0.6009696 0.7548061 0.5961636 0.7501694 0.596333 0.75 0.5961636 0.7548061 0.6009696 0.7546367 0.596333 0.7548061 0.5961636 0.75 0.6009696 0.7546367 0.6008002 0.7548061 0.6009696 0.7548061 0.5961636 0.7549754 0.6008002 0.7548061 0.6009696 0.7596121 0.5961636 0.7549754 0.596333 0.7548061 0.5961636 0.7596121 0.6009696 0.7594427 0.596333 0.7596121 0.5961636 0.7548061 0.6009696 0.7594427 0.6008002 0.7596121 0.6009696 0.7596121 0.5961636 0.7597815 0.6008002 0.7596121 0.6009696 0.7644181 0.5961636 0.7597815 0.596333 0.7596121 0.5961636 0.7644181 0.6009696 0.7642487 0.596333 0.7644181 0.5961636 0.7596121 0.6009696 0.7642487 0.6008002 0.7644181 0.6009696 0.7644181 0.5961636 0.7645875 0.6008002 0.7644181 0.6009696 0.7692243 0.5961636 0.7645875 0.596333 0.7644181 0.5961636 0.7692243 0.6009696 0.7690549 0.596333 0.7692243 0.5961636 0.7644181 0.6009696 0.7690549 0.6008002 0.7692243 0.6009696 0.7692243 0.5961636 0.7693937 0.6008002 0.7692243 0.6009696 0.7740304 0.5961636 0.7693937 0.596333 0.7692243 0.5961636 0.7740304 0.6009697 0.773861 0.596333 0.7740304 0.5961636 0.7692243 0.6009696 0.773861 0.6008003 0.7740304 0.6009697 0.7740304 0.5961636 0.7741997 0.6008003 0.7740304 0.6009697 0.7788365 0.5961636 0.7741997 0.596333 0.7740304 0.5961636 0.7788364 0.6009697 0.7786671 0.596333 0.7788365 0.5961636 0.7740304 0.6009697 0.778667 0.6008003 0.7788364 0.6009697 0.7788365 0.5961636 0.7790058 0.6008003 0.7788364 0.6009697 0.7836425 0.5961636 0.7790059 0.5963331 0.7788365 0.5961636 0.7836425 0.6009697 0.7834731 0.596333 0.7836425 0.5961636 0.7788364 0.6009697 0.7834731 0.6008003 0.7836425 0.6009697 0.7115514 0.5913575 0.7117208 0.5959941 0.7115514 0.5961635 0.7163575 0.5913575 0.7117208 0.5915268 0.7115514 0.5913575 0.7163575 0.5961635 0.7161881 0.5915268 0.7163575 0.5913575 0.7115514 0.5961635 0.7161881 0.5959941 0.7163575 0.5961635 0.7163575 0.5913575 0.7165268 0.5959941 0.7163575 0.5961635 0.7211636 0.5913575 0.7165268 0.5915268 0.7163575 0.5913575 0.7211636 0.5961635 0.7209941 0.5915268 0.7211636 0.5913575 0.7163575 0.5961635 0.7209942 0.5959941 0.7211636 0.5961635 0.7211636 0.5913575 0.7213329 0.5959941 0.7211636 0.5961635 0.7259696 0.5913575 0.7213329 0.5915268 0.7211636 0.5913575 0.7259696 0.5961635 0.7258002 0.5915268 0.7259696 0.5913575 0.7211636 0.5961635 0.7258003 0.5959941 0.7259696 0.5961635 0.7259696 0.5913575 0.726139 0.5959941 0.7259696 0.5961635 0.7307757 0.5913575 0.726139 0.5915268 0.7259696 0.5913575 0.7307757 0.5961635 0.7306063 0.5915268 0.7307757 0.5913575 0.7259696 0.5961635 0.7306063 0.5959941 0.7307757 0.5961635 0.7307757 0.5913575 0.7309451 0.5959941 0.7307757 0.5961635 0.7355818 0.5913575 0.7309451 0.5915268 0.7307757 0.5913575 0.7355818 0.5961635 0.7354124 0.5915269 0.7355818 0.5913575 0.7307757 0.5961635 0.7354124 0.5959941 0.7355818 0.5961635 0.7355818 0.5913575 0.7357512 0.5959941 0.7355818 0.5961635 0.7403878 0.5913575 0.7357512 0.5915268 0.7355818 0.5913575 0.7403878 0.5961635 0.7402184 0.5915268 0.7403878 0.5913575 0.7355818 0.5961635 0.7402184 0.5959941 0.7403878 0.5961635 0.7403878 0.5913575 0.7405571 0.5959941 0.7403878 0.5961635 0.7451938 0.5913575 0.7405572 0.5915268 0.7403878 0.5913575 0.7451938 0.5961635 0.7450245 0.5915268 0.7451938 0.5913575 0.7403878 0.5961635 0.7450245 0.5959941 0.7451938 0.5961635 0.7451938 0.5913575 0.7453632 0.5959942 0.7451938 0.5961635 0.75 0.5913575 0.7453632 0.5915268 0.7451938 0.5913575 0.75 0.5961636 0.7498306 0.5915268 0.75 0.5913575 0.7451938 0.5961635 0.7498306 0.5959942 0.75 0.5961636 0.75 0.5913575 0.7501694 0.5959942 0.75 0.5961636 0.7548061 0.5913575 0.7501694 0.5915268 0.75 0.5913575 0.7548061 0.5961636 0.7546367 0.5915269 0.7548061 0.5913575 0.75 0.5961636 0.7546367 0.5959942 0.7548061 0.5961636 0.7548061 0.5913575 0.7549754 0.5959942 0.7548061 0.5961636 0.7596121 0.5913575 0.7549754 0.5915268 0.7548061 0.5913575 0.7596121 0.5961636 0.7594427 0.5915269 0.7596121 0.5913575 0.7548061 0.5961636 0.7594427 0.5959942 0.7596121 0.5961636 0.7596121 0.5913575 0.7597815 0.5959942 0.7596121 0.5961636 0.7644181 0.5913575 0.7597815 0.5915268 0.7596121 0.5913575 0.7644181 0.5961636 0.7642487 0.5915269 0.7644181 0.5913575 0.7596121 0.5961636 0.7642487 0.5959942 0.7644181 0.5961636 0.7644181 0.5913575 0.7645875 0.5959942 0.7644181 0.5961636 0.7692243 0.5913575 0.7645875 0.5915268 0.7644181 0.5913575 0.7692243 0.5961636 0.7690549 0.5915269 0.7692243 0.5913575 0.7644181 0.5961636 0.7690549 0.5959942 0.7692243 0.5961636 0.7692243 0.5913575 0.7693937 0.5959942 0.7692243 0.5961636 0.7740304 0.5913575 0.7693937 0.5915268 0.7692243 0.5913575 0.7740304 0.5961636 0.773861 0.5915269 0.7740304 0.5913575 0.7692243 0.5961636 0.773861 0.5959943 0.7740304 0.5961636 0.7740304 0.5913575 0.7741997 0.5959942 0.7740304 0.5961636 0.7788365 0.5913575 0.7741997 0.5915268 0.7740304 0.5913575 0.7788365 0.5961636 0.7786671 0.5915268 0.7788365 0.5913575 0.7740304 0.5961636 0.7786671 0.5959942 0.7788365 0.5961636 0.7788365 0.5913575 0.7790059 0.5959943 0.7788365 0.5961636 0.7836425 0.5913575 0.7790059 0.5915268 0.7788365 0.5913575 0.7836425 0.5961636 0.7834731 0.5915268 0.7836425 0.5913575 0.7788365 0.5961636 0.7834731 0.5959943 0.7836425 0.5961636 0.7115514 0.5865514 0.7117208 0.591188 0.7115514 0.5913575 0.7163575 0.5865514 0.7117208 0.5867208 0.7115514 0.5865514 0.7163575 0.5865514 0.7161881 0.5911881 0.7161881 0.5867208 0.7115514 0.5913575 0.7161881 0.5911881 0.7163575 0.5913575 0.7163575 0.5913575 0.7165269 0.5867208 0.7165268 0.591188 0.7211635 0.5865514 0.7165269 0.5867208 0.7163575 0.5865514 0.7211635 0.5865514 0.7209942 0.5911881 0.7209941 0.5867208 0.7163575 0.5913575 0.7209942 0.5911881 0.7211636 0.5913575 0.7211636 0.5913575 0.7213329 0.5867208 0.7213329 0.591188 0.7259696 0.5865514 0.7213329 0.5867208 0.7211635 0.5865514 0.7259696 0.5865514 0.7258002 0.591188 0.7258002 0.5867208 0.7211636 0.5913575 0.7258002 0.591188 0.7259696 0.5913575 0.7259696 0.5913575 0.726139 0.5867208 0.726139 0.591188 0.7307757 0.5865514 0.726139 0.5867208 0.7259696 0.5865514 0.7307757 0.5865514 0.7306063 0.591188 0.7306063 0.5867208 0.7259696 0.5913575 0.7306063 0.591188 0.7307757 0.5913575 0.7307757 0.5913575 0.7309451 0.5867208 0.730945 0.5911881 0.7355818 0.5865514 0.7309451 0.5867208 0.7307757 0.5865514 0.7355818 0.5865514 0.7354124 0.5911881 0.7354124 0.5867208 0.7307757 0.5913575 0.7354124 0.5911881 0.7355818 0.5913575 0.7355818 0.5913575 0.7357513 0.5867208 0.7357511 0.5911881 0.7403879 0.5865514 0.7357513 0.5867208 0.7355818 0.5865514 0.7403879 0.5865514 0.7402184 0.5911881 0.7402185 0.5867208 0.7355818 0.5913575 0.7402184 0.5911881 0.7403878 0.5913575 0.7403878 0.5913575 0.7405573 0.5867208 0.7405571 0.5911881 0.745194 0.5865514 0.7405573 0.5867208 0.7403879 0.5865514 0.745194 0.5865514 0.7450245 0.5911881 0.7450246 0.5867208 0.7403878 0.5913575 0.7450245 0.5911881 0.7451938 0.5913575 0.7451938 0.5913575 0.7453633 0.5867208 0.7453632 0.5911881 0.7500001 0.5865514 0.7453633 0.5867208 0.745194 0.5865514 0.7500001 0.5865514 0.7498306 0.5911881 0.7498307 0.5867208 0.7451938 0.5913575 0.7498306 0.5911881 0.75 0.5913575 0.75 0.5913575 0.7501694 0.5867208 0.7501694 0.5911881 0.7548061 0.5865514 0.7501694 0.5867208 0.7500001 0.5865514 0.7548061 0.5865514 0.7546366 0.5911881 0.7546367 0.5867208 0.75 0.5913575 0.7546366 0.5911881 0.7548061 0.5913575 0.7548061 0.5913575 0.7549754 0.5867208 0.7549754 0.5911881 0.7596122 0.5865514 0.7549754 0.5867208 0.7548061 0.5865514 0.7596122 0.5865514 0.7594427 0.5911881 0.7594428 0.5867208 0.7548061 0.5913575 0.7594427 0.5911881 0.7596121 0.5913575 0.7596121 0.5913575 0.7597816 0.5867208 0.7597814 0.5911881 0.7644183 0.5865515 0.7597816 0.5867208 0.7596122 0.5865514 0.7644183 0.5865515 0.7642487 0.5911881 0.7642489 0.5867208 0.7596121 0.5913575 0.7642487 0.5911881 0.7644181 0.5913575 0.7644181 0.5913575 0.7645877 0.5867209 0.7645874 0.5911881 0.7692244 0.5865515 0.7645877 0.5867209 0.7644183 0.5865515 0.7692244 0.5865515 0.7690549 0.5911881 0.7690549 0.5867208 0.7644181 0.5913575 0.7690549 0.5911881 0.7692243 0.5913575 0.7692243 0.5913575 0.7693938 0.5867209 0.7693936 0.5911881 0.7740305 0.5865515 0.7693938 0.5867209 0.7692244 0.5865515 0.7740305 0.5865515 0.7738609 0.5911881 0.7738611 0.5867208 0.7692243 0.5913575 0.7738609 0.5911881 0.7740304 0.5913575 0.7740304 0.5913575 0.7741999 0.5867209 0.7741997 0.5911881 0.7788366 0.5865515 0.7741999 0.5867209 0.7740305 0.5865515 0.7788366 0.5865515 0.7786671 0.5911881 0.7786672 0.5867208 0.7740304 0.5913575 0.7786671 0.5911881 0.7788365 0.5913575 0.7788365 0.5913575 0.779006 0.5867209 0.7790059 0.5911881 0.7836426 0.5865515 0.779006 0.5867209 0.7788366 0.5865515 0.7836426 0.5865515 0.7834732 0.5911881 0.7834732 0.5867208 0.7788365 0.5913575 0.7834732 0.5911881 0.7836425 0.5913575 0 0 0 0 0 0 0 0 0 0 0 0 0 0 0 0 0 0 0 0 0 0 0 0 0 0 0 0 0 0 0 0 0 0 0 0 0 0 0 0 0 0 0 0 0 0 0 0 0 0 0 0 0 0 0 0 0 0 0 0 0 0 0 0 0 0 0 0 0 0 0 0 0 0 0 0 0 0 0 0 0 0 0 0 0 0 0 0 0 0 0 0 0 0 0 0 0 0 0 0 0 0 0 0 0 0 0 0 0 0 0 0 0 0 0 0 0 0 0 0 0 0 0 0 0 0 0 0 0 0 0 0 0 0 0 0 0 0 0 0 0 0 0 0 0 0 0 0 0 0 0 0 0 0 0 0 0 0 0 0 0 0 0 0 0 0 0 0 0 0 0 0 0 0 0 0 0 0 0 0 0 0 0 0 0 0 0 0 0 0 0 0 0 0 0 0 0 0 0 0 0 0 0 0 0 0 0 0 0 0 0 0 0 0 0 0 0 0 0 0 0 0 0 0 0 0 0 0 0 0 0 0 0 0 0 0 0 0 0 0 0 0 0 0 0 0 0 0 0 0 0 0 0 0 0 0 0 0 0 0 0 0 0 0 0 0 0 0 0 0 0 0 0 0 0 0 0 0 0 0 0 0 0 0 0 0 0 0 0 0 0 0 0 0 0 0 0 0 0 0 0 0 0 0 0 0 0 0 0 0 0 0 0 0 0 0 0 0 0 0 0 0 0 0 0 0 0 0 0 0 0 0 0 0 0 0 0 0 0 0 0 0 0 0 0 0 0 0 0 0 0 0 0 0 0 0 0 0 0 0 0 0 0 0 0 0 0 0 0 0 0 0 0 0 0 0 0 0 0 0 0 0 0 0 0 0 0 0 0 0 0 0 0 0 0 0 0 0 0 0 0 0 0.2083333 0.5833333 0.2916666 0.5833333 0 0 0 0 0 0 0 0 0.2083333 0.6666666 0.2083333 0.5833333 0 0 0 0 0 0 0 0 0 0 0.2916666 0.5833333 0 0 0 0 0.2916666 0.5833333 0 0 0 0 0.2916666 0.5833333 0 0 0.2916666 0.6666666 0.2083333 0.6666666 0 0 0 0 0.2916666 0.6666666 0 0 0 0 0.2916666 0.6666666 0 0 0 0 0.2916666 0.6666666 0 0 0.2916666 0.6666666 0 0 0.2916666 0.5833333 0 0 0 0 0 0 0 0 0 0 0 0 0 0 0 0 0 0 0 0 0 0 0 0 0 0 0 0 0 0 0 0 0 0 0 0 0 0 0 0 0 0 0 0 0 0 0 0 0 0 0 0 0 0 0 0 0 0 0 0 0 0 0 0 0 0 0 0 0 0 0 0 0 0 0 0 0 0 0 0 0 0 0 0 0 0 0 0 0 0 0 0 0 0 0 0 0 0 0 0 0 0 0 0 0 0 0 0 0 0 0 0 0 0 0 0 0 0 0 0 0 0 0 0 0 0 0 0 0 0 0 0 0 0 0 0 0 0 0 0 0 0 0 0 0 0 0 0 0 0 0 0 0 0 0 0 0 0 0 0 0 0 0 0 0 0 0 0 0 0 0 0 0 0 0 0 0 0 0 0 0 0 0 0 0 0 0 0 0 0 0 0 0 0 0 0 0 0 0 0 0 0 0 0 0 0 0 0 0 0 0 0 0 0 0 0 0 0 0 0 0 0 0 0 0 0 0 0 0 0 0 0 0 0 0 0 0 0 0 0 0 0 0 0 0 0 0 0 0 0 0 0 0 0 0 0 0 0 0 0 0 0 0 0 0 0 0 0 0 0 0 0 0 0 0 0 0 0 0 0 0 0 0 0 0 0 0 0 0 0 0 0 0 0 0 0 0 0 0 0 0 0 0 0 0 0 0 0 0 0 0 0 0 0 0 0 0 0 0 0 0 0 0 0 0 0 0 0 0 0 0 0 0 0 0 0 0 0 0 0 0 0 0 0 0 0 0 0 0 0 0 0 0 0 0 0 0 0 0 0 0 0 0 0 0 0 0 0 0 0 0 0 0 0 0 0 0 0 0 0 0 0 0 0 0 0 0 0 0 0 0 0 0 0 0 0 0 0 0 0 0 0 0 0 0 0 0 0 0 0 0 0 0 0 0 0 0 0 0 0 0 0 0 0 0 0 0 0 0 0 0 0 0 0 0 0 0 0 0 0 0 0 0 0 0 0 0 0 0 0 0 0 0 0 0 0 0 0 0 0 0 0 0 0 0 0 0 0 0 0 0 0 0 0 0 0 0 0 0 0 0 0 0 0 0 0 0 0 0 0 0 0 0 0 0 0 0 0 0 0 0 0 0 0 0 0 0 0 0 0 0 0 0 0 0 0 0 0 0 0 0 0 0 0 0 0 0 0 0 0 0 0 0 0 0 0 0 0 0 0 0 0 0 0 0 0 0 0 0 0 0 0 0 0 0 0 0 0 0 0 0 0 0 0 0 0 0 0 0 0 0 0 0 0 0 0 0 0 0 0 0 0 0 0 0 0 0 0 0 0 0 0 0 0 0 0 0 0 0 0 0 0 0 0 0 0 0 0 0 0 0 0 0 0 0 0 0 0 0 0 0 0 0 0 0 0 0 0 0 0 0 0 0 0 0 0 0 0 0 0 0 0 0 0 0 0 0 0 0 0 0 0 0 0 0 0 0 0 0 0 0 0 0 0 0 0 0 0 0 0 0 0 0 0 0 0 0 0 0 0 0 0 0 0 0 0 0 0 0 0 0 0 0 0 0 0 0 0 0 0 0 0 0 0 0 0 0 0 0 0 0 0 0 0 0 0 0 0 0 0 0 0 0 0 0 0 0 0 0 0 0 0 0 0 0 0 0 0 0 0 0 0 0 0 0 0 0 0 0 0 0 0 0 0 0 0 0 0 0 0 0 0 0 0 0 0 0 0 0 0 0 0 0 0 0 0 0 0 0 0 0 0 0 0 0 0 0 0 0 0 0 0 0 0 0 0 0 0 0 0 0 0 0 0 0 0 0 0 0 0 0 0 0 0 0 0 0 0 0 0 0 0 0 0 0 0 0 0 0 0 0 0 0 0 0 0 0 0 0 0 0 0 0 0 0 0 0 0 0 0 0 0 0 0 0 0 0 0 0 0 0 0 0 0 0 0 0 0 0 0 0 0 0 0 0 0 0 0 0 0 0 0 0 0 0 0 0 0 0 0 0 0 0 0 0 0 0 0 0 0 0 0 0 0 0 0 0 0 0 0 0 0 0 0 0 0 0 0 0 0 0 0 0 0 0 0 0 0 0 0 0 0 0 0 0 0 0 0 0 0 0 0 0 0 0 0 0 0 0 0 0 0 0 0 0 0 0 0 0 0 0 0 0 0 0 0 0 0 0 0 0 0 0 0 0 0 0 0 0 0 0 0 0 0 0 0 0 0 0 0 0 0 0 0 0 0 0 0 0 0 0 0 0 0 0 0 0 0 0 0 0 0 0 0 0 0 0 0 0 0 0 0 0 0 0 0 0 0 0 0 0 0 0 0 0 0 0 0 0 0 0 0 0 0 0 0 0 0 0 0 0 0 0 0 0 0 0 0 0 0 0 0 0 0 0 0 0 0 0 0 0 0 0 0 0 0 0 0 0 0 0 0 0 0 0 0 0 0 0 0 0 0 0 0 0 0 0 0 0 0 0 0 0 0 0 0 0 0 0 0 0 0 0 0 0 0 0 0 0 0 0 0 0 0 0 0 0 0 0 0 0 0 0 0 0 0 0 0 0 0 0 0 0 0 0 0 0 0 0 0 0 0 0 0 0 0 0 0 0 0 0 0 0 0 0 0 0 0 0 0 0 0 0 0 0 0 0 0 0 0 0 0 0 0 0 0 0 0 0 0 0 0 0 0 0 0 0 0 0 0 0 0 0 0 0 0 0 0 0 0 0 0 0 0 0 0 0 0 0 0 0 0 0 0 0 0 0 0 0 0 0 0 0 0 0 0 0 0 0 0 0 0 0 0 0 0 0 0 0 0 0 0 0 0 0 0 0 0 0 0 0 0 0 0 0 0 0 0 0 0 0 0 0 0 0 0 0 0 0 0 0 0 0 0 0 0 0 0 0 0 0 0 0 0 0 0 0 0 0 0 0 0 0 0 0 0 0 0 0 0 0 0 0 0 0 0 0 0 0 0 0 0 0 0 0 0 0 0 0 0 0 0 0 0 0 0 0 0 0 0 0 0 0 0 0 0 0 0 0 0 0 0 0 0 0 0 0 0 0 0 0 0 0 0 0 0 0 0 0 0 0 0 0 0 0 0 0 0 0 0 0 0 0 0 0 0 0 0 0 0 0 0 0 0 0 0 0 0 0 0 0 0 0 0 0 0 0 0 0 0 0 0 0 0 0 0 0 0 0 0 0 0 0 0 0 0 0 0 0 0 0 0 0 0 0 0 0 0 0 0 0 0 0 0 0 0 0 0 0 0 0 0 0 0 0 0 0 0 0 0 0 0 0 0 0 0 0 0 0 0 0 0 0 0 0 0 0 0 0 0 0 0 0 0 0 0 0 0 0 0 0 0 0 0 0 0 0 0 0 0 0 0 0 0 0 0 0 0 0 0 0 0 0 0 0 0 0 0 0 0 0 0 0 0 0 0 0 0 0 0 0 0 0 0 0 0 0 0 0 0 0 0 0 0 0 0 0 0 0 0 0 0 0 0 0 0 0 0 0 0 0 0 0 0 0 0 0 0 0 0 0 0 0 0 0 0 0 0 0 0 0 0 0 0 0 0 0 0 0 0 0 0 0 0 0 0 0 0 0 0 0 0 0 0 0 0 0 0 0 0 0 0 0 0 0 0 0 0 0 0 0 0 0 0 0 0 0 0 0 0 0 0 0 0 0 0 0 0 0 0 0 0 0 0 0 0 0 0 0 0 0 0 0 0 0 0 0 0 0 0 0 0 0 0 0 0 0 0 0 0 0 0 0 0 0 0 0 0 0 0 0 0 0 0 0 0 0 0 0 0 0 0 0 0 0 0 0 0 0 0 0 0 0 0 0 0 0 0 0 0 0 0 0 0 0 0 0 0 0 0 0 0 0 0 0 0 0 0 0 0 0 0 0 0 0 0 0 0 0 0 0 0 0 0 0 0 0 0 0 0 0 0 0 0 0 0 0 0 0 0 0 0 0 0 0 0 0 0 0 0 0 0 0 0 0 0 0 0 0 0 0 0 0 0 0 0 0 0 0 0 0 0 0 0 0 0 0 0 0 0 0 0 0 0 0 0 0 0 0 0 0 0 0 0 0 0 0 0 0 0 0 0 0 0 0 0 0 0 0 0 0 0 0 0 0 0 0 0 0 0 0 0 0 0 0 0 0 0 0 0 0 0 0 0 0 0 0 0 0 0 0 0 0 0 0 0 0 0 0 0 0 0 0 0 0 0 0 0 0 0 0 0 0 0 0 0 0 0 0 0 0 0 0 0 0 0 0 0 0 0 0 0 0 0 0 0 0 0 0 0 0 0 0 0 0 0 0 0 0 0 0 0 0 0 0 0 0 0 0 0 0 0 0 0 0 0 0 0 0 0 0 0 0 0 0 0 0 0 0 0 0 0 0 0 0 0 0 0 0 0 0 0 0 0 0 0 0 0 0 0 0 0 0 0 0 0 0 0 0 0 0 0 0 0 0 0 0 0 0 0 0 0 0 0 0 0 0 0 0 0 0 0 0 0 0 0 0 0 0 0 0 0 0 0 0 0 0 0 0 0 0 0 0 0 0 0 0 0 0 0 0 0 0 0 0 0 0 0 0 0 0 0 0 0 0 0 0 0 0 0 0 0 0 0 0 0 0 0 0 0 0 0 0 0 0 0 0 0 0 0 0 0 0 0 0 0 0 0 0 0 0 0 0 0 0 0 0 0 0 0 0 0 0 0 0 0 0 0 0 0 0 0 0 0 0 0 0 0 0 0 0 0 0 0 0 0 0 0 0 0 0 0 0 0 0 0 0 0 0 0 0 0 0 0 0 0 0 0 0 0 0 0 0 0 0 0 0 0 0 0 0 0 0 0 0 0 0 0 0 0 0 0 0 0 0 0 0 0 0 0 0 0 0 0 0 0 0 0 0 0 0 0 0 0 0 0 0 0 0 0 0 0 0 0 0 0 0 0 0 0 0 0 0 0 0 0 0 0 0 0 0 0 0 0 0 0 0 0 0 0 0 0 0 0 0 0 0 0 0 0 0 0 0 0 0 0 0 0 0 0 0 0 0 0 0 0 0 0 0 0 0 0 0 0 0 0 0 0 0 0 0 0 0 0 0 0 0 0 0 0 0 0 0 0 0 0 0 0 0 0 0 0 0 0 0 0 0 0 0 0 0 0 0 0 0 0 0 0 0 0 0 0 0 0 0 0 0 0 0 0 0 0 0 0 0 0 0 0 0 0 0 0 0 0 0 0 0 0 0 0 0 0 0 0 0 0 0 0 0 0 0 0 0 0 0 0 0 0 0 0 0 0 0 0 0 0 0 0 0 0 0 0 0 0 0 0 0 0 0 0 0 0 0 0 0 0 0 0 0 0 0 0 0 0 0 0 0 0 0 0 0 0 0 0 0 0 0 0 0 0 0 0 0 0 0 0 0 0 0 0 0 0 0 0 0 0 0 0 0 0 0 0 0 0 0 0 0 0 0 0 0 0 0 0 0 0 0 0 0 0 0 0 0 0 0 0 0 0 0 0 0 0 0 0 0 0 0 0 0 0 0 0 0 0 0 0 0 0 0 0 0 0 0 0 0 0 0 0 0 0 0 0 0 0 0 0 0 0 0 0 0 0 0 0 0 0 0 0 0 0 0 0 0 0 0 0 0 0 0 0 0 0 0 0 0 0 0 0 0 0 0 0 0 0 0 0 0 0 0 0 0 0 0 0 0 0 0 0 0 0 0 0 0 0 0 0 0 0 0 0 0 0 0 0 0 0 0 0 0 0 0 0 0 0 0 0 0 0 0 0 0 0 0 0 0 0 0 0 0 0 0 0 0 0 0 0 0 0 0 0 0 0 0 0 0 0 0 0 0 0 0 0 0 0 0 0 0 0 0 0 0 0 0 0 0 0 0 0 0 0 0 0 0 0 0 0 0 0 0 0 0 0 0 0 0 0 0 0 0 0 0 0 0 0 0 0 0 0 0 0 0 0 0 0 0 0 0 0 0 0 0 0 0 0 0 0 0 0 0 0 0 0 0 0 0 0 0 0 0 0 0 0 0 0 0 0 0 0 0 0 0 0 0 0 0 0 0 0 0 0 0 0 0 0 0 0 0 0 0 0 0 0 0 0 0 0 0 0 0 0 0 0 0 0 0 0 0 0 0 0 0 0 0 0 0 0 0 0 0 0 0 0 0 0 0 0 0 0 0 0 0 0 0 0 0 0 0 0 0 0 0 0 0 0 0 0 0 0 0 0 0 0 0 0 0 0 0 0 0 0 0 0 0 0 0 0 0 0 0 0 0 0 0 0 0 0 0 0 0 0 0 0 0 0 0 0 0 0 0 0 0 0 0 0 0 0 0 0 0 0 0 0 0 0 0 0 0 0 0 0 0 0 0 0 0 0 0 0 0 0 0 0 0 0 0 0 0 0 0 0 0 0 0 0 0 0 0 0 0 0 0 0 0 0 0 0 0 0 0 0 0 0 0 0 0 0 0 0 0 0 0 0 0 0 0 0 0 0 0 0 0 0 0 0 0 0 0 0 0 0 0 0 0 0 0 0 0 0 0 0 0 0 0 0 0 0 0 0 0 0 0 0 0 0 0 0 0 0 0 0 0 0 0 0 0 0 0 0 0 0 0 0 0 0 0 0 0 0 0 0 0 0 0 0 0 0 0 0 0 0 0 0 0 0 0 0 0 0 0 0 0 0 0 0 0 0 0 0 0 0 0 0 0 0 0 0 0 0 0 0 0 0 0 0 0 0 0 0 0 0 0 0 0 0 0 0 0 0 0 0 0 0 0 0 0 0 0 0 0 0 0 0 0 0 0 0 0 0 0 0 0 0 0 0 0 0 0 0 0 0 0 0 0 0 0 0 0 0 0 0 0 0 0 0 0 0 0 0 0 0 0 0 0 0 0 0 0 0 0 0 0 0 0 0 0 0 0 0 0 0 0 0 0 0 0 0 0 0 0 0 0 0 0 0 0 0 0 0 0 0 0 0 0 0 0 0 0 0 0 0 0 0 0 0 0 0 0 0 0 0 0 0 0 0 0 0 0 0 0 0 0 0 0 0 0 0 0 0 0 0 0 0 0 0 0 0 0 0 0 0 0 0 0 0 0 0 0 0 0 0 0 0 0 0 0 0 0 0 0 0 0 0 0 0 0 0 0 0 0 0 0 0 0 0 0 0 0 0 0 0 0 0 0 0 0 0 0 0 0 0 0 0 0 0 0 0 0 0 0 0 0 0 0 0 0 0 0 0 0 0 0 0 0 0 0 0 0 0 0 0 0 0 0 0 0 0 0 0 0 0 0 0 0 0 0 0 0 0 0 0 0 0 0 0 0 0 0 0 0 0 0 0 0 0 0 0 0 0 0 0 0 0 0 0 0 0 0 0 0 0 0 0 0 0 0 0 0 0 0 0 0 0 0 0 0 0 0 0 0 0 0 0 0 0 0 0 0 0 0 0 0 0 0 0 0 0 0 0 0 0 0 0 0 0 0 0 0 0 0 0 0 0 0 0 0 0 0 0 0 0 0 0 0 0 0 0 0 0 0 0 0 0 0 0 0 0 0 0 0 0 0 0 0 0 0 0 0 0 0 0 0 0 0 0 0 0 0 0 0 0 0 0 0 0 0 0 0 0 0 0 0 0 0 0 0 0 0 0 0 0 0 0 0 0 0 0 0 0 0 0 0 0 0 0 0 0 0 0 0 0 0 0 0 0 0 0 0 0 0 0 0 0 0 0 0 0 0 0 0 0 0 0 0 0 0 0 0 0 0 0 0 0 0 0 0 0 0 0 0 0 0 0 0 0 0 0 0 0 0 0 0 0 0 0 0 0 0 0 0 0 0 0 0 0 0 0 0 0 0 0 0 0 0 0 0 0 0 0 0 0 0 0 0 0 0 0 0 0 0 0 0 0 0 0 0 0 0 0 0 0 0 0 0 0 0 0 0 0 0 0 0 0 0 0 0 0 0 0 0 0 0 0 0 0 0 0 0 0 0 0 0 0 0 0 0 0 0 0 0 0 0 0 0 0 0 0 0 0 0 0 0 0 0 0 0 0 0 0 0 0 0 0 0 0 0 0 0 0 0 0 0 0 0 0 0 0 0 0 0 0 0 0 0 0 0 0 0 0 0 0 0 0 0 0 0 0 0 0 0 0 0 0 0 0 0 0 0 0 0 0 0 0 0 0 0 0 0 0 0 0 0 0 0 0 0 0 0 0 0 0 0 0 0 0 0 0 0 0 0 0 0 0 0 0 0 0 0 0 0 0 0 0 0 0 0 0 0 0 0 0 0 0 0 0 0 0 0 0 0 0 0 0 0 0 0 0 0 0 0 0 0 0 0 0 0 0 0 0 0 0 0 0 0 0 0 0 0 0 0 0 0 0 0 0 0 0 0 0 0 0 0 0 0 0 0 0 0 0 0 0 0 0 0 0 0 0 0 0 0 0 0 0 0 0 0 0 0 0 0 0 0 0 0 0 0 0 0 0 0 0 0 0 0 0 0 0 0 0 0 0 0 0 0 0 0 0 0 0 0 0 0 0 0 0 0 0 0 0 0 0 0 0 0 0 0 0 0 0 0 0 0 0 0 0 0 0 0 0 0 0 0 0 0 0 0 0 0 0 0 0 0 0 0 0 0 0 0 0 0 0 0 0 0 0 0 0 0 0 0 0 0 0 0 0 0 0 0 0 0 0 0 0 0 0 0 0 0 0 0 0 0 0 0 0 0 0 0 0 0 0 0 0 0 0 0 0 0 0 0 0 0 0 0 0 0 0 0 0 0 0 0 0 0 0 0 0 0 0 0 0 0 0 0 0 0 0 0 0 0 0 0 0 0 0 0 0 0 0 0 0 0 0 0 0 0 0 0 0 0 0 0 0 0 0 0 0 0 0 0 0 0 0 0 0 0 0 0 0 0 0 0 0 0 0 0 0 0 0 0 0 0 0 0 0 0 0 0 0 0 0 0 0 0 0 0 0 0 0 0 0 0 0 0 0 0 0 0 0 0 0 0 0 0 0 0 0 0 0 0 0 0 0 0 0 0 0 0 0 0 0 0 0 0 0 0 0 0 0 0 0 0 0 0 0 0 0 0 0 0 0 0 0 0 0 0 0 0 0 0 0 0 0 0 0 0 0 0 0 0 0 0 0 0 0 0 0 0 0 0 0 0 0 0 0 0 0 0 0 0 0 0 0 0 0 0 0 0 0 0 0 0 0 0 0 0 0 0 0 0 0 0 0 0 0 0 0 0 0 0 0 0 0 0 0 0 0 0 0 0 0 0 0 0 0 0 0 0 0 0 0 0 0 0 0 0 0 0 0 0 0 0 0 0 0 0 0 0 0 0 0 0 0 0 0 0 0 0 0 0 0 0 0 0 0 0 0 0 0 0 0 0 0 0 0 0 0 0 0 0 0 0 0 0 0 0 0 0 0 0 0 0 0 0 0 0 0 0 0 0 0 0 0 0 0 0 0 0 0 0 0 0 0 0 0 0 0 0 0 0 0 0 0 0 0 0 0 0 0 0 0 0 0 0 0 0 0 0 0 0 0 0 0 0 0 0 0 0 0 0 0 0 0 0 0 0 0 0 0 0 0 0 0 0 0 0 0 0 0 0 0 0 0 0 0 0 0 0 0 0 0 0 0 0 0 0 0 0 0 0 0 0 0 0 0 0 0 0 0 0 0 0 0 0 0 0 0 0 0 0 0 0 0 0 0 0 0 0 0 0 0 0 0 0 0 0 0 0 0 0 0 0 0 0 0 0 0 0 0 0 0 0 0 0 0 0 0 0 0 0 0 0 0 0 0 0 0 0 0 0 0 0 0 0 0 0 0 0 0 0 0 0 0 0 0 0 0 0 0 0 0 0 0 0 0 0 0 0 0 0 0 0 0 0 0 0 0 0 0 0 0 0 0 0 0 0 0 0 0 0 0 0 0 0 0 0 0 0 0 0 0 0 0 0 0 0 0 0 0 0 0 0 0 0 0 0 0 0 0 0 0 0 0 0 0 0 0 0 0 0 0 0 0 0 0 0 0 0 0 0 0 0 0 0 0 0 0 0 0 0 0 0 0 0 0 0 0 0 0 0 0 0 0 0 0 0 0 0 0 0 0 0 0 0 0 0 0 0 0 0 0 0 0 0 0 0 0 0 0 0 0 0 0 0 0 0 0 0 0 0 0 0 0 0 0 0 0 0 0 0 0 0 0 0 0 0 0 0 0 0 0 0 0 0 0 0 0 0 0 0 0 0 0 0 0 0 0 0 0 0 0 0 0 0 0 0 0 0 0 0 0 0 0 0 0 0 0 0 0 0 0 0 0 0 0 0 0 0 0 0 0 0 0 0 0 0 0 0 0 0 0 0 0 0 0 0 0 0 0 0 0 0 0 0 0 0 0 0 0 0 0 0 0 0 0 0 0 0 0 0 0 0 0 0 0 0 0 0 0 0 0 0 0 0 0 0 0 0 0 0 0 0 0 0 0 0 0 0 0 0 0 0 0 0 0 0 0 0 0 0 0 0 0 0 0 0 0 0 0 0 0 0 0 0 0 0 0 0 0 0 0 0 0 0 0 0 0 0 0 0 0 0 0 0 0 0 0 0 0 0 0 0 0 0 0 0 0 0 0 0 0 0 0 0 0 0 0 0 0 0 0 0 0 0 0 0 0 0 0 0 0 0 0 0 0 0 0 0 0 0 0 0 0 0 0 0 0 0 0 0 0 0 0 0 0 0 0 0 0 0 0 0 0 0 0 0 0 0 0 0 0 0 0 0 0 0 0 0 0 0 0 0 0 0 0 0 0 0 0 0 0 0 0 0 0 0 0 0 0 0 0 0 0 0 0 0 0 0 0 0 0 0 0 0 0 0 0 0 0 0 0 0 0 0 0 0 0 0 0 0 0 0 0 0 0 0 0 0 0 0 0 0 0 0 0 0 0 0 0 0 0 0 0 0 0 0 0 0 0 0 0 0 0 0 0 0 0 0 0 0 0 0 0 0 0 0 0 0 0 0 0 0 0 0 0 0 0 0 0 0 0 0 0 0 0 0 0 0 0 0 0 0 0 0 0 0 0 0 0 0 0 0 0 0 0 0 0 0 0 0 0 0 0 0 0 0 0 0 0 0 0 0 0 0 0 0 0 0 0 0 0 0 0 0 0 0 0 0 0 0 0 0 0 0.2083333 0.5833333 0 0 0 0 0 0 0 0 0 0 0.2083333 0.5833333 0 0 0 0 0 0 0 0 0.2083333 0.5833333 0.7916667 0.5833333 0.7083333 0.5833333 0.7916667 0.5833333 0.7083333 0.5833333 0.7083333 0.6666666 0.7083333 0.5833333 0.7083333 0.6666666 0.7916666 0.6666666 0.7083333 0.6666666 0.7916666 0.6666666 0.7916667 0.5833333 0.7916666 0.6666666 0.7083333 0.5833333 0.7916666 0.6666666 0.7083333 0.6666666 0.2916666 0.5833333 0.2083333 0.5833333 0.2916666 0.5833333 0.2083333 0.5833333 0.2083333 0.6666666 0.2083333 0.5833333 0.2083333 0.6666666 0.2916666 0.6666666 0.2083333 0.6666666 0.2916666 0.6666666 0.2916666 0.5833333 0.2916666 0.6666666 0.2083333 0.5833333 0.2916666 0.6666666 0.2083333 0.6666666 0.875 0.6666666 0.875 0.75 0.7916666 0.75 0.625 0.9166666 0.625 1 0.5416666 1 0.625 0.1666666 0.625 0.25 0.5416666 0.25 0.375 0.6666666 0.375 0.75 0.2916666 0.75 0.625 0.6666666 0.625 0.75 0.5416666 0.75 0.625 0.4166666 0.625 0.5 0.5416666 0.5 0.4583333 0.4166666 0.4583333 0.5 0.375 0.5 0.5416666 0.4166666 0.5416666 0.5 0.4583333 0.5 0.4583333 0.6666666 0.4583333 0.75 0.375 0.75 0.5416666 0.6666666 0.5416666 0.75 0.4583333 0.75 0.4583333 0.1666666 0.4583333 0.25 0.375 0.25 0.5416666 0.1666666 0.5416666 0.25 0.4583333 0.25 0.4583333 0.9166666 0.4583333 1 0.375 1 0.5416666 0.9166666 0.5416666 1 0.4583333 1 0.5416666 0.75 0.5416666 0.8333333 0.4583333 0.8333333 0.5416666 0.8333333 0.5416666 0.9166666 0.4583333 0.9166666 0.4583333 0.75 0.4583333 0.8333333 0.375 0.8333333 0.4583333 0.8333333 0.4583333 0.9166666 0.375 0.9166666 0.5416666 0.25 0.5416666 0.3333333 0.4583333 0.3333333 0.5416666 0.3333333 0.5416666 0.4166666 0.4583333 0.4166666 0.4583333 0.25 0.4583333 0.3333333 0.375 0.3333333 0.4583333 0.3333333 0.4583333 0.4166666 0.375 0.4166666 0.625 0.25 0.625 0.3333333 0.5416666 0.3333333 0.625 0.3333333 0.625 0.4166666 0.5416666 0.4166666 0.2083333 0.6666666 0.2083333 0.75 0.125 0.75 0.2916666 0.6666666 0.2916666 0.75 0.2083333 0.75 0.625 0.75 0.625 0.8333333 0.5416666 0.8333333 0.625 0.8333333 0.625 0.9166666 0.5416666 0.9166666 0.7083333 0.6666666 0.7083333 0.75 0.625 0.75 0.7916666 0.6666666 0.7916666 0.75 0.7083333 0.75 0.7916666 0.5 0.7916667 0.5833333 0.7083333 0.5833333 0.7083333 0.6666666 0.7083333 0.6666666 0.7916666 0.6666666 0.7083333 0.5 0.7083333 0.5833333 0.625 0.5833333 0.7083333 0.5833333 0.7083333 0.6666666 0.625 0.6666666 0.2916666 0.5 0.2916666 0.5833333 0.2083333 0.5833333 0 0 0 0 0 0 0.2083333 0.5 0.2083333 0.5833333 0.125 0.5833333 0.2083333 0.5833333 0.2083333 0.6666666 0.125 0.6666666 0.5416666 0 0.5416666 0.08333331 0.4583333 0.08333331 0.5416666 0.08333331 0.5416666 0.1666666 0.4583333 0.1666666 0.4583333 0 0.4583333 0.08333331 0.375 0.08333331 0.4583333 0.08333331 0.4583333 0.1666666 0.375 0.1666666 0.5416666 0.5 0.5416666 0.5833333 0.4583333 0.5833333 0.5416666 0.5833333 0.5416666 0.6666666 0.4583333 0.6666666 0.4583333 0.5 0.4583333 0.5833333 0.3750001 0.5833334 0.4583333 0.5833333 0.4583333 0.6666666 0.375 0.6666666 0.625 0.5 0.625 0.5833333 0.5416666 0.5833333 0.625 0.5833333 0.625 0.6666666 0.5416666 0.6666666 0.375 0.5 0.3750001 0.5833334 0.2916666 0.5833333 0.3750001 0.5833334 0.375 0.6666666 0.2916666 0.6666666 0.625 0 0.625 0.08333331 0.5416666 0.08333331 0.625 0.08333331 0.625 0.1666666 0.5416666 0.1666666 0.875 0.5 0.875 0.5833333 0.7916667 0.5833333 0.875 0.5833333 0.875 0.6666666 0.7916666 0.6666666 0.7916666 0.6666666 0.7916666 0.6666666 0.7916667 0.5833333 0.7083333 0.5833333 0.7083333 0.5833333 0.7083333 0.6666666 0.7916667 0.5833333 0.7916667 0.5833333 0.7083333 0.5833333 0.7083333 0.5833333 0.7115514 0.5865514 0.7115514 0.5913575 0.7083333 0.5833333 0.7115514 0.5913575 0.7115514 0.5961636 0.7115514 0.6634484 0.7083333 0.6666666 0.7115514 0.6586423 0.7083333 0.6666666 0.7083333 0.5833333 0.7115515 0.625 0.7115514 0.6586423 0.7083333 0.6666666 0.7115514 0.6538363 0.7115514 0.6538363 0.7083333 0.6666666 0.7115514 0.6490302 0.7083333 0.5833333 0.7115514 0.5961636 0.7115514 0.6009697 0.7083333 0.5833333 0.7115514 0.6009697 0.7115514 0.6057757 0.7115514 0.6490302 0.7083333 0.6666666 0.7115514 0.6442242 0.7115514 0.6442242 0.7083333 0.6666666 0.7115514 0.6394181 0.7083333 0.5833333 0.7115514 0.6057757 0.7115515 0.6105818 0.7083333 0.5833333 0.7115515 0.6105818 0.7115515 0.6153879 0.7115514 0.6394181 0.7083333 0.6666666 0.7115514 0.634612 0.7115514 0.634612 0.7083333 0.6666666 0.7115515 0.629806 0.7083333 0.5833333 0.7115515 0.6153879 0.7115515 0.6201939 0.7083333 0.5833333 0.7115515 0.6201939 0.7115515 0.625 0.7916666 0.6666666 0.7884484 0.6634484 0.7884485 0.6586423 0.7916666 0.6666666 0.7884485 0.6586423 0.7884485 0.6538363 0.7884486 0.5865515 0.7916667 0.5833333 0.7884486 0.5913575 0.7916667 0.5833333 0.7916666 0.6666666 0.7884485 0.625 0.7884486 0.5913575 0.7916667 0.5833333 0.7884486 0.5961636 0.7884486 0.5961636 0.7916667 0.5833333 0.7884486 0.6009697 0.7916666 0.6666666 0.7884485 0.6538363 0.7884485 0.6490302 0.7916666 0.6666666 0.7884485 0.6490302 0.7884485 0.6442242 0.7884486 0.6009697 0.7916667 0.5833333 0.7884485 0.6057758 0.7884485 0.6057758 0.7916667 0.5833333 0.7884485 0.6105819 0.7916666 0.6666666 0.7884485 0.6442242 0.7884485 0.6394181 0.7916666 0.6666666 0.7884485 0.6394181 0.7884485 0.6346121 0.7884485 0.6105819 0.7916667 0.5833333 0.7884485 0.6153879 0.7884485 0.6153879 0.7916667 0.5833333 0.7884485 0.620194 0.7916666 0.6666666 0.7884485 0.6346121 0.7884485 0.6298061 0.7916666 0.6666666 0.7884485 0.6298061 0.7884485 0.625 0.7916667 0.5833333 0.7884486 0.5865515 0.7836426 0.5865515 0.7916667 0.5833333 0.7836426 0.5865515 0.7788366 0.5865515 0.7115514 0.5865514 0.7083333 0.5833333 0.7163575 0.5865514 0.7083333 0.5833333 0.7916667 0.5833333 0.7500001 0.5865514 0.7163575 0.5865514 0.7083333 0.5833333 0.7211636 0.5865514 0.7211636 0.5865514 0.7083333 0.5833333 0.7259697 0.5865514 0.7916667 0.5833333 0.7788366 0.5865515 0.7740305 0.5865515 0.7916667 0.5833333 0.7740305 0.5865515 0.7692244 0.5865514 0.7259697 0.5865514 0.7083333 0.5833333 0.7307757 0.5865514 0.7307757 0.5865514 0.7083333 0.5833333 0.7355818 0.5865514 0.7916667 0.5833333 0.7692244 0.5865514 0.7644183 0.5865514 0.7916667 0.5833333 0.7644183 0.5865514 0.7596122 0.5865514 0.7355818 0.5865514 0.7083333 0.5833333 0.7403879 0.5865514 0.7403879 0.5865514 0.7083333 0.5833333 0.745194 0.5865514 0.7916667 0.5833333 0.7596122 0.5865514 0.7548062 0.5865514 0.7916667 0.5833333 0.7548062 0.5865514 0.7500001 0.5865514 0.7083333 0.6666666 0.7115514 0.6634484 0.7163575 0.6634484 0.7083333 0.6666666 0.7163575 0.6634484 0.7211635 0.6634484 0.7884484 0.6634484 0.7916666 0.6666666 0.7836424 0.6634484 0.7916666 0.6666666 0.7083333 0.6666666 0.7500001 0.6634485 0.7836424 0.6634484 0.7916666 0.6666666 0.7788363 0.6634485 0.7788363 0.6634485 0.7916666 0.6666666 0.7740303 0.6634485 0.7083333 0.6666666 0.7211635 0.6634484 0.7259696 0.6634484 0.7083333 0.6666666 0.7259696 0.6634484 0.7307757 0.6634484 0.7740303 0.6634485 0.7916666 0.6666666 0.7692242 0.6634485 0.7692242 0.6634485 0.7916666 0.6666666 0.7644182 0.6634485 0.7083333 0.6666666 0.7307757 0.6634484 0.7355818 0.6634484 0.7083333 0.6666666 0.7355818 0.6634484 0.7403879 0.6634484 0.7644182 0.6634485 0.7916666 0.6666666 0.7596122 0.6634485 0.7596122 0.6634485 0.7916666 0.6666666 0.7548061 0.6634485 0.7083333 0.6666666 0.7403879 0.6634484 0.745194 0.6634485 0.7083333 0.6666666 0.745194 0.6634485 0.7500001 0.6634485 0.7259696 0.6490302 0.7258003 0.6488608 0.7258003 0.6443936 0.7259696 0.6442242 0.7258003 0.6443936 0.7213329 0.6443936 0.7211636 0.6442242 0.7213329 0.6443936 0.7213329 0.6488609 0.7163575 0.6490302 0.7165268 0.6488609 0.7209942 0.6488608 0.7211636 0.6490302 0.7209942 0.6488608 0.7209941 0.6443936 0.7211636 0.6442242 0.7209941 0.6443936 0.7165268 0.6443936 0.7163575 0.6442242 0.7165268 0.6443936 0.7165268 0.6488609 0.7115514 0.6490302 0.7117208 0.6488609 0.7161881 0.6488608 0.7163575 0.6490302 0.7161881 0.6488608 0.7161881 0.6443936 0.7163575 0.6442242 0.7161881 0.6443936 0.7117208 0.6443936 0.7115514 0.6442242 0.7117208 0.6443936 0.7117208 0.6488609 0.7788363 0.6538363 0.7790057 0.6536669 0.7834729 0.6536669 0.7836423 0.6538363 0.7834729 0.6536669 0.783473 0.6491996 0.7836424 0.6490302 0.783473 0.6491996 0.7790058 0.6491996 0.7788364 0.6490302 0.7790058 0.6491996 0.7790057 0.6536669 0.7740303 0.6538363 0.7741997 0.6536669 0.7786669 0.6536669 0.7788363 0.6538363 0.7786669 0.6536669 0.778667 0.6491996 0.7788364 0.6490302 0.778667 0.6491996 0.7741997 0.6491996 0.7740303 0.6490302 0.7741997 0.6491996 0.7741997 0.6536669 0.7692242 0.6538363 0.7693936 0.6536669 0.7738609 0.6536669 0.7740303 0.6538363 0.7738609 0.6536669 0.7738609 0.6491996 0.7740303 0.6490302 0.7738609 0.6491996 0.7693936 0.6491996 0.7692242 0.6490302 0.7693936 0.6491996 0.7693936 0.6536669 0.7644181 0.6538362 0.7645875 0.6536668 0.7690548 0.6536669 0.7692242 0.6538363 0.7690548 0.6536669 0.7690548 0.6491996 0.7692242 0.6490302 0.7690548 0.6491996 0.7645875 0.6491996 0.7644181 0.6490302 0.7645875 0.6491996 0.7645875 0.6536668 0.759612 0.6538362 0.7597814 0.6536668 0.7642487 0.6536668 0.7644181 0.6538362 0.7642487 0.6536668 0.7642487 0.6491996 0.7644181 0.6490302 0.7642487 0.6491996 0.7597814 0.6491996 0.759612 0.6490302 0.7597814 0.6491996 0.7597814 0.6536668 0.7548059 0.6538362 0.7549753 0.6536668 0.7594426 0.6536668 0.759612 0.6538362 0.7594426 0.6536668 0.7594426 0.6491996 0.759612 0.6490302 0.7594426 0.6491996 0.7549753 0.6491996 0.7548059 0.6490302 0.7549753 0.6491996 0.7549753 0.6536668 0.7499999 0.6538362 0.7501693 0.6536668 0.7546365 0.6536668 0.7548059 0.6538362 0.7546365 0.6536668 0.7546365 0.6491996 0.7548059 0.6490302 0.7546365 0.6491996 0.7501693 0.6491996 0.7499999 0.6490302 0.7501693 0.6491996 0.7501693 0.6536668 0.7451938 0.6538362 0.7453632 0.6536668 0.7498306 0.6536668 0.7499999 0.6538362 0.7498306 0.6536668 0.7498306 0.6491996 0.7499999 0.6490302 0.7498306 0.6491996 0.7453632 0.6491996 0.7451938 0.6490302 0.7453632 0.6491996 0.7453632 0.6536668 0.7403878 0.6538362 0.7405571 0.6536668 0.7450245 0.6536668 0.7451938 0.6538362 0.7450245 0.6536668 0.7450245 0.6491996 0.7451938 0.6490302 0.7450245 0.6491996 0.7405572 0.6491996 0.7403878 0.6490302 0.7405572 0.6491996 0.7405571 0.6536668 0.7355818 0.6538362 0.7357512 0.6536668 0.7402184 0.6536668 0.7403878 0.6538362 0.7402184 0.6536668 0.7402184 0.6491996 0.7403878 0.6490302 0.7402184 0.6491996 0.7357512 0.6491996 0.7355818 0.6490302 0.7357512 0.6491996 0.7357512 0.6536668 0.7307757 0.6538362 0.7309451 0.6536668 0.7354124 0.6536668 0.7355818 0.6538362 0.7354124 0.6536668 0.7354124 0.6491996 0.7355818 0.6490302 0.7354124 0.6491996 0.7309451 0.6491996 0.7307757 0.6490302 0.7309451 0.6491996 0.7309451 0.6536668 0.7259696 0.6538362 0.726139 0.6536668 0.7306063 0.6536668 0.7307757 0.6538362 0.7306063 0.6536668 0.7306063 0.6491996 0.7307757 0.6490302 0.7306063 0.6491996 0.726139 0.6491996 0.7259696 0.6490302 0.726139 0.6491996 0.726139 0.6536668 0.7211636 0.6538363 0.7213329 0.6536669 0.7258003 0.6536668 0.7259696 0.6538362 0.7258003 0.6536668 0.7258002 0.6491996 0.7259696 0.6490302 0.7258002 0.6491996 0.7213329 0.6491996 0.7211636 0.6490302 0.7213329 0.6491996 0.7213329 0.6536669 0.7163575 0.6538363 0.7165268 0.6536669 0.7209942 0.6536669 0.7211636 0.6538363 0.7209942 0.6536669 0.7209941 0.6491996 0.7211636 0.6490302 0.7209941 0.6491996 0.7165268 0.6491996 0.7163575 0.6490302 0.7165268 0.6491996 0.7165268 0.6536669 0.7115514 0.6538363 0.7117208 0.6536669 0.7161881 0.6536669 0.7163575 0.6538363 0.7161881 0.6536669 0.7161881 0.6491996 0.7163575 0.6490302 0.7161881 0.6491996 0.7117208 0.6491996 0.7115514 0.6490302 0.7117208 0.6491996 0.7117208 0.6536669 0.7788363 0.6586423 0.7790057 0.6584729 0.7834729 0.6584729 0.7836423 0.6586423 0.7834729 0.6584729 0.7834729 0.6540056 0.7836423 0.6538363 0.7834729 0.6540056 0.7790057 0.6540056 0.7788363 0.6538363 0.7790057 0.6540056 0.7790057 0.6584729 0.7740303 0.6586423 0.7741997 0.6584729 0.7786669 0.6584729 0.7788363 0.6586423 0.7786669 0.6584729 0.7786669 0.6540056 0.7788363 0.6538363 0.7786669 0.6540056 0.7741997 0.6540056 0.7740303 0.6538363 0.7741997 0.6540056 0.7741997 0.6584729 0.7692242 0.6586423 0.7693936 0.6584729 0.7738609 0.6584729 0.7740303 0.6586423 0.7738609 0.6584729 0.7738609 0.6540056 0.7740303 0.6538363 0.7738609 0.6540056 0.7693936 0.6540056 0.7692242 0.6538363 0.7693936 0.6540056 0.7693936 0.6584729 0.7644181 0.6586422 0.7645875 0.6584728 0.7690548 0.6584729 0.7692242 0.6586423 0.7690548 0.6584729 0.7690548 0.6540056 0.7692242 0.6538363 0.7690548 0.6540056 0.7645875 0.6540055 0.7644181 0.6538362 0.7645875 0.6540055 0.7645875 0.6584728 0.759612 0.6586423 0.7597814 0.6584729 0.7642487 0.6584728 0.7644181 0.6586422 0.7642487 0.6584728 0.7642487 0.6540055 0.7644181 0.6538362 0.7642487 0.6540055 0.7597814 0.6540055 0.759612 0.6538362 0.7597814 0.6540055 0.7597814 0.6584729 0.7548059 0.6586422 0.7549753 0.6584728 0.7594426 0.6584729 0.759612 0.6586423 0.7594426 0.6584729 0.7594426 0.6540055 0.759612 0.6538362 0.7594426 0.6540055 0.7549753 0.6540055 0.7548059 0.6538362 0.7549753 0.6540055 0.7549753 0.6584728 0.7499999 0.6586422 0.7501693 0.6584728 0.7546365 0.6584728 0.7548059 0.6586422 0.7546365 0.6584728 0.7546365 0.6540055 0.7548059 0.6538362 0.7546365 0.6540055 0.7501693 0.6540055 0.7499999 0.6538362 0.7501693 0.6540055 0.7501693 0.6584728 0.7451938 0.6586422 0.7453632 0.6584728 0.7498306 0.6584728 0.7499999 0.6586422 0.7498306 0.6584728 0.7498306 0.6540056 0.7499999 0.6538362 0.7498306 0.6540056 0.7453632 0.6540055 0.7451938 0.6538362 0.7453632 0.6540055 0.7453632 0.6584728 0.7403878 0.6586423 0.7405572 0.6584729 0.7450245 0.6584728 0.7451938 0.6586422 0.7450245 0.6584728 0.7450245 0.6540055 0.7451938 0.6538362 0.7450245 0.6540055 0.7405572 0.6540055 0.7403878 0.6538362 0.7405572 0.6540055 0.7405572 0.6584729 0.7355818 0.6586424 0.7357512 0.658473 0.7402184 0.6584729 0.7403878 0.6586423 0.7402184 0.6584729 0.7402184 0.6540055 0.7403878 0.6538362 0.7402184 0.6540055 0.7357512 0.6540055 0.7355818 0.6538362 0.7357512 0.6540055 0.7357512 0.658473 0.7307757 0.6586423 0.7309451 0.6584729 0.7354124 0.658473 0.7355818 0.6586424 0.7354124 0.658473 0.7354124 0.6540055 0.7355818 0.6538362 0.7354124 0.6540055 0.7309451 0.6540055 0.7307757 0.6538362 0.7309451 0.6540055 0.7309451 0.6584729 0.7259696 0.6586423 0.7261391 0.6584729 0.7306063 0.6584729 0.7307757 0.6586423 0.7306063 0.6584729 0.7306063 0.6540055 0.7307757 0.6538362 0.7306063 0.6540055 0.726139 0.6540055 0.7259696 0.6538362 0.726139 0.6540055 0.7261391 0.6584729 0.7211636 0.6586423 0.7213329 0.6584729 0.7258003 0.6584729 0.7259696 0.6586423 0.7258003 0.6584729 0.7258003 0.6540055 0.7259696 0.6538362 0.7258003 0.6540055 0.7213329 0.6540056 0.7211636 0.6538363 0.7213329 0.6540056 0.7213329 0.6584729 0.7163575 0.6586423 0.7165268 0.6584729 0.7209942 0.6584729 0.7211636 0.6586423 0.7209942 0.6584729 0.7209941 0.6540056 0.7211636 0.6538363 0.7209941 0.6540056 0.7165268 0.6540056 0.7163575 0.6538363 0.7165268 0.6540056 0.7165268 0.6584729 0.7115514 0.6586423 0.7117208 0.6584729 0.7161881 0.6584729 0.7163575 0.6586423 0.7161881 0.6584729 0.7161881 0.6540056 0.7163575 0.6538363 0.7161881 0.6540056 0.7117208 0.6540056 0.7115514 0.6538363 0.7117208 0.6540056 0.7117208 0.6584729 0.7788363 0.6634485 0.7790057 0.663279 0.783473 0.663279 0.7836424 0.6634484 0.783473 0.663279 0.783473 0.6588117 0.7836423 0.6586423 0.783473 0.6588117 0.7790057 0.6588116 0.7788363 0.6586423 0.7790057 0.6588116 0.7790057 0.663279 0.7740303 0.6634484 0.7741997 0.6632789 0.778667 0.6632791 0.7788363 0.6634485 0.778667 0.6632791 0.7786669 0.6588118 0.7788363 0.6586423 0.7786669 0.6588118 0.7741997 0.6588116 0.7740303 0.6586423 0.7741997 0.6588116 0.7741997 0.6632789 0.7692242 0.6634484 0.7693935 0.6632789 0.7738609 0.663279 0.7740303 0.6634484 0.7738609 0.663279 0.7738609 0.6588117 0.7740303 0.6586423 0.7738609 0.6588117 0.7693936 0.6588117 0.7692242 0.6586423 0.7693936 0.6588117 0.7693935 0.6632789 0.7644181 0.6634484 0.7645875 0.6632789 0.7690548 0.663279 0.7692242 0.6634484 0.7690548 0.663279 0.7690548 0.6588116 0.7692242 0.6586423 0.7690548 0.6588116 0.7645874 0.6588116 0.7644181 0.6586422 0.7645874 0.6588116 0.7645875 0.6632789 0.759612 0.6634483 0.7597814 0.6632789 0.7642487 0.663279 0.7644181 0.6634484 0.7642487 0.663279 0.7642487 0.6588116 0.7644181 0.6586422 0.7642487 0.6588116 0.7597814 0.6588116 0.759612 0.6586423 0.7597814 0.6588116 0.7597814 0.6632789 0.759612 0.6634483 0.7548059 0.6634483 0.7549752 0.6632789 0.759612 0.6634483 0.7594426 0.6632789 0.7594426 0.6588116 0.759612 0.6586423 0.7594426 0.6588116 0.7549753 0.6588116 0.7548059 0.6586422 0.7549753 0.6588116 0.7549752 0.6632789 0.7548059 0.6634483 0.7499999 0.6634483 0.7501692 0.6632789 0.7548059 0.6634483 0.7546365 0.6632789 0.7546365 0.6588116 0.7499999 0.6586422 0.7548059 0.6586422 0.7546365 0.6588116 0.7499999 0.6586422 0.7501693 0.6588116 0.7501692 0.6632789 0.7499999 0.6634483 0.7451938 0.6634483 0.7453632 0.6632789 0.7499999 0.6634483 0.7498306 0.663279 0.7498305 0.6588116 0.7451938 0.6586422 0.7499999 0.6586422 0.7498305 0.6588116 0.7451938 0.6586422 0.7453632 0.6588116 0.7453632 0.6632789 0.7403878 0.6634484 0.7405571 0.6632789 0.7450245 0.6632789 0.7451938 0.6634483 0.7450245 0.6632789 0.7450245 0.6588116 0.7403878 0.6586423 0.7451938 0.6586422 0.7450245 0.6588116 0.7403878 0.6586423 0.7405571 0.6588116 0.7405571 0.6632789 0.7355817 0.6634484 0.735751 0.6632789 0.7402184 0.663279 0.7403878 0.6634484 0.7402184 0.663279 0.7402184 0.6588116 0.7403878 0.6586423 0.7402184 0.6588116 0.7357511 0.6588117 0.7355818 0.6586424 0.7357511 0.6588117 0.735751 0.6632789 0.7307757 0.6634485 0.7309451 0.663279 0.7354123 0.663279 0.7355817 0.6634484 0.7354123 0.663279 0.7354124 0.6588117 0.7355818 0.6586424 0.7354124 0.6588117 0.7309451 0.6588116 0.7307757 0.6586423 0.7309451 0.6588116 0.7309451 0.663279 0.7259696 0.6634485 0.726139 0.663279 0.7306063 0.6632791 0.7307757 0.6634485 0.7306063 0.6632791 0.7306063 0.6588117 0.7307757 0.6586423 0.7306063 0.6588117 0.726139 0.6588116 0.7259696 0.6586423 0.726139 0.6588116 0.726139 0.663279 0.7211635 0.6634485 0.7213329 0.663279 0.7258003 0.6632791 0.7259696 0.6634485 0.7258003 0.6632791 0.7258003 0.6588118 0.7259696 0.6586423 0.7258003 0.6588118 0.7213329 0.6588116 0.7211636 0.6586423 0.7213329 0.6588116 0.7213329 0.663279 0.7163575 0.6634485 0.7165269 0.6632791 0.7209941 0.6632791 0.7211635 0.6634485 0.7209941 0.6632791 0.7209942 0.6588118 0.7211636 0.6586423 0.7209942 0.6588118 0.7165268 0.6588116 0.7163575 0.6586423 0.7165268 0.6588116 0.7165269 0.6632791 0.7115514 0.6634484 0.7117208 0.6632789 0.7161881 0.6632791 0.7163575 0.6634485 0.7161881 0.6632791 0.7161881 0.6588117 0.7163575 0.6586423 0.7161881 0.6588117 0.7117208 0.6588116 0.7115514 0.6586423 0.7117208 0.6588116 0.7117208 0.6632789 0.7836425 0.5961636 0.7838119 0.5959943 0.7882792 0.5959943 0.7884486 0.5961636 0.7882792 0.5959943 0.7882792 0.5915269 0.7884486 0.5913575 0.7882792 0.5915269 0.7838119 0.5915268 0.7836425 0.5913575 0.7838119 0.5915268 0.7838119 0.5959943 0.7836425 0.6009697 0.7838119 0.6008003 0.7882792 0.6008003 0.7884486 0.6009697 0.7882792 0.6008003 0.7882792 0.596333 0.7884486 0.5961636 0.7882792 0.596333 0.7838119 0.5963331 0.7836425 0.5961636 0.7838119 0.5963331 0.7838119 0.6008003 0.7836425 0.6057757 0.7838119 0.6056064 0.7882792 0.6056064 0.7884486 0.6057758 0.7882792 0.6056064 0.7882792 0.6011391 0.7884486 0.6009697 0.7882792 0.6011391 0.7838119 0.6011391 0.7836425 0.6009697 0.7838119 0.6011391 0.7838119 0.6056064 0.7836425 0.6105818 0.7838119 0.6104124 0.7882792 0.6104124 0.7884486 0.6105818 0.7882792 0.6104124 0.7882792 0.6059452 0.7884486 0.6057758 0.7882792 0.6059452 0.7838119 0.6059451 0.7836425 0.6057757 0.7838119 0.6059451 0.7838119 0.6104124 0.7836425 0.6153878 0.7838119 0.6152184 0.7882792 0.6152184 0.7884486 0.6153878 0.7882792 0.6152184 0.7882792 0.6107512 0.7884486 0.6105818 0.7882792 0.6107512 0.7838119 0.6107511 0.7836425 0.6105818 0.7838119 0.6107511 0.7838119 0.6152184 0.7836424 0.6201938 0.7838118 0.6200245 0.7882791 0.6200245 0.7884485 0.6201938 0.7882791 0.6200245 0.7882792 0.6155571 0.7884486 0.6153878 0.7882792 0.6155571 0.7838119 0.6155571 0.7836425 0.6153878 0.7838119 0.6155571 0.7838118 0.6200245 0.7836424 0.6249999 0.7838118 0.6248305 0.7882792 0.6248306 0.7884485 0.6249999 0.7882792 0.6248306 0.7882791 0.6203632 0.7884485 0.6201938 0.7882791 0.6203632 0.7838118 0.6203632 0.7836424 0.6201938 0.7838118 0.6203632 0.7838118 0.6248305 0.7836424 0.6298059 0.7838118 0.6296365 0.7882791 0.6296365 0.7884485 0.6298059 0.7882791 0.6296365 0.7882792 0.6251693 0.7884485 0.6249999 0.7882792 0.6251693 0.7838118 0.6251693 0.7836424 0.6249999 0.7838118 0.6251693 0.7838118 0.6296365 0.7836424 0.634612 0.7838118 0.6344426 0.7882791 0.6344426 0.7884485 0.634612 0.7882791 0.6344426 0.7882791 0.6299753 0.7884485 0.6298059 0.7882791 0.6299753 0.7838118 0.6299753 0.7836424 0.6298059 0.7838118 0.6299753 0.7838118 0.6344426 0.7836424 0.639418 0.7838118 0.6392487 0.7882791 0.6392487 0.7884485 0.6394181 0.7882791 0.6392487 0.7882791 0.6347814 0.7884485 0.634612 0.7882791 0.6347814 0.7838118 0.6347814 0.7836424 0.634612 0.7838118 0.6347814 0.7838118 0.6392487 0.7836424 0.6442242 0.7838118 0.6440548 0.7882791 0.6440548 0.7884485 0.6442242 0.7882791 0.6440548 0.7882791 0.6395874 0.7884485 0.6394181 0.7882791 0.6395874 0.7838118 0.6395875 0.7836424 0.639418 0.7838118 0.6395875 0.7838118 0.6440548 0.7836424 0.6490302 0.7838118 0.6488609 0.7882791 0.6488608 0.7884485 0.6490302 0.7882791 0.6488608 0.7882791 0.6443936 0.7884485 0.6442242 0.7882791 0.6443936 0.7838118 0.6443936 0.7836424 0.6442242 0.7838118 0.6443936 0.7838118 0.6488609 0.7836423 0.6538363 0.7838116 0.6536669 0.788279 0.6536669 0.7884484 0.6538363 0.788279 0.6536669 0.7882791 0.6491996 0.7884485 0.6490302 0.7882791 0.6491996 0.7838118 0.6491996 0.7836424 0.6490302 0.7838118 0.6491996 0.7838116 0.6536669 0.7836423 0.6586423 0.7838116 0.6584729 0.788279 0.6584729 0.7884484 0.6586423 0.788279 0.6584729 0.788279 0.6540056 0.7884484 0.6538363 0.788279 0.6540056 0.7838116 0.6540056 0.7836423 0.6538363 0.7838116 0.6540056 0.7838116 0.6584729 0.7836424 0.6634484 0.7838118 0.663279 0.788279 0.663279 0.7884484 0.6634484 0.788279 0.663279 0.788279 0.6588116 0.7884484 0.6586423 0.788279 0.6588116 0.7838116 0.6588116 0.7836423 0.6586423 0.7838116 0.6588116 0.7838118 0.663279 0.7836425 0.5913575 0.7838119 0.5911881 0.7882792 0.5911881 0.7884486 0.5913575 0.7882792 0.5911881 0.7882792 0.5867208 0.7884486 0.5865515 0.7882792 0.5867208 0.783812 0.5867209 0.7836425 0.5913575 0.7836426 0.5865515 0.783812 0.5867209 0 0 0 0 0 0 0 0 0 0 0 0 0 0 0 0 0 0 0 0 0 0 0 0 0 0 0 0 0 0 0 0 0 0 0 0 0 0 0 0 0 0 0 0 0 0 0 0 0 0 0 0 0 0 0 0 0 0 0 0 0 0 0 0 0 0 0 0 0 0 0 0 0 0 0 0 0 0 0 0 0 0 0 0 0 0 0 0 0 0 0 0 0 0 0 0 0 0 0 0 0 0 0 0 0 0 0 0 0 0 0 0 0 0 0 0 0 0 0 0 0 0 0 0 0 0 0 0 0 0 0 0 0 0 0 0 0 0 0 0 0 0 0 0 0 0 0 0 0 0 0 0 0 0 0 0 0 0 0 0 0 0 0 0 0 0 0 0 0 0 0 0 0 0 0 0 0 0 0 0 0 0 0 0 0 0 0 0 0 0 0 0 0 0 0 0 0 0 0 0 0 0 0 0 0 0 0 0 0 0 0 0 0 0 0 0 0 0 0 0 0 0 0 0 0 0 0 0 0 0 0 0 0 0 0 0 0 0 0 0 0 0 0 0 0 0 0 0 0 0 0 0 0 0 0 0 0 0 0 0 0 0 0 0 0 0 0 0 0 0 0 0 0 0 0 0 0 0 0 0 0 0 0 0 0 0 0 0 0 0 0 0 0 0 0 0 0 0 0 0 0 0 0 0 0 0 0 0 0 0 0 0 0 0 0 0 0 0 0 0 0 0 0 0 0 0 0 0 0 0 0 0 0 0 0 0 0 0 0 0 0 0 0 0 0 0 0 0 0 0 0 0 0 0 0 0 0 0 0 0 0 0 0 0 0 0 0 0 0 0 0 0 0 0 0 0 0 0 0 0 0 0 0 0 0 0 0 0 0 0 0 0 0 0 0 0 0 0 0 0 0 0 0 0 0 0 0 0 0 0 0 0 0 0 0 0 0 0 0 0 0 0 0 0 0 0 0 0 0 0 0 0 0 0 0 0 0 0 0 0 0 0 0 0 0 0 0 0 0 0 0 0 0 0 0 0 0 0 0 0 0 0 0 0 0 0 0 0 0 0 0 0 0 0 0 0 0 0 0 0 0 0 0 0 0 0 0 0 0 0 0 0 0 0 0 0 0 0 0 0 0 0 0 0 0 0 0 0 0 0 0 0 0 0 0 0 0 0 0 0 0 0 0 0 0 0 0 0 0 0 0 0 0 0 0 0 0 0 0 0 0 0 0 0 0 0 0 0 0 0 0 0 0 0 0 0 0 0 0 0 0 0 0 0 0 0 0 0 0 0 0 0 0 0 0 0 0 0 0 0 0 0 0 0 0 0 0 0 0 0 0 0 0 0 0 0 0 0 0 0 0 0 0 0 0 0 0 0 0 0 0 0 0 0 0 0 0 0 0 0 0 0 0 0 0 0 0 0 0 0 0 0 0 0 0 0 0 0 0 0 0 0 0 0 0 0 0 0 0 0 0 0 0 0 0 0 0 0 0 0 0 0 0 0 0 0 0 0 0 0 0 0 0 0 0 0 0 0 0 0 0 0 0 0 0 0 0 0 0 0 0 0 0 0 0 0 0 0 0 0 0 0 0 0 0 0 0 0 0 0 0 0 0 0 0 0 0 0 0 0 0 0 0 0 0 0 0 0 0 0 0 0 0 0 0 0 0 0 0 0 0 0 0 0 0 0 0 0 0 0 0 0 0 0 0 0 0 0 0 0 0 0 0 0 0 0 0 0 0 0 0 0 0 0 0 0 0 0 0 0 0 0 0 0 0 0 0 0 0 0 0 0 0 0 0 0 0 0 0 0 0 0 0 0 0 0 0 0 0 0 0 0 0 0 0 0 0 0 0 0 0 0 0 0 0 0 0 0 0 0 0 0 0 0 0 0 0 0 0 0 0 0 0 0 0 0 0 0 0 0 0 0 0 0 0 0 0 0 0 0 0 0 0 0 0 0 0 0 0 0 0 0 0 0 0 0 0 0 0 0 0 0 0 0 0 0 0 0 0 0 0 0 0 0 0 0 0 0 0 0 0 0 0 0 0 0 0 0 0 0 0 0 0 0 0 0 0 0 0 0 0 0 0 0 0 0 0 0 0 0 0 0 0 0 0 0 0 0 0 0 0 0 0 0 0 0 0 0 0 0 0 0 0 0 0 0 0 0 0 0 0 0 0 0 0 0 0 0 0 0 0 0 0 0 0 0 0 0 0 0 0 0 0 0 0 0 0 0 0 0 0 0 0 0 0 0 0 0 0 0 0 0 0 0 0 0 0 0 0 0 0 0 0 0 0 0 0 0 0 0 0 0 0 0 0 0 0 0 0 0 0 0 0 0 0 0 0 0 0 0 0 0 0 0 0 0 0 0 0 0 0 0 0 0 0 0 0 0 0 0 0 0 0 0 0 0 0 0 0 0 0 0 0 0 0 0 0 0 0 0 0 0 0 0 0 0 0 0 0 0 0 0 0 0 0 0 0 0 0 0 0 0 0 0 0 0 0 0 0 0 0 0 0 0 0 0 0 0 0 0 0 0 0 0 0 0 0 0 0 0 0 0 0 0 0 0 0 0 0 0 0 0 0 0 0 0 0 0 0 0 0 0 0 0 0 0 0 0 0 0 0 0 0 0 0 0 0 0 0 0 0 0 0 0 0 0 0 0 0 0 0 0 0 0 0 0 0 0 0 0 0 0 0 0 0 0 0 0 0 0 0 0 0 0 0 0 0 0 0 0 0 0 0 0 0 0 0 0 0 0 0 0 0 0 0 0 0 0 0 0 0 0 0 0 0 0 0 0 0 0 0 0 0 0 0 0 0 0 0 0 0 0 0 0 0 0 0 0 0 0 0 0 0 0 0 0 0 0 0 0 0 0 0 0 0 0 0 0 0 0 0 0 0 0 0 0 0 0 0 0 0 0 0 0 0 0 0 0 0 0 0 0 0 0 0 0 0 0 0 0 0 0 0 0 0 0 0 0 0 0 0 0 0 0 0 0 0 0 0 0 0 0 0 0 0 0 0 0 0 0 0 0 0 0 0 0 0 0 0 0 0 0 0 0 0 0 0 0 0 0 0 0 0 0 0 0 0 0 0 0 0 0 0 0 0 0 0 0 0 0 0 0 0 0 0 0 0 0 0 0 0 0 0 0 0 0 0 0 0 0 0 0 0 0 0 0 0 0 0 0 0 0 0 0 0 0 0 0 0 0 0 0 0 0 0 0 0 0 0 0 0 0 0 0 0 0 0 0 0 0 0 0 0 0 0 0 0 0 0 0 0 0 0 0 0 0 0 0 0 0 0 0 0 0 0 0 0 0 0 0 0 0 0 0 0 0 0 0 0 0 0 0 0 0 0 0 0 0 0 0 0 0 0 0 0 0 0 0 0 0 0 0 0 0 0 0 0 0 0 0 0 0 0 0 0 0 0 0 0 0 0 0 0 0 0 0 0 0 0 0 0 0 0 0 0 0 0 0 0 0 0 0 0 0 0 0 0 0 0 0 0 0 0 0 0 0 0 0 0 0 0 0 0 0 0 0 0 0 0 0 0 0 0 0 0 0 0 0 0 0 0 0 0 0 0 0 0 0 0 0 0 0 0 0 0 0 0 0 0 0 0 0 0 0 0 0 0 0 0 0 0 0 0 0 0 0 0 0 0 0 0 0 0 0 0 0 0 0 0 0 0 0 0 0 0 0 0 0 0 0 0 0 0 0 0 0 0 0 0 0 0 0 0 0 0 0 0 0 0 0 0 0 0 0 0 0 0 0 0 0 0 0 0 0 0 0 0 0 0 0 0 0 0 0 0 0 0 0 0 0 0 0 0 0 0 0 0 0 0 0 0 0 0 0 0 0 0 0 0 0 0 0 0 0 0 0 0 0 0 0 0 0 0 0 0 0 0 0 0 0 0 0 0 0 0 0 0 0 0 0 0 0 0 0 0 0 0 0 0 0 0 0 0 0 0 0 0 0 0 0 0 0 0 0 0 0 0 0 0 0 0 0 0 0 0 0 0 0 0 0 0 0 0 0 0 0 0 0 0 0 0 0 0 0 0 0 0 0 0 0 0 0 0 0 0 0 0 0 0 0 0 0 0 0 0 0 0 0 0 0 0 0 0 0 0 0 0 0 0 0 0 0 0 0 0 0 0 0 0 0 0 0 0 0 0 0 0 0 0 0 0 0 0 0 0 0 0 0 0 0 0 0 0 0 0 0 0 0 0 0 0 0 0 0 0 0 0 0 0 0 0 0 0 0 0 0 0 0 0 0 0 0 0 0 0 0 0 0 0 0 0 0 0 0 0 0 0 0 0 0 0 0 0 0 0 0 0 0 0 0 0 0 0 0 0 0 0 0 0 0 0 0 0 0 0 0 0 0 0 0 0 0 0 0 0 0 0 0 0 0 0 0 0 0 0 0 0 0 0 0 0 0 0 0 0 0 0 0 0 0 0 0 0 0 0 0 0 0 0 0 0 0 0 0 0 0 0 0 0 0 0 0 0 0 0 0 0 0 0 0 0 0 0 0 0 0 0 0 0 0 0 0 0 0 0 0 0 0 0 0 0 0 0 0 0 0 0 0 0 0 0 0 0 0 0 0 0 0 0 0 0 0 0 0 0 0 0 0 0 0 0 0 0 0 0 0 0 0 0 0 0 0 0 0 0 0 0 0 0 0 0 0 0 0 0 0 0 0 0 0 0 0 0 0 0 0 0 0 0 0 0 0 0 0 0 0 0 0 0 0 0 0 0 0 0 0 0 0 0 0 0 0 0 0 0 0 0 0 0 0 0 0 0 0 0 0 0 0 0 0 0 0 0 0 0 0 0 0 0 0 0 0 0 0 0 0 0 0 0 0 0 0 0 0 0 0 0 0 0 0 0 0 0 0 0 0 0 0 0 0 0 0 0 0 0 0 0 0 0 0 0 0 0 0 0 0 0 0 0 0 0 0 0 0 0 0 0 0 0 0 0 0 0 0 0 0 0 0 0 0 0 0 0 0 0 0 0 0 0 0 0 0 0 0 0 0 0 0 0 0 0 0 0 0 0 0 0 0 0 0 0 0 0 0 0 0 0 0 0 0 0 0 0 0 0 0 0 0 0 0 0 0 0 0 0 0 0 0 0 0 0 0 0 0 0 0 0 0 0 0 0 0 0 0 0 0 0 0 0 0 0 0 0 0 0 0 0 0 0 0 0 0 0 0 0 0 0 0 0 0 0 0 0 0 0 0 0 0 0 0 0 0 0 0 0 0 0 0 0 0 0 0 0 0 0 0 0 0 0 0 0 0 0 0 0 0 0 0 0 0 0 0 0 0 0 0 0 0 0 0 0 0 0 0 0 0 0 0 0 0 0 0 0 0 0 0 0 0 0 0 0 0 0 0 0 0 0 0 0 0 0 0 0 0 0 0 0 0 0 0 0 0 0 0 0 0 0 0 0 0 0 0 0 0 0 0 0 0 0 0 0 0 0 0 0 0 0 0 0 0 0 0 0 0 0 0 0 0 0 0 0 0 0 0 0 0 0 0 0 0 0 0 0 0 0 0 0 0 0 0 0 0 0 0 0 0 0 0 0 0 0 0 0 0 0 0 0 0 0 0 0 0 0 0 0 0 0 0 0 0 0 0 0 0 0 0 0 0 0 0 0 0 0 0 0 0 0 0 0 0 0 0 0 0 0 0 0 0 0 0 0 0 0 0 0 0 0 0 0 0 0 0 0 0 0 0 0 0 0 0 0 0 0 0 0 0 0 0 0 0 0 0 0 0 0 0 0 0 0 0 0 0 0 0 0 0 0 0 0 0 0 0 0 0 0 0 0 0 0 0 0 0 0 0 0 0 0 0 0 0 0 0 0 0 0 0 0 0 0 0 0 0 0 0 0 0 0 0 0 0 0 0 0 0 0 0 0 0 0 0 0 0 0 0 0 0 0 0 0 0 0 0 0 0 0 0 0 0 0 0 0 0 0 0 0 0 0 0 0 0 0 0 0 0 0 0 0 0 0 0 0 0 0 0 0 0 0 0 0 0 0 0 0 0 0 0 0 0 0 0 0 0 0 0 0 0 0 0 0 0 0 0 0 0 0 0 0 0 0 0 0 0 0 0 0 0 0 0 0 0 0 0 0 0 0 0 0 0 0 0 0 0 0 0 0 0 0 0 0 0 0 0 0 0 0 0 0 0 0 0 0 0 0 0 0 0 0 0 0 0 0 0 0 0 0 0 0 0 0 0 0 0 0 0 0 0 0 0 0 0 0 0 0 0 0 0 0 0 0 0 0 0 0 0 0 0 0 0 0 0 0 0 0 0 0 0 0 0 0 0 0 0 0 0 0 0 0 0 0 0 0 0 0 0 0 0 0 0 0 0 0 0 0 0 0 0 0 0 0 0 0 0 0 0 0 0 0 0 0 0 0 0 0 0 0 0 0 0 0 0 0 0 0 0 0 0 0 0 0 0 0 0 0 0 0 0 0 0 0 0 0 0 0 0 0 0 0 0 0 0 0 0 0 0 0 0 0 0 0 0 0 0 0 0 0 0 0 0 0 0 0 0 0 0 0 0 0 0 0 0 0 0 0 0 0 0 0 0 0 0 0 0 0 0 0 0 0 0 0 0 0 0 0 0 0 0 0 0 0 0 0 0 0 0 0 0 0 0 0 0 0 0 0 0 0 0 0 0 0 0 0 0 0 0 0 0 0 0 0 0 0 0 0 0 0 0 0 0 0 0 0 0 0 0 0 0 0 0 0 0 0 0 0 0 0 0 0 0 0 0 0 0 0 0 0 0 0 0 0 0 0 0 0 0 0 0 0 0 0 0 0 0 0 0 0 0 0 0 0 0 0 0 0 0 0 0 0 0 0 0 0 0 0 0 0 0 0 0 0 0 0 0 0 0 0 0 0 0 0 0 0 0 0 0 0 0 0 0 0 0 0 0 0 0 0 0 0 0 0 0 0 0 0 0 0 0 0 0 0 0 0 0 0 0 0 0 0 0 0 0 0 0 0 0 0 0 0 0 0 0 0 0 0 0 0 0 0 0 0 0 0 0 0 0 0 0 0 0 0 0 0 0 0 0 0 0 0 0 0 0 0 0 0 0 0 0 0 0 0 0 0 0 0 0 0 0 0 0 0 0 0 0 0 0 0 0 0 0 0 0 0 0 0 0 0 0 0 0 0 0 0 0 0 0 0 0 0 0 0 0 0 0 0 0 0 0 0 0 0 0 0 0 0 0 0 0 0 0 0 0 0 0 0 0 0 0 0 0 0 0 0 0 0 0 0 0 0 0 0 0 0 0 0 0 0 0 0 0 0 0 0 0 0 0 0 0 0 0 0 0 0 0 0 0 0 0 0 0 0 0 0 0 0 0 0 0 0 0 0 0 0 0 0 0 0 0 0 0 0 0 0 0 0 0 0 0 0 0 0 0 0 0 0 0 0 0 0 0 0 0 0 0 0 0 0 0 0 0 0 0 0 0 0 0 0 0 0 0 0 0 0 0 0 0 0 0 0 0 0 0 0 0 0 0 0 0 0 0 0 0 0 0 0 0 0 0 0 0 0 0 0 0 0 0 0 0 0 0 0 0 0 0 0 0 0 0 0 0 0 0 0 0 0 0 0 0 0 0 0 0 0 0 0 0 0 0 0 0 0 0 0 0 0 0 0 0 0 0 0 0 0 0 0 0 0 0 0 0 0 0 0 0 0 0 0 0 0 0 0 0 0 0 0 0 0 0 0 0 0 0 0 0 0 0 0 0 0 0 0 0 0 0 0 0 0 0 0 0 0 0 0 0 0 0 0 0 0 0 0 0 0 0 0 0 0 0 0 0 0 0 0 0 0 0 0 0 0 0 0 0 0 0 0 0 0 0 0 0 0 0 0 0 0 0 0 0 0 0 0 0 0 0 0 0 0 0 0 0 0 0 0 0 0 0 0 0 0 0 0 0 0 0 0 0 0 0 0 0 0 0 0 0 0 0 0 0 0 0 0 0 0 0 0 0 0 0 0 0 0 0 0 0 0 0 0 0 0 0 0 0 0 0 0 0 0 0 0 0 0 0 0 0 0 0 0 0 0 0 0 0 0 0 0 0 0 0 0 0 0 0 0 0 0 0 0 0 0 0 0 0 0 0 0 0 0 0 0 0 0 0 0 0 0 0 0 0 0 0 0 0 0 0 0 0 0 0 0 0 0 0 0 0 0 0 0 0 0 0 0 0 0 0 0 0 0 0 0 0 0 0 0 0 0 0 0 0 0 0 0 0 0 0 0 0 0 0 0 0 0 0 0 0 0 0 0 0 0 0 0 0 0 0 0 0 0 0 0 0 0 0 0 0 0 0 0 0 0 0 0 0 0 0 0 0 0 0 0 0 0 0 0 0 0 0 0 0 0 0 0 0 0 0 0 0 0 0 0 0 0 0 0 0 0 0 0 0 0 0 0 0 0 0 0 0 0 0 0 0 0 0 0 0 0 0 0 0 0 0 0 0 0 0 0 0 0 0 0 0 0 0 0 0 0 0 0 0 0 0 0 0 0 0 0 0 0 0 0 0 0 0 0 0 0 0 0 0 0 0 0 0 0 0 0 0 0 0 0 0 0 0 0 0 0 0 0 0 0 0 0 0 0 0 0 0 0 0 0 0 0 0 0 0 0 0 0 0 0 0 0 0 0 0 0 0 0 0 0 0 0 0 0 0 0 0 0 0 0 0 0 0 0 0 0 0 0 0 0 0 0 0 0 0 0 0 0 0 0 0 0 0 0 0 0 0 0 0 0 0 0 0 0 0 0 0 0 0 0 0 0 0 0 0 0 0 0 0 0 0 0 0 0 0 0 0 0 0 0 0 0 0 0 0 0 0 0 0 0 0 0 0 0 0 0 0 0 0 0 0 0 0 0 0 0 0 0 0 0 0 0 0 0 0 0 0 0 0 0 0 0 0 0 0 0 0 0 0 0 0 0 0 0 0 0 0 0 0 0 0 0 0 0 0 0 0 0 0 0 0 0 0 0 0 0 0 0 0 0 0 0 0 0 0 0 0 0 0 0 0 0 0 0 0 0 0 0 0 0 0 0 0 0 0 0 0 0 0 0 0 0 0 0 0 0 0 0 0 0 0 0 0 0 0 0 0 0 0 0 0 0 0 0 0 0 0 0 0 0 0 0 0 0 0 0 0 0 0 0 0 0 0 0 0 0 0 0 0 0 0 0 0 0 0 0 0 0 0 0 0 0 0 0 0 0 0 0 0 0 0 0 0 0 0 0 0 0 0 0 0 0 0 0 0 0 0 0 0 0 0 0 0 0 0 0 0 0 0 0 0 0 0 0 0 0 0 0 0 0 0 0 0 0 0 0 0 0 0 0 0 0 0 0 0 0 0 0 0 0 0 0 0 0 0 0 0 0 0 0 0 0 0 0 0 0 0 0 0 0 0 0 0 0 0 0 0 0 0 0 0 0 0 0 0 0 0 0 0 0 0 0 0 0 0 0 0 0 0 0 0 0 0 0 0 0 0 0 0 0 0 0 0 0 0 0 0 0 0 0 0 0 0 0 0 0 0 0 0 0 0 0 0 0 0 0 0 0 0 0 0 0 0 0 0 0 0 0 0 0 0 0 0 0 0 0 0 0 0 0 0 0 0 0 0 0 0 0 0 0 0 0 0 0 0 0 0 0 0 0 0 0 0 0 0 0 0 0 0 0 0 0 0 0 0 0 0 0 0 0 0 0 0 0 0 0 0 0 0 0 0 0 0 0 0 0 0 0 0 0 0 0 0 0 0 0 0 0 0 0 0 0 0 0 0 0 0 0 0 0 0 0 0 0 0 0 0 0 0 0 0 0 0 0 0 0 0 0 0 0 0 0 0 0 0 0 0 0 0 0 0 0 0 0 0 0 0 0 0 0 0 0 0 0 0 0 0 0 0 0 0 0 0 0 0 0 0 0 0 0 0 0 0 0 0 0 0 0 0 0 0 0 0 0 0 0 0 0 0 0 0 0 0 0 0 0 0 0 0 0 0 0 0 0 0 0 0 0 0 0 0 0 0 0 0 0 0 0 0 0 0 0 0 0 0 0 0 0 0 0 0 0 0 0 0 0 0 0 0 0 0 0 0 0 0 0 0 0 0 0 0 0 0 0 0 0 0 0 0 0 0 0 0 0 0 0 0 0 0 0 0 0 0 0 0 0 0 0 0 0 0 0 0 0 0 0 0 0 0 0 0 0 0 0 0 0 0 0 0 0 0 0 0 0 0 0 0 0 0 0 0 0 0 0 0 0 0 0 0 0 0 0 0 0 0 0 0 0 0 0 0 0 0 0 0 0 0 0 0 0 0 0 0 0 0 0 0 0 0 0 0 0 0 0 0 0 0 0 0 0 0 0 0 0 0 0 0 0 0 0 0 0 0 0 0 0 0 0 0 0 0 0 0 0 0 0 0 0 0 0 0 0 0 0 0 0 0 0 0 0 0 0 0 0 0 0 0 0 0 0 0 0 0 0 0 0 0 0 0 0 0 0 0 0 0 0 0 0 0 0 0 0 0 0 0 0 0 0 0 0 0 0 0 0 0 0 0 0 0 0 0 0 0 0 0 0 0 0 0 0 0 0 0 0 0 0 0 0 0 0 0 0 0 0 0 0 0 0 0 0 0 0 0 0 0 0 0 0 0 0 0 0 0 0 0 0 0 0 0 0 0 0 0 0 0 0 0 0 0 0 0 0 0 0 0 0 0 0 0 0 0 0 0 0 0 0 0 0 0 0 0 0 0 0 0 0 0 0 0 0 0 0 0 0 0 0 0 0 0 0 0 0 0 0 0 0 0 0 0 0 0 0 0 0 0 0 0 0 0 0 0 0 0 0 0 0 0 0 0 0 0 0 0 0 0 0 0 0 0 0 0 0 0 0 0 0 0 0 0 0 0 0 0 0 0 0 0 0 0 0 0 0 0 0 0 0 0 0 0 0 0 0 0 0 0 0 0 0 0 0 0 0 0 0 0 0 0 0 0 0 0 0 0 0 0 0 0 0 0 0 0 0 0 0 0 0 0 0 0 0 0 0 0 0 0 0 0 0 0 0 0 0 0 0 0 0 0 0 0 0 0 0 0 0 0 0 0 0 0 0 0 0 0 0 0 0 0 0 0 0 0 0 0 0 0 0 0 0 0 0 0 0 0 0 0 0 0 0 0 0 0 0 0 0 0 0 0 0 0 0 0 0 0 0 0 0 0 0 0 0 0 0 0 0 0 0 0 0 0 0 0 0 0 0 0 0 0 0 0 0 0 0 0 0 0 0 0 0 0 0 0 0 0 0 0 0 0 0 0 0 0 0 0 0 0 0 0 0 0 0 0 0 0 0 0 0 0 0 0 0 0 0 0 0 0 0 0 0 0 0 0 0 0 0 0 0 0 0 0 0 0 0 0 0 0 0 0 0 0 0 0 0 0 0 0 0 0 0 0 0 0 0 0 0 0 0 0 0 0 0 0 0 0 0 0 0 0 0 0 0 0 0 0 0 0 0 0 0 0 0 0 0 0 0 0 0 0 0 0 0 0 0 0 0 0 0 0 0 0 0 0 0 0 0 0 0 0 0 0 0 0 0 0 0 0 0 0 0 0 0 0 0 0 0 0 0 0 0 0 0 0 0 0 0 0 0 0 0 0 0 0 0 0 0 0 0 0 0 0 0 0 0 0 0 0 0 0 0 0 0 0 0 0 0 0 0 0 0 0 0 0 0 0 0 0 0 0 0 0 0 0 0 0 0 0 0 0 0 0 0 0 0 0 0 0 0 0 0 0 0 0 0 0 0 0 0 0 0 0 0 0 0 0 0 0 0 0 0 0 0 0 0 0 0 0 0 0 0 0 0 0 0 0 0 0 0 0 0 0 0 0 0 0 0 0 0 0 0 0 0 0 0 0 0 0 0 0 0 0 0 0 0 0 0 0 0 0 0 0 0 0 0 0 0 0 0 0 0 0 0 0 0 0 0 0 0 0 0 0 0 0 0 0 0 0 0 0 0 0 0 0 0 0 0 0 0 0 0 0 0 0 0 0 0 0 0 0 0 0 0 0 0 0 0 0 0 0 0 0 0 0 0 0 0 0 0 0 0 0 0 0 0 0 0 0 0 0 0 0 0 0 0 0 0 0 0 0 0 0 0 0 0 0 0 0 0 0 0 0 0 0 0 0 0 0 0 0 0 0 0 0 0 0 0 0 0 0 0 0 0 0 0 0 0 0 0 0 0 0 0 0 0 0 0 0 0 0 0 0 0 0 0 0 0 0 0 0 0 0 0 0 0 0 0 0 0 0 0 0 0 0 0 0 0 0 0 0 0 0 0 0 0 0 0 0 0 0 0 0 0 0 0 0 0 0 0 0 0 0 0 0 0 0 0 0 0 0 0 0 0 0 0 0 0 0 0 0 0 0 0 0 0 0 0 0 0 0 0 0 0 0 0 0 0 0 0 0 0 0 0 0 0 0 0 0 0 0 0 0 0 0 0 0 0 0 0 0 0 0 0 0 0 0 0 0 0 0 0 0 0 0 0 0 0 0 0 0 0 0 0 0 0 0 0 0 0 0 0 0 0 0 0 0 0 0 0 0 0 0 0 0 0 0 0 0 0 0 0 0 0 0 0 0 0 0 0 0 0 0 0 0 0 0 0 0 0 0 0 0 0 0 0 0 0 0 0 0 0 0 0 0 0 0 0 0 0 0 0 0 0 0 0 0 0 0 0 0 0 0 0 0 0 0 0 0 0 0 0 0 0 0 0 0 0 0 0 0 0 0 0 0 0 0 0 0 0 0 0 0 0 0 0 0 0 0 0 0 0 0 0 0 0 0 0 0 0 0 0 0 0 0 0 0 0 0 0 0 0 0 0 0 0 0 0 0 0 0 0 0 0 0 0 0 0 0 0 0 0 0 0 0 0 0 0 0 0 0 0 0 0 0 0 0 0 0 0 0 0 0 0 0 0 0 0 0 0 0 0 0 0 0 0 0 0 0 0 0 0 0 0 0 0 0 0 0 0 0 0 0 0 0 0 0 0 0 0 0 0 0 0 0 0 0 0 0 0 0 0 0 0 0 0 0 0 0 0 0 0 0 0 0 0 0 0 0 0 0 0 0 0 0 0 0 0 0 0 0 0 0 0 0 0 0 0 0 0 0 0 0 0 0 0 0 0 0 0 0 0 0 0 0 0 0 0 0 0 0 0 0 0 0 0 0 0 0 0 0 0 0 0 0 0 0 0 0 0 0 0 0 0 0 0 0 0 0 0 0 0 0 0 0 0 0 0 0 0 0 0 0 0 0 0 0 0 0 0 0 0 0 0 0 0 0 0 0 0 0 0 0 0 0 0 0 0 0 0 0 0 0 0 0 0 0 0 0 0 0 0 0 0 0 0 0 0 0 0 0 0 0 0 0 0 0 0 0 0 0 0 0 0 0 0 0 0 0 0 0 0 0 0 0 0 0 0 0 0 0 0 0 0 0 0 0 0 0 0 0 0 0 0 0 0 0 0 0 0 0 0 0 0 0 0 0 0 0 0 0 0 0 0 0 0 0 0 0 0 0 0 0 0 0 0 0 0 0 0 0 0 0 0 0 0 0 0 0 0 0 0 0 0 0 0 0 0 0 0 0 0 0 0 0 0 0 0 0 0 0 0 0 0 0 0 0 0 0 0 0 0 0 0 0 0 0 0 0 0 0 0 0 0 0 0 0 0 0 0 0 0 0 0 0 0 0 0 0 0 0 0 0 0 0 0 0 0 0 0 0 0 0 0 0 0 0 0 0 0 0 0 0 0 0 0 0 0.7211636 0.6490302 0.7213329 0.6488609 0.7258003 0.6488608 0.7259696 0.6442242 0.726139 0.6443936 0.7261391 0.6488609 0.7307757 0.6442242 0.7306063 0.6443936 0.726139 0.6443936 0.7307757 0.6490302 0.7306063 0.6488608 0.7306063 0.6443936 0.7259696 0.6490302 0.7261391 0.6488609 0.7306063 0.6488608 0.7307757 0.6442242 0.7309451 0.6443936 0.7309451 0.6488609 0.7355818 0.6442242 0.7354124 0.6443936 0.7309451 0.6443936 0.7355818 0.6490302 0.7354124 0.6488608 0.7354124 0.6443936 0.7307757 0.6490302 0.7309451 0.6488609 0.7354124 0.6488608 0.7355818 0.6442242 0.7357512 0.6443936 0.7357512 0.6488609 0.7403878 0.6442242 0.7402184 0.6443936 0.7357512 0.6443936 0.7403878 0.6490302 0.7402184 0.6488608 0.7402184 0.6443936 0.7355818 0.6490302 0.7357512 0.6488609 0.7402184 0.6488608 0.7403878 0.6442242 0.7405572 0.6443936 0.7405572 0.6488609 0.7451938 0.6442242 0.7450245 0.6443936 0.7405572 0.6443936 0.7451938 0.6490302 0.7450245 0.6488608 0.7450245 0.6443936 0.7403878 0.6490302 0.7405572 0.6488609 0.7450245 0.6488608 0.7451938 0.6442242 0.7453632 0.6443936 0.7453632 0.6488609 0.7499999 0.6442242 0.7498306 0.6443936 0.7453632 0.6443936 0.7499999 0.6490302 0.7498306 0.6488609 0.7498306 0.6443936 0.7451938 0.6490302 0.7453632 0.6488609 0.7498306 0.6488609 0.7499999 0.6442242 0.7501693 0.6443936 0.7501693 0.6488609 0.7548059 0.6442242 0.7546365 0.6443936 0.7501693 0.6443936 0.7548059 0.6490302 0.7546365 0.6488608 0.7546365 0.6443936 0.7499999 0.6490302 0.7501693 0.6488609 0.7546365 0.6488608 0.7548059 0.6442242 0.7549753 0.6443936 0.7549753 0.6488609 0.759612 0.6442242 0.7594426 0.6443936 0.7549753 0.6443936 0.759612 0.6490302 0.7594426 0.6488608 0.7594426 0.6443936 0.7548059 0.6490302 0.7549753 0.6488609 0.7594426 0.6488608 0.759612 0.6442242 0.7597814 0.6443936 0.7597814 0.6488609 0.7644181 0.6442242 0.7642487 0.6443936 0.7597814 0.6443936 0.7644181 0.6490302 0.7642487 0.6488608 0.7642487 0.6443936 0.759612 0.6490302 0.7597814 0.6488609 0.7642487 0.6488608 0.7644181 0.6442242 0.7645875 0.6443936 0.7645875 0.6488609 0.7692242 0.6442242 0.7690548 0.6443936 0.7645875 0.6443936 0.7692242 0.6490302 0.7690548 0.6488608 0.7690548 0.6443936 0.7644181 0.6490302 0.7645875 0.6488609 0.7690548 0.6488608 0.7692242 0.6442242 0.7693936 0.6443936 0.7693936 0.6488609 0.7740303 0.6442242 0.7738609 0.6443936 0.7693936 0.6443936 0.7740303 0.6490302 0.7738609 0.6488608 0.7738609 0.6443936 0.7692242 0.6490302 0.7693936 0.6488609 0.7738609 0.6488608 0.7740303 0.6442242 0.7741997 0.6443936 0.7741997 0.6488609 0.7788364 0.6442242 0.778667 0.6443936 0.7741997 0.6443936 0.7788364 0.6490302 0.778667 0.6488608 0.778667 0.6443936 0.7740303 0.6490302 0.7741997 0.6488609 0.778667 0.6488608 0.7788364 0.6442242 0.7790058 0.6443936 0.7790058 0.6488609 0.7836424 0.6442242 0.783473 0.6443936 0.7790058 0.6443936 0.7836424 0.6490302 0.783473 0.6488608 0.783473 0.6443936 0.7788364 0.6490302 0.7790058 0.6488609 0.783473 0.6488608 0.7115514 0.6394181 0.7117208 0.6395875 0.7117208 0.6440548 0.7163575 0.6394181 0.7161881 0.6395874 0.7117208 0.6395875 0.7163575 0.6442242 0.7161881 0.6440548 0.7161881 0.6395874 0.7115514 0.6442242 0.7117208 0.6440548 0.7161881 0.6440548 0.7163575 0.6394181 0.7165268 0.6395875 0.7165268 0.6440548 0.7211636 0.6394181 0.7209941 0.6395874 0.7165268 0.6395875 0.7211636 0.6442242 0.7209942 0.6440549 0.7209941 0.6395874 0.7163575 0.6442242 0.7165268 0.6440548 0.7209942 0.6440549 0.7211636 0.6394181 0.7213329 0.6395875 0.7213329 0.6440549 0.7259696 0.6394181 0.7258002 0.6395874 0.7213329 0.6395875 0.7259696 0.6442242 0.7258003 0.6440549 0.7258002 0.6395874 0.7211636 0.6442242 0.7213329 0.6440549 0.7258003 0.6440549 0.7259696 0.6394181 0.726139 0.6395875 0.726139 0.6440549 0.7307757 0.6394181 0.7306063 0.6395874 0.726139 0.6395875 0.7307757 0.6442242 0.7306063 0.6440549 0.7306063 0.6395874 0.7259696 0.6442242 0.726139 0.6440549 0.7306063 0.6440549 0.7307757 0.6394181 0.7309451 0.6395875 0.7309451 0.6440549 0.7355818 0.6394181 0.7354124 0.6395874 0.7309451 0.6395875 0.7355818 0.6442242 0.7354124 0.6440549 0.7354124 0.6395874 0.7307757 0.6442242 0.7309451 0.6440549 0.7354124 0.6440549 0.7355818 0.6394181 0.7357512 0.6395875 0.7357512 0.6440549 0.7403878 0.639418 0.7402184 0.6395874 0.7357512 0.6395875 0.7403878 0.6442242 0.7402184 0.6440549 0.7402184 0.6395874 0.7355818 0.6442242 0.7357512 0.6440549 0.7402184 0.6440549 0.7403878 0.639418 0.7405572 0.6395875 0.7405572 0.6440549 0.7451938 0.639418 0.7450245 0.6395874 0.7405572 0.6395875 0.7451938 0.6442242 0.7450245 0.6440549 0.7450245 0.6395874 0.7403878 0.6442242 0.7405572 0.6440549 0.7450245 0.6440549 0.7451938 0.639418 0.7453632 0.6395875 0.7453632 0.6440549 0.7499999 0.6394181 0.7498306 0.6395875 0.7453632 0.6395875 0.7499999 0.6442242 0.7498306 0.6440549 0.7498306 0.6395875 0.7451938 0.6442242 0.7453632 0.6440549 0.7498306 0.6440549 0.7499999 0.6394181 0.7501693 0.6395875 0.7501693 0.6440549 0.7548059 0.6394181 0.7546365 0.6395874 0.7501693 0.6395875 0.7548059 0.6442242 0.7546365 0.6440549 0.7546365 0.6395874 0.7499999 0.6442242 0.7501693 0.6440549 0.7546365 0.6440549 0.7548059 0.6394181 0.7549753 0.6395875 0.7549753 0.6440549 0.759612 0.6394181 0.7594426 0.6395874 0.7549753 0.6395875 0.759612 0.6442242 0.7594426 0.6440549 0.7594426 0.6395874 0.7548059 0.6442242 0.7549753 0.6440549 0.7594426 0.6440549 0.759612 0.6394181 0.7597814 0.6395875 0.7597814 0.6440549 0.7644181 0.639418 0.7642487 0.6395874 0.7597814 0.6395875 0.7644181 0.6442242 0.7642487 0.6440548 0.7642487 0.6395874 0.759612 0.6442242 0.7597814 0.6440549 0.7642487 0.6440548 0.7644181 0.639418 0.7645875 0.6395875 0.7645875 0.6440548 0.7692242 0.639418 0.7690548 0.6395874 0.7645875 0.6395875 0.7692242 0.6442242 0.7690548 0.6440549 0.7690548 0.6395874 0.7644181 0.6442242 0.7645875 0.6440548 0.7690548 0.6440549 0.7692242 0.639418 0.7693936 0.6395875 0.7693936 0.6440549 0.7740303 0.639418 0.7738609 0.6395874 0.7693936 0.6395875 0.7740303 0.6442242 0.7738609 0.6440549 0.7738609 0.6395874 0.7692242 0.6442242 0.7693936 0.6440549 0.7738609 0.6440549 0.7740303 0.639418 0.7741997 0.6395875 0.7741997 0.6440549 0.7788364 0.639418 0.778667 0.6395874 0.7741997 0.6395875 0.7788364 0.6442242 0.778667 0.6440548 0.778667 0.6395874 0.7740303 0.6442242 0.7741997 0.6440549 0.778667 0.6440548 0.7788364 0.639418 0.7790058 0.6395875 0.7790058 0.6440548 0.7836424 0.639418 0.783473 0.6395874 0.7790058 0.6395875 0.7836424 0.6442242 0.783473 0.6440548 0.783473 0.6395874 0.7788364 0.6442242 0.7790058 0.6440548 0.783473 0.6440548 0.7115514 0.634612 0.7117208 0.6347814 0.7117208 0.6392487 0.7163575 0.634612 0.7161881 0.6347814 0.7117208 0.6347814 0.7163575 0.6394181 0.7161881 0.6392487 0.7161881 0.6347814 0.7115514 0.6394181 0.7117208 0.6392487 0.7161881 0.6392487 0.7163575 0.634612 0.7165268 0.6347814 0.7165268 0.6392487 0.7211636 0.6346121 0.7209941 0.6347815 0.7165268 0.6347814 0.7211636 0.6394181 0.7209942 0.6392487 0.7209941 0.6347815 0.7163575 0.6394181 0.7165268 0.6392487 0.7209942 0.6392487 0.7211636 0.6346121 0.7213329 0.6347814 0.7213329 0.6392487 0.7259696 0.6346121 0.7258002 0.6347815 0.7213329 0.6347814 0.7259696 0.6394181 0.7258003 0.6392487 0.7258002 0.6347815 0.7211636 0.6394181 0.7213329 0.6392487 0.7258003 0.6392487 0.7259696 0.6346121 0.726139 0.6347814 0.726139 0.6392487 0.7307757 0.6346121 0.7306063 0.6347815 0.726139 0.6347814 0.7307757 0.6394181 0.7306063 0.6392487 0.7306063 0.6347815 0.7259696 0.6394181 0.726139 0.6392487 0.7306063 0.6392487 0.7307757 0.6346121 0.7309451 0.6347815 0.7309451 0.6392487 0.7355818 0.6346121 0.7354124 0.6347815 0.7309451 0.6347815 0.7355818 0.6394181 0.7354124 0.6392487 0.7354124 0.6347815 0.7307757 0.6394181 0.7309451 0.6392487 0.7354124 0.6392487 0.7355818 0.6346121 0.7357512 0.6347814 0.7357512 0.6392487 0.7403878 0.634612 0.7402184 0.6347814 0.7357512 0.6347814 0.7403878 0.639418 0.7402184 0.6392487 0.7402184 0.6347814 0.7355818 0.6394181 0.7357512 0.6392487 0.7402184 0.6392487 0.7403878 0.634612 0.7405572 0.6347814 0.7405572 0.6392487 0.7451938 0.634612 0.7450245 0.6347814 0.7405572 0.6347814 0.7451938 0.639418 0.7450245 0.6392487 0.7450245 0.6347814 0.7403878 0.639418 0.7405572 0.6392487 0.7450245 0.6392487 0.7451938 0.634612 0.7453632 0.6347814 0.7453632 0.6392487 0.75 0.634612 0.7498306 0.6347814 0.7453632 0.6347814 0.7499999 0.6394181 0.7498306 0.6392487 0.7498306 0.6347814 0.7451938 0.639418 0.7453632 0.6392487 0.7498306 0.6392487 0.75 0.634612 0.7501694 0.6347814 0.7501693 0.6392487 0.754806 0.634612 0.7546366 0.6347814 0.7501694 0.6347814 0.7548059 0.6394181 0.7546365 0.6392487 0.7546366 0.6347814 0.7499999 0.6394181 0.7501693 0.6392487 0.7546365 0.6392487 0.754806 0.634612 0.7549753 0.6347814 0.7549753 0.6392487 0.7596121 0.634612 0.7594427 0.6347814 0.7549753 0.6347814 0.759612 0.6394181 0.7594426 0.6392487 0.7594427 0.6347814 0.7548059 0.6394181 0.7549753 0.6392487 0.7594426 0.6392487 0.7596121 0.634612 0.7597815 0.6347814 0.7597814 0.6392487 0.7644181 0.634612 0.7642487 0.6347814 0.7597815 0.6347814 0.7644181 0.639418 0.7642487 0.6392487 0.7642487 0.6347814 0.759612 0.6394181 0.7597814 0.6392487 0.7642487 0.6392487 0.7644181 0.634612 0.7645875 0.6347814 0.7645875 0.6392487 0.7692242 0.6346121 0.7690548 0.6347815 0.7645875 0.6347814 0.7692242 0.639418 0.7690548 0.6392487 0.7690548 0.6347815 0.7644181 0.639418 0.7645875 0.6392487 0.7690548 0.6392487 0.7692242 0.6346121 0.7693936 0.6347815 0.7693936 0.6392487 0.7740303 0.6346121 0.7738609 0.6347815 0.7693936 0.6347815 0.7740303 0.639418 0.7738609 0.6392487 0.7738609 0.6347815 0.7692242 0.639418 0.7693936 0.6392487 0.7738609 0.6392487 0.7740303 0.6346121 0.7741997 0.6347814 0.7741997 0.6392487 0.7788364 0.634612 0.778667 0.6347814 0.7741997 0.6347814 0.7788364 0.639418 0.778667 0.6392487 0.778667 0.6347814 0.7740303 0.639418 0.7741997 0.6392487 0.778667 0.6392487 0.7788364 0.634612 0.7790058 0.6347814 0.7790058 0.6392487 0.7836424 0.634612 0.783473 0.6347814 0.7790058 0.6347814 0.7836424 0.639418 0.783473 0.6392487 0.783473 0.6347814 0.7788364 0.639418 0.7790058 0.6392487 0.783473 0.6392487 0.7115514 0.6298059 0.7117208 0.6299753 0.7117208 0.6344426 0.7163575 0.6298059 0.7161881 0.6299753 0.7117208 0.6299753 0.7163575 0.634612 0.7161881 0.6344426 0.7161881 0.6299753 0.7115514 0.634612 0.7117208 0.6344426 0.7161881 0.6344426 0.7163575 0.6298059 0.7165268 0.6299753 0.7165268 0.6344426 0.7211636 0.6298059 0.7209941 0.6299753 0.7165268 0.6299753 0.7211636 0.6346121 0.7209942 0.6344427 0.7209941 0.6299753 0.7163575 0.634612 0.7165268 0.6344426 0.7209942 0.6344427 0.7211636 0.6298059 0.7213329 0.6299753 0.7213329 0.6344426 0.7259696 0.6298059 0.7258003 0.6299753 0.7213329 0.6299753 0.7259696 0.6346121 0.7258003 0.6344427 0.7258003 0.6299753 0.7211636 0.6346121 0.7213329 0.6344426 0.7258003 0.6344427 0.7259696 0.6298059 0.726139 0.6299753 0.7261391 0.6344426 0.7307757 0.6298059 0.7306063 0.6299753 0.726139 0.6299753 0.7307757 0.6346121 0.7306063 0.6344427 0.7306063 0.6299753 0.7259696 0.6346121 0.7261391 0.6344426 0.7306063 0.6344427 0.7307757 0.6298059 0.7309451 0.6299753 0.7309451 0.6344427 0.7355818 0.6298059 0.7354124 0.6299753 0.7309451 0.6299753 0.7355818 0.6346121 0.7354124 0.6344427 0.7354124 0.6299753 0.7307757 0.6346121 0.7309451 0.6344427 0.7354124 0.6344427 0.7355818 0.6298059 0.7357512 0.6299753 0.7357512 0.6344427 0.7403878 0.6298059 0.7402184 0.6299753 0.7357512 0.6299753 0.7403878 0.634612 0.7402184 0.6344426 0.7402184 0.6299753 0.7355818 0.6346121 0.7357512 0.6344427 0.7402184 0.6344426 0.7403878 0.6298059 0.7405572 0.6299753 0.7405572 0.6344426 0.7451938 0.6298059 0.7450245 0.6299753 0.7405572 0.6299753 0.7451938 0.634612 0.7450245 0.6344426 0.7450245 0.6299753 0.7403878 0.634612 0.7405572 0.6344426 0.7450245 0.6344426 0.7451938 0.6298059 0.7453632 0.6299753 0.7453632 0.6344426 0.75 0.6298059 0.7498306 0.6299753 0.7453632 0.6299753 0.75 0.634612 0.7498306 0.6344426 0.7498306 0.6299753 0.7451938 0.634612 0.7453632 0.6344426 0.7498306 0.6344426 0.75 0.6298059 0.7501694 0.6299754 0.7501694 0.6344426 0.754806 0.6298059 0.7546366 0.6299753 0.7501694 0.6299754 0.754806 0.634612 0.7546367 0.6344426 0.7546366 0.6299753 0.75 0.634612 0.7501694 0.6344426 0.7546367 0.6344426 0.754806 0.6298059 0.7549753 0.6299753 0.7549753 0.6344426 0.7596121 0.6298059 0.7594427 0.6299753 0.7549753 0.6299753 0.7596121 0.634612 0.7594427 0.6344426 0.7594427 0.6299753 0.754806 0.634612 0.7549753 0.6344426 0.7594427 0.6344426 0.7596121 0.6298059 0.7597815 0.6299753 0.7597815 0.6344426 0.7644181 0.6298059 0.7642488 0.6299753 0.7597815 0.6299753 0.7644181 0.634612 0.7642487 0.6344426 0.7642488 0.6299753 0.7596121 0.634612 0.7597815 0.6344426 0.7642487 0.6344426 0.7644181 0.6298059 0.7645875 0.6299753 0.7645875 0.6344426 0.7692242 0.6298059 0.7690548 0.6299753 0.7645875 0.6299753 0.7692242 0.6346121 0.7690548 0.6344427 0.7690548 0.6299753 0.7644181 0.634612 0.7645875 0.6344426 0.7690548 0.6344427 0.7692242 0.6298059 0.7693936 0.6299753 0.7693936 0.6344427 0.7740303 0.6298059 0.7738609 0.6299753 0.7693936 0.6299753 0.7740303 0.6346121 0.7738609 0.6344427 0.7738609 0.6299753 0.7692242 0.6346121 0.7693936 0.6344427 0.7738609 0.6344427 0.7740303 0.6298059 0.7741997 0.6299753 0.7741997 0.6344426 0.7788364 0.6298059 0.778667 0.6299753 0.7741997 0.6299753 0.7788364 0.634612 0.778667 0.6344426 0.778667 0.6299753 0.7740303 0.6346121 0.7741997 0.6344426 0.778667 0.6344426 0.7788364 0.6298059 0.7790058 0.6299753 0.7790058 0.6344426 0.7836424 0.6298059 0.783473 0.6299753 0.7790058 0.6299753 0.7836424 0.634612 0.783473 0.6344426 0.783473 0.6299753 0.7788364 0.634612 0.7790058 0.6344426 0.783473 0.6344426 0.7115514 0.6249999 0.7117207 0.6251693 0.7117208 0.6296365 0.7163574 0.6249999 0.7161881 0.6251693 0.7117207 0.6251693 0.7163575 0.6298059 0.7161881 0.6296365 0.7161881 0.6251693 0.7115514 0.6298059 0.7117208 0.6296365 0.7161881 0.6296365 0.7163574 0.6249999 0.7165268 0.6251693 0.7165268 0.6296365 0.7211635 0.625 0.7209941 0.6251693 0.7165268 0.6251693 0.7211636 0.6298059 0.7209942 0.6296365 0.7209941 0.6251693 0.7163575 0.6298059 0.7165268 0.6296365 0.7209942 0.6296365 0.7211635 0.625 0.7213329 0.6251693 0.7213329 0.6296365 0.7259696 0.625 0.7258002 0.6251693 0.7213329 0.6251693 0.7259696 0.6298059 0.7258003 0.6296365 0.7258002 0.6251693 0.7211636 0.6298059 0.7213329 0.6296365 0.7258003 0.6296365 0.7259696 0.625 0.726139 0.6251693 0.726139 0.6296365 0.7307756 0.625 0.7306063 0.6251693 0.726139 0.6251693 0.7307757 0.6298059 0.7306063 0.6296365 0.7306063 0.6251693 0.7259696 0.6298059 0.726139 0.6296365 0.7306063 0.6296365 0.7307756 0.625 0.730945 0.6251693 0.7309451 0.6296365 0.7355817 0.625 0.7354123 0.6251693 0.730945 0.6251693 0.7355818 0.6298059 0.7354124 0.6296365 0.7354123 0.6251693 0.7307757 0.6298059 0.7309451 0.6296365 0.7354124 0.6296365 0.7355817 0.625 0.7357511 0.6251693 0.7357512 0.6296365 0.7403877 0.625 0.7402184 0.6251693 0.7357511 0.6251693 0.7403878 0.6298059 0.7402184 0.6296365 0.7402184 0.6251693 0.7355818 0.6298059 0.7357512 0.6296365 0.7402184 0.6296365 0.7403877 0.625 0.7405571 0.6251693 0.7405572 0.6296365 0.7451938 0.625 0.7450244 0.6251693 0.7405571 0.6251693 0.7451938 0.6298059 0.7450245 0.6296365 0.7450244 0.6251693 0.7403878 0.6298059 0.7405572 0.6296365 0.7450245 0.6296365 0.7451938 0.625 0.7453631 0.6251693 0.7453632 0.6296365 0.7499999 0.625 0.7498305 0.6251693 0.7453631 0.6251693 0.75 0.6298059 0.7498306 0.6296365 0.7498305 0.6251693 0.7451938 0.6298059 0.7453632 0.6296365 0.7498306 0.6296365 0.7499999 0.625 0.7501693 0.6251693 0.7501694 0.6296366 0.7548059 0.625 0.7546366 0.6251693 0.7501693 0.6251693 0.754806 0.6298059 0.7546367 0.6296365 0.7546366 0.6251693 0.75 0.6298059 0.7501694 0.6296366 0.7546367 0.6296365 0.7548059 0.625 0.7549753 0.6251693 0.7549753 0.6296365 0.759612 0.625 0.7594427 0.6251694 0.7549753 0.6251693 0.7596121 0.6298059 0.7594427 0.6296365 0.7594427 0.6251694 0.754806 0.6298059 0.7549753 0.6296365 0.7594427 0.6296365 0.759612 0.625 0.7597814 0.6251694 0.7597815 0.6296365 0.7644181 0.625 0.7642487 0.6251693 0.7597814 0.6251694 0.7644181 0.6298059 0.7642487 0.6296365 0.7642487 0.6251693 0.7596121 0.6298059 0.7597815 0.6296365 0.7642487 0.6296365 0.7644181 0.625 0.7645875 0.6251693 0.7645875 0.6296365 0.7692242 0.625 0.7690548 0.6251693 0.7645875 0.6251693 0.7692242 0.6298059 0.7690548 0.6296365 0.7690548 0.6251693 0.7644181 0.6298059 0.7645875 0.6296365 0.7690548 0.6296365 0.7692242 0.625 0.7693936 0.6251693 0.7693936 0.6296365 0.7740303 0.6249999 0.7738609 0.6251693 0.7693936 0.6251693 0.7740303 0.6298059 0.7738609 0.6296365 0.7738609 0.6251693 0.7692242 0.6298059 0.7693936 0.6296365 0.7738609 0.6296365 0.7740303 0.6249999 0.7741997 0.6251693 0.7741997 0.6296365 0.7788364 0.6249999 0.778667 0.6251693 0.7741997 0.6251693 0.7788364 0.6298059 0.778667 0.6296365 0.778667 0.6251693 0.7740303 0.6298059 0.7741997 0.6296365 0.778667 0.6296365 0.7788364 0.6249999 0.7790058 0.6251693 0.7790058 0.6296365 0.7836424 0.6249999 0.783473 0.6251693 0.7790058 0.6251693 0.7836424 0.6298059 0.783473 0.6296365 0.783473 0.6251693 0.7788364 0.6298059 0.7790058 0.6296365 0.783473 0.6296365 0.7115514 0.6201938 0.7117207 0.6203632 0.7117207 0.6248305 0.7163574 0.6201938 0.716188 0.6203632 0.7117207 0.6203632 0.7163574 0.6249999 0.716188 0.6248306 0.716188 0.6203632 0.7115514 0.6249999 0.7117207 0.6248305 0.716188 0.6248306 0.7163574 0.6201938 0.7165268 0.6203632 0.7165268 0.6248305 0.7211635 0.6201938 0.7209941 0.6203632 0.7165268 0.6203632 0.7211635 0.625 0.7209941 0.6248306 0.7209941 0.6203632 0.7163574 0.6249999 0.7165268 0.6248305 0.7209941 0.6248306 0.7211635 0.6201938 0.7213328 0.6203632 0.7213329 0.6248306 0.7259696 0.6201938 0.7258002 0.6203632 0.7213328 0.6203632 0.7259696 0.625 0.7258002 0.6248306 0.7258002 0.6203632 0.7211635 0.625 0.7213329 0.6248306 0.7258002 0.6248306 0.7259696 0.6201938 0.7261389 0.6203632 0.726139 0.6248306 0.7307756 0.6201938 0.7306063 0.6203632 0.7261389 0.6203632 0.7307756 0.625 0.7306063 0.6248306 0.7306063 0.6203632 0.7259696 0.625 0.726139 0.6248306 0.7306063 0.6248306 0.7307756 0.6201938 0.730945 0.6203632 0.730945 0.6248306 0.7355817 0.6201938 0.7354123 0.6203632 0.730945 0.6203632 0.7355817 0.625 0.7354124 0.6248306 0.7354123 0.6203632 0.7307756 0.625 0.730945 0.6248306 0.7354124 0.6248306 0.7355817 0.6201938 0.7357511 0.6203632 0.7357511 0.6248306 0.7403877 0.6201938 0.7402184 0.6203632 0.7357511 0.6203632 0.7403877 0.625 0.7402184 0.6248306 0.7402184 0.6203632 0.7355817 0.625 0.7357511 0.6248306 0.7402184 0.6248306 0.7403877 0.6201938 0.7405571 0.6203632 0.7405571 0.6248306 0.7451938 0.6201938 0.7450244 0.6203632 0.7405571 0.6203632 0.7451938 0.625 0.7450244 0.6248306 0.7450244 0.6203632 0.7403877 0.625 0.7405571 0.6248306 0.7450244 0.6248306 0.7451938 0.6201938 0.7453631 0.6203632 0.7453631 0.6248306 0.7499999 0.6201938 0.7498306 0.6203632 0.7453631 0.6203632 0.7499999 0.625 0.7498305 0.6248306 0.7498306 0.6203632 0.7451938 0.625 0.7453631 0.6248306 0.7498305 0.6248306 0.7499999 0.6201938 0.7501693 0.6203632 0.7501693 0.6248306 0.7548059 0.6201938 0.7546365 0.6203632 0.7501693 0.6203632 0.7548059 0.625 0.7546366 0.6248306 0.7546365 0.6203632 0.7499999 0.625 0.7501693 0.6248306 0.7546366 0.6248306 0.7548059 0.6201938 0.7549753 0.6203632 0.7549753 0.6248306 0.759612 0.6201938 0.7594426 0.6203632 0.7549753 0.6203632 0.759612 0.625 0.7594427 0.6248307 0.7594426 0.6203632 0.7548059 0.625 0.7549753 0.6248306 0.7594427 0.6248307 0.759612 0.6201938 0.7597814 0.6203632 0.7597814 0.6248306 0.7644181 0.6201938 0.7642487 0.6203632 0.7597814 0.6203632 0.7644181 0.625 0.7642487 0.6248306 0.7642487 0.6203632 0.759612 0.625 0.7597814 0.6248306 0.7642487 0.6248306 0.7644181 0.6201938 0.7645875 0.6203632 0.7645875 0.6248306 0.7692242 0.6201938 0.7690548 0.6203632 0.7645875 0.6203632 0.7692242 0.625 0.7690548 0.6248306 0.7690548 0.6203632 0.7644181 0.625 0.7645875 0.6248306 0.7690548 0.6248306 0.7692242 0.6201938 0.7693936 0.6203632 0.7693936 0.6248306 0.7740303 0.6201938 0.7738609 0.6203632 0.7693936 0.6203632 0.7740303 0.6249999 0.7738609 0.6248306 0.7738609 0.6203632 0.7692242 0.625 0.7693936 0.6248306 0.7738609 0.6248306 0.7740303 0.6201938 0.7741997 0.6203632 0.7741997 0.6248305 0.7788364 0.6201938 0.778667 0.6203632 0.7741997 0.6203632 0.7788364 0.6249999 0.778667 0.6248306 0.778667 0.6203632 0.7740303 0.6249999 0.7741997 0.6248305 0.778667 0.6248306 0.7788364 0.6201938 0.7790058 0.6203632 0.7790058 0.6248305 0.7836424 0.6201938 0.783473 0.6203632 0.7790058 0.6203632 0.7836424 0.6249999 0.7834731 0.6248306 0.783473 0.6203632 0.7788364 0.6249999 0.7790058 0.6248305 0.7834731 0.6248306 0.7115514 0.6153878 0.7117207 0.6155571 0.7117207 0.6200245 0.7163574 0.6153878 0.716188 0.6155571 0.7117207 0.6155571 0.7163574 0.6201938 0.716188 0.6200245 0.716188 0.6155571 0.7115514 0.6201938 0.7117207 0.6200245 0.716188 0.6200245 0.7163574 0.6153878 0.7165268 0.6155571 0.7165268 0.6200245 0.7211635 0.6153878 0.7209941 0.6155571 0.7165268 0.6155571 0.7211635 0.6201938 0.7209941 0.6200245 0.7209941 0.6155571 0.7163574 0.6201938 0.7165268 0.6200245 0.7209941 0.6200245 0.7211635 0.6153878 0.7213328 0.6155571 0.7213328 0.6200245 0.7259696 0.6153878 0.7258002 0.6155571 0.7213328 0.6155571 0.7259696 0.6201938 0.7258002 0.6200245 0.7258002 0.6155571 0.7211635 0.6201938 0.7213328 0.6200245 0.7258002 0.6200245 0.7259696 0.6153878 0.7261389 0.6155571 0.7261389 0.6200244 0.7307756 0.6153878 0.7306063 0.6155571 0.7261389 0.6155571 0.7307756 0.6201938 0.7306062 0.6200245 0.7306063 0.6155571 0.7259696 0.6201938 0.7261389 0.6200244 0.7306062 0.6200245 0.7307756 0.6153878 0.730945 0.6155571 0.730945 0.6200244 0.7355817 0.6153878 0.7354123 0.6155571 0.730945 0.6155571 0.7355817 0.6201938 0.7354123 0.6200245 0.7354123 0.6155571 0.7307756 0.6201938 0.730945 0.6200244 0.7354123 0.6200245 0.7355817 0.6153878 0.7357511 0.6155571 0.7357511 0.6200244 0.7403877 0.6153877 0.7402184 0.6155571 0.7357511 0.6155571 0.7403877 0.6201938 0.7402184 0.6200245 0.7402184 0.6155571 0.7355817 0.6201938 0.7357511 0.6200244 0.7402184 0.6200245 0.7403877 0.6153877 0.7405571 0.6155571 0.7405571 0.6200244 0.7451938 0.6153877 0.7450244 0.6155571 0.7405571 0.6155571 0.7451938 0.6201938 0.7450244 0.6200245 0.7450244 0.6155571 0.7403877 0.6201938 0.7405571 0.6200244 0.7450244 0.6200245 0.7451938 0.6153877 0.7453631 0.6155571 0.7453631 0.6200244 0.7499999 0.6153877 0.7498306 0.6155571 0.7453631 0.6155571 0.7499999 0.6201938 0.7498306 0.6200245 0.7498306 0.6155571 0.7451938 0.6201938 0.7453631 0.6200244 0.7498306 0.6200245 0.7499999 0.6153877 0.7501693 0.6155571 0.7501693 0.6200244 0.7548059 0.6153877 0.7546365 0.6155571 0.7501693 0.6155571 0.7548059 0.6201938 0.7546365 0.6200245 0.7546365 0.6155571 0.7499999 0.6201938 0.7501693 0.6200244 0.7546365 0.6200245 0.7548059 0.6153877 0.7549753 0.6155571 0.7549753 0.6200244 0.759612 0.6153877 0.7594426 0.6155571 0.7549753 0.6155571 0.759612 0.6201938 0.7594426 0.6200245 0.7594426 0.6155571 0.7548059 0.6201938 0.7549753 0.6200244 0.7594426 0.6200245 0.759612 0.6153877 0.7597814 0.6155571 0.7597814 0.6200245 0.7644181 0.6153877 0.7642487 0.6155571 0.7597814 0.6155571 0.7644181 0.6201938 0.7642487 0.6200245 0.7642487 0.6155571 0.759612 0.6201938 0.7597814 0.6200245 0.7642487 0.6200245 0.7644181 0.6153877 0.7645875 0.6155571 0.7645875 0.6200245 0.7692243 0.6153877 0.7690549 0.6155571 0.7645875 0.6155571 0.7692242 0.6201938 0.7690548 0.6200245 0.7690549 0.6155571 0.7644181 0.6201938 0.7645875 0.6200245 0.7690548 0.6200245 0.7692243 0.6153877 0.7693937 0.6155571 0.7693936 0.6200245 0.7740304 0.6153878 0.773861 0.6155571 0.7693937 0.6155571 0.7740303 0.6201938 0.7738609 0.6200245 0.773861 0.6155571 0.7692242 0.6201938 0.7693936 0.6200245 0.7738609 0.6200245 0.7740304 0.6153878 0.7741997 0.6155571 0.7741997 0.6200245 0.7788364 0.6153878 0.778667 0.6155571 0.7741997 0.6155571 0.7788364 0.6201938 0.778667 0.6200245 0.778667 0.6155571 0.7740303 0.6201938 0.7741997 0.6200245 0.778667 0.6200245 0.7788364 0.6153878 0.7790058 0.6155571 0.7790058 0.6200245 0.7836425 0.6153878 0.7834731 0.6155571 0.7790058 0.6155571 0.7836424 0.6201938 0.783473 0.6200245 0.7834731 0.6155571 0.7788364 0.6201938 0.7790058 0.6200245 0.783473 0.6200245 0.7115514 0.6105817 0.7117208 0.610751 0.7117207 0.6152184 0.7163575 0.6105817 0.7161881 0.610751 0.7117208 0.610751 0.7163574 0.6153878 0.716188 0.6152184 0.7161881 0.610751 0.7115514 0.6153878 0.7117207 0.6152184 0.716188 0.6152184 0.7163575 0.6105817 0.7165268 0.610751 0.7165268 0.6152184 0.7211636 0.6105817 0.7209941 0.610751 0.7165268 0.610751 0.7211635 0.6153878 0.7209941 0.6152184 0.7209941 0.610751 0.7163574 0.6153878 0.7165268 0.6152184 0.7209941 0.6152184 0.7211636 0.6105817 0.7213329 0.610751 0.7213328 0.6152184 0.7259696 0.6105817 0.7258002 0.610751 0.7213329 0.610751 0.7259696 0.6153878 0.7258002 0.6152184 0.7258002 0.610751 0.7211635 0.6153878 0.7213328 0.6152184 0.7258002 0.6152184 0.7259696 0.6105817 0.726139 0.610751 0.726139 0.6152184 0.7307757 0.6105818 0.7306063 0.6107511 0.726139 0.610751 0.7307756 0.6153878 0.7306062 0.6152184 0.7306063 0.6107511 0.7259696 0.6153878 0.726139 0.6152184 0.7306062 0.6152184 0.7307757 0.6105818 0.7309451 0.6107511 0.730945 0.6152184 0.7355818 0.6105818 0.7354124 0.6107511 0.7309451 0.6107511 0.7355817 0.6153878 0.7354123 0.6152184 0.7354124 0.6107511 0.7307756 0.6153878 0.730945 0.6152184 0.7354123 0.6152184 0.7355818 0.6105818 0.7357512 0.6107511 0.7357511 0.6152184 0.7403878 0.6105817 0.7402184 0.610751 0.7357512 0.6107511 0.7403877 0.6153877 0.7402184 0.6152184 0.7402184 0.610751 0.7355817 0.6153878 0.7357511 0.6152184 0.7402184 0.6152184 0.7403878 0.6105817 0.7405572 0.610751 0.7405571 0.6152184 0.7451938 0.6105817 0.7450245 0.610751 0.7405572 0.610751 0.7451938 0.6153877 0.7450244 0.6152184 0.7450245 0.610751 0.7403877 0.6153877 0.7405571 0.6152184 0.7450244 0.6152184 0.7451938 0.6105817 0.7453632 0.610751 0.7453631 0.6152184 0.75 0.6105817 0.7498306 0.6107511 0.7453632 0.610751 0.7499999 0.6153877 0.7498306 0.6152184 0.7498306 0.6107511 0.7451938 0.6153877 0.7453631 0.6152184 0.7498306 0.6152184 0.75 0.6105817 0.7501694 0.610751 0.7501693 0.6152184 0.7548061 0.6105817 0.7546367 0.610751 0.7501694 0.610751 0.7548059 0.6153877 0.7546365 0.6152184 0.7546367 0.610751 0.7499999 0.6153877 0.7501693 0.6152184 0.7546365 0.6152184 0.7548061 0.6105817 0.7549754 0.610751 0.7549753 0.6152184 0.7596121 0.6105817 0.7594427 0.610751 0.7549754 0.610751 0.759612 0.6153877 0.7594426 0.6152184 0.7594427 0.610751 0.7548059 0.6153877 0.7549753 0.6152184 0.7594426 0.6152184 0.7596121 0.6105817 0.7597815 0.610751 0.7597814 0.6152184 0.7644181 0.6105818 0.7642487 0.6107511 0.7597815 0.610751 0.7644181 0.6153877 0.7642487 0.6152184 0.7642487 0.6107511 0.759612 0.6153877 0.7597814 0.6152184 0.7642487 0.6152184 0.7644181 0.6105818 0.7645875 0.6107511 0.7645875 0.6152184 0.7692243 0.6105818 0.7690549 0.6107511 0.7645875 0.6107511 0.7692243 0.6153877 0.7690549 0.6152184 0.7690549 0.6107511 0.7644181 0.6153877 0.7645875 0.6152184 0.7690549 0.6152184 0.7692243 0.6105818 0.7693937 0.6107511 0.7693937 0.6152184 0.7740304 0.6105818 0.773861 0.6107511 0.7693937 0.6107511 0.7740304 0.6153878 0.773861 0.6152184 0.773861 0.6107511 0.7692243 0.6153877 0.7693937 0.6152184 0.773861 0.6152184 0.7740304 0.6105818 0.7741997 0.6107511 0.7741997 0.6152184 0.7788364 0.6105818 0.7786671 0.6107511 0.7741997 0.6107511 0.7788364 0.6153878 0.7786671 0.6152184 0.7786671 0.6107511 0.7740304 0.6153878 0.7741997 0.6152184 0.7786671 0.6152184 0.7788364 0.6105818 0.7790058 0.6107511 0.7790058 0.6152184 0.7836425 0.6105818 0.7834731 0.6107511 0.7790058 0.6107511 0.7836425 0.6153878 0.7834731 0.6152184 0.7834731 0.6107511 0.7788364 0.6153878 0.7790058 0.6152184 0.7834731 0.6152184 0.7115514 0.6057757 0.7117208 0.6059451 0.7117208 0.6104123 0.7163575 0.6057757 0.7161881 0.6059451 0.7117208 0.6059451 0.7163575 0.6105817 0.7161881 0.6104123 0.7161881 0.6059451 0.7115514 0.6105817 0.7117208 0.6104123 0.7161881 0.6104123 0.7163575 0.6057757 0.7165268 0.6059451 0.7165268 0.6104123 0.7211636 0.6057757 0.7209941 0.6059451 0.7165268 0.6059451 0.7211636 0.6105817 0.7209942 0.6104123 0.7209941 0.6059451 0.7163575 0.6105817 0.7165268 0.6104123 0.7209942 0.6104123 0.7211636 0.6057757 0.7213329 0.6059451 0.7213329 0.6104123 0.7259696 0.6057757 0.7258002 0.6059451 0.7213329 0.6059451 0.7259696 0.6105817 0.7258003 0.6104123 0.7258002 0.6059451 0.7211636 0.6105817 0.7213329 0.6104123 0.7258003 0.6104123 0.7259696 0.6057757 0.726139 0.6059451 0.726139 0.6104123 0.7307757 0.6057757 0.7306063 0.6059451 0.726139 0.6059451 0.7307757 0.6105818 0.7306063 0.6104124 0.7306063 0.6059451 0.7259696 0.6105817 0.726139 0.6104123 0.7306063 0.6104124 0.7307757 0.6057757 0.7309451 0.6059451 0.7309451 0.6104124 0.7355818 0.6057757 0.7354124 0.6059451 0.7309451 0.6059451 0.7355818 0.6105818 0.7354124 0.6104124 0.7354124 0.6059451 0.7307757 0.6105818 0.7309451 0.6104124 0.7354124 0.6104124 0.7355818 0.6057757 0.7357512 0.6059451 0.7357512 0.6104124 0.7403878 0.6057757 0.7402184 0.6059451 0.7357512 0.6059451 0.7403878 0.6105817 0.7402184 0.6104123 0.7402184 0.6059451 0.7355818 0.6105818 0.7357512 0.6104124 0.7402184 0.6104123 0.7403878 0.6057757 0.7405572 0.6059451 0.7405572 0.6104123 0.7451938 0.6057757 0.7450245 0.6059451 0.7405572 0.6059451 0.7451938 0.6105817 0.7450245 0.6104123 0.7450245 0.6059451 0.7403878 0.6105817 0.7405572 0.6104123 0.7450245 0.6104123 0.7451938 0.6057757 0.7453632 0.6059451 0.7453632 0.6104123 0.75 0.6057757 0.7498306 0.6059451 0.7453632 0.6059451 0.75 0.6105817 0.7498306 0.6104123 0.7498306 0.6059451 0.7451938 0.6105817 0.7453632 0.6104123 0.7498306 0.6104123 0.75 0.6057757 0.7501694 0.6059451 0.7501694 0.6104123 0.7548061 0.6057757 0.7546367 0.6059451 0.7501694 0.6059451 0.7548061 0.6105817 0.7546367 0.6104123 0.7546367 0.6059451 0.75 0.6105817 0.7501694 0.6104123 0.7546367 0.6104123 0.7548061 0.6057757 0.7549754 0.6059451 0.7549754 0.6104123 0.7596121 0.6057757 0.7594427 0.6059451 0.7549754 0.6059451 0.7596121 0.6105817 0.7594427 0.6104123 0.7594427 0.6059451 0.7548061 0.6105817 0.7549754 0.6104123 0.7594427 0.6104123 0.7596121 0.6057757 0.7597815 0.6059451 0.7597815 0.6104123 0.7644181 0.6057757 0.7642487 0.6059451 0.7597815 0.6059451 0.7644181 0.6105818 0.7642487 0.6104124 0.7642487 0.6059451 0.7596121 0.6105817 0.7597815 0.6104123 0.7642487 0.6104124 0.7644181 0.6057757 0.7645875 0.6059451 0.7645875 0.6104124 0.7692243 0.6057757 0.7690549 0.6059451 0.7645875 0.6059451 0.7692243 0.6105818 0.7690549 0.6104124 0.7690549 0.6059451 0.7644181 0.6105818 0.7645875 0.6104124 0.7690549 0.6104124 0.7692243 0.6057757 0.7693937 0.6059451 0.7693937 0.6104124 0.7740304 0.6057757 0.773861 0.6059451 0.7693937 0.6059451 0.7740304 0.6105818 0.773861 0.6104124 0.773861 0.6059451 0.7692243 0.6105818 0.7693937 0.6104124 0.773861 0.6104124 0.7740304 0.6057757 0.7741997 0.6059451 0.7741997 0.6104124 0.7788364 0.6057757 0.7786671 0.6059451 0.7741997 0.6059451 0.7788364 0.6105818 0.7786671 0.6104124 0.7786671 0.6059451 0.7740304 0.6105818 0.7741997 0.6104124 0.7786671 0.6104124 0.7788364 0.6057757 0.7790058 0.6059451 0.7790058 0.6104124 0.7836425 0.6057757 0.7834731 0.6059451 0.7790058 0.6059451 0.7836425 0.6105818 0.7834731 0.6104124 0.7834731 0.6059451 0.7788364 0.6105818 0.7790058 0.6104124 0.7834731 0.6104124 0.7115514 0.6009696 0.7117208 0.601139 0.7117208 0.6056063 0.7163575 0.6009696 0.7161881 0.601139 0.7117208 0.601139 0.7163575 0.6057757 0.7161881 0.6056063 0.7161881 0.601139 0.7115514 0.6057757 0.7117208 0.6056063 0.7161881 0.6056063 0.7163575 0.6009696 0.7165268 0.601139 0.7165268 0.6056063 0.7211636 0.6009696 0.7209941 0.601139 0.7165268 0.601139 0.7211636 0.6057757 0.7209942 0.6056063 0.7209941 0.601139 0.7163575 0.6057757 0.7165268 0.6056063 0.7209942 0.6056063 0.7211636 0.6009696 0.7213329 0.601139 0.7213329 0.6056063 0.7259696 0.6009696 0.7258002 0.601139 0.7213329 0.601139 0.7259696 0.6057757 0.7258003 0.6056063 0.7258002 0.601139 0.7211636 0.6057757 0.7213329 0.6056063 0.7258003 0.6056063 0.7259696 0.6009696 0.726139 0.601139 0.726139 0.6056063 0.7307757 0.6009696 0.7306063 0.601139 0.726139 0.601139 0.7307757 0.6057757 0.7306063 0.6056063 0.7306063 0.601139 0.7259696 0.6057757 0.726139 0.6056063 0.7306063 0.6056063 0.7307757 0.6009696 0.7309451 0.601139 0.7309451 0.6056063 0.7355818 0.6009696 0.7354124 0.601139 0.7309451 0.601139 0.7355818 0.6057757 0.7354124 0.6056063 0.7354124 0.601139 0.7307757 0.6057757 0.7309451 0.6056063 0.7354124 0.6056063 0.7355818 0.6009696 0.7357512 0.601139 0.7357512 0.6056063 0.7403878 0.6009696 0.7402184 0.601139 0.7357512 0.601139 0.7403878 0.6057757 0.7402184 0.6056063 0.7402184 0.601139 0.7355818 0.6057757 0.7357512 0.6056063 0.7402184 0.6056063 0.7403878 0.6009696 0.7405572 0.601139 0.7405571 0.6056063 0.7451938 0.6009696 0.7450245 0.601139 0.7405572 0.601139 0.7451938 0.6057757 0.7450245 0.6056063 0.7450245 0.601139 0.7403878 0.6057757 0.7405571 0.6056063 0.7450245 0.6056063 0.7451938 0.6009696 0.7453632 0.601139 0.7453632 0.6056063 0.75 0.6009696 0.7498306 0.601139 0.7453632 0.601139 0.75 0.6057757 0.7498306 0.6056063 0.7498306 0.601139 0.7451938 0.6057757 0.7453632 0.6056063 0.7498306 0.6056063 0.75 0.6009696 0.7501694 0.601139 0.7501694 0.6056063 0.7548061 0.6009696 0.7546367 0.601139 0.7501694 0.601139 0.7548061 0.6057757 0.7546367 0.6056063 0.7546367 0.601139 0.75 0.6057757 0.7501694 0.6056063 0.7546367 0.6056063 0.7548061 0.6009696 0.7549754 0.601139 0.7549754 0.6056063 0.7596121 0.6009696 0.7594427 0.601139 0.7549754 0.601139 0.7596121 0.6057757 0.7594427 0.6056063 0.7594427 0.601139 0.7548061 0.6057757 0.7549754 0.6056063 0.7594427 0.6056063 0.7596121 0.6009696 0.7597815 0.601139 0.7597815 0.6056063 0.7644181 0.6009696 0.7642487 0.601139 0.7597815 0.601139 0.7644181 0.6057757 0.7642487 0.6056063 0.7642487 0.601139 0.7596121 0.6057757 0.7597815 0.6056063 0.7642487 0.6056063 0.7644181 0.6009696 0.7645875 0.601139 0.7645875 0.6056063 0.7692243 0.6009696 0.7690549 0.601139 0.7645875 0.601139 0.7692243 0.6057757 0.7690549 0.6056063 0.7690549 0.601139 0.7644181 0.6057757 0.7645875 0.6056063 0.7690549 0.6056063 0.7692243 0.6009696 0.7693937 0.601139 0.7693937 0.6056064 0.7740304 0.6009697 0.773861 0.6011391 0.7693937 0.601139 0.7740304 0.6057757 0.773861 0.6056063 0.773861 0.6011391 0.7692243 0.6057757 0.7693937 0.6056064 0.773861 0.6056063 0.7740304 0.6009697 0.7741997 0.6011391 0.7741997 0.6056064 0.7788364 0.6009697 0.7786671 0.6011391 0.7741997 0.6011391 0.7788364 0.6057757 0.778667 0.6056063 0.7786671 0.6011391 0.7740304 0.6057757 0.7741997 0.6056064 0.778667 0.6056063 0.7788364 0.6009697 0.7790058 0.6011391 0.7790058 0.6056064 0.7836425 0.6009697 0.7834731 0.6011391 0.7790058 0.6011391 0.7836425 0.6057757 0.7834731 0.6056063 0.7834731 0.6011391 0.7788364 0.6057757 0.7790058 0.6056064 0.7834731 0.6056063 0.7115514 0.5961635 0.7117208 0.5963329 0.7117208 0.6008002 0.7163575 0.5961635 0.7161881 0.5963329 0.7117208 0.5963329 0.7163575 0.6009696 0.7161881 0.6008002 0.7161881 0.5963329 0.7115514 0.6009696 0.7117208 0.6008002 0.7161881 0.6008002 0.7163575 0.5961635 0.7165268 0.5963329 0.7165268 0.6008002 0.7211636 0.5961635 0.7209941 0.5963329 0.7165268 0.5963329 0.7211636 0.6009696 0.7209942 0.6008002 0.7209941 0.5963329 0.7163575 0.6009696 0.7165268 0.6008002 0.7209942 0.6008002 0.7211636 0.5961635 0.7213329 0.5963329 0.7213329 0.6008002 0.7259696 0.5961635 0.7258002 0.5963329 0.7213329 0.5963329 0.7259696 0.6009696 0.7258003 0.6008002 0.7258002 0.5963329 0.7211636 0.6009696 0.7213329 0.6008002 0.7258003 0.6008002 0.7259696 0.5961635 0.726139 0.5963329 0.726139 0.6008002 0.7307757 0.5961635 0.7306063 0.5963329 0.726139 0.5963329 0.7307757 0.6009696 0.7306063 0.6008002 0.7306063 0.5963329 0.7259696 0.6009696 0.726139 0.6008002 0.7306063 0.6008002 0.7307757 0.5961635 0.7309451 0.5963329 0.7309451 0.6008002 0.7355818 0.5961635 0.7354124 0.5963329 0.7309451 0.5963329 0.7355818 0.6009696 0.7354124 0.6008002 0.7354124 0.5963329 0.7307757 0.6009696 0.7309451 0.6008002 0.7354124 0.6008002 0.7355818 0.5961635 0.7357512 0.5963329 0.7357512 0.6008002 0.7403878 0.5961635 0.7402184 0.5963329 0.7357512 0.5963329 0.7403878 0.6009696 0.7402184 0.6008002 0.7402184 0.5963329 0.7355818 0.6009696 0.7357512 0.6008002 0.7402184 0.6008002 0.7403878 0.5961635 0.7405572 0.5963329 0.7405571 0.6008002 0.7451938 0.5961635 0.7450245 0.5963329 0.7405572 0.5963329 0.7451938 0.6009696 0.7450245 0.6008002 0.7450245 0.5963329 0.7403878 0.6009696 0.7405571 0.6008002 0.7450245 0.6008002 0.7451938 0.5961635 0.7453632 0.5963329 0.7453632 0.6008002 0.75 0.5961636 0.7498306 0.596333 0.7453632 0.5963329 0.75 0.6009696 0.7498306 0.6008003 0.7498306 0.596333 0.7451938 0.6009696 0.7453632 0.6008002 0.7498306 0.6008003 0.75 0.5961636 0.7501694 0.596333 0.7501694 0.6008002 0.7548061 0.5961636 0.7546367 0.596333 0.7501694 0.596333 0.7548061 0.6009696 0.7546367 0.6008002 0.7546367 0.596333 0.75 0.6009696 0.7501694 0.6008002 0.7546367 0.6008002 0.7548061 0.5961636 0.7549754 0.596333 0.7549754 0.6008002 0.7596121 0.5961636 0.7594427 0.596333 0.7549754 0.596333 0.7596121 0.6009696 0.7594427 0.6008002 0.7594427 0.596333 0.7548061 0.6009696 0.7549754 0.6008002 0.7594427 0.6008002 0.7596121 0.5961636 0.7597815 0.596333 0.7597815 0.6008002 0.7644181 0.5961636 0.7642487 0.596333 0.7597815 0.596333 0.7644181 0.6009696 0.7642487 0.6008002 0.7642487 0.596333 0.7596121 0.6009696 0.7597815 0.6008002 0.7642487 0.6008002 0.7644181 0.5961636 0.7645875 0.596333 0.7645875 0.6008002 0.7692243 0.5961636 0.7690549 0.596333 0.7645875 0.596333 0.7692243 0.6009696 0.7690549 0.6008002 0.7690549 0.596333 0.7644181 0.6009696 0.7645875 0.6008002 0.7690549 0.6008002 0.7692243 0.5961636 0.7693937 0.596333 0.7693937 0.6008002 0.7740304 0.5961636 0.773861 0.596333 0.7693937 0.596333 0.7740304 0.6009697 0.773861 0.6008003 0.773861 0.596333 0.7692243 0.6009696 0.7693937 0.6008002 0.773861 0.6008003 0.7740304 0.5961636 0.7741997 0.596333 0.7741997 0.6008003 0.7788365 0.5961636 0.7786671 0.596333 0.7741997 0.596333 0.7788364 0.6009697 0.778667 0.6008003 0.7786671 0.596333 0.7740304 0.6009697 0.7741997 0.6008003 0.778667 0.6008003 0.7788365 0.5961636 0.7790059 0.5963331 0.7790058 0.6008003 0.7836425 0.5961636 0.7834731 0.596333 0.7790059 0.5963331 0.7836425 0.6009697 0.7834731 0.6008003 0.7834731 0.596333 0.7788364 0.6009697 0.7790058 0.6008003 0.7834731 0.6008003 0.7115514 0.5913575 0.7117208 0.5915268 0.7117208 0.5959941 0.7163575 0.5913575 0.7161881 0.5915268 0.7117208 0.5915268 0.7163575 0.5961635 0.7161881 0.5959941 0.7161881 0.5915268 0.7115514 0.5961635 0.7117208 0.5959941 0.7161881 0.5959941 0.7163575 0.5913575 0.7165268 0.5915268 0.7165268 0.5959941 0.7211636 0.5913575 0.7209941 0.5915268 0.7165268 0.5915268 0.7211636 0.5961635 0.7209942 0.5959941 0.7209941 0.5915268 0.7163575 0.5961635 0.7165268 0.5959941 0.7209942 0.5959941 0.7211636 0.5913575 0.7213329 0.5915268 0.7213329 0.5959941 0.7259696 0.5913575 0.7258002 0.5915268 0.7213329 0.5915268 0.7259696 0.5961635 0.7258003 0.5959941 0.7258002 0.5915268 0.7211636 0.5961635 0.7213329 0.5959941 0.7258003 0.5959941 0.7259696 0.5913575 0.726139 0.5915268 0.726139 0.5959941 0.7307757 0.5913575 0.7306063 0.5915268 0.726139 0.5915268 0.7307757 0.5961635 0.7306063 0.5959941 0.7306063 0.5915268 0.7259696 0.5961635 0.726139 0.5959941 0.7306063 0.5959941 0.7307757 0.5913575 0.7309451 0.5915268 0.7309451 0.5959941 0.7355818 0.5913575 0.7354124 0.5915269 0.7309451 0.5915268 0.7355818 0.5961635 0.7354124 0.5959941 0.7354124 0.5915269 0.7307757 0.5961635 0.7309451 0.5959941 0.7354124 0.5959941 0.7355818 0.5913575 0.7357512 0.5915268 0.7357512 0.5959941 0.7403878 0.5913575 0.7402184 0.5915268 0.7357512 0.5915268 0.7403878 0.5961635 0.7402184 0.5959941 0.7402184 0.5915268 0.7355818 0.5961635 0.7357512 0.5959941 0.7402184 0.5959941 0.7403878 0.5913575 0.7405572 0.5915268 0.7405571 0.5959941 0.7451938 0.5913575 0.7450245 0.5915268 0.7405572 0.5915268 0.7451938 0.5961635 0.7450245 0.5959941 0.7450245 0.5915268 0.7403878 0.5961635 0.7405571 0.5959941 0.7450245 0.5959941 0.7451938 0.5913575 0.7453632 0.5915268 0.7453632 0.5959942 0.75 0.5913575 0.7498306 0.5915268 0.7453632 0.5915268 0.75 0.5961636 0.7498306 0.5959942 0.7498306 0.5915268 0.7451938 0.5961635 0.7453632 0.5959942 0.7498306 0.5959942 0.75 0.5913575 0.7501694 0.5915268 0.7501694 0.5959942 0.7548061 0.5913575 0.7546367 0.5915269 0.7501694 0.5915268 0.7548061 0.5961636 0.7546367 0.5959942 0.7546367 0.5915269 0.75 0.5961636 0.7501694 0.5959942 0.7546367 0.5959942 0.7548061 0.5913575 0.7549754 0.5915268 0.7549754 0.5959942 0.7596121 0.5913575 0.7594427 0.5915269 0.7549754 0.5915268 0.7596121 0.5961636 0.7594427 0.5959942 0.7594427 0.5915269 0.7548061 0.5961636 0.7549754 0.5959942 0.7594427 0.5959942 0.7596121 0.5913575 0.7597815 0.5915268 0.7597815 0.5959942 0.7644181 0.5913575 0.7642487 0.5915269 0.7597815 0.5915268 0.7644181 0.5961636 0.7642487 0.5959942 0.7642487 0.5915269 0.7596121 0.5961636 0.7597815 0.5959942 0.7642487 0.5959942 0.7644181 0.5913575 0.7645875 0.5915268 0.7645875 0.5959942 0.7692243 0.5913575 0.7690549 0.5915269 0.7645875 0.5915268 0.7692243 0.5961636 0.7690549 0.5959942 0.7690549 0.5915269 0.7644181 0.5961636 0.7645875 0.5959942 0.7690549 0.5959942 0.7692243 0.5913575 0.7693937 0.5915268 0.7693937 0.5959942 0.7740304 0.5913575 0.773861 0.5915269 0.7693937 0.5915268 0.7740304 0.5961636 0.773861 0.5959943 0.773861 0.5915269 0.7692243 0.5961636 0.7693937 0.5959942 0.773861 0.5959943 0.7740304 0.5913575 0.7741997 0.5915268 0.7741997 0.5959942 0.7788365 0.5913575 0.7786671 0.5915268 0.7741997 0.5915268 0.7788365 0.5961636 0.7786671 0.5959942 0.7786671 0.5915268 0.7740304 0.5961636 0.7741997 0.5959942 0.7786671 0.5959942 0.7788365 0.5913575 0.7790059 0.5915268 0.7790059 0.5959943 0.7836425 0.5913575 0.7834731 0.5915268 0.7790059 0.5915268 0.7836425 0.5961636 0.7834731 0.5959943 0.7834731 0.5915268 0.7788365 0.5961636 0.7790059 0.5959943 0.7834731 0.5959943 0.7115514 0.5865514 0.7117208 0.5867208 0.7117208 0.591188 0.7163575 0.5865514 0.7161881 0.5867208 0.7117208 0.5867208 0.7163575 0.5865514 0.7163575 0.5913575 0.7161881 0.5911881 0.7115514 0.5913575 0.7117208 0.591188 0.7161881 0.5911881 0.7163575 0.5913575 0.7163575 0.5865514 0.7165269 0.5867208 0.7211635 0.5865514 0.7209941 0.5867208 0.7165269 0.5867208 0.7211635 0.5865514 0.7211636 0.5913575 0.7209942 0.5911881 0.7163575 0.5913575 0.7165268 0.591188 0.7209942 0.5911881 0.7211636 0.5913575 0.7211635 0.5865514 0.7213329 0.5867208 0.7259696 0.5865514 0.7258002 0.5867208 0.7213329 0.5867208 0.7259696 0.5865514 0.7259696 0.5913575 0.7258002 0.591188 0.7211636 0.5913575 0.7213329 0.591188 0.7258002 0.591188 0.7259696 0.5913575 0.7259696 0.5865514 0.726139 0.5867208 0.7307757 0.5865514 0.7306063 0.5867208 0.726139 0.5867208 0.7307757 0.5865514 0.7307757 0.5913575 0.7306063 0.591188 0.7259696 0.5913575 0.726139 0.591188 0.7306063 0.591188 0.7307757 0.5913575 0.7307757 0.5865514 0.7309451 0.5867208 0.7355818 0.5865514 0.7354124 0.5867208 0.7309451 0.5867208 0.7355818 0.5865514 0.7355818 0.5913575 0.7354124 0.5911881 0.7307757 0.5913575 0.730945 0.5911881 0.7354124 0.5911881 0.7355818 0.5913575 0.7355818 0.5865514 0.7357513 0.5867208 0.7403879 0.5865514 0.7402185 0.5867208 0.7357513 0.5867208 0.7403879 0.5865514 0.7403878 0.5913575 0.7402184 0.5911881 0.7355818 0.5913575 0.7357511 0.5911881 0.7402184 0.5911881 0.7403878 0.5913575 0.7403879 0.5865514 0.7405573 0.5867208 0.745194 0.5865514 0.7450246 0.5867208 0.7405573 0.5867208 0.745194 0.5865514 0.7451938 0.5913575 0.7450245 0.5911881 0.7403878 0.5913575 0.7405571 0.5911881 0.7450245 0.5911881 0.7451938 0.5913575 0.745194 0.5865514 0.7453633 0.5867208 0.7500001 0.5865514 0.7498307 0.5867208 0.7453633 0.5867208 0.7500001 0.5865514 0.75 0.5913575 0.7498306 0.5911881 0.7451938 0.5913575 0.7453632 0.5911881 0.7498306 0.5911881 0.75 0.5913575 0.7500001 0.5865514 0.7501694 0.5867208 0.7548061 0.5865514 0.7546367 0.5867208 0.7501694 0.5867208 0.7548061 0.5865514 0.7548061 0.5913575 0.7546366 0.5911881 0.75 0.5913575 0.7501694 0.5911881 0.7546366 0.5911881 0.7548061 0.5913575 0.7548061 0.5865514 0.7549754 0.5867208 0.7596122 0.5865514 0.7594428 0.5867208 0.7549754 0.5867208 0.7596122 0.5865514 0.7596121 0.5913575 0.7594427 0.5911881 0.7548061 0.5913575 0.7549754 0.5911881 0.7594427 0.5911881 0.7596121 0.5913575 0.7596122 0.5865514 0.7597816 0.5867208 0.7644183 0.5865515 0.7642489 0.5867208 0.7597816 0.5867208 0.7644183 0.5865515 0.7644181 0.5913575 0.7642487 0.5911881 0.7596121 0.5913575 0.7597814 0.5911881 0.7642487 0.5911881 0.7644181 0.5913575 0.7644183 0.5865515 0.7645877 0.5867209 0.7692244 0.5865515 0.7690549 0.5867208 0.7645877 0.5867209 0.7692244 0.5865515 0.7692243 0.5913575 0.7690549 0.5911881 0.7644181 0.5913575 0.7645874 0.5911881 0.7690549 0.5911881 0.7692243 0.5913575 0.7692244 0.5865515 0.7693938 0.5867209 0.7740305 0.5865515 0.7738611 0.5867208 0.7693938 0.5867209 0.7740305 0.5865515 0.7740304 0.5913575 0.7738609 0.5911881 0.7692243 0.5913575 0.7693936 0.5911881 0.7738609 0.5911881 0.7740304 0.5913575 0.7740305 0.5865515 0.7741999 0.5867209 0.7788366 0.5865515 0.7786672 0.5867208 0.7741999 0.5867209 0.7788366 0.5865515 0.7788365 0.5913575 0.7786671 0.5911881 0.7740304 0.5913575 0.7741997 0.5911881 0.7786671 0.5911881 0.7788365 0.5913575 0.7788366 0.5865515 0.779006 0.5867209 0.7836426 0.5865515 0.7834732 0.5867208 0.779006 0.5867209 0.7836426 0.5865515 0.7836425 0.5913575 0.7834732 0.5911881 0.7788365 0.5913575 0.7790059 0.5911881 0.7834732 0.5911881 0 0 0 0 0 0 0 0 0 0 0 0 0 0 0 0 0 0 0 0 0 0 0 0 0 0 0 0 0 0 0 0 0 0 0 0 0 0 0 0 0 0 0 0 0 0 0 0 0 0 0 0 0 0 0 0 0 0 0 0 0 0 0 0 0 0 0 0 0 0 0 0 0 0 0 0 0 0 0 0 0 0 0 0 0 0 0 0 0 0 0 0 0 0 0 0 0 0 0 0 0 0 0 0 0 0 0 0 0 0 0 0 0 0 0 0 0 0 0 0 0 0 0 0 0 0 0 0 0 0 0 0 0 0 0 0 0 0 0 0 0 0 0 0 0 0 0 0 0 0 0 0 0 0 0 0 0 0 0 0 0 0 0 0 0 0 0 0 0 0 0 0 0 0 0 0 0 0 0 0 0 0 0 0 0 0 0 0 0 0 0 0 0 0 0 0 0 0 0 0 0 0 0 0 0 0 0 0 0 0 0 0 0 0 0 0 0 0 0 0 0 0 0 0 0 0 0 0 0 0 0 0 0 0 0 0 0 0 0 0 0 0 0 0 0 0 0 0 0 0 0 0 0 0 0 0 0 0 0 0 0 0 0 0 0 0 0 0 0 0 0 0 0 0 0 0 0 0 0 0 0 0 0 0 0 0 0 0 0 0 0 0 0 0 0 0 0 0 0 0 0 0 0 0 0 0 0 0 0 0 0 0 0 0 0 0 0 0 0 0 0 0 0 0 0 0 0 0 0 0 0 0 0 0 0 0 0 0 0 0 0 0 0 0 0 0 0 0 0 0 0 0 0 0 0 0 0 0 0 0 0 0 0 0 0 0 0 0 0 0 0 0 0 0 0 0 0 0 0 0 0 0 0 0 0 0 0 0 0 0 0 0 0 0 0 0 0 0 0 0 0 0 0 0 0 0 0 0 0 0 0 0 0 0 0 0 0 0 0 0 0 0 0 0 0 0 0 0 0 0 0 0 0 0 0 0 0 0 0 0 0 0 0 0 0 0 0 0 0 0 0 0 0 0 0 0 0 0 0 0 0 0 0 0 0 0 0 0 0 0 0 0 0 0 0 0 0 0 0 0 0 0 0 0 0 0 0 0 0 0 0 0 0 0 0 0 0 0 0 0 0 0 0 0 0 0 0 0 0 0 0 0 0 0 0 0 0 0 0 0 0 0 0 0 0 0 0 0 0 0 0 0 0 0 0 0 0 0 0 0 0 0 0 0 0 0 0 0 0 0 0 0 0 0 0 0 0 0 0 0 0 0 0 0 0 0 0 0 0 0 0 0 0 0 0 0 0 0 0 0 0 0 0 0 0 0 0 0 0 0 0 0 0 0 0 0 0 0 0 0 0 0 0 0 0 0 0 0 0 0 0 0 0 0 0 0 0 0 0 0 0 0 0 0 0 0 0 0 0 0 0 0 0 0 0 0 0 0 0 0 0 0 0 0 0 0 0 0 0 0 0 0 0 0 0 0 0 0 0 0 0 0 0 0 0 0 0 0 0 0 0 0 0 0 0 0 0 0 0 0 0 0 0 0 0 0 0 0 0 0 0 0 0 0 0 0 0 0 0 0 0 0 0 0 0 0 0 0 0 0 0 0 0 0 0 0 0 0 0 0 0 0 0 0 0 0 0 0 0 0 0 0 0 0 0 0 0 0 0 0 0 0 0 0 0 0 0 0 0 0 0 0 0 0 0 0 0 0 0 0 0 0 0 0 0 0 0 0 0 0 0 0 0 0 0 0 0 0 0 0 0 0 0 0 0 0 0 0 0 0 0 0 0 0 0 0 0 0 0 0 0 0 0 0 0 0 0 0 0 0 0 0 0 0 0 0 0 0 0 0 0 0 0 0 0 0 0 0 0 0 0 0 0 0 0 0 0 0 0 0 0 0 0 0 0 0 0 0 0 0 0 0 0 0 0 0 0 0 0 0 0 0 0 0 0 0 0 0 0 0 0 0 0 0 0 0 0 0 0 0 0 0 0 0 0 0 0 0 0 0 0 0 0 0 0 0 0 0 0 0 0 0 0 0 0 0 0 0 0 0 0 0 0 0 0 0 0 0 0 0 0 0 0 0 0 0 0 0 0 0 0 0 0 0 0 0 0 0 0 0 0 0 0 0 0 0 0 0 0 0 0 0 0 0 0 0 0 0 0 0 0 0 0 0 0 0 0 0 0 0 0 0 0 0 0 0 0 0 0 0 0 0 0 0 0 0 0 0 0 0 0 0 0 0 0 0 0 0 0 0 0 0 0 0 0 0 0 0 0 0 0 0 0 0 0 0 0 0 0 0 0 0 0 0 0 0 0 0 0 0 0 0 0 0 0 0 0 0 0 0 0 0 0 0 0 0 0 0 0 0 0 0 0 0 0 0 0 0 0 0 0 0 0 0 0 0 0 0 0 0 0 0 0 0 0 0 0 0 0 0 0 0 0 0 0 0 0 0 0 0 0 0 0 0 0 0 0 0 0 0 0 0 0 0 0 0 0 0 0 0 0 0 0 0 0 0 0 0 0 0 0 0 0 0 0 0 0 0 0 0 0 0 0 0 0 0 0 0 0 0 0 0 0 0 0 0 0 0 0 0 0 0 0 0 0 0 0 0 0 0 0 0 0 0 0 0 0 0 0 0 0 0 0 0 0 0 0 0 0 0 0 0 0 0 0 0 0 0 0 0 0 0 0 0 0 0 0 0 0 0 0 0 0 0 0 0 0 0 0 0 0 0 0 0 0 0 0 0 0 0 0 0 0 0 0 0 0 0 0 0 0 0 0 0 0 0 0 0 0 0 0 0 0 0 0 0 0 0 0 0 0 0 0 0 0 0 0 0 0 0 0 0 0 0 0 0 0 0 0 0 0 0 0 0 0 0 0 0 0 0 0 0 0 0 0 0 0 0 0 0 0 0 0 0 0 0 0 0 0 0 0 0 0 0 0 0 0 0 0 0 0 0 0 0 0 0 0 0 0 0 0 0 0 0 0 0 0 0 0 0 0 0 0 0 0 0 0 0 0 0 0 0 0 0 0 0 0 0 0 0 0 0 0 0 0 0 0 0 0 0 0 0 0 0 0 0 0 0 0 0 0 0 0 0 0 0 0 0 0 0 0 0 0 0 0 0 0 0 0 0 0 0 0 0 0 0 0 0 0 0 0 0 0 0 0 0 0 0 0 0 0 0 0 0 0 0 0 0 0 0 0 0 0 0 0 0 0 0 0 0 0 0 0 0 0 0 0 0 0 0 0 0 0 0 0 0 0 0 0 0 0 0 0 0 0 0 0 0 0 0 0 0 0 0 0 0 0 0 0 0 0 0 0 0 0 0 0 0 0 0 0 0 0 0 0 0 0 0 0 0 0 0 0 0 0 0 0 0 0 0 0 0 0 0 0 0 0 0 0 0 0 0 0 0 0 0 0 0 0 0 0 0 0 0 0 0 0 0 0 0 0 0 0 0 0 0 0 0 0 0 0 0 0 0 0 0 0 0 0 0 0 0 0 0 0 0 0 0 0 0 0 0 0 0 0 0 0 0 0 0 0 0 0 0 0 0 0 0 0 0 0 0 0 0 0 0 0 0 0 0 0 0 0 0 0 0 0 0 0 0 0 0 0 0 0 0 0 0 0 0 0 0 0 0 0 0 0 0 0 0 0 0 0 0 0 0 0 0 0 0 0 0 0 0 0 0 0 0 0 0 0 0 0 0 0 0 0 0 0 0 0 0 0 0 0 0 0 0 0 0 0 0 0 0 0 0 0 0 0 0 0 0 0 0 0 0 0 0 0 0 0 0 0 0 0 0 0 0 0 0 0 0 0 0 0 0 0 0 0 0 0 0 0 0 0 0 0 0 0 0 0 0 0 0 0 0 0 0 0 0 0 0 0 0 0 0 0 0 0 0 0 0 0 0 0 0 0 0 0 0 0 0 0 0 0 0 0 0 0 0 0 0 0 0 0 0 0 0 0 0 0 0 0 0 0 0 0 0 0 0 0 0 0 0 0 0 0 0 0 0 0 0 0 0 0 0 0 0 0 0 0 0 0 0 0 0 0 0 0 0 0 0 0 0 0 0 0 0 0 0 0 0 0 0 0 0 0 0 0 0 0 0 0 0 0 0 0 0 0 0 0 0 0 0 0 0 0 0 0 0 0 0 0 0 0 0 0 0 0 0 0 0 0 0 0 0 0 0 0 0 0 0 0 0 0 0 0 0 0 0 0 0 0 0 0 0 0 0 0 0 0 0 0 0 0 0 0 0 0 0 0 0 0 0 0 0 0 0 0 0 0 0 0 0 0 0 0 0 0 0 0 0 0 0 0 0 0 0 0 0 0 0 0 0 0 0 0 0 0 0 0 0 0 0 0 0 0 0 0 0 0 0 0 0 0 0 0 0 0 0 0 0 0 0 0 0 0 0 0 0 0 0 0 0 0 0 0 0 0 0 0 0 0 0 0 0 0 0 0 0 0 0 0 0 0 0 0 0 0 0 0 0 0 0 0 0 0 0 0 0 0 0 0 0 0 0 0 0 0 0 0 0 0 0 0 0 0 0 0 0 0 0 0 0 0 0 0 0 0 0 0 0 0 0 0 0 0 0 0 0 0 0 0 0 0 0 0 0 0 0 0 0 0 0 0 0 0 0 0 0 0 0 0 0 0 0 0 0 0 0 0 0 0 0 0 0 0 0 0 0 0 0 0 0 0 0 0 0 0 0 0 0 0 0 0 0 0 0 0 0 0 0 0 0 0 0 0 0 0 0 0 0 0 0 0 0 0 0 0 0 0 0 0 0 0 0 0 0 0 0 0 0 0 0 0 0 0 0 0 0 0 0 0 0 0 0 0 0 0 0 0 0 0 0 0 0 0 0 0 0 0 0 0 0 0 0 0 0 0 0 0 0 0 0 0 0 0 0 0 0 0 0 0 0 0 0 0 0 0 0 0 0 0 0 0 0 0 0 0 0 0 0 0 0 0 0 0 0 0 0 0 0 0 0 0 0 0 0 0 0 0 0 0 0 0 0 0 0 0 0 0 0 0 0 0 0 0 0 0 0 0 0 0 0 0 0 0 0 0 0 0 0 0 0 0 0 0 0 0 0 0 0 0 0 0 0 0 0 0 0 0 0 0 0 0 0 0 0 0 0 0 0 0 0 0 0 0 0 0 0 0 0 0 0 0 0 0 0 0 0 0 0 0 0 0 0 0 0 0 0 0 0 0 0 0 0 0 0 0 0 0 0 0 0 0 0 0 0 0 0 0 0 0 0 0 0 0 0 0 0 0 0 0 0 0 0 0 0 0 0 0 0 0 0 0 0 0 0 0 0 0 0 0 0 0 0 0 0 0 0 0 0 0 0 0 0 0 0 0 0 0 0 0 0 0 0 0 0 0 0 0 0 0 0 0 0 0 0 0 0 0 0 0 0 0 0 0 0 0 0 0 0 0 0 0 0 0 0 0 0 0 0 0 0 0 0 0 0 0 0 0 0 0 0 0 0 0 0 0 0 0 0 0 0 0 0 0 0 0 0 0 0 0 0 0 0 0 0 0 0 0 0 0 0 0 0 0 0 0 0 0 0 0 0 0 0 0 0 0 0 0 0 0 0 0 0 0 0 0 0 0 0 0 0 0 0 0 0 0 0 0 0 0 0 0 0 0 0 0 0 0 0 0 0 0 0 0 0 0 0 0 0 0 0 0 0 0 0 0 0 0 0 0 0 0 0 0 0 0 0 0 0 0 0 0 0 0 0 0 0 0 0 0 0 0 0 0 0 0 0 0 0 0 0 0 0 0 0 0 0 0 0 0 0 0 0 0 0 0 0 0 0 0 0 0 0 0 0 0 0 0 0 0 0 0 0 0 0 0 0 0 0 0 0 0 0 0 0 0 0 0 0 0 0 0 0 0 0 0 0 0 0 0 0 0 0 0 0 0 0 0 0 0 0 0 0 0 0 0 0 0 0 0 0 0 0 0 0 0 0 0 0 0 0 0 0 0 0 0 0 0 0 0 0 0 0 0 0 0 0 0 0 0 0 0 0 0 0 0 0 0 0 0 0 0 0 0 0 0 0 0 0 0 0 0 0 0 0 0 0 0 0 0 0 0 0 0 0 0 0 0 0 0 0 0 0 0 0 0 0 0 0 0 0 0 0 0 0 0 0 0 0 0 0 0 0 0 0 0 0 0 0 0 0 0 0 0 0 0 0 0 0 0 0 0 0 0 0 0 0 0 0 0 0 0 0 0 0 0 0 0 0 0 0 0 0 0 0 0 0 0 0 0 0 0 0 0 0 0 0 0 0 0 0 0 0 0 0 0 0 0 0 0 0 0 0 0 0 0 0 0 0 0 0 0 0 0 0 0 0 0 0 0 0 0 0 0 0 0 0 0 0 0 0 0 0 0 0 0 0 0 0 0 0 0 0 0 0 0 0 0 0 0 0 0 0 0 0 0 0 0 0 0 0 0 0 0 0 0 0 0 0 0 0 0 0 0 0 0 0 0 0 0 0 0 0 0 0 0 0 0 0 0 0 0 0 0 0 0 0 0 0 0 0 0 0 0 0 0 0 0 0 0 0 0 0 0 0 0 0 0 0 0 0 0 0 0 0 0 0 0 0 0 0 0 0 0 0 0 0 0 0 0 0 0 0 0 0 0 0 0 0 0 0 0 0 0 0 0 0 0 0 0 0 0 0 0 0 0 0 0 0 0 0 0 0 0 0 0 0 0 0 0 0 0 0 0 0 0 0 0 0 0 0 0 0 0 0 0 0 0 0 0 0 0 0 0 0 0 0 0 0 0 0 0 0 0 0 0 0 0 0 0 0 0 0 0 0 0 0 0 0 0 0 0 0 0 0 0 0 0 0 0 0 0 0 0 0 0 0 0 0 0 0 0 0 0 0 0 0 0 0 0 0 0 0 0 0 0 0 0 0 0 0 0 0 0 0 0 0 0 0 0 0 0 0 0 0 0 0 0 0 0 0 0 0 0 0 0 0 0 0 0 0 0 0 0 0 0 0 0 0 0 0 0 0 0 0 0 0 0 0 0 0 0 0 0 0 0 0 0 0 0 0 0 0 0 0 0 0 0 0 0 0 0 0 0 0 0 0 0 0 0 0 0 0 0 0 0 0 0 0 0 0 0 0 0 0 0 0 0 0 0 0 0 0 0 0 0 0 0 0 0 0 0 0 0 0 0 0 0 0 0 0 0 0 0 0 0 0 0 0 0 0 0 0 0 0 0 0 0 0 0 0 0 0 0 0 0 0 0 0 0 0 0 0 0 0 0 0 0 0 0 0 0 0 0 0 0 0 0 0 0 0 0 0 0 0 0 0 0 0 0 0 0 0 0 0 0 0 0 0 0 0 0 0 0 0 0 0 0 0 0 0 0 0 0 0 0 0 0 0 0 0 0 0 0 0 0 0 0 0 0 0 0 0 0 0 0 0 0 0 0 0 0 0 0 0 0 0 0 0 0 0 0 0 0 0 0 0 0 0 0 0 0 0 0 0 0 0 0 0 0 0 0 0 0 0 0 0 0 0 0 0 0 0 0 0 0 0 0 0 0 0 0 0 0 0 0 0 0 0 0 0 0 0 0 0 0 0 0 0 0 0 0 0 0 0 0 0 0 0 0 0 0 0 0 0 0 0 0 0 0 0 0 0 0 0 0 0 0 0 0 0 0 0 0 0 0 0 0 0 0 0 0 0 0 0 0 0 0 0 0 0 0 0 0 0 0 0 0 0 0 0 0 0 0 0 0 0 0 0 0 0 0 0 0 0 0 0 0 0 0 0 0 0 0 0 0 0 0 0 0 0 0 0 0 0 0 0 0 0 0 0 0 0 0 0 0 0 0 0 0 0 0 0 0 0 0 0 0 0 0 0 0 0 0 0 0 0 0 0 0 0 0 0 0 0 0 0 0 0 0 0 0 0 0 0 0 0 0 0 0 0 0 0 0 0 0 0 0 0 0 0 0 0 0 0 0 0 0 0 0 0 0 0 0 0 0 0 0 0 0 0 0 0 0 0 0 0 0 0 0 0 0 0 0 0 0 0 0 0 0 0 0 0 0 0 0 0 0 0 0 0 0 0 0 0 0 0 0 0 0 0 0 0 0 0 0 0 0 0 0 0 0 0 0 0 0 0 0 0 0 0 0 0 0 0 0 0 0 0 0 0 0 0 0 0 0 0 0 0 0 0 0 0 0 0 0 0 0 0 0 0 0 0 0 0 0 0 0 0 0 0 0 0 0 0 0 0 0 0 0 0 0 0 0 0 0 0 0 0 0 0 0 0 0 0 0 0 0 0 0 0 0 0 0 0 0 0 0 0 0 0 0 0 0 0 0 0 0 0 0 0 0 0 0 0 0 0 0 0 0 0 0 0 0 0 0 0 0 0 0 0 0 0 0 0 0 0 0 0 0 0 0 0 0 0 0 0 0 0 0 0 0 0 0 0 0 0 0 0 0 0 0 0 0 0 0 0 0 0 0 0 0 0 0 0 0 0 0 0 0 0 0 0 0 0 0 0 0 0 0 0 0 0 0 0 0 0 0 0 0 0 0 0 0 0 0 0 0 0 0 0 0 0 0 0 0 0 0 0 0 0 0 0 0 0 0 0 0 0 0 0 0 0 0 0 0 0 0 0 0 0 0 0 0 0 0 0 0 0 0 0 0 0 0 0 0 0 0 0 0 0 0 0 0 0 0 0 0 0 0 0 0 0 0 0 0 0 0 0 0 0 0 0 0 0 0 0 0 0 0 0 0 0 0 0 0 0 0 0 0 0 0 0 0 0 0 0 0 0 0 0 0 0 0 0 0 0 0 0 0 0 0 0 0 0 0 0 0 0 0 0 0 0 0 0 0 0 0 0 0 0 0 0 0 0 0 0 0 0 0 0 0 0 0 0 0 0 0 0 0 0 0 0 0 0 0 0 0 0 0 0 0 0 0 0 0 0 0 0 0 0 0 0 0 0 0 0 0 0 0 0 0 0 0 0 0 0 0 0 0 0 0 0 0 0 0 0 0 0 0 0 0 0 0 0 0 0 0 0 0 0 0 0 0 0 0 0 0 0 0 0 0 0 0 0 0 0 0 0 0 0 0 0 0 0 0 0 0 0 0 0 0 0 0 0 0 0 0 0 0 0 0 0 0 0 0 0 0 0 0 0 0 0 0 0 0 0 0 0 0 0 0 0 0 0 0 0 0 0 0 0 0 0 0 0 0 0 0 0 0 0 0 0 0 0 0 0 0 0 0 0 0 0 0 0 0 0 0 0 0 0 0 0 0 0 0 0 0 0 0 0 0 0 0 0 0 0 0 0 0 0 0 0 0 0 0 0 0 0 0 0 0 0 0 0 0 0 0 0 0 0 0 0 0 0 0 0 0 0 0 0 0 0 0 0 0 0 0 0 0 0 0 0 0 0 0 0 0 0 0 0 0 0 0 0 0 0 0 0 0 0 0 0 0 0 0 0 0 0 0 0 0 0 0 0 0 0 0 0 0 0 0 0 0 0 0 0 0 0 0 0 0 0 0 0 0 0 0 0 0 0 0 0 0 0 0 0 0 0 0 0 0 0 0 0 0 0 0 0 0 0 0 0 0 0 0 0 0 0 0 0 0 0 0 0 0 0 0 0 0 0 0 0 0 0 0 0 0 0 0 0 0 0 0 0 0 0 0 0 0 0 0 0 0 0 0 0 0 0 0 0 0 0 0 0 0 0 0 0 0 0 0 0 0 0 0 0 0 0 0 0 0 0 0 0 0 0 0 0 0 0 0 0 0 0 0 0 0 0 0 0 0 0 0 0 0 0 0 0 0 0 0 0 0 0 0 0 0 0 0 0 0 0 0 0 0 0 0 0 0 0 0 0 0 0 0 0 0 0 0 0 0 0 0 0 0 0 0 0 0 0 0 0 0 0 0 0 0 0 0 0 0 0 0 0 0 0 0 0 0 0 0 0 0 0 0 0 0 0 0 0 0 0 0 0 0 0 0 0 0 0 0 0 0 0 0 0 0 0 0 0 0 0 0 0 0 0 0 0 0 0 0 0 0 0 0 0 0 0 0 0 0 0 0 0 0 0 0 0 0 0 0 0 0 0 0 0 0 0 0 0 0 0 0 0 0 0 0 0 0 0 0 0 0 0 0 0 0 0 0 0 0 0 0 0 0 0 0 0 0 0 0 0 0 0 0 0 0 0 0 0 0 0 0 0 0 0 0 0 0 0 0 0 0 0 0 0 0 0 0 0 0 0 0 0 0 0 0 0 0 0 0 0 0 0 0 0 0 0 0 0 0 0 0 0 0 0 0 0 0 0 0 0 0 0 0 0 0 0 0 0 0 0 0 0 0 0 0 0 0 0 0 0 0 0 0 0 0 0 0 0 0 0 0 0 0 0 0 0 0 0 0 0 0 0 0 0 0 0 0 0 0 0 0 0 0 0 0 0 0 0 0 0 0 0 0 0 0 0 0 0 0 0 0 0 0 0 0 0 0 0 0 0 0 0 0 0 0 0 0 0 0 0 0 0 0 0 0 0 0 0 0 0 0 0 0 0 0 0 0 0 0 0 0 0 0 0 0 0 0 0 0 0 0 0 0 0 0 0 0 0 0 0 0 0 0 0 0 0 0 0 0 0 0 0 0 0 0 0 0 0 0 0 0 0 0 0 0 0 0 0 0 0 0 0 0 0 0 0 0 0 0 0 0 0 0 0 0 0 0 0 0 0 0 0 0 0 0 0 0 0 0 0 0 0 0 0 0 0 0 0 0 0 0 0 0 0 0 0 0 0 0 0 0 0 0 0 0 0 0 0 0 0 0 0 0 0 0 0 0 0 0 0 0 0 0 0 0 0 0 0 0 0 0 0 0 0 0 0 0 0 0 0 0 0 0 0 0 0 0 0 0 0 0 0 0 0 0 0 0 0 0 0 0 0 0 0 0 0 0 0 0 0 0 0 0 0 0 0 0 0 0 0 0 0 0 0 0 0 0 0 0 0 0 0 0 0 0 0 0 0 0 0 0 0 0 0 0 0 0 0 0 0 0 0 0 0 0 0 0 0 0 0 0 0 0 0 0 0 0 0 0 0 0 0 0 0 0 0 0 0 0 0 0 0 0 0 0 0 0 0 0 0 0 0 0 0 0 0 0 0 0 0 0 0 0 0 0 0 0 0 0 0 0 0 0 0 0 0 0 0 0 0 0 0 0 0 0 0 0 0 0 0 0 0 0 0 0 0 0 0 0 0 0 0 0 0 0 0 0 0 0 0 0 0 0 0 0 0 0 0 0 0 0 0 0 0 0 0 0 0 0 0 0 0 0 0 0 0 0 0 0 0 0 0 0 0 0 0 0 0 0 0 0 0 0 0 0 0 0 0 0 0 0 0 0 0 0 0 0 0 0 0 0 0 0 0 0 0 0 0 0 0 0 0 0 0 0 0 0 0 0 0 0 0 0 0 0 0 0 0 0 0 0 0 0 0 0 0 0 0 0 0 0 0 0 0 0 0 0 0 0 0 0 0 0 0 0 0 0 0 0 0 0 0 0 0 0 0 0 0 0 0 0 0 0 0 0 0 0 0 0 0 0 0 0 0 0 0 0 0 0 0 0 0 0 0 0 0 0 0 0 0 0 0 0 0 0 0 0 0 0 0 0 0 0 0 0 0 0 0 0 0 0 0 0 0 0 0 0 0 0 0 0 0 0 0 0 0 0 0 0 0 0 0 0 0 0 0 0 0 0 0 0 0 0 0 0 0 0 0 0 0 0 0 0 0 0 0 0 0 0 0 0 0 0 0 0 0 0 0 0 0 0 0 0 0 0 0 0 0 0 0 0 0 0 0 0 0 0 0 0 0 0 0 0 0 0 0 0 0 0 0 0 0 0 0 0 0 0 0 0 0 0 0 0 0 0 0 0 0 0 0 0 0 0 0 0 0 0 0 0 0 0 0 0 0 0 0 0 0 0 0 0 0 0 0 0 0 0 0 0 0 0 0 0 0 0 0 0 0 0 0 0 0 0 0 0 0 0 0 0 0 0 0 0 0 0 0 0 0 0 0 0 0 0 0 0 0 0 0 0 0 0 0 0 0 0 0 0 0 0 0 0 0 0 0 0 0 0 0 0 0 0 0 0 0 0 0 0 0 0 0 0 0 0 0 0 0 0 0 0 0 0 0 0 0 0 0 0 0 0 0 0 0 0 0 0 0 0 0 0 0 0 0 0 0 0 0 0 0 0 0 0 0 0 0 0.2083333 0.5833333 0 0 0 0 0 0 0 0 0 0 0.2083333 0.5833333 0 0 0 0 0 0 0 0 0.2083333 0.5833333 0.2083333 0.5833333 0 0 0 0 0.7916667 0.5833333 0.7083333 0.5833333 0.7083333 0.5833333 0.7083333 0.5833333 0.7083333 0.6666666 0.7083333 0.6666666 0.7083333 0.6666666 0.7916666 0.6666666 0.7916666 0.6666666 0.7916666 0.6666666 0.7916667 0.5833333 0.7916667 0.5833333 0.7083333 0.5833333 0.7916667 0.5833333 0.7916666 0.6666666 0.2916666 0.5833333 0.2083333 0.5833333 0.2083333 0.5833333 0.2083333 0.5833333 0.2083333 0.6666666 0.2083333 0.6666666 0.2083333 0.6666666 0.2916666 0.6666666 0.2916666 0.6666666 0.2916666 0.6666666 0.2916666 0.5833333 0.2916666 0.5833333 0.2083333 0.5833333 0.2916666 0.5833333 0.2916666 0.6666666</float_array>
          <technique_common>
            <accessor source="#Cube_002-mesh-map-0-array" count="18330" stride="2">
              <param name="S" type="float"/>
              <param name="T" type="float"/>
            </accessor>
          </technique_common>
        </source>
        <vertices id="Cube_002-mesh-vertices">
          <input semantic="POSITION" source="#Cube_002-mesh-positions"/>
        </vertices>
        <triangles material="paintable-0-material" count="6058">
          <input semantic="VERTEX" source="#Cube_002-mesh-vertices" offset="0"/>
          <input semantic="NORMAL" source="#Cube_002-mesh-normals" offset="1"/>
          <input semantic="TEXCOORD" source="#Cube_002-mesh-map-0" offset="2" set="0"/>
          <p>44 0 0 27 0 1 59 0 2 27 1 3 19 1 4 39 1 5 45 2 6 22 2 7 55 2 8 46 3 9 29 3 10 1155 3 11 43 4 12 20 4 13 51 4 14 31 5 15 16 5 16 35 5 17 33 6 18 9 6 19 24 6 20 35 7 21 17 7 22 33 7 23 49 8 24 11 8 25 46 8 26 51 9 27 21 9 28 49 9 29 53 10 30 13 10 31 40 10 32 55 11 33 23 11 34 53 11 35 37 12 36 15 12 37 28 12 38 39 13 39 18 13 40 37 13 41 20 14 42 36 14 43 21 14 44 38 15 45 37 15 46 36 15 47 21 16 48 29 16 49 11 16 50 36 17 51 28 17 52 29 17 53 22 18 54 32 18 55 23 18 56 34 19 57 33 19 58 32 19 59 23 20 60 25 20 61 13 20 62 32 21 63 24 21 64 25 21 65 12 22 66 34 22 67 22 22 68 30 23 69 35 23 70 34 23 71 1153 24 72 15 24 73 41 24 74 1155 25 75 28 25 76 1153 25 77 10 26 78 38 26 79 20 26 80 26 27 81 39 27 82 38 27 83 57 28 84 10 28 85 43 28 86 59 29 87 26 29 88 57 29 89 30 30 90 56 30 91 31 30 92 57 31 93 63 31 94 59 31 95 31 32 96 42 32 97 8 32 98 56 33 99 43 33 100 42 33 101 24 34 102 1152 34 103 25 34 104 1108 35 105 1244 35 106 1109 35 107 25 36 108 40 36 109 13 36 110 1152 37 111 41 37 112 40 37 113 19 38 114 52 38 115 18 38 116 54 39 117 53 39 118 52 39 119 18 40 120 41 40 121 15 40 122 52 41 123 40 41 124 41 41 125 16 42 126 48 42 127 17 42 128 50 43 129 49 43 130 48 43 131 17 44 132 47 44 133 9 44 134 48 45 135 46 45 136 47 45 137 8 46 138 50 46 139 16 46 140 42 47 141 51 47 142 50 47 143 9 48 144 1154 48 145 24 48 146 47 49 147 1155 49 148 1154 49 149 14 50 150 54 50 151 19 50 152 44 51 153 55 51 154 54 51 155 12 52 156 58 52 157 30 52 158 45 53 159 59 53 160 58 53 161 59 54 162 62 54 163 58 54 164 56 55 165 61 55 166 57 55 167 58 56 168 60 56 169 56 56 170 1384 57 171 61 57 172 1401 57 173 1417 58 174 62 58 175 1400 58 176 1556 59 177 60 59 178 1557 59 179 1543 60 180 63 60 181 1542 60 182 1319 61 183 1752 61 184 1336 61 185 1336 62 186 1749 62 187 1335 62 188 1335 63 189 1750 63 190 1318 63 191 1317 64 192 1747 64 193 1318 64 194 1318 65 195 1748 65 196 1335 65 197 1335 66 198 1745 66 199 1334 66 200 1334 67 201 1746 67 202 1317 67 203 1316 68 204 1743 68 205 1317 68 206 1317 69 207 1744 69 208 1334 69 209 1334 70 210 1186 70 211 1333 70 212 1333 71 213 1187 71 214 1316 71 215 1313 72 216 1741 72 217 1297 72 218 1297 73 219 1742 73 220 1314 73 221 1314 74 222 1739 74 223 1330 74 224 1330 75 225 1740 75 226 1313 75 227 1312 76 228 1737 76 229 1313 76 230 1313 77 231 1738 77 232 1330 77 233 1330 78 234 1735 78 235 1329 78 236 1329 79 237 1736 79 238 1312 79 239 1311 80 240 1733 80 241 1312 80 242 1312 81 243 1734 81 244 1329 81 245 1329 82 246 1731 82 247 1328 82 248 1328 83 249 1732 83 250 1311 83 251 1310 84 252 1729 84 253 1311 84 254 1311 85 255 1730 85 256 1328 85 257 1328 86 258 1727 86 259 1327 86 260 1327 87 261 1728 87 262 1310 87 263 1309 88 264 1725 88 265 1310 88 266 1310 89 267 1726 89 268 1327 89 269 1327 90 270 1723 90 271 1326 90 272 1326 91 273 1724 91 274 1309 91 275 1308 92 276 1721 92 277 1309 92 278 1309 93 279 1722 93 280 1326 93 281 1326 94 282 1719 94 283 1325 94 284 1325 95 285 1720 95 286 1308 95 287 1307 96 288 1717 96 289 1308 96 290 1308 97 291 1718 97 292 1325 97 293 1325 98 294 1715 98 295 1324 98 296 1324 99 297 1716 99 298 1307 99 299 1306 100 300 1713 100 301 1307 100 302 1307 101 303 1714 101 304 1324 101 305 1324 102 306 1711 102 307 1323 102 308 1323 103 309 1712 103 310 1306 103 311 1305 104 312 1709 104 313 1306 104 314 1306 105 315 1710 105 316 1323 105 317 1323 106 318 1707 106 319 1322 106 320 1322 107 321 1708 107 322 1305 107 323 1304 108 324 1705 108 325 1305 108 326 1305 109 327 1706 109 328 1322 109 329 1322 110 330 1703 110 331 1321 110 332 1321 111 333 1704 111 334 1304 111 335 1303 112 336 1701 112 337 1304 112 338 1304 113 339 1702 113 340 1321 113 341 1321 114 342 1699 114 343 1320 114 344 1320 115 345 1700 115 346 1303 115 347 1302 116 348 1697 116 349 1303 116 350 1303 117 351 1698 117 352 1320 117 353 1320 118 354 1695 118 355 1319 118 356 1319 119 357 1696 119 358 1302 119 359 1301 120 360 1693 120 361 1302 120 362 1302 121 363 1694 121 364 1319 121 365 1319 122 366 1691 122 367 1318 122 368 1318 123 369 1692 123 370 1301 123 371 1300 124 372 1689 124 373 1301 124 374 1301 125 375 1690 125 376 1318 125 377 1318 126 378 1687 126 379 1317 126 380 1317 127 381 1688 127 382 1300 127 383 1299 128 384 1685 128 385 1300 128 386 1300 129 387 1686 129 388 1317 129 389 1317 130 390 1188 130 391 1316 130 392 1316 131 393 1189 131 394 1299 131 395 1296 132 396 1683 132 397 1280 132 398 1280 133 399 1684 133 400 1297 133 401 1297 134 402 1681 134 403 1313 134 404 1313 135 405 1682 135 406 1296 135 407 1295 136 408 1679 136 409 1296 136 410 1296 137 411 1680 137 412 1313 137 413 1313 138 414 1677 138 415 1312 138 416 1312 139 417 1678 139 418 1295 139 419 1294 140 420 1675 140 421 1295 140 422 1295 141 423 1676 141 424 1312 141 425 1312 142 426 1673 142 427 1311 142 428 1311 143 429 1674 143 430 1294 143 431 1293 144 432 1671 144 433 1294 144 434 1294 145 435 1672 145 436 1311 145 437 1311 146 438 1669 146 439 1310 146 440 1310 147 441 1670 147 442 1293 147 443 1292 148 444 1667 148 445 1293 148 446 1293 149 447 1668 149 448 1310 149 449 1310 150 450 1665 150 451 1309 150 452 1309 151 453 1666 151 454 1292 151 455 1291 152 456 1663 152 457 1292 152 458 1292 153 459 1664 153 460 1309 153 461 1309 154 462 1661 154 463 1308 154 464 1308 155 465 1662 155 466 1291 155 467 1290 156 468 1659 156 469 1291 156 470 1291 157 471 1660 157 472 1308 157 473 1308 158 474 1657 158 475 1307 158 476 1307 159 477 1658 159 478 1290 159 479 1289 160 480 1655 160 481 1290 160 482 1290 161 483 1656 161 484 1307 161 485 1307 162 486 1653 162 487 1306 162 488 1306 163 489 1654 163 490 1289 163 491 1288 164 492 1651 164 493 1289 164 494 1289 165 495 1652 165 496 1306 165 497 1306 166 498 1649 166 499 1305 166 500 1305 167 501 1650 167 502 1288 167 503 1287 168 504 1647 168 505 1288 168 506 1288 169 507 1648 169 508 1305 169 509 1305 170 510 1645 170 511 1304 170 512 1304 171 513 1646 171 514 1287 171 515 1286 172 516 1643 172 517 1287 172 518 1287 173 519 1644 173 520 1304 173 521 1304 174 522 1641 174 523 1303 174 524 1303 175 525 1642 175 526 1286 175 527 1285 176 528 1639 176 529 1286 176 530 1286 177 531 1640 177 532 1303 177 533 1303 178 534 1637 178 535 1302 178 536 1302 179 537 1638 179 538 1285 179 539 1284 180 540 1635 180 541 1285 180 542 1285 181 543 1636 181 544 1302 181 545 1302 182 546 1633 182 547 1301 182 548 1301 183 549 1634 183 550 1284 183 551 1283 184 552 1631 184 553 1284 184 554 1284 185 555 1632 185 556 1301 185 557 1301 186 558 1629 186 559 1300 186 560 1300 187 561 1630 187 562 1283 187 563 1282 188 564 1627 188 565 1283 188 566 1283 189 567 1628 189 568 1300 189 569 1300 190 570 1190 190 571 1299 190 572 1299 191 573 1191 191 574 1282 191 575 1548 192 576 1193 192 577 1549 192 578 1549 193 579 1626 193 580 1280 193 581 1280 194 582 1625 194 583 1296 194 584 1296 195 585 1194 195 586 1548 195 587 1547 196 588 1195 196 589 1548 196 590 1548 197 591 1624 197 592 1296 197 593 1296 198 594 1623 198 595 1295 198 596 1295 199 597 1196 199 598 1547 199 599 1546 200 600 1197 200 601 1547 200 602 1547 201 603 1622 201 604 1295 201 605 1295 202 606 1621 202 607 1294 202 608 1294 203 609 1198 203 610 1546 203 611 1545 204 612 1199 204 613 1546 204 614 1546 205 615 1620 205 616 1294 205 617 1294 206 618 1619 206 619 1293 206 620 1293 207 621 1200 207 622 1545 207 623 1544 208 624 1201 208 625 1545 208 626 1545 209 627 1618 209 628 1293 209 629 1293 210 630 1617 210 631 1292 210 632 1292 211 633 1202 211 634 1544 211 635 1544 212 636 1204 212 637 1203 212 638 1544 213 639 1616 213 640 1292 213 641 1292 214 642 1615 214 643 1291 214 644 1291 215 645 1204 215 646 1543 215 647 1543 216 648 1206 216 649 1205 216 650 1543 217 651 1614 217 652 1291 217 653 1290 218 654 1614 218 655 1613 218 656 1290 219 657 1206 219 658 1542 219 659 1542 220 660 1208 220 661 1207 220 662 1542 221 663 1612 221 664 1290 221 665 1289 222 666 1612 222 667 1611 222 668 1289 223 669 1208 223 670 1541 223 671 1540 224 672 1209 224 673 1541 224 674 1541 225 675 1610 225 676 1289 225 677 1288 226 678 1610 226 679 1609 226 680 1288 227 681 1210 227 682 1540 227 683 1539 228 684 1211 228 685 1540 228 686 1540 229 687 1608 229 688 1288 229 689 1288 230 690 1607 230 691 1287 230 692 1287 231 693 1212 231 694 1539 231 695 1538 232 696 1213 232 697 1539 232 698 1539 233 699 1606 233 700 1287 233 701 1287 234 702 1605 234 703 1286 234 704 1286 235 705 1214 235 706 1538 235 707 1537 236 708 1215 236 709 1538 236 710 1538 237 711 1604 237 712 1286 237 713 1286 238 714 1603 238 715 1285 238 716 1285 239 717 1216 239 718 1537 239 719 1536 240 720 1217 240 721 1537 240 722 1537 241 723 1602 241 724 1285 241 725 1285 242 726 1601 242 727 1284 242 728 1284 243 729 1218 243 730 1536 243 731 1535 244 732 1219 244 733 1536 244 734 1536 245 735 1600 245 736 1284 245 737 1284 246 738 1599 246 739 1283 246 740 1283 247 741 1220 247 742 1535 247 743 1598 248 744 1158 248 745 1535 248 746 1535 249 747 1597 249 748 1283 249 749 1283 250 750 1156 250 751 1282 250 752 1282 251 753 1157 251 754 1598 251 755 1501 252 756 1253 252 757 1502 252 758 1502 253 759 1252 253 760 1519 253 761 1519 254 762 1595 254 763 1518 254 764 1518 255 765 1596 255 766 1501 255 767 1484 256 768 1255 256 769 1485 256 770 1485 257 771 1254 257 772 1502 257 773 1502 258 774 1593 258 775 1501 258 776 1501 259 777 1594 259 778 1484 259 779 1467 260 780 1257 260 781 1468 260 782 1468 261 783 1256 261 784 1485 261 785 1485 262 786 1591 262 787 1484 262 788 1484 263 789 1592 263 790 1467 263 791 1450 264 792 1259 264 793 1451 264 794 1451 265 795 1258 265 796 1468 265 797 1468 266 798 1589 266 799 1467 266 800 1467 267 801 1590 267 802 1450 267 803 1433 268 804 1261 268 805 1434 268 806 1434 269 807 1260 269 808 1451 269 809 1451 270 810 1587 270 811 1450 270 812 1450 271 813 1588 271 814 1433 271 815 1416 272 816 1263 272 817 1417 272 818 1417 273 819 1262 273 820 1434 273 821 1434 274 822 1585 274 823 1433 274 824 1433 275 825 1586 275 826 1416 275 827 1399 276 828 1265 276 829 1400 276 830 1400 277 831 1264 277 832 1417 277 833 1417 278 834 1583 278 835 1416 278 836 1416 279 837 1584 279 838 1399 279 839 1382 280 840 1267 280 841 1383 280 842 1383 281 843 1266 281 844 1400 281 845 1400 282 846 1581 282 847 1399 282 848 1399 283 849 1582 283 850 1382 283 851 1365 284 852 1269 284 853 1366 284 854 1366 285 855 1268 285 856 1383 285 857 1383 286 858 1579 286 859 1382 286 860 1382 287 861 1580 287 862 1365 287 863 1348 288 864 1271 288 865 1349 288 866 1349 289 867 1270 289 868 1366 289 869 1366 290 870 1577 290 871 1365 290 872 1365 291 873 1578 291 874 1348 291 875 1331 292 876 1273 292 877 1332 292 878 1332 293 879 1272 293 880 1349 293 881 1349 294 882 1575 294 883 1348 294 884 1348 295 885 1576 295 886 1331 295 887 1314 296 888 1275 296 889 1315 296 890 1315 297 891 1274 297 892 1332 297 893 1332 298 894 1573 298 895 1331 298 896 1331 299 897 1574 299 898 1314 299 899 1297 300 900 1277 300 901 1298 300 902 1298 301 903 1276 301 904 1315 301 905 1315 302 906 1571 302 907 1314 302 908 1314 303 909 1572 303 910 1297 303 911 1280 304 912 1279 304 913 1281 304 914 1281 305 915 1278 305 916 1298 305 917 1298 306 918 1569 306 919 1297 306 920 1297 307 921 1570 307 922 1280 307 923 1549 308 924 1162 308 925 1568 308 926 1568 309 927 1161 309 928 1281 309 929 1281 310 930 1567 310 931 1280 310 932 1280 311 933 1192 311 934 1549 311 935 1518 312 936 1251 312 937 1519 312 938 1519 313 939 1221 313 940 1566 313 941 1566 314 942 1222 314 943 1564 314 944 1518 315 945 1222 315 946 1565 315 947 454 316 948 1821 316 949 455 316 950 697 317 951 2058 317 952 698 317 953 248 318 954 1625 318 955 249 318 956 453 319 957 1822 319 958 454 319 959 699 320 960 2056 320 961 696 320 962 85 321 963 1548 321 964 84 321 965 902 322 966 2255 322 967 903 322 968 455 323 969 1820 323 970 452 323 971 696 324 972 2055 324 973 697 324 974 109 325 975 1552 325 976 110 325 977 901 326 978 2256 326 979 902 326 980 452 327 981 1819 327 982 453 327 983 903 328 984 2254 328 985 900 328 986 900 329 987 2253 329 988 901 329 989 1106 330 990 2446 330 991 1107 330 992 246 331 993 1195 331 994 247 331 995 1107 332 996 2445 332 997 1104 332 998 694 333 999 2053 333 1000 695 333 1001 245 334 1002 1624 334 1003 246 334 1004 1104 335 1005 1246 335 1006 1105 335 1007 450 336 1008 1817 336 1009 451 336 1010 693 337 1011 2054 337 1012 694 337 1013 244 338 1014 1623 338 1015 245 338 1016 449 339 1017 1818 339 1018 450 339 1019 695 340 1020 2052 340 1021 692 340 1022 86 341 1023 1547 341 1024 85 341 1025 898 342 1026 2251 342 1027 899 342 1028 451 343 1029 1816 343 1030 448 343 1031 692 344 1032 2051 344 1033 693 344 1034 110 345 1035 1551 345 1036 111 345 1037 897 346 1038 2252 346 1039 898 346 1040 448 347 1041 1815 347 1042 449 347 1043 899 348 1044 2250 348 1045 896 348 1046 896 349 1047 2249 349 1048 897 349 1049 1102 350 1050 2444 350 1051 1103 350 1052 242 351 1053 1197 351 1054 243 351 1055 1103 352 1056 2443 352 1057 1100 352 1058 690 353 1059 2049 353 1060 691 353 1061 241 354 1062 1622 354 1063 242 354 1064 1100 355 1065 1248 355 1066 1101 355 1067 446 356 1068 1813 356 1069 447 356 1070 689 357 1071 2050 357 1072 690 357 1073 240 358 1074 1621 358 1075 241 358 1076 445 359 1077 1814 359 1078 446 359 1079 691 360 1080 2048 360 1081 688 360 1082 87 361 1083 1546 361 1084 86 361 1085 894 362 1086 2247 362 1087 895 362 1088 447 363 1089 1812 363 1090 444 363 1091 688 364 1092 2047 364 1093 689 364 1094 111 365 1095 1550 365 1096 112 365 1097 893 366 1098 2248 366 1099 894 366 1100 444 367 1101 1811 367 1102 445 367 1103 895 368 1104 2246 368 1105 892 368 1106 134 369 1107 1162 369 1108 135 369 1109 892 370 1110 2245 370 1111 893 370 1112 1093 371 1113 1159 371 1114 1094 371 1115 1098 372 1116 2442 372 1117 1099 372 1118 195 373 1119 1157 373 1120 192 373 1121 238 374 1122 1199 374 1123 239 374 1124 1099 375 1125 2441 375 1126 1096 375 1127 686 376 1128 2045 376 1129 687 376 1130 192 377 1131 1156 377 1132 193 377 1133 237 378 1134 1620 378 1135 238 378 1136 1096 379 1137 1250 379 1138 1097 379 1139 442 380 1140 1809 380 1141 443 380 1142 685 381 1143 2046 381 1144 686 381 1145 236 382 1146 1619 382 1147 237 382 1148 441 383 1149 1810 383 1150 442 383 1151 687 384 1152 2044 384 1153 684 384 1154 88 385 1155 1545 385 1156 87 385 1157 890 386 1158 2243 386 1159 891 386 1160 443 387 1161 1808 387 1162 440 387 1163 684 388 1164 2043 388 1165 685 388 1166 112 389 1167 2440 389 1168 65 389 1169 889 390 1170 2244 390 1171 890 390 1172 440 391 1173 1807 391 1174 441 391 1175 891 392 1176 2242 392 1177 888 392 1178 888 393 1179 2241 393 1180 889 393 1181 65 394 1182 1520 394 1183 68 394 1184 234 395 1185 1201 395 1186 235 395 1187 1094 396 1188 2439 396 1189 1095 396 1190 682 397 1191 2041 397 1192 683 397 1193 233 398 1194 1618 398 1195 234 398 1196 1095 399 1197 1163 399 1198 1092 399 1199 438 400 1200 1805 400 1201 439 400 1202 681 401 1203 2042 401 1204 682 401 1205 232 402 1206 1617 402 1207 233 402 1208 437 403 1209 1806 403 1210 438 403 1211 683 404 1212 2040 404 1213 680 404 1214 89 405 1215 1544 405 1216 88 405 1217 886 406 1218 2239 406 1219 887 406 1220 439 407 1221 1804 407 1222 436 407 1223 680 408 1224 2039 408 1225 681 408 1226 885 409 1227 2240 409 1228 886 409 1229 436 410 1230 1803 410 1231 437 410 1232 887 411 1233 2238 411 1234 884 411 1235 1090 412 1236 2437 412 1237 1091 412 1238 884 413 1239 2237 413 1240 885 413 1241 1089 414 1242 2438 414 1243 1090 414 1244 230 415 1245 1203 415 1246 231 415 1247 1091 416 1248 2436 416 1249 1088 416 1250 678 417 1251 2037 417 1252 679 417 1253 229 418 1254 1616 418 1255 230 418 1256 1088 419 1257 2435 419 1258 1089 419 1259 78 420 1260 1333 420 1261 79 420 1262 677 421 1263 2038 421 1264 678 421 1265 228 422 1266 1615 422 1267 229 422 1268 434 423 1269 1801 423 1270 435 423 1271 679 424 1272 2036 424 1273 676 424 1274 90 425 1275 1543 425 1276 89 425 1277 882 426 1278 2235 426 1279 883 426 1280 433 427 1281 1802 427 1282 434 427 1283 676 428 1284 2035 428 1285 677 428 1286 881 429 1287 2236 429 1288 882 429 1289 435 430 1290 1185 430 1291 432 430 1292 883 431 1293 2234 431 1294 880 431 1295 1086 432 1296 2433 432 1297 1087 432 1298 880 433 1299 2233 433 1300 881 433 1301 1085 434 1302 2434 434 1303 1086 434 1304 226 435 1305 1205 435 1306 227 435 1307 1087 436 1308 2432 436 1309 1084 436 1310 74 437 1311 1401 437 1312 75 437 1313 225 438 1314 1614 438 1315 226 438 1316 1084 439 1317 2431 439 1318 1085 439 1319 430 440 1320 1799 440 1321 431 440 1322 674 441 1323 2033 441 1324 675 441 1325 224 442 1326 1613 442 1327 225 442 1328 429 443 1329 1800 443 1330 430 443 1331 673 444 1332 2034 444 1333 674 444 1334 91 445 1335 1542 445 1336 90 445 1337 878 446 1338 2231 446 1339 879 446 1340 431 447 1341 1798 447 1342 428 447 1343 675 448 1344 1177 448 1345 672 448 1346 877 449 1347 2232 449 1348 878 449 1349 428 450 1350 1797 450 1351 429 450 1352 879 451 1353 2230 451 1354 876 451 1355 1082 452 1356 2429 452 1357 1083 452 1358 876 453 1359 2229 453 1360 877 453 1361 1081 454 1362 2430 454 1363 1082 454 1364 222 455 1365 1207 455 1366 223 455 1367 1083 456 1368 2428 456 1369 1080 456 1370 670 457 1371 2031 457 1372 671 457 1373 221 458 1374 1612 458 1375 222 458 1376 1080 459 1377 2427 459 1378 1081 459 1379 426 460 1380 1795 460 1381 427 460 1382 669 461 1383 2032 461 1384 670 461 1385 220 462 1386 1611 462 1387 221 462 1388 425 463 1389 1796 463 1390 426 463 1391 671 464 1392 2030 464 1393 668 464 1394 92 465 1395 1541 465 1396 91 465 1397 874 466 1398 2227 466 1399 875 466 1400 427 467 1401 1794 467 1402 424 467 1403 668 468 1404 2029 468 1405 669 468 1406 873 469 1407 2228 469 1408 874 469 1409 424 470 1410 1793 470 1411 425 470 1412 875 471 1413 2226 471 1414 872 471 1415 1078 472 1416 2425 472 1417 1079 472 1418 872 473 1419 2225 473 1420 873 473 1421 1077 474 1422 2426 474 1423 1078 474 1424 218 475 1425 1209 475 1426 219 475 1427 1079 476 1428 2424 476 1429 1076 476 1430 666 477 1431 2027 477 1432 667 477 1433 217 478 1434 1610 478 1435 218 478 1436 1076 479 1437 2423 479 1438 1077 479 1439 422 480 1440 1791 480 1441 423 480 1442 665 481 1443 2028 481 1444 666 481 1445 216 482 1446 1609 482 1447 217 482 1448 421 483 1449 1792 483 1450 422 483 1451 667 484 1452 2026 484 1453 664 484 1454 93 485 1455 1540 485 1456 92 485 1457 870 486 1458 2223 486 1459 871 486 1460 423 487 1461 1790 487 1462 420 487 1463 664 488 1464 2025 488 1465 665 488 1466 869 489 1467 2224 489 1468 870 489 1469 420 490 1470 1789 490 1471 421 490 1472 871 491 1473 2222 491 1474 868 491 1475 1074 492 1476 2421 492 1477 1075 492 1478 868 493 1479 2221 493 1480 869 493 1481 1073 494 1482 2422 494 1483 1074 494 1484 214 495 1485 1211 495 1486 215 495 1487 1075 496 1488 2420 496 1489 1072 496 1490 662 497 1491 2023 497 1492 663 497 1493 213 498 1494 1608 498 1495 214 498 1496 1072 499 1497 2419 499 1498 1073 499 1499 418 500 1500 1787 500 1501 419 500 1502 661 501 1503 2024 501 1504 662 501 1505 212 502 1506 1607 502 1507 213 502 1508 417 503 1509 1788 503 1510 418 503 1511 663 504 1512 2022 504 1513 660 504 1514 94 505 1515 1539 505 1516 93 505 1517 866 506 1518 2219 506 1519 867 506 1520 419 507 1521 1786 507 1522 416 507 1523 660 508 1524 2021 508 1525 661 508 1526 865 509 1527 2220 509 1528 866 509 1529 416 510 1530 1785 510 1531 417 510 1532 867 511 1533 2218 511 1534 864 511 1535 1070 512 1536 2417 512 1537 1071 512 1538 864 513 1539 2217 513 1540 865 513 1541 1069 514 1542 2418 514 1543 1070 514 1544 210 515 1545 1213 515 1546 211 515 1547 1071 516 1548 2416 516 1549 1068 516 1550 658 517 1551 2019 517 1552 659 517 1553 209 518 1554 1606 518 1555 210 518 1556 1068 519 1557 2415 519 1558 1069 519 1559 414 520 1560 1783 520 1561 415 520 1562 657 521 1563 2020 521 1564 658 521 1565 208 522 1566 1605 522 1567 209 522 1568 413 523 1569 1784 523 1570 414 523 1571 659 524 1572 2018 524 1573 656 524 1574 95 525 1575 1538 525 1576 94 525 1577 862 526 1578 2215 526 1579 863 526 1580 415 527 1581 1782 527 1582 412 527 1583 656 528 1584 2017 528 1585 657 528 1586 861 529 1587 2216 529 1588 862 529 1589 412 530 1590 1781 530 1591 413 530 1592 863 531 1593 2214 531 1594 860 531 1595 1066 532 1596 2413 532 1597 1067 532 1598 860 533 1599 2213 533 1600 861 533 1601 1065 534 1602 2414 534 1603 1066 534 1604 206 535 1605 1215 535 1606 207 535 1607 1067 536 1608 2412 536 1609 1064 536 1610 654 537 1611 2015 537 1612 655 537 1613 205 538 1614 1604 538 1615 206 538 1616 1064 539 1617 2411 539 1618 1065 539 1619 410 540 1620 1779 540 1621 411 540 1622 653 541 1623 2016 541 1624 654 541 1625 204 542 1626 1603 542 1627 205 542 1628 409 543 1629 1780 543 1630 410 543 1631 655 544 1632 2014 544 1633 652 544 1634 96 545 1635 1537 545 1636 95 545 1637 858 546 1638 2211 546 1639 859 546 1640 411 547 1641 1778 547 1642 408 547 1643 652 548 1644 2013 548 1645 653 548 1646 857 549 1647 2212 549 1648 858 549 1649 408 550 1650 1777 550 1651 409 550 1652 859 551 1653 2210 551 1654 856 551 1655 1062 552 1656 2409 552 1657 1063 552 1658 856 553 1659 2209 553 1660 857 553 1661 1061 554 1662 2410 554 1663 1062 554 1664 202 555 1665 1217 555 1666 203 555 1667 1063 556 1668 2408 556 1669 1060 556 1670 650 557 1671 2011 557 1672 651 557 1673 201 558 1674 1602 558 1675 202 558 1676 1060 559 1677 2407 559 1678 1061 559 1679 406 560 1680 1775 560 1681 407 560 1682 649 561 1683 2012 561 1684 650 561 1685 200 562 1686 1601 562 1687 201 562 1688 405 563 1689 1776 563 1690 406 563 1691 651 564 1692 2010 564 1693 648 564 1694 97 565 1695 1536 565 1696 96 565 1697 71 566 1698 1452 566 1699 72 566 1700 407 567 1701 1774 567 1702 404 567 1703 648 568 1704 2009 568 1705 649 568 1706 854 569 1707 2207 569 1708 855 569 1709 404 570 1710 1773 570 1711 405 570 1712 853 571 1713 2208 571 1714 854 571 1715 1058 572 1716 2405 572 1717 1059 572 1718 855 573 1719 1171 573 1720 852 573 1721 1057 574 1722 2406 574 1723 1058 574 1724 198 575 1725 1219 575 1726 199 575 1727 1059 576 1728 2404 576 1729 1056 576 1730 646 577 1731 2007 577 1732 647 577 1733 197 578 1734 1600 578 1735 198 578 1736 1056 579 1737 2403 579 1738 1057 579 1739 402 580 1740 1771 580 1741 403 580 1742 645 581 1743 2008 581 1744 646 581 1745 196 582 1746 1599 582 1747 197 582 1748 401 583 1749 1772 583 1750 402 583 1751 647 584 1752 2006 584 1753 644 584 1754 64 585 1755 1535 585 1756 97 585 1757 850 586 1758 2205 586 1759 851 586 1760 403 587 1761 1770 587 1762 400 587 1763 644 588 1764 2005 588 1765 645 588 1766 849 589 1767 2206 589 1768 850 589 1769 400 590 1770 1769 590 1771 401 590 1772 851 591 1773 2204 591 1774 848 591 1775 1054 592 1776 2401 592 1777 1055 592 1778 848 593 1779 2203 593 1780 849 593 1781 1053 594 1782 2402 594 1783 1054 594 1784 82 595 1785 1598 595 1786 64 595 1787 1055 596 1788 2400 596 1789 1052 596 1790 642 597 1791 2003 597 1792 643 597 1793 194 598 1794 1158 598 1795 195 598 1796 1052 599 1797 2399 599 1798 1053 599 1799 398 600 1800 1767 600 1801 399 600 1802 641 601 1803 2004 601 1804 642 601 1805 193 602 1806 1597 602 1807 194 602 1808 397 603 1809 1768 603 1810 398 603 1811 643 604 1812 2002 604 1813 640 604 1814 846 605 1815 2201 605 1816 847 605 1817 399 606 1818 1766 606 1819 396 606 1820 640 607 1821 2001 607 1822 641 607 1823 114 608 1824 1519 608 1825 113 608 1826 845 609 1827 2202 609 1828 846 609 1829 396 610 1830 1765 610 1831 397 610 1832 847 611 1833 2200 611 1834 844 611 1835 1050 612 1836 2397 612 1837 1051 612 1838 844 613 1839 2199 613 1840 845 613 1841 1049 614 1842 2398 614 1843 1050 614 1844 189 615 1845 1252 615 1846 190 615 1847 1051 616 1848 2396 616 1849 1048 616 1850 638 617 1851 1999 617 1852 639 617 1853 191 618 1854 1596 618 1855 188 618 1856 1048 619 1857 2395 619 1858 1049 619 1859 394 620 1860 1763 620 1861 395 620 1862 637 621 1863 2000 621 1864 638 621 1865 188 622 1866 1595 622 1867 189 622 1868 393 623 1869 1764 623 1870 394 623 1871 639 624 1872 1998 624 1873 636 624 1874 842 625 1875 2197 625 1876 843 625 1877 395 626 1878 1762 626 1879 392 626 1880 636 627 1881 1997 627 1882 637 627 1883 115 628 1884 1502 628 1885 114 628 1886 841 629 1887 2198 629 1888 842 629 1889 392 630 1890 1761 630 1891 393 630 1892 843 631 1893 2196 631 1894 840 631 1895 1046 632 1896 2393 632 1897 1047 632 1898 840 633 1899 2195 633 1900 841 633 1901 1045 634 1902 2394 634 1903 1046 634 1904 185 635 1905 1254 635 1906 186 635 1907 1047 636 1908 2392 636 1909 1044 636 1910 634 637 1911 1995 637 1912 635 637 1913 187 638 1914 1594 638 1915 184 638 1916 1044 639 1917 2391 639 1918 1045 639 1919 390 640 1920 1759 640 1921 391 640 1922 633 641 1923 1996 641 1924 634 641 1925 184 642 1926 1593 642 1927 185 642 1928 389 643 1929 1760 643 1930 390 643 1931 635 644 1932 1994 644 1933 632 644 1934 838 645 1935 2193 645 1936 839 645 1937 391 646 1938 1758 646 1939 388 646 1940 632 647 1941 1993 647 1942 633 647 1943 116 648 1944 1485 648 1945 115 648 1946 837 649 1947 2194 649 1948 838 649 1949 388 650 1950 1757 650 1951 389 650 1952 839 651 1953 2192 651 1954 836 651 1955 1042 652 1956 2389 652 1957 1043 652 1958 836 653 1959 2191 653 1960 837 653 1961 1041 654 1962 2390 654 1963 1042 654 1964 181 655 1965 1256 655 1966 182 655 1967 1043 656 1968 2388 656 1969 1040 656 1970 630 657 1971 1991 657 1972 631 657 1973 183 658 1974 1592 658 1975 180 658 1976 1040 659 1977 2387 659 1978 1041 659 1979 386 660 1980 1755 660 1981 387 660 1982 629 661 1983 1992 661 1984 630 661 1985 180 662 1986 1591 662 1987 181 662 1988 385 663 1989 1756 663 1990 386 663 1991 631 664 1992 1990 664 1993 628 664 1994 834 665 1995 2189 665 1996 835 665 1997 387 666 1998 1754 666 1999 384 666 2000 628 667 2001 1989 667 2002 629 667 2003 117 668 2004 1468 668 2005 116 668 2006 833 669 2007 2190 669 2008 834 669 2009 384 670 2010 1753 670 2011 385 670 2012 835 671 2013 2188 671 2014 832 671 2015 1038 672 2016 2385 672 2017 1039 672 2018 832 673 2019 2187 673 2020 833 673 2021 1037 674 2022 2386 674 2023 1038 674 2024 177 675 2025 1258 675 2026 178 675 2027 1039 676 2028 2384 676 2029 1036 676 2030 626 677 2031 1987 677 2032 627 677 2033 179 678 2034 1590 678 2035 176 678 2036 1036 679 2037 2383 679 2038 1037 679 2039 382 680 2040 1751 680 2041 383 680 2042 625 681 2043 1988 681 2044 626 681 2045 176 682 2046 1589 682 2047 177 682 2048 381 683 2049 1752 683 2050 382 683 2051 627 684 2052 1986 684 2053 624 684 2054 830 685 2055 2185 685 2056 831 685 2057 383 686 2058 1750 686 2059 380 686 2060 624 687 2061 1985 687 2062 625 687 2063 118 688 2064 1451 688 2065 117 688 2066 829 689 2067 2186 689 2068 830 689 2069 380 690 2070 1749 690 2071 381 690 2072 831 691 2073 2184 691 2074 828 691 2075 68 692 2076 1503 692 2077 69 692 2078 828 693 2079 2183 693 2080 829 693 2081 1034 694 2082 2381 694 2083 1035 694 2084 173 695 2085 1260 695 2086 174 695 2087 1033 696 2088 2382 696 2089 1034 696 2090 622 697 2091 1983 697 2092 623 697 2093 175 698 2094 1588 698 2095 172 698 2096 1035 699 2097 1165 699 2098 1032 699 2099 378 700 2100 1747 700 2101 379 700 2102 621 701 2103 1984 701 2104 622 701 2105 172 702 2106 1587 702 2107 173 702 2108 377 703 2109 1748 703 2110 378 703 2111 623 704 2112 1982 704 2113 620 704 2114 826 705 2115 2181 705 2116 827 705 2117 379 706 2118 1746 706 2119 376 706 2120 620 707 2121 1981 707 2122 621 707 2123 119 708 2124 1434 708 2125 118 708 2126 825 709 2127 2182 709 2128 826 709 2129 376 710 2130 1745 710 2131 377 710 2132 827 711 2133 2180 711 2134 824 711 2135 1030 712 2136 2379 712 2137 1031 712 2138 824 713 2139 2179 713 2140 825 713 2141 1029 714 2142 2380 714 2143 1030 714 2144 169 715 2145 1262 715 2146 170 715 2147 1031 716 2148 2378 716 2149 1028 716 2150 618 717 2151 1979 717 2152 619 717 2153 171 718 2154 1586 718 2155 168 718 2156 1028 719 2157 2377 719 2158 1029 719 2159 79 720 2160 1316 720 2161 80 720 2162 617 721 2163 1980 721 2164 618 721 2165 168 722 2166 1585 722 2167 169 722 2168 374 723 2169 1743 723 2170 375 723 2171 619 724 2172 1978 724 2173 616 724 2174 822 725 2175 2177 725 2176 823 725 2177 373 726 2178 1744 726 2179 374 726 2180 616 727 2181 1977 727 2182 617 727 2183 120 728 2184 1417 728 2185 119 728 2186 578 729 2187 1941 729 2188 579 729 2189 821 730 2190 2178 730 2191 822 730 2192 375 731 2193 1187 731 2194 372 731 2195 577 732 2196 1942 732 2197 578 732 2198 823 733 2199 2176 733 2200 820 733 2201 1026 734 2202 2375 734 2203 1027 734 2204 579 735 2205 1940 735 2206 576 735 2207 820 736 2208 2175 736 2209 821 736 2210 1025 737 2211 2376 737 2212 1026 737 2213 576 738 2214 1939 738 2215 577 738 2216 165 739 2217 1264 739 2218 166 739 2219 1027 740 2220 2374 740 2221 1024 740 2222 75 741 2223 1384 741 2224 76 741 2225 167 742 2226 1584 742 2227 164 742 2228 1024 743 2229 2373 743 2230 1025 743 2231 370 744 2232 1741 744 2233 371 744 2234 614 745 2235 1975 745 2236 615 745 2237 164 746 2238 1583 746 2239 165 746 2240 369 747 2241 1742 747 2242 370 747 2243 613 748 2244 1976 748 2245 614 748 2246 818 749 2247 2173 749 2248 819 749 2249 371 750 2250 1740 750 2251 368 750 2252 615 751 2253 1179 751 2254 612 751 2255 121 752 2256 1400 752 2257 120 752 2258 574 753 2259 1937 753 2260 575 753 2261 817 754 2262 2174 754 2263 818 754 2264 368 755 2265 1739 755 2266 369 755 2267 573 756 2268 1938 756 2269 574 756 2270 819 757 2271 2172 757 2272 816 757 2273 1022 758 2274 2371 758 2275 1023 758 2276 575 759 2277 1936 759 2278 572 759 2279 816 760 2280 2171 760 2281 817 760 2282 1021 761 2283 2372 761 2284 1022 761 2285 572 762 2286 1935 762 2287 573 762 2288 161 763 2289 1266 763 2290 162 763 2291 1023 764 2292 2370 764 2293 1020 764 2294 610 765 2295 1973 765 2296 611 765 2297 163 766 2298 1582 766 2299 160 766 2300 1020 767 2301 2369 767 2302 1021 767 2303 366 768 2304 1737 768 2305 367 768 2306 609 769 2307 1974 769 2308 610 769 2309 160 770 2310 1581 770 2311 161 770 2312 365 771 2313 1738 771 2314 366 771 2315 611 772 2316 1972 772 2317 608 772 2318 814 773 2319 2169 773 2320 815 773 2321 367 774 2322 1736 774 2323 364 774 2324 608 775 2325 1971 775 2326 609 775 2327 122 776 2328 1383 776 2329 121 776 2330 570 777 2331 1933 777 2332 571 777 2333 813 778 2334 2170 778 2335 814 778 2336 364 779 2337 1735 779 2338 365 779 2339 569 780 2340 1934 780 2341 570 780 2342 815 781 2343 2168 781 2344 812 781 2345 1018 782 2346 2367 782 2347 1019 782 2348 571 783 2349 1932 783 2350 568 783 2351 812 784 2352 2167 784 2353 813 784 2354 1017 785 2355 2368 785 2356 1018 785 2357 568 786 2358 1931 786 2359 569 786 2360 157 787 2361 1268 787 2362 158 787 2363 1019 788 2364 2366 788 2365 1016 788 2366 606 789 2367 1969 789 2368 607 789 2369 159 790 2370 1580 790 2371 156 790 2372 1016 791 2373 2365 791 2374 1017 791 2375 362 792 2376 1733 792 2377 363 792 2378 605 793 2379 1970 793 2380 606 793 2381 156 794 2382 1579 794 2383 157 794 2384 361 795 2385 1734 795 2386 362 795 2387 607 796 2388 1968 796 2389 604 796 2390 810 797 2391 2165 797 2392 811 797 2393 363 798 2394 1732 798 2395 360 798 2396 604 799 2397 1967 799 2398 605 799 2399 123 800 2400 1366 800 2401 122 800 2402 566 801 2403 1929 801 2404 567 801 2405 809 802 2406 2166 802 2407 810 802 2408 360 803 2409 1731 803 2410 361 803 2411 565 804 2412 1930 804 2413 566 804 2414 811 805 2415 2164 805 2416 808 805 2417 1014 806 2418 2363 806 2419 1015 806 2420 567 807 2421 1928 807 2422 564 807 2423 808 808 2424 2163 808 2425 809 808 2426 1013 809 2427 2364 809 2428 1014 809 2429 564 810 2430 1927 810 2431 565 810 2432 153 811 2433 1270 811 2434 154 811 2435 1015 812 2436 2362 812 2437 1012 812 2438 602 813 2439 1965 813 2440 603 813 2441 155 814 2442 1578 814 2443 152 814 2444 1012 815 2445 2361 815 2446 1013 815 2447 358 816 2448 1729 816 2449 359 816 2450 601 817 2451 1966 817 2452 602 817 2453 152 818 2454 1577 818 2455 153 818 2456 357 819 2457 1730 819 2458 358 819 2459 603 820 2460 1964 820 2461 600 820 2462 806 821 2463 2161 821 2464 807 821 2465 359 822 2466 1728 822 2467 356 822 2468 600 823 2469 1963 823 2470 601 823 2471 124 824 2472 1349 824 2473 123 824 2474 562 825 2475 1925 825 2476 563 825 2477 805 826 2478 2162 826 2479 806 826 2480 356 827 2481 1727 827 2482 357 827 2483 561 828 2484 1926 828 2485 562 828 2486 807 829 2487 2160 829 2488 804 829 2489 1010 830 2490 2359 830 2491 1011 830 2492 563 831 2493 1924 831 2494 560 831 2495 804 832 2496 2159 832 2497 805 832 2498 1009 833 2499 2360 833 2500 1010 833 2501 560 834 2502 1923 834 2503 561 834 2504 149 835 2505 1272 835 2506 150 835 2507 1011 836 2508 2358 836 2509 1008 836 2510 598 837 2511 1961 837 2512 599 837 2513 151 838 2514 1576 838 2515 148 838 2516 1008 839 2517 2357 839 2518 1009 839 2519 354 840 2520 1725 840 2521 355 840 2522 597 841 2523 1962 841 2524 598 841 2525 148 842 2526 1575 842 2527 149 842 2528 353 843 2529 1726 843 2530 354 843 2531 599 844 2532 1960 844 2533 596 844 2534 802 845 2535 2157 845 2536 803 845 2537 355 846 2538 1724 846 2539 352 846 2540 596 847 2541 1959 847 2542 597 847 2543 125 848 2544 1332 848 2545 124 848 2546 558 849 2547 1921 849 2548 559 849 2549 801 850 2550 2158 850 2551 802 850 2552 352 851 2553 1723 851 2554 353 851 2555 557 852 2556 1922 852 2557 558 852 2558 803 853 2559 2156 853 2560 800 853 2561 1006 854 2562 2355 854 2563 1007 854 2564 559 855 2565 1920 855 2566 556 855 2567 800 856 2568 2155 856 2569 801 856 2570 1005 857 2571 2356 857 2572 1006 857 2573 556 858 2574 1919 858 2575 557 858 2576 145 859 2577 1274 859 2578 146 859 2579 1007 860 2580 2354 860 2581 1004 860 2582 594 861 2583 1957 861 2584 595 861 2585 147 862 2586 1574 862 2587 144 862 2588 1004 863 2589 2353 863 2590 1005 863 2591 350 864 2592 1721 864 2593 351 864 2594 593 865 2595 1958 865 2596 594 865 2597 144 866 2598 1573 866 2599 145 866 2600 349 867 2601 1722 867 2602 350 867 2603 595 868 2604 1956 868 2605 592 868 2606 798 869 2607 2153 869 2608 799 869 2609 351 870 2610 1720 870 2611 348 870 2612 592 871 2613 1955 871 2614 593 871 2615 126 872 2616 1315 872 2617 125 872 2618 76 873 2619 1367 873 2620 77 873 2621 797 874 2622 2154 874 2623 798 874 2624 348 875 2625 1719 875 2626 349 875 2627 554 876 2628 1917 876 2629 555 876 2630 799 877 2631 2152 877 2632 796 877 2633 1002 878 2634 2351 878 2635 1003 878 2636 553 879 2637 1918 879 2638 554 879 2639 796 880 2640 2151 880 2641 797 880 2642 1001 881 2643 2352 881 2644 1002 881 2645 555 882 2646 1181 882 2647 552 882 2648 141 883 2649 1276 883 2650 142 883 2651 1003 884 2652 2350 884 2653 1000 884 2654 590 885 2655 1953 885 2656 591 885 2657 143 886 2658 1572 886 2659 140 886 2660 1000 887 2661 2349 887 2662 1001 887 2663 346 888 2664 1717 888 2665 347 888 2666 589 889 2667 1954 889 2668 590 889 2669 140 890 2670 1571 890 2671 141 890 2672 345 891 2673 1718 891 2674 346 891 2675 591 892 2676 1952 892 2677 588 892 2678 72 893 2679 1435 893 2680 73 893 2681 347 894 2682 1716 894 2683 344 894 2684 588 895 2685 1951 895 2686 589 895 2687 127 896 2688 1298 896 2689 126 896 2690 550 897 2691 1915 897 2692 551 897 2693 794 898 2694 2149 898 2695 795 898 2696 344 899 2697 1715 899 2698 345 899 2699 549 900 2700 1916 900 2701 550 900 2702 793 901 2703 2150 901 2704 794 901 2705 998 902 2706 2347 902 2707 999 902 2708 551 903 2709 1914 903 2710 548 903 2711 795 904 2712 1173 904 2713 792 904 2714 997 905 2715 2348 905 2716 998 905 2717 548 906 2718 1913 906 2719 549 906 2720 137 907 2721 1278 907 2722 138 907 2723 999 908 2724 2346 908 2725 996 908 2726 586 909 2727 1949 909 2728 587 909 2729 139 910 2730 1570 910 2731 136 910 2732 996 911 2733 2345 911 2734 997 911 2735 342 912 2736 1713 912 2737 343 912 2738 585 913 2739 1950 913 2740 586 913 2741 136 914 2742 1569 914 2743 137 914 2744 341 915 2745 1714 915 2746 342 915 2747 587 916 2748 1948 916 2749 584 916 2750 83 917 2751 1568 917 2752 67 917 2753 790 918 2754 2147 918 2755 791 918 2756 343 919 2757 1712 919 2758 340 919 2759 584 920 2760 1947 920 2761 585 920 2762 546 921 2763 1911 921 2764 547 921 2765 789 922 2766 2148 922 2767 790 922 2768 340 923 2769 1711 923 2770 341 923 2771 67 924 2772 1281 924 2773 127 924 2774 545 925 2775 1912 925 2776 546 925 2777 791 926 2778 2146 926 2779 788 926 2780 994 927 2781 2343 927 2782 995 927 2783 547 928 2784 1910 928 2785 544 928 2786 788 929 2787 2145 929 2788 789 929 2789 993 930 2790 2344 930 2791 994 930 2792 544 931 2793 1909 931 2794 545 931 2795 995 932 2796 2342 932 2797 992 932 2798 582 933 2799 1945 933 2800 583 933 2801 133 934 2802 1161 934 2803 134 934 2804 992 935 2805 2341 935 2806 993 935 2807 338 936 2808 1709 936 2809 339 936 2810 581 937 2811 1946 937 2812 582 937 2813 132 938 2814 1567 938 2815 133 938 2816 337 939 2817 1710 939 2818 338 939 2819 583 940 2820 1944 940 2821 580 940 2822 786 941 2823 2143 941 2824 787 941 2825 339 942 2826 1708 942 2827 336 942 2828 580 943 2829 1943 943 2830 581 943 2831 113 944 2832 1566 944 2833 66 944 2834 542 945 2835 1907 945 2836 543 945 2837 785 946 2838 2144 946 2839 786 946 2840 336 947 2841 1707 947 2842 337 947 2843 541 948 2844 1908 948 2845 542 948 2846 787 949 2847 2142 949 2848 784 949 2849 66 950 2850 1564 950 2851 98 950 2852 990 951 2853 2339 951 2854 991 951 2855 543 952 2856 1906 952 2857 540 952 2858 784 953 2859 2141 953 2860 785 953 2861 989 954 2862 2340 954 2863 990 954 2864 540 955 2865 1905 955 2866 541 955 2867 991 956 2868 2338 956 2869 988 956 2870 131 957 2871 1565 957 2872 128 957 2873 988 958 2874 2337 958 2875 989 958 2876 334 959 2877 1705 959 2878 335 959 2879 128 960 2880 1222 960 2881 129 960 2882 333 961 2883 1706 961 2884 334 961 2885 782 962 2886 2139 962 2887 783 962 2888 335 963 2889 1704 963 2890 332 963 2891 538 964 2892 1903 964 2893 539 964 2894 781 965 2895 2140 965 2896 782 965 2897 332 966 2898 1703 966 2899 333 966 2900 537 967 2901 1904 967 2902 538 967 2903 783 968 2904 2138 968 2905 780 968 2906 986 969 2907 2335 969 2908 987 969 2909 539 970 2910 1902 970 2911 536 970 2912 780 971 2913 2137 971 2914 781 971 2915 985 972 2916 2336 972 2917 986 972 2918 536 973 2919 1901 973 2920 537 973 2921 987 974 2922 2334 974 2923 984 974 2924 984 975 2925 2333 975 2926 985 975 2927 330 976 2928 1701 976 2929 331 976 2930 329 977 2931 1702 977 2932 330 977 2933 778 978 2934 2135 978 2935 779 978 2936 331 979 2937 1700 979 2938 328 979 2939 534 980 2940 1899 980 2941 535 980 2942 777 981 2943 2136 981 2944 778 981 2945 328 982 2946 1699 982 2947 329 982 2948 533 983 2949 1900 983 2950 534 983 2951 779 984 2952 2134 984 2953 776 984 2954 982 985 2955 2331 985 2956 983 985 2957 535 986 2958 1898 986 2959 532 986 2960 776 987 2961 2133 987 2962 777 987 2963 981 988 2964 2332 988 2965 982 988 2966 532 989 2967 1897 989 2968 533 989 2969 983 990 2970 2330 990 2971 980 990 2972 980 991 2973 2329 991 2974 981 991 2975 326 992 2976 1697 992 2977 327 992 2978 325 993 2979 1698 993 2980 326 993 2981 774 994 2982 2131 994 2983 775 994 2984 327 995 2985 1696 995 2986 324 995 2987 530 996 2988 1895 996 2989 531 996 2990 773 997 2991 2132 997 2992 774 997 2993 324 998 2994 1695 998 2995 325 998 2996 529 999 2997 1896 999 2998 530 999 2999 775 1000 3000 2130 1000 3001 772 1000 3002 978 1001 3003 2327 1001 3004 979 1001 3005 531 1002 3006 1894 1002 3007 528 1002 3008 772 1003 3009 2129 1003 3010 773 1003 3011 977 1004 3012 2328 1004 3013 978 1004 3014 528 1005 3015 1893 1005 3016 529 1005 3017 979 1006 3018 2326 1006 3019 976 1006 3020 976 1007 3021 2325 1007 3022 977 1007 3023 322 1008 3024 1693 1008 3025 323 1008 3026 321 1009 3027 1694 1009 3028 322 1009 3029 770 1010 3030 2127 1010 3031 771 1010 3032 323 1011 3033 1692 1011 3034 320 1011 3035 526 1012 3036 1891 1012 3037 527 1012 3038 769 1013 3039 2128 1013 3040 770 1013 3041 320 1014 3042 1691 1014 3043 321 1014 3044 525 1015 3045 1892 1015 3046 526 1015 3047 771 1016 3048 2126 1016 3049 768 1016 3050 69 1017 3051 1486 1017 3052 70 1017 3053 527 1018 3054 1890 1018 3055 524 1018 3056 768 1019 3057 2125 1019 3058 769 1019 3059 974 1020 3060 2323 1020 3061 975 1020 3062 524 1021 3063 1889 1021 3064 525 1021 3065 973 1022 3066 2324 1022 3067 974 1022 3068 975 1023 3069 1167 1023 3070 972 1023 3071 318 1024 3072 1689 1024 3073 319 1024 3074 317 1025 3075 1690 1025 3076 318 1025 3077 766 1026 3078 2123 1026 3079 767 1026 3080 319 1027 3081 1688 1027 3082 316 1027 3083 522 1028 3084 1887 1028 3085 523 1028 3086 765 1029 3087 2124 1029 3088 766 1029 3089 316 1030 3090 1687 1030 3091 317 1030 3092 521 1031 3093 1888 1031 3094 522 1031 3095 767 1032 3096 2122 1032 3097 764 1032 3098 970 1033 3099 2321 1033 3100 971 1033 3101 523 1034 3102 1886 1034 3103 520 1034 3104 764 1035 3105 2121 1035 3106 765 1035 3107 969 1036 3108 2322 1036 3109 970 1036 3110 520 1037 3111 1885 1037 3112 521 1037 3113 971 1038 3114 2320 1038 3115 968 1038 3116 968 1039 3117 2319 1039 3118 969 1039 3119 80 1040 3120 1299 1040 3121 81 1040 3122 314 1041 3123 1685 1041 3124 315 1041 3125 762 1042 3126 2119 1042 3127 763 1042 3128 313 1043 3129 1686 1043 3130 314 1043 3131 518 1044 3132 1883 1044 3133 519 1044 3134 761 1045 3135 2120 1045 3136 762 1045 3137 315 1046 3138 1189 1046 3139 312 1046 3140 517 1047 3141 1884 1047 3142 518 1047 3143 763 1048 3144 2118 1048 3145 760 1048 3146 966 1049 3147 2317 1049 3148 967 1049 3149 519 1050 3150 1882 1050 3151 516 1050 3152 760 1051 3153 2117 1051 3154 761 1051 3155 965 1052 3156 2318 1052 3157 966 1052 3158 516 1053 3159 1881 1053 3160 517 1053 3161 967 1054 3162 2316 1054 3163 964 1054 3164 964 1055 3165 2315 1055 3166 965 1055 3167 310 1056 3168 1683 1056 3169 311 1056 3170 309 1057 3171 1684 1057 3172 310 1057 3173 758 1058 3174 2115 1058 3175 759 1058 3176 311 1059 3177 1682 1059 3178 308 1059 3179 514 1060 3180 1879 1060 3181 515 1060 3182 757 1061 3183 2116 1061 3184 758 1061 3185 308 1062 3186 1681 1062 3187 309 1062 3188 513 1063 3189 1880 1063 3190 514 1063 3191 759 1064 3192 2114 1064 3193 756 1064 3194 962 1065 3195 2313 1065 3196 963 1065 3197 515 1066 3198 1878 1066 3199 512 1066 3200 756 1067 3201 2113 1067 3202 757 1067 3203 961 1068 3204 2314 1068 3205 962 1068 3206 512 1069 3207 1877 1069 3208 513 1069 3209 963 1070 3210 2312 1070 3211 960 1070 3212 960 1071 3213 2311 1071 3214 961 1071 3215 306 1072 3216 1679 1072 3217 307 1072 3218 305 1073 3219 1680 1073 3220 306 1073 3221 754 1074 3222 2111 1074 3223 755 1074 3224 307 1075 3225 1678 1075 3226 304 1075 3227 510 1076 3228 1875 1076 3229 511 1076 3230 753 1077 3231 2112 1077 3232 754 1077 3233 304 1078 3234 1677 1078 3235 305 1078 3236 509 1079 3237 1876 1079 3238 510 1079 3239 755 1080 3240 2110 1080 3241 752 1080 3242 958 1081 3243 2309 1081 3244 959 1081 3245 511 1082 3246 1874 1082 3247 508 1082 3248 752 1083 3249 2109 1083 3250 753 1083 3251 957 1084 3252 2310 1084 3253 958 1084 3254 508 1085 3255 1873 1085 3256 509 1085 3257 959 1086 3258 2308 1086 3259 956 1086 3260 956 1087 3261 2307 1087 3262 957 1087 3263 302 1088 3264 1675 1088 3265 303 1088 3266 301 1089 3267 1676 1089 3268 302 1089 3269 750 1090 3270 2107 1090 3271 751 1090 3272 303 1091 3273 1674 1091 3274 300 1091 3275 506 1092 3276 1871 1092 3277 507 1092 3278 749 1093 3279 2108 1093 3280 750 1093 3281 300 1094 3282 1673 1094 3283 301 1094 3284 505 1095 3285 1872 1095 3286 506 1095 3287 751 1096 3288 2106 1096 3289 748 1096 3290 954 1097 3291 2305 1097 3292 955 1097 3293 507 1098 3294 1870 1098 3295 504 1098 3296 748 1099 3297 2105 1099 3298 749 1099 3299 953 1100 3300 2306 1100 3301 954 1100 3302 504 1101 3303 1869 1101 3304 505 1101 3305 955 1102 3306 2304 1102 3307 952 1102 3308 138 1103 3309 1279 1103 3310 139 1103 3311 952 1104 3312 2303 1104 3313 953 1104 3314 142 1105 3315 1277 1105 3316 143 1105 3317 298 1106 3318 1671 1106 3319 299 1106 3320 146 1107 3321 1275 1107 3322 147 1107 3323 297 1108 3324 1672 1108 3325 298 1108 3326 150 1109 3327 1273 1109 3328 151 1109 3329 746 1110 3330 2103 1110 3331 747 1110 3332 299 1111 3333 1670 1111 3334 296 1111 3335 502 1112 3336 1867 1112 3337 503 1112 3338 154 1113 3339 1271 1113 3340 155 1113 3341 745 1114 3342 2104 1114 3343 746 1114 3344 296 1115 3345 1669 1115 3346 297 1115 3347 501 1116 3348 1868 1116 3349 502 1116 3350 158 1117 3351 1269 1117 3352 159 1117 3353 747 1118 3354 2102 1118 3355 744 1118 3356 950 1119 3357 2301 1119 3358 951 1119 3359 503 1120 3360 1866 1120 3361 500 1120 3362 162 1121 3363 1267 1121 3364 163 1121 3365 744 1122 3366 2101 1122 3367 745 1122 3368 949 1123 3369 2302 1123 3370 950 1123 3371 500 1124 3372 1865 1124 3373 501 1124 3374 166 1125 3375 1265 1125 3376 167 1125 3377 951 1126 3378 2300 1126 3379 948 1126 3380 170 1127 3381 1263 1127 3382 171 1127 3383 948 1128 3384 2299 1128 3385 949 1128 3386 174 1129 3387 1261 1129 3388 175 1129 3389 294 1130 3390 1667 1130 3391 295 1130 3392 178 1131 3393 1259 1131 3394 179 1131 3395 293 1132 3396 1668 1132 3397 294 1132 3398 182 1133 3399 1257 1133 3400 183 1133 3401 742 1134 3402 2099 1134 3403 743 1134 3404 295 1135 3405 1666 1135 3406 292 1135 3407 498 1136 3408 1863 1136 3409 499 1136 3410 186 1137 3411 1255 1137 3412 187 1137 3413 741 1138 3414 2100 1138 3415 742 1138 3416 292 1139 3417 1665 1139 3418 293 1139 3419 497 1140 3420 1864 1140 3421 498 1140 3422 190 1141 3423 1253 1141 3424 191 1141 3425 743 1142 3426 2098 1142 3427 740 1142 3428 946 1143 3429 2297 1143 3430 947 1143 3431 499 1144 3432 1862 1144 3433 496 1144 3434 130 1145 3435 1251 1145 3436 131 1145 3437 740 1146 3438 2097 1146 3439 741 1146 3440 98 1147 3441 1563 1147 3442 99 1147 3443 945 1148 3444 2298 1148 3445 946 1148 3446 496 1149 3447 1861 1149 3448 497 1149 3449 1097 1150 3450 1249 1150 3451 1098 1150 3452 947 1151 3453 2296 1151 3454 944 1151 3455 1101 1152 3456 1247 1152 3457 1102 1152 3458 944 1153 3459 2295 1153 3460 945 1153 3461 1105 1154 3462 1245 1154 3463 1106 1154 3464 290 1155 3465 1663 1155 3466 291 1155 3467 1150 1156 3468 2468 1156 3469 1151 1156 3470 1109 1157 3471 1243 1157 3472 1110 1157 3473 289 1158 3474 1664 1158 3475 290 1158 3476 1151 1159 3477 2467 1159 3478 1148 1159 3479 1113 1160 3480 1241 1160 3481 1114 1160 3482 738 1161 3483 2095 1161 3484 739 1161 3485 291 1162 3486 1662 1162 3487 288 1162 3488 1148 1163 3489 1224 1163 3490 1149 1163 3491 77 1164 3492 1350 1164 3493 78 1164 3494 1117 1165 3495 1239 1165 3496 1118 1165 3497 737 1166 3498 2096 1166 3499 738 1166 3500 288 1167 3501 1661 1167 3502 289 1167 3503 494 1168 3504 1859 1168 3505 495 1168 3506 1121 1169 3507 1237 1169 3508 1122 1169 3509 739 1170 3510 2094 1170 3511 736 1170 3512 942 1171 3513 2293 1171 3514 943 1171 3515 493 1172 3516 1860 1172 3517 494 1172 3518 1125 1173 3519 1235 1173 3520 1126 1173 3521 736 1174 3522 2093 1174 3523 737 1174 3524 99 1175 3525 1562 1175 3526 100 1175 3527 941 1176 3528 2294 1176 3529 942 1176 3530 495 1177 3531 1183 1177 3532 492 1177 3533 1129 1178 3534 1233 1178 3535 1130 1178 3536 943 1179 3537 2292 1179 3538 940 1179 3539 1133 1180 3540 1231 1180 3541 1134 1180 3542 940 1181 3543 2291 1181 3544 941 1181 3545 1137 1182 3546 1229 1182 3547 1138 1182 3548 286 1183 3549 1659 1183 3550 287 1183 3551 1146 1184 3552 2466 1184 3553 1147 1184 3554 1141 1185 3555 1227 1185 3556 1142 1185 3557 285 1186 3558 1660 1186 3559 286 1186 3560 1147 1187 3561 2465 1187 3562 1144 1187 3563 1145 1188 3564 1225 1188 3565 1146 1188 3566 73 1189 3567 1418 1189 3568 74 1189 3569 287 1190 3570 1658 1190 3571 284 1190 3572 1144 1191 3573 1226 1191 3574 1145 1191 3575 490 1192 3576 1857 1192 3577 491 1192 3578 1149 1193 3579 1223 1193 3580 1150 1193 3581 734 1194 3582 2091 1194 3583 735 1194 3584 284 1195 3585 1657 1195 3586 285 1195 3587 489 1196 3588 1858 1196 3589 490 1196 3590 733 1197 3591 2092 1197 3592 734 1197 3593 129 1198 3594 1221 1198 3595 130 1198 3596 938 1199 3597 2289 1199 3598 939 1199 3599 491 1200 3600 1856 1200 3601 488 1200 3602 735 1201 3603 1175 1201 3604 732 1201 3605 199 1202 3606 1220 1202 3607 196 1202 3608 100 1203 3609 1561 1203 3610 101 1203 3611 937 1204 3612 2290 1204 3613 938 1204 3614 488 1205 3615 1855 1205 3616 489 1205 3617 203 1206 3618 1218 1206 3619 200 1206 3620 939 1207 3621 2288 1207 3622 936 1207 3623 207 1208 3624 1216 1208 3625 204 1208 3626 936 1209 3627 2287 1209 3628 937 1209 3629 211 1210 3630 1214 1210 3631 208 1210 3632 282 1211 3633 1655 1211 3634 283 1211 3635 1142 1212 3636 2464 1212 3637 1143 1212 3638 215 1213 3639 1212 1213 3640 212 1213 3641 281 1214 3642 1656 1214 3643 282 1214 3644 1143 1215 3645 2463 1215 3646 1140 1215 3647 730 1216 3648 2089 1216 3649 731 1216 3650 219 1217 3651 1210 1217 3652 216 1217 3653 283 1218 3654 1654 1218 3655 280 1218 3656 1140 1219 3657 1228 1219 3658 1141 1219 3659 486 1220 3660 1853 1220 3661 487 1220 3662 729 1221 3663 2090 1221 3664 730 1221 3665 223 1222 3666 1208 1222 3667 220 1222 3668 280 1223 3669 1653 1223 3670 281 1223 3671 485 1224 3672 1854 1224 3673 486 1224 3674 731 1225 3675 2088 1225 3676 728 1225 3677 227 1226 3678 1206 1226 3679 224 1226 3680 934 1227 3681 2285 1227 3682 935 1227 3683 487 1228 3684 1852 1228 3685 484 1228 3686 728 1229 3687 2087 1229 3688 729 1229 3689 231 1230 3690 1204 1230 3691 228 1230 3692 101 1231 3693 1560 1231 3694 102 1231 3695 933 1232 3696 2286 1232 3697 934 1232 3698 484 1233 3699 1851 1233 3700 485 1233 3701 235 1234 3702 1202 1234 3703 232 1234 3704 935 1235 3705 2284 1235 3706 932 1235 3707 239 1236 3708 1200 1236 3709 236 1236 3710 932 1237 3711 2283 1237 3712 933 1237 3713 243 1238 3714 1198 1238 3715 240 1238 3716 278 1239 3717 1651 1239 3718 279 1239 3719 1138 1240 3720 2462 1240 3721 1139 1240 3722 247 1241 3723 1196 1241 3724 244 1241 3725 277 1242 3726 1652 1242 3727 278 1242 3728 1139 1243 3729 2461 1243 3730 1136 1243 3731 726 1244 3732 2085 1244 3733 727 1244 3734 251 1245 3735 1194 1245 3736 248 1245 3737 279 1246 3738 1650 1246 3739 276 1246 3740 1136 1247 3741 1230 1247 3742 1137 1247 3743 482 1248 3744 1849 1248 3745 483 1248 3746 725 1249 3747 2086 1249 3748 726 1249 3749 135 1250 3750 1192 1250 3751 132 1250 3752 276 1251 3753 1649 1251 3754 277 1251 3755 481 1252 3756 1850 1252 3757 482 1252 3758 727 1253 3759 2084 1253 3760 724 1253 3761 252 1254 3762 1190 1254 3763 253 1254 3764 930 1255 3765 2281 1255 3766 931 1255 3767 483 1256 3768 1848 1256 3769 480 1256 3770 724 1257 3771 2083 1257 3772 725 1257 3773 312 1258 3774 1188 1258 3775 313 1258 3776 102 1259 3777 1559 1259 3778 103 1259 3779 929 1260 3780 2282 1260 3781 930 1260 3782 480 1261 3783 1847 1261 3784 481 1261 3785 372 1262 3786 1186 1262 3787 373 1262 3788 931 1263 3789 2280 1263 3790 928 1263 3791 432 1264 3792 1184 1264 3793 433 1264 3794 928 1265 3795 2279 1265 3796 929 1265 3797 492 1266 3798 1182 1266 3799 493 1266 3800 274 1267 3801 1647 1267 3802 275 1267 3803 1134 1268 3804 2460 1268 3805 1135 1268 3806 552 1269 3807 1180 1269 3808 553 1269 3809 273 1270 3810 1648 1270 3811 274 1270 3812 1135 1271 3813 2459 1271 3814 1132 1271 3815 722 1272 3816 2081 1272 3817 723 1272 3818 612 1273 3819 1178 1273 3820 613 1273 3821 275 1274 3822 1646 1274 3823 272 1274 3824 1132 1275 3825 1232 1275 3826 1133 1275 3827 478 1276 3828 1845 1276 3829 479 1276 3830 721 1277 3831 2082 1277 3832 722 1277 3833 672 1278 3834 1176 1278 3835 673 1278 3836 272 1279 3837 1645 1279 3838 273 1279 3839 477 1280 3840 1846 1280 3841 478 1280 3842 723 1281 3843 2080 1281 3844 720 1281 3845 732 1282 3846 1174 1282 3847 733 1282 3848 926 1283 3849 2277 1283 3850 927 1283 3851 479 1284 3852 1844 1284 3853 476 1284 3854 720 1285 3855 2079 1285 3856 721 1285 3857 792 1286 3858 1172 1286 3859 793 1286 3860 103 1287 3861 1558 1287 3862 104 1287 3863 925 1288 3864 2278 1288 3865 926 1288 3866 476 1289 3867 1843 1289 3868 477 1289 3869 852 1290 3870 1170 1290 3871 853 1290 3872 927 1291 3873 2276 1291 3874 924 1291 3875 912 1292 3876 1168 1292 3877 913 1292 3878 924 1293 3879 2275 1293 3880 925 1293 3881 972 1294 3882 1166 1294 3883 973 1294 3884 270 1295 3885 1643 1295 3886 271 1295 3887 1130 1296 3888 2458 1296 3889 1131 1296 3890 1032 1297 3891 1164 1297 3892 1033 1297 3893 269 1298 3894 1644 1298 3895 270 1298 3896 1131 1299 3897 2457 1299 3898 1128 1299 3899 718 1300 3900 2077 1300 3901 719 1300 3902 1092 1301 3903 1160 1301 3904 1093 1301 3905 271 1302 3906 1642 1302 3907 268 1302 3908 1128 1303 3909 1234 1303 3910 1129 1303 3911 474 1304 3912 1841 1304 3913 475 1304 3914 717 1305 3915 2078 1305 3916 718 1305 3917 268 1306 3918 1641 1306 3919 269 1306 3920 473 1307 3921 1842 1307 3922 474 1307 3923 719 1308 3924 2076 1308 3925 716 1308 3926 922 1309 3927 2273 1309 3928 923 1309 3929 475 1310 3930 1840 1310 3931 472 1310 3932 716 1311 3933 2075 1311 3934 717 1311 3935 104 1312 3936 1557 1312 3937 105 1312 3938 921 1313 3939 2274 1313 3940 922 1313 3941 472 1314 3942 1839 1314 3943 473 1314 3944 923 1315 3945 2272 1315 3946 920 1315 3947 920 1316 3948 2271 1316 3949 921 1316 3950 266 1317 3951 1639 1317 3952 267 1317 3953 1126 1318 3954 2456 1318 3955 1127 1318 3956 265 1319 3957 1640 1319 3958 266 1319 3959 1127 1320 3960 2455 1320 3961 1124 1320 3962 714 1321 3963 2073 1321 3964 715 1321 3965 267 1322 3966 1638 1322 3967 264 1322 3968 1124 1323 3969 1236 1323 3970 1125 1323 3971 470 1324 3972 1837 1324 3973 471 1324 3974 713 1325 3975 2074 1325 3976 714 1325 3977 264 1326 3978 1637 1326 3979 265 1326 3980 469 1327 3981 1838 1327 3982 470 1327 3983 715 1328 3984 2072 1328 3985 712 1328 3986 918 1329 3987 2269 1329 3988 919 1329 3989 471 1330 3990 1836 1330 3991 468 1330 3992 712 1331 3993 2071 1331 3994 713 1331 3995 105 1332 3996 1556 1332 3997 106 1332 3998 917 1333 3999 2270 1333 4000 918 1333 4001 468 1334 4002 1835 1334 4003 469 1334 4004 919 1335 4005 2268 1335 4006 916 1335 4007 1318 1336 4008 1751 1336 4009 1319 1336 4010 1336 1337 4011 1754 1337 4012 1319 1337 4013 1337 1338 4014 1753 1338 4015 1336 1338 4016 1320 1339 4017 1756 1339 4018 1337 1339 4019 1319 1340 4020 1755 1340 4021 1320 1340 4022 1337 1341 4023 1758 1341 4024 1320 1341 4025 1338 1342 4026 1757 1342 4027 1337 1342 4028 1321 1343 4029 1760 1343 4030 1338 1343 4031 1320 1344 4032 1759 1344 4033 1321 1344 4034 1338 1345 4035 1762 1345 4036 1321 1345 4037 1339 1346 4038 1761 1346 4039 1338 1346 4040 1322 1347 4041 1764 1347 4042 1339 1347 4043 1321 1348 4044 1763 1348 4045 1322 1348 4046 1339 1349 4047 1766 1349 4048 1322 1349 4049 1340 1350 4050 1765 1350 4051 1339 1350 4052 1323 1351 4053 1768 1351 4054 1340 1351 4055 1322 1352 4056 1767 1352 4057 1323 1352 4058 1340 1353 4059 1770 1353 4060 1323 1353 4061 1341 1354 4062 1769 1354 4063 1340 1354 4064 1324 1355 4065 1772 1355 4066 1341 1355 4067 1323 1356 4068 1771 1356 4069 1324 1356 4070 1341 1357 4071 1774 1357 4072 1324 1357 4073 1342 1358 4074 1773 1358 4075 1341 1358 4076 1325 1359 4077 1776 1359 4078 1342 1359 4079 1324 1360 4080 1775 1360 4081 1325 1360 4082 1342 1361 4083 1778 1361 4084 1325 1361 4085 1343 1362 4086 1777 1362 4087 1342 1362 4088 1326 1363 4089 1780 1363 4090 1343 1363 4091 1325 1364 4092 1779 1364 4093 1326 1364 4094 1343 1365 4095 1782 1365 4096 1326 1365 4097 1344 1366 4098 1781 1366 4099 1343 1366 4100 1327 1367 4101 1784 1367 4102 1344 1367 4103 1326 1368 4104 1783 1368 4105 1327 1368 4106 1344 1369 4107 1786 1369 4108 1327 1369 4109 1345 1370 4110 1785 1370 4111 1344 1370 4112 1328 1371 4113 1788 1371 4114 1345 1371 4115 1327 1372 4116 1787 1372 4117 1328 1372 4118 1345 1373 4119 1790 1373 4120 1328 1373 4121 1346 1374 4122 1789 1374 4123 1345 1374 4124 1329 1375 4125 1792 1375 4126 1346 1375 4127 1328 1376 4128 1791 1376 4129 1329 1376 4130 1346 1377 4131 1794 1377 4132 1329 1377 4133 1347 1378 4134 1793 1378 4135 1346 1378 4136 1330 1379 4137 1796 1379 4138 1347 1379 4139 1329 1380 4140 1795 1380 4141 1330 1380 4142 1347 1381 4143 1798 1381 4144 1330 1381 4145 1331 1382 4146 1797 1382 4147 1347 1382 4148 1314 1383 4149 1800 1383 4150 1331 1383 4151 1330 1384 4152 1799 1384 4153 1314 1384 4154 1350 1385 4155 1185 1385 4156 1333 1385 4157 1351 1386 4158 1184 1386 4159 1350 1386 4160 1334 1387 4161 1802 1387 4162 1351 1387 4163 1333 1388 4164 1801 1388 4165 1334 1388 4166 1351 1389 4167 1804 1389 4168 1334 1389 4169 1352 1390 4170 1803 1390 4171 1351 1390 4172 1335 1391 4173 1806 1391 4174 1352 1391 4175 1334 1392 4176 1805 1392 4177 1335 1392 4178 1352 1393 4179 1808 1393 4180 1335 1393 4181 1353 1394 4182 1807 1394 4183 1352 1394 4184 1336 1395 4185 1810 1395 4186 1353 1395 4187 1335 1396 4188 1809 1396 4189 1336 1396 4190 1353 1397 4191 1812 1397 4192 1336 1397 4193 1354 1398 4194 1811 1398 4195 1353 1398 4196 1337 1399 4197 1814 1399 4198 1354 1399 4199 1336 1400 4200 1813 1400 4201 1337 1400 4202 1354 1401 4203 1816 1401 4204 1337 1401 4205 1355 1402 4206 1815 1402 4207 1354 1402 4208 1338 1403 4209 1818 1403 4210 1355 1403 4211 1337 1404 4212 1817 1404 4213 1338 1404 4214 1355 1405 4215 1820 1405 4216 1338 1405 4217 1356 1406 4218 1819 1406 4219 1355 1406 4220 1339 1407 4221 1822 1407 4222 1356 1407 4223 1338 1408 4224 1821 1408 4225 1339 1408 4226 1356 1409 4227 1824 1409 4228 1339 1409 4229 1357 1410 4230 1823 1410 4231 1356 1410 4232 1340 1411 4233 1826 1411 4234 1357 1411 4235 1339 1412 4236 1825 1412 4237 1340 1412 4238 1357 1413 4239 1828 1413 4240 1340 1413 4241 1358 1414 4242 1827 1414 4243 1357 1414 4244 1341 1415 4245 1830 1415 4246 1358 1415 4247 1340 1416 4248 1829 1416 4249 1341 1416 4250 1358 1417 4251 1832 1417 4252 1341 1417 4253 1359 1418 4254 1831 1418 4255 1358 1418 4256 1342 1419 4257 1834 1419 4258 1359 1419 4259 1341 1420 4260 1833 1420 4261 1342 1420 4262 1359 1421 4263 1836 1421 4264 1342 1421 4265 1360 1422 4266 1835 1422 4267 1359 1422 4268 1343 1423 4269 1838 1423 4270 1360 1423 4271 1342 1424 4272 1837 1424 4273 1343 1424 4274 1360 1425 4275 1840 1425 4276 1343 1425 4277 1361 1426 4278 1839 1426 4279 1360 1426 4280 1344 1427 4281 1842 1427 4282 1361 1427 4283 1343 1428 4284 1841 1428 4285 1344 1428 4286 1361 1429 4287 1844 1429 4288 1344 1429 4289 1362 1430 4290 1843 1430 4291 1361 1430 4292 1345 1431 4293 1846 1431 4294 1362 1431 4295 1344 1432 4296 1845 1432 4297 1345 1432 4298 1362 1433 4299 1848 1433 4300 1345 1433 4301 1363 1434 4302 1847 1434 4303 1362 1434 4304 1346 1435 4305 1850 1435 4306 1363 1435 4307 1345 1436 4308 1849 1436 4309 1346 1436 4310 1363 1437 4311 1852 1437 4312 1346 1437 4313 1364 1438 4314 1851 1438 4315 1363 1438 4316 1347 1439 4317 1854 1439 4318 1364 1439 4319 1346 1440 4320 1853 1440 4321 1347 1440 4322 1364 1441 4323 1856 1441 4324 1347 1441 4325 1348 1442 4326 1855 1442 4327 1364 1442 4328 1331 1443 4329 1858 1443 4330 1348 1443 4331 1347 1444 4332 1857 1444 4333 1331 1444 4334 1367 1445 4335 1183 1445 4336 1350 1445 4337 1368 1446 4338 1182 1446 4339 1367 1446 4340 1351 1447 4341 1860 1447 4342 1368 1447 4343 1350 1448 4344 1859 1448 4345 1351 1448 4346 1368 1449 4347 1862 1449 4348 1351 1449 4349 1369 1450 4350 1861 1450 4351 1368 1450 4352 1352 1451 4353 1864 1451 4354 1369 1451 4355 1351 1452 4356 1863 1452 4357 1352 1452 4358 1369 1453 4359 1866 1453 4360 1352 1453 4361 1370 1454 4362 1865 1454 4363 1369 1454 4364 1353 1455 4365 1868 1455 4366 1370 1455 4367 1352 1456 4368 1867 1456 4369 1353 1456 4370 1370 1457 4371 1870 1457 4372 1353 1457 4373 1371 1458 4374 1869 1458 4375 1370 1458 4376 1354 1459 4377 1872 1459 4378 1371 1459 4379 1353 1460 4380 1871 1460 4381 1354 1460 4382 1371 1461 4383 1874 1461 4384 1354 1461 4385 1372 1462 4386 1873 1462 4387 1371 1462 4388 1355 1463 4389 1876 1463 4390 1372 1463 4391 1354 1464 4392 1875 1464 4393 1355 1464 4394 1372 1465 4395 1878 1465 4396 1355 1465 4397 1373 1466 4398 1877 1466 4399 1372 1466 4400 1356 1467 4401 1880 1467 4402 1373 1467 4403 1355 1468 4404 1879 1468 4405 1356 1468 4406 1373 1469 4407 1882 1469 4408 1356 1469 4409 1374 1470 4410 1881 1470 4411 1373 1470 4412 1357 1471 4413 1884 1471 4414 1374 1471 4415 1356 1472 4416 1883 1472 4417 1357 1472 4418 1374 1473 4419 1886 1473 4420 1357 1473 4421 1375 1474 4422 1885 1474 4423 1374 1474 4424 1358 1475 4425 1888 1475 4426 1375 1475 4427 1357 1476 4428 1887 1476 4429 1358 1476 4430 1375 1477 4431 1890 1477 4432 1358 1477 4433 1376 1478 4434 1889 1478 4435 1375 1478 4436 1359 1479 4437 1892 1479 4438 1376 1479 4439 1358 1480 4440 1891 1480 4441 1359 1480 4442 1376 1481 4443 1894 1481 4444 1359 1481 4445 1377 1482 4446 1893 1482 4447 1376 1482 4448 1360 1483 4449 1896 1483 4450 1377 1483 4451 1359 1484 4452 1895 1484 4453 1360 1484 4454 1377 1485 4455 1898 1485 4456 1360 1485 4457 1378 1486 4458 1897 1486 4459 1377 1486 4460 1361 1487 4461 1900 1487 4462 1378 1487 4463 1360 1488 4464 1899 1488 4465 1361 1488 4466 1378 1489 4467 1902 1489 4468 1361 1489 4469 1379 1490 4470 1901 1490 4471 1378 1490 4472 1362 1491 4473 1904 1491 4474 1379 1491 4475 1361 1492 4476 1903 1492 4477 1362 1492 4478 1379 1493 4479 1906 1493 4480 1362 1493 4481 1380 1494 4482 1905 1494 4483 1379 1494 4484 1363 1495 4485 1908 1495 4486 1380 1495 4487 1362 1496 4488 1907 1496 4489 1363 1496 4490 1380 1497 4491 1910 1497 4492 1363 1497 4493 1381 1498 4494 1909 1498 4495 1380 1498 4496 1364 1499 4497 1912 1499 4498 1381 1499 4499 1363 1500 4500 1911 1500 4501 1364 1500 4502 1381 1501 4503 1914 1501 4504 1364 1501 4505 1365 1502 4506 1913 1502 4507 1381 1502 4508 1348 1503 4509 1916 1503 4510 1365 1503 4511 1364 1504 4512 1915 1504 4513 1348 1504 4514 1384 1505 4515 1181 1505 4516 1367 1505 4517 1385 1506 4518 1180 1506 4519 1384 1506 4520 1368 1507 4521 1918 1507 4522 1385 1507 4523 1367 1508 4524 1917 1508 4525 1368 1508 4526 1385 1509 4527 1920 1509 4528 1368 1509 4529 1386 1510 4530 1919 1510 4531 1385 1510 4532 1369 1511 4533 1922 1511 4534 1386 1511 4535 1368 1512 4536 1921 1512 4537 1369 1512 4538 1386 1513 4539 1924 1513 4540 1369 1513 4541 1387 1514 4542 1923 1514 4543 1386 1514 4544 1370 1515 4545 1926 1515 4546 1387 1515 4547 1369 1516 4548 1925 1516 4549 1370 1516 4550 1387 1517 4551 1928 1517 4552 1370 1517 4553 1388 1518 4554 1927 1518 4555 1387 1518 4556 1371 1519 4557 1930 1519 4558 1388 1519 4559 1370 1520 4560 1929 1520 4561 1371 1520 4562 1388 1521 4563 1932 1521 4564 1371 1521 4565 1389 1522 4566 1931 1522 4567 1388 1522 4568 1372 1523 4569 1934 1523 4570 1389 1523 4571 1371 1524 4572 1933 1524 4573 1372 1524 4574 1389 1525 4575 1936 1525 4576 1372 1525 4577 1390 1526 4578 1935 1526 4579 1389 1526 4580 1373 1527 4581 1938 1527 4582 1390 1527 4583 1372 1528 4584 1937 1528 4585 1373 1528 4586 1390 1529 4587 1940 1529 4588 1373 1529 4589 1391 1530 4590 1939 1530 4591 1390 1530 4592 1374 1531 4593 1942 1531 4594 1391 1531 4595 1373 1532 4596 1941 1532 4597 1374 1532 4598 1391 1533 4599 1944 1533 4600 1374 1533 4601 1392 1534 4602 1943 1534 4603 1391 1534 4604 1375 1535 4605 1946 1535 4606 1392 1535 4607 1374 1536 4608 1945 1536 4609 1375 1536 4610 1392 1537 4611 1948 1537 4612 1375 1537 4613 1393 1538 4614 1947 1538 4615 1392 1538 4616 1376 1539 4617 1950 1539 4618 1393 1539 4619 1375 1540 4620 1949 1540 4621 1376 1540 4622 1393 1541 4623 1952 1541 4624 1376 1541 4625 1394 1542 4626 1951 1542 4627 1393 1542 4628 1377 1543 4629 1954 1543 4630 1394 1543 4631 1376 1544 4632 1953 1544 4633 1377 1544 4634 1394 1545 4635 1956 1545 4636 1377 1545 4637 1395 1546 4638 1955 1546 4639 1394 1546 4640 1378 1547 4641 1958 1547 4642 1395 1547 4643 1377 1548 4644 1957 1548 4645 1378 1548 4646 1395 1549 4647 1960 1549 4648 1378 1549 4649 1396 1550 4650 1959 1550 4651 1395 1550 4652 1379 1551 4653 1962 1551 4654 1396 1551 4655 1378 1552 4656 1961 1552 4657 1379 1552 4658 1396 1553 4659 1964 1553 4660 1379 1553 4661 1397 1554 4662 1963 1554 4663 1396 1554 4664 1380 1555 4665 1966 1555 4666 1397 1555 4667 1379 1556 4668 1965 1556 4669 1380 1556 4670 1397 1557 4671 1968 1557 4672 1380 1557 4673 1398 1558 4674 1967 1558 4675 1397 1558 4676 1381 1559 4677 1970 1559 4678 1398 1559 4679 1380 1560 4680 1969 1560 4681 1381 1560 4682 1398 1561 4683 1972 1561 4684 1381 1561 4685 1382 1562 4686 1971 1562 4687 1398 1562 4688 1365 1563 4689 1974 1563 4690 1382 1563 4691 1381 1564 4692 1973 1564 4693 1365 1564 4694 1401 1565 4695 1179 1565 4696 1384 1565 4697 1402 1566 4698 1178 1566 4699 1401 1566 4700 1385 1567 4701 1976 1567 4702 1402 1567 4703 1384 1568 4704 1975 1568 4705 1385 1568 4706 1402 1569 4707 1978 1569 4708 1385 1569 4709 1403 1570 4710 1977 1570 4711 1402 1570 4712 1386 1571 4713 1980 1571 4714 1403 1571 4715 1385 1572 4716 1979 1572 4717 1386 1572 4718 1403 1573 4719 1982 1573 4720 1386 1573 4721 1404 1574 4722 1981 1574 4723 1403 1574 4724 1387 1575 4725 1984 1575 4726 1404 1575 4727 1386 1576 4728 1983 1576 4729 1387 1576 4730 1404 1577 4731 1986 1577 4732 1387 1577 4733 1405 1578 4734 1985 1578 4735 1404 1578 4736 1388 1579 4737 1988 1579 4738 1405 1579 4739 1387 1580 4740 1987 1580 4741 1388 1580 4742 1405 1581 4743 1990 1581 4744 1388 1581 4745 1406 1582 4746 1989 1582 4747 1405 1582 4748 1389 1583 4749 1992 1583 4750 1406 1583 4751 1388 1584 4752 1991 1584 4753 1389 1584 4754 1406 1585 4755 1994 1585 4756 1389 1585 4757 1407 1586 4758 1993 1586 4759 1406 1586 4760 1390 1587 4761 1996 1587 4762 1407 1587 4763 1389 1588 4764 1995 1588 4765 1390 1588 4766 1407 1589 4767 1998 1589 4768 1390 1589 4769 1408 1590 4770 1997 1590 4771 1407 1590 4772 1391 1591 4773 2000 1591 4774 1408 1591 4775 1390 1592 4776 1999 1592 4777 1391 1592 4778 1408 1593 4779 2002 1593 4780 1391 1593 4781 1409 1594 4782 2001 1594 4783 1408 1594 4784 1392 1595 4785 2004 1595 4786 1409 1595 4787 1391 1596 4788 2003 1596 4789 1392 1596 4790 1409 1597 4791 2006 1597 4792 1392 1597 4793 1410 1598 4794 2005 1598 4795 1409 1598 4796 1393 1599 4797 2008 1599 4798 1410 1599 4799 1392 1600 4800 2007 1600 4801 1393 1600 4802 1410 1601 4803 2010 1601 4804 1393 1601 4805 1411 1602 4806 2009 1602 4807 1410 1602 4808 1394 1603 4809 2012 1603 4810 1411 1603 4811 1393 1604 4812 2011 1604 4813 1394 1604 4814 1411 1605 4815 2014 1605 4816 1394 1605 4817 1412 1606 4818 2013 1606 4819 1411 1606 4820 1395 1607 4821 2016 1607 4822 1412 1607 4823 1394 1608 4824 2015 1608 4825 1395 1608 4826 1412 1609 4827 2018 1609 4828 1395 1609 4829 1413 1610 4830 2017 1610 4831 1412 1610 4832 1396 1611 4833 2020 1611 4834 1413 1611 4835 1395 1612 4836 2019 1612 4837 1396 1612 4838 1413 1613 4839 2022 1613 4840 1396 1613 4841 1414 1614 4842 2021 1614 4843 1413 1614 4844 1397 1615 4845 2024 1615 4846 1414 1615 4847 1396 1616 4848 2023 1616 4849 1397 1616 4850 1414 1617 4851 2026 1617 4852 1397 1617 4853 1415 1618 4854 2025 1618 4855 1414 1618 4856 1398 1619 4857 2028 1619 4858 1415 1619 4859 1397 1620 4860 2027 1620 4861 1398 1620 4862 1415 1621 4863 2030 1621 4864 1398 1621 4865 1399 1622 4866 2029 1622 4867 1415 1622 4868 1382 1623 4869 2032 1623 4870 1399 1623 4871 1398 1624 4872 2031 1624 4873 1382 1624 4874 1418 1625 4875 1177 1625 4876 1401 1625 4877 1419 1626 4878 1176 1626 4879 1418 1626 4880 1402 1627 4881 2034 1627 4882 1419 1627 4883 1401 1628 4884 2033 1628 4885 1402 1628 4886 1419 1629 4887 2036 1629 4888 1402 1629 4889 1420 1630 4890 2035 1630 4891 1419 1630 4892 1403 1631 4893 2038 1631 4894 1420 1631 4895 1402 1632 4896 2037 1632 4897 1403 1632 4898 1420 1633 4899 2040 1633 4900 1403 1633 4901 1421 1634 4902 2039 1634 4903 1420 1634 4904 1404 1635 4905 2042 1635 4906 1421 1635 4907 1403 1636 4908 2041 1636 4909 1404 1636 4910 1421 1637 4911 2044 1637 4912 1404 1637 4913 1422 1638 4914 2043 1638 4915 1421 1638 4916 1405 1639 4917 2046 1639 4918 1422 1639 4919 1404 1640 4920 2045 1640 4921 1405 1640 4922 1422 1641 4923 2048 1641 4924 1405 1641 4925 1423 1642 4926 2047 1642 4927 1422 1642 4928 1406 1643 4929 2050 1643 4930 1423 1643 4931 1405 1644 4932 2049 1644 4933 1406 1644 4934 1423 1645 4935 2052 1645 4936 1406 1645 4937 1424 1646 4938 2051 1646 4939 1423 1646 4940 1407 1647 4941 2054 1647 4942 1424 1647 4943 1406 1648 4944 2053 1648 4945 1407 1648 4946 1424 1649 4947 2056 1649 4948 1407 1649 4949 1425 1650 4950 2055 1650 4951 1424 1650 4952 1408 1651 4953 2058 1651 4954 1425 1651 4955 1407 1652 4956 2057 1652 4957 1408 1652 4958 1425 1653 4959 2060 1653 4960 1408 1653 4961 1426 1654 4962 2059 1654 4963 1425 1654 4964 1409 1655 4965 2062 1655 4966 1426 1655 4967 1408 1656 4968 2061 1656 4969 1409 1656 4970 1426 1657 4971 2064 1657 4972 1409 1657 4973 1427 1658 4974 2063 1658 4975 1426 1658 4976 1410 1659 4977 2066 1659 4978 1427 1659 4979 1409 1660 4980 2065 1660 4981 1410 1660 4982 1427 1661 4983 2068 1661 4984 1410 1661 4985 1428 1662 4986 2067 1662 4987 1427 1662 4988 1411 1663 4989 2070 1663 4990 1428 1663 4991 1410 1664 4992 2069 1664 4993 1411 1664 4994 1428 1665 4995 2072 1665 4996 1411 1665 4997 1429 1666 4998 2071 1666 4999 1428 1666 5000 1412 1667 5001 2074 1667 5002 1429 1667 5003 1411 1668 5004 2073 1668 5005 1412 1668 5006 1429 1669 5007 2076 1669 5008 1412 1669 5009 1430 1670 5010 2075 1670 5011 1429 1670 5012 1413 1671 5013 2078 1671 5014 1430 1671 5015 1412 1672 5016 2077 1672 5017 1413 1672 5018 1430 1673 5019 2080 1673 5020 1413 1673 5021 1431 1674 5022 2079 1674 5023 1430 1674 5024 1414 1675 5025 2082 1675 5026 1431 1675 5027 1413 1676 5028 2081 1676 5029 1414 1676 5030 1431 1677 5031 2084 1677 5032 1414 1677 5033 1432 1678 5034 2083 1678 5035 1431 1678 5036 1415 1679 5037 2086 1679 5038 1432 1679 5039 1414 1680 5040 2085 1680 5041 1415 1680 5042 1432 1681 5043 2088 1681 5044 1415 1681 5045 1416 1682 5046 2087 1682 5047 1432 1682 5048 1399 1683 5049 2090 1683 5050 1416 1683 5051 1415 1684 5052 2089 1684 5053 1399 1684 5054 1435 1685 5055 1175 1685 5056 1418 1685 5057 1436 1686 5058 1174 1686 5059 1435 1686 5060 1419 1687 5061 2092 1687 5062 1436 1687 5063 1418 1688 5064 2091 1688 5065 1419 1688 5066 1436 1689 5067 2094 1689 5068 1419 1689 5069 1437 1690 5070 2093 1690 5071 1436 1690 5072 1420 1691 5073 2096 1691 5074 1437 1691 5075 1419 1692 5076 2095 1692 5077 1420 1692 5078 1437 1693 5079 2098 1693 5080 1420 1693 5081 1438 1694 5082 2097 1694 5083 1437 1694 5084 1421 1695 5085 2100 1695 5086 1438 1695 5087 1420 1696 5088 2099 1696 5089 1421 1696 5090 1438 1697 5091 2102 1697 5092 1421 1697 5093 1439 1698 5094 2101 1698 5095 1438 1698 5096 1422 1699 5097 2104 1699 5098 1439 1699 5099 1421 1700 5100 2103 1700 5101 1422 1700 5102 1439 1701 5103 2106 1701 5104 1422 1701 5105 1440 1702 5106 2105 1702 5107 1439 1702 5108 1423 1703 5109 2108 1703 5110 1440 1703 5111 1422 1704 5112 2107 1704 5113 1423 1704 5114 1440 1705 5115 2110 1705 5116 1423 1705 5117 1441 1706 5118 2109 1706 5119 1440 1706 5120 1424 1707 5121 2112 1707 5122 1441 1707 5123 1423 1708 5124 2111 1708 5125 1424 1708 5126 1441 1709 5127 2114 1709 5128 1424 1709 5129 1442 1710 5130 2113 1710 5131 1441 1710 5132 1425 1711 5133 2116 1711 5134 1442 1711 5135 1424 1712 5136 2115 1712 5137 1425 1712 5138 1442 1713 5139 2118 1713 5140 1425 1713 5141 1443 1714 5142 2117 1714 5143 1442 1714 5144 1426 1715 5145 2120 1715 5146 1443 1715 5147 1425 1716 5148 2119 1716 5149 1426 1716 5150 1443 1717 5151 2122 1717 5152 1426 1717 5153 1444 1718 5154 2121 1718 5155 1443 1718 5156 1427 1719 5157 2124 1719 5158 1444 1719 5159 1426 1720 5160 2123 1720 5161 1427 1720 5162 1444 1721 5163 2126 1721 5164 1427 1721 5165 1445 1722 5166 2125 1722 5167 1444 1722 5168 1428 1723 5169 2128 1723 5170 1445 1723 5171 1427 1724 5172 2127 1724 5173 1428 1724 5174 1445 1725 5175 2130 1725 5176 1428 1725 5177 1446 1726 5178 2129 1726 5179 1445 1726 5180 1429 1727 5181 2132 1727 5182 1446 1727 5183 1428 1728 5184 2131 1728 5185 1429 1728 5186 1446 1729 5187 2134 1729 5188 1429 1729 5189 1447 1730 5190 2133 1730 5191 1446 1730 5192 1430 1731 5193 2136 1731 5194 1447 1731 5195 1429 1732 5196 2135 1732 5197 1430 1732 5198 1447 1733 5199 2138 1733 5200 1430 1733 5201 1448 1734 5202 2137 1734 5203 1447 1734 5204 1431 1735 5205 2140 1735 5206 1448 1735 5207 1430 1736 5208 2139 1736 5209 1431 1736 5210 1448 1737 5211 2142 1737 5212 1431 1737 5213 1449 1738 5214 2141 1738 5215 1448 1738 5216 1432 1739 5217 2144 1739 5218 1449 1739 5219 1431 1740 5220 2143 1740 5221 1432 1740 5222 1449 1741 5223 2146 1741 5224 1432 1741 5225 1433 1742 5226 2145 1742 5227 1449 1742 5228 1416 1743 5229 2148 1743 5230 1433 1743 5231 1432 1744 5232 2147 1744 5233 1416 1744 5234 1452 1745 5235 1173 1745 5236 1435 1745 5237 1453 1746 5238 1172 1746 5239 1452 1746 5240 1436 1747 5241 2150 1747 5242 1453 1747 5243 1435 1748 5244 2149 1748 5245 1436 1748 5246 1453 1749 5247 2152 1749 5248 1436 1749 5249 1454 1750 5250 2151 1750 5251 1453 1750 5252 1437 1751 5253 2154 1751 5254 1454 1751 5255 1436 1752 5256 2153 1752 5257 1437 1752 5258 1454 1753 5259 2156 1753 5260 1437 1753 5261 1455 1754 5262 2155 1754 5263 1454 1754 5264 1438 1755 5265 2158 1755 5266 1455 1755 5267 1437 1756 5268 2157 1756 5269 1438 1756 5270 1455 1757 5271 2160 1757 5272 1438 1757 5273 1456 1758 5274 2159 1758 5275 1455 1758 5276 1439 1759 5277 2162 1759 5278 1456 1759 5279 1438 1760 5280 2161 1760 5281 1439 1760 5282 1456 1761 5283 2164 1761 5284 1439 1761 5285 1457 1762 5286 2163 1762 5287 1456 1762 5288 1440 1763 5289 2166 1763 5290 1457 1763 5291 1439 1764 5292 2165 1764 5293 1440 1764 5294 1457 1765 5295 2168 1765 5296 1440 1765 5297 1458 1766 5298 2167 1766 5299 1457 1766 5300 1441 1767 5301 2170 1767 5302 1458 1767 5303 1440 1768 5304 2169 1768 5305 1441 1768 5306 1458 1769 5307 2172 1769 5308 1441 1769 5309 1459 1770 5310 2171 1770 5311 1458 1770 5312 1442 1771 5313 2174 1771 5314 1459 1771 5315 1441 1772 5316 2173 1772 5317 1442 1772 5318 1459 1773 5319 2176 1773 5320 1442 1773 5321 1460 1774 5322 2175 1774 5323 1459 1774 5324 1443 1775 5325 2178 1775 5326 1460 1775 5327 1442 1776 5328 2177 1776 5329 1443 1776 5330 1460 1777 5331 2180 1777 5332 1443 1777 5333 1461 1778 5334 2179 1778 5335 1460 1778 5336 1444 1779 5337 2182 1779 5338 1461 1779 5339 1443 1780 5340 2181 1780 5341 1444 1780 5342 1461 1781 5343 2184 1781 5344 1444 1781 5345 1462 1782 5346 2183 1782 5347 1461 1782 5348 1445 1783 5349 2186 1783 5350 1462 1783 5351 1444 1784 5352 2185 1784 5353 1445 1784 5354 1462 1785 5355 2188 1785 5356 1445 1785 5357 1463 1786 5358 2187 1786 5359 1462 1786 5360 1446 1787 5361 2190 1787 5362 1463 1787 5363 1445 1788 5364 2189 1788 5365 1446 1788 5366 1463 1789 5367 2192 1789 5368 1446 1789 5369 1464 1790 5370 2191 1790 5371 1463 1790 5372 1447 1791 5373 2194 1791 5374 1464 1791 5375 1446 1792 5376 2193 1792 5377 1447 1792 5378 1464 1793 5379 2196 1793 5380 1447 1793 5381 1465 1794 5382 2195 1794 5383 1464 1794 5384 1448 1795 5385 2198 1795 5386 1465 1795 5387 1447 1796 5388 2197 1796 5389 1448 1796 5390 1465 1797 5391 2200 1797 5392 1448 1797 5393 1466 1798 5394 2199 1798 5395 1465 1798 5396 1449 1799 5397 2202 1799 5398 1466 1799 5399 1448 1800 5400 2201 1800 5401 1449 1800 5402 1466 1801 5403 2204 1801 5404 1449 1801 5405 1450 1802 5406 2203 1802 5407 1466 1802 5408 1433 1803 5409 2206 1803 5410 1450 1803 5411 1449 1804 5412 2205 1804 5413 1433 1804 5414 1469 1805 5415 1171 1805 5416 1452 1805 5417 1470 1806 5418 1170 1806 5419 1469 1806 5420 1453 1807 5421 2208 1807 5422 1470 1807 5423 1452 1808 5424 2207 1808 5425 1453 1808 5426 1470 1809 5427 2210 1809 5428 1453 1809 5429 1471 1810 5430 2209 1810 5431 1470 1810 5432 1454 1811 5433 2212 1811 5434 1471 1811 5435 1453 1812 5436 2211 1812 5437 1454 1812 5438 1471 1813 5439 2214 1813 5440 1454 1813 5441 1472 1814 5442 2213 1814 5443 1471 1814 5444 1455 1815 5445 2216 1815 5446 1472 1815 5447 1454 1816 5448 2215 1816 5449 1455 1816 5450 1472 1817 5451 2218 1817 5452 1455 1817 5453 1473 1818 5454 2217 1818 5455 1472 1818 5456 1456 1819 5457 2220 1819 5458 1473 1819 5459 1455 1820 5460 2219 1820 5461 1456 1820 5462 1473 1821 5463 2222 1821 5464 1456 1821 5465 1474 1822 5466 2221 1822 5467 1473 1822 5468 1457 1823 5469 2224 1823 5470 1474 1823 5471 1456 1824 5472 2223 1824 5473 1457 1824 5474 1474 1825 5475 2226 1825 5476 1457 1825 5477 1475 1826 5478 2225 1826 5479 1474 1826 5480 1458 1827 5481 2228 1827 5482 1475 1827 5483 1457 1828 5484 2227 1828 5485 1458 1828 5486 1475 1829 5487 2230 1829 5488 1458 1829 5489 1476 1830 5490 2229 1830 5491 1475 1830 5492 1459 1831 5493 2232 1831 5494 1476 1831 5495 1458 1832 5496 2231 1832 5497 1459 1832 5498 1476 1833 5499 2234 1833 5500 1459 1833 5501 1477 1834 5502 2233 1834 5503 1476 1834 5504 1460 1835 5505 2236 1835 5506 1477 1835 5507 1459 1836 5508 2235 1836 5509 1460 1836 5510 1477 1837 5511 2238 1837 5512 1460 1837 5513 1478 1838 5514 2237 1838 5515 1477 1838 5516 1461 1839 5517 2240 1839 5518 1478 1839 5519 1460 1840 5520 2239 1840 5521 1461 1840 5522 1478 1841 5523 2242 1841 5524 1461 1841 5525 1479 1842 5526 2241 1842 5527 1478 1842 5528 1462 1843 5529 2244 1843 5530 1479 1843 5531 1461 1844 5532 2243 1844 5533 1462 1844 5534 1479 1845 5535 2246 1845 5536 1462 1845 5537 1480 1846 5538 2245 1846 5539 1479 1846 5540 1463 1847 5541 2248 1847 5542 1480 1847 5543 1462 1848 5544 2247 1848 5545 1463 1848 5546 1480 1849 5547 2250 1849 5548 1463 1849 5549 1481 1850 5550 2249 1850 5551 1480 1850 5552 1464 1851 5553 2252 1851 5554 1481 1851 5555 1463 1852 5556 2251 1852 5557 1464 1852 5558 1481 1853 5559 2254 1853 5560 1464 1853 5561 1482 1854 5562 2253 1854 5563 1481 1854 5564 1465 1855 5565 2256 1855 5566 1482 1855 5567 1464 1856 5568 2255 1856 5569 1465 1856 5570 1482 1857 5571 2258 1857 5572 1465 1857 5573 1483 1858 5574 2257 1858 5575 1482 1858 5576 1466 1859 5577 2260 1859 5578 1483 1859 5579 1465 1860 5580 2259 1860 5581 1466 1860 5582 1483 1861 5583 2262 1861 5584 1466 1861 5585 1467 1862 5586 2261 1862 5587 1483 1862 5588 1450 1863 5589 2264 1863 5590 1467 1863 5591 1466 1864 5592 2263 1864 5593 1450 1864 5594 1486 1865 5595 1169 1865 5596 1469 1865 5597 1487 1866 5598 1168 1866 5599 1486 1866 5600 1470 1867 5601 2266 1867 5602 1487 1867 5603 1469 1868 5604 2265 1868 5605 1470 1868 5606 1487 1869 5607 2268 1869 5608 1470 1869 5609 1488 1870 5610 2267 1870 5611 1487 1870 5612 1471 1871 5613 2270 1871 5614 1488 1871 5615 1470 1872 5616 2269 1872 5617 1471 1872 5618 1488 1873 5619 2272 1873 5620 1471 1873 5621 1489 1874 5622 2271 1874 5623 1488 1874 5624 1472 1875 5625 2274 1875 5626 1489 1875 5627 1471 1876 5628 2273 1876 5629 1472 1876 5630 1489 1877 5631 2276 1877 5632 1472 1877 5633 1490 1878 5634 2275 1878 5635 1489 1878 5636 1473 1879 5637 2278 1879 5638 1490 1879 5639 1472 1880 5640 2277 1880 5641 1473 1880 5642 1490 1881 5643 2280 1881 5644 1473 1881 5645 1491 1882 5646 2279 1882 5647 1490 1882 5648 1474 1883 5649 2282 1883 5650 1491 1883 5651 1473 1884 5652 2281 1884 5653 1474 1884 5654 1491 1885 5655 2284 1885 5656 1474 1885 5657 1492 1886 5658 2283 1886 5659 1491 1886 5660 1475 1887 5661 2286 1887 5662 1492 1887 5663 1474 1888 5664 2285 1888 5665 1475 1888 5666 1492 1889 5667 2288 1889 5668 1475 1889 5669 1493 1890 5670 2287 1890 5671 1492 1890 5672 1476 1891 5673 2290 1891 5674 1493 1891 5675 1475 1892 5676 2289 1892 5677 1476 1892 5678 1493 1893 5679 2292 1893 5680 1476 1893 5681 1494 1894 5682 2291 1894 5683 1493 1894 5684 1477 1895 5685 2294 1895 5686 1494 1895 5687 1476 1896 5688 2293 1896 5689 1477 1896 5690 1494 1897 5691 2296 1897 5692 1477 1897 5693 1495 1898 5694 2295 1898 5695 1494 1898 5696 1478 1899 5697 2298 1899 5698 1495 1899 5699 1477 1900 5700 2297 1900 5701 1478 1900 5702 1495 1901 5703 2300 1901 5704 1478 1901 5705 1496 1902 5706 2299 1902 5707 1495 1902 5708 1479 1903 5709 2302 1903 5710 1496 1903 5711 1478 1904 5712 2301 1904 5713 1479 1904 5714 1496 1905 5715 2304 1905 5716 1479 1905 5717 1497 1906 5718 2303 1906 5719 1496 1906 5720 1480 1907 5721 2306 1907 5722 1497 1907 5723 1479 1908 5724 2305 1908 5725 1480 1908 5726 1497 1909 5727 2308 1909 5728 1480 1909 5729 1498 1910 5730 2307 1910 5731 1497 1910 5732 1481 1911 5733 2310 1911 5734 1498 1911 5735 1480 1912 5736 2309 1912 5737 1481 1912 5738 1498 1913 5739 2312 1913 5740 1481 1913 5741 1499 1914 5742 2311 1914 5743 1498 1914 5744 1482 1915 5745 2314 1915 5746 1499 1915 5747 1481 1916 5748 2313 1916 5749 1482 1916 5750 1499 1917 5751 2316 1917 5752 1482 1917 5753 1500 1918 5754 2315 1918 5755 1499 1918 5756 1483 1919 5757 2318 1919 5758 1500 1919 5759 1482 1920 5760 2317 1920 5761 1483 1920 5762 1500 1921 5763 2320 1921 5764 1483 1921 5765 1484 1922 5766 2319 1922 5767 1500 1922 5768 1467 1923 5769 2322 1923 5770 1484 1923 5771 1483 1924 5772 2321 1924 5773 1467 1924 5774 1503 1925 5775 1167 1925 5776 1486 1925 5777 1504 1926 5778 1166 1926 5779 1503 1926 5780 1487 1927 5781 2324 1927 5782 1504 1927 5783 1486 1928 5784 2323 1928 5785 1487 1928 5786 1504 1929 5787 2326 1929 5788 1487 1929 5789 1505 1930 5790 2325 1930 5791 1504 1930 5792 1488 1931 5793 2328 1931 5794 1505 1931 5795 1487 1932 5796 2327 1932 5797 1488 1932 5798 1505 1933 5799 2330 1933 5800 1488 1933 5801 1506 1934 5802 2329 1934 5803 1505 1934 5804 1489 1935 5805 2332 1935 5806 1506 1935 5807 1488 1936 5808 2331 1936 5809 1489 1936 5810 1506 1937 5811 2334 1937 5812 1489 1937 5813 1507 1938 5814 2333 1938 5815 1506 1938 5816 1490 1939 5817 2336 1939 5818 1507 1939 5819 1489 1940 5820 2335 1940 5821 1490 1940 5822 1507 1941 5823 2338 1941 5824 1490 1941 5825 1508 1942 5826 2337 1942 5827 1507 1942 5828 1491 1943 5829 2340 1943 5830 1508 1943 5831 1490 1944 5832 2339 1944 5833 1491 1944 5834 1508 1945 5835 2342 1945 5836 1491 1945 5837 1509 1946 5838 2341 1946 5839 1508 1946 5840 1492 1947 5841 2344 1947 5842 1509 1947 5843 1491 1948 5844 2343 1948 5845 1492 1948 5846 1509 1949 5847 2346 1949 5848 1492 1949 5849 1510 1950 5850 2345 1950 5851 1509 1950 5852 1493 1951 5853 2348 1951 5854 1510 1951 5855 1492 1952 5856 2347 1952 5857 1493 1952 5858 1510 1953 5859 2350 1953 5860 1493 1953 5861 1511 1954 5862 2349 1954 5863 1510 1954 5864 1494 1955 5865 2352 1955 5866 1511 1955 5867 1493 1956 5868 2351 1956 5869 1494 1956 5870 1511 1957 5871 2354 1957 5872 1494 1957 5873 1512 1958 5874 2353 1958 5875 1511 1958 5876 1495 1959 5877 2356 1959 5878 1512 1959 5879 1494 1960 5880 2355 1960 5881 1495 1960 5882 1512 1961 5883 2358 1961 5884 1495 1961 5885 1513 1962 5886 2357 1962 5887 1512 1962 5888 1496 1963 5889 2360 1963 5890 1513 1963 5891 1495 1964 5892 2359 1964 5893 1496 1964 5894 1513 1965 5895 2362 1965 5896 1496 1965 5897 1514 1966 5898 2361 1966 5899 1513 1966 5900 1497 1967 5901 2364 1967 5902 1514 1967 5903 1496 1968 5904 2363 1968 5905 1497 1968 5906 1514 1969 5907 2366 1969 5908 1497 1969 5909 1515 1970 5910 2365 1970 5911 1514 1970 5912 1498 1971 5913 2368 1971 5914 1515 1971 5915 1497 1972 5916 2367 1972 5917 1498 1972 5918 1515 1973 5919 2370 1973 5920 1498 1973 5921 1516 1974 5922 2369 1974 5923 1515 1974 5924 1499 1975 5925 2372 1975 5926 1516 1975 5927 1498 1976 5928 2371 1976 5929 1499 1976 5930 1516 1977 5931 2374 1977 5932 1499 1977 5933 1517 1978 5934 2373 1978 5935 1516 1978 5936 1500 1979 5937 2376 1979 5938 1517 1979 5939 1499 1980 5940 2375 1980 5941 1500 1980 5942 1517 1981 5943 2378 1981 5944 1500 1981 5945 1501 1982 5946 2377 1982 5947 1517 1982 5948 1484 1983 5949 2380 1983 5950 1501 1983 5951 1500 1984 5952 2379 1984 5953 1484 1984 5954 1520 1985 5955 1165 1985 5956 1503 1985 5957 1521 1986 5958 1164 1986 5959 1520 1986 5960 1504 1987 5961 2382 1987 5962 1521 1987 5963 1503 1988 5964 2381 1988 5965 1504 1988 5966 1521 1989 5967 2384 1989 5968 1504 1989 5969 1522 1990 5970 2383 1990 5971 1521 1990 5972 1505 1991 5973 2386 1991 5974 1522 1991 5975 1504 1992 5976 2385 1992 5977 1505 1992 5978 1522 1993 5979 2388 1993 5980 1505 1993 5981 1523 1994 5982 2387 1994 5983 1522 1994 5984 1506 1995 5985 2390 1995 5986 1523 1995 5987 1505 1996 5988 2389 1996 5989 1506 1996 5990 1523 1997 5991 2392 1997 5992 1506 1997 5993 1524 1998 5994 2391 1998 5995 1523 1998 5996 1507 1999 5997 2394 1999 5998 1524 1999 5999 1506 2000 6000 2393 2000 6001 1507 2000 6002 1524 2001 6003 2396 2001 6004 1507 2001 6005 1525 2002 6006 2395 2002 6007 1524 2002 6008 1508 2003 6009 2398 2003 6010 1525 2003 6011 1507 2004 6012 2397 2004 6013 1508 2004 6014 1525 2005 6015 2400 2005 6016 1508 2005 6017 1526 2006 6018 2399 2006 6019 1525 2006 6020 1509 2007 6021 2402 2007 6022 1526 2007 6023 1508 2008 6024 2401 2008 6025 1509 2008 6026 1526 2009 6027 2404 2009 6028 1509 2009 6029 1527 2010 6030 2403 2010 6031 1526 2010 6032 1510 2011 6033 2406 2011 6034 1527 2011 6035 1509 2012 6036 2405 2012 6037 1510 2012 6038 1527 2013 6039 2408 2013 6040 1510 2013 6041 1528 2014 6042 2407 2014 6043 1527 2014 6044 1511 2015 6045 2410 2015 6046 1528 2015 6047 1510 2016 6048 2409 2016 6049 1511 2016 6050 1528 2017 6051 2412 2017 6052 1511 2017 6053 1529 2018 6054 2411 2018 6055 1528 2018 6056 1512 2019 6057 2414 2019 6058 1529 2019 6059 1511 2020 6060 2413 2020 6061 1512 2020 6062 1529 2021 6063 2416 2021 6064 1512 2021 6065 1530 2022 6066 2415 2022 6067 1529 2022 6068 1513 2023 6069 2418 2023 6070 1530 2023 6071 1512 2024 6072 2417 2024 6073 1513 2024 6074 1530 2025 6075 2420 2025 6076 1513 2025 6077 1531 2026 6078 2419 2026 6079 1530 2026 6080 1514 2027 6081 2422 2027 6082 1531 2027 6083 1513 2028 6084 2421 2028 6085 1514 2028 6086 1531 2029 6087 2424 2029 6088 1514 2029 6089 1532 2030 6090 2423 2030 6091 1531 2030 6092 1515 2031 6093 2426 2031 6094 1532 2031 6095 1514 2032 6096 2425 2032 6097 1515 2032 6098 1532 2033 6099 2428 2033 6100 1515 2033 6101 1533 2034 6102 2427 2034 6103 1532 2034 6104 1516 2035 6105 2430 2035 6106 1533 2035 6107 1515 2036 6108 2429 2036 6109 1516 2036 6110 1533 2037 6111 2432 2037 6112 1516 2037 6113 1534 2038 6114 2431 2038 6115 1533 2038 6116 1517 2039 6117 2434 2039 6118 1534 2039 6119 1516 2040 6120 2433 2040 6121 1517 2040 6122 1534 2041 6123 2436 2041 6124 1517 2041 6125 1518 2042 6126 2435 2042 6127 1534 2042 6128 1501 2043 6129 2438 2043 6130 1518 2043 6131 1517 2044 6132 2437 2044 6133 1501 2044 6134 2440 2045 6135 1163 2045 6136 1520 2045 6137 1550 2046 6138 1160 2046 6139 2440 2046 6140 1550 2047 6141 2439 2047 6142 1159 2047 6143 1520 2048 6144 2439 2048 6145 1521 2048 6146 1521 2049 6147 1250 2049 6148 2441 2049 6149 1551 2050 6150 1250 2050 6151 1550 2050 6152 1551 2051 6153 2442 2051 6154 1249 2051 6155 1521 2052 6156 2442 2052 6157 1522 2052 6158 1522 2053 6159 1248 2053 6160 2443 2053 6161 1552 2054 6162 1248 2054 6163 1551 2054 6164 1552 2055 6165 2444 2055 6166 1247 2055 6167 1522 2056 6168 2444 2056 6169 1523 2056 6170 1523 2057 6171 1246 2057 6172 2445 2057 6173 1553 2058 6174 1246 2058 6175 1552 2058 6176 1553 2059 6177 2446 2059 6178 1245 2059 6179 1523 2060 6180 2446 2060 6181 1524 2060 6182 1524 2061 6183 1244 2061 6184 2447 2061 6185 1554 2062 6186 1244 2062 6187 1553 2062 6188 1554 2063 6189 2448 2063 6190 1243 2063 6191 1524 2064 6192 2448 2064 6193 1525 2064 6194 1525 2065 6195 1242 2065 6196 2449 2065 6197 1555 2066 6198 1242 2066 6199 1554 2066 6200 1555 2067 6201 2450 2067 6202 1241 2067 6203 1525 2068 6204 2450 2068 6205 1526 2068 6206 1526 2069 6207 1240 2069 6208 2451 2069 6209 1556 2070 6210 1240 2070 6211 1555 2070 6212 1556 2071 6213 2452 2071 6214 1239 2071 6215 1526 2072 6216 2452 2072 6217 1527 2072 6218 1527 2073 6219 1238 2073 6220 2453 2073 6221 1557 2074 6222 1238 2074 6223 1556 2074 6224 1557 2075 6225 2454 2075 6226 1237 2075 6227 1527 2076 6228 2454 2076 6229 1528 2076 6230 1528 2077 6231 1236 2077 6232 2455 2077 6233 1558 2078 6234 1236 2078 6235 1557 2078 6236 1558 2079 6237 2456 2079 6238 1235 2079 6239 1528 2080 6240 2456 2080 6241 1529 2080 6242 1529 2081 6243 1234 2081 6244 2457 2081 6245 1559 2082 6246 1234 2082 6247 1558 2082 6248 1559 2083 6249 2458 2083 6250 1233 2083 6251 1529 2084 6252 2458 2084 6253 1530 2084 6254 1530 2085 6255 1232 2085 6256 2459 2085 6257 1560 2086 6258 1232 2086 6259 1559 2086 6260 1560 2087 6261 2460 2087 6262 1231 2087 6263 1530 2088 6264 2460 2088 6265 1531 2088 6266 1531 2089 6267 1230 2089 6268 2461 2089 6269 1561 2090 6270 1230 2090 6271 1560 2090 6272 1561 2091 6273 2462 2091 6274 1229 2091 6275 1531 2092 6276 2462 2092 6277 1532 2092 6278 1532 2093 6279 1228 2093 6280 2463 2093 6281 1562 2094 6282 1228 2094 6283 1561 2094 6284 1562 2095 6285 2464 2095 6286 1227 2095 6287 1532 2096 6288 2464 2096 6289 1533 2096 6290 1533 2097 6291 1226 2097 6292 2465 2097 6293 1563 2098 6294 1226 2098 6295 1562 2098 6296 1563 2099 6297 2466 2099 6298 1225 2099 6299 1533 2100 6300 2466 2100 6301 1534 2100 6302 1534 2101 6303 1224 2101 6304 2467 2101 6305 1564 2102 6306 1224 2102 6307 1563 2102 6308 1564 2103 6309 2468 2103 6310 1223 2103 6311 1534 2104 6312 2468 2104 6313 1518 2104 6314 249 2105 6315 1626 2105 6316 250 2105 6317 698 2106 6318 2057 2106 6319 699 2106 6320 1111 2107 6321 2447 2107 6322 1108 2107 6323 250 2108 6324 1193 2108 6325 251 2108 6326 1110 2109 6327 2448 2109 6328 1111 2109 6329 904 2110 6330 2257 2110 6331 905 2110 6332 907 2111 6333 2258 2111 6334 904 2111 6335 456 2112 6336 1823 2112 6337 457 2112 6338 905 2113 6339 2260 2113 6340 906 2113 6341 108 2114 6342 1553 2114 6343 109 2114 6344 700 2115 6345 2059 2115 6346 701 2115 6347 459 2116 6348 1824 2116 6349 456 2116 6350 906 2117 6351 2259 2117 6352 907 2117 6353 84 2118 6354 1549 2118 6355 83 2118 6356 703 2119 6357 2060 2119 6358 700 2119 6359 457 2120 6360 1826 2120 6361 458 2120 6362 255 2121 6363 1191 2121 6364 252 2121 6365 701 2122 6366 2062 2122 6367 702 2122 6368 458 2123 6369 1825 2123 6370 459 2123 6371 1112 2124 6372 1242 2124 6373 1113 2124 6374 253 2125 6375 1628 2125 6376 254 2125 6377 702 2126 6378 2061 2126 6379 703 2126 6380 1115 2127 6381 2449 2127 6382 1112 2127 6383 254 2128 6384 1627 2128 6385 255 2128 6386 1114 2129 6387 2450 2129 6388 1115 2129 6389 81 2130 6390 1282 2130 6391 82 2130 6392 908 2131 6393 2261 2131 6394 909 2131 6395 911 2132 6396 2262 2132 6397 908 2132 6398 460 2133 6399 1827 2133 6400 461 2133 6401 909 2134 6402 2264 2134 6403 910 2134 6404 107 2135 6405 1554 2135 6406 108 2135 6407 704 2136 6408 2063 2136 6409 705 2136 6410 463 2137 6411 1828 2137 6412 460 2137 6413 910 2138 6414 2263 2138 6415 911 2138 6416 707 2139 6417 2064 2139 6418 704 2139 6419 461 2140 6420 1830 2140 6421 462 2140 6422 256 2141 6423 1629 2141 6424 257 2141 6425 705 2142 6426 2066 2142 6427 706 2142 6428 462 2143 6429 1829 2143 6430 463 2143 6431 1116 2144 6432 1240 2144 6433 1117 2144 6434 259 2145 6435 1630 2145 6436 256 2145 6437 706 2146 6438 2065 2146 6439 707 2146 6440 1119 2147 6441 2451 2147 6442 1116 2147 6443 257 2148 6444 1632 2148 6445 258 2148 6446 1118 2149 6447 2452 2149 6448 1119 2149 6449 258 2150 6450 1631 2150 6451 259 2150 6452 915 2151 6453 1169 2151 6454 912 2151 6455 913 2152 6456 2266 2152 6457 914 2152 6458 464 2153 6459 1831 2153 6460 465 2153 6461 914 2154 6462 2265 2154 6463 915 2154 6464 106 2155 6465 1555 2155 6466 107 2155 6467 708 2156 6468 2067 2156 6469 709 2156 6470 467 2157 6471 1832 2157 6472 464 2157 6473 70 2158 6474 1469 2158 6475 71 2158 6476 711 2159 6477 2068 2159 6478 708 2159 6479 465 2160 6480 1834 2160 6481 466 2160 6482 260 2161 6483 1633 2161 6484 261 2161 6485 709 2162 6486 2070 2162 6487 710 2162 6488 466 2163 6489 1833 2163 6490 467 2163 6491 1120 2164 6492 1238 2164 6493 1121 2164 6494 263 2165 6495 1634 2165 6496 260 2165 6497 710 2166 6498 2069 2166 6499 711 2166 6500 1123 2167 6501 2453 2167 6502 1120 2167 6503 261 2168 6504 1636 2168 6505 262 2168 6506 1122 2169 6507 2454 2169 6508 1123 2169 6509 262 2170 6510 1635 2170 6511 263 2170 6512 916 2171 6513 2267 2171 6514 917 2171 6515 1152 2172 6516 1154 2172 6517 2478 2172 6518 1153 2173 6519 3402 2173 6520 3401 2173 6521 1153 2174 6522 1152 2174 6523 2469 2174 6524 2469 2175 6525 2494 2175 6526 2470 2175 6527 2478 2176 6528 1154 2176 6529 2477 2176 6530 2477 2177 6531 1154 2177 6532 2476 2177 6533 2476 2178 6534 1154 2178 6535 2475 2178 6536 1155 2179 6537 1153 2179 6538 2472 2179 6539 2475 2180 6540 1155 2180 6541 2474 2180 6542 2474 2181 6543 1155 2181 6544 2473 2181 6545 2473 2182 6546 1155 2182 6547 2472 2182 6548 1155 2183 6549 2475 2183 6550 1154 2183 6551 2492 2184 6552 2505 2184 6553 2481 2184 6554 2476 2185 6555 2501 2185 6556 2477 2185 6557 2473 2186 6558 2498 2186 6559 2474 2186 6560 2480 2187 6561 2493 2187 6562 2469 2187 6563 2470 2188 6564 2495 2188 6565 2471 2188 6566 2477 2189 6567 2502 2189 6568 2478 2189 6569 2474 2190 6570 2499 2190 6571 2475 2190 6572 2471 2191 6573 2496 2191 6574 2472 2191 6575 2478 2192 6576 2503 2192 6577 2479 2192 6578 2475 2193 6579 2500 2193 6580 2476 2193 6581 2472 2194 6582 2497 2194 6583 2473 2194 6584 2479 2195 6585 2504 2195 6586 2480 2195 6587 2482 2196 6588 2493 2196 6589 2481 2196 6590 2483 2197 6591 2494 2197 6592 2482 2197 6593 2484 2198 6594 2495 2198 6595 2483 2198 6596 2485 2199 6597 2496 2199 6598 2484 2199 6599 2486 2200 6600 2497 2200 6601 2485 2200 6602 2487 2201 6603 2498 2201 6604 2486 2201 6605 2488 2202 6606 2499 2202 6607 2487 2202 6608 2489 2203 6609 2500 2203 6610 2488 2203 6611 2490 2204 6612 2501 2204 6613 2489 2204 6614 2491 2205 6615 2502 2205 6616 2490 2205 6617 2492 2206 6618 2503 2206 6619 2491 2206 6620 2481 2207 6621 2504 2207 6622 2492 2207 6623 2482 2208 6624 2507 2208 6625 2483 2208 6626 2489 2209 6627 2514 2209 6628 2490 2209 6629 2486 2210 6630 2511 2210 6631 2487 2210 6632 2483 2211 6633 2508 2211 6634 2484 2211 6635 2490 2212 6636 2515 2212 6637 2491 2212 6638 2487 2213 6639 2512 2213 6640 2488 2213 6641 2484 2214 6642 2509 2214 6643 2485 2214 6644 2491 2215 6645 2516 2215 6646 2492 2215 6647 2481 2216 6648 2506 2216 6649 2482 2216 6650 2488 2217 6651 2513 2217 6652 2489 2217 6653 2485 2218 6654 2510 2218 6655 2486 2218 6656 3210 2219 6657 2732 2219 6658 2729 2219 6659 2626 2220 6660 3108 2220 6661 2627 2220 6662 3209 2221 6663 2729 2221 6664 2730 2221 6665 3003 2222 6666 2523 2222 6667 2524 2222 6668 2628 2223 6669 3105 2223 6670 2625 2223 6671 3004 2224 6672 2522 2224 6673 2523 2224 6674 2625 2225 6675 3106 2225 6676 2626 2225 6677 3002 2226 6678 2524 2226 6679 2521 2226 6680 3311 2227 6681 2831 2227 6682 2832 2227 6683 3001 2228 6684 2521 2228 6685 2522 2228 6686 3312 2229 6687 2830 2229 6688 2831 2229 6689 3207 2230 6690 2727 2230 6691 2728 2230 6692 3310 2231 6693 2832 2231 6694 2829 2231 6695 3208 2232 6696 2726 2232 6697 2727 2232 6698 3309 2233 6699 2829 2233 6700 2830 2233 6701 2623 2234 6702 3103 2234 6703 2624 2234 6704 3206 2235 6705 2728 2235 6706 2725 2235 6707 2622 2236 6708 3104 2236 6709 2623 2236 6710 3205 2237 6711 2725 2237 6712 2726 2237 6713 2999 2238 6714 2519 2238 6715 2520 2238 6716 2624 2239 6717 3101 2239 6718 2621 2239 6719 3000 2240 6720 2518 2240 6721 2519 2240 6722 2621 2241 6723 3102 2241 6724 2622 2241 6725 2998 2242 6726 2520 2242 6727 2517 2242 6728 3307 2243 6729 2827 2243 6730 2828 2243 6731 2997 2244 6732 2517 2244 6733 2518 2244 6734 3308 2245 6735 2826 2245 6736 2827 2245 6737 3203 2246 6738 2723 2246 6739 2724 2246 6740 3306 2247 6741 2828 2247 6742 2825 2247 6743 3204 2248 6744 2722 2248 6745 2723 2248 6746 3305 2249 6747 2825 2249 6748 2826 2249 6749 2619 2250 6750 3099 2250 6751 2620 2250 6752 3202 2251 6753 2724 2251 6754 2721 2251 6755 2618 2252 6756 3100 2252 6757 2619 2252 6758 3201 2253 6759 2721 2253 6760 2722 2253 6761 2620 2254 6762 3097 2254 6763 2617 2254 6764 2617 2255 6765 3098 2255 6766 2618 2255 6767 3303 2256 6768 2823 2256 6769 2824 2256 6770 3304 2257 6771 2822 2257 6772 2823 2257 6773 3199 2258 6774 2719 2258 6775 2720 2258 6776 3302 2259 6777 2824 2259 6778 2821 2259 6779 3200 2260 6780 2718 2260 6781 2719 2260 6782 3301 2261 6783 2821 2261 6784 2822 2261 6785 2615 2262 6786 3095 2262 6787 2616 2262 6788 3198 2263 6789 2720 2263 6790 2717 2263 6791 2614 2264 6792 3096 2264 6793 2615 2264 6794 3197 2265 6795 2717 2265 6796 2718 2265 6797 2616 2266 6798 3093 2266 6799 2613 2266 6800 2613 2267 6801 3094 2267 6802 2614 2267 6803 3299 2268 6804 2819 2268 6805 2820 2268 6806 3300 2269 6807 2818 2269 6808 2819 2269 6809 3195 2270 6810 2715 2270 6811 2716 2270 6812 3298 2271 6813 2820 2271 6814 2817 2271 6815 3196 2272 6816 2714 2272 6817 2715 2272 6818 3297 2273 6819 2817 2273 6820 2818 2273 6821 2611 2274 6822 3091 2274 6823 2612 2274 6824 3194 2275 6825 2716 2275 6826 2713 2275 6827 2610 2276 6828 3092 2276 6829 2611 2276 6830 3193 2277 6831 2713 2277 6832 2714 2277 6833 2612 2278 6834 3089 2278 6835 2609 2278 6836 2609 2279 6837 3090 2279 6838 2610 2279 6839 3295 2280 6840 2815 2280 6841 2816 2280 6842 3296 2281 6843 2814 2281 6844 2815 2281 6845 3191 2282 6846 2711 2282 6847 2712 2282 6848 3294 2283 6849 2816 2283 6850 2813 2283 6851 3192 2284 6852 2710 2284 6853 2711 2284 6854 3293 2285 6855 2813 2285 6856 2814 2285 6857 2607 2286 6858 3087 2286 6859 2608 2286 6860 3190 2287 6861 2712 2287 6862 2709 2287 6863 2606 2288 6864 3088 2288 6865 2607 2288 6866 3189 2289 6867 2709 2289 6868 2710 2289 6869 2608 2290 6870 3085 2290 6871 2605 2290 6872 2605 2291 6873 3086 2291 6874 2606 2291 6875 3291 2292 6876 2811 2292 6877 2812 2292 6878 3292 2293 6879 2810 2293 6880 2811 2293 6881 3187 2294 6882 2707 2294 6883 2708 2294 6884 3290 2295 6885 2812 2295 6886 2809 2295 6887 3188 2296 6888 2706 2296 6889 2707 2296 6890 3289 2297 6891 2809 2297 6892 2810 2297 6893 2603 2298 6894 3083 2298 6895 2604 2298 6896 3186 2299 6897 2708 2299 6898 2705 2299 6899 2602 2300 6900 3084 2300 6901 2603 2300 6902 3185 2301 6903 2705 2301 6904 2706 2301 6905 2604 2302 6906 3081 2302 6907 2601 2302 6908 2601 2303 6909 3082 2303 6910 2602 2303 6911 3287 2304 6912 2807 2304 6913 2808 2304 6914 3288 2305 6915 2806 2305 6916 2807 2305 6917 3183 2306 6918 2703 2306 6919 2704 2306 6920 3286 2307 6921 2808 2307 6922 2805 2307 6923 3184 2308 6924 2702 2308 6925 2703 2308 6926 3285 2309 6927 2805 2309 6928 2806 2309 6929 3079 2310 6930 2599 2310 6931 2600 2310 6932 3182 2311 6933 2704 2311 6934 2701 2311 6935 3080 2312 6936 2598 2312 6937 2599 2312 6938 3181 2313 6939 2701 2313 6940 2702 2313 6941 3077 2314 6942 2600 2314 6943 2597 2314 6944 3078 2315 6945 2597 2315 6946 2598 2315 6947 3283 2316 6948 2803 2316 6949 2804 2316 6950 3284 2317 6951 2802 2317 6952 2803 2317 6953 3179 2318 6954 2699 2318 6955 2700 2318 6956 3282 2319 6957 2804 2319 6958 2801 2319 6959 3180 2320 6960 2698 2320 6961 2699 2320 6962 3281 2321 6963 2801 2321 6964 2802 2321 6965 3075 2322 6966 2595 2322 6967 2596 2322 6968 3178 2323 6969 2700 2323 6970 2697 2323 6971 3076 2324 6972 2594 2324 6973 2595 2324 6974 3177 2325 6975 2697 2325 6976 2698 2325 6977 3073 2326 6978 2596 2326 6979 2593 2326 6980 3074 2327 6981 2593 2327 6982 2594 2327 6983 3279 2328 6984 2799 2328 6985 2800 2328 6986 3280 2329 6987 2798 2329 6988 2799 2329 6989 3175 2330 6990 2695 2330 6991 2696 2330 6992 3278 2331 6993 2800 2331 6994 2797 2331 6995 3176 2332 6996 2694 2332 6997 2695 2332 6998 3277 2333 6999 2797 2333 7000 2798 2333 7001 3071 2334 7002 2591 2334 7003 2592 2334 7004 3173 2335 7005 2696 2335 7006 2693 2335 7007 3072 2336 7008 2590 2336 7009 2591 2336 7010 3174 2337 7011 2693 2337 7012 2694 2337 7013 3069 2338 7014 2592 2338 7015 2589 2338 7016 3379 2339 7017 2899 2339 7018 2900 2339 7019 3070 2340 7020 2589 2340 7021 2590 2340 7022 3380 2341 7023 2898 2341 7024 2899 2341 7025 3275 2342 7026 2795 2342 7027 2796 2342 7028 3378 2343 7029 2900 2343 7030 2897 2343 7031 3276 2344 7032 2794 2344 7033 2795 2344 7034 3377 2345 7035 2897 2345 7036 2898 2345 7037 3171 2346 7038 2691 2346 7039 2692 2346 7040 3274 2347 7041 2796 2347 7042 2793 2347 7043 3172 2348 7044 2690 2348 7045 2691 2348 7046 3273 2349 7047 2793 2349 7048 2794 2349 7049 3067 2350 7050 2587 2350 7051 2588 2350 7052 3169 2351 7053 2692 2351 7054 2689 2351 7055 3068 2352 7056 2586 2352 7057 2587 2352 7058 3170 2353 7059 2689 2353 7060 2690 2353 7061 3065 2354 7062 2588 2354 7063 2585 2354 7064 3375 2355 7065 2895 2355 7066 2896 2355 7067 3066 2356 7068 2585 2356 7069 2586 2356 7070 3376 2357 7071 2894 2357 7072 2895 2357 7073 3271 2358 7074 2791 2358 7075 2792 2358 7076 3374 2359 7077 2896 2359 7078 2893 2359 7079 3272 2360 7080 2790 2360 7081 2791 2360 7082 3373 2361 7083 2893 2361 7084 2894 2361 7085 3167 2362 7086 2687 2362 7087 2688 2362 7088 3270 2363 7089 2792 2363 7090 2789 2363 7091 3168 2364 7092 2686 2364 7093 2687 2364 7094 3269 2365 7095 2789 2365 7096 2790 2365 7097 3063 2366 7098 2583 2366 7099 2584 2366 7100 3165 2367 7101 2688 2367 7102 2685 2367 7103 3064 2368 7104 2582 2368 7105 2583 2368 7106 3166 2369 7107 2685 2369 7108 2686 2369 7109 3061 2370 7110 2584 2370 7111 2581 2370 7112 3371 2371 7113 2891 2371 7114 2892 2371 7115 3062 2372 7116 2581 2372 7117 2582 2372 7118 3372 2373 7119 2890 2373 7120 2891 2373 7121 3267 2374 7122 2787 2374 7123 2788 2374 7124 3370 2375 7125 2892 2375 7126 2889 2375 7127 3268 2376 7128 2786 2376 7129 2787 2376 7130 3369 2377 7131 2889 2377 7132 2890 2377 7133 3163 2378 7134 2683 2378 7135 2684 2378 7136 3266 2379 7137 2788 2379 7138 2785 2379 7139 3164 2380 7140 2682 2380 7141 2683 2380 7142 3265 2381 7143 2785 2381 7144 2786 2381 7145 3059 2382 7146 2579 2382 7147 2580 2382 7148 3161 2383 7149 2684 2383 7150 2681 2383 7151 3060 2384 7152 2578 2384 7153 2579 2384 7154 3162 2385 7155 2681 2385 7156 2682 2385 7157 3057 2386 7158 2580 2386 7159 2577 2386 7160 3367 2387 7161 2887 2387 7162 2888 2387 7163 3058 2388 7164 2577 2388 7165 2578 2388 7166 3368 2389 7167 2886 2389 7168 2887 2389 7169 3263 2390 7170 2783 2390 7171 2784 2390 7172 3366 2391 7173 2888 2391 7174 2885 2391 7175 3264 2392 7176 2782 2392 7177 2783 2392 7178 3365 2393 7179 2885 2393 7180 2886 2393 7181 3159 2394 7182 2679 2394 7183 2680 2394 7184 3261 2395 7185 2784 2395 7186 2781 2395 7187 3160 2396 7188 2678 2396 7189 2679 2396 7190 3262 2397 7191 2781 2397 7192 2782 2397 7193 3055 2398 7194 2575 2398 7195 2576 2398 7196 3157 2399 7197 2680 2399 7198 2677 2399 7199 3056 2400 7200 2574 2400 7201 2575 2400 7202 3158 2401 7203 2677 2401 7204 2678 2401 7205 3053 2402 7206 2576 2402 7207 2573 2402 7208 3363 2403 7209 2883 2403 7210 2884 2403 7211 3054 2404 7212 2573 2404 7213 2574 2404 7214 3364 2405 7215 2882 2405 7216 2883 2405 7217 3259 2406 7218 2779 2406 7219 2780 2406 7220 3362 2407 7221 2884 2407 7222 2881 2407 7223 2940 2408 7224 2964 2408 7225 2996 2408 7226 3260 2409 7227 2778 2409 7228 2779 2409 7229 3361 2410 7230 2881 2410 7231 2882 2410 7232 3155 2411 7233 2675 2411 7234 2676 2411 7235 3257 2412 7236 2780 2412 7237 2777 2412 7238 3156 2413 7239 2674 2413 7240 2675 2413 7241 3258 2414 7242 2777 2414 7243 2778 2414 7244 3051 2415 7245 2571 2415 7246 2572 2415 7247 3153 2416 7248 2676 2416 7249 2673 2416 7250 3052 2417 7251 2570 2417 7252 2571 2417 7253 3154 2418 7254 2673 2418 7255 2674 2418 7256 3049 2419 7257 2572 2419 7258 2569 2419 7259 3359 2420 7260 2879 2420 7261 2880 2420 7262 3050 2421 7263 2569 2421 7264 2570 2421 7265 3360 2422 7266 2878 2422 7267 2879 2422 7268 3255 2423 7269 2775 2423 7270 2776 2423 7271 3358 2424 7272 2880 2424 7273 2877 2424 7274 3256 2425 7275 2774 2425 7276 2775 2425 7277 3357 2426 7278 2877 2426 7279 2878 2426 7280 3151 2427 7281 2671 2427 7282 2672 2427 7283 3253 2428 7284 2776 2428 7285 2773 2428 7286 3152 2429 7287 2670 2429 7288 2671 2429 7289 3254 2430 7290 2773 2430 7291 2774 2430 7292 3047 2431 7293 2567 2431 7294 2568 2431 7295 3149 2432 7296 2672 2432 7297 2669 2432 7298 3048 2433 7299 2566 2433 7300 2567 2433 7301 3150 2434 7302 2669 2434 7303 2670 2434 7304 3045 2435 7305 2568 2435 7306 2565 2435 7307 3355 2436 7308 2875 2436 7309 2876 2436 7310 3046 2437 7311 2565 2437 7312 2566 2437 7313 3356 2438 7314 2874 2438 7315 2875 2438 7316 3251 2439 7317 2771 2439 7318 2772 2439 7319 3354 2440 7320 2876 2440 7321 2873 2440 7322 3252 2441 7323 2770 2441 7324 2771 2441 7325 3353 2442 7326 2873 2442 7327 2874 2442 7328 3147 2443 7329 2667 2443 7330 2668 2443 7331 3249 2444 7332 2772 2444 7333 2769 2444 7334 3148 2445 7335 2666 2445 7336 2667 2445 7337 3250 2446 7338 2769 2446 7339 2770 2446 7340 3043 2447 7341 2563 2447 7342 2564 2447 7343 3145 2448 7344 2668 2448 7345 2665 2448 7346 3044 2449 7347 2562 2449 7348 2563 2449 7349 3146 2450 7350 2665 2450 7351 2666 2450 7352 3041 2451 7353 2564 2451 7354 2561 2451 7355 3351 2452 7356 2871 2452 7357 2872 2452 7358 3042 2453 7359 2561 2453 7360 2562 2453 7361 3352 2454 7362 2870 2454 7363 2871 2454 7364 3247 2455 7365 2767 2455 7366 2768 2455 7367 3349 2456 7368 2872 2456 7369 2869 2456 7370 3248 2457 7371 2766 2457 7372 2767 2457 7373 3350 2458 7374 2869 2458 7375 2870 2458 7376 2663 2459 7377 3143 2459 7378 2664 2459 7379 3245 2460 7380 2768 2460 7381 2765 2460 7382 2662 2461 7383 3144 2461 7384 2663 2461 7385 3246 2462 7386 2765 2462 7387 2766 2462 7388 3039 2463 7389 2559 2463 7390 2560 2463 7391 2664 2464 7392 3141 2464 7393 2661 2464 7394 3040 2465 7395 2558 2465 7396 2559 2465 7397 2661 2466 7398 3142 2466 7399 2662 2466 7400 3037 2467 7401 2560 2467 7402 2557 2467 7403 3347 2468 7404 2867 2468 7405 2868 2468 7406 3038 2469 7407 2557 2469 7408 2558 2469 7409 3348 2470 7410 2866 2470 7411 2867 2470 7412 3243 2471 7413 2763 2471 7414 2764 2471 7415 3345 2472 7416 2868 2472 7417 2865 2472 7418 3244 2473 7419 2762 2473 7420 2763 2473 7421 3346 2474 7422 2865 2474 7423 2866 2474 7424 2659 2475 7425 3139 2475 7426 2660 2475 7427 3241 2476 7428 2764 2476 7429 2761 2476 7430 2658 2477 7431 3140 2477 7432 2659 2477 7433 3242 2478 7434 2761 2478 7435 2762 2478 7436 3035 2479 7437 2555 2479 7438 2556 2479 7439 2660 2480 7440 3137 2480 7441 2657 2480 7442 3036 2481 7443 2554 2481 7444 2555 2481 7445 2657 2482 7446 3138 2482 7447 2658 2482 7448 3033 2483 7449 2556 2483 7450 2553 2483 7451 3343 2484 7452 2863 2484 7453 2864 2484 7454 3034 2485 7455 2553 2485 7456 2554 2485 7457 3344 2486 7458 2862 2486 7459 2863 2486 7460 3239 2487 7461 2759 2487 7462 2760 2487 7463 3341 2488 7464 2864 2488 7465 2861 2488 7466 3240 2489 7467 2758 2489 7468 2759 2489 7469 3342 2490 7470 2861 2490 7471 2862 2490 7472 2655 2491 7473 3135 2491 7474 2656 2491 7475 3237 2492 7476 2760 2492 7477 2757 2492 7478 2654 2493 7479 3136 2493 7480 2655 2493 7481 3238 2494 7482 2757 2494 7483 2758 2494 7484 3031 2495 7485 2551 2495 7486 2552 2495 7487 2656 2496 7488 3133 2496 7489 2653 2496 7490 3032 2497 7491 2550 2497 7492 2551 2497 7493 2653 2498 7494 3134 2498 7495 2654 2498 7496 3029 2499 7497 2552 2499 7498 2549 2499 7499 3339 2500 7500 2859 2500 7501 2860 2500 7502 3030 2501 7503 2549 2501 7504 2550 2501 7505 3340 2502 7506 2858 2502 7507 2859 2502 7508 3235 2503 7509 2755 2503 7510 2756 2503 7511 3337 2504 7512 2860 2504 7513 2857 2504 7514 3236 2505 7515 2754 2505 7516 2755 2505 7517 3338 2506 7518 2857 2506 7519 2858 2506 7520 2651 2507 7521 3131 2507 7522 2652 2507 7523 3233 2508 7524 2756 2508 7525 2753 2508 7526 2650 2509 7527 3132 2509 7528 2651 2509 7529 3234 2510 7530 2753 2510 7531 2754 2510 7532 3027 2511 7533 2547 2511 7534 2548 2511 7535 2652 2512 7536 3129 2512 7537 2649 2512 7538 3028 2513 7539 2546 2513 7540 2547 2513 7541 2649 2514 7542 3130 2514 7543 2650 2514 7544 3025 2515 7545 2548 2515 7546 2545 2515 7547 3335 2516 7548 2855 2516 7549 2856 2516 7550 3026 2517 7551 2545 2517 7552 2546 2517 7553 3336 2518 7554 2854 2518 7555 2855 2518 7556 3231 2519 7557 2751 2519 7558 2752 2519 7559 3333 2520 7560 2856 2520 7561 2853 2520 7562 3232 2521 7563 2750 2521 7564 2751 2521 7565 3334 2522 7566 2853 2522 7567 2854 2522 7568 2647 2523 7569 3127 2523 7570 2648 2523 7571 3230 2524 7572 2752 2524 7573 2749 2524 7574 2646 2525 7575 3128 2525 7576 2647 2525 7577 3229 2526 7578 2749 2526 7579 2750 2526 7580 3023 2527 7581 2543 2527 7582 2544 2527 7583 2648 2528 7584 3125 2528 7585 2645 2528 7586 3024 2529 7587 2542 2529 7588 2543 2529 7589 2645 2530 7590 3126 2530 7591 2646 2530 7592 3021 2531 7593 2544 2531 7594 2541 2531 7595 3331 2532 7596 2851 2532 7597 2852 2532 7598 3022 2533 7599 2541 2533 7600 2542 2533 7601 3332 2534 7602 2850 2534 7603 2851 2534 7604 3227 2535 7605 2747 2535 7606 2748 2535 7607 3329 2536 7608 2852 2536 7609 2849 2536 7610 3228 2537 7611 2746 2537 7612 2747 2537 7613 3330 2538 7614 2849 2538 7615 2850 2538 7616 2643 2539 7617 3123 2539 7618 2644 2539 7619 3226 2540 7620 2748 2540 7621 2745 2540 7622 2642 2541 7623 3124 2541 7624 2643 2541 7625 3225 2542 7626 2745 2542 7627 2746 2542 7628 3019 2543 7629 2539 2543 7630 2540 2543 7631 2644 2544 7632 3121 2544 7633 2641 2544 7634 3020 2545 7635 2538 2545 7636 2539 2545 7637 2641 2546 7638 3122 2546 7639 2642 2546 7640 3017 2547 7641 2540 2547 7642 2537 2547 7643 3327 2548 7644 2847 2548 7645 2848 2548 7646 3018 2549 7647 2537 2549 7648 2538 2549 7649 3328 2550 7650 2846 2550 7651 2847 2550 7652 3223 2551 7653 2743 2551 7654 2744 2551 7655 3325 2552 7656 2848 2552 7657 2845 2552 7658 3224 2553 7659 2742 2553 7660 2743 2553 7661 3326 2554 7662 2845 2554 7663 2846 2554 7664 2639 2555 7665 3119 2555 7666 2640 2555 7667 3222 2556 7668 2744 2556 7669 2741 2556 7670 2638 2557 7671 3120 2557 7672 2639 2557 7673 3221 2558 7674 2741 2558 7675 2742 2558 7676 3015 2559 7677 2535 2559 7678 2536 2559 7679 2640 2560 7680 3117 2560 7681 2637 2560 7682 3016 2561 7683 2534 2561 7684 2535 2561 7685 2637 2562 7686 3118 2562 7687 2638 2562 7688 3014 2563 7689 2536 2563 7690 2533 2563 7691 3323 2564 7692 2843 2564 7693 2844 2564 7694 3013 2565 7695 2533 2565 7696 2534 2565 7697 3324 2566 7698 2842 2566 7699 2843 2566 7700 3219 2567 7701 2739 2567 7702 2740 2567 7703 3321 2568 7704 2844 2568 7705 2841 2568 7706 3220 2569 7707 2738 2569 7708 2739 2569 7709 3322 2570 7710 2841 2570 7711 2842 2570 7712 2635 2571 7713 3115 2571 7714 2636 2571 7715 3218 2572 7716 2740 2572 7717 2737 2572 7718 2634 2573 7719 3116 2573 7720 2635 2573 7721 3217 2574 7722 2737 2574 7723 2738 2574 7724 3011 2575 7725 2531 2575 7726 2532 2575 7727 2636 2576 7728 3113 2576 7729 2633 2576 7730 3012 2577 7731 2530 2577 7732 2531 2577 7733 2633 2578 7734 3114 2578 7735 2634 2578 7736 3010 2579 7737 2532 2579 7738 2529 2579 7739 2917 2580 7740 2997 2580 7741 2488 2580 7742 2997 2581 7743 2489 2581 7744 2488 2581 7745 3000 2582 7746 2901 2582 7747 2489 2582 7748 2999 2583 7749 2917 2583 7750 2901 2583 7751 2933 2584 7752 3001 2584 7753 2486 2584 7754 3001 2585 7755 2487 2585 7756 2486 2585 7757 3004 2586 7758 2925 2586 7759 2487 2586 7760 3003 2587 7761 2933 2587 7762 2925 2587 7763 2941 2588 7764 3005 2588 7765 2485 2588 7766 3005 2589 7767 2486 2589 7768 2485 2589 7769 3008 2590 7770 2933 2590 7771 2486 2590 7772 3007 2591 7773 2941 2591 7774 2933 2591 7775 2909 2592 7776 3009 2592 7777 2483 2592 7778 3009 2593 7779 2484 2593 7780 2483 2593 7781 3012 2594 7782 2949 2594 7783 2484 2594 7784 3011 2595 7785 2909 2595 7786 2949 2595 7787 2957 2596 7788 3013 2596 7789 2482 2596 7790 3013 2597 7791 2483 2597 7792 2482 2597 7793 3016 2598 7794 2909 2598 7795 2483 2598 7796 3015 2599 7797 2957 2599 7798 2909 2599 7799 2901 2600 7800 3018 2600 7801 2489 2600 7802 3018 2601 7803 2490 2601 7804 2489 2601 7805 3020 2602 7806 2989 2602 7807 2490 2602 7808 3019 2603 7809 2901 2603 7810 2989 2603 7811 2902 2604 7812 3022 2604 7813 2903 2604 7814 3022 2605 7815 2995 2605 7816 2903 2605 7817 3024 2606 7818 2996 2606 7819 2995 2606 7820 3023 2607 7821 2902 2607 7822 2996 2607 7823 2903 2608 7824 3026 2608 7825 2904 2608 7826 3026 2609 7827 2994 2609 7828 2904 2609 7829 3028 2610 7830 2995 2610 7831 2994 2610 7832 2995 2611 7833 3025 2611 7834 2903 2611 7835 2904 2612 7836 3030 2612 7837 2905 2612 7838 3030 2613 7839 2993 2613 7840 2905 2613 7841 3032 2614 7842 2994 2614 7843 2993 2614 7844 2994 2615 7845 3029 2615 7846 2904 2615 7847 2905 2616 7848 3034 2616 7849 2906 2616 7850 2906 2617 7851 3036 2617 7852 2992 2617 7853 3036 2618 7854 2993 2618 7855 2992 2618 7856 3035 2619 7857 2905 2619 7858 2993 2619 7859 2906 2620 7860 3038 2620 7861 2907 2620 7862 3038 2621 7863 2991 2621 7864 2907 2621 7865 3040 2622 7866 2992 2622 7867 2991 2622 7868 3039 2623 7869 2906 2623 7870 2992 2623 7871 2907 2624 7872 3042 2624 7873 2908 2624 7874 3042 2625 7875 2990 2625 7876 2908 2625 7877 3044 2626 7878 2991 2626 7879 2990 2626 7880 3043 2627 7881 2907 2627 7882 2991 2627 7883 2908 2628 7884 3046 2628 7885 2901 2628 7886 3046 2629 7887 2989 2629 7888 2901 2629 7889 3048 2630 7890 2990 2630 7891 2989 2630 7892 3047 2631 7893 2908 2631 7894 2990 2631 7895 3049 2632 7896 2981 2632 7897 2491 2632 7898 3050 2633 7899 2989 2633 7900 2981 2633 7901 2989 2634 7902 3051 2634 7903 2490 2634 7904 3051 2635 7905 2491 2635 7906 2490 2635 7907 3053 2636 7908 2982 2636 7909 2981 2636 7910 3054 2637 7911 2990 2637 7912 2982 2637 7913 2990 2638 7914 3055 2638 7915 2989 2638 7916 3055 2639 7917 2981 2639 7918 2989 2639 7919 3057 2640 7920 2983 2640 7921 2982 2640 7922 3058 2641 7923 2991 2641 7924 2983 2641 7925 2991 2642 7926 3059 2642 7927 2990 2642 7928 3059 2643 7929 2982 2643 7930 2990 2643 7931 3061 2644 7932 2984 2644 7933 2983 2644 7934 2984 2645 7935 3064 2645 7936 2992 2645 7937 2992 2646 7938 3063 2646 7939 2991 2646 7940 3063 2647 7941 2983 2647 7942 2991 2647 7943 3065 2648 7944 2985 2648 7945 2984 2648 7946 3066 2649 7947 2993 2649 7948 2985 2649 7949 2993 2650 7950 3067 2650 7951 2992 2650 7952 3067 2651 7953 2984 2651 7954 2992 2651 7955 3069 2652 7956 2986 2652 7957 2985 2652 7958 3070 2653 7959 2994 2653 7960 2986 2653 7961 2994 2654 7962 3071 2654 7963 2993 2654 7964 3071 2655 7965 2985 2655 7966 2993 2655 7967 3073 2656 7968 2987 2656 7969 2986 2656 7970 3074 2657 7971 2995 2657 7972 2987 2657 7973 2995 2658 7974 3075 2658 7975 2994 2658 7976 3075 2659 7977 2986 2659 7978 2994 2659 7979 3077 2660 7980 2988 2660 7981 2987 2660 7982 2988 2661 7983 3080 2661 7984 2996 2661 7985 2996 2662 7986 3079 2662 7987 2995 2662 7988 2995 2663 7989 3077 2663 7990 2987 2663 7991 2981 2664 7992 3081 2664 7993 2491 2664 7994 2973 2665 7995 3082 2665 7996 2981 2665 7997 2973 2666 7998 3083 2666 7999 3084 2666 8000 2491 2667 8001 3083 2667 8002 2492 2667 8003 2982 2668 8004 3085 2668 8005 2981 2668 8006 2974 2669 8007 3086 2669 8008 2982 2669 8009 2974 2670 8010 3087 2670 8011 3088 2670 8012 2981 2671 8013 3087 2671 8014 2973 2671 8015 2983 2672 8016 3089 2672 8017 2982 2672 8018 2975 2673 8019 3090 2673 8020 2983 2673 8021 2975 2674 8022 3091 2674 8023 3092 2674 8024 2982 2675 8025 3091 2675 8026 2974 2675 8027 2984 2676 8028 3093 2676 8029 2983 2676 8030 2976 2677 8031 3094 2677 8032 2984 2677 8033 2976 2678 8034 3095 2678 8035 3096 2678 8036 2983 2679 8037 3095 2679 8038 2975 2679 8039 2985 2680 8040 3097 2680 8041 2984 2680 8042 2985 2681 8043 3100 2681 8044 3098 2681 8045 2977 2682 8046 3099 2682 8047 3100 2682 8048 2984 2683 8049 3099 2683 8050 2976 2683 8051 2986 2684 8052 3101 2684 8053 2985 2684 8054 2978 2685 8055 3102 2685 8056 2986 2685 8057 2978 2686 8058 3103 2686 8059 3104 2686 8060 2985 2687 8061 3103 2687 8062 2977 2687 8063 2987 2688 8064 3105 2688 8065 2986 2688 8066 2979 2689 8067 3106 2689 8068 2987 2689 8069 2979 2690 8070 3107 2690 8071 3108 2690 8072 2986 2691 8073 3107 2691 8074 2978 2691 8075 2988 2692 8076 3109 2692 8077 2987 2692 8078 2980 2693 8079 3110 2693 8080 2988 2693 8081 2980 2694 8082 3111 2694 8083 3112 2694 8084 2987 2695 8085 3111 2695 8086 2979 2695 8087 2973 2696 8088 3113 2696 8089 2492 2696 8090 2965 2697 8091 3114 2697 8092 2973 2697 8093 2965 2698 8094 3115 2698 8095 3116 2698 8096 2492 2699 8097 3115 2699 8098 2481 2699 8099 2974 2700 8100 3117 2700 8101 2973 2700 8102 2966 2701 8103 3118 2701 8104 2974 2701 8105 2966 2702 8106 3119 2702 8107 3120 2702 8108 2973 2703 8109 3119 2703 8110 2965 2703 8111 2975 2704 8112 3121 2704 8113 2974 2704 8114 2967 2705 8115 3122 2705 8116 2975 2705 8117 2967 2706 8118 3123 2706 8119 3124 2706 8120 2974 2707 8121 3123 2707 8122 2966 2707 8123 2976 2708 8124 3125 2708 8125 2975 2708 8126 2976 2709 8127 3128 2709 8128 3126 2709 8129 2968 2710 8130 3127 2710 8131 3128 2710 8132 2975 2711 8133 3127 2711 8134 2967 2711 8135 2977 2712 8136 3129 2712 8137 2976 2712 8138 2969 2713 8139 3130 2713 8140 2977 2713 8141 2969 2714 8142 3131 2714 8143 3132 2714 8144 2976 2715 8145 3131 2715 8146 2968 2715 8147 2978 2716 8148 3133 2716 8149 2977 2716 8150 2970 2717 8151 3134 2717 8152 2978 2717 8153 2970 2718 8154 3135 2718 8155 3136 2718 8156 2977 2719 8157 3135 2719 8158 2969 2719 8159 2979 2720 8160 3137 2720 8161 2978 2720 8162 2971 2721 8163 3138 2721 8164 2979 2721 8165 2971 2722 8166 3139 2722 8167 3140 2722 8168 2978 2723 8169 3139 2723 8170 2970 2723 8171 2980 2724 8172 3141 2724 8173 2979 2724 8174 2980 2725 8175 3144 2725 8176 3142 2725 8177 2972 2726 8178 3143 2726 8179 3144 2726 8180 2971 2727 8181 3141 2727 8182 3143 2727 8183 3145 2728 8184 2957 2728 8185 2482 2728 8186 3146 2729 8187 2965 2729 8188 2957 2729 8189 2965 2730 8190 3147 2730 8191 2481 2730 8192 3147 2731 8193 2482 2731 8194 2481 2731 8195 3149 2732 8196 2958 2732 8197 2957 2732 8198 3150 2733 8199 2966 2733 8200 2958 2733 8201 2966 2734 8202 3151 2734 8203 2965 2734 8204 3151 2735 8205 2957 2735 8206 2965 2735 8207 3153 2736 8208 2959 2736 8209 2958 2736 8210 3154 2737 8211 2967 2737 8212 2959 2737 8213 2967 2738 8214 3155 2738 8215 2966 2738 8216 3155 2739 8217 2958 2739 8218 2966 2739 8219 3157 2740 8220 2960 2740 8221 2959 2740 8222 2960 2741 8223 3160 2741 8224 2968 2741 8225 2968 2742 8226 3159 2742 8227 2967 2742 8228 3159 2743 8229 2959 2743 8230 2967 2743 8231 3161 2744 8232 2961 2744 8233 2960 2744 8234 2961 2745 8235 3164 2745 8236 2969 2745 8237 2969 2746 8238 3163 2746 8239 2968 2746 8240 3163 2747 8241 2960 2747 8242 2968 2747 8243 3165 2748 8244 2962 2748 8245 2961 2748 8246 3166 2749 8247 2970 2749 8248 2962 2749 8249 2970 2750 8250 3167 2750 8251 2969 2750 8252 3167 2751 8253 2961 2751 8254 2969 2751 8255 3169 2752 8256 2963 2752 8257 2962 2752 8258 2963 2753 8259 3172 2753 8260 2971 2753 8261 2971 2754 8262 3171 2754 8263 2970 2754 8264 3171 2755 8265 2962 2755 8266 2970 2755 8267 3173 2756 8268 2964 2756 8269 2963 2756 8270 3174 2757 8271 2972 2757 8272 2964 2757 8273 2972 2758 8274 3175 2758 8275 2971 2758 8276 3175 2759 8277 2963 2759 8278 2971 2759 8279 2964 2760 8280 3177 2760 8281 2963 2760 8282 3177 2761 8283 2915 2761 8284 2963 2761 8285 3180 2762 8286 2916 2762 8287 2915 2762 8288 3179 2763 8289 2964 2763 8290 2916 2763 8291 2963 2764 8292 3181 2764 8293 2962 2764 8294 3181 2765 8295 2914 2765 8296 2962 2765 8297 3184 2766 8298 2915 2766 8299 2914 2766 8300 3183 2767 8301 2963 2767 8302 2915 2767 8303 2962 2768 8304 3185 2768 8305 2961 2768 8306 3185 2769 8307 2913 2769 8308 2961 2769 8309 3188 2770 8310 2914 2770 8311 2913 2770 8312 3187 2771 8313 2962 2771 8314 2914 2771 8315 2961 2772 8316 3189 2772 8317 2960 2772 8318 3189 2773 8319 2912 2773 8320 2960 2773 8321 3192 2774 8322 2913 2774 8323 2912 2774 8324 2913 2775 8325 3190 2775 8326 2961 2775 8327 2960 2776 8328 3193 2776 8329 2959 2776 8330 3193 2777 8331 2911 2777 8332 2959 2777 8333 3196 2778 8334 2912 2778 8335 2911 2778 8336 3195 2779 8337 2960 2779 8338 2912 2779 8339 2959 2780 8340 3197 2780 8341 2958 2780 8342 3197 2781 8343 2910 2781 8344 2958 2781 8345 3200 2782 8346 2911 2782 8347 2910 2782 8348 3199 2783 8349 2959 2783 8350 2911 2783 8351 2958 2784 8352 3201 2784 8353 2957 2784 8354 3201 2785 8355 2909 2785 8356 2957 2785 8357 3204 2786 8358 2910 2786 8359 2909 2786 8360 3203 2787 8361 2958 2787 8362 2910 2787 8363 2916 2788 8364 3205 2788 8365 2915 2788 8366 3205 2789 8367 2955 2789 8368 2915 2789 8369 3208 2790 8370 2956 2790 8371 2955 2790 8372 3207 2791 8373 2916 2791 8374 2956 2791 8375 2915 2792 8376 3209 2792 8377 2914 2792 8378 3209 2793 8379 2954 2793 8380 2914 2793 8381 3212 2794 8382 2955 2794 8383 2954 2794 8384 2955 2795 8385 3210 2795 8386 2915 2795 8387 2914 2796 8388 3213 2796 8389 2913 2796 8390 3213 2797 8391 2953 2797 8392 2913 2797 8393 3216 2798 8394 2954 2798 8395 2953 2798 8396 2954 2799 8397 3214 2799 8398 2914 2799 8399 2913 2800 8400 3217 2800 8401 2912 2800 8402 3217 2801 8403 2952 2801 8404 2912 2801 8405 3220 2802 8406 2953 2802 8407 2952 2802 8408 2953 2803 8409 3218 2803 8410 2913 2803 8411 2912 2804 8412 3221 2804 8413 2911 2804 8414 3221 2805 8415 2951 2805 8416 2911 2805 8417 3224 2806 8418 2952 2806 8419 2951 2806 8420 3223 2807 8421 2912 2807 8422 2952 2807 8423 2911 2808 8424 3225 2808 8425 2910 2808 8426 3225 2809 8427 2950 2809 8428 2910 2809 8429 3228 2810 8430 2951 2810 8431 2950 2810 8432 3227 2811 8433 2911 2811 8434 2951 2811 8435 2910 2812 8436 3229 2812 8437 2909 2812 8438 3229 2813 8439 2949 2813 8440 2909 2813 8441 3232 2814 8442 2950 2814 8443 2949 2814 8444 3231 2815 8445 2910 2815 8446 2950 2815 8447 3233 2816 8448 2941 2816 8449 2485 2816 8450 3234 2817 8451 2949 2817 8452 2941 2817 8453 2949 2818 8454 3235 2818 8455 2484 2818 8456 3235 2819 8457 2485 2819 8458 2484 2819 8459 3237 2820 8460 2942 2820 8461 2941 2820 8462 3238 2821 8463 2950 2821 8464 2942 2821 8465 2950 2822 8466 3239 2822 8467 2949 2822 8468 3239 2823 8469 2941 2823 8470 2949 2823 8471 3241 2824 8472 2943 2824 8473 2942 2824 8474 3242 2825 8475 2951 2825 8476 2943 2825 8477 2951 2826 8478 3243 2826 8479 2950 2826 8480 3243 2827 8481 2942 2827 8482 2950 2827 8483 3245 2828 8484 2944 2828 8485 2943 2828 8486 2944 2829 8487 3248 2829 8488 2952 2829 8489 2952 2830 8490 3247 2830 8491 2951 2830 8492 3247 2831 8493 2943 2831 8494 2951 2831 8495 3249 2832 8496 2945 2832 8497 2944 2832 8498 3250 2833 8499 2953 2833 8500 2945 2833 8501 2953 2834 8502 3251 2834 8503 2952 2834 8504 3251 2835 8505 2944 2835 8506 2952 2835 8507 3253 2836 8508 2946 2836 8509 2945 2836 8510 3254 2837 8511 2954 2837 8512 2946 2837 8513 2954 2838 8514 3255 2838 8515 2953 2838 8516 3255 2839 8517 2945 2839 8518 2953 2839 8519 3257 2840 8520 2947 2840 8521 2946 2840 8522 3258 2841 8523 2955 2841 8524 2947 2841 8525 2955 2842 8526 3259 2842 8527 2954 2842 8528 3259 2843 8529 2946 2843 8530 2954 2843 8531 3261 2844 8532 2948 2844 8533 2947 2844 8534 2948 2845 8535 3264 2845 8536 2956 2845 8537 2956 2846 8538 3263 2846 8539 2955 2846 8540 2955 2847 8541 3261 2847 8542 2947 2847 8543 2948 2848 8544 3265 2848 8545 2947 2848 8546 3265 2849 8547 2939 2849 8548 2947 2849 8549 3268 2850 8550 2940 2850 8551 2939 2850 8552 3267 2851 8553 2948 2851 8554 2940 2851 8555 2947 2852 8556 3269 2852 8557 2946 2852 8558 3269 2853 8559 2938 2853 8560 2946 2853 8561 3272 2854 8562 2939 2854 8563 2938 2854 8564 3271 2855 8565 2947 2855 8566 2939 2855 8567 2946 2856 8568 3273 2856 8569 2945 2856 8570 3273 2857 8571 2937 2857 8572 2945 2857 8573 3276 2858 8574 2938 2858 8575 2937 2858 8576 3275 2859 8577 2946 2859 8578 2938 2859 8579 2945 2860 8580 3277 2860 8581 2944 2860 8582 3277 2861 8583 2936 2861 8584 2944 2861 8585 3280 2862 8586 2937 2862 8587 2936 2862 8588 2937 2863 8589 3278 2863 8590 2945 2863 8591 2944 2864 8592 3281 2864 8593 2943 2864 8594 3281 2865 8595 2935 2865 8596 2943 2865 8597 3284 2866 8598 2936 2866 8599 2935 2866 8600 3283 2867 8601 2944 2867 8602 2936 2867 8603 2943 2868 8604 3285 2868 8605 2942 2868 8606 3285 2869 8607 2934 2869 8608 2942 2869 8609 3288 2870 8610 2935 2870 8611 2934 2870 8612 3287 2871 8613 2943 2871 8614 2935 2871 8615 2942 2872 8616 3289 2872 8617 2941 2872 8618 3289 2873 8619 2933 2873 8620 2941 2873 8621 3292 2874 8622 2934 2874 8623 2933 2874 8624 3291 2875 8625 2942 2875 8626 2934 2875 8627 2940 2876 8628 3293 2876 8629 2939 2876 8630 2939 2877 8631 3296 2877 8632 2931 2877 8633 3296 2878 8634 2932 2878 8635 2931 2878 8636 2932 2879 8637 3294 2879 8638 2940 2879 8639 2939 2880 8640 3297 2880 8641 2938 2880 8642 2938 2881 8643 3300 2881 8644 2930 2881 8645 3300 2882 8646 2931 2882 8647 2930 2882 8648 3299 2883 8649 2939 2883 8650 2931 2883 8651 2938 2884 8652 3301 2884 8653 2937 2884 8654 2937 2885 8655 3304 2885 8656 2929 2885 8657 3304 2886 8658 2930 2886 8659 2929 2886 8660 3303 2887 8661 2938 2887 8662 2930 2887 8663 2937 2888 8664 3305 2888 8665 2936 2888 8666 3305 2889 8667 2928 2889 8668 2936 2889 8669 3308 2890 8670 2929 2890 8671 2928 2890 8672 3307 2891 8673 2937 2891 8674 2929 2891 8675 2936 2892 8676 3309 2892 8677 2935 2892 8678 3309 2893 8679 2927 2893 8680 2935 2893 8681 3312 2894 8682 2928 2894 8683 2927 2894 8684 3311 2895 8685 2936 2895 8686 2928 2895 8687 2935 2896 8688 3313 2896 8689 2934 2896 8690 3313 2897 8691 2926 2897 8692 2934 2897 8693 3316 2898 8694 2927 2898 8695 2926 2898 8696 3315 2899 8697 2935 2899 8698 2927 2899 8699 2934 2900 8700 3317 2900 8701 2933 2900 8702 3317 2901 8703 2925 2901 8704 2933 2901 8705 3320 2902 8706 2926 2902 8707 2925 2902 8708 3319 2903 8709 2934 2903 8710 2926 2903 8711 3321 2904 8712 2917 2904 8713 2488 2904 8714 3322 2905 8715 2925 2905 8716 2917 2905 8717 2925 2906 8718 3323 2906 8719 2487 2906 8720 3323 2907 8721 2488 2907 8722 2487 2907 8723 3325 2908 8724 2918 2908 8725 2917 2908 8726 3326 2909 8727 2926 2909 8728 2918 2909 8729 2926 2910 8730 3327 2910 8731 2925 2910 8732 3327 2911 8733 2917 2911 8734 2925 2911 8735 3329 2912 8736 2919 2912 8737 2918 2912 8738 3330 2913 8739 2927 2913 8740 2919 2913 8741 2927 2914 8742 3331 2914 8743 2926 2914 8744 3331 2915 8745 2918 2915 8746 2926 2915 8747 3333 2916 8748 2920 2916 8749 2919 2916 8750 2920 2917 8751 3336 2917 8752 2928 2917 8753 2928 2918 8754 3335 2918 8755 2927 2918 8756 3335 2919 8757 2919 2919 8758 2927 2919 8759 3337 2920 8760 2921 2920 8761 2920 2920 8762 3338 2921 8763 2929 2921 8764 2921 2921 8765 2929 2922 8766 3339 2922 8767 2928 2922 8768 3339 2923 8769 2920 2923 8770 2928 2923 8771 3341 2924 8772 2922 2924 8773 2921 2924 8774 3342 2925 8775 2930 2925 8776 2922 2925 8777 2930 2926 8778 3343 2926 8779 2929 2926 8780 3343 2927 8781 2921 2927 8782 2929 2927 8783 3345 2928 8784 2923 2928 8785 2922 2928 8786 3346 2929 8787 2931 2929 8788 2923 2929 8789 2931 2930 8790 3347 2930 8791 2930 2930 8792 3347 2931 8793 2922 2931 8794 2930 2931 8795 3349 2932 8796 2924 2932 8797 2923 2932 8798 2924 2933 8799 3352 2933 8800 2932 2933 8801 2932 2934 8802 3351 2934 8803 2931 2934 8804 2931 2935 8805 3349 2935 8806 2923 2935 8807 2924 2936 8808 3353 2936 8809 2923 2936 8810 3353 2937 8811 2903 2937 8812 2923 2937 8813 3356 2938 8814 2902 2938 8815 2903 2938 8816 2902 2939 8817 3354 2939 8818 2924 2939 8819 2923 2940 8820 3357 2940 8821 2922 2940 8822 3357 2941 8823 2904 2941 8824 2922 2941 8825 3360 2942 8826 2903 2942 8827 2904 2942 8828 2903 2943 8829 3358 2943 8830 2923 2943 8831 2922 2944 8832 3361 2944 8833 2921 2944 8834 3361 2945 8835 2905 2945 8836 2921 2945 8837 3364 2946 8838 2904 2946 8839 2905 2946 8840 3363 2947 8841 2922 2947 8842 2904 2947 8843 2921 2948 8844 3365 2948 8845 2920 2948 8846 3365 2949 8847 2906 2949 8848 2920 2949 8849 3368 2950 8850 2905 2950 8851 2906 2950 8852 2905 2951 8853 3366 2951 8854 2921 2951 8855 2920 2952 8856 3369 2952 8857 2919 2952 8858 3369 2953 8859 2907 2953 8860 2919 2953 8861 3372 2954 8862 2906 2954 8863 2907 2954 8864 3371 2955 8865 2920 2955 8866 2906 2955 8867 2919 2956 8868 3373 2956 8869 2918 2956 8870 3373 2957 8871 2908 2957 8872 2918 2957 8873 3376 2958 8874 2907 2958 8875 2908 2958 8876 3375 2959 8877 2919 2959 8878 2907 2959 8879 2918 2960 8880 3377 2960 8881 2917 2960 8882 3377 2961 8883 2901 2961 8884 2917 2961 8885 3380 2962 8886 2908 2962 8887 2901 2962 8888 3379 2963 8889 2918 2963 8890 2908 2963 8891 2627 2964 8892 3107 2964 8893 2628 2964 8894 3313 2965 8895 2833 2965 8896 2834 2965 8897 3212 2966 8898 2730 2966 8899 2731 2966 8900 3314 2967 8901 2836 2967 8902 2833 2967 8903 3211 2968 8904 2731 2968 8905 2732 2968 8906 3316 2969 8907 2834 2969 8908 2835 2969 8909 3005 2970 8910 2525 2970 8911 2526 2970 8912 3315 2971 8913 2835 2971 8914 2836 2971 8915 3006 2972 8916 2528 2972 8917 2525 2972 8918 2629 2973 8919 3110 2973 8920 2630 2973 8921 3008 2974 8922 2526 2974 8923 2527 2974 8924 2632 2975 8925 3109 2975 8926 2629 2975 8927 3007 2976 8928 2527 2976 8929 2528 2976 8930 3213 2977 8931 2733 2977 8932 2734 2977 8933 2630 2978 8934 3112 2978 8935 2631 2978 8936 3214 2979 8937 2736 2979 8938 2733 2979 8939 2631 2980 8940 3111 2980 8941 2632 2980 8942 3317 2981 8943 2837 2981 8944 2838 2981 8945 3216 2982 8946 2734 2982 8947 2735 2982 8948 3318 2983 8949 2840 2983 8950 2837 2983 8951 3215 2984 8952 2735 2984 8953 2736 2984 8954 3320 2985 8955 2838 2985 8956 2839 2985 8957 3009 2986 8958 2529 2986 8959 2530 2986 8960 3319 2987 8961 2839 2987 8962 2840 2987 8963 3403 3004 9012 2471 3004 9013 2472 3004 9014 2470 3005 9015 3397 3005 9016 3400 3005 9017 2470 3006 9018 3399 3006 9019 2469 3006 9020 3399 3007 9021 1153 3007 9022 2469 3007 9023 1153 3008 9024 3403 3008 9025 2472 3008 9026 3390 3009 9027 2480 3009 9028 2469 3009 9029 3396 3010 9030 2479 3010 9031 2480 3010 9032 1152 3011 9033 3390 3011 9034 2469 3011 9035 2479 3012 9036 3394 3012 9037 2478 3012 9038 1152 3013 9039 3394 3013 9040 3391 3013 9041 3392 3014 9042 3393 3014 9043 1152 3014 9044 44 3025 9075 14 3025 9076 27 3025 9077 27 3026 9078 14 3026 9079 19 3026 9080 45 3027 9081 12 3027 9082 22 3027 9083 46 3028 9084 11 3028 9085 29 3028 9086 43 3029 9087 10 3029 9088 20 3029 9089 31 3030 9090 8 3030 9091 16 3030 9092 33 3031 9093 17 3031 9094 9 3031 9095 35 3032 9096 16 3032 9097 17 3032 9098 49 3033 9099 21 3033 9100 11 3033 9101 51 3034 9102 20 3034 9103 21 3034 9104 53 3035 9105 23 3035 9106 13 3035 9107 55 3036 9108 22 3036 9109 23 3036 9110 37 3037 9111 18 3037 9112 15 3037 9113 39 3038 9114 19 3038 9115 18 3038 9116 20 3039 9117 38 3039 9118 36 3039 9119 38 3040 9120 39 3040 9121 37 3040 9122 21 3041 9123 36 3041 9124 29 3041 9125 36 3042 9126 37 3042 9127 28 3042 9128 22 3043 9129 34 3043 9130 32 3043 9131 34 3044 9132 35 3044 9133 33 3044 9134 23 3045 9135 32 3045 9136 25 3045 9137 32 3046 9138 33 3046 9139 24 3046 9140 12 3047 9141 30 3047 9142 34 3047 9143 30 3048 9144 31 3048 9145 35 3048 9146 1153 3049 9147 28 3049 9148 15 3049 9149 1155 3050 9150 29 3050 9151 28 3050 9152 10 3051 9153 26 3051 9154 38 3051 9155 26 3052 9156 27 3052 9157 39 3052 9158 57 3053 9159 26 3053 9160 10 3053 9161 59 3054 9162 27 3054 9163 26 3054 9164 30 3055 9165 58 3055 9166 56 3055 9167 57 3056 9168 61 3056 9169 63 3056 9170 31 3057 9171 56 3057 9172 42 3057 9173 56 3058 9174 57 3058 9175 43 3058 9176 24 3059 9177 1154 3059 9178 1152 3059 9179 1108 3060 9180 2447 3060 9181 1244 3060 9182 25 3061 9183 1152 3061 9184 40 3061 9185 1152 3062 9186 1153 3062 9187 41 3062 9188 19 3063 9189 54 3063 9190 52 3063 9191 54 3064 9192 55 3064 9193 53 3064 9194 18 3065 9195 52 3065 9196 41 3065 9197 52 3066 9198 53 3066 9199 40 3066 9200 16 3067 9201 50 3067 9202 48 3067 9203 50 3068 9204 51 3068 9205 49 3068 9206 17 3069 9207 48 3069 9208 47 3069 9209 48 3070 9210 49 3070 9211 46 3070 9212 8 3071 9213 42 3071 9214 50 3071 9215 42 3072 9216 43 3072 9217 51 3072 9218 9 3073 9219 47 3073 9220 1154 3073 9221 47 3074 9222 46 3074 9223 1155 3074 9224 14 3075 9225 44 3075 9226 54 3075 9227 44 3076 9228 45 3076 9229 55 3076 9230 12 3077 9231 45 3077 9232 58 3077 9233 45 3078 9234 44 3078 9235 59 3078 9236 59 3079 9237 63 3079 9238 62 3079 9239 56 3080 9240 60 3080 9241 61 3080 9242 58 3081 9243 62 3081 9244 60 3081 9245 60 3082 9246 2440 3082 9247 1520 3082 9248 60 3083 9249 1520 3083 9250 1503 3083 9251 1598 3084 9252 61 3084 9253 1282 3084 9254 61 3085 9255 60 3085 9256 1401 3085 9257 1282 3086 9258 61 3086 9259 1299 3086 9260 1299 3087 9261 61 3087 9262 1316 3087 9263 60 3088 9264 1503 3088 9265 1486 3088 9266 60 3089 9267 1486 3089 9268 1469 3089 9269 1316 3090 9270 61 3090 9271 1333 3090 9272 1333 3091 9273 61 3091 9274 1350 3091 9275 60 3092 9276 1469 3092 9277 1452 3092 9278 60 3093 9279 1452 3093 9280 1435 3093 9281 1350 3094 9282 61 3094 9283 1367 3094 9284 1367 3095 9285 61 3095 9286 1384 3095 9287 60 3096 9288 1435 3096 9289 1418 3096 9290 60 3097 9291 1418 3097 9292 1401 3097 9293 63 3098 9294 1568 3098 9295 1281 3098 9296 63 3099 9297 1281 3099 9298 1298 3099 9299 1566 3100 9300 62 3100 9301 1519 3100 9302 62 3101 9303 63 3101 9304 1400 3101 9305 1519 3102 9306 62 3102 9307 1502 3102 9308 1502 3103 9309 62 3103 9310 1485 3103 9311 63 3104 9312 1298 3104 9313 1315 3104 9314 63 3105 9315 1315 3105 9316 1332 3105 9317 1485 3106 9318 62 3106 9319 1468 3106 9320 1468 3107 9321 62 3107 9322 1451 3107 9323 63 3108 9324 1332 3108 9325 1349 3108 9326 63 3109 9327 1349 3109 9328 1366 3109 9329 1451 3110 9330 62 3110 9331 1434 3110 9332 1434 3111 9333 62 3111 9334 1417 3111 9335 63 3112 9336 1366 3112 9337 1383 3112 9338 63 3113 9339 1383 3113 9340 1400 3113 9341 62 3114 9342 1566 3114 9343 1564 3114 9344 62 3115 9345 1564 3115 9346 1563 3115 9347 2440 3116 9348 60 3116 9349 1550 3116 9350 60 3117 9351 62 3117 9352 1557 3117 9353 1550 3118 9354 60 3118 9355 1551 3118 9356 1551 3119 9357 60 3119 9358 1552 3119 9359 62 3120 9360 1563 3120 9361 1562 3120 9362 62 3121 9363 1562 3121 9364 1561 3121 9365 1552 3122 9366 60 3122 9367 1553 3122 9368 1553 3123 9369 60 3123 9370 1554 3123 9371 62 3124 9372 1561 3124 9373 1560 3124 9374 62 3125 9375 1560 3125 9376 1559 3125 9377 1554 3126 9378 60 3126 9379 1555 3126 9380 1555 3127 9381 60 3127 9382 1556 3127 9383 62 3128 9384 1559 3128 9385 1558 3128 9386 62 3129 9387 1558 3129 9388 1557 3129 9389 61 3130 9390 1598 3130 9391 1535 3130 9392 61 3131 9393 1535 3131 9394 1536 3131 9395 1568 3132 9396 63 3132 9397 1549 3132 9398 63 3133 9399 61 3133 9400 1542 3133 9401 1549 3134 9402 63 3134 9403 1548 3134 9404 1548 3135 9405 63 3135 9406 1547 3135 9407 61 3136 9408 1536 3136 9409 1537 3136 9410 61 3137 9411 1537 3137 9412 1538 3137 9413 1547 3138 9414 63 3138 9415 1546 3138 9416 1546 3139 9417 63 3139 9418 1545 3139 9419 61 3140 9420 1538 3140 9421 1539 3140 9422 61 3141 9423 1539 3141 9424 1540 3141 9425 1545 3142 9426 63 3142 9427 1544 3142 9428 1544 3143 9429 63 3143 9430 1543 3143 9431 61 3144 9432 1540 3144 9433 1541 3144 9434 61 3145 9435 1541 3145 9436 1542 3145 9437 1319 3146 9438 1751 3146 9439 1752 3146 9440 1336 3147 9441 1752 3147 9442 1749 3147 9443 1335 3148 9444 1749 3148 9445 1750 3148 9446 1317 3149 9447 1746 3149 9448 1747 3149 9449 1318 3150 9450 1747 3150 9451 1748 3150 9452 1335 3151 9453 1748 3151 9454 1745 3151 9455 1334 3152 9456 1745 3152 9457 1746 3152 9458 1316 3153 9459 1187 3153 9460 1743 3153 9461 1317 3154 9462 1743 3154 9463 1744 3154 9464 1334 3155 9465 1744 3155 9466 1186 3155 9467 1333 3156 9468 1186 3156 9469 1187 3156 9470 1313 3157 9471 1740 3157 9472 1741 3157 9473 1297 3158 9474 1741 3158 9475 1742 3158 9476 1314 3159 9477 1742 3159 9478 1739 3159 9479 1330 3160 9480 1739 3160 9481 1740 3160 9482 1312 3161 9483 1736 3161 9484 1737 3161 9485 1313 3162 9486 1737 3162 9487 1738 3162 9488 1330 3163 9489 1738 3163 9490 1735 3163 9491 1329 3164 9492 1735 3164 9493 1736 3164 9494 1311 3165 9495 1732 3165 9496 1733 3165 9497 1312 3166 9498 1733 3166 9499 1734 3166 9500 1329 3167 9501 1734 3167 9502 1731 3167 9503 1328 3168 9504 1731 3168 9505 1732 3168 9506 1310 3169 9507 1728 3169 9508 1729 3169 9509 1311 3170 9510 1729 3170 9511 1730 3170 9512 1328 3171 9513 1730 3171 9514 1727 3171 9515 1327 3172 9516 1727 3172 9517 1728 3172 9518 1309 3173 9519 1724 3173 9520 1725 3173 9521 1310 3174 9522 1725 3174 9523 1726 3174 9524 1327 3175 9525 1726 3175 9526 1723 3175 9527 1326 3176 9528 1723 3176 9529 1724 3176 9530 1308 3177 9531 1720 3177 9532 1721 3177 9533 1309 3178 9534 1721 3178 9535 1722 3178 9536 1326 3179 9537 1722 3179 9538 1719 3179 9539 1325 3180 9540 1719 3180 9541 1720 3180 9542 1307 3181 9543 1716 3181 9544 1717 3181 9545 1308 3182 9546 1717 3182 9547 1718 3182 9548 1325 3183 9549 1718 3183 9550 1715 3183 9551 1324 3184 9552 1715 3184 9553 1716 3184 9554 1306 3185 9555 1712 3185 9556 1713 3185 9557 1307 3186 9558 1713 3186 9559 1714 3186 9560 1324 3187 9561 1714 3187 9562 1711 3187 9563 1323 3188 9564 1711 3188 9565 1712 3188 9566 1305 3189 9567 1708 3189 9568 1709 3189 9569 1306 3190 9570 1709 3190 9571 1710 3190 9572 1323 3191 9573 1710 3191 9574 1707 3191 9575 1322 3192 9576 1707 3192 9577 1708 3192 9578 1304 3193 9579 1704 3193 9580 1705 3193 9581 1305 3194 9582 1705 3194 9583 1706 3194 9584 1322 3195 9585 1706 3195 9586 1703 3195 9587 1321 3196 9588 1703 3196 9589 1704 3196 9590 1303 3197 9591 1700 3197 9592 1701 3197 9593 1304 3198 9594 1701 3198 9595 1702 3198 9596 1321 3199 9597 1702 3199 9598 1699 3199 9599 1320 3200 9600 1699 3200 9601 1700 3200 9602 1302 3201 9603 1696 3201 9604 1697 3201 9605 1303 3202 9606 1697 3202 9607 1698 3202 9608 1320 3203 9609 1698 3203 9610 1695 3203 9611 1319 3204 9612 1695 3204 9613 1696 3204 9614 1301 3205 9615 1692 3205 9616 1693 3205 9617 1302 3206 9618 1693 3206 9619 1694 3206 9620 1319 3207 9621 1694 3207 9622 1691 3207 9623 1318 3208 9624 1691 3208 9625 1692 3208 9626 1300 3209 9627 1688 3209 9628 1689 3209 9629 1301 3210 9630 1689 3210 9631 1690 3210 9632 1318 3211 9633 1690 3211 9634 1687 3211 9635 1317 3212 9636 1687 3212 9637 1688 3212 9638 1299 3213 9639 1189 3213 9640 1685 3213 9641 1300 3214 9642 1685 3214 9643 1686 3214 9644 1317 3215 9645 1686 3215 9646 1188 3215 9647 1316 3216 9648 1188 3216 9649 1189 3216 9650 1296 3217 9651 1682 3217 9652 1683 3217 9653 1280 3218 9654 1683 3218 9655 1684 3218 9656 1297 3219 9657 1684 3219 9658 1681 3219 9659 1313 3220 9660 1681 3220 9661 1682 3220 9662 1295 3221 9663 1678 3221 9664 1679 3221 9665 1296 3222 9666 1679 3222 9667 1680 3222 9668 1313 3223 9669 1680 3223 9670 1677 3223 9671 1312 3224 9672 1677 3224 9673 1678 3224 9674 1294 3225 9675 1674 3225 9676 1675 3225 9677 1295 3226 9678 1675 3226 9679 1676 3226 9680 1312 3227 9681 1676 3227 9682 1673 3227 9683 1311 3228 9684 1673 3228 9685 1674 3228 9686 1293 3229 9687 1670 3229 9688 1671 3229 9689 1294 3230 9690 1671 3230 9691 1672 3230 9692 1311 3231 9693 1672 3231 9694 1669 3231 9695 1310 3232 9696 1669 3232 9697 1670 3232 9698 1292 3233 9699 1666 3233 9700 1667 3233 9701 1293 3234 9702 1667 3234 9703 1668 3234 9704 1310 3235 9705 1668 3235 9706 1665 3235 9707 1309 3236 9708 1665 3236 9709 1666 3236 9710 1291 3237 9711 1662 3237 9712 1663 3237 9713 1292 3238 9714 1663 3238 9715 1664 3238 9716 1309 3239 9717 1664 3239 9718 1661 3239 9719 1308 3240 9720 1661 3240 9721 1662 3240 9722 1290 3241 9723 1658 3241 9724 1659 3241 9725 1291 3242 9726 1659 3242 9727 1660 3242 9728 1308 3243 9729 1660 3243 9730 1657 3243 9731 1307 3244 9732 1657 3244 9733 1658 3244 9734 1289 3245 9735 1654 3245 9736 1655 3245 9737 1290 3246 9738 1655 3246 9739 1656 3246 9740 1307 3247 9741 1656 3247 9742 1653 3247 9743 1306 3248 9744 1653 3248 9745 1654 3248 9746 1288 3249 9747 1650 3249 9748 1651 3249 9749 1289 3250 9750 1651 3250 9751 1652 3250 9752 1306 3251 9753 1652 3251 9754 1649 3251 9755 1305 3252 9756 1649 3252 9757 1650 3252 9758 1287 3253 9759 1646 3253 9760 1647 3253 9761 1288 3254 9762 1647 3254 9763 1648 3254 9764 1305 3255 9765 1648 3255 9766 1645 3255 9767 1304 3256 9768 1645 3256 9769 1646 3256 9770 1286 3257 9771 1642 3257 9772 1643 3257 9773 1287 3258 9774 1643 3258 9775 1644 3258 9776 1304 3259 9777 1644 3259 9778 1641 3259 9779 1303 3260 9780 1641 3260 9781 1642 3260 9782 1285 3261 9783 1638 3261 9784 1639 3261 9785 1286 3262 9786 1639 3262 9787 1640 3262 9788 1303 3263 9789 1640 3263 9790 1637 3263 9791 1302 3264 9792 1637 3264 9793 1638 3264 9794 1284 3265 9795 1634 3265 9796 1635 3265 9797 1285 3266 9798 1635 3266 9799 1636 3266 9800 1302 3267 9801 1636 3267 9802 1633 3267 9803 1301 3268 9804 1633 3268 9805 1634 3268 9806 1283 3269 9807 1630 3269 9808 1631 3269 9809 1284 3270 9810 1631 3270 9811 1632 3270 9812 1301 3271 9813 1632 3271 9814 1629 3271 9815 1300 3272 9816 1629 3272 9817 1630 3272 9818 1282 3273 9819 1191 3273 9820 1627 3273 9821 1283 3274 9822 1627 3274 9823 1628 3274 9824 1300 3275 9825 1628 3275 9826 1190 3275 9827 1299 3276 9828 1190 3276 9829 1191 3276 9830 1548 3277 9831 1194 3277 9832 1193 3277 9833 1549 3278 9834 1193 3278 9835 1626 3278 9836 1280 3279 9837 1626 3279 9838 1625 3279 9839 1296 3280 9840 1625 3280 9841 1194 3280 9842 1547 3281 9843 1196 3281 9844 1195 3281 9845 1548 3282 9846 1195 3282 9847 1624 3282 9848 1296 3283 9849 1624 3283 9850 1623 3283 9851 1295 3284 9852 1623 3284 9853 1196 3284 9854 1546 3285 9855 1198 3285 9856 1197 3285 9857 1547 3286 9858 1197 3286 9859 1622 3286 9860 1295 3287 9861 1622 3287 9862 1621 3287 9863 1294 3288 9864 1621 3288 9865 1198 3288 9866 1545 3289 9867 1200 3289 9868 1199 3289 9869 1546 3290 9870 1199 3290 9871 1620 3290 9872 1294 3291 9873 1620 3291 9874 1619 3291 9875 1293 3292 9876 1619 3292 9877 1200 3292 9878 1544 3293 9879 1202 3293 9880 1201 3293 9881 1545 3294 9882 1201 3294 9883 1618 3294 9884 1293 3295 9885 1618 3295 9886 1617 3295 9887 1292 3296 9888 1617 3296 9889 1202 3296 9890 1544 3297 9891 1543 3297 9892 1204 3297 9893 1544 3298 9894 1203 3298 9895 1616 3298 9896 1292 3299 9897 1616 3299 9898 1615 3299 9899 1291 3300 9900 1615 3300 9901 1204 3300 9902 1543 3301 9903 1542 3301 9904 1206 3301 9905 1543 3302 9906 1205 3302 9907 1614 3302 9908 1290 3303 9909 1291 3303 9910 1614 3303 9911 1290 3304 9912 1613 3304 9913 1206 3304 9914 1542 3305 9915 1541 3305 9916 1208 3305 9917 1542 3306 9918 1207 3306 9919 1612 3306 9920 1289 3307 9921 1290 3307 9922 1612 3307 9923 1289 3308 9924 1611 3308 9925 1208 3308 9926 1540 3309 9927 1210 3309 9928 1209 3309 9929 1541 3310 9930 1209 3310 9931 1610 3310 9932 1288 3311 9933 1289 3311 9934 1610 3311 9935 1288 3312 9936 1609 3312 9937 1210 3312 9938 1539 3313 9939 1212 3313 9940 1211 3313 9941 1540 3314 9942 1211 3314 9943 1608 3314 9944 1288 3315 9945 1608 3315 9946 1607 3315 9947 1287 3316 9948 1607 3316 9949 1212 3316 9950 1538 3317 9951 1214 3317 9952 1213 3317 9953 1539 3318 9954 1213 3318 9955 1606 3318 9956 1287 3319 9957 1606 3319 9958 1605 3319 9959 1286 3320 9960 1605 3320 9961 1214 3320 9962 1537 3321 9963 1216 3321 9964 1215 3321 9965 1538 3322 9966 1215 3322 9967 1604 3322 9968 1286 3323 9969 1604 3323 9970 1603 3323 9971 1285 3324 9972 1603 3324 9973 1216 3324 9974 1536 3325 9975 1218 3325 9976 1217 3325 9977 1537 3326 9978 1217 3326 9979 1602 3326 9980 1285 3327 9981 1602 3327 9982 1601 3327 9983 1284 3328 9984 1601 3328 9985 1218 3328 9986 1535 3329 9987 1220 3329 9988 1219 3329 9989 1536 3330 9990 1219 3330 9991 1600 3330 9992 1284 3331 9993 1600 3331 9994 1599 3331 9995 1283 3332 9996 1599 3332 9997 1220 3332 9998 1598 3333 9999 1157 3333 10000 1158 3333 10001 1535 3334 10002 1158 3334 10003 1597 3334 10004 1283 3335 10005 1597 3335 10006 1156 3335 10007 1282 3336 10008 1156 3336 10009 1157 3336 10010 1501 3337 10011 1596 3337 10012 1253 3337 10013 1502 3338 10014 1253 3338 10015 1252 3338 10016 1519 3339 10017 1252 3339 10018 1595 3339 10019 1518 3340 10020 1595 3340 10021 1596 3340 10022 1484 3341 10023 1594 3341 10024 1255 3341 10025 1485 3342 10026 1255 3342 10027 1254 3342 10028 1502 3343 10029 1254 3343 10030 1593 3343 10031 1501 3344 10032 1593 3344 10033 1594 3344 10034 1467 3345 10035 1592 3345 10036 1257 3345 10037 1468 3346 10038 1257 3346 10039 1256 3346 10040 1485 3347 10041 1256 3347 10042 1591 3347 10043 1484 3348 10044 1591 3348 10045 1592 3348 10046 1450 3349 10047 1590 3349 10048 1259 3349 10049 1451 3350 10050 1259 3350 10051 1258 3350 10052 1468 3351 10053 1258 3351 10054 1589 3351 10055 1467 3352 10056 1589 3352 10057 1590 3352 10058 1433 3353 10059 1588 3353 10060 1261 3353 10061 1434 3354 10062 1261 3354 10063 1260 3354 10064 1451 3355 10065 1260 3355 10066 1587 3355 10067 1450 3356 10068 1587 3356 10069 1588 3356 10070 1416 3357 10071 1586 3357 10072 1263 3357 10073 1417 3358 10074 1263 3358 10075 1262 3358 10076 1434 3359 10077 1262 3359 10078 1585 3359 10079 1433 3360 10080 1585 3360 10081 1586 3360 10082 1399 3361 10083 1584 3361 10084 1265 3361 10085 1400 3362 10086 1265 3362 10087 1264 3362 10088 1417 3363 10089 1264 3363 10090 1583 3363 10091 1416 3364 10092 1583 3364 10093 1584 3364 10094 1382 3365 10095 1582 3365 10096 1267 3365 10097 1383 3366 10098 1267 3366 10099 1266 3366 10100 1400 3367 10101 1266 3367 10102 1581 3367 10103 1399 3368 10104 1581 3368 10105 1582 3368 10106 1365 3369 10107 1580 3369 10108 1269 3369 10109 1366 3370 10110 1269 3370 10111 1268 3370 10112 1383 3371 10113 1268 3371 10114 1579 3371 10115 1382 3372 10116 1579 3372 10117 1580 3372 10118 1348 3373 10119 1578 3373 10120 1271 3373 10121 1349 3374 10122 1271 3374 10123 1270 3374 10124 1366 3375 10125 1270 3375 10126 1577 3375 10127 1365 3376 10128 1577 3376 10129 1578 3376 10130 1331 3377 10131 1576 3377 10132 1273 3377 10133 1332 3378 10134 1273 3378 10135 1272 3378 10136 1349 3379 10137 1272 3379 10138 1575 3379 10139 1348 3380 10140 1575 3380 10141 1576 3380 10142 1314 3381 10143 1574 3381 10144 1275 3381 10145 1315 3382 10146 1275 3382 10147 1274 3382 10148 1332 3383 10149 1274 3383 10150 1573 3383 10151 1331 3384 10152 1573 3384 10153 1574 3384 10154 1297 3385 10155 1572 3385 10156 1277 3385 10157 1298 3386 10158 1277 3386 10159 1276 3386 10160 1315 3387 10161 1276 3387 10162 1571 3387 10163 1314 3388 10164 1571 3388 10165 1572 3388 10166 1280 3389 10167 1570 3389 10168 1279 3389 10169 1281 3390 10170 1279 3390 10171 1278 3390 10172 1298 3391 10173 1278 3391 10174 1569 3391 10175 1297 3392 10176 1569 3392 10177 1570 3392 10178 1549 3393 10179 1192 3393 10180 1162 3393 10181 1568 3394 10182 1162 3394 10183 1161 3394 10184 1281 3395 10185 1161 3395 10186 1567 3395 10187 1280 3396 10188 1567 3396 10189 1192 3396 10190 1518 3397 10191 1565 3397 10192 1251 3397 10193 1519 3398 10194 1251 3398 10195 1221 3398 10196 1566 3399 10197 1221 3399 10198 1222 3399 10199 1518 3400 10200 1564 3400 10201 1222 3400 10202 454 3401 10203 1822 3401 10204 1821 3401 10205 697 3402 10206 2055 3402 10207 2058 3402 10208 248 3403 10209 1194 3403 10210 1625 3403 10211 453 3404 10212 1819 3404 10213 1822 3404 10214 699 3405 10215 2057 3405 10216 2056 3405 10217 85 3406 10218 1547 3406 10219 1548 3406 10220 902 3407 10221 2256 3407 10222 2255 3407 10223 455 3408 10224 1821 3408 10225 1820 3408 10226 696 3409 10227 2056 3409 10228 2055 3409 10229 109 3410 10230 1553 3410 10231 1552 3410 10232 901 3411 10233 2253 3411 10234 2256 3411 10235 452 3412 10236 1820 3412 10237 1819 3412 10238 903 3413 10239 2255 3413 10240 2254 3413 10241 900 3414 10242 2254 3414 10243 2253 3414 10244 1106 3415 10245 1245 3415 10246 2446 3415 10247 246 3416 10248 1624 3416 10249 1195 3416 10250 1107 3417 10251 2446 3417 10252 2445 3417 10253 694 3418 10254 2054 3418 10255 2053 3418 10256 245 3419 10257 1623 3419 10258 1624 3419 10259 1104 3420 10260 2445 3420 10261 1246 3420 10262 450 3421 10263 1818 3421 10264 1817 3421 10265 693 3422 10266 2051 3422 10267 2054 3422 10268 244 3423 10269 1196 3423 10270 1623 3423 10271 449 3424 10272 1815 3424 10273 1818 3424 10274 695 3425 10275 2053 3425 10276 2052 3425 10277 86 3426 10278 1546 3426 10279 1547 3426 10280 898 3427 10281 2252 3427 10282 2251 3427 10283 451 3428 10284 1817 3428 10285 1816 3428 10286 692 3429 10287 2052 3429 10288 2051 3429 10289 110 3430 10290 1552 3430 10291 1551 3430 10292 897 3431 10293 2249 3431 10294 2252 3431 10295 448 3432 10296 1816 3432 10297 1815 3432 10298 899 3433 10299 2251 3433 10300 2250 3433 10301 896 3434 10302 2250 3434 10303 2249 3434 10304 1102 3435 10305 1247 3435 10306 2444 3435 10307 242 3436 10308 1622 3436 10309 1197 3436 10310 1103 3437 10311 2444 3437 10312 2443 3437 10313 690 3438 10314 2050 3438 10315 2049 3438 10316 241 3439 10317 1621 3439 10318 1622 3439 10319 1100 3440 10320 2443 3440 10321 1248 3440 10322 446 3441 10323 1814 3441 10324 1813 3441 10325 689 3442 10326 2047 3442 10327 2050 3442 10328 240 3443 10329 1198 3443 10330 1621 3443 10331 445 3444 10332 1811 3444 10333 1814 3444 10334 691 3445 10335 2049 3445 10336 2048 3445 10337 87 3446 10338 1545 3446 10339 1546 3446 10340 894 3447 10341 2248 3447 10342 2247 3447 10343 447 3448 10344 1813 3448 10345 1812 3448 10346 688 3449 10347 2048 3449 10348 2047 3449 10349 111 3450 10350 1551 3450 10351 1550 3450 10352 893 3451 10353 2245 3451 10354 2248 3451 10355 444 3452 10356 1812 3452 10357 1811 3452 10358 895 3453 10359 2247 3453 10360 2246 3453 10361 134 3454 10362 1161 3454 10363 1162 3454 10364 892 3455 10365 2246 3455 10366 2245 3455 10367 1093 3456 10368 1160 3456 10369 1159 3456 10370 1098 3457 10371 1249 3457 10372 2442 3457 10373 195 3458 10374 1158 3458 10375 1157 3458 10376 238 3459 10377 1620 3459 10378 1199 3459 10379 1099 3460 10380 2442 3460 10381 2441 3460 10382 686 3461 10383 2046 3461 10384 2045 3461 10385 192 3462 10386 1157 3462 10387 1156 3462 10388 237 3463 10389 1619 3463 10390 1620 3463 10391 1096 3464 10392 2441 3464 10393 1250 3464 10394 442 3465 10395 1810 3465 10396 1809 3465 10397 685 3466 10398 2043 3466 10399 2046 3466 10400 236 3467 10401 1200 3467 10402 1619 3467 10403 441 3468 10404 1807 3468 10405 1810 3468 10406 687 3469 10407 2045 3469 10408 2044 3469 10409 88 3470 10410 1544 3470 10411 1545 3470 10412 890 3471 10413 2244 3471 10414 2243 3471 10415 443 3472 10416 1809 3472 10417 1808 3472 10418 684 3473 10419 2044 3473 10420 2043 3473 10421 112 3474 10422 1550 3474 10423 2440 3474 10424 889 3475 10425 2241 3475 10426 2244 3475 10427 440 3476 10428 1808 3476 10429 1807 3476 10430 891 3477 10431 2243 3477 10432 2242 3477 10433 888 3478 10434 2242 3478 10435 2241 3478 10436 65 3479 10437 2440 3479 10438 1520 3479 10439 234 3480 10440 1618 3480 10441 1201 3480 10442 1094 3481 10443 1159 3481 10444 2439 3481 10445 682 3482 10446 2042 3482 10447 2041 3482 10448 233 3483 10449 1617 3483 10450 1618 3483 10451 1095 3484 10452 2439 3484 10453 1163 3484 10454 438 3485 10455 1806 3485 10456 1805 3485 10457 681 3486 10458 2039 3486 10459 2042 3486 10460 232 3487 10461 1202 3487 10462 1617 3487 10463 437 3488 10464 1803 3488 10465 1806 3488 10466 683 3489 10467 2041 3489 10468 2040 3489 10469 89 3490 10470 1543 3490 10471 1544 3490 10472 886 3491 10473 2240 3491 10474 2239 3491 10475 439 3492 10476 1805 3492 10477 1804 3492 10478 680 3493 10479 2040 3493 10480 2039 3493 10481 885 3494 10482 2237 3494 10483 2240 3494 10484 436 3495 10485 1804 3495 10486 1803 3495 10487 887 3496 10488 2239 3496 10489 2238 3496 10490 1090 3497 10491 2438 3497 10492 2437 3497 10493 884 3498 10494 2238 3498 10495 2237 3498 10496 1089 3499 10497 2435 3499 10498 2438 3499 10499 230 3500 10500 1616 3500 10501 1203 3500 10502 1091 3501 10503 2437 3501 10504 2436 3501 10505 678 3502 10506 2038 3502 10507 2037 3502 10508 229 3503 10509 1615 3503 10510 1616 3503 10511 1088 3504 10512 2436 3504 10513 2435 3504 10514 78 3505 10515 1350 3505 10516 1333 3505 10517 677 3506 10518 2035 3506 10519 2038 3506 10520 228 3507 10521 1204 3507 10522 1615 3507 10523 434 3508 10524 1802 3508 10525 1801 3508 10526 679 3509 10527 2037 3509 10528 2036 3509 10529 90 3510 10530 1542 3510 10531 1543 3510 10532 882 3511 10533 2236 3511 10534 2235 3511 10535 433 3512 10536 1184 3512 10537 1802 3512 10538 676 3513 10539 2036 3513 10540 2035 3513 10541 881 3514 10542 2233 3514 10543 2236 3514 10544 435 3515 10545 1801 3515 10546 1185 3515 10547 883 3516 10548 2235 3516 10549 2234 3516 10550 1086 3517 10551 2434 3517 10552 2433 3517 10553 880 3518 10554 2234 3518 10555 2233 3518 10556 1085 3519 10557 2431 3519 10558 2434 3519 10559 226 3520 10560 1614 3520 10561 1205 3520 10562 1087 3521 10563 2433 3521 10564 2432 3521 10565 74 3522 10566 1418 3522 10567 1401 3522 10568 225 3523 10569 1613 3523 10570 1614 3523 10571 1084 3524 10572 2432 3524 10573 2431 3524 10574 430 3525 10575 1800 3525 10576 1799 3525 10577 674 3526 10578 2034 3526 10579 2033 3526 10580 224 3527 10581 1206 3527 10582 1613 3527 10583 429 3528 10584 1797 3528 10585 1800 3528 10586 673 3529 10587 1176 3529 10588 2034 3529 10589 91 3530 10590 1541 3530 10591 1542 3530 10592 878 3531 10593 2232 3531 10594 2231 3531 10595 431 3532 10596 1799 3532 10597 1798 3532 10598 675 3533 10599 2033 3533 10600 1177 3533 10601 877 3534 10602 2229 3534 10603 2232 3534 10604 428 3535 10605 1798 3535 10606 1797 3535 10607 879 3536 10608 2231 3536 10609 2230 3536 10610 1082 3537 10611 2430 3537 10612 2429 3537 10613 876 3538 10614 2230 3538 10615 2229 3538 10616 1081 3539 10617 2427 3539 10618 2430 3539 10619 222 3540 10620 1612 3540 10621 1207 3540 10622 1083 3541 10623 2429 3541 10624 2428 3541 10625 670 3542 10626 2032 3542 10627 2031 3542 10628 221 3543 10629 1611 3543 10630 1612 3543 10631 1080 3544 10632 2428 3544 10633 2427 3544 10634 426 3545 10635 1796 3545 10636 1795 3545 10637 669 3546 10638 2029 3546 10639 2032 3546 10640 220 3547 10641 1208 3547 10642 1611 3547 10643 425 3548 10644 1793 3548 10645 1796 3548 10646 671 3549 10647 2031 3549 10648 2030 3549 10649 92 3550 10650 1540 3550 10651 1541 3550 10652 874 3551 10653 2228 3551 10654 2227 3551 10655 427 3552 10656 1795 3552 10657 1794 3552 10658 668 3553 10659 2030 3553 10660 2029 3553 10661 873 3554 10662 2225 3554 10663 2228 3554 10664 424 3555 10665 1794 3555 10666 1793 3555 10667 875 3556 10668 2227 3556 10669 2226 3556 10670 1078 3557 10671 2426 3557 10672 2425 3557 10673 872 3558 10674 2226 3558 10675 2225 3558 10676 1077 3559 10677 2423 3559 10678 2426 3559 10679 218 3560 10680 1610 3560 10681 1209 3560 10682 1079 3561 10683 2425 3561 10684 2424 3561 10685 666 3562 10686 2028 3562 10687 2027 3562 10688 217 3563 10689 1609 3563 10690 1610 3563 10691 1076 3564 10692 2424 3564 10693 2423 3564 10694 422 3565 10695 1792 3565 10696 1791 3565 10697 665 3566 10698 2025 3566 10699 2028 3566 10700 216 3567 10701 1210 3567 10702 1609 3567 10703 421 3568 10704 1789 3568 10705 1792 3568 10706 667 3569 10707 2027 3569 10708 2026 3569 10709 93 3570 10710 1539 3570 10711 1540 3570 10712 870 3571 10713 2224 3571 10714 2223 3571 10715 423 3572 10716 1791 3572 10717 1790 3572 10718 664 3573 10719 2026 3573 10720 2025 3573 10721 869 3574 10722 2221 3574 10723 2224 3574 10724 420 3575 10725 1790 3575 10726 1789 3575 10727 871 3576 10728 2223 3576 10729 2222 3576 10730 1074 3577 10731 2422 3577 10732 2421 3577 10733 868 3578 10734 2222 3578 10735 2221 3578 10736 1073 3579 10737 2419 3579 10738 2422 3579 10739 214 3580 10740 1608 3580 10741 1211 3580 10742 1075 3581 10743 2421 3581 10744 2420 3581 10745 662 3582 10746 2024 3582 10747 2023 3582 10748 213 3583 10749 1607 3583 10750 1608 3583 10751 1072 3584 10752 2420 3584 10753 2419 3584 10754 418 3585 10755 1788 3585 10756 1787 3585 10757 661 3586 10758 2021 3586 10759 2024 3586 10760 212 3587 10761 1212 3587 10762 1607 3587 10763 417 3588 10764 1785 3588 10765 1788 3588 10766 663 3589 10767 2023 3589 10768 2022 3589 10769 94 3590 10770 1538 3590 10771 1539 3590 10772 866 3591 10773 2220 3591 10774 2219 3591 10775 419 3592 10776 1787 3592 10777 1786 3592 10778 660 3593 10779 2022 3593 10780 2021 3593 10781 865 3594 10782 2217 3594 10783 2220 3594 10784 416 3595 10785 1786 3595 10786 1785 3595 10787 867 3596 10788 2219 3596 10789 2218 3596 10790 1070 3597 10791 2418 3597 10792 2417 3597 10793 864 3598 10794 2218 3598 10795 2217 3598 10796 1069 3599 10797 2415 3599 10798 2418 3599 10799 210 3600 10800 1606 3600 10801 1213 3600 10802 1071 3601 10803 2417 3601 10804 2416 3601 10805 658 3602 10806 2020 3602 10807 2019 3602 10808 209 3603 10809 1605 3603 10810 1606 3603 10811 1068 3604 10812 2416 3604 10813 2415 3604 10814 414 3605 10815 1784 3605 10816 1783 3605 10817 657 3606 10818 2017 3606 10819 2020 3606 10820 208 3607 10821 1214 3607 10822 1605 3607 10823 413 3608 10824 1781 3608 10825 1784 3608 10826 659 3609 10827 2019 3609 10828 2018 3609 10829 95 3610 10830 1537 3610 10831 1538 3610 10832 862 3611 10833 2216 3611 10834 2215 3611 10835 415 3612 10836 1783 3612 10837 1782 3612 10838 656 3613 10839 2018 3613 10840 2017 3613 10841 861 3614 10842 2213 3614 10843 2216 3614 10844 412 3615 10845 1782 3615 10846 1781 3615 10847 863 3616 10848 2215 3616 10849 2214 3616 10850 1066 3617 10851 2414 3617 10852 2413 3617 10853 860 3618 10854 2214 3618 10855 2213 3618 10856 1065 3619 10857 2411 3619 10858 2414 3619 10859 206 3620 10860 1604 3620 10861 1215 3620 10862 1067 3621 10863 2413 3621 10864 2412 3621 10865 654 3622 10866 2016 3622 10867 2015 3622 10868 205 3623 10869 1603 3623 10870 1604 3623 10871 1064 3624 10872 2412 3624 10873 2411 3624 10874 410 3625 10875 1780 3625 10876 1779 3625 10877 653 3626 10878 2013 3626 10879 2016 3626 10880 204 3627 10881 1216 3627 10882 1603 3627 10883 409 3628 10884 1777 3628 10885 1780 3628 10886 655 3629 10887 2015 3629 10888 2014 3629 10889 96 3630 10890 1536 3630 10891 1537 3630 10892 858 3631 10893 2212 3631 10894 2211 3631 10895 411 3632 10896 1779 3632 10897 1778 3632 10898 652 3633 10899 2014 3633 10900 2013 3633 10901 857 3634 10902 2209 3634 10903 2212 3634 10904 408 3635 10905 1778 3635 10906 1777 3635 10907 859 3636 10908 2211 3636 10909 2210 3636 10910 1062 3637 10911 2410 3637 10912 2409 3637 10913 856 3638 10914 2210 3638 10915 2209 3638 10916 1061 3639 10917 2407 3639 10918 2410 3639 10919 202 3640 10920 1602 3640 10921 1217 3640 10922 1063 3641 10923 2409 3641 10924 2408 3641 10925 650 3642 10926 2012 3642 10927 2011 3642 10928 201 3643 10929 1601 3643 10930 1602 3643 10931 1060 3644 10932 2408 3644 10933 2407 3644 10934 406 3645 10935 1776 3645 10936 1775 3645 10937 649 3646 10938 2009 3646 10939 2012 3646 10940 200 3647 10941 1218 3647 10942 1601 3647 10943 405 3648 10944 1773 3648 10945 1776 3648 10946 651 3649 10947 2011 3649 10948 2010 3649 10949 97 3650 10950 1535 3650 10951 1536 3650 10952 71 3651 10953 1469 3651 10954 1452 3651 10955 407 3652 10956 1775 3652 10957 1774 3652 10958 648 3653 10959 2010 3653 10960 2009 3653 10961 854 3654 10962 2208 3654 10963 2207 3654 10964 404 3655 10965 1774 3655 10966 1773 3655 10967 853 3656 10968 1170 3656 10969 2208 3656 10970 1058 3657 10971 2406 3657 10972 2405 3657 10973 855 3658 10974 2207 3658 10975 1171 3658 10976 1057 3659 10977 2403 3659 10978 2406 3659 10979 198 3660 10980 1600 3660 10981 1219 3660 10982 1059 3661 10983 2405 3661 10984 2404 3661 10985 646 3662 10986 2008 3662 10987 2007 3662 10988 197 3663 10989 1599 3663 10990 1600 3663 10991 1056 3664 10992 2404 3664 10993 2403 3664 10994 402 3665 10995 1772 3665 10996 1771 3665 10997 645 3666 10998 2005 3666 10999 2008 3666 11000 196 3667 11001 1220 3667 11002 1599 3667 11003 401 3668 11004 1769 3668 11005 1772 3668 11006 647 3669 11007 2007 3669 11008 2006 3669 11009 64 3670 11010 1598 3670 11011 1535 3670 11012 850 3671 11013 2206 3671 11014 2205 3671 11015 403 3672 11016 1771 3672 11017 1770 3672 11018 644 3673 11019 2006 3673 11020 2005 3673 11021 849 3674 11022 2203 3674 11023 2206 3674 11024 400 3675 11025 1770 3675 11026 1769 3675 11027 851 3676 11028 2205 3676 11029 2204 3676 11030 1054 3677 11031 2402 3677 11032 2401 3677 11033 848 3678 11034 2204 3678 11035 2203 3678 11036 1053 3679 11037 2399 3679 11038 2402 3679 11039 82 3680 11040 1282 3680 11041 1598 3680 11042 1055 3681 11043 2401 3681 11044 2400 3681 11045 642 3682 11046 2004 3682 11047 2003 3682 11048 194 3683 11049 1597 3683 11050 1158 3683 11051 1052 3684 11052 2400 3684 11053 2399 3684 11054 398 3685 11055 1768 3685 11056 1767 3685 11057 641 3686 11058 2001 3686 11059 2004 3686 11060 193 3687 11061 1156 3687 11062 1597 3687 11063 397 3688 11064 1765 3688 11065 1768 3688 11066 643 3689 11067 2003 3689 11068 2002 3689 11069 846 3690 11070 2202 3690 11071 2201 3690 11072 399 3691 11073 1767 3691 11074 1766 3691 11075 640 3692 11076 2002 3692 11077 2001 3692 11078 114 3693 11079 1502 3693 11080 1519 3693 11081 845 3694 11082 2199 3694 11083 2202 3694 11084 396 3695 11085 1766 3695 11086 1765 3695 11087 847 3696 11088 2201 3696 11089 2200 3696 11090 1050 3697 11091 2398 3697 11092 2397 3697 11093 844 3698 11094 2200 3698 11095 2199 3698 11096 1049 3699 11097 2395 3699 11098 2398 3699 11099 189 3700 11100 1595 3700 11101 1252 3700 11102 1051 3701 11103 2397 3701 11104 2396 3701 11105 638 3702 11106 2000 3702 11107 1999 3702 11108 191 3703 11109 1253 3703 11110 1596 3703 11111 1048 3704 11112 2396 3704 11113 2395 3704 11114 394 3705 11115 1764 3705 11116 1763 3705 11117 637 3706 11118 1997 3706 11119 2000 3706 11120 188 3707 11121 1596 3707 11122 1595 3707 11123 393 3708 11124 1761 3708 11125 1764 3708 11126 639 3709 11127 1999 3709 11128 1998 3709 11129 842 3710 11130 2198 3710 11131 2197 3710 11132 395 3711 11133 1763 3711 11134 1762 3711 11135 636 3712 11136 1998 3712 11137 1997 3712 11138 115 3713 11139 1485 3713 11140 1502 3713 11141 841 3714 11142 2195 3714 11143 2198 3714 11144 392 3715 11145 1762 3715 11146 1761 3715 11147 843 3716 11148 2197 3716 11149 2196 3716 11150 1046 3717 11151 2394 3717 11152 2393 3717 11153 840 3718 11154 2196 3718 11155 2195 3718 11156 1045 3719 11157 2391 3719 11158 2394 3719 11159 185 3720 11160 1593 3720 11161 1254 3720 11162 1047 3721 11163 2393 3721 11164 2392 3721 11165 634 3722 11166 1996 3722 11167 1995 3722 11168 187 3723 11169 1255 3723 11170 1594 3723 11171 1044 3724 11172 2392 3724 11173 2391 3724 11174 390 3725 11175 1760 3725 11176 1759 3725 11177 633 3726 11178 1993 3726 11179 1996 3726 11180 184 3727 11181 1594 3727 11182 1593 3727 11183 389 3728 11184 1757 3728 11185 1760 3728 11186 635 3729 11187 1995 3729 11188 1994 3729 11189 838 3730 11190 2194 3730 11191 2193 3730 11192 391 3731 11193 1759 3731 11194 1758 3731 11195 632 3732 11196 1994 3732 11197 1993 3732 11198 116 3733 11199 1468 3733 11200 1485 3733 11201 837 3734 11202 2191 3734 11203 2194 3734 11204 388 3735 11205 1758 3735 11206 1757 3735 11207 839 3736 11208 2193 3736 11209 2192 3736 11210 1042 3737 11211 2390 3737 11212 2389 3737 11213 836 3738 11214 2192 3738 11215 2191 3738 11216 1041 3739 11217 2387 3739 11218 2390 3739 11219 181 3740 11220 1591 3740 11221 1256 3740 11222 1043 3741 11223 2389 3741 11224 2388 3741 11225 630 3742 11226 1992 3742 11227 1991 3742 11228 183 3743 11229 1257 3743 11230 1592 3743 11231 1040 3744 11232 2388 3744 11233 2387 3744 11234 386 3745 11235 1756 3745 11236 1755 3745 11237 629 3746 11238 1989 3746 11239 1992 3746 11240 180 3747 11241 1592 3747 11242 1591 3747 11243 385 3748 11244 1753 3748 11245 1756 3748 11246 631 3749 11247 1991 3749 11248 1990 3749 11249 834 3750 11250 2190 3750 11251 2189 3750 11252 387 3751 11253 1755 3751 11254 1754 3751 11255 628 3752 11256 1990 3752 11257 1989 3752 11258 117 3753 11259 1451 3753 11260 1468 3753 11261 833 3754 11262 2187 3754 11263 2190 3754 11264 384 3755 11265 1754 3755 11266 1753 3755 11267 835 3756 11268 2189 3756 11269 2188 3756 11270 1038 3757 11271 2386 3757 11272 2385 3757 11273 832 3758 11274 2188 3758 11275 2187 3758 11276 1037 3759 11277 2383 3759 11278 2386 3759 11279 177 3760 11280 1589 3760 11281 1258 3760 11282 1039 3761 11283 2385 3761 11284 2384 3761 11285 626 3762 11286 1988 3762 11287 1987 3762 11288 179 3763 11289 1259 3763 11290 1590 3763 11291 1036 3764 11292 2384 3764 11293 2383 3764 11294 382 3765 11295 1752 3765 11296 1751 3765 11297 625 3766 11298 1985 3766 11299 1988 3766 11300 176 3767 11301 1590 3767 11302 1589 3767 11303 381 3768 11304 1749 3768 11305 1752 3768 11306 627 3769 11307 1987 3769 11308 1986 3769 11309 830 3770 11310 2186 3770 11311 2185 3770 11312 383 3771 11313 1751 3771 11314 1750 3771 11315 624 3772 11316 1986 3772 11317 1985 3772 11318 118 3773 11319 1434 3773 11320 1451 3773 11321 829 3774 11322 2183 3774 11323 2186 3774 11324 380 3775 11325 1750 3775 11326 1749 3775 11327 831 3776 11328 2185 3776 11329 2184 3776 11330 68 3777 11331 1520 3777 11332 1503 3777 11333 828 3778 11334 2184 3778 11335 2183 3778 11336 1034 3779 11337 2382 3779 11338 2381 3779 11339 173 3780 11340 1587 3780 11341 1260 3780 11342 1033 3781 11343 1164 3781 11344 2382 3781 11345 622 3782 11346 1984 3782 11347 1983 3782 11348 175 3783 11349 1261 3783 11350 1588 3783 11351 1035 3784 11352 2381 3784 11353 1165 3784 11354 378 3785 11355 1748 3785 11356 1747 3785 11357 621 3786 11358 1981 3786 11359 1984 3786 11360 172 3787 11361 1588 3787 11362 1587 3787 11363 377 3788 11364 1745 3788 11365 1748 3788 11366 623 3789 11367 1983 3789 11368 1982 3789 11369 826 3790 11370 2182 3790 11371 2181 3790 11372 379 3791 11373 1747 3791 11374 1746 3791 11375 620 3792 11376 1982 3792 11377 1981 3792 11378 119 3793 11379 1417 3793 11380 1434 3793 11381 825 3794 11382 2179 3794 11383 2182 3794 11384 376 3795 11385 1746 3795 11386 1745 3795 11387 827 3796 11388 2181 3796 11389 2180 3796 11390 1030 3797 11391 2380 3797 11392 2379 3797 11393 824 3798 11394 2180 3798 11395 2179 3798 11396 1029 3799 11397 2377 3799 11398 2380 3799 11399 169 3800 11400 1585 3800 11401 1262 3800 11402 1031 3801 11403 2379 3801 11404 2378 3801 11405 618 3802 11406 1980 3802 11407 1979 3802 11408 171 3803 11409 1263 3803 11410 1586 3803 11411 1028 3804 11412 2378 3804 11413 2377 3804 11414 79 3805 11415 1333 3805 11416 1316 3805 11417 617 3806 11418 1977 3806 11419 1980 3806 11420 168 3807 11421 1586 3807 11422 1585 3807 11423 374 3808 11424 1744 3808 11425 1743 3808 11426 619 3809 11427 1979 3809 11428 1978 3809 11429 822 3810 11430 2178 3810 11431 2177 3810 11432 373 3811 11433 1186 3811 11434 1744 3811 11435 616 3812 11436 1978 3812 11437 1977 3812 11438 120 3813 11439 1400 3813 11440 1417 3813 11441 578 3814 11442 1942 3814 11443 1941 3814 11444 821 3815 11445 2175 3815 11446 2178 3815 11447 375 3816 11448 1743 3816 11449 1187 3816 11450 577 3817 11451 1939 3817 11452 1942 3817 11453 823 3818 11454 2177 3818 11455 2176 3818 11456 1026 3819 11457 2376 3819 11458 2375 3819 11459 579 3820 11460 1941 3820 11461 1940 3820 11462 820 3821 11463 2176 3821 11464 2175 3821 11465 1025 3822 11466 2373 3822 11467 2376 3822 11468 576 3823 11469 1940 3823 11470 1939 3823 11471 165 3824 11472 1583 3824 11473 1264 3824 11474 1027 3825 11475 2375 3825 11476 2374 3825 11477 75 3826 11478 1401 3826 11479 1384 3826 11480 167 3827 11481 1265 3827 11482 1584 3827 11483 1024 3828 11484 2374 3828 11485 2373 3828 11486 370 3829 11487 1742 3829 11488 1741 3829 11489 614 3830 11490 1976 3830 11491 1975 3830 11492 164 3831 11493 1584 3831 11494 1583 3831 11495 369 3832 11496 1739 3832 11497 1742 3832 11498 613 3833 11499 1178 3833 11500 1976 3833 11501 818 3834 11502 2174 3834 11503 2173 3834 11504 371 3835 11505 1741 3835 11506 1740 3835 11507 615 3836 11508 1975 3836 11509 1179 3836 11510 121 3837 11511 1383 3837 11512 1400 3837 11513 574 3838 11514 1938 3838 11515 1937 3838 11516 817 3839 11517 2171 3839 11518 2174 3839 11519 368 3840 11520 1740 3840 11521 1739 3840 11522 573 3841 11523 1935 3841 11524 1938 3841 11525 819 3842 11526 2173 3842 11527 2172 3842 11528 1022 3843 11529 2372 3843 11530 2371 3843 11531 575 3844 11532 1937 3844 11533 1936 3844 11534 816 3845 11535 2172 3845 11536 2171 3845 11537 1021 3846 11538 2369 3846 11539 2372 3846 11540 572 3847 11541 1936 3847 11542 1935 3847 11543 161 3848 11544 1581 3848 11545 1266 3848 11546 1023 3849 11547 2371 3849 11548 2370 3849 11549 610 3850 11550 1974 3850 11551 1973 3850 11552 163 3851 11553 1267 3851 11554 1582 3851 11555 1020 3852 11556 2370 3852 11557 2369 3852 11558 366 3853 11559 1738 3853 11560 1737 3853 11561 609 3854 11562 1971 3854 11563 1974 3854 11564 160 3855 11565 1582 3855 11566 1581 3855 11567 365 3856 11568 1735 3856 11569 1738 3856 11570 611 3857 11571 1973 3857 11572 1972 3857 11573 814 3858 11574 2170 3858 11575 2169 3858 11576 367 3859 11577 1737 3859 11578 1736 3859 11579 608 3860 11580 1972 3860 11581 1971 3860 11582 122 3861 11583 1366 3861 11584 1383 3861 11585 570 3862 11586 1934 3862 11587 1933 3862 11588 813 3863 11589 2167 3863 11590 2170 3863 11591 364 3864 11592 1736 3864 11593 1735 3864 11594 569 3865 11595 1931 3865 11596 1934 3865 11597 815 3866 11598 2169 3866 11599 2168 3866 11600 1018 3867 11601 2368 3867 11602 2367 3867 11603 571 3868 11604 1933 3868 11605 1932 3868 11606 812 3869 11607 2168 3869 11608 2167 3869 11609 1017 3870 11610 2365 3870 11611 2368 3870 11612 568 3871 11613 1932 3871 11614 1931 3871 11615 157 3872 11616 1579 3872 11617 1268 3872 11618 1019 3873 11619 2367 3873 11620 2366 3873 11621 606 3874 11622 1970 3874 11623 1969 3874 11624 159 3875 11625 1269 3875 11626 1580 3875 11627 1016 3876 11628 2366 3876 11629 2365 3876 11630 362 3877 11631 1734 3877 11632 1733 3877 11633 605 3878 11634 1967 3878 11635 1970 3878 11636 156 3879 11637 1580 3879 11638 1579 3879 11639 361 3880 11640 1731 3880 11641 1734 3880 11642 607 3881 11643 1969 3881 11644 1968 3881 11645 810 3882 11646 2166 3882 11647 2165 3882 11648 363 3883 11649 1733 3883 11650 1732 3883 11651 604 3884 11652 1968 3884 11653 1967 3884 11654 123 3885 11655 1349 3885 11656 1366 3885 11657 566 3886 11658 1930 3886 11659 1929 3886 11660 809 3887 11661 2163 3887 11662 2166 3887 11663 360 3888 11664 1732 3888 11665 1731 3888 11666 565 3889 11667 1927 3889 11668 1930 3889 11669 811 3890 11670 2165 3890 11671 2164 3890 11672 1014 3891 11673 2364 3891 11674 2363 3891 11675 567 3892 11676 1929 3892 11677 1928 3892 11678 808 3893 11679 2164 3893 11680 2163 3893 11681 1013 3894 11682 2361 3894 11683 2364 3894 11684 564 3895 11685 1928 3895 11686 1927 3895 11687 153 3896 11688 1577 3896 11689 1270 3896 11690 1015 3897 11691 2363 3897 11692 2362 3897 11693 602 3898 11694 1966 3898 11695 1965 3898 11696 155 3899 11697 1271 3899 11698 1578 3899 11699 1012 3900 11700 2362 3900 11701 2361 3900 11702 358 3901 11703 1730 3901 11704 1729 3901 11705 601 3902 11706 1963 3902 11707 1966 3902 11708 152 3903 11709 1578 3903 11710 1577 3903 11711 357 3904 11712 1727 3904 11713 1730 3904 11714 603 3905 11715 1965 3905 11716 1964 3905 11717 806 3906 11718 2162 3906 11719 2161 3906 11720 359 3907 11721 1729 3907 11722 1728 3907 11723 600 3908 11724 1964 3908 11725 1963 3908 11726 124 3909 11727 1332 3909 11728 1349 3909 11729 562 3910 11730 1926 3910 11731 1925 3910 11732 805 3911 11733 2159 3911 11734 2162 3911 11735 356 3912 11736 1728 3912 11737 1727 3912 11738 561 3913 11739 1923 3913 11740 1926 3913 11741 807 3914 11742 2161 3914 11743 2160 3914 11744 1010 3915 11745 2360 3915 11746 2359 3915 11747 563 3916 11748 1925 3916 11749 1924 3916 11750 804 3917 11751 2160 3917 11752 2159 3917 11753 1009 3918 11754 2357 3918 11755 2360 3918 11756 560 3919 11757 1924 3919 11758 1923 3919 11759 149 3920 11760 1575 3920 11761 1272 3920 11762 1011 3921 11763 2359 3921 11764 2358 3921 11765 598 3922 11766 1962 3922 11767 1961 3922 11768 151 3923 11769 1273 3923 11770 1576 3923 11771 1008 3924 11772 2358 3924 11773 2357 3924 11774 354 3925 11775 1726 3925 11776 1725 3925 11777 597 3926 11778 1959 3926 11779 1962 3926 11780 148 3927 11781 1576 3927 11782 1575 3927 11783 353 3928 11784 1723 3928 11785 1726 3928 11786 599 3929 11787 1961 3929 11788 1960 3929 11789 802 3930 11790 2158 3930 11791 2157 3930 11792 355 3931 11793 1725 3931 11794 1724 3931 11795 596 3932 11796 1960 3932 11797 1959 3932 11798 125 3933 11799 1315 3933 11800 1332 3933 11801 558 3934 11802 1922 3934 11803 1921 3934 11804 801 3935 11805 2155 3935 11806 2158 3935 11807 352 3936 11808 1724 3936 11809 1723 3936 11810 557 3937 11811 1919 3937 11812 1922 3937 11813 803 3938 11814 2157 3938 11815 2156 3938 11816 1006 3939 11817 2356 3939 11818 2355 3939 11819 559 3940 11820 1921 3940 11821 1920 3940 11822 800 3941 11823 2156 3941 11824 2155 3941 11825 1005 3942 11826 2353 3942 11827 2356 3942 11828 556 3943 11829 1920 3943 11830 1919 3943 11831 145 3944 11832 1573 3944 11833 1274 3944 11834 1007 3945 11835 2355 3945 11836 2354 3945 11837 594 3946 11838 1958 3946 11839 1957 3946 11840 147 3947 11841 1275 3947 11842 1574 3947 11843 1004 3948 11844 2354 3948 11845 2353 3948 11846 350 3949 11847 1722 3949 11848 1721 3949 11849 593 3950 11850 1955 3950 11851 1958 3950 11852 144 3951 11853 1574 3951 11854 1573 3951 11855 349 3952 11856 1719 3952 11857 1722 3952 11858 595 3953 11859 1957 3953 11860 1956 3953 11861 798 3954 11862 2154 3954 11863 2153 3954 11864 351 3955 11865 1721 3955 11866 1720 3955 11867 592 3956 11868 1956 3956 11869 1955 3956 11870 126 3957 11871 1298 3957 11872 1315 3957 11873 76 3958 11874 1384 3958 11875 1367 3958 11876 797 3959 11877 2151 3959 11878 2154 3959 11879 348 3960 11880 1720 3960 11881 1719 3960 11882 554 3961 11883 1918 3961 11884 1917 3961 11885 799 3962 11886 2153 3962 11887 2152 3962 11888 1002 3963 11889 2352 3963 11890 2351 3963 11891 553 3964 11892 1180 3964 11893 1918 3964 11894 796 3965 11895 2152 3965 11896 2151 3965 11897 1001 3966 11898 2349 3966 11899 2352 3966 11900 555 3967 11901 1917 3967 11902 1181 3967 11903 141 3968 11904 1571 3968 11905 1276 3968 11906 1003 3969 11907 2351 3969 11908 2350 3969 11909 590 3970 11910 1954 3970 11911 1953 3970 11912 143 3971 11913 1277 3971 11914 1572 3971 11915 1000 3972 11916 2350 3972 11917 2349 3972 11918 346 3973 11919 1718 3973 11920 1717 3973 11921 589 3974 11922 1951 3974 11923 1954 3974 11924 140 3975 11925 1572 3975 11926 1571 3975 11927 345 3976 11928 1715 3976 11929 1718 3976 11930 591 3977 11931 1953 3977 11932 1952 3977 11933 72 3978 11934 1452 3978 11935 1435 3978 11936 347 3979 11937 1717 3979 11938 1716 3979 11939 588 3980 11940 1952 3980 11941 1951 3980 11942 127 3981 11943 1281 3981 11944 1298 3981 11945 550 3982 11946 1916 3982 11947 1915 3982 11948 794 3983 11949 2150 3983 11950 2149 3983 11951 344 3984 11952 1716 3984 11953 1715 3984 11954 549 3985 11955 1913 3985 11956 1916 3985 11957 793 3986 11958 1172 3986 11959 2150 3986 11960 998 3987 11961 2348 3987 11962 2347 3987 11963 551 3988 11964 1915 3988 11965 1914 3988 11966 795 3989 11967 2149 3989 11968 1173 3989 11969 997 3990 11970 2345 3990 11971 2348 3990 11972 548 3991 11973 1914 3991 11974 1913 3991 11975 137 3992 11976 1569 3992 11977 1278 3992 11978 999 3993 11979 2347 3993 11980 2346 3993 11981 586 3994 11982 1950 3994 11983 1949 3994 11984 139 3995 11985 1279 3995 11986 1570 3995 11987 996 3996 11988 2346 3996 11989 2345 3996 11990 342 3997 11991 1714 3997 11992 1713 3997 11993 585 3998 11994 1947 3998 11995 1950 3998 11996 136 3999 11997 1570 3999 11998 1569 3999 11999 341 4000 12000 1711 4000 12001 1714 4000 12002 587 4001 12003 1949 4001 12004 1948 4001 12005 83 4002 12006 1549 4002 12007 1568 4002 12008 790 4003 12009 2148 4003 12010 2147 4003 12011 343 4004 12012 1713 4004 12013 1712 4004 12014 584 4005 12015 1948 4005 12016 1947 4005 12017 546 4006 12018 1912 4006 12019 1911 4006 12020 789 4007 12021 2145 4007 12022 2148 4007 12023 340 4008 12024 1712 4008 12025 1711 4008 12026 67 4009 12027 1568 4009 12028 1281 4009 12029 545 4010 12030 1909 4010 12031 1912 4010 12032 791 4011 12033 2147 4011 12034 2146 4011 12035 994 4012 12036 2344 4012 12037 2343 4012 12038 547 4013 12039 1911 4013 12040 1910 4013 12041 788 4014 12042 2146 4014 12043 2145 4014 12044 993 4015 12045 2341 4015 12046 2344 4015 12047 544 4016 12048 1910 4016 12049 1909 4016 12050 995 4017 12051 2343 4017 12052 2342 4017 12053 582 4018 12054 1946 4018 12055 1945 4018 12056 133 4019 12057 1567 4019 12058 1161 4019 12059 992 4020 12060 2342 4020 12061 2341 4020 12062 338 4021 12063 1710 4021 12064 1709 4021 12065 581 4022 12066 1943 4022 12067 1946 4022 12068 132 4023 12069 1192 4023 12070 1567 4023 12071 337 4024 12072 1707 4024 12073 1710 4024 12074 583 4025 12075 1945 4025 12076 1944 4025 12077 786 4026 12078 2144 4026 12079 2143 4026 12080 339 4027 12081 1709 4027 12082 1708 4027 12083 580 4028 12084 1944 4028 12085 1943 4028 12086 113 4029 12087 1519 4029 12088 1566 4029 12089 542 4030 12090 1908 4030 12091 1907 4030 12092 785 4031 12093 2141 4031 12094 2144 4031 12095 336 4032 12096 1708 4032 12097 1707 4032 12098 541 4033 12099 1905 4033 12100 1908 4033 12101 787 4034 12102 2143 4034 12103 2142 4034 12104 66 4035 12105 1566 4035 12106 1564 4035 12107 990 4036 12108 2340 4036 12109 2339 4036 12110 543 4037 12111 1907 4037 12112 1906 4037 12113 784 4038 12114 2142 4038 12115 2141 4038 12116 989 4039 12117 2337 4039 12118 2340 4039 12119 540 4040 12120 1906 4040 12121 1905 4040 12122 991 4041 12123 2339 4041 12124 2338 4041 12125 131 4042 12126 1251 4042 12127 1565 4042 12128 988 4043 12129 2338 4043 12130 2337 4043 12131 334 4044 12132 1706 4044 12133 1705 4044 12134 128 4045 12135 1565 4045 12136 1222 4045 12137 333 4046 12138 1703 4046 12139 1706 4046 12140 782 4047 12141 2140 4047 12142 2139 4047 12143 335 4048 12144 1705 4048 12145 1704 4048 12146 538 4049 12147 1904 4049 12148 1903 4049 12149 781 4050 12150 2137 4050 12151 2140 4050 12152 332 4051 12153 1704 4051 12154 1703 4051 12155 537 4052 12156 1901 4052 12157 1904 4052 12158 783 4053 12159 2139 4053 12160 2138 4053 12161 986 4054 12162 2336 4054 12163 2335 4054 12164 539 4055 12165 1903 4055 12166 1902 4055 12167 780 4056 12168 2138 4056 12169 2137 4056 12170 985 4057 12171 2333 4057 12172 2336 4057 12173 536 4058 12174 1902 4058 12175 1901 4058 12176 987 4059 12177 2335 4059 12178 2334 4059 12179 984 4060 12180 2334 4060 12181 2333 4060 12182 330 4061 12183 1702 4061 12184 1701 4061 12185 329 4062 12186 1699 4062 12187 1702 4062 12188 778 4063 12189 2136 4063 12190 2135 4063 12191 331 4064 12192 1701 4064 12193 1700 4064 12194 534 4065 12195 1900 4065 12196 1899 4065 12197 777 4066 12198 2133 4066 12199 2136 4066 12200 328 4067 12201 1700 4067 12202 1699 4067 12203 533 4068 12204 1897 4068 12205 1900 4068 12206 779 4069 12207 2135 4069 12208 2134 4069 12209 982 4070 12210 2332 4070 12211 2331 4070 12212 535 4071 12213 1899 4071 12214 1898 4071 12215 776 4072 12216 2134 4072 12217 2133 4072 12218 981 4073 12219 2329 4073 12220 2332 4073 12221 532 4074 12222 1898 4074 12223 1897 4074 12224 983 4075 12225 2331 4075 12226 2330 4075 12227 980 4076 12228 2330 4076 12229 2329 4076 12230 326 4077 12231 1698 4077 12232 1697 4077 12233 325 4078 12234 1695 4078 12235 1698 4078 12236 774 4079 12237 2132 4079 12238 2131 4079 12239 327 4080 12240 1697 4080 12241 1696 4080 12242 530 4081 12243 1896 4081 12244 1895 4081 12245 773 4082 12246 2129 4082 12247 2132 4082 12248 324 4083 12249 1696 4083 12250 1695 4083 12251 529 4084 12252 1893 4084 12253 1896 4084 12254 775 4085 12255 2131 4085 12256 2130 4085 12257 978 4086 12258 2328 4086 12259 2327 4086 12260 531 4087 12261 1895 4087 12262 1894 4087 12263 772 4088 12264 2130 4088 12265 2129 4088 12266 977 4089 12267 2325 4089 12268 2328 4089 12269 528 4090 12270 1894 4090 12271 1893 4090 12272 979 4091 12273 2327 4091 12274 2326 4091 12275 976 4092 12276 2326 4092 12277 2325 4092 12278 322 4093 12279 1694 4093 12280 1693 4093 12281 321 4094 12282 1691 4094 12283 1694 4094 12284 770 4095 12285 2128 4095 12286 2127 4095 12287 323 4096 12288 1693 4096 12289 1692 4096 12290 526 4097 12291 1892 4097 12292 1891 4097 12293 769 4098 12294 2125 4098 12295 2128 4098 12296 320 4099 12297 1692 4099 12298 1691 4099 12299 525 4100 12300 1889 4100 12301 1892 4100 12302 771 4101 12303 2127 4101 12304 2126 4101 12305 69 4102 12306 1503 4102 12307 1486 4102 12308 527 4103 12309 1891 4103 12310 1890 4103 12311 768 4104 12312 2126 4104 12313 2125 4104 12314 974 4105 12315 2324 4105 12316 2323 4105 12317 524 4106 12318 1890 4106 12319 1889 4106 12320 973 4107 12321 1166 4107 12322 2324 4107 12323 975 4108 12324 2323 4108 12325 1167 4108 12326 318 4109 12327 1690 4109 12328 1689 4109 12329 317 4110 12330 1687 4110 12331 1690 4110 12332 766 4111 12333 2124 4111 12334 2123 4111 12335 319 4112 12336 1689 4112 12337 1688 4112 12338 522 4113 12339 1888 4113 12340 1887 4113 12341 765 4114 12342 2121 4114 12343 2124 4114 12344 316 4115 12345 1688 4115 12346 1687 4115 12347 521 4116 12348 1885 4116 12349 1888 4116 12350 767 4117 12351 2123 4117 12352 2122 4117 12353 970 4118 12354 2322 4118 12355 2321 4118 12356 523 4119 12357 1887 4119 12358 1886 4119 12359 764 4120 12360 2122 4120 12361 2121 4120 12362 969 4121 12363 2319 4121 12364 2322 4121 12365 520 4122 12366 1886 4122 12367 1885 4122 12368 971 4123 12369 2321 4123 12370 2320 4123 12371 968 4124 12372 2320 4124 12373 2319 4124 12374 80 4125 12375 1316 4125 12376 1299 4125 12377 314 4126 12378 1686 4126 12379 1685 4126 12380 762 4127 12381 2120 4127 12382 2119 4127 12383 313 4128 12384 1188 4128 12385 1686 4128 12386 518 4129 12387 1884 4129 12388 1883 4129 12389 761 4130 12390 2117 4130 12391 2120 4130 12392 315 4131 12393 1685 4131 12394 1189 4131 12395 517 4132 12396 1881 4132 12397 1884 4132 12398 763 4133 12399 2119 4133 12400 2118 4133 12401 966 4134 12402 2318 4134 12403 2317 4134 12404 519 4135 12405 1883 4135 12406 1882 4135 12407 760 4136 12408 2118 4136 12409 2117 4136 12410 965 4137 12411 2315 4137 12412 2318 4137 12413 516 4138 12414 1882 4138 12415 1881 4138 12416 967 4139 12417 2317 4139 12418 2316 4139 12419 964 4140 12420 2316 4140 12421 2315 4140 12422 310 4141 12423 1684 4141 12424 1683 4141 12425 309 4142 12426 1681 4142 12427 1684 4142 12428 758 4143 12429 2116 4143 12430 2115 4143 12431 311 4144 12432 1683 4144 12433 1682 4144 12434 514 4145 12435 1880 4145 12436 1879 4145 12437 757 4146 12438 2113 4146 12439 2116 4146 12440 308 4147 12441 1682 4147 12442 1681 4147 12443 513 4148 12444 1877 4148 12445 1880 4148 12446 759 4149 12447 2115 4149 12448 2114 4149 12449 962 4150 12450 2314 4150 12451 2313 4150 12452 515 4151 12453 1879 4151 12454 1878 4151 12455 756 4152 12456 2114 4152 12457 2113 4152 12458 961 4153 12459 2311 4153 12460 2314 4153 12461 512 4154 12462 1878 4154 12463 1877 4154 12464 963 4155 12465 2313 4155 12466 2312 4155 12467 960 4156 12468 2312 4156 12469 2311 4156 12470 306 4157 12471 1680 4157 12472 1679 4157 12473 305 4158 12474 1677 4158 12475 1680 4158 12476 754 4159 12477 2112 4159 12478 2111 4159 12479 307 4160 12480 1679 4160 12481 1678 4160 12482 510 4161 12483 1876 4161 12484 1875 4161 12485 753 4162 12486 2109 4162 12487 2112 4162 12488 304 4163 12489 1678 4163 12490 1677 4163 12491 509 4164 12492 1873 4164 12493 1876 4164 12494 755 4165 12495 2111 4165 12496 2110 4165 12497 958 4166 12498 2310 4166 12499 2309 4166 12500 511 4167 12501 1875 4167 12502 1874 4167 12503 752 4168 12504 2110 4168 12505 2109 4168 12506 957 4169 12507 2307 4169 12508 2310 4169 12509 508 4170 12510 1874 4170 12511 1873 4170 12512 959 4171 12513 2309 4171 12514 2308 4171 12515 956 4172 12516 2308 4172 12517 2307 4172 12518 302 4173 12519 1676 4173 12520 1675 4173 12521 301 4174 12522 1673 4174 12523 1676 4174 12524 750 4175 12525 2108 4175 12526 2107 4175 12527 303 4176 12528 1675 4176 12529 1674 4176 12530 506 4177 12531 1872 4177 12532 1871 4177 12533 749 4178 12534 2105 4178 12535 2108 4178 12536 300 4179 12537 1674 4179 12538 1673 4179 12539 505 4180 12540 1869 4180 12541 1872 4180 12542 751 4181 12543 2107 4181 12544 2106 4181 12545 954 4182 12546 2306 4182 12547 2305 4182 12548 507 4183 12549 1871 4183 12550 1870 4183 12551 748 4184 12552 2106 4184 12553 2105 4184 12554 953 4185 12555 2303 4185 12556 2306 4185 12557 504 4186 12558 1870 4186 12559 1869 4186 12560 955 4187 12561 2305 4187 12562 2304 4187 12563 138 4188 12564 1278 4188 12565 1279 4188 12566 952 4189 12567 2304 4189 12568 2303 4189 12569 142 4190 12570 1276 4190 12571 1277 4190 12572 298 4191 12573 1672 4191 12574 1671 4191 12575 146 4192 12576 1274 4192 12577 1275 4192 12578 297 4193 12579 1669 4193 12580 1672 4193 12581 150 4194 12582 1272 4194 12583 1273 4194 12584 746 4195 12585 2104 4195 12586 2103 4195 12587 299 4196 12588 1671 4196 12589 1670 4196 12590 502 4197 12591 1868 4197 12592 1867 4197 12593 154 4198 12594 1270 4198 12595 1271 4198 12596 745 4199 12597 2101 4199 12598 2104 4199 12599 296 4200 12600 1670 4200 12601 1669 4200 12602 501 4201 12603 1865 4201 12604 1868 4201 12605 158 4202 12606 1268 4202 12607 1269 4202 12608 747 4203 12609 2103 4203 12610 2102 4203 12611 950 4204 12612 2302 4204 12613 2301 4204 12614 503 4205 12615 1867 4205 12616 1866 4205 12617 162 4206 12618 1266 4206 12619 1267 4206 12620 744 4207 12621 2102 4207 12622 2101 4207 12623 949 4208 12624 2299 4208 12625 2302 4208 12626 500 4209 12627 1866 4209 12628 1865 4209 12629 166 4210 12630 1264 4210 12631 1265 4210 12632 951 4211 12633 2301 4211 12634 2300 4211 12635 170 4212 12636 1262 4212 12637 1263 4212 12638 948 4213 12639 2300 4213 12640 2299 4213 12641 174 4214 12642 1260 4214 12643 1261 4214 12644 294 4215 12645 1668 4215 12646 1667 4215 12647 178 4216 12648 1258 4216 12649 1259 4216 12650 293 4217 12651 1665 4217 12652 1668 4217 12653 182 4218 12654 1256 4218 12655 1257 4218 12656 742 4219 12657 2100 4219 12658 2099 4219 12659 295 4220 12660 1667 4220 12661 1666 4220 12662 498 4221 12663 1864 4221 12664 1863 4221 12665 186 4222 12666 1254 4222 12667 1255 4222 12668 741 4223 12669 2097 4223 12670 2100 4223 12671 292 4224 12672 1666 4224 12673 1665 4224 12674 497 4225 12675 1861 4225 12676 1864 4225 12677 190 4226 12678 1252 4226 12679 1253 4226 12680 743 4227 12681 2099 4227 12682 2098 4227 12683 946 4228 12684 2298 4228 12685 2297 4228 12686 499 4229 12687 1863 4229 12688 1862 4229 12689 130 4230 12690 1221 4230 12691 1251 4230 12692 740 4231 12693 2098 4231 12694 2097 4231 12695 98 4232 12696 1564 4232 12697 1563 4232 12698 945 4233 12699 2295 4233 12700 2298 4233 12701 496 4234 12702 1862 4234 12703 1861 4234 12704 1097 4235 12705 1250 4235 12706 1249 4235 12707 947 4236 12708 2297 4236 12709 2296 4236 12710 1101 4237 12711 1248 4237 12712 1247 4237 12713 944 4238 12714 2296 4238 12715 2295 4238 12716 1105 4239 12717 1246 4239 12718 1245 4239 12719 290 4240 12720 1664 4240 12721 1663 4240 12722 1150 4241 12723 1223 4241 12724 2468 4241 12725 1109 4242 12726 1244 4242 12727 1243 4242 12728 289 4243 12729 1661 4243 12730 1664 4243 12731 1151 4244 12732 2468 4244 12733 2467 4244 12734 1113 4245 12735 1242 4245 12736 1241 4245 12737 738 4246 12738 2096 4246 12739 2095 4246 12740 291 4247 12741 1663 4247 12742 1662 4247 12743 1148 4248 12744 2467 4248 12745 1224 4248 12746 77 4249 12747 1367 4249 12748 1350 4249 12749 1117 4250 12750 1240 4250 12751 1239 4250 12752 737 4251 12753 2093 4251 12754 2096 4251 12755 288 4252 12756 1662 4252 12757 1661 4252 12758 494 4253 12759 1860 4253 12760 1859 4253 12761 1121 4254 12762 1238 4254 12763 1237 4254 12764 739 4255 12765 2095 4255 12766 2094 4255 12767 942 4256 12768 2294 4256 12769 2293 4256 12770 493 4257 12771 1182 4257 12772 1860 4257 12773 1125 4258 12774 1236 4258 12775 1235 4258 12776 736 4259 12777 2094 4259 12778 2093 4259 12779 99 4260 12780 1563 4260 12781 1562 4260 12782 941 4261 12783 2291 4261 12784 2294 4261 12785 495 4262 12786 1859 4262 12787 1183 4262 12788 1129 4263 12789 1234 4263 12790 1233 4263 12791 943 4264 12792 2293 4264 12793 2292 4264 12794 1133 4265 12795 1232 4265 12796 1231 4265 12797 940 4266 12798 2292 4266 12799 2291 4266 12800 1137 4267 12801 1230 4267 12802 1229 4267 12803 286 4268 12804 1660 4268 12805 1659 4268 12806 1146 4269 12807 1225 4269 12808 2466 4269 12809 1141 4270 12810 1228 4270 12811 1227 4270 12812 285 4271 12813 1657 4271 12814 1660 4271 12815 1147 4272 12816 2466 4272 12817 2465 4272 12818 1145 4273 12819 1226 4273 12820 1225 4273 12821 73 4274 12822 1435 4274 12823 1418 4274 12824 287 4275 12825 1659 4275 12826 1658 4275 12827 1144 4276 12828 2465 4276 12829 1226 4276 12830 490 4277 12831 1858 4277 12832 1857 4277 12833 1149 4278 12834 1224 4278 12835 1223 4278 12836 734 4279 12837 2092 4279 12838 2091 4279 12839 284 4280 12840 1658 4280 12841 1657 4280 12842 489 4281 12843 1855 4281 12844 1858 4281 12845 733 4282 12846 1174 4282 12847 2092 4282 12848 129 4283 12849 1222 4283 12850 1221 4283 12851 938 4284 12852 2290 4284 12853 2289 4284 12854 491 4285 12855 1857 4285 12856 1856 4285 12857 735 4286 12858 2091 4286 12859 1175 4286 12860 199 4287 12861 1219 4287 12862 1220 4287 12863 100 4288 12864 1562 4288 12865 1561 4288 12866 937 4289 12867 2287 4289 12868 2290 4289 12869 488 4290 12870 1856 4290 12871 1855 4290 12872 203 4291 12873 1217 4291 12874 1218 4291 12875 939 4292 12876 2289 4292 12877 2288 4292 12878 207 4293 12879 1215 4293 12880 1216 4293 12881 936 4294 12882 2288 4294 12883 2287 4294 12884 211 4295 12885 1213 4295 12886 1214 4295 12887 282 4296 12888 1656 4296 12889 1655 4296 12890 1142 4297 12891 1227 4297 12892 2464 4297 12893 215 4298 12894 1211 4298 12895 1212 4298 12896 281 4299 12897 1653 4299 12898 1656 4299 12899 1143 4300 12900 2464 4300 12901 2463 4300 12902 730 4301 12903 2090 4301 12904 2089 4301 12905 219 4302 12906 1209 4302 12907 1210 4302 12908 283 4303 12909 1655 4303 12910 1654 4303 12911 1140 4304 12912 2463 4304 12913 1228 4304 12914 486 4305 12915 1854 4305 12916 1853 4305 12917 729 4306 12918 2087 4306 12919 2090 4306 12920 223 4307 12921 1207 4307 12922 1208 4307 12923 280 4308 12924 1654 4308 12925 1653 4308 12926 485 4309 12927 1851 4309 12928 1854 4309 12929 731 4310 12930 2089 4310 12931 2088 4310 12932 227 4311 12933 1205 4311 12934 1206 4311 12935 934 4312 12936 2286 4312 12937 2285 4312 12938 487 4313 12939 1853 4313 12940 1852 4313 12941 728 4314 12942 2088 4314 12943 2087 4314 12944 231 4315 12945 1203 4315 12946 1204 4315 12947 101 4316 12948 1561 4316 12949 1560 4316 12950 933 4317 12951 2283 4317 12952 2286 4317 12953 484 4318 12954 1852 4318 12955 1851 4318 12956 235 4319 12957 1201 4319 12958 1202 4319 12959 935 4320 12960 2285 4320 12961 2284 4320 12962 239 4321 12963 1199 4321 12964 1200 4321 12965 932 4322 12966 2284 4322 12967 2283 4322 12968 243 4323 12969 1197 4323 12970 1198 4323 12971 278 4324 12972 1652 4324 12973 1651 4324 12974 1138 4325 12975 1229 4325 12976 2462 4325 12977 247 4326 12978 1195 4326 12979 1196 4326 12980 277 4327 12981 1649 4327 12982 1652 4327 12983 1139 4328 12984 2462 4328 12985 2461 4328 12986 726 4329 12987 2086 4329 12988 2085 4329 12989 251 4330 12990 1193 4330 12991 1194 4330 12992 279 4331 12993 1651 4331 12994 1650 4331 12995 1136 4332 12996 2461 4332 12997 1230 4332 12998 482 4333 12999 1850 4333 13000 1849 4333 13001 725 4334 13002 2083 4334 13003 2086 4334 13004 135 4335 13005 1162 4335 13006 1192 4335 13007 276 4336 13008 1650 4336 13009 1649 4336 13010 481 4337 13011 1847 4337 13012 1850 4337 13013 727 4338 13014 2085 4338 13015 2084 4338 13016 252 4339 13017 1191 4339 13018 1190 4339 13019 930 4340 13020 2282 4340 13021 2281 4340 13022 483 4341 13023 1849 4341 13024 1848 4341 13025 724 4342 13026 2084 4342 13027 2083 4342 13028 312 4343 13029 1189 4343 13030 1188 4343 13031 102 4344 13032 1560 4344 13033 1559 4344 13034 929 4345 13035 2279 4345 13036 2282 4345 13037 480 4346 13038 1848 4346 13039 1847 4346 13040 372 4347 13041 1187 4347 13042 1186 4347 13043 931 4348 13044 2281 4348 13045 2280 4348 13046 432 4349 13047 1185 4349 13048 1184 4349 13049 928 4350 13050 2280 4350 13051 2279 4350 13052 492 4351 13053 1183 4351 13054 1182 4351 13055 274 4352 13056 1648 4352 13057 1647 4352 13058 1134 4353 13059 1231 4353 13060 2460 4353 13061 552 4354 13062 1181 4354 13063 1180 4354 13064 273 4355 13065 1645 4355 13066 1648 4355 13067 1135 4356 13068 2460 4356 13069 2459 4356 13070 722 4357 13071 2082 4357 13072 2081 4357 13073 612 4358 13074 1179 4358 13075 1178 4358 13076 275 4359 13077 1647 4359 13078 1646 4359 13079 1132 4360 13080 2459 4360 13081 1232 4360 13082 478 4361 13083 1846 4361 13084 1845 4361 13085 721 4362 13086 2079 4362 13087 2082 4362 13088 672 4363 13089 1177 4363 13090 1176 4363 13091 272 4364 13092 1646 4364 13093 1645 4364 13094 477 4365 13095 1843 4365 13096 1846 4365 13097 723 4366 13098 2081 4366 13099 2080 4366 13100 732 4367 13101 1175 4367 13102 1174 4367 13103 926 4368 13104 2278 4368 13105 2277 4368 13106 479 4369 13107 1845 4369 13108 1844 4369 13109 720 4370 13110 2080 4370 13111 2079 4370 13112 792 4371 13113 1173 4371 13114 1172 4371 13115 103 4372 13116 1559 4372 13117 1558 4372 13118 925 4373 13119 2275 4373 13120 2278 4373 13121 476 4374 13122 1844 4374 13123 1843 4374 13124 852 4375 13125 1171 4375 13126 1170 4375 13127 927 4376 13128 2277 4376 13129 2276 4376 13130 912 4377 13131 1169 4377 13132 1168 4377 13133 924 4378 13134 2276 4378 13135 2275 4378 13136 972 4379 13137 1167 4379 13138 1166 4379 13139 270 4380 13140 1644 4380 13141 1643 4380 13142 1130 4381 13143 1233 4381 13144 2458 4381 13145 1032 4382 13146 1165 4382 13147 1164 4382 13148 269 4383 13149 1641 4383 13150 1644 4383 13151 1131 4384 13152 2458 4384 13153 2457 4384 13154 718 4385 13155 2078 4385 13156 2077 4385 13157 1092 4386 13158 1163 4386 13159 1160 4386 13160 271 4387 13161 1643 4387 13162 1642 4387 13163 1128 4388 13164 2457 4388 13165 1234 4388 13166 474 4389 13167 1842 4389 13168 1841 4389 13169 717 4390 13170 2075 4390 13171 2078 4390 13172 268 4391 13173 1642 4391 13174 1641 4391 13175 473 4392 13176 1839 4392 13177 1842 4392 13178 719 4393 13179 2077 4393 13180 2076 4393 13181 922 4394 13182 2274 4394 13183 2273 4394 13184 475 4395 13185 1841 4395 13186 1840 4395 13187 716 4396 13188 2076 4396 13189 2075 4396 13190 104 4397 13191 1558 4397 13192 1557 4397 13193 921 4398 13194 2271 4398 13195 2274 4398 13196 472 4399 13197 1840 4399 13198 1839 4399 13199 923 4400 13200 2273 4400 13201 2272 4400 13202 920 4401 13203 2272 4401 13204 2271 4401 13205 266 4402 13206 1640 4402 13207 1639 4402 13208 1126 4403 13209 1235 4403 13210 2456 4403 13211 265 4404 13212 1637 4404 13213 1640 4404 13214 1127 4405 13215 2456 4405 13216 2455 4405 13217 714 4406 13218 2074 4406 13219 2073 4406 13220 267 4407 13221 1639 4407 13222 1638 4407 13223 1124 4408 13224 2455 4408 13225 1236 4408 13226 470 4409 13227 1838 4409 13228 1837 4409 13229 713 4410 13230 2071 4410 13231 2074 4410 13232 264 4411 13233 1638 4411 13234 1637 4411 13235 469 4412 13236 1835 4412 13237 1838 4412 13238 715 4413 13239 2073 4413 13240 2072 4413 13241 918 4414 13242 2270 4414 13243 2269 4414 13244 471 4415 13245 1837 4415 13246 1836 4415 13247 712 4416 13248 2072 4416 13249 2071 4416 13250 105 4417 13251 1557 4417 13252 1556 4417 13253 917 4418 13254 2267 4418 13255 2270 4418 13256 468 4419 13257 1836 4419 13258 1835 4419 13259 919 4420 13260 2269 4420 13261 2268 4420 13262 1318 4421 13263 1750 4421 13264 1751 4421 13265 1336 4422 13266 1753 4422 13267 1754 4422 13268 1337 4423 13269 1756 4423 13270 1753 4423 13271 1320 4424 13272 1755 4424 13273 1756 4424 13274 1319 4425 13275 1754 4425 13276 1755 4425 13277 1337 4426 13278 1757 4426 13279 1758 4426 13280 1338 4427 13281 1760 4427 13282 1757 4427 13283 1321 4428 13284 1759 4428 13285 1760 4428 13286 1320 4429 13287 1758 4429 13288 1759 4429 13289 1338 4430 13290 1761 4430 13291 1762 4430 13292 1339 4431 13293 1764 4431 13294 1761 4431 13295 1322 4432 13296 1763 4432 13297 1764 4432 13298 1321 4433 13299 1762 4433 13300 1763 4433 13301 1339 4434 13302 1765 4434 13303 1766 4434 13304 1340 4435 13305 1768 4435 13306 1765 4435 13307 1323 4436 13308 1767 4436 13309 1768 4436 13310 1322 4437 13311 1766 4437 13312 1767 4437 13313 1340 4438 13314 1769 4438 13315 1770 4438 13316 1341 4439 13317 1772 4439 13318 1769 4439 13319 1324 4440 13320 1771 4440 13321 1772 4440 13322 1323 4441 13323 1770 4441 13324 1771 4441 13325 1341 4442 13326 1773 4442 13327 1774 4442 13328 1342 4443 13329 1776 4443 13330 1773 4443 13331 1325 4444 13332 1775 4444 13333 1776 4444 13334 1324 4445 13335 1774 4445 13336 1775 4445 13337 1342 4446 13338 1777 4446 13339 1778 4446 13340 1343 4447 13341 1780 4447 13342 1777 4447 13343 1326 4448 13344 1779 4448 13345 1780 4448 13346 1325 4449 13347 1778 4449 13348 1779 4449 13349 1343 4450 13350 1781 4450 13351 1782 4450 13352 1344 4451 13353 1784 4451 13354 1781 4451 13355 1327 4452 13356 1783 4452 13357 1784 4452 13358 1326 4453 13359 1782 4453 13360 1783 4453 13361 1344 4454 13362 1785 4454 13363 1786 4454 13364 1345 4455 13365 1788 4455 13366 1785 4455 13367 1328 4456 13368 1787 4456 13369 1788 4456 13370 1327 4457 13371 1786 4457 13372 1787 4457 13373 1345 4458 13374 1789 4458 13375 1790 4458 13376 1346 4459 13377 1792 4459 13378 1789 4459 13379 1329 4460 13380 1791 4460 13381 1792 4460 13382 1328 4461 13383 1790 4461 13384 1791 4461 13385 1346 4462 13386 1793 4462 13387 1794 4462 13388 1347 4463 13389 1796 4463 13390 1793 4463 13391 1330 4464 13392 1795 4464 13393 1796 4464 13394 1329 4465 13395 1794 4465 13396 1795 4465 13397 1347 4466 13398 1797 4466 13399 1798 4466 13400 1331 4467 13401 1800 4467 13402 1797 4467 13403 1314 4468 13404 1799 4468 13405 1800 4468 13406 1330 4469 13407 1798 4469 13408 1799 4469 13409 1350 4470 13410 1184 4470 13411 1185 4470 13412 1351 4471 13413 1802 4471 13414 1184 4471 13415 1334 4472 13416 1801 4472 13417 1802 4472 13418 1333 4473 13419 1185 4473 13420 1801 4473 13421 1351 4474 13422 1803 4474 13423 1804 4474 13424 1352 4475 13425 1806 4475 13426 1803 4475 13427 1335 4476 13428 1805 4476 13429 1806 4476 13430 1334 4477 13431 1804 4477 13432 1805 4477 13433 1352 4478 13434 1807 4478 13435 1808 4478 13436 1353 4479 13437 1810 4479 13438 1807 4479 13439 1336 4480 13440 1809 4480 13441 1810 4480 13442 1335 4481 13443 1808 4481 13444 1809 4481 13445 1353 4482 13446 1811 4482 13447 1812 4482 13448 1354 4483 13449 1814 4483 13450 1811 4483 13451 1337 4484 13452 1813 4484 13453 1814 4484 13454 1336 4485 13455 1812 4485 13456 1813 4485 13457 1354 4486 13458 1815 4486 13459 1816 4486 13460 1355 4487 13461 1818 4487 13462 1815 4487 13463 1338 4488 13464 1817 4488 13465 1818 4488 13466 1337 4489 13467 1816 4489 13468 1817 4489 13469 1355 4490 13470 1819 4490 13471 1820 4490 13472 1356 4491 13473 1822 4491 13474 1819 4491 13475 1339 4492 13476 1821 4492 13477 1822 4492 13478 1338 4493 13479 1820 4493 13480 1821 4493 13481 1356 4494 13482 1823 4494 13483 1824 4494 13484 1357 4495 13485 1826 4495 13486 1823 4495 13487 1340 4496 13488 1825 4496 13489 1826 4496 13490 1339 4497 13491 1824 4497 13492 1825 4497 13493 1357 4498 13494 1827 4498 13495 1828 4498 13496 1358 4499 13497 1830 4499 13498 1827 4499 13499 1341 4500 13500 1829 4500 13501 1830 4500 13502 1340 4501 13503 1828 4501 13504 1829 4501 13505 1358 4502 13506 1831 4502 13507 1832 4502 13508 1359 4503 13509 1834 4503 13510 1831 4503 13511 1342 4504 13512 1833 4504 13513 1834 4504 13514 1341 4505 13515 1832 4505 13516 1833 4505 13517 1359 4506 13518 1835 4506 13519 1836 4506 13520 1360 4507 13521 1838 4507 13522 1835 4507 13523 1343 4508 13524 1837 4508 13525 1838 4508 13526 1342 4509 13527 1836 4509 13528 1837 4509 13529 1360 4510 13530 1839 4510 13531 1840 4510 13532 1361 4511 13533 1842 4511 13534 1839 4511 13535 1344 4512 13536 1841 4512 13537 1842 4512 13538 1343 4513 13539 1840 4513 13540 1841 4513 13541 1361 4514 13542 1843 4514 13543 1844 4514 13544 1362 4515 13545 1846 4515 13546 1843 4515 13547 1345 4516 13548 1845 4516 13549 1846 4516 13550 1344 4517 13551 1844 4517 13552 1845 4517 13553 1362 4518 13554 1847 4518 13555 1848 4518 13556 1363 4519 13557 1850 4519 13558 1847 4519 13559 1346 4520 13560 1849 4520 13561 1850 4520 13562 1345 4521 13563 1848 4521 13564 1849 4521 13565 1363 4522 13566 1851 4522 13567 1852 4522 13568 1364 4523 13569 1854 4523 13570 1851 4523 13571 1347 4524 13572 1853 4524 13573 1854 4524 13574 1346 4525 13575 1852 4525 13576 1853 4525 13577 1364 4526 13578 1855 4526 13579 1856 4526 13580 1348 4527 13581 1858 4527 13582 1855 4527 13583 1331 4528 13584 1857 4528 13585 1858 4528 13586 1347 4529 13587 1856 4529 13588 1857 4529 13589 1367 4530 13590 1182 4530 13591 1183 4530 13592 1368 4531 13593 1860 4531 13594 1182 4531 13595 1351 4532 13596 1859 4532 13597 1860 4532 13598 1350 4533 13599 1183 4533 13600 1859 4533 13601 1368 4534 13602 1861 4534 13603 1862 4534 13604 1369 4535 13605 1864 4535 13606 1861 4535 13607 1352 4536 13608 1863 4536 13609 1864 4536 13610 1351 4537 13611 1862 4537 13612 1863 4537 13613 1369 4538 13614 1865 4538 13615 1866 4538 13616 1370 4539 13617 1868 4539 13618 1865 4539 13619 1353 4540 13620 1867 4540 13621 1868 4540 13622 1352 4541 13623 1866 4541 13624 1867 4541 13625 1370 4542 13626 1869 4542 13627 1870 4542 13628 1371 4543 13629 1872 4543 13630 1869 4543 13631 1354 4544 13632 1871 4544 13633 1872 4544 13634 1353 4545 13635 1870 4545 13636 1871 4545 13637 1371 4546 13638 1873 4546 13639 1874 4546 13640 1372 4547 13641 1876 4547 13642 1873 4547 13643 1355 4548 13644 1875 4548 13645 1876 4548 13646 1354 4549 13647 1874 4549 13648 1875 4549 13649 1372 4550 13650 1877 4550 13651 1878 4550 13652 1373 4551 13653 1880 4551 13654 1877 4551 13655 1356 4552 13656 1879 4552 13657 1880 4552 13658 1355 4553 13659 1878 4553 13660 1879 4553 13661 1373 4554 13662 1881 4554 13663 1882 4554 13664 1374 4555 13665 1884 4555 13666 1881 4555 13667 1357 4556 13668 1883 4556 13669 1884 4556 13670 1356 4557 13671 1882 4557 13672 1883 4557 13673 1374 4558 13674 1885 4558 13675 1886 4558 13676 1375 4559 13677 1888 4559 13678 1885 4559 13679 1358 4560 13680 1887 4560 13681 1888 4560 13682 1357 4561 13683 1886 4561 13684 1887 4561 13685 1375 4562 13686 1889 4562 13687 1890 4562 13688 1376 4563 13689 1892 4563 13690 1889 4563 13691 1359 4564 13692 1891 4564 13693 1892 4564 13694 1358 4565 13695 1890 4565 13696 1891 4565 13697 1376 4566 13698 1893 4566 13699 1894 4566 13700 1377 4567 13701 1896 4567 13702 1893 4567 13703 1360 4568 13704 1895 4568 13705 1896 4568 13706 1359 4569 13707 1894 4569 13708 1895 4569 13709 1377 4570 13710 1897 4570 13711 1898 4570 13712 1378 4571 13713 1900 4571 13714 1897 4571 13715 1361 4572 13716 1899 4572 13717 1900 4572 13718 1360 4573 13719 1898 4573 13720 1899 4573 13721 1378 4574 13722 1901 4574 13723 1902 4574 13724 1379 4575 13725 1904 4575 13726 1901 4575 13727 1362 4576 13728 1903 4576 13729 1904 4576 13730 1361 4577 13731 1902 4577 13732 1903 4577 13733 1379 4578 13734 1905 4578 13735 1906 4578 13736 1380 4579 13737 1908 4579 13738 1905 4579 13739 1363 4580 13740 1907 4580 13741 1908 4580 13742 1362 4581 13743 1906 4581 13744 1907 4581 13745 1380 4582 13746 1909 4582 13747 1910 4582 13748 1381 4583 13749 1912 4583 13750 1909 4583 13751 1364 4584 13752 1911 4584 13753 1912 4584 13754 1363 4585 13755 1910 4585 13756 1911 4585 13757 1381 4586 13758 1913 4586 13759 1914 4586 13760 1365 4587 13761 1916 4587 13762 1913 4587 13763 1348 4588 13764 1915 4588 13765 1916 4588 13766 1364 4589 13767 1914 4589 13768 1915 4589 13769 1384 4590 13770 1180 4590 13771 1181 4590 13772 1385 4591 13773 1918 4591 13774 1180 4591 13775 1368 4592 13776 1917 4592 13777 1918 4592 13778 1367 4593 13779 1181 4593 13780 1917 4593 13781 1385 4594 13782 1919 4594 13783 1920 4594 13784 1386 4595 13785 1922 4595 13786 1919 4595 13787 1369 4596 13788 1921 4596 13789 1922 4596 13790 1368 4597 13791 1920 4597 13792 1921 4597 13793 1386 4598 13794 1923 4598 13795 1924 4598 13796 1387 4599 13797 1926 4599 13798 1923 4599 13799 1370 4600 13800 1925 4600 13801 1926 4600 13802 1369 4601 13803 1924 4601 13804 1925 4601 13805 1387 4602 13806 1927 4602 13807 1928 4602 13808 1388 4603 13809 1930 4603 13810 1927 4603 13811 1371 4604 13812 1929 4604 13813 1930 4604 13814 1370 4605 13815 1928 4605 13816 1929 4605 13817 1388 4606 13818 1931 4606 13819 1932 4606 13820 1389 4607 13821 1934 4607 13822 1931 4607 13823 1372 4608 13824 1933 4608 13825 1934 4608 13826 1371 4609 13827 1932 4609 13828 1933 4609 13829 1389 4610 13830 1935 4610 13831 1936 4610 13832 1390 4611 13833 1938 4611 13834 1935 4611 13835 1373 4612 13836 1937 4612 13837 1938 4612 13838 1372 4613 13839 1936 4613 13840 1937 4613 13841 1390 4614 13842 1939 4614 13843 1940 4614 13844 1391 4615 13845 1942 4615 13846 1939 4615 13847 1374 4616 13848 1941 4616 13849 1942 4616 13850 1373 4617 13851 1940 4617 13852 1941 4617 13853 1391 4618 13854 1943 4618 13855 1944 4618 13856 1392 4619 13857 1946 4619 13858 1943 4619 13859 1375 4620 13860 1945 4620 13861 1946 4620 13862 1374 4621 13863 1944 4621 13864 1945 4621 13865 1392 4622 13866 1947 4622 13867 1948 4622 13868 1393 4623 13869 1950 4623 13870 1947 4623 13871 1376 4624 13872 1949 4624 13873 1950 4624 13874 1375 4625 13875 1948 4625 13876 1949 4625 13877 1393 4626 13878 1951 4626 13879 1952 4626 13880 1394 4627 13881 1954 4627 13882 1951 4627 13883 1377 4628 13884 1953 4628 13885 1954 4628 13886 1376 4629 13887 1952 4629 13888 1953 4629 13889 1394 4630 13890 1955 4630 13891 1956 4630 13892 1395 4631 13893 1958 4631 13894 1955 4631 13895 1378 4632 13896 1957 4632 13897 1958 4632 13898 1377 4633 13899 1956 4633 13900 1957 4633 13901 1395 4634 13902 1959 4634 13903 1960 4634 13904 1396 4635 13905 1962 4635 13906 1959 4635 13907 1379 4636 13908 1961 4636 13909 1962 4636 13910 1378 4637 13911 1960 4637 13912 1961 4637 13913 1396 4638 13914 1963 4638 13915 1964 4638 13916 1397 4639 13917 1966 4639 13918 1963 4639 13919 1380 4640 13920 1965 4640 13921 1966 4640 13922 1379 4641 13923 1964 4641 13924 1965 4641 13925 1397 4642 13926 1967 4642 13927 1968 4642 13928 1398 4643 13929 1970 4643 13930 1967 4643 13931 1381 4644 13932 1969 4644 13933 1970 4644 13934 1380 4645 13935 1968 4645 13936 1969 4645 13937 1398 4646 13938 1971 4646 13939 1972 4646 13940 1382 4647 13941 1974 4647 13942 1971 4647 13943 1365 4648 13944 1973 4648 13945 1974 4648 13946 1381 4649 13947 1972 4649 13948 1973 4649 13949 1401 4650 13950 1178 4650 13951 1179 4650 13952 1402 4651 13953 1976 4651 13954 1178 4651 13955 1385 4652 13956 1975 4652 13957 1976 4652 13958 1384 4653 13959 1179 4653 13960 1975 4653 13961 1402 4654 13962 1977 4654 13963 1978 4654 13964 1403 4655 13965 1980 4655 13966 1977 4655 13967 1386 4656 13968 1979 4656 13969 1980 4656 13970 1385 4657 13971 1978 4657 13972 1979 4657 13973 1403 4658 13974 1981 4658 13975 1982 4658 13976 1404 4659 13977 1984 4659 13978 1981 4659 13979 1387 4660 13980 1983 4660 13981 1984 4660 13982 1386 4661 13983 1982 4661 13984 1983 4661 13985 1404 4662 13986 1985 4662 13987 1986 4662 13988 1405 4663 13989 1988 4663 13990 1985 4663 13991 1388 4664 13992 1987 4664 13993 1988 4664 13994 1387 4665 13995 1986 4665 13996 1987 4665 13997 1405 4666 13998 1989 4666 13999 1990 4666 14000 1406 4667 14001 1992 4667 14002 1989 4667 14003 1389 4668 14004 1991 4668 14005 1992 4668 14006 1388 4669 14007 1990 4669 14008 1991 4669 14009 1406 4670 14010 1993 4670 14011 1994 4670 14012 1407 4671 14013 1996 4671 14014 1993 4671 14015 1390 4672 14016 1995 4672 14017 1996 4672 14018 1389 4673 14019 1994 4673 14020 1995 4673 14021 1407 4674 14022 1997 4674 14023 1998 4674 14024 1408 4675 14025 2000 4675 14026 1997 4675 14027 1391 4676 14028 1999 4676 14029 2000 4676 14030 1390 4677 14031 1998 4677 14032 1999 4677 14033 1408 4678 14034 2001 4678 14035 2002 4678 14036 1409 4679 14037 2004 4679 14038 2001 4679 14039 1392 4680 14040 2003 4680 14041 2004 4680 14042 1391 4681 14043 2002 4681 14044 2003 4681 14045 1409 4682 14046 2005 4682 14047 2006 4682 14048 1410 4683 14049 2008 4683 14050 2005 4683 14051 1393 4684 14052 2007 4684 14053 2008 4684 14054 1392 4685 14055 2006 4685 14056 2007 4685 14057 1410 4686 14058 2009 4686 14059 2010 4686 14060 1411 4687 14061 2012 4687 14062 2009 4687 14063 1394 4688 14064 2011 4688 14065 2012 4688 14066 1393 4689 14067 2010 4689 14068 2011 4689 14069 1411 4690 14070 2013 4690 14071 2014 4690 14072 1412 4691 14073 2016 4691 14074 2013 4691 14075 1395 4692 14076 2015 4692 14077 2016 4692 14078 1394 4693 14079 2014 4693 14080 2015 4693 14081 1412 4694 14082 2017 4694 14083 2018 4694 14084 1413 4695 14085 2020 4695 14086 2017 4695 14087 1396 4696 14088 2019 4696 14089 2020 4696 14090 1395 4697 14091 2018 4697 14092 2019 4697 14093 1413 4698 14094 2021 4698 14095 2022 4698 14096 1414 4699 14097 2024 4699 14098 2021 4699 14099 1397 4700 14100 2023 4700 14101 2024 4700 14102 1396 4701 14103 2022 4701 14104 2023 4701 14105 1414 4702 14106 2025 4702 14107 2026 4702 14108 1415 4703 14109 2028 4703 14110 2025 4703 14111 1398 4704 14112 2027 4704 14113 2028 4704 14114 1397 4705 14115 2026 4705 14116 2027 4705 14117 1415 4706 14118 2029 4706 14119 2030 4706 14120 1399 4707 14121 2032 4707 14122 2029 4707 14123 1382 4708 14124 2031 4708 14125 2032 4708 14126 1398 4709 14127 2030 4709 14128 2031 4709 14129 1418 4710 14130 1176 4710 14131 1177 4710 14132 1419 4711 14133 2034 4711 14134 1176 4711 14135 1402 4712 14136 2033 4712 14137 2034 4712 14138 1401 4713 14139 1177 4713 14140 2033 4713 14141 1419 4714 14142 2035 4714 14143 2036 4714 14144 1420 4715 14145 2038 4715 14146 2035 4715 14147 1403 4716 14148 2037 4716 14149 2038 4716 14150 1402 4717 14151 2036 4717 14152 2037 4717 14153 1420 4718 14154 2039 4718 14155 2040 4718 14156 1421 4719 14157 2042 4719 14158 2039 4719 14159 1404 4720 14160 2041 4720 14161 2042 4720 14162 1403 4721 14163 2040 4721 14164 2041 4721 14165 1421 4722 14166 2043 4722 14167 2044 4722 14168 1422 4723 14169 2046 4723 14170 2043 4723 14171 1405 4724 14172 2045 4724 14173 2046 4724 14174 1404 4725 14175 2044 4725 14176 2045 4725 14177 1422 4726 14178 2047 4726 14179 2048 4726 14180 1423 4727 14181 2050 4727 14182 2047 4727 14183 1406 4728 14184 2049 4728 14185 2050 4728 14186 1405 4729 14187 2048 4729 14188 2049 4729 14189 1423 4730 14190 2051 4730 14191 2052 4730 14192 1424 4731 14193 2054 4731 14194 2051 4731 14195 1407 4732 14196 2053 4732 14197 2054 4732 14198 1406 4733 14199 2052 4733 14200 2053 4733 14201 1424 4734 14202 2055 4734 14203 2056 4734 14204 1425 4735 14205 2058 4735 14206 2055 4735 14207 1408 4736 14208 2057 4736 14209 2058 4736 14210 1407 4737 14211 2056 4737 14212 2057 4737 14213 1425 4738 14214 2059 4738 14215 2060 4738 14216 1426 4739 14217 2062 4739 14218 2059 4739 14219 1409 4740 14220 2061 4740 14221 2062 4740 14222 1408 4741 14223 2060 4741 14224 2061 4741 14225 1426 4742 14226 2063 4742 14227 2064 4742 14228 1427 4743 14229 2066 4743 14230 2063 4743 14231 1410 4744 14232 2065 4744 14233 2066 4744 14234 1409 4745 14235 2064 4745 14236 2065 4745 14237 1427 4746 14238 2067 4746 14239 2068 4746 14240 1428 4747 14241 2070 4747 14242 2067 4747 14243 1411 4748 14244 2069 4748 14245 2070 4748 14246 1410 4749 14247 2068 4749 14248 2069 4749 14249 1428 4750 14250 2071 4750 14251 2072 4750 14252 1429 4751 14253 2074 4751 14254 2071 4751 14255 1412 4752 14256 2073 4752 14257 2074 4752 14258 1411 4753 14259 2072 4753 14260 2073 4753 14261 1429 4754 14262 2075 4754 14263 2076 4754 14264 1430 4755 14265 2078 4755 14266 2075 4755 14267 1413 4756 14268 2077 4756 14269 2078 4756 14270 1412 4757 14271 2076 4757 14272 2077 4757 14273 1430 4758 14274 2079 4758 14275 2080 4758 14276 1431 4759 14277 2082 4759 14278 2079 4759 14279 1414 4760 14280 2081 4760 14281 2082 4760 14282 1413 4761 14283 2080 4761 14284 2081 4761 14285 1431 4762 14286 2083 4762 14287 2084 4762 14288 1432 4763 14289 2086 4763 14290 2083 4763 14291 1415 4764 14292 2085 4764 14293 2086 4764 14294 1414 4765 14295 2084 4765 14296 2085 4765 14297 1432 4766 14298 2087 4766 14299 2088 4766 14300 1416 4767 14301 2090 4767 14302 2087 4767 14303 1399 4768 14304 2089 4768 14305 2090 4768 14306 1415 4769 14307 2088 4769 14308 2089 4769 14309 1435 4770 14310 1174 4770 14311 1175 4770 14312 1436 4771 14313 2092 4771 14314 1174 4771 14315 1419 4772 14316 2091 4772 14317 2092 4772 14318 1418 4773 14319 1175 4773 14320 2091 4773 14321 1436 4774 14322 2093 4774 14323 2094 4774 14324 1437 4775 14325 2096 4775 14326 2093 4775 14327 1420 4776 14328 2095 4776 14329 2096 4776 14330 1419 4777 14331 2094 4777 14332 2095 4777 14333 1437 4778 14334 2097 4778 14335 2098 4778 14336 1438 4779 14337 2100 4779 14338 2097 4779 14339 1421 4780 14340 2099 4780 14341 2100 4780 14342 1420 4781 14343 2098 4781 14344 2099 4781 14345 1438 4782 14346 2101 4782 14347 2102 4782 14348 1439 4783 14349 2104 4783 14350 2101 4783 14351 1422 4784 14352 2103 4784 14353 2104 4784 14354 1421 4785 14355 2102 4785 14356 2103 4785 14357 1439 4786 14358 2105 4786 14359 2106 4786 14360 1440 4787 14361 2108 4787 14362 2105 4787 14363 1423 4788 14364 2107 4788 14365 2108 4788 14366 1422 4789 14367 2106 4789 14368 2107 4789 14369 1440 4790 14370 2109 4790 14371 2110 4790 14372 1441 4791 14373 2112 4791 14374 2109 4791 14375 1424 4792 14376 2111 4792 14377 2112 4792 14378 1423 4793 14379 2110 4793 14380 2111 4793 14381 1441 4794 14382 2113 4794 14383 2114 4794 14384 1442 4795 14385 2116 4795 14386 2113 4795 14387 1425 4796 14388 2115 4796 14389 2116 4796 14390 1424 4797 14391 2114 4797 14392 2115 4797 14393 1442 4798 14394 2117 4798 14395 2118 4798 14396 1443 4799 14397 2120 4799 14398 2117 4799 14399 1426 4800 14400 2119 4800 14401 2120 4800 14402 1425 4801 14403 2118 4801 14404 2119 4801 14405 1443 4802 14406 2121 4802 14407 2122 4802 14408 1444 4803 14409 2124 4803 14410 2121 4803 14411 1427 4804 14412 2123 4804 14413 2124 4804 14414 1426 4805 14415 2122 4805 14416 2123 4805 14417 1444 4806 14418 2125 4806 14419 2126 4806 14420 1445 4807 14421 2128 4807 14422 2125 4807 14423 1428 4808 14424 2127 4808 14425 2128 4808 14426 1427 4809 14427 2126 4809 14428 2127 4809 14429 1445 4810 14430 2129 4810 14431 2130 4810 14432 1446 4811 14433 2132 4811 14434 2129 4811 14435 1429 4812 14436 2131 4812 14437 2132 4812 14438 1428 4813 14439 2130 4813 14440 2131 4813 14441 1446 4814 14442 2133 4814 14443 2134 4814 14444 1447 4815 14445 2136 4815 14446 2133 4815 14447 1430 4816 14448 2135 4816 14449 2136 4816 14450 1429 4817 14451 2134 4817 14452 2135 4817 14453 1447 4818 14454 2137 4818 14455 2138 4818 14456 1448 4819 14457 2140 4819 14458 2137 4819 14459 1431 4820 14460 2139 4820 14461 2140 4820 14462 1430 4821 14463 2138 4821 14464 2139 4821 14465 1448 4822 14466 2141 4822 14467 2142 4822 14468 1449 4823 14469 2144 4823 14470 2141 4823 14471 1432 4824 14472 2143 4824 14473 2144 4824 14474 1431 4825 14475 2142 4825 14476 2143 4825 14477 1449 4826 14478 2145 4826 14479 2146 4826 14480 1433 4827 14481 2148 4827 14482 2145 4827 14483 1416 4828 14484 2147 4828 14485 2148 4828 14486 1432 4829 14487 2146 4829 14488 2147 4829 14489 1452 4830 14490 1172 4830 14491 1173 4830 14492 1453 4831 14493 2150 4831 14494 1172 4831 14495 1436 4832 14496 2149 4832 14497 2150 4832 14498 1435 4833 14499 1173 4833 14500 2149 4833 14501 1453 4834 14502 2151 4834 14503 2152 4834 14504 1454 4835 14505 2154 4835 14506 2151 4835 14507 1437 4836 14508 2153 4836 14509 2154 4836 14510 1436 4837 14511 2152 4837 14512 2153 4837 14513 1454 4838 14514 2155 4838 14515 2156 4838 14516 1455 4839 14517 2158 4839 14518 2155 4839 14519 1438 4840 14520 2157 4840 14521 2158 4840 14522 1437 4841 14523 2156 4841 14524 2157 4841 14525 1455 4842 14526 2159 4842 14527 2160 4842 14528 1456 4843 14529 2162 4843 14530 2159 4843 14531 1439 4844 14532 2161 4844 14533 2162 4844 14534 1438 4845 14535 2160 4845 14536 2161 4845 14537 1456 4846 14538 2163 4846 14539 2164 4846 14540 1457 4847 14541 2166 4847 14542 2163 4847 14543 1440 4848 14544 2165 4848 14545 2166 4848 14546 1439 4849 14547 2164 4849 14548 2165 4849 14549 1457 4850 14550 2167 4850 14551 2168 4850 14552 1458 4851 14553 2170 4851 14554 2167 4851 14555 1441 4852 14556 2169 4852 14557 2170 4852 14558 1440 4853 14559 2168 4853 14560 2169 4853 14561 1458 4854 14562 2171 4854 14563 2172 4854 14564 1459 4855 14565 2174 4855 14566 2171 4855 14567 1442 4856 14568 2173 4856 14569 2174 4856 14570 1441 4857 14571 2172 4857 14572 2173 4857 14573 1459 4858 14574 2175 4858 14575 2176 4858 14576 1460 4859 14577 2178 4859 14578 2175 4859 14579 1443 4860 14580 2177 4860 14581 2178 4860 14582 1442 4861 14583 2176 4861 14584 2177 4861 14585 1460 4862 14586 2179 4862 14587 2180 4862 14588 1461 4863 14589 2182 4863 14590 2179 4863 14591 1444 4864 14592 2181 4864 14593 2182 4864 14594 1443 4865 14595 2180 4865 14596 2181 4865 14597 1461 4866 14598 2183 4866 14599 2184 4866 14600 1462 4867 14601 2186 4867 14602 2183 4867 14603 1445 4868 14604 2185 4868 14605 2186 4868 14606 1444 4869 14607 2184 4869 14608 2185 4869 14609 1462 4870 14610 2187 4870 14611 2188 4870 14612 1463 4871 14613 2190 4871 14614 2187 4871 14615 1446 4872 14616 2189 4872 14617 2190 4872 14618 1445 4873 14619 2188 4873 14620 2189 4873 14621 1463 4874 14622 2191 4874 14623 2192 4874 14624 1464 4875 14625 2194 4875 14626 2191 4875 14627 1447 4876 14628 2193 4876 14629 2194 4876 14630 1446 4877 14631 2192 4877 14632 2193 4877 14633 1464 4878 14634 2195 4878 14635 2196 4878 14636 1465 4879 14637 2198 4879 14638 2195 4879 14639 1448 4880 14640 2197 4880 14641 2198 4880 14642 1447 4881 14643 2196 4881 14644 2197 4881 14645 1465 4882 14646 2199 4882 14647 2200 4882 14648 1466 4883 14649 2202 4883 14650 2199 4883 14651 1449 4884 14652 2201 4884 14653 2202 4884 14654 1448 4885 14655 2200 4885 14656 2201 4885 14657 1466 4886 14658 2203 4886 14659 2204 4886 14660 1450 4887 14661 2206 4887 14662 2203 4887 14663 1433 4888 14664 2205 4888 14665 2206 4888 14666 1449 4889 14667 2204 4889 14668 2205 4889 14669 1469 4890 14670 1170 4890 14671 1171 4890 14672 1470 4891 14673 2208 4891 14674 1170 4891 14675 1453 4892 14676 2207 4892 14677 2208 4892 14678 1452 4893 14679 1171 4893 14680 2207 4893 14681 1470 4894 14682 2209 4894 14683 2210 4894 14684 1471 4895 14685 2212 4895 14686 2209 4895 14687 1454 4896 14688 2211 4896 14689 2212 4896 14690 1453 4897 14691 2210 4897 14692 2211 4897 14693 1471 4898 14694 2213 4898 14695 2214 4898 14696 1472 4899 14697 2216 4899 14698 2213 4899 14699 1455 4900 14700 2215 4900 14701 2216 4900 14702 1454 4901 14703 2214 4901 14704 2215 4901 14705 1472 4902 14706 2217 4902 14707 2218 4902 14708 1473 4903 14709 2220 4903 14710 2217 4903 14711 1456 4904 14712 2219 4904 14713 2220 4904 14714 1455 4905 14715 2218 4905 14716 2219 4905 14717 1473 4906 14718 2221 4906 14719 2222 4906 14720 1474 4907 14721 2224 4907 14722 2221 4907 14723 1457 4908 14724 2223 4908 14725 2224 4908 14726 1456 4909 14727 2222 4909 14728 2223 4909 14729 1474 4910 14730 2225 4910 14731 2226 4910 14732 1475 4911 14733 2228 4911 14734 2225 4911 14735 1458 4912 14736 2227 4912 14737 2228 4912 14738 1457 4913 14739 2226 4913 14740 2227 4913 14741 1475 4914 14742 2229 4914 14743 2230 4914 14744 1476 4915 14745 2232 4915 14746 2229 4915 14747 1459 4916 14748 2231 4916 14749 2232 4916 14750 1458 4917 14751 2230 4917 14752 2231 4917 14753 1476 4918 14754 2233 4918 14755 2234 4918 14756 1477 4919 14757 2236 4919 14758 2233 4919 14759 1460 4920 14760 2235 4920 14761 2236 4920 14762 1459 4921 14763 2234 4921 14764 2235 4921 14765 1477 4922 14766 2237 4922 14767 2238 4922 14768 1478 4923 14769 2240 4923 14770 2237 4923 14771 1461 4924 14772 2239 4924 14773 2240 4924 14774 1460 4925 14775 2238 4925 14776 2239 4925 14777 1478 4926 14778 2241 4926 14779 2242 4926 14780 1479 4927 14781 2244 4927 14782 2241 4927 14783 1462 4928 14784 2243 4928 14785 2244 4928 14786 1461 4929 14787 2242 4929 14788 2243 4929 14789 1479 4930 14790 2245 4930 14791 2246 4930 14792 1480 4931 14793 2248 4931 14794 2245 4931 14795 1463 4932 14796 2247 4932 14797 2248 4932 14798 1462 4933 14799 2246 4933 14800 2247 4933 14801 1480 4934 14802 2249 4934 14803 2250 4934 14804 1481 4935 14805 2252 4935 14806 2249 4935 14807 1464 4936 14808 2251 4936 14809 2252 4936 14810 1463 4937 14811 2250 4937 14812 2251 4937 14813 1481 4938 14814 2253 4938 14815 2254 4938 14816 1482 4939 14817 2256 4939 14818 2253 4939 14819 1465 4940 14820 2255 4940 14821 2256 4940 14822 1464 4941 14823 2254 4941 14824 2255 4941 14825 1482 4942 14826 2257 4942 14827 2258 4942 14828 1483 4943 14829 2260 4943 14830 2257 4943 14831 1466 4944 14832 2259 4944 14833 2260 4944 14834 1465 4945 14835 2258 4945 14836 2259 4945 14837 1483 4946 14838 2261 4946 14839 2262 4946 14840 1467 4947 14841 2264 4947 14842 2261 4947 14843 1450 4948 14844 2263 4948 14845 2264 4948 14846 1466 4949 14847 2262 4949 14848 2263 4949 14849 1486 4950 14850 1168 4950 14851 1169 4950 14852 1487 4951 14853 2266 4951 14854 1168 4951 14855 1470 4952 14856 2265 4952 14857 2266 4952 14858 1469 4953 14859 1169 4953 14860 2265 4953 14861 1487 4954 14862 2267 4954 14863 2268 4954 14864 1488 4955 14865 2270 4955 14866 2267 4955 14867 1471 4956 14868 2269 4956 14869 2270 4956 14870 1470 4957 14871 2268 4957 14872 2269 4957 14873 1488 4958 14874 2271 4958 14875 2272 4958 14876 1489 4959 14877 2274 4959 14878 2271 4959 14879 1472 4960 14880 2273 4960 14881 2274 4960 14882 1471 4961 14883 2272 4961 14884 2273 4961 14885 1489 4962 14886 2275 4962 14887 2276 4962 14888 1490 4963 14889 2278 4963 14890 2275 4963 14891 1473 4964 14892 2277 4964 14893 2278 4964 14894 1472 4965 14895 2276 4965 14896 2277 4965 14897 1490 4966 14898 2279 4966 14899 2280 4966 14900 1491 4967 14901 2282 4967 14902 2279 4967 14903 1474 4968 14904 2281 4968 14905 2282 4968 14906 1473 4969 14907 2280 4969 14908 2281 4969 14909 1491 4970 14910 2283 4970 14911 2284 4970 14912 1492 4971 14913 2286 4971 14914 2283 4971 14915 1475 4972 14916 2285 4972 14917 2286 4972 14918 1474 4973 14919 2284 4973 14920 2285 4973 14921 1492 4974 14922 2287 4974 14923 2288 4974 14924 1493 4975 14925 2290 4975 14926 2287 4975 14927 1476 4976 14928 2289 4976 14929 2290 4976 14930 1475 4977 14931 2288 4977 14932 2289 4977 14933 1493 4978 14934 2291 4978 14935 2292 4978 14936 1494 4979 14937 2294 4979 14938 2291 4979 14939 1477 4980 14940 2293 4980 14941 2294 4980 14942 1476 4981 14943 2292 4981 14944 2293 4981 14945 1494 4982 14946 2295 4982 14947 2296 4982 14948 1495 4983 14949 2298 4983 14950 2295 4983 14951 1478 4984 14952 2297 4984 14953 2298 4984 14954 1477 4985 14955 2296 4985 14956 2297 4985 14957 1495 4986 14958 2299 4986 14959 2300 4986 14960 1496 4987 14961 2302 4987 14962 2299 4987 14963 1479 4988 14964 2301 4988 14965 2302 4988 14966 1478 4989 14967 2300 4989 14968 2301 4989 14969 1496 4990 14970 2303 4990 14971 2304 4990 14972 1497 4991 14973 2306 4991 14974 2303 4991 14975 1480 4992 14976 2305 4992 14977 2306 4992 14978 1479 4993 14979 2304 4993 14980 2305 4993 14981 1497 4994 14982 2307 4994 14983 2308 4994 14984 1498 4995 14985 2310 4995 14986 2307 4995 14987 1481 4996 14988 2309 4996 14989 2310 4996 14990 1480 4997 14991 2308 4997 14992 2309 4997 14993 1498 4998 14994 2311 4998 14995 2312 4998 14996 1499 4999 14997 2314 4999 14998 2311 4999 14999 1482 5000 15000 2313 5000 15001 2314 5000 15002 1481 5001 15003 2312 5001 15004 2313 5001 15005 1499 5002 15006 2315 5002 15007 2316 5002 15008 1500 5003 15009 2318 5003 15010 2315 5003 15011 1483 5004 15012 2317 5004 15013 2318 5004 15014 1482 5005 15015 2316 5005 15016 2317 5005 15017 1500 5006 15018 2319 5006 15019 2320 5006 15020 1484 5007 15021 2322 5007 15022 2319 5007 15023 1467 5008 15024 2321 5008 15025 2322 5008 15026 1483 5009 15027 2320 5009 15028 2321 5009 15029 1503 5010 15030 1166 5010 15031 1167 5010 15032 1504 5011 15033 2324 5011 15034 1166 5011 15035 1487 5012 15036 2323 5012 15037 2324 5012 15038 1486 5013 15039 1167 5013 15040 2323 5013 15041 1504 5014 15042 2325 5014 15043 2326 5014 15044 1505 5015 15045 2328 5015 15046 2325 5015 15047 1488 5016 15048 2327 5016 15049 2328 5016 15050 1487 5017 15051 2326 5017 15052 2327 5017 15053 1505 5018 15054 2329 5018 15055 2330 5018 15056 1506 5019 15057 2332 5019 15058 2329 5019 15059 1489 5020 15060 2331 5020 15061 2332 5020 15062 1488 5021 15063 2330 5021 15064 2331 5021 15065 1506 5022 15066 2333 5022 15067 2334 5022 15068 1507 5023 15069 2336 5023 15070 2333 5023 15071 1490 5024 15072 2335 5024 15073 2336 5024 15074 1489 5025 15075 2334 5025 15076 2335 5025 15077 1507 5026 15078 2337 5026 15079 2338 5026 15080 1508 5027 15081 2340 5027 15082 2337 5027 15083 1491 5028 15084 2339 5028 15085 2340 5028 15086 1490 5029 15087 2338 5029 15088 2339 5029 15089 1508 5030 15090 2341 5030 15091 2342 5030 15092 1509 5031 15093 2344 5031 15094 2341 5031 15095 1492 5032 15096 2343 5032 15097 2344 5032 15098 1491 5033 15099 2342 5033 15100 2343 5033 15101 1509 5034 15102 2345 5034 15103 2346 5034 15104 1510 5035 15105 2348 5035 15106 2345 5035 15107 1493 5036 15108 2347 5036 15109 2348 5036 15110 1492 5037 15111 2346 5037 15112 2347 5037 15113 1510 5038 15114 2349 5038 15115 2350 5038 15116 1511 5039 15117 2352 5039 15118 2349 5039 15119 1494 5040 15120 2351 5040 15121 2352 5040 15122 1493 5041 15123 2350 5041 15124 2351 5041 15125 1511 5042 15126 2353 5042 15127 2354 5042 15128 1512 5043 15129 2356 5043 15130 2353 5043 15131 1495 5044 15132 2355 5044 15133 2356 5044 15134 1494 5045 15135 2354 5045 15136 2355 5045 15137 1512 5046 15138 2357 5046 15139 2358 5046 15140 1513 5047 15141 2360 5047 15142 2357 5047 15143 1496 5048 15144 2359 5048 15145 2360 5048 15146 1495 5049 15147 2358 5049 15148 2359 5049 15149 1513 5050 15150 2361 5050 15151 2362 5050 15152 1514 5051 15153 2364 5051 15154 2361 5051 15155 1497 5052 15156 2363 5052 15157 2364 5052 15158 1496 5053 15159 2362 5053 15160 2363 5053 15161 1514 5054 15162 2365 5054 15163 2366 5054 15164 1515 5055 15165 2368 5055 15166 2365 5055 15167 1498 5056 15168 2367 5056 15169 2368 5056 15170 1497 5057 15171 2366 5057 15172 2367 5057 15173 1515 5058 15174 2369 5058 15175 2370 5058 15176 1516 5059 15177 2372 5059 15178 2369 5059 15179 1499 5060 15180 2371 5060 15181 2372 5060 15182 1498 5061 15183 2370 5061 15184 2371 5061 15185 1516 5062 15186 2373 5062 15187 2374 5062 15188 1517 5063 15189 2376 5063 15190 2373 5063 15191 1500 5064 15192 2375 5064 15193 2376 5064 15194 1499 5065 15195 2374 5065 15196 2375 5065 15197 1517 5066 15198 2377 5066 15199 2378 5066 15200 1501 5067 15201 2380 5067 15202 2377 5067 15203 1484 5068 15204 2379 5068 15205 2380 5068 15206 1500 5069 15207 2378 5069 15208 2379 5069 15209 1520 5070 15210 1164 5070 15211 1165 5070 15212 1521 5071 15213 2382 5071 15214 1164 5071 15215 1504 5072 15216 2381 5072 15217 2382 5072 15218 1503 5073 15219 1165 5073 15220 2381 5073 15221 1521 5074 15222 2383 5074 15223 2384 5074 15224 1522 5075 15225 2386 5075 15226 2383 5075 15227 1505 5076 15228 2385 5076 15229 2386 5076 15230 1504 5077 15231 2384 5077 15232 2385 5077 15233 1522 5078 15234 2387 5078 15235 2388 5078 15236 1523 5079 15237 2390 5079 15238 2387 5079 15239 1506 5080 15240 2389 5080 15241 2390 5080 15242 1505 5081 15243 2388 5081 15244 2389 5081 15245 1523 5082 15246 2391 5082 15247 2392 5082 15248 1524 5083 15249 2394 5083 15250 2391 5083 15251 1507 5084 15252 2393 5084 15253 2394 5084 15254 1506 5085 15255 2392 5085 15256 2393 5085 15257 1524 5086 15258 2395 5086 15259 2396 5086 15260 1525 5087 15261 2398 5087 15262 2395 5087 15263 1508 5088 15264 2397 5088 15265 2398 5088 15266 1507 5089 15267 2396 5089 15268 2397 5089 15269 1525 5090 15270 2399 5090 15271 2400 5090 15272 1526 5091 15273 2402 5091 15274 2399 5091 15275 1509 5092 15276 2401 5092 15277 2402 5092 15278 1508 5093 15279 2400 5093 15280 2401 5093 15281 1526 5094 15282 2403 5094 15283 2404 5094 15284 1527 5095 15285 2406 5095 15286 2403 5095 15287 1510 5096 15288 2405 5096 15289 2406 5096 15290 1509 5097 15291 2404 5097 15292 2405 5097 15293 1527 5098 15294 2407 5098 15295 2408 5098 15296 1528 5099 15297 2410 5099 15298 2407 5099 15299 1511 5100 15300 2409 5100 15301 2410 5100 15302 1510 5101 15303 2408 5101 15304 2409 5101 15305 1528 5102 15306 2411 5102 15307 2412 5102 15308 1529 5103 15309 2414 5103 15310 2411 5103 15311 1512 5104 15312 2413 5104 15313 2414 5104 15314 1511 5105 15315 2412 5105 15316 2413 5105 15317 1529 5106 15318 2415 5106 15319 2416 5106 15320 1530 5107 15321 2418 5107 15322 2415 5107 15323 1513 5108 15324 2417 5108 15325 2418 5108 15326 1512 5109 15327 2416 5109 15328 2417 5109 15329 1530 5110 15330 2419 5110 15331 2420 5110 15332 1531 5111 15333 2422 5111 15334 2419 5111 15335 1514 5112 15336 2421 5112 15337 2422 5112 15338 1513 5113 15339 2420 5113 15340 2421 5113 15341 1531 5114 15342 2423 5114 15343 2424 5114 15344 1532 5115 15345 2426 5115 15346 2423 5115 15347 1515 5116 15348 2425 5116 15349 2426 5116 15350 1514 5117 15351 2424 5117 15352 2425 5117 15353 1532 5118 15354 2427 5118 15355 2428 5118 15356 1533 5119 15357 2430 5119 15358 2427 5119 15359 1516 5120 15360 2429 5120 15361 2430 5120 15362 1515 5121 15363 2428 5121 15364 2429 5121 15365 1533 5122 15366 2431 5122 15367 2432 5122 15368 1534 5123 15369 2434 5123 15370 2431 5123 15371 1517 5124 15372 2433 5124 15373 2434 5124 15374 1516 5125 15375 2432 5125 15376 2433 5125 15377 1534 5126 15378 2435 5126 15379 2436 5126 15380 1518 5127 15381 2438 5127 15382 2435 5127 15383 1501 5128 15384 2437 5128 15385 2438 5128 15386 1517 5129 15387 2436 5129 15388 2437 5129 15389 2440 5130 15390 1160 5130 15391 1163 5130 15392 1550 5131 15393 1159 5131 15394 1160 5131 15395 1550 5132 15396 1521 5132 15397 2439 5132 15398 1520 5133 15399 1163 5133 15400 2439 5133 15401 1521 5134 15402 1550 5134 15403 1250 5134 15404 1551 5135 15405 1249 5135 15406 1250 5135 15407 1551 5136 15408 1522 5136 15409 2442 5136 15410 1521 5137 15411 2441 5137 15412 2442 5137 15413 1522 5138 15414 1551 5138 15415 1248 5138 15416 1552 5139 15417 1247 5139 15418 1248 5139 15419 1552 5140 15420 1523 5140 15421 2444 5140 15422 1522 5141 15423 2443 5141 15424 2444 5141 15425 1523 5142 15426 1552 5142 15427 1246 5142 15428 1553 5143 15429 1245 5143 15430 1246 5143 15431 1553 5144 15432 1524 5144 15433 2446 5144 15434 1523 5145 15435 2445 5145 15436 2446 5145 15437 1524 5146 15438 1553 5146 15439 1244 5146 15440 1554 5147 15441 1243 5147 15442 1244 5147 15443 1554 5148 15444 1525 5148 15445 2448 5148 15446 1524 5149 15447 2447 5149 15448 2448 5149 15449 1525 5150 15450 1554 5150 15451 1242 5150 15452 1555 5151 15453 1241 5151 15454 1242 5151 15455 1555 5152 15456 1526 5152 15457 2450 5152 15458 1525 5153 15459 2449 5153 15460 2450 5153 15461 1526 5154 15462 1555 5154 15463 1240 5154 15464 1556 5155 15465 1239 5155 15466 1240 5155 15467 1556 5156 15468 1527 5156 15469 2452 5156 15470 1526 5157 15471 2451 5157 15472 2452 5157 15473 1527 5158 15474 1556 5158 15475 1238 5158 15476 1557 5159 15477 1237 5159 15478 1238 5159 15479 1557 5160 15480 1528 5160 15481 2454 5160 15482 1527 5161 15483 2453 5161 15484 2454 5161 15485 1528 5162 15486 1557 5162 15487 1236 5162 15488 1558 5163 15489 1235 5163 15490 1236 5163 15491 1558 5164 15492 1529 5164 15493 2456 5164 15494 1528 5165 15495 2455 5165 15496 2456 5165 15497 1529 5166 15498 1558 5166 15499 1234 5166 15500 1559 5167 15501 1233 5167 15502 1234 5167 15503 1559 5168 15504 1530 5168 15505 2458 5168 15506 1529 5169 15507 2457 5169 15508 2458 5169 15509 1530 5170 15510 1559 5170 15511 1232 5170 15512 1560 5171 15513 1231 5171 15514 1232 5171 15515 1560 5172 15516 1531 5172 15517 2460 5172 15518 1530 5173 15519 2459 5173 15520 2460 5173 15521 1531 5174 15522 1560 5174 15523 1230 5174 15524 1561 5175 15525 1229 5175 15526 1230 5175 15527 1561 5176 15528 1532 5176 15529 2462 5176 15530 1531 5177 15531 2461 5177 15532 2462 5177 15533 1532 5178 15534 1561 5178 15535 1228 5178 15536 1562 5179 15537 1227 5179 15538 1228 5179 15539 1562 5180 15540 1533 5180 15541 2464 5180 15542 1532 5181 15543 2463 5181 15544 2464 5181 15545 1533 5182 15546 1562 5182 15547 1226 5182 15548 1563 5183 15549 1225 5183 15550 1226 5183 15551 1563 5184 15552 1534 5184 15553 2466 5184 15554 1533 5185 15555 2465 5185 15556 2466 5185 15557 1534 5186 15558 1563 5186 15559 1224 5186 15560 1564 5187 15561 1223 5187 15562 1224 5187 15563 1564 5188 15564 1518 5188 15565 2468 5188 15566 1534 5189 15567 2467 5189 15568 2468 5189 15569 249 5190 15570 1625 5190 15571 1626 5190 15572 698 5191 15573 2058 5191 15574 2057 5191 15575 1111 5192 15576 2448 5192 15577 2447 5192 15578 250 5193 15579 1626 5193 15580 1193 5193 15581 1110 5194 15582 1243 5194 15583 2448 5194 15584 904 5195 15585 2258 5195 15586 2257 5195 15587 907 5196 15588 2259 5196 15589 2258 5196 15590 456 5197 15591 1824 5197 15592 1823 5197 15593 905 5198 15594 2257 5198 15595 2260 5198 15596 108 5199 15597 1554 5199 15598 1553 5199 15599 700 5200 15600 2060 5200 15601 2059 5200 15602 459 5201 15603 1825 5201 15604 1824 5201 15605 906 5202 15606 2260 5202 15607 2259 5202 15608 84 5203 15609 1548 5203 15610 1549 5203 15611 703 5204 15612 2061 5204 15613 2060 5204 15614 457 5205 15615 1823 5205 15616 1826 5205 15617 255 5206 15618 1627 5206 15619 1191 5206 15620 701 5207 15621 2059 5207 15622 2062 5207 15623 458 5208 15624 1826 5208 15625 1825 5208 15626 1112 5209 15627 2449 5209 15628 1242 5209 15629 253 5210 15630 1190 5210 15631 1628 5210 15632 702 5211 15633 2062 5211 15634 2061 5211 15635 1115 5212 15636 2450 5212 15637 2449 5212 15638 254 5213 15639 1628 5213 15640 1627 5213 15641 1114 5214 15642 1241 5214 15643 2450 5214 15644 81 5215 15645 1299 5215 15646 1282 5215 15647 908 5216 15648 2262 5216 15649 2261 5216 15650 911 5217 15651 2263 5217 15652 2262 5217 15653 460 5218 15654 1828 5218 15655 1827 5218 15656 909 5219 15657 2261 5219 15658 2264 5219 15659 107 5220 15660 1555 5220 15661 1554 5220 15662 704 5221 15663 2064 5221 15664 2063 5221 15665 463 5222 15666 1829 5222 15667 1828 5222 15668 910 5223 15669 2264 5223 15670 2263 5223 15671 707 5224 15672 2065 5224 15673 2064 5224 15674 461 5225 15675 1827 5225 15676 1830 5225 15677 256 5226 15678 1630 5226 15679 1629 5226 15680 705 5227 15681 2063 5227 15682 2066 5227 15683 462 5228 15684 1830 5228 15685 1829 5228 15686 1116 5229 15687 2451 5229 15688 1240 5229 15689 259 5230 15690 1631 5230 15691 1630 5230 15692 706 5231 15693 2066 5231 15694 2065 5231 15695 1119 5232 15696 2452 5232 15697 2451 5232 15698 257 5233 15699 1629 5233 15700 1632 5233 15701 1118 5234 15702 1239 5234 15703 2452 5234 15704 258 5235 15705 1632 5235 15706 1631 5235 15707 915 5236 15708 2265 5236 15709 1169 5236 15710 913 5237 15711 1168 5237 15712 2266 5237 15713 464 5238 15714 1832 5238 15715 1831 5238 15716 914 5239 15717 2266 5239 15718 2265 5239 15719 106 5240 15720 1556 5240 15721 1555 5240 15722 708 5241 15723 2068 5241 15724 2067 5241 15725 467 5242 15726 1833 5242 15727 1832 5242 15728 70 5243 15729 1486 5243 15730 1469 5243 15731 711 5244 15732 2069 5244 15733 2068 5244 15734 465 5245 15735 1831 5245 15736 1834 5245 15737 260 5246 15738 1634 5246 15739 1633 5246 15740 709 5247 15741 2067 5247 15742 2070 5247 15743 466 5248 15744 1834 5248 15745 1833 5248 15746 1120 5249 15747 2453 5249 15748 1238 5249 15749 263 5250 15750 1635 5250 15751 1634 5250 15752 710 5251 15753 2070 5251 15754 2069 5251 15755 1123 5252 15756 2454 5252 15757 2453 5252 15758 261 5253 15759 1633 5253 15760 1636 5253 15761 1122 5254 15762 1237 5254 15763 2454 5254 15764 262 5255 15765 1636 5255 15766 1635 5255 15767 916 5256 15768 2268 5256 15769 2267 5256 15770 1153 5257 15771 3398 5257 15772 3402 5257 15773 3401 5258 15774 3404 5258 15775 1153 5258 15776 2469 5259 15777 2493 5259 15778 2494 5259 15779 2492 5260 15780 2516 5260 15781 2505 5260 15782 2476 5261 15783 2500 5261 15784 2501 5261 15785 2473 5262 15786 2497 5262 15787 2498 5262 15788 2480 5263 15789 2504 5263 15790 2493 5263 15791 2470 5264 15792 2494 5264 15793 2495 5264 15794 2477 5265 15795 2501 5265 15796 2502 5265 15797 2474 5266 15798 2498 5266 15799 2499 5266 15800 2471 5267 15801 2495 5267 15802 2496 5267 15803 2478 5268 15804 2502 5268 15805 2503 5268 15806 2475 5269 15807 2499 5269 15808 2500 5269 15809 2472 5270 15810 2496 5270 15811 2497 5270 15812 2479 5271 15813 2503 5271 15814 2504 5271 15815 2482 5272 15816 2494 5272 15817 2493 5272 15818 2483 5273 15819 2495 5273 15820 2494 5273 15821 2484 5274 15822 2496 5274 15823 2495 5274 15824 2485 5275 15825 2497 5275 15826 2496 5275 15827 2486 5276 15828 2498 5276 15829 2497 5276 15830 2487 5277 15831 2499 5277 15832 2498 5277 15833 2488 5278 15834 2500 5278 15835 2499 5278 15836 2489 5279 15837 2501 5279 15838 2500 5279 15839 2490 5280 15840 2502 5280 15841 2501 5280 15842 2491 5281 15843 2503 5281 15844 2502 5281 15845 2492 5282 15846 2504 5282 15847 2503 5282 15848 2481 5283 15849 2493 5283 15850 2504 5283 15851 2482 5284 15852 2506 5284 15853 2507 5284 15854 2489 5285 15855 2513 5285 15856 2514 5285 15857 2486 5286 15858 2510 5286 15859 2511 5286 15860 2483 5287 15861 2507 5287 15862 2508 5287 15863 2490 5288 15864 2514 5288 15865 2515 5288 15866 2487 5289 15867 2511 5289 15868 2512 5289 15869 2484 5290 15870 2508 5290 15871 2509 5290 15872 2491 5291 15873 2515 5291 15874 2516 5291 15875 2481 5292 15876 2505 5292 15877 2506 5292 15878 2488 5293 15879 2512 5293 15880 2513 5293 15881 2485 5294 15882 2509 5294 15883 2510 5294 15884 3210 5295 15885 3211 5295 15886 2732 5295 15887 2626 5296 15888 3106 5296 15889 3108 5296 15890 3209 5297 15891 3210 5297 15892 2729 5297 15893 3003 5298 15894 3004 5298 15895 2523 5298 15896 2628 5299 15897 3107 5299 15898 3105 5299 15899 3004 5300 15900 3001 5300 15901 2522 5300 15902 2625 5301 15903 3105 5301 15904 3106 5301 15905 3002 5302 15906 3003 5302 15907 2524 5302 15908 3311 5303 15909 3312 5303 15910 2831 5303 15911 3001 5304 15912 3002 5304 15913 2521 5304 15914 3312 5305 15915 3309 5305 15916 2830 5305 15917 3207 5306 15918 3208 5306 15919 2727 5306 15920 3310 5307 15921 3311 5307 15922 2832 5307 15923 3208 5308 15924 3205 5308 15925 2726 5308 15926 3309 5309 15927 3310 5309 15928 2829 5309 15929 2623 5310 15930 3104 5310 15931 3103 5310 15932 3206 5311 15933 3207 5311 15934 2728 5311 15935 2622 5312 15936 3102 5312 15937 3104 5312 15938 3205 5313 15939 3206 5313 15940 2725 5313 15941 2999 5314 15942 3000 5314 15943 2519 5314 15944 2624 5315 15945 3103 5315 15946 3101 5315 15947 3000 5316 15948 2997 5316 15949 2518 5316 15950 2621 5317 15951 3101 5317 15952 3102 5317 15953 2998 5318 15954 2999 5318 15955 2520 5318 15956 3307 5319 15957 3308 5319 15958 2827 5319 15959 2997 5320 15960 2998 5320 15961 2517 5320 15962 3308 5321 15963 3305 5321 15964 2826 5321 15965 3203 5322 15966 3204 5322 15967 2723 5322 15968 3306 5323 15969 3307 5323 15970 2828 5323 15971 3204 5324 15972 3201 5324 15973 2722 5324 15974 3305 5325 15975 3306 5325 15976 2825 5325 15977 2619 5326 15978 3100 5326 15979 3099 5326 15980 3202 5327 15981 3203 5327 15982 2724 5327 15983 2618 5328 15984 3098 5328 15985 3100 5328 15986 3201 5329 15987 3202 5329 15988 2721 5329 15989 2620 5330 15990 3099 5330 15991 3097 5330 15992 2617 5331 15993 3097 5331 15994 3098 5331 15995 3303 5332 15996 3304 5332 15997 2823 5332 15998 3304 5333 15999 3301 5333 16000 2822 5333 16001 3199 5334 16002 3200 5334 16003 2719 5334 16004 3302 5335 16005 3303 5335 16006 2824 5335 16007 3200 5336 16008 3197 5336 16009 2718 5336 16010 3301 5337 16011 3302 5337 16012 2821 5337 16013 2615 5338 16014 3096 5338 16015 3095 5338 16016 3198 5339 16017 3199 5339 16018 2720 5339 16019 2614 5340 16020 3094 5340 16021 3096 5340 16022 3197 5341 16023 3198 5341 16024 2717 5341 16025 2616 5342 16026 3095 5342 16027 3093 5342 16028 2613 5343 16029 3093 5343 16030 3094 5343 16031 3299 5344 16032 3300 5344 16033 2819 5344 16034 3300 5345 16035 3297 5345 16036 2818 5345 16037 3195 5346 16038 3196 5346 16039 2715 5346 16040 3298 5347 16041 3299 5347 16042 2820 5347 16043 3196 5348 16044 3193 5348 16045 2714 5348 16046 3297 5349 16047 3298 5349 16048 2817 5349 16049 2611 5350 16050 3092 5350 16051 3091 5350 16052 3194 5351 16053 3195 5351 16054 2716 5351 16055 2610 5352 16056 3090 5352 16057 3092 5352 16058 3193 5353 16059 3194 5353 16060 2713 5353 16061 2612 5354 16062 3091 5354 16063 3089 5354 16064 2609 5355 16065 3089 5355 16066 3090 5355 16067 3295 5356 16068 3296 5356 16069 2815 5356 16070 3296 5357 16071 3293 5357 16072 2814 5357 16073 3191 5358 16074 3192 5358 16075 2711 5358 16076 3294 5359 16077 3295 5359 16078 2816 5359 16079 3192 5360 16080 3189 5360 16081 2710 5360 16082 3293 5361 16083 3294 5361 16084 2813 5361 16085 2607 5362 16086 3088 5362 16087 3087 5362 16088 3190 5363 16089 3191 5363 16090 2712 5363 16091 2606 5364 16092 3086 5364 16093 3088 5364 16094 3189 5365 16095 3190 5365 16096 2709 5365 16097 2608 5366 16098 3087 5366 16099 3085 5366 16100 2605 5367 16101 3085 5367 16102 3086 5367 16103 3291 5368 16104 3292 5368 16105 2811 5368 16106 3292 5369 16107 3289 5369 16108 2810 5369 16109 3187 5370 16110 3188 5370 16111 2707 5370 16112 3290 5371 16113 3291 5371 16114 2812 5371 16115 3188 5372 16116 3185 5372 16117 2706 5372 16118 3289 5373 16119 3290 5373 16120 2809 5373 16121 2603 5374 16122 3084 5374 16123 3083 5374 16124 3186 5375 16125 3187 5375 16126 2708 5375 16127 2602 5376 16128 3082 5376 16129 3084 5376 16130 3185 5377 16131 3186 5377 16132 2705 5377 16133 2604 5378 16134 3083 5378 16135 3081 5378 16136 2601 5379 16137 3081 5379 16138 3082 5379 16139 3287 5380 16140 3288 5380 16141 2807 5380 16142 3288 5381 16143 3285 5381 16144 2806 5381 16145 3183 5382 16146 3184 5382 16147 2703 5382 16148 3286 5383 16149 3287 5383 16150 2808 5383 16151 3184 5384 16152 3181 5384 16153 2702 5384 16154 3285 5385 16155 3286 5385 16156 2805 5385 16157 3079 5386 16158 3080 5386 16159 2599 5386 16160 3182 5387 16161 3183 5387 16162 2704 5387 16163 3080 5388 16164 3078 5388 16165 2598 5388 16166 3181 5389 16167 3182 5389 16168 2701 5389 16169 3077 5390 16170 3079 5390 16171 2600 5390 16172 3078 5391 16173 3077 5391 16174 2597 5391 16175 3283 5392 16176 3284 5392 16177 2803 5392 16178 3284 5393 16179 3281 5393 16180 2802 5393 16181 3179 5394 16182 3180 5394 16183 2699 5394 16184 3282 5395 16185 3283 5395 16186 2804 5395 16187 3180 5396 16188 3177 5396 16189 2698 5396 16190 3281 5397 16191 3282 5397 16192 2801 5397 16193 3075 5398 16194 3076 5398 16195 2595 5398 16196 3178 5399 16197 3179 5399 16198 2700 5399 16199 3076 5400 16200 3074 5400 16201 2594 5400 16202 3177 5401 16203 3178 5401 16204 2697 5401 16205 3073 5402 16206 3075 5402 16207 2596 5402 16208 3074 5403 16209 3073 5403 16210 2593 5403 16211 3279 5404 16212 3280 5404 16213 2799 5404 16214 3280 5405 16215 3277 5405 16216 2798 5405 16217 3175 5406 16218 3176 5406 16219 2695 5406 16220 3278 5407 16221 3279 5407 16222 2800 5407 16223 3176 5408 16224 3174 5408 16225 2694 5408 16226 3277 5409 16227 3278 5409 16228 2797 5409 16229 3071 5410 16230 3072 5410 16231 2591 5410 16232 3173 5411 16233 3175 5411 16234 2696 5411 16235 3072 5412 16236 3070 5412 16237 2590 5412 16238 3174 5413 16239 3173 5413 16240 2693 5413 16241 3069 5414 16242 3071 5414 16243 2592 5414 16244 3379 5415 16245 3380 5415 16246 2899 5415 16247 3070 5416 16248 3069 5416 16249 2589 5416 16250 3380 5417 16251 3377 5417 16252 2898 5417 16253 3275 5418 16254 3276 5418 16255 2795 5418 16256 3378 5419 16257 3379 5419 16258 2900 5419 16259 3276 5420 16260 3273 5420 16261 2794 5420 16262 3377 5421 16263 3378 5421 16264 2897 5421 16265 3171 5422 16266 3172 5422 16267 2691 5422 16268 3274 5423 16269 3275 5423 16270 2796 5423 16271 3172 5424 16272 3170 5424 16273 2690 5424 16274 3273 5425 16275 3274 5425 16276 2793 5425 16277 3067 5426 16278 3068 5426 16279 2587 5426 16280 3169 5427 16281 3171 5427 16282 2692 5427 16283 3068 5428 16284 3066 5428 16285 2586 5428 16286 3170 5429 16287 3169 5429 16288 2689 5429 16289 3065 5430 16290 3067 5430 16291 2588 5430 16292 3375 5431 16293 3376 5431 16294 2895 5431 16295 3066 5432 16296 3065 5432 16297 2585 5432 16298 3376 5433 16299 3373 5433 16300 2894 5433 16301 3271 5434 16302 3272 5434 16303 2791 5434 16304 3374 5435 16305 3375 5435 16306 2896 5435 16307 3272 5436 16308 3269 5436 16309 2790 5436 16310 3373 5437 16311 3374 5437 16312 2893 5437 16313 3167 5438 16314 3168 5438 16315 2687 5438 16316 3270 5439 16317 3271 5439 16318 2792 5439 16319 3168 5440 16320 3166 5440 16321 2686 5440 16322 3269 5441 16323 3270 5441 16324 2789 5441 16325 3063 5442 16326 3064 5442 16327 2583 5442 16328 3165 5443 16329 3167 5443 16330 2688 5443 16331 3064 5444 16332 3062 5444 16333 2582 5444 16334 3166 5445 16335 3165 5445 16336 2685 5445 16337 3061 5446 16338 3063 5446 16339 2584 5446 16340 3371 5447 16341 3372 5447 16342 2891 5447 16343 3062 5448 16344 3061 5448 16345 2581 5448 16346 3372 5449 16347 3369 5449 16348 2890 5449 16349 3267 5450 16350 3268 5450 16351 2787 5450 16352 3370 5451 16353 3371 5451 16354 2892 5451 16355 3268 5452 16356 3265 5452 16357 2786 5452 16358 3369 5453 16359 3370 5453 16360 2889 5453 16361 3163 5454 16362 3164 5454 16363 2683 5454 16364 3266 5455 16365 3267 5455 16366 2788 5455 16367 3164 5456 16368 3162 5456 16369 2682 5456 16370 3265 5457 16371 3266 5457 16372 2785 5457 16373 3059 5458 16374 3060 5458 16375 2579 5458 16376 3161 5459 16377 3163 5459 16378 2684 5459 16379 3060 5460 16380 3058 5460 16381 2578 5460 16382 3162 5461 16383 3161 5461 16384 2681 5461 16385 3057 5462 16386 3059 5462 16387 2580 5462 16388 3367 5463 16389 3368 5463 16390 2887 5463 16391 3058 5464 16392 3057 5464 16393 2577 5464 16394 3368 5465 16395 3365 5465 16396 2886 5465 16397 3263 5466 16398 3264 5466 16399 2783 5466 16400 3366 5467 16401 3367 5467 16402 2888 5467 16403 3264 5468 16404 3262 5468 16405 2782 5468 16406 3365 5469 16407 3366 5469 16408 2885 5469 16409 3159 5470 16410 3160 5470 16411 2679 5470 16412 3261 5471 16413 3263 5471 16414 2784 5471 16415 3160 5472 16416 3158 5472 16417 2678 5472 16418 3262 5473 16419 3261 5473 16420 2781 5473 16421 3055 5474 16422 3056 5474 16423 2575 5474 16424 3157 5475 16425 3159 5475 16426 2680 5475 16427 3056 5476 16428 3054 5476 16429 2574 5476 16430 3158 5477 16431 3157 5477 16432 2677 5477 16433 3053 5478 16434 3055 5478 16435 2576 5478 16436 3363 5479 16437 3364 5479 16438 2883 5479 16439 3054 5480 16440 3053 5480 16441 2573 5480 16442 3364 5481 16443 3361 5481 16444 2882 5481 16445 3259 5482 16446 3260 5482 16447 2779 5482 16448 3362 5483 16449 3363 5483 16450 2884 5483 16451 2996 5484 16452 2902 5484 16453 2924 5484 16454 2924 5485 16455 2932 5485 16456 2940 5485 16457 2940 5486 16458 2948 5486 16459 2956 5486 16460 2956 5487 16461 2916 5487 16462 2940 5487 16463 2916 5488 16464 2964 5488 16465 2940 5488 16466 2964 5489 16467 2972 5489 16468 2980 5489 16469 2980 5490 16470 2988 5490 16471 2996 5490 16472 2996 5491 16473 2924 5491 16474 2940 5491 16475 2964 5492 16476 2980 5492 16477 2996 5492 16478 3260 5493 16479 3258 5493 16480 2778 5493 16481 3361 5494 16482 3362 5494 16483 2881 5494 16484 3155 5495 16485 3156 5495 16486 2675 5495 16487 3257 5496 16488 3259 5496 16489 2780 5496 16490 3156 5497 16491 3154 5497 16492 2674 5497 16493 3258 5498 16494 3257 5498 16495 2777 5498 16496 3051 5499 16497 3052 5499 16498 2571 5499 16499 3153 5500 16500 3155 5500 16501 2676 5500 16502 3052 5501 16503 3050 5501 16504 2570 5501 16505 3154 5502 16506 3153 5502 16507 2673 5502 16508 3049 5503 16509 3051 5503 16510 2572 5503 16511 3359 5504 16512 3360 5504 16513 2879 5504 16514 3050 5505 16515 3049 5505 16516 2569 5505 16517 3360 5506 16518 3357 5506 16519 2878 5506 16520 3255 5507 16521 3256 5507 16522 2775 5507 16523 3358 5508 16524 3359 5508 16525 2880 5508 16526 3256 5509 16527 3254 5509 16528 2774 5509 16529 3357 5510 16530 3358 5510 16531 2877 5510 16532 3151 5511 16533 3152 5511 16534 2671 5511 16535 3253 5512 16536 3255 5512 16537 2776 5512 16538 3152 5513 16539 3150 5513 16540 2670 5513 16541 3254 5514 16542 3253 5514 16543 2773 5514 16544 3047 5515 16545 3048 5515 16546 2567 5515 16547 3149 5516 16548 3151 5516 16549 2672 5516 16550 3048 5517 16551 3046 5517 16552 2566 5517 16553 3150 5518 16554 3149 5518 16555 2669 5518 16556 3045 5519 16557 3047 5519 16558 2568 5519 16559 3355 5520 16560 3356 5520 16561 2875 5520 16562 3046 5521 16563 3045 5521 16564 2565 5521 16565 3356 5522 16566 3353 5522 16567 2874 5522 16568 3251 5523 16569 3252 5523 16570 2771 5523 16571 3354 5524 16572 3355 5524 16573 2876 5524 16574 3252 5525 16575 3250 5525 16576 2770 5525 16577 3353 5526 16578 3354 5526 16579 2873 5526 16580 3147 5527 16581 3148 5527 16582 2667 5527 16583 3249 5528 16584 3251 5528 16585 2772 5528 16586 3148 5529 16587 3146 5529 16588 2666 5529 16589 3250 5530 16590 3249 5530 16591 2769 5530 16592 3043 5531 16593 3044 5531 16594 2563 5531 16595 3145 5532 16596 3147 5532 16597 2668 5532 16598 3044 5533 16599 3042 5533 16600 2562 5533 16601 3146 5534 16602 3145 5534 16603 2665 5534 16604 3041 5535 16605 3043 5535 16606 2564 5535 16607 3351 5536 16608 3352 5536 16609 2871 5536 16610 3042 5537 16611 3041 5537 16612 2561 5537 16613 3352 5538 16614 3350 5538 16615 2870 5538 16616 3247 5539 16617 3248 5539 16618 2767 5539 16619 3349 5540 16620 3351 5540 16621 2872 5540 16622 3248 5541 16623 3246 5541 16624 2766 5541 16625 3350 5542 16626 3349 5542 16627 2869 5542 16628 2663 5543 16629 3144 5543 16630 3143 5543 16631 3245 5544 16632 3247 5544 16633 2768 5544 16634 2662 5545 16635 3142 5545 16636 3144 5545 16637 3246 5546 16638 3245 5546 16639 2765 5546 16640 3039 5547 16641 3040 5547 16642 2559 5547 16643 2664 5548 16644 3143 5548 16645 3141 5548 16646 3040 5549 16647 3038 5549 16648 2558 5549 16649 2661 5550 16650 3141 5550 16651 3142 5550 16652 3037 5551 16653 3039 5551 16654 2560 5551 16655 3347 5552 16656 3348 5552 16657 2867 5552 16658 3038 5553 16659 3037 5553 16660 2557 5553 16661 3348 5554 16662 3346 5554 16663 2866 5554 16664 3243 5555 16665 3244 5555 16666 2763 5555 16667 3345 5556 16668 3347 5556 16669 2868 5556 16670 3244 5557 16671 3242 5557 16672 2762 5557 16673 3346 5558 16674 3345 5558 16675 2865 5558 16676 2659 5559 16677 3140 5559 16678 3139 5559 16679 3241 5560 16680 3243 5560 16681 2764 5560 16682 2658 5561 16683 3138 5561 16684 3140 5561 16685 3242 5562 16686 3241 5562 16687 2761 5562 16688 3035 5563 16689 3036 5563 16690 2555 5563 16691 2660 5564 16692 3139 5564 16693 3137 5564 16694 3036 5565 16695 3034 5565 16696 2554 5565 16697 2657 5566 16698 3137 5566 16699 3138 5566 16700 3033 5567 16701 3035 5567 16702 2556 5567 16703 3343 5568 16704 3344 5568 16705 2863 5568 16706 3034 5569 16707 3033 5569 16708 2553 5569 16709 3344 5570 16710 3342 5570 16711 2862 5570 16712 3239 5571 16713 3240 5571 16714 2759 5571 16715 3341 5572 16716 3343 5572 16717 2864 5572 16718 3240 5573 16719 3238 5573 16720 2758 5573 16721 3342 5574 16722 3341 5574 16723 2861 5574 16724 2655 5575 16725 3136 5575 16726 3135 5575 16727 3237 5576 16728 3239 5576 16729 2760 5576 16730 2654 5577 16731 3134 5577 16732 3136 5577 16733 3238 5578 16734 3237 5578 16735 2757 5578 16736 3031 5579 16737 3032 5579 16738 2551 5579 16739 2656 5580 16740 3135 5580 16741 3133 5580 16742 3032 5581 16743 3030 5581 16744 2550 5581 16745 2653 5582 16746 3133 5582 16747 3134 5582 16748 3029 5583 16749 3031 5583 16750 2552 5583 16751 3339 5584 16752 3340 5584 16753 2859 5584 16754 3030 5585 16755 3029 5585 16756 2549 5585 16757 3340 5586 16758 3338 5586 16759 2858 5586 16760 3235 5587 16761 3236 5587 16762 2755 5587 16763 3337 5588 16764 3339 5588 16765 2860 5588 16766 3236 5589 16767 3234 5589 16768 2754 5589 16769 3338 5590 16770 3337 5590 16771 2857 5590 16772 2651 5591 16773 3132 5591 16774 3131 5591 16775 3233 5592 16776 3235 5592 16777 2756 5592 16778 2650 5593 16779 3130 5593 16780 3132 5593 16781 3234 5594 16782 3233 5594 16783 2753 5594 16784 3027 5595 16785 3028 5595 16786 2547 5595 16787 2652 5596 16788 3131 5596 16789 3129 5596 16790 3028 5597 16791 3026 5597 16792 2546 5597 16793 2649 5598 16794 3129 5598 16795 3130 5598 16796 3025 5599 16797 3027 5599 16798 2548 5599 16799 3335 5600 16800 3336 5600 16801 2855 5600 16802 3026 5601 16803 3025 5601 16804 2545 5601 16805 3336 5602 16806 3334 5602 16807 2854 5602 16808 3231 5603 16809 3232 5603 16810 2751 5603 16811 3333 5604 16812 3335 5604 16813 2856 5604 16814 3232 5605 16815 3229 5605 16816 2750 5605 16817 3334 5606 16818 3333 5606 16819 2853 5606 16820 2647 5607 16821 3128 5607 16822 3127 5607 16823 3230 5608 16824 3231 5608 16825 2752 5608 16826 2646 5609 16827 3126 5609 16828 3128 5609 16829 3229 5610 16830 3230 5610 16831 2749 5610 16832 3023 5611 16833 3024 5611 16834 2543 5611 16835 2648 5612 16836 3127 5612 16837 3125 5612 16838 3024 5613 16839 3022 5613 16840 2542 5613 16841 2645 5614 16842 3125 5614 16843 3126 5614 16844 3021 5615 16845 3023 5615 16846 2544 5615 16847 3331 5616 16848 3332 5616 16849 2851 5616 16850 3022 5617 16851 3021 5617 16852 2541 5617 16853 3332 5618 16854 3330 5618 16855 2850 5618 16856 3227 5619 16857 3228 5619 16858 2747 5619 16859 3329 5620 16860 3331 5620 16861 2852 5620 16862 3228 5621 16863 3225 5621 16864 2746 5621 16865 3330 5622 16866 3329 5622 16867 2849 5622 16868 2643 5623 16869 3124 5623 16870 3123 5623 16871 3226 5624 16872 3227 5624 16873 2748 5624 16874 2642 5625 16875 3122 5625 16876 3124 5625 16877 3225 5626 16878 3226 5626 16879 2745 5626 16880 3019 5627 16881 3020 5627 16882 2539 5627 16883 2644 5628 16884 3123 5628 16885 3121 5628 16886 3020 5629 16887 3018 5629 16888 2538 5629 16889 2641 5630 16890 3121 5630 16891 3122 5630 16892 3017 5631 16893 3019 5631 16894 2540 5631 16895 3327 5632 16896 3328 5632 16897 2847 5632 16898 3018 5633 16899 3017 5633 16900 2537 5633 16901 3328 5634 16902 3326 5634 16903 2846 5634 16904 3223 5635 16905 3224 5635 16906 2743 5635 16907 3325 5636 16908 3327 5636 16909 2848 5636 16910 3224 5637 16911 3221 5637 16912 2742 5637 16913 3326 5638 16914 3325 5638 16915 2845 5638 16916 2639 5639 16917 3120 5639 16918 3119 5639 16919 3222 5640 16920 3223 5640 16921 2744 5640 16922 2638 5641 16923 3118 5641 16924 3120 5641 16925 3221 5642 16926 3222 5642 16927 2741 5642 16928 3015 5643 16929 3016 5643 16930 2535 5643 16931 2640 5644 16932 3119 5644 16933 3117 5644 16934 3016 5645 16935 3013 5645 16936 2534 5645 16937 2637 5646 16938 3117 5646 16939 3118 5646 16940 3014 5647 16941 3015 5647 16942 2536 5647 16943 3323 5648 16944 3324 5648 16945 2843 5648 16946 3013 5649 16947 3014 5649 16948 2533 5649 16949 3324 5650 16950 3322 5650 16951 2842 5650 16952 3219 5651 16953 3220 5651 16954 2739 5651 16955 3321 5652 16956 3323 5652 16957 2844 5652 16958 3220 5653 16959 3217 5653 16960 2738 5653 16961 3322 5654 16962 3321 5654 16963 2841 5654 16964 2635 5655 16965 3116 5655 16966 3115 5655 16967 3218 5656 16968 3219 5656 16969 2740 5656 16970 2634 5657 16971 3114 5657 16972 3116 5657 16973 3217 5658 16974 3218 5658 16975 2737 5658 16976 3011 5659 16977 3012 5659 16978 2531 5659 16979 2636 5660 16980 3115 5660 16981 3113 5660 16982 3012 5661 16983 3009 5661 16984 2530 5661 16985 2633 5662 16986 3113 5662 16987 3114 5662 16988 3010 5663 16989 3011 5663 16990 2532 5663 16991 2917 5664 16992 2998 5664 16993 2997 5664 16994 2997 5665 16995 3000 5665 16996 2489 5665 16997 3000 5666 16998 2999 5666 16999 2901 5666 17000 2999 5667 17001 2998 5667 17002 2917 5667 17003 2933 5668 17004 3002 5668 17005 3001 5668 17006 3001 5669 17007 3004 5669 17008 2487 5669 17009 3004 5670 17010 3003 5670 17011 2925 5670 17012 3003 5671 17013 3002 5671 17014 2933 5671 17015 2941 5672 17016 3006 5672 17017 3005 5672 17018 3005 5673 17019 3008 5673 17020 2486 5673 17021 3008 5674 17022 3007 5674 17023 2933 5674 17024 3007 5675 17025 3006 5675 17026 2941 5675 17027 2909 5676 17028 3010 5676 17029 3009 5676 17030 3009 5677 17031 3012 5677 17032 2484 5677 17033 3012 5678 17034 3011 5678 17035 2949 5678 17036 3011 5679 17037 3010 5679 17038 2909 5679 17039 2957 5680 17040 3014 5680 17041 3013 5680 17042 3013 5681 17043 3016 5681 17044 2483 5681 17045 3016 5682 17046 3015 5682 17047 2909 5682 17048 3015 5683 17049 3014 5683 17050 2957 5683 17051 2901 5684 17052 3017 5684 17053 3018 5684 17054 3018 5685 17055 3020 5685 17056 2490 5685 17057 3020 5686 17058 3019 5686 17059 2989 5686 17060 3019 5687 17061 3017 5687 17062 2901 5687 17063 2902 5688 17064 3021 5688 17065 3022 5688 17066 3022 5689 17067 3024 5689 17068 2995 5689 17069 3024 5690 17070 3023 5690 17071 2996 5690 17072 3023 5691 17073 3021 5691 17074 2902 5691 17075 2903 5692 17076 3025 5692 17077 3026 5692 17078 3026 5693 17079 3028 5693 17080 2994 5693 17081 3028 5694 17082 3027 5694 17083 2995 5694 17084 2995 5695 17085 3027 5695 17086 3025 5695 17087 2904 5696 17088 3029 5696 17089 3030 5696 17090 3030 5697 17091 3032 5697 17092 2993 5697 17093 3032 5698 17094 3031 5698 17095 2994 5698 17096 2994 5699 17097 3031 5699 17098 3029 5699 17099 2905 5700 17100 3033 5700 17101 3034 5700 17102 2906 5701 17103 3034 5701 17104 3036 5701 17105 3036 5702 17106 3035 5702 17107 2993 5702 17108 3035 5703 17109 3033 5703 17110 2905 5703 17111 2906 5704 17112 3037 5704 17113 3038 5704 17114 3038 5705 17115 3040 5705 17116 2991 5705 17117 3040 5706 17118 3039 5706 17119 2992 5706 17120 3039 5707 17121 3037 5707 17122 2906 5707 17123 2907 5708 17124 3041 5708 17125 3042 5708 17126 3042 5709 17127 3044 5709 17128 2990 5709 17129 3044 5710 17130 3043 5710 17131 2991 5710 17132 3043 5711 17133 3041 5711 17134 2907 5711 17135 2908 5712 17136 3045 5712 17137 3046 5712 17138 3046 5713 17139 3048 5713 17140 2989 5713 17141 3048 5714 17142 3047 5714 17143 2990 5714 17144 3047 5715 17145 3045 5715 17146 2908 5715 17147 3049 5716 17148 3050 5716 17149 2981 5716 17150 3050 5717 17151 3052 5717 17152 2989 5717 17153 2989 5718 17154 3052 5718 17155 3051 5718 17156 3051 5719 17157 3049 5719 17158 2491 5719 17159 3053 5720 17160 3054 5720 17161 2982 5720 17162 3054 5721 17163 3056 5721 17164 2990 5721 17165 2990 5722 17166 3056 5722 17167 3055 5722 17168 3055 5723 17169 3053 5723 17170 2981 5723 17171 3057 5724 17172 3058 5724 17173 2983 5724 17174 3058 5725 17175 3060 5725 17176 2991 5725 17177 2991 5726 17178 3060 5726 17179 3059 5726 17180 3059 5727 17181 3057 5727 17182 2982 5727 17183 3061 5728 17184 3062 5728 17185 2984 5728 17186 2984 5729 17187 3062 5729 17188 3064 5729 17189 2992 5730 17190 3064 5730 17191 3063 5730 17192 3063 5731 17193 3061 5731 17194 2983 5731 17195 3065 5732 17196 3066 5732 17197 2985 5732 17198 3066 5733 17199 3068 5733 17200 2993 5733 17201 2993 5734 17202 3068 5734 17203 3067 5734 17204 3067 5735 17205 3065 5735 17206 2984 5735 17207 3069 5736 17208 3070 5736 17209 2986 5736 17210 3070 5737 17211 3072 5737 17212 2994 5737 17213 2994 5738 17214 3072 5738 17215 3071 5738 17216 3071 5739 17217 3069 5739 17218 2985 5739 17219 3073 5740 17220 3074 5740 17221 2987 5740 17222 3074 5741 17223 3076 5741 17224 2995 5741 17225 2995 5742 17226 3076 5742 17227 3075 5742 17228 3075 5743 17229 3073 5743 17230 2986 5743 17231 3077 5744 17232 3078 5744 17233 2988 5744 17234 2988 5745 17235 3078 5745 17236 3080 5745 17237 2996 5746 17238 3080 5746 17239 3079 5746 17240 2995 5747 17241 3079 5747 17242 3077 5747 17243 2981 5748 17244 3082 5748 17245 3081 5748 17246 2973 5749 17247 3084 5749 17248 3082 5749 17249 2973 5750 17250 2492 5750 17251 3083 5750 17252 2491 5751 17253 3081 5751 17254 3083 5751 17255 2982 5752 17256 3086 5752 17257 3085 5752 17258 2974 5753 17259 3088 5753 17260 3086 5753 17261 2974 5754 17262 2973 5754 17263 3087 5754 17264 2981 5755 17265 3085 5755 17266 3087 5755 17267 2983 5756 17268 3090 5756 17269 3089 5756 17270 2975 5757 17271 3092 5757 17272 3090 5757 17273 2975 5758 17274 2974 5758 17275 3091 5758 17276 2982 5759 17277 3089 5759 17278 3091 5759 17279 2984 5760 17280 3094 5760 17281 3093 5760 17282 2976 5761 17283 3096 5761 17284 3094 5761 17285 2976 5762 17286 2975 5762 17287 3095 5762 17288 2983 5763 17289 3093 5763 17290 3095 5763 17291 2985 5764 17292 3098 5764 17293 3097 5764 17294 2985 5765 17295 2977 5765 17296 3100 5765 17297 2977 5766 17298 2976 5766 17299 3099 5766 17300 2984 5767 17301 3097 5767 17302 3099 5767 17303 2986 5768 17304 3102 5768 17305 3101 5768 17306 2978 5769 17307 3104 5769 17308 3102 5769 17309 2978 5770 17310 2977 5770 17311 3103 5770 17312 2985 5771 17313 3101 5771 17314 3103 5771 17315 2987 5772 17316 3106 5772 17317 3105 5772 17318 2979 5773 17319 3108 5773 17320 3106 5773 17321 2979 5774 17322 2978 5774 17323 3107 5774 17324 2986 5775 17325 3105 5775 17326 3107 5775 17327 2988 5776 17328 3110 5776 17329 3109 5776 17330 2980 5777 17331 3112 5777 17332 3110 5777 17333 2980 5778 17334 2979 5778 17335 3111 5778 17336 2987 5779 17337 3109 5779 17338 3111 5779 17339 2973 5780 17340 3114 5780 17341 3113 5780 17342 2965 5781 17343 3116 5781 17344 3114 5781 17345 2965 5782 17346 2481 5782 17347 3115 5782 17348 2492 5783 17349 3113 5783 17350 3115 5783 17351 2974 5784 17352 3118 5784 17353 3117 5784 17354 2966 5785 17355 3120 5785 17356 3118 5785 17357 2966 5786 17358 2965 5786 17359 3119 5786 17360 2973 5787 17361 3117 5787 17362 3119 5787 17363 2975 5788 17364 3122 5788 17365 3121 5788 17366 2967 5789 17367 3124 5789 17368 3122 5789 17369 2967 5790 17370 2966 5790 17371 3123 5790 17372 2974 5791 17373 3121 5791 17374 3123 5791 17375 2976 5792 17376 3126 5792 17377 3125 5792 17378 2976 5793 17379 2968 5793 17380 3128 5793 17381 2968 5794 17382 2967 5794 17383 3127 5794 17384 2975 5795 17385 3125 5795 17386 3127 5795 17387 2977 5796 17388 3130 5796 17389 3129 5796 17390 2969 5797 17391 3132 5797 17392 3130 5797 17393 2969 5798 17394 2968 5798 17395 3131 5798 17396 2976 5799 17397 3129 5799 17398 3131 5799 17399 2978 5800 17400 3134 5800 17401 3133 5800 17402 2970 5801 17403 3136 5801 17404 3134 5801 17405 2970 5802 17406 2969 5802 17407 3135 5802 17408 2977 5803 17409 3133 5803 17410 3135 5803 17411 2979 5804 17412 3138 5804 17413 3137 5804 17414 2971 5805 17415 3140 5805 17416 3138 5805 17417 2971 5806 17418 2970 5806 17419 3139 5806 17420 2978 5807 17421 3137 5807 17422 3139 5807 17423 2980 5808 17424 3142 5808 17425 3141 5808 17426 2980 5809 17427 2972 5809 17428 3144 5809 17429 2972 5810 17430 2971 5810 17431 3143 5810 17432 2971 5811 17433 2979 5811 17434 3141 5811 17435 3145 5812 17436 3146 5812 17437 2957 5812 17438 3146 5813 17439 3148 5813 17440 2965 5813 17441 2965 5814 17442 3148 5814 17443 3147 5814 17444 3147 5815 17445 3145 5815 17446 2482 5815 17447 3149 5816 17448 3150 5816 17449 2958 5816 17450 3150 5817 17451 3152 5817 17452 2966 5817 17453 2966 5818 17454 3152 5818 17455 3151 5818 17456 3151 5819 17457 3149 5819 17458 2957 5819 17459 3153 5820 17460 3154 5820 17461 2959 5820 17462 3154 5821 17463 3156 5821 17464 2967 5821 17465 2967 5822 17466 3156 5822 17467 3155 5822 17468 3155 5823 17469 3153 5823 17470 2958 5823 17471 3157 5824 17472 3158 5824 17473 2960 5824 17474 2960 5825 17475 3158 5825 17476 3160 5825 17477 2968 5826 17478 3160 5826 17479 3159 5826 17480 3159 5827 17481 3157 5827 17482 2959 5827 17483 3161 5828 17484 3162 5828 17485 2961 5828 17486 2961 5829 17487 3162 5829 17488 3164 5829 17489 2969 5830 17490 3164 5830 17491 3163 5830 17492 3163 5831 17493 3161 5831 17494 2960 5831 17495 3165 5832 17496 3166 5832 17497 2962 5832 17498 3166 5833 17499 3168 5833 17500 2970 5833 17501 2970 5834 17502 3168 5834 17503 3167 5834 17504 3167 5835 17505 3165 5835 17506 2961 5835 17507 3169 5836 17508 3170 5836 17509 2963 5836 17510 2963 5837 17511 3170 5837 17512 3172 5837 17513 2971 5838 17514 3172 5838 17515 3171 5838 17516 3171 5839 17517 3169 5839 17518 2962 5839 17519 3173 5840 17520 3174 5840 17521 2964 5840 17522 3174 5841 17523 3176 5841 17524 2972 5841 17525 2972 5842 17526 3176 5842 17527 3175 5842 17528 3175 5843 17529 3173 5843 17530 2963 5843 17531 2964 5844 17532 3178 5844 17533 3177 5844 17534 3177 5845 17535 3180 5845 17536 2915 5845 17537 3180 5846 17538 3179 5846 17539 2916 5846 17540 3179 5847 17541 3178 5847 17542 2964 5847 17543 2963 5848 17544 3182 5848 17545 3181 5848 17546 3181 5849 17547 3184 5849 17548 2914 5849 17549 3184 5850 17550 3183 5850 17551 2915 5850 17552 3183 5851 17553 3182 5851 17554 2963 5851 17555 2962 5852 17556 3186 5852 17557 3185 5852 17558 3185 5853 17559 3188 5853 17560 2913 5853 17561 3188 5854 17562 3187 5854 17563 2914 5854 17564 3187 5855 17565 3186 5855 17566 2962 5855 17567 2961 5856 17568 3190 5856 17569 3189 5856 17570 3189 5857 17571 3192 5857 17572 2912 5857 17573 3192 5858 17574 3191 5858 17575 2913 5858 17576 2913 5859 17577 3191 5859 17578 3190 5859 17579 2960 5860 17580 3194 5860 17581 3193 5860 17582 3193 5861 17583 3196 5861 17584 2911 5861 17585 3196 5862 17586 3195 5862 17587 2912 5862 17588 3195 5863 17589 3194 5863 17590 2960 5863 17591 2959 5864 17592 3198 5864 17593 3197 5864 17594 3197 5865 17595 3200 5865 17596 2910 5865 17597 3200 5866 17598 3199 5866 17599 2911 5866 17600 3199 5867 17601 3198 5867 17602 2959 5867 17603 2958 5868 17604 3202 5868 17605 3201 5868 17606 3201 5869 17607 3204 5869 17608 2909 5869 17609 3204 5870 17610 3203 5870 17611 2910 5870 17612 3203 5871 17613 3202 5871 17614 2958 5871 17615 2916 5872 17616 3206 5872 17617 3205 5872 17618 3205 5873 17619 3208 5873 17620 2955 5873 17621 3208 5874 17622 3207 5874 17623 2956 5874 17624 3207 5875 17625 3206 5875 17626 2916 5875 17627 2915 5876 17628 3210 5876 17629 3209 5876 17630 3209 5877 17631 3212 5877 17632 2954 5877 17633 3212 5878 17634 3211 5878 17635 2955 5878 17636 2955 5879 17637 3211 5879 17638 3210 5879 17639 2914 5880 17640 3214 5880 17641 3213 5880 17642 3213 5881 17643 3216 5881 17644 2953 5881 17645 3216 5882 17646 3215 5882 17647 2954 5882 17648 2954 5883 17649 3215 5883 17650 3214 5883 17651 2913 5884 17652 3218 5884 17653 3217 5884 17654 3217 5885 17655 3220 5885 17656 2952 5885 17657 3220 5886 17658 3219 5886 17659 2953 5886 17660 2953 5887 17661 3219 5887 17662 3218 5887 17663 2912 5888 17664 3222 5888 17665 3221 5888 17666 3221 5889 17667 3224 5889 17668 2951 5889 17669 3224 5890 17670 3223 5890 17671 2952 5890 17672 3223 5891 17673 3222 5891 17674 2912 5891 17675 2911 5892 17676 3226 5892 17677 3225 5892 17678 3225 5893 17679 3228 5893 17680 2950 5893 17681 3228 5894 17682 3227 5894 17683 2951 5894 17684 3227 5895 17685 3226 5895 17686 2911 5895 17687 2910 5896 17688 3230 5896 17689 3229 5896 17690 3229 5897 17691 3232 5897 17692 2949 5897 17693 3232 5898 17694 3231 5898 17695 2950 5898 17696 3231 5899 17697 3230 5899 17698 2910 5899 17699 3233 5900 17700 3234 5900 17701 2941 5900 17702 3234 5901 17703 3236 5901 17704 2949 5901 17705 2949 5902 17706 3236 5902 17707 3235 5902 17708 3235 5903 17709 3233 5903 17710 2485 5903 17711 3237 5904 17712 3238 5904 17713 2942 5904 17714 3238 5905 17715 3240 5905 17716 2950 5905 17717 2950 5906 17718 3240 5906 17719 3239 5906 17720 3239 5907 17721 3237 5907 17722 2941 5907 17723 3241 5908 17724 3242 5908 17725 2943 5908 17726 3242 5909 17727 3244 5909 17728 2951 5909 17729 2951 5910 17730 3244 5910 17731 3243 5910 17732 3243 5911 17733 3241 5911 17734 2942 5911 17735 3245 5912 17736 3246 5912 17737 2944 5912 17738 2944 5913 17739 3246 5913 17740 3248 5913 17741 2952 5914 17742 3248 5914 17743 3247 5914 17744 3247 5915 17745 3245 5915 17746 2943 5915 17747 3249 5916 17748 3250 5916 17749 2945 5916 17750 3250 5917 17751 3252 5917 17752 2953 5917 17753 2953 5918 17754 3252 5918 17755 3251 5918 17756 3251 5919 17757 3249 5919 17758 2944 5919 17759 3253 5920 17760 3254 5920 17761 2946 5920 17762 3254 5921 17763 3256 5921 17764 2954 5921 17765 2954 5922 17766 3256 5922 17767 3255 5922 17768 3255 5923 17769 3253 5923 17770 2945 5923 17771 3257 5924 17772 3258 5924 17773 2947 5924 17774 3258 5925 17775 3260 5925 17776 2955 5925 17777 2955 5926 17778 3260 5926 17779 3259 5926 17780 3259 5927 17781 3257 5927 17782 2946 5927 17783 3261 5928 17784 3262 5928 17785 2948 5928 17786 2948 5929 17787 3262 5929 17788 3264 5929 17789 2956 5930 17790 3264 5930 17791 3263 5930 17792 2955 5931 17793 3263 5931 17794 3261 5931 17795 2948 5932 17796 3266 5932 17797 3265 5932 17798 3265 5933 17799 3268 5933 17800 2939 5933 17801 3268 5934 17802 3267 5934 17803 2940 5934 17804 3267 5935 17805 3266 5935 17806 2948 5935 17807 2947 5936 17808 3270 5936 17809 3269 5936 17810 3269 5937 17811 3272 5937 17812 2938 5937 17813 3272 5938 17814 3271 5938 17815 2939 5938 17816 3271 5939 17817 3270 5939 17818 2947 5939 17819 2946 5940 17820 3274 5940 17821 3273 5940 17822 3273 5941 17823 3276 5941 17824 2937 5941 17825 3276 5942 17826 3275 5942 17827 2938 5942 17828 3275 5943 17829 3274 5943 17830 2946 5943 17831 2945 5944 17832 3278 5944 17833 3277 5944 17834 3277 5945 17835 3280 5945 17836 2936 5945 17837 3280 5946 17838 3279 5946 17839 2937 5946 17840 2937 5947 17841 3279 5947 17842 3278 5947 17843 2944 5948 17844 3282 5948 17845 3281 5948 17846 3281 5949 17847 3284 5949 17848 2935 5949 17849 3284 5950 17850 3283 5950 17851 2936 5950 17852 3283 5951 17853 3282 5951 17854 2944 5951 17855 2943 5952 17856 3286 5952 17857 3285 5952 17858 3285 5953 17859 3288 5953 17860 2934 5953 17861 3288 5954 17862 3287 5954 17863 2935 5954 17864 3287 5955 17865 3286 5955 17866 2943 5955 17867 2942 5956 17868 3290 5956 17869 3289 5956 17870 3289 5957 17871 3292 5957 17872 2933 5957 17873 3292 5958 17874 3291 5958 17875 2934 5958 17876 3291 5959 17877 3290 5959 17878 2942 5959 17879 2940 5960 17880 3294 5960 17881 3293 5960 17882 2939 5961 17883 3293 5961 17884 3296 5961 17885 3296 5962 17886 3295 5962 17887 2932 5962 17888 2932 5963 17889 3295 5963 17890 3294 5963 17891 2939 5964 17892 3298 5964 17893 3297 5964 17894 2938 5965 17895 3297 5965 17896 3300 5965 17897 3300 5966 17898 3299 5966 17899 2931 5966 17900 3299 5967 17901 3298 5967 17902 2939 5967 17903 2938 5968 17904 3302 5968 17905 3301 5968 17906 2937 5969 17907 3301 5969 17908 3304 5969 17909 3304 5970 17910 3303 5970 17911 2930 5970 17912 3303 5971 17913 3302 5971 17914 2938 5971 17915 2937 5972 17916 3306 5972 17917 3305 5972 17918 3305 5973 17919 3308 5973 17920 2928 5973 17921 3308 5974 17922 3307 5974 17923 2929 5974 17924 3307 5975 17925 3306 5975 17926 2937 5975 17927 2936 5976 17928 3310 5976 17929 3309 5976 17930 3309 5977 17931 3312 5977 17932 2927 5977 17933 3312 5978 17934 3311 5978 17935 2928 5978 17936 3311 5979 17937 3310 5979 17938 2936 5979 17939 2935 5980 17940 3314 5980 17941 3313 5980 17942 3313 5981 17943 3316 5981 17944 2926 5981 17945 3316 5982 17946 3315 5982 17947 2927 5982 17948 3315 5983 17949 3314 5983 17950 2935 5983 17951 2934 5984 17952 3318 5984 17953 3317 5984 17954 3317 5985 17955 3320 5985 17956 2925 5985 17957 3320 5986 17958 3319 5986 17959 2926 5986 17960 3319 5987 17961 3318 5987 17962 2934 5987 17963 3321 5988 17964 3322 5988 17965 2917 5988 17966 3322 5989 17967 3324 5989 17968 2925 5989 17969 2925 5990 17970 3324 5990 17971 3323 5990 17972 3323 5991 17973 3321 5991 17974 2488 5991 17975 3325 5992 17976 3326 5992 17977 2918 5992 17978 3326 5993 17979 3328 5993 17980 2926 5993 17981 2926 5994 17982 3328 5994 17983 3327 5994 17984 3327 5995 17985 3325 5995 17986 2917 5995 17987 3329 5996 17988 3330 5996 17989 2919 5996 17990 3330 5997 17991 3332 5997 17992 2927 5997 17993 2927 5998 17994 3332 5998 17995 3331 5998 17996 3331 5999 17997 3329 5999 17998 2918 5999 17999 3333 6000 18000 3334 6000 18001 2920 6000 18002 2920 6001 18003 3334 6001 18004 3336 6001 18005 2928 6002 18006 3336 6002 18007 3335 6002 18008 3335 6003 18009 3333 6003 18010 2919 6003 18011 3337 6004 18012 3338 6004 18013 2921 6004 18014 3338 6005 18015 3340 6005 18016 2929 6005 18017 2929 6006 18018 3340 6006 18019 3339 6006 18020 3339 6007 18021 3337 6007 18022 2920 6007 18023 3341 6008 18024 3342 6008 18025 2922 6008 18026 3342 6009 18027 3344 6009 18028 2930 6009 18029 2930 6010 18030 3344 6010 18031 3343 6010 18032 3343 6011 18033 3341 6011 18034 2921 6011 18035 3345 6012 18036 3346 6012 18037 2923 6012 18038 3346 6013 18039 3348 6013 18040 2931 6013 18041 2931 6014 18042 3348 6014 18043 3347 6014 18044 3347 6015 18045 3345 6015 18046 2922 6015 18047 3349 6016 18048 3350 6016 18049 2924 6016 18050 2924 6017 18051 3350 6017 18052 3352 6017 18053 2932 6018 18054 3352 6018 18055 3351 6018 18056 2931 6019 18057 3351 6019 18058 3349 6019 18059 2924 6020 18060 3354 6020 18061 3353 6020 18062 3353 6021 18063 3356 6021 18064 2903 6021 18065 3356 6022 18066 3355 6022 18067 2902 6022 18068 2902 6023 18069 3355 6023 18070 3354 6023 18071 2923 6024 18072 3358 6024 18073 3357 6024 18074 3357 6025 18075 3360 6025 18076 2904 6025 18077 3360 6026 18078 3359 6026 18079 2903 6026 18080 2903 6027 18081 3359 6027 18082 3358 6027 18083 2922 6028 18084 3362 6028 18085 3361 6028 18086 3361 6029 18087 3364 6029 18088 2905 6029 18089 3364 6030 18090 3363 6030 18091 2904 6030 18092 3363 6031 18093 3362 6031 18094 2922 6031 18095 2921 6032 18096 3366 6032 18097 3365 6032 18098 3365 6033 18099 3368 6033 18100 2906 6033 18101 3368 6034 18102 3367 6034 18103 2905 6034 18104 2905 6035 18105 3367 6035 18106 3366 6035 18107 2920 6036 18108 3370 6036 18109 3369 6036 18110 3369 6037 18111 3372 6037 18112 2907 6037 18113 3372 6038 18114 3371 6038 18115 2906 6038 18116 3371 6039 18117 3370 6039 18118 2920 6039 18119 2919 6040 18120 3374 6040 18121 3373 6040 18122 3373 6041 18123 3376 6041 18124 2908 6041 18125 3376 6042 18126 3375 6042 18127 2907 6042 18128 3375 6043 18129 3374 6043 18130 2919 6043 18131 2918 6044 18132 3378 6044 18133 3377 6044 18134 3377 6045 18135 3380 6045 18136 2901 6045 18137 3380 6046 18138 3379 6046 18139 2908 6046 18140 3379 6047 18141 3378 6047 18142 2918 6047 18143 2627 6048 18144 3108 6048 18145 3107 6048 18146 3313 6049 18147 3314 6049 18148 2833 6049 18149 3212 6050 18150 3209 6050 18151 2730 6050 18152 3314 6051 18153 3315 6051 18154 2836 6051 18155 3211 6052 18156 3212 6052 18157 2731 6052 18158 3316 6053 18159 3313 6053 18160 2834 6053 18161 3005 6054 18162 3006 6054 18163 2525 6054 18164 3315 6055 18165 3316 6055 18166 2835 6055 18167 3006 6056 18168 3007 6056 18169 2528 6056 18170 2629 6057 18171 3109 6057 18172 3110 6057 18173 3008 6058 18174 3005 6058 18175 2526 6058 18176 2632 6059 18177 3111 6059 18178 3109 6059 18179 3007 6060 18180 3008 6060 18181 2527 6060 18182 3213 6061 18183 3214 6061 18184 2733 6061 18185 2630 6062 18186 3110 6062 18187 3112 6062 18188 3214 6063 18189 3215 6063 18190 2736 6063 18191 2631 6064 18192 3112 6064 18193 3111 6064 18194 3317 6065 18195 3318 6065 18196 2837 6065 18197 3216 6066 18198 3213 6066 18199 2734 6066 18200 3318 6067 18201 3319 6067 18202 2840 6067 18203 3215 6068 18204 3216 6068 18205 2735 6068 18206 3320 6069 18207 3317 6069 18208 2838 6069 18209 3009 6070 18210 3010 6070 18211 2529 6070 18212 3319 6071 18213 3320 6071 18214 2839 6071 18215 3403 6088 18264 3397 6088 18265 2471 6088 18266 2470 6089 18267 2471 6089 18268 3397 6089 18269 2470 6090 18270 3400 6090 18271 3399 6090 18272 3399 6091 18273 3398 6091 18274 1153 6091 18275 1153 6092 18276 3404 6092 18277 3403 6092 18278 3390 6093 18279 3396 6093 18280 2480 6093 18281 3396 6094 18282 3395 6094 18283 2479 6094 18284 1152 6095 18285 3389 6095 18286 3390 6095 18287 2479 6096 18288 3395 6096 18289 3394 6096 18290 1152 6097 18291 2478 6097 18292 3394 6097 18293 3393 6098 18294 3389 6098 18295 1152 6098 18296 1152 6099 18297 3391 6099 18298 3392 6099 18299</p>
        </triangles>
        <triangles material="paintable-1-material" count="32">
          <input semantic="VERTEX" source="#Cube_002-mesh-vertices" offset="0"/>
          <input semantic="NORMAL" source="#Cube_002-mesh-normals" offset="1"/>
          <input semantic="TEXCOORD" source="#Cube_002-mesh-map-0" offset="2" set="0"/>
          <p>3385 2988 8964 3392 2988 8965 3384 2988 8966 3392 2989 8967 3383 2989 8968 3384 2989 8969 3386 2990 8970 3395 2990 8971 3387 2990 8972 3388 2991 8973 3390 2991 8974 3382 2991 8975 3381 2992 8976 3393 2992 8977 3385 2992 8978 3391 2993 8979 3386 2993 8980 3383 2993 8981 3387 2994 8982 3396 2994 8983 3388 2994 8984 3382 2995 8985 3389 2995 8986 3381 2995 8987 7 2996 8988 3401 2996 8989 1 2996 8990 0 2997 8991 3398 2997 8992 4 2997 8993 3400 2998 8994 5 2998 8995 2 2998 8996 6 2999 8997 3404 2999 8998 7 2999 8999 1 3000 9000 3402 3000 9001 0 3000 9002 4 3001 9003 3399 3001 9004 3 3001 9005 3399 3002 9006 2 3002 9007 3 3002 9008 5 3003 9009 3403 3003 9010 6 3003 9011 3385 6072 18216 3393 6072 18217 3392 6072 18218 3392 6073 18219 3391 6073 18220 3383 6073 18221 3386 6074 18222 3394 6074 18223 3395 6074 18224 3388 6075 18225 3396 6075 18226 3390 6075 18227 3381 6076 18228 3389 6076 18229 3393 6076 18230 3391 6077 18231 3394 6077 18232 3386 6077 18233 3387 6078 18234 3395 6078 18235 3396 6078 18236 3382 6079 18237 3390 6079 18238 3389 6079 18239 7 6080 18240 3404 6080 18241 3401 6080 18242 0 6081 18243 3402 6081 18244 3398 6081 18245 3400 6082 18246 3397 6082 18247 5 6082 18248 6 6083 18249 3403 6083 18250 3404 6083 18251 1 6084 18252 3401 6084 18253 3402 6084 18254 4 6085 18255 3398 6085 18256 3399 6085 18257 3399 6086 18258 3400 6086 18259 2 6086 18260 5 6087 18261 3397 6087 18262 3403 6087 18263</p>
        </triangles>
        <triangles material="dark-grey-material" count="20">
          <input semantic="VERTEX" source="#Cube_002-mesh-vertices" offset="0"/>
          <input semantic="NORMAL" source="#Cube_002-mesh-normals" offset="1"/>
          <input semantic="TEXCOORD" source="#Cube_002-mesh-map-0" offset="2" set="0"/>
          <p>3407 3015 9045 60 3015 9046 62 3015 9047 3405 3016 9048 61 3016 9049 60 3016 9050 3406 3017 9051 63 3017 9052 61 3017 9053 3408 3018 9054 62 3018 9055 63 3018 9056 3405 3019 9057 3408 3019 9058 3406 3019 9059 3411 3020 9060 1152 3020 9061 1154 3020 9062 3409 3021 9063 1153 3021 9064 1152 3021 9065 3410 3022 9066 1155 3022 9067 1153 3022 9068 3412 3023 9069 1154 3023 9070 1155 3023 9071 3409 3024 9072 3412 3024 9073 3410 3024 9074 3407 6100 18300 3405 6100 18301 60 6100 18302 3405 6101 18303 3406 6101 18304 61 6101 18305 3406 6102 18306 3408 6102 18307 63 6102 18308 3408 6103 18309 3407 6103 18310 62 6103 18311 3405 6104 18312 3407 6104 18313 3408 6104 18314 3411 6105 18315 3409 6105 18316 1152 6105 18317 3409 6106 18318 3410 6106 18319 1153 6106 18320 3410 6107 18321 3412 6107 18322 1155 6107 18323 3412 6108 18324 3411 6108 18325 1154 6108 18326 3409 6109 18327 3411 6109 18328 3412 6109 18329</p>
        </triangles>
      </mesh>
    </geometry>
  </library_geometries>
  <library_visual_scenes>
    <visual_scene id="Scene" name="Scene">
      <node id="Cube" name="Cube" type="NODE">
        <matrix sid="transform">1 0 0 0 0 1 0 0 0 0 1 0 0 0 0 1</matrix>
        <instance_geometry url="#Cube_002-mesh" name="Cube">
          <bind_material>
            <technique_common>
              <instance_material symbol="paintable-0-material" target="#paintable-0-material">
                <bind_vertex_input semantic="UVMap" input_semantic="TEXCOORD" input_set="0"/>
              </instance_material>
              <instance_material symbol="paintable-1-material" target="#paintable-1-material">
                <bind_vertex_input semantic="UVMap" input_semantic="TEXCOORD" input_set="0"/>
              </instance_material>
              <instance_material symbol="dark-grey-material" target="#dark-grey-material">
                <bind_vertex_input semantic="UVMap" input_semantic="TEXCOORD" input_set="0"/>
              </instance_material>
            </technique_common>
          </bind_material>
        </instance_geometry>
      </node>
    </visual_scene>
  </library_visual_scenes>
  <scene>
    <instance_visual_scene url="#Scene"/>
  </scene>
</COLLADA>