<?xml version="1.0" encoding="utf-8"?>
<COLLADA xmlns="http://www.collada.org/2005/11/COLLADASchema" version="1.4.1" xmlns:xsi="http://www.w3.org/2001/XMLSchema-instance">
  <asset>
    <contributor>
      <author>Blender User</author>
      <authoring_tool>Blender 4.2.23 LTS commit date:2026-07-20, commit time:13:44, hash:d0cbe84903e8</authoring_tool>
    </contributor>
    <created>2026-07-25T16:13:00</created>
    <modified>2026-07-25T16:13:00</modified>
    <unit name="meter" meter="1"/>
    <up_axis>Z_UP</up_axis>
  </asset>
  <library_effects>
    <effect id="paintable-0-effect">
      <profile_COMMON>
        <technique sid="common">
          <lambert>
            <emission>
              <color sid="emission">0 0 0 1</color>
            </emission>
            <diffuse>
              <color sid="diffuse">1 0.4969335 0 1</color>
            </diffuse>
            <index_of_refraction>
              <float sid="ior">1.45</float>
            </index_of_refraction>
          </lambert>
        </technique>
      </profile_COMMON>
    </effect>
    <effect id="paintable-1-effect">
      <profile_COMMON>
        <technique sid="common">
          <lambert>
            <emission>
              <color sid="emission">0 0 0 1</color>
            </emission>
            <diffuse>
              <color sid="diffuse">0.6104922 0.4910214 0 1</color>
            </diffuse>
            <index_of_refraction>
              <float sid="ior">1.5</float>
            </index_of_refraction>
          </lambert>
        </technique>
      </profile_COMMON>
    </effect>
    <effect id="lightgrey-effect">
      <profile_COMMON>
        <technique sid="common">
          <lambert>
            <emission>
              <color sid="emission">0 0 0 1</color>
            </emission>
            <diffuse>
              <color sid="diffuse">0.7835327 0.7835385 0.7835382 1</color>
            </diffuse>
            <index_of_refraction>
              <float sid="ior">1.5</float>
            </index_of_refraction>
          </lambert>
        </technique>
      </profile_COMMON>
    </effect>
    <effect id="darkgrey-effect">
      <profile_COMMON>
        <technique sid="common">
          <lambert>
            <emission>
              <color sid="emission">0 0 0 1</color>
            </emission>
            <diffuse>
              <color sid="diffuse">0.3371614 0.3371639 0.3371637 1</color>
            </diffuse>
            <index_of_refraction>
              <float sid="ior">1.5</float>
            </index_of_refraction>
          </lambert>
        </technique>
      </profile_COMMON>
    </effect>
    <effect id="Material-effect">
      <profile_COMMON>
        <technique sid="common">
          <lambert>
            <emission>
              <color sid="emission">0 0 0 1</color>
            </emission>
            <diffuse>
              <color sid="diffuse">1 0.4969335 0 1</color>
            </diffuse>
            <index_of_refraction>
              <float sid="ior">1.45</float>
            </index_of_refraction>
          </lambert>
        </technique>
      </profile_COMMON>
    </effect>
    <effect id="Material_001-effect">
      <profile_COMMON>
        <technique sid="common">
          <lambert>
            <emission>
              <color sid="emission">0 0 0 1</color>
            </emission>
            <diffuse>
              <color sid="diffuse">1 0.4969335 0 1</color>
            </diffuse>
            <index_of_refraction>
              <float sid="ior">1.45</float>
            </index_of_refraction>
          </lambert>
        </technique>
      </profile_COMMON>
    </effect>
  </library_effects>
  <library_images/>
  <library_materials>
    <material id="paintable-0-material" name="paintable-0">
      <instance_effect url="#paintable-0-effect"/>
    </material>
    <material id="paintable-1-material" name="paintable-1">
      <instance_effect url="#paintable-1-effect"/>
    </material>
    <material id="lightgrey-material" name="lightgrey">
      <instance_effect url="#lightgrey-effect"/>
    </material>
    <material id="darkgrey-material" name="darkgrey">
      <instance_effect url="#darkgrey-effect"/>
    </material>
    <material id="Material-material" name="Material">
      <instance_effect url="#Material-effect"/>
    </material>
    <material id="Material_001-material" name="Material.001">
      <instance_effect url="#Material_001-effect"/>
    </material>
  </library_materials>
  <library_geometries>
    <geometry id="Cube-mesh" name="Cube">
      <mesh>
        <source id="Cube-mesh-positions">
          <float_array id="Cube-mesh-positions-array" count="3258">0.3049998 -0.3749997 -0.06499999 0.3149998 -0.3749997 -0.06499999 0.3749998 -0.3349997 0.06499993 0.2650002 -0.1097666 -0.125 -0.2650002 -0.1097667 -0.125 0.2750002 -0.1139088 -0.125 0.2750002 -0.1139088 -0.07499998 -0.2750002 -0.1139088 -0.125 -0.2750002 -0.1139088 -0.07499998 0.2650002 -0.1097666 -0.07499998 -0.2650002 -0.1097667 -0.07499998 0.3749998 -0.3349997 0.07499992 0.3749998 -0.3349997 -0.07499998 0.3749998 -0.3349997 -0.06499999 0.3749998 -0.3249997 0.06499993 0.3749998 -0.3249997 0.07499992 0.3749998 -0.3249998 -0.07499998 0.3749998 -0.3249998 -0.06499999 0.3149998 -0.3349997 0.06499993 0.3149998 -0.3349997 0.07499992 0.3149998 -0.3349997 -0.07499998 0.3149998 -0.3349997 -0.06499999 0.3149998 -0.3249997 0.07499992 0.3149998 -0.3249998 -0.07499998 0.06249958 -0.2241118 0.115 0.0258882 -0.1875 0.115 -0.02588814 -0.3125 0.115 0.0258882 -0.3125 0.115 0.06249958 -0.2758881 0.115 -0.06249952 -0.2758881 0.115 -0.06249952 -0.2241118 0.115 -0.02588814 -0.1875 0.115 0.245 -0.3349997 0.06499999 0.245 -0.3349997 -0.06499999 0.245 -0.2749999 0.06499999 0.245 -0.2749999 0.07499998 0.245 -0.3249998 0.07499998 0.245 -0.3749997 0.06499999 0.245 -0.3749997 -0.06499999 0.245 -0.3749997 -0.07499998 0.245 -0.3349997 -0.07499998 0.245 -0.3249998 -0.07499998 0.245 -0.3349997 0.07499998 0.245 -0.3749997 0.07499998 0.245 -0.2749999 -0.07499998 0.245 -0.2749999 -0.06499999 0.3149998 -0.3249998 -0.06499999 0.3149998 -0.3249997 0.06499993 0.3049998 -0.3349997 0.06499993 0.3049998 -0.3349997 0.07499992 0.3049998 -0.3349997 -0.07499998 0.3049998 -0.3349997 -0.06499999 0.3049998 -0.2749999 0.06499993 0.3049998 -0.2749999 -0.06499999 0.3049998 -0.3249998 -0.06499999 0.3049998 -0.3249998 -0.07499998 0.3049998 -0.3249997 0.07499992 0.3049998 -0.3249997 0.06499993 0.1450001 -0.2749999 -0.06499999 0.1450001 -0.2749999 -0.07499998 0.1450001 -0.3749997 0.07499998 0.1450001 -0.3349997 0.07499998 0.1450001 -0.3249998 -0.07499998 0.1450001 -0.3349997 -0.07499998 0.1450001 -0.3749997 -0.07499998 0.1450001 -0.3749997 -0.06499999 0.1450001 -0.3749997 0.06499999 0.1450001 -0.3249998 0.07499998 0.1450001 -0.2749999 0.07499998 0.1450001 -0.2749999 0.06499999 0.1450001 -0.3349997 -0.06499999 0.1450001 -0.3349997 0.06499999 0.295 -0.2749999 -0.06499999 0.295 -0.2749999 -0.07499998 0.295 -0.3749997 0.07499998 0.295 -0.3349997 0.07499998 0.295 -0.3249998 -0.07499998 0.295 -0.3349997 -0.07499998 0.295 -0.3749997 -0.07499998 0.295 -0.3749997 -0.06499999 0.295 -0.3749997 0.06499999 0.295 -0.3249998 0.07499998 0.295 -0.2749999 0.07499998 0.295 -0.2749999 0.06499999 0.295 -0.3349997 -0.06499999 0.295 -0.3349997 0.06499999 0.255 -0.2749999 -0.06499999 0.255 -0.3749997 0.07499998 0.255 -0.3249998 -0.07499998 0.255 -0.3749997 -0.07499998 0.255 -0.3749997 0.06499999 0.255 -0.2749999 0.07499998 0.255 -0.3349997 0.06499999 0.255 -0.2749999 -0.07499998 0.255 -0.3349997 0.07499998 0.255 -0.3349997 -0.07499998 0.255 -0.3749997 -0.06499999 0.255 -0.3249998 0.07499998 0.255 -0.2749999 0.06499999 0.255 -0.3349997 -0.06499999 0.205 -0.2749999 -0.06499999 0.205 -0.3749997 0.07499998 0.205 -0.3249998 -0.07499998 0.205 -0.3749997 -0.07499998 0.205 -0.3749997 0.06499999 0.205 -0.2749999 0.07499998 0.205 -0.3349997 0.06499999 0.205 -0.2749999 -0.07499998 0.205 -0.3349997 0.07499998 0.205 -0.3349997 -0.07499998 0.205 -0.3749997 -0.06499999 0.205 -0.3249998 0.07499998 0.205 -0.2749999 0.06499999 0.205 -0.3349997 -0.06499999 0.04500007 -0.3349997 0.06499999 0.04500007 -0.3349997 -0.06499999 0.04500007 -0.2749999 0.06499999 0.04500007 -0.2749999 0.07499998 0.04500007 -0.3249998 0.07499998 0.04500007 -0.3749997 0.06499999 0.04500007 -0.3749997 -0.06499999 0.04500007 -0.3749997 -0.07499998 0.04500007 -0.3349997 -0.07499998 0.04500007 -0.3349997 0.07499998 0.04500007 -0.3749997 0.07499998 0.04500007 -0.2749999 -0.06499999 0.195 -0.2749999 -0.06499999 0.195 -0.2749999 -0.07499998 0.195 -0.3749997 0.07499998 0.195 -0.3349997 0.07499998 0.195 -0.3249998 -0.07499998 0.195 -0.3349997 -0.07499998 0.195 -0.3749997 -0.07499998 0.195 -0.3749997 -0.06499999 0.195 -0.3749997 0.06499999 0.195 -0.3249998 0.07499998 0.195 -0.2749999 0.07499998 0.195 -0.2749999 0.06499999 0.195 -0.3349997 -0.06499999 0.195 -0.3349997 0.06499999 0.155 -0.2749999 -0.06499999 0.155 -0.3749997 0.07499998 0.155 -0.3249998 -0.07499998 0.155 -0.3749997 -0.07499998 0.155 -0.3749997 0.06499999 0.155 -0.2749999 0.07499998 0.155 -0.3349997 0.06499999 0.155 -0.2749999 -0.07499998 0.155 -0.3349997 0.07499998 0.155 -0.3349997 -0.07499998 0.155 -0.3749997 -0.06499999 0.155 -0.3249998 0.07499998 0.155 -0.2749999 0.06499999 0.155 -0.3349997 -0.06499999 0.105 -0.2749999 -0.06499999 0.105 -0.3749997 0.07499998 0.105 -0.3249998 -0.07499998 0.105 -0.3749997 -0.07499998 0.105 -0.3749997 0.06499999 0.105 -0.3349997 0.06499999 0.105 -0.3349997 0.07499998 0.105 -0.3349997 -0.07499998 0.105 -0.3749997 -0.06499999 0.105 -0.2749999 0.06499999 0.105 -0.3349997 -0.06499999 -0.05499982 -0.2749999 -0.06499999 -0.05499982 -0.3749997 0.07499998 -0.05499982 -0.3349997 0.07499998 -0.05499982 -0.3349997 -0.07499998 -0.05499982 -0.3749997 -0.07499998 -0.05499982 -0.3749997 -0.06499999 -0.05499982 -0.3749997 0.06499999 -0.05499982 -0.3249998 0.07499998 -0.05499982 -0.2749999 0.07499998 -0.05499982 -0.2749999 0.06499999 -0.05499982 -0.3349997 -0.06499999 -0.05499982 -0.3349997 0.06499999 0.09500008 -0.2749999 -0.06499999 0.09500008 -0.3749997 0.07499998 0.09500008 -0.3349997 0.07499998 0.09500008 -0.3349997 -0.07499998 0.09500008 -0.3749997 -0.07499998 0.09500008 -0.3749997 -0.06499999 0.09500008 -0.3749997 0.06499999 0.09500008 -0.2749999 0.06499999 0.09500008 -0.3349997 -0.06499999 0.09500008 -0.3349997 0.06499999 0.05500006 -0.2749999 -0.06499999 0.05500006 -0.3749997 0.07499998 0.05500006 -0.3749997 -0.07499998 0.05500006 -0.3749997 0.06499999 0.05500006 -0.2749999 0.07499998 0.05500006 -0.3349997 0.06499999 0.05500006 -0.3349997 0.07499998 0.05500006 -0.3349997 -0.07499998 0.05500006 -0.3749997 -0.06499999 0.05500006 -0.3249998 0.07499998 0.05500006 -0.2749999 0.06499999 0.05500006 -0.3349997 -0.06499999 0.005000114 -0.2749999 -0.06499999 0.005000114 -0.3749997 0.07499998 0.005000114 -0.3749997 -0.07499998 0.005000114 -0.3749997 0.06499999 0.005000114 -0.2749999 0.07499998 0.005000114 -0.3349997 0.06499999 0.005000114 -0.3349997 0.07499998 0.005000114 -0.3349997 -0.07499998 0.005000114 -0.3749997 -0.06499999 0.005000114 -0.3249998 0.07499998 0.005000114 -0.2749999 0.06499999 0.005000114 -0.3349997 -0.06499999 -0.1549998 -0.3349997 0.06499999 -0.1549998 -0.3349997 -0.06499999 -0.1549998 -0.2749999 0.06499999 -0.1549998 -0.2749999 0.07499998 -0.1549998 -0.3249998 0.07499998 -0.1549998 -0.3749997 0.06499999 -0.1549998 -0.3749997 -0.06499999 -0.1549998 -0.3749997 -0.07499998 -0.1549998 -0.3349997 -0.07499998 -0.1549998 -0.3249998 -0.07499998 -0.1549998 -0.3349997 0.07499998 -0.1549998 -0.3749997 0.07499998 -0.1549998 -0.2749999 -0.07499998 -0.1549998 -0.2749999 -0.06499999 -0.004999876 -0.2749999 -0.06499999 -0.004999876 -0.3749997 0.07499998 -0.004999876 -0.3349997 0.07499998 -0.004999876 -0.3349997 -0.07499998 -0.004999876 -0.3749997 -0.07499998 -0.004999876 -0.3749997 -0.06499999 -0.004999876 -0.3749997 0.06499999 -0.004999876 -0.3249998 0.07499998 -0.004999876 -0.2749999 0.07499998 -0.004999876 -0.2749999 0.06499999 -0.004999876 -0.3349997 -0.06499999 -0.004999876 -0.3349997 0.06499999 -0.04499983 -0.2749999 -0.06499999 -0.04499983 -0.3749997 0.07499998 -0.04499983 -0.3749997 -0.07499998 -0.04499983 -0.3749997 0.06499999 -0.04499983 -0.2749999 0.07499998 -0.04499983 -0.3349997 0.06499999 -0.04499983 -0.3349997 0.07499998 -0.04499983 -0.3349997 -0.07499998 -0.04499983 -0.3749997 -0.06499999 -0.04499983 -0.3249998 0.07499998 -0.04499983 -0.2749999 0.06499999 -0.04499983 -0.3349997 -0.06499999 -0.09499984 -0.2749999 -0.06499999 -0.09499984 -0.3749997 0.07499998 -0.09499984 -0.3749997 -0.07499998 -0.09499984 -0.3749997 0.06499999 0.09500008 -0.3249998 0.07499998 -0.09499984 -0.3349997 0.06499999 -0.09499984 -0.3349997 0.07499998 -0.09499984 -0.3349997 -0.07499998 -0.09499984 -0.3749997 -0.06499999 0.09500008 -0.2749999 0.07499998 -0.09499984 -0.2749999 0.06499999 -0.09499984 -0.3349997 -0.06499999 -0.2549998 -0.2749999 -0.06499999 -0.2549998 -0.2749999 -0.07499998 -0.2549998 -0.3749997 0.07499998 -0.2549998 -0.3349997 0.07499998 -0.2549998 -0.3249998 -0.07499998 -0.2549998 -0.3349997 -0.07499998 -0.2549998 -0.3749997 -0.07499998 -0.2549998 -0.3749997 -0.06499999 -0.2549998 -0.3749997 0.06499999 -0.2549998 -0.3249998 0.07499998 -0.2549998 -0.2749999 0.07499998 -0.2549998 -0.2749999 0.06499999 -0.2549998 -0.3349997 -0.06499999 -0.2549998 -0.3349997 0.06499999 -0.1049998 -0.2749999 -0.06499999 -0.1049998 -0.3749997 0.07499998 -0.1049998 -0.3349997 0.07499998 -0.1049998 -0.3249998 -0.07499998 -0.1049998 -0.3349997 -0.07499998 -0.1049998 -0.3749997 -0.07499998 -0.1049998 -0.3749997 -0.06499999 -0.1049998 -0.3749997 0.06499999 0.105 -0.3249998 0.07499998 0.105 -0.2749999 0.07499998 -0.1049998 -0.2749999 0.06499999 -0.1049998 -0.3349997 -0.06499999 -0.1049998 -0.3349997 0.06499999 -0.1449998 -0.2749999 -0.06499999 -0.1449998 -0.3749997 0.07499998 -0.1449998 -0.3249998 -0.07499998 -0.1449998 -0.3749997 -0.07499998 -0.1449998 -0.3749997 0.06499999 -0.1449998 -0.2749999 0.07499998 -0.1449998 -0.3349997 0.06499999 -0.1449998 -0.2749999 -0.07499998 -0.1449998 -0.3349997 0.07499998 -0.1449998 -0.3349997 -0.07499998 -0.1449998 -0.3749997 -0.06499999 -0.1449998 -0.3249998 0.07499998 -0.1449998 -0.2749999 0.06499999 -0.1449998 -0.3349997 -0.06499999 -0.1949998 -0.2749999 -0.06499999 -0.1949998 -0.3749997 0.07499998 -0.1949998 -0.3249998 -0.07499998 -0.1949998 -0.3749997 -0.07499998 -0.1949998 -0.3749997 0.06499999 -0.1949998 -0.2749999 0.07499998 -0.1949998 -0.3349997 0.06499999 -0.1949998 -0.2749999 -0.07499998 -0.1949998 -0.3349997 0.07499998 -0.1949998 -0.3349997 -0.07499998 -0.1949998 -0.3749997 -0.06499999 -0.1949998 -0.3249998 0.07499998 -0.1949998 -0.2749999 0.06499999 -0.1949998 -0.3349997 -0.06499999 -0.2049998 -0.2749999 -0.06499999 -0.2049998 -0.2749999 -0.07499998 -0.2049998 -0.3749997 0.07499998 -0.2049998 -0.3349997 0.07499998 -0.2049998 -0.3249998 -0.07499998 -0.2049998 -0.3349997 -0.07499998 -0.2049998 -0.3749997 -0.07499998 -0.2049998 -0.3749997 -0.06499999 -0.2049998 -0.3749997 0.06499999 -0.2049998 -0.3249998 0.07499998 -0.2049998 -0.2749999 0.07499998 -0.2049998 -0.2749999 0.06499999 -0.2049998 -0.3349997 -0.06499999 -0.2049998 -0.3349997 0.06499999 -0.2449998 -0.2749999 -0.06499999 -0.2449998 -0.3749997 0.07499998 -0.2449998 -0.3249998 -0.07499998 -0.2449998 -0.3749997 -0.07499998 -0.2449998 -0.3749997 0.06499999 -0.2449998 -0.2749999 0.07499998 -0.2449998 -0.3349997 0.06499999 -0.2449998 -0.2749999 -0.07499998 -0.2449998 -0.3349997 0.07499998 -0.2449998 -0.3349997 -0.07499998 -0.2449998 -0.3749997 -0.06499999 -0.2449998 -0.3249998 0.07499998 -0.2449998 -0.2749999 0.06499999 -0.2449998 -0.3349997 -0.06499999 -0.2949998 -0.2749999 -0.06499999 -0.2949998 -0.3749997 0.07499998 -0.2949998 -0.3249998 -0.07499998 -0.2949998 -0.3749997 -0.07499998 -0.2949998 -0.3749997 0.06499999 -0.2949998 -0.2749999 0.07499998 -0.2949998 -0.3349997 0.06499999 -0.2949998 -0.2749999 -0.07499998 -0.2949998 -0.3349997 0.07499998 -0.2949998 -0.3349997 -0.07499998 -0.2949998 -0.3749997 -0.06499999 -0.2949998 -0.3249998 0.07499998 -0.2949998 -0.2749999 0.06499999 -0.2949998 -0.3349997 -0.06499999 -0.3049998 -0.2749999 -0.07499998 -0.3049998 -0.2749999 0.07499998 0.04500007 -0.2749999 0.08499997 0.005000114 -0.2749999 0.08499997 0.04500007 -0.3249998 0.08499997 0.005000114 -0.3249998 0.08499997 -0.09499984 -0.3249998 0.08499997 -0.05499982 -0.3249998 0.08499997 -0.05499982 -0.2749999 0.08499997 0.05500006 -0.3249998 0.08499997 0.09500008 -0.3249998 0.08499997 0.09500008 -0.2749999 0.08499997 0.05500006 -0.2749999 0.08499997 -0.09499984 -0.2749999 0.08499997 -0.04499983 -0.3249998 0.08499997 -0.004999876 -0.3249998 0.08499997 -0.004999876 -0.2749999 0.08499997 -0.04499983 -0.2749999 0.08499997 -0.0184915 -0.3125 0.115 -0.01109486 -0.3125 0.115 -0.003698229 -0.3125 0.115 0.003698289 -0.3125 0.115 0.01109492 -0.3125 0.115 0.01849156 -0.3125 0.115 0.01849156 -0.1875 0.115 0.01109492 -0.1875 0.115 0.003698289 -0.1875 0.115 -0.003698229 -0.1875 0.115 -0.01109486 -0.1875 0.115 -0.0184915 -0.1875 0.115 0.06249958 -0.2241118 0.125 0.0258882 -0.1875 0.125 -0.02588814 -0.3125 0.125 0.0258882 -0.3125 0.125 0.06249958 -0.2758881 0.125 -0.06249952 -0.2758881 0.125 -0.06249952 -0.2241118 0.125 -0.02588814 -0.1875 0.125 -0.0184915 -0.3125 0.125 -0.01109486 -0.3125 0.125 -0.003698229 -0.3125 0.125 0.003698289 -0.3125 0.125 0.01109492 -0.3125 0.125 0.01849156 -0.3125 0.125 0.01849156 -0.1875 0.125 0.01109492 -0.1875 0.125 0.003698289 -0.1875 0.125 -0.003698229 -0.1875 0.125 -0.01109486 -0.1875 0.125 -0.0184915 -0.1875 0.125 -0.09499984 -0.2749999 0.07499998 -0.09499984 -0.3249998 0.07499998 -0.1049998 -0.2749999 0.07499998 -0.1049998 -0.3249998 0.07499998 0.3749998 -0.2749999 0.06499993 0.3749998 -0.2749999 0.07499992 0.3749998 -0.2749999 -0.07499998 0.3749998 -0.2749999 -0.06499999 0.3149998 -0.2749999 0.07499992 0.3149998 -0.2749999 -0.07499998 0.3149998 -0.2749999 -0.06499999 0.3149998 -0.2749999 0.06499993 0.3749998 -0.3749997 -0.07499998 0.3749998 -0.3749997 -0.06499999 0.3749998 -0.3749997 0.06499993 0.3749998 -0.3749997 0.07499992 0.3149998 -0.3749997 0.06499993 0.3149998 -0.3749997 0.07499992 0.3049998 -0.3749997 0.06499993 0.3049998 -0.3749997 0.07499992 0.3149998 -0.3749997 -0.07499998 0.3049998 -0.3749997 -0.07499998 0.1097667 -0.2650002 -0.125 -0.1097666 -0.2650002 -0.125 0.1139088 -0.2750002 -0.125 -0.1139088 -0.2750002 -0.125 -0.1139088 -0.2750002 -0.07499998 0.1139088 -0.2750002 -0.07499998 0.1097667 -0.2650002 -0.07499998 -0.1097666 -0.2650002 -0.07499998 0.1050001 -0.2750002 -0.07499998 0.09500014 -0.2750002 -0.07499998 0.05500012 -0.2750002 -0.07499998 0.04500013 -0.2750002 -0.07499998 0.005000114 -0.2750002 -0.07499998 -0.004999816 -0.2750002 -0.07499998 -0.04499977 -0.2750002 -0.07499998 -0.05499976 -0.2750002 -0.07499998 -0.09499979 -0.2750002 -0.07499998 -0.1049997 -0.2750002 -0.07499998 -0.1049998 -0.2750002 -0.125 -0.09499979 -0.2750002 -0.125 -0.05499976 -0.2750002 -0.125 -0.04499977 -0.2750002 -0.125 -0.004999756 -0.2750002 -0.125 0.005000174 -0.2750002 -0.125 0.04500013 -0.2750002 -0.125 0.05500012 -0.2750002 -0.125 0.09500014 -0.2750002 -0.125 0.1050001 -0.2750002 -0.125 -0.089809 -0.2650002 -0.07499998 -0.06985145 -0.2650002 -0.07499998 -0.04989385 -0.2650002 -0.07499998 -0.02993631 -0.2650002 -0.07499998 -0.009978711 -0.2650002 -0.07499998 0.009978771 -0.2650002 -0.07499998 0.02993637 -0.2650002 -0.07499998 0.04989391 -0.2650002 -0.07499998 0.06985151 -0.2650002 -0.07499998 0.08980911 -0.2650002 -0.07499998 -0.089809 -0.2650002 -0.125 -0.06985145 -0.2650002 -0.125 -0.04989385 -0.2650002 -0.125 -0.02993631 -0.2650002 -0.125 -0.009978711 -0.2650002 -0.125 0.009978771 -0.2650002 -0.125 0.02993637 -0.2650002 -0.125 0.04989391 -0.2650002 -0.125 0.06985151 -0.2650002 -0.125 0.08980911 -0.2650002 -0.125 0.09500014 -0.3249998 -0.07499998 0.05500012 -0.3249998 -0.07499998 0.04500013 -0.3249998 -0.07499998 0.005000174 -0.3249998 -0.07499998 -0.004999756 -0.3249998 -0.07499998 -0.04499977 -0.3249998 -0.07499998 -0.05499976 -0.3249998 -0.07499998 -0.09499979 -0.3249998 -0.07499998 -0.09499979 -0.3249998 -0.125 -0.05499976 -0.3249998 -0.125 -0.04499977 -0.3249998 -0.125 -0.004999756 -0.3249998 -0.125 0.005000174 -0.3249998 -0.125 0.04500013 -0.3249998 -0.125 0.05500012 -0.3249998 -0.125 0.09500014 -0.3249998 -0.125 -0.3049998 -0.3249997 -0.06499999 -0.3049998 -0.3249997 -0.07499998 -0.3049998 -0.3249998 0.07499998 -0.3049998 -0.3249998 0.06499999 -0.3049998 -0.2749999 0.06499999 -0.3049998 -0.2749999 -0.06499999 0.3049998 -0.2749999 -0.07499998 0.3049998 -0.2749999 0.07499992 -0.3049998 -0.3349997 0.06499999 -0.3049998 -0.3349997 0.07499998 -0.3049998 -0.3349997 -0.07499998 -0.3049998 -0.3349997 -0.06499999 -0.3149998 -0.3249997 -0.06499999 -0.3149998 -0.3249998 0.06499999 -0.3149998 -0.3249998 0.07499998 -0.3149998 -0.3249997 -0.07499998 -0.3149998 -0.3349997 0.06499999 -0.3149998 -0.3349997 0.07499998 -0.3149998 -0.3349997 -0.07499998 -0.3149998 -0.3349997 -0.06499999 -0.3749998 -0.3249998 0.06499999 -0.3749998 -0.3249998 0.07499998 -0.3749998 -0.3249997 -0.07499998 -0.3749998 -0.3249997 -0.06499999 -0.3749998 -0.3349997 0.06499999 -0.3749998 -0.3349997 0.07499998 -0.3749998 -0.3349997 -0.07499998 -0.3749998 -0.3349997 -0.06499999 -0.3149998 -0.3749997 0.06499999 -0.3049998 -0.3749997 0.06499999 -0.3049998 -0.3749997 0.07499998 -0.3149998 -0.3749997 0.07499998 -0.3049998 -0.3749997 -0.07499998 -0.3049998 -0.3749997 -0.06499999 -0.3149998 -0.3749997 -0.07499998 -0.3149998 -0.3749997 -0.06499999 -0.3749998 -0.3749997 -0.07499998 -0.3749998 -0.3749997 -0.06499999 -0.3749998 -0.3749997 0.06499999 -0.3749998 -0.3749997 0.07499998 -0.3149998 -0.2749999 -0.06499999 -0.3149998 -0.2749999 0.06499999 -0.3149998 -0.2749999 0.07499998 -0.3149998 -0.2749999 -0.07499998 -0.3749998 -0.2749999 0.06499999 -0.3749998 -0.2749999 0.07499998 -0.3749998 -0.2749999 -0.07499998 -0.3749998 -0.2749999 -0.06499999 0.3049998 -0.2749999 0 -0.3049998 0.3749997 -0.06499999 -0.3149998 0.3749997 -0.06499999 -0.3749998 0.3349997 0.06499993 -0.2650002 0.1097666 -0.125 0.2650002 0.1097667 -0.125 -0.2750002 0.1139088 -0.125 -0.2750002 0.1139088 -0.07499998 0.2750002 0.1139088 -0.125 0.2750002 0.1139088 -0.07499998 -0.2650002 0.1097666 -0.07499998 0.2650002 0.1097667 -0.07499998 -0.3749998 0.3349997 0.07499992 -0.3749998 0.3349997 -0.07499998 -0.3749998 0.3349997 -0.06499999 -0.3749998 0.3249997 0.06499993 -0.3749998 0.3249997 0.07499992 -0.3749998 0.3249998 -0.07499998 -0.3749998 0.3249998 -0.06499999 -0.3149998 0.3349997 0.06499993 -0.3149998 0.3349997 0.07499992 -0.3149998 0.3349997 -0.07499998 -0.3149998 0.3349997 -0.06499999 -0.3149998 0.3249997 0.07499992 -0.3149998 0.3249998 -0.07499998 -0.06249958 0.2241118 0.115 -0.0258882 0.1875 0.115 0.02588808 0.3125 0.115 -0.0258882 0.3125 0.115 -0.06249958 0.2758881 0.115 0.06249946 0.2758881 0.115 0.06249946 0.2241118 0.115 0.02588808 0.1875 0.115 -0.245 0.3349997 0.06499999 -0.245 0.3349997 -0.06499999 -0.245 0.2749999 0.06499999 -0.245 0.2749999 0.07499998 -0.245 0.3249998 0.07499998 -0.245 0.3749997 0.06499999 -0.245 0.3749997 -0.06499999 -0.245 0.3749997 -0.07499998 -0.245 0.3349997 -0.07499998 -0.245 0.3249998 -0.07499998 -0.245 0.3349997 0.07499998 -0.245 0.3749997 0.07499998 -0.245 0.2749998 -0.07499998 -0.245 0.2749998 -0.06499999 -0.3149998 0.3249998 -0.06499999 -0.3149998 0.3249997 0.06499993 -0.3049998 0.3349997 0.06499993 -0.3049998 0.3349997 0.07499992 -0.3049998 0.3349997 -0.07499998 -0.3049998 0.3349997 -0.06499999 -0.3049998 0.2749998 0.06499993 -0.3049998 0.2749999 -0.06499999 -0.3049998 0.3249998 -0.06499999 -0.3049998 0.3249998 -0.07499998 -0.3049998 0.3249997 0.07499992 -0.3049998 0.3249997 0.06499993 -0.1450001 0.2749999 -0.06499999 -0.1450001 0.2749999 -0.07499998 -0.1450001 0.3749997 0.07499998 -0.1450001 0.3349997 0.07499998 -0.1450001 0.3249998 -0.07499998 -0.1450001 0.3349997 -0.07499998 -0.1450001 0.3749997 -0.07499998 -0.1450001 0.3749997 -0.06499999 -0.1450001 0.3749997 0.06499999 -0.1450001 0.3249998 0.07499998 -0.1450001 0.2749999 0.07499998 -0.1450001 0.2749999 0.06499999 -0.1450001 0.3349997 -0.06499999 -0.1450001 0.3349997 0.06499999 -0.295 0.2749998 -0.06499999 -0.295 0.2749998 -0.07499998 -0.295 0.3749997 0.07499998 -0.295 0.3349997 0.07499998 -0.295 0.3249998 -0.07499998 -0.295 0.3349997 -0.07499998 -0.295 0.3749997 -0.07499998 -0.295 0.3749997 -0.06499999 -0.295 0.3749997 0.06499999 -0.295 0.3249998 0.07499998 -0.295 0.2749999 0.07499998 -0.295 0.2749999 0.06499999 -0.295 0.3349997 -0.06499999 -0.295 0.3349997 0.06499999 -0.2550001 0.2749998 -0.06499999 -0.2550001 0.3749997 0.07499998 -0.2550001 0.3249998 -0.07499998 -0.2550001 0.3749997 -0.07499998 -0.2550001 0.3749997 0.06499999 -0.2550001 0.2749999 0.07499998 -0.2550001 0.3349997 0.06499999 -0.2550001 0.2749998 -0.07499998 -0.2550001 0.3349997 0.07499998 -0.2550001 0.3349997 -0.07499998 -0.2550001 0.3749997 -0.06499999 -0.2550001 0.3249998 0.07499998 -0.2550001 0.2749999 0.06499999 -0.2550001 0.3349997 -0.06499999 -0.2050001 0.2749998 -0.06499999 -0.2050001 0.3749997 0.07499998 -0.2050001 0.3249998 -0.07499998 -0.2050001 0.3749997 -0.07499998 -0.2050001 0.3749997 0.06499999 -0.2050001 0.2749999 0.07499998 -0.2050001 0.3349997 0.06499999 -0.2050001 0.2749998 -0.07499998 -0.2050001 0.3349997 0.07499998 -0.2050001 0.3349997 -0.07499998 -0.2050001 0.3749997 -0.06499999 -0.2050001 0.3249998 0.07499998 -0.2050001 0.2749999 0.06499999 -0.2050001 0.3349997 -0.06499999 -0.04500013 0.3349997 0.06499999 -0.04500013 0.3349997 -0.06499999 -0.04500007 0.2749999 0.06499999 -0.04500007 0.2749999 0.07499998 -0.04500013 0.3249998 0.07499998 -0.04500013 0.3749997 0.06499999 -0.04500013 0.3749997 -0.06499999 -0.04500013 0.3749997 -0.07499998 -0.04500013 0.3349997 -0.07499998 -0.04500013 0.3349997 0.07499998 -0.04500013 0.3749997 0.07499998 -0.04500007 0.2749999 -0.06499999 -0.1950001 0.2749998 -0.06499999 -0.1950001 0.2749998 -0.07499998 -0.1950001 0.3749997 0.07499998 -0.1950001 0.3349997 0.07499998 -0.1950001 0.3249998 -0.07499998 -0.1950001 0.3349997 -0.07499998 -0.1950001 0.3749997 -0.07499998 -0.1950001 0.3749997 -0.06499999 -0.1950001 0.3749997 0.06499999 -0.1950001 0.3249998 0.07499998 -0.1950001 0.2749999 0.07499998 -0.1950001 0.2749999 0.06499999 -0.1950001 0.3349997 -0.06499999 -0.1950001 0.3349997 0.06499999 -0.155 0.2749999 -0.06499999 -0.155 0.3749997 0.07499998 -0.155 0.3249998 -0.07499998 -0.155 0.3749997 -0.07499998 -0.155 0.3749997 0.06499999 -0.155 0.2749999 0.07499998 -0.155 0.3349997 0.06499999 -0.155 0.2749999 -0.07499998 -0.155 0.3349997 0.07499998 -0.155 0.3349997 -0.07499998 -0.155 0.3749997 -0.06499999 -0.155 0.3249998 0.07499998 -0.155 0.2749999 0.06499999 -0.155 0.3349997 -0.06499999 -0.1050001 0.2749999 -0.06499999 -0.1050001 0.3749997 0.07499998 -0.1050001 0.3249998 -0.07499998 -0.1050001 0.3749997 -0.07499998 -0.1050001 0.3749997 0.06499999 -0.1050001 0.3349997 0.06499999 -0.1050001 0.3349997 0.07499998 -0.1050001 0.3349997 -0.07499998 -0.1050001 0.3749997 -0.06499999 -0.1050001 0.2749999 0.06499999 -0.1050001 0.3349997 -0.06499999 0.05499982 0.2749999 -0.06499999 0.05499982 0.3749997 0.07499998 0.05499982 0.3349997 0.07499998 0.05499982 0.3349997 -0.07499998 0.05499982 0.3749997 -0.07499998 0.05499982 0.3749997 -0.06499999 0.05499982 0.3749997 0.06499999 0.05499982 0.3249998 0.07499998 0.05499982 0.2749999 0.07499998 0.05499982 0.2749999 0.06499999 0.05499982 0.3349997 -0.06499999 0.05499982 0.3349997 0.06499999 -0.09500008 0.2749999 -0.06499999 -0.09500008 0.3749997 0.07499998 -0.09500008 0.3349997 0.07499998 -0.09500008 0.3349997 -0.07499998 -0.09500008 0.3749997 -0.07499998 -0.09500008 0.3749997 -0.06499999 -0.09500008 0.3749997 0.06499999 -0.09500008 0.2749999 0.06499999 -0.09500008 0.3349997 -0.06499999 -0.09500008 0.3349997 0.06499999 -0.05500006 0.2749999 -0.06499999 -0.05500012 0.3749997 0.07499998 -0.05500012 0.3749997 -0.07499998 -0.05500012 0.3749997 0.06499999 -0.05500006 0.2749999 0.07499998 -0.05500012 0.3349997 0.06499999 -0.05500012 0.3349997 0.07499998 -0.05500012 0.3349997 -0.07499998 -0.05500012 0.3749997 -0.06499999 -0.05500012 0.3249998 0.07499998 -0.05500006 0.2749999 0.06499999 -0.05500012 0.3349997 -0.06499999 -0.005000114 0.2749999 -0.06499999 -0.005000114 0.3749997 0.07499998 -0.005000114 0.3749997 -0.07499998 -0.005000114 0.3749997 0.06499999 -0.005000114 0.2749999 0.07499998 -0.005000114 0.3349997 0.06499999 -0.005000114 0.3349997 0.07499998 -0.005000114 0.3349997 -0.07499998 -0.005000114 0.3749997 -0.06499999 -0.005000114 0.3249998 0.07499998 -0.005000114 0.2749999 0.06499999 -0.005000114 0.3349997 -0.06499999 0.1549997 0.3349997 0.06499999 0.1549997 0.3349997 -0.06499999 0.1549997 0.2749999 0.06499999 0.1549997 0.2749999 0.07499998 0.1549997 0.3249998 0.07499998 0.1549997 0.3749997 0.06499999 0.1549997 0.3749997 -0.06499999 0.1549997 0.3749997 -0.07499998 0.1549997 0.3349997 -0.07499998 0.1549997 0.3249998 -0.07499998 0.1549997 0.3349997 0.07499998 0.1549997 0.3749997 0.07499998 0.1549997 0.2749999 -0.07499998 0.1549997 0.2749999 -0.06499999 0.004999816 0.2749999 -0.06499999 0.004999816 0.3749997 0.07499998 0.004999816 0.3349997 0.07499998 0.004999816 0.3349997 -0.07499998 0.004999816 0.3749997 -0.07499998 0.004999816 0.3749997 -0.06499999 0.004999816 0.3749997 0.06499999 0.004999816 0.3249998 0.07499998 0.004999816 0.2749999 0.07499998 0.004999816 0.2749999 0.06499999 0.004999816 0.3349997 -0.06499999 0.004999816 0.3349997 0.06499999 0.04499983 0.2749999 -0.06499999 0.04499983 0.3749997 0.07499998 0.04499983 0.3749997 -0.07499998 0.04499983 0.3749997 0.06499999 0.04499983 0.2749999 0.07499998 0.04499983 0.3349997 0.06499999 0.04499983 0.3349997 0.07499998 0.04499983 0.3349997 -0.07499998 0.04499983 0.3749997 -0.06499999 0.04499983 0.3249998 0.07499998 0.04499983 0.2749999 0.06499999 0.04499983 0.3349997 -0.06499999 0.09499979 0.2749999 -0.06499999 0.09499979 0.3749997 0.07499998 0.09499979 0.3749997 -0.07499998 0.09499979 0.3749997 0.06499999 -0.09500008 0.3249998 0.07499998 0.09499979 0.3349997 0.06499999 0.09499979 0.3349997 0.07499998 0.09499979 0.3349997 -0.07499998 0.09499979 0.3749997 -0.06499999 -0.09500008 0.2749999 0.07499998 0.09499979 0.2749999 0.06499999 0.09499979 0.3349997 -0.06499999 0.2549997 0.2749999 -0.06499999 0.2549997 0.2749999 -0.07499998 0.2549997 0.3749998 0.07499998 0.2549997 0.3349997 0.07499998 0.2549997 0.3249998 -0.07499998 0.2549997 0.3349997 -0.07499998 0.2549997 0.3749998 -0.07499998 0.2549997 0.3749998 -0.06499999 0.2549997 0.3749998 0.06499999 0.2549997 0.3249998 0.07499998 0.2549997 0.275 0.07499998 0.2549997 0.275 0.06499999 0.2549997 0.3349997 -0.06499999 0.2549997 0.3349997 0.06499999 0.1049998 0.2749999 -0.06499999 0.1049998 0.3749997 0.07499998 0.1049998 0.3349997 0.07499998 0.1049998 0.3249998 -0.07499998 0.1049998 0.3349997 -0.07499998 0.1049998 0.3749997 -0.07499998 0.1049998 0.3749997 -0.06499999 0.1049998 0.3749997 0.06499999 -0.1050001 0.3249998 0.07499998 -0.1050001 0.2749999 0.07499998 0.1049998 0.2749999 0.06499999 0.1049998 0.3349997 -0.06499999 0.1049998 0.3349997 0.06499999 0.1449998 0.2749999 -0.06499999 0.1449998 0.3749997 0.07499998 0.1449998 0.3249998 -0.07499998 0.1449998 0.3749997 -0.07499998 0.1449998 0.3749997 0.06499999 0.1449998 0.2749999 0.07499998 0.1449998 0.3349997 0.06499999 0.1449998 0.2749999 -0.07499998 0.1449998 0.3349997 0.07499998 0.1449998 0.3349997 -0.07499998 0.1449998 0.3749997 -0.06499999 0.1449998 0.3249998 0.07499998 0.1449998 0.2749999 0.06499999 0.1449998 0.3349997 -0.06499999 0.1949998 0.2749999 -0.06499999 0.1949998 0.3749998 0.07499998 0.1949998 0.3249998 -0.07499998 0.1949998 0.3749998 -0.07499998 0.1949998 0.3749998 0.06499999 0.1949998 0.275 0.07499998 0.1949998 0.3349997 0.06499999 0.1949998 0.2749999 -0.07499998 0.1949998 0.3349997 0.07499998 0.1949998 0.3349997 -0.07499998 0.1949998 0.3749998 -0.06499999 0.1949998 0.3249998 0.07499998 0.1949998 0.275 0.06499999 0.1949998 0.3349997 -0.06499999 0.2049998 0.2749999 -0.06499999 0.2049998 0.2749999 -0.07499998 0.2049998 0.3749998 0.07499998 0.2049998 0.3349997 0.07499998 0.2049998 0.3249998 -0.07499998 0.2049998 0.3349997 -0.07499998 0.2049998 0.3749998 -0.07499998 0.2049998 0.3749998 -0.06499999 0.2049998 0.3749998 0.06499999 0.2049998 0.3249998 0.07499998 0.2049998 0.275 0.07499998 0.2049998 0.275 0.06499999 0.2049998 0.3349997 -0.06499999 0.2049998 0.3349997 0.06499999 0.2449997 0.2749999 -0.06499999 0.2449997 0.3749998 0.07499998 0.2449997 0.3249998 -0.07499998 0.2449997 0.3749998 -0.07499998 0.2449997 0.3749998 0.06499999 0.2449997 0.275 0.07499998 0.2449997 0.3349997 0.06499999 0.2449997 0.2749999 -0.07499998 0.2449997 0.3349997 0.07499998 0.2449997 0.3349997 -0.07499998 0.2449997 0.3749998 -0.06499999 0.2449997 0.3249998 0.07499998 0.2449997 0.275 0.06499999 0.2449997 0.3349997 -0.06499999 0.2949998 0.2749999 -0.06499999 0.2949998 0.3749998 0.07499998 0.2949998 0.3249998 -0.07499998 0.2949998 0.3749998 -0.07499998 0.2949998 0.3749998 0.06499999 0.2949998 0.275 0.07499998 0.2949998 0.3349997 0.06499999 0.2949998 0.2749999 -0.07499998 0.2949998 0.3349997 0.07499998 0.2949998 0.3349997 -0.07499998 0.2949998 0.3749998 -0.06499999 0.2949998 0.3249998 0.07499998 0.2949998 0.275 0.06499999 0.2949998 0.3349997 -0.06499999 0.3049998 0.2749999 -0.07499998 0.3049998 0.275 0.07499998 -0.04500007 0.2749999 0.08499997 -0.005000114 0.2749999 0.08499997 -0.04500013 0.3249998 0.08499997 -0.005000114 0.3249998 0.08499997 0.09499979 0.3249998 0.08499997 0.05499982 0.3249998 0.08499997 0.05499982 0.2749999 0.08499997 -0.05500012 0.3249998 0.08499997 -0.09500008 0.3249998 0.08499997 -0.09500008 0.2749999 0.08499997 -0.05500006 0.2749999 0.08499997 0.09499979 0.2749999 0.08499997 0.04499983 0.3249998 0.08499997 0.004999816 0.3249998 0.08499997 0.004999816 0.2749999 0.08499997 0.04499983 0.2749999 0.08499997 0.01849144 0.3125 0.115 0.01109486 0.3125 0.115 0.003698229 0.3125 0.115 -0.003698348 0.3125 0.115 -0.01109498 0.3125 0.115 -0.01849156 0.3125 0.115 -0.01849156 0.1875 0.115 -0.01109492 0.1875 0.115 -0.003698348 0.1875 0.115 0.003698229 0.1875 0.115 0.01109486 0.1875 0.115 0.0184915 0.1875 0.115 -0.06249958 0.2241118 0.125 -0.0258882 0.1875 0.125 0.02588808 0.3125 0.125 -0.0258882 0.3125 0.125 -0.06249958 0.2758881 0.125 0.06249946 0.2758881 0.125 0.06249946 0.2241118 0.125 0.02588808 0.1875 0.125 0.01849144 0.3125 0.125 0.01109486 0.3125 0.125 0.003698229 0.3125 0.125 -0.003698348 0.3125 0.125 -0.01109498 0.3125 0.125 -0.01849156 0.3125 0.125 -0.01849156 0.1875 0.125 -0.01109492 0.1875 0.125 -0.003698348 0.1875 0.125 0.003698229 0.1875 0.125 0.01109486 0.1875 0.125 0.0184915 0.1875 0.125 0.09499979 0.2749999 0.07499998 0.09499979 0.3249998 0.07499998 0.1049998 0.2749999 0.07499998 0.1049998 0.3249998 0.07499998 -0.3749998 0.2749998 0.06499993 -0.3749998 0.2749998 0.07499992 -0.3749998 0.2749999 -0.07499998 -0.3749998 0.2749999 -0.06499999 -0.3149998 0.2749998 0.07499992 -0.3149998 0.2749999 -0.07499998 -0.3149998 0.2749999 -0.06499999 -0.3149998 0.2749998 0.06499993 -0.3749998 0.3749997 -0.07499998 -0.3749998 0.3749997 -0.06499999 -0.3749998 0.3749996 0.06499993 -0.3749998 0.3749996 0.07499992 -0.3149998 0.3749996 0.06499993 -0.3149998 0.3749996 0.07499992 -0.3049998 0.3749996 0.06499993 -0.3049998 0.3749996 0.07499992 -0.3149998 0.3749997 -0.07499998 -0.3049998 0.3749997 -0.07499998 -0.1097667 0.2650002 -0.125 0.1097666 0.2650002 -0.125 -0.1139088 0.2750002 -0.125 0.1139087 0.2750002 -0.125 0.1139087 0.2750002 -0.07499998 -0.1139088 0.2750002 -0.07499998 -0.1097667 0.2650002 -0.07499998 0.1097666 0.2650002 -0.07499998 -0.1050001 0.2750002 -0.07499998 -0.09500014 0.2750002 -0.07499998 -0.05500012 0.2750002 -0.07499998 -0.04500013 0.2750002 -0.07499998 -0.005000174 0.2750002 -0.07499998 0.004999756 0.2750002 -0.07499998 0.04499977 0.2750002 -0.07499998 0.05499976 0.2750002 -0.07499998 0.09499973 0.2750002 -0.07499998 0.1049997 0.2750002 -0.07499998 0.1049997 0.2750002 -0.125 0.09499979 0.2750002 -0.125 0.05499976 0.2750002 -0.125 0.04499977 0.2750002 -0.125 0.004999756 0.2750002 -0.125 -0.005000174 0.2750002 -0.125 -0.04500013 0.2750002 -0.125 -0.05500012 0.2750002 -0.125 -0.09500014 0.2750002 -0.125 -0.1050001 0.2750002 -0.125 0.089809 0.2650002 -0.07499998 0.06985139 0.2650002 -0.07499998 0.04989385 0.2650002 -0.07499998 0.02993631 0.2650002 -0.07499998 0.009978711 0.2650002 -0.07499998 -0.00997883 0.2650002 -0.07499998 -0.02993637 0.2650002 -0.07499998 -0.04989397 0.2650002 -0.07499998 -0.06985157 0.2650002 -0.07499998 -0.08980911 0.2650002 -0.07499998 0.089809 0.2650002 -0.125 0.06985139 0.2650002 -0.125 0.04989385 0.2650002 -0.125 0.02993631 0.2650002 -0.125 0.009978711 0.2650002 -0.125 -0.00997883 0.2650002 -0.125 -0.02993637 0.2650002 -0.125 -0.04989397 0.2650002 -0.125 -0.06985157 0.2650002 -0.125 -0.08980911 0.2650002 -0.125 -0.09500014 0.3249998 -0.07499998 -0.05500018 0.3249998 -0.07499998 -0.04500019 0.3249998 -0.07499998 -0.005000174 0.3249998 -0.07499998 0.004999756 0.3249998 -0.07499998 0.04499977 0.3249998 -0.07499998 0.05499976 0.3249998 -0.07499998 0.09499973 0.3249998 -0.07499998 0.09499973 0.3249998 -0.125 0.0549997 0.3249998 -0.125 0.04499971 0.3249998 -0.125 0.004999756 0.3249998 -0.125 -0.005000174 0.3249998 -0.125 -0.04500019 0.3249998 -0.125 -0.05500018 0.3249998 -0.125 -0.09500014 0.3249998 -0.125 0.3049998 0.3249997 -0.06499999 0.3049998 0.3249997 -0.07499998 0.3049998 0.3249998 0.07499998 0.3049998 0.3249998 0.06499999 0.3049998 0.275 0.06499999 0.3049998 0.2749999 -0.06499999 -0.3049998 0.2749999 -0.07499998 -0.3049998 0.2749998 0.07499992 0.3049998 0.3349997 0.06499999 0.3049998 0.3349997 0.07499998 0.3049998 0.3349997 -0.07499998 0.3049998 0.3349997 -0.06499999 0.3149998 0.3249997 -0.06499999 0.3149998 0.3249998 0.06499999 0.3149998 0.3249998 0.07499998 0.3149998 0.3249997 -0.07499998 0.3149998 0.3349997 0.06499999 0.3149998 0.3349997 0.07499998 0.3149998 0.3349997 -0.07499998 0.3149998 0.3349997 -0.06499999 0.3749998 0.3249998 0.06499999 0.3749998 0.3249998 0.07499998 0.3749998 0.3249997 -0.07499998 0.3749998 0.3249997 -0.06499999 0.3749998 0.3349997 0.06499999 0.3749998 0.3349997 0.07499998 0.3749998 0.3349997 -0.07499998 0.3749998 0.3349997 -0.06499999 0.3149998 0.3749998 0.06499999 0.3049998 0.3749998 0.06499999 0.3049998 0.3749998 0.07499998 0.3149998 0.3749998 0.07499998 0.3049998 0.3749997 -0.07499998 0.3049998 0.3749997 -0.06499999 0.3149998 0.3749997 -0.07499998 0.3149998 0.3749997 -0.06499999 0.3749998 0.3749997 -0.07499998 0.3749998 0.3749997 -0.06499999 0.3749998 0.3749998 0.06499999 0.3749998 0.3749998 0.07499998 0.3149998 0.2749999 -0.06499999 0.3149998 0.275 0.06499999 0.3149998 0.275 0.07499998 0.3149998 0.2749999 -0.07499998 0.3749998 0.275 0.06499999 0.3749998 0.275 0.07499998 0.3749998 0.2749999 -0.07499998 0.3749998 0.2749999 -0.06499999 -0.3049998 0.2749999 0</float_array>
          <technique_common>
            <accessor source="#Cube-mesh-positions-array" count="1086" stride="3">
              <param name="X" type="float"/>
              <param name="Y" type="float"/>
              <param name="Z" type="float"/>
            </accessor>
          </technique_common>
        </source>
        <source id="Cube-mesh-normals">
          <float_array id="Cube-mesh-normals-array" count="6780">0.7071068 -0.7071068 0 -0.7071067 -0.7071068 0 -0.7071068 0.7071067 0 0 0 -1 0 0 1 0 0 -1 0 0 1 0.7071067 0.7071068 0 -1 0 0 1 0 0 1 0 0 1 0 0 0 0 1 0 1 0 0 -1 0 0 0 1 0 0 -1 0 0 -1 0 0 1 0 -1 0 0 0 -1 0 -1 0 0 0 -1 1 0 0 0 -1 4.58497e-7 0 -1.49012e-7 -1 1 0 0 0 -1 0 1 0 0 0 0 -1 0 -1 4.58497e-7 -2.98031e-6 0 -1 3.72538e-6 1.49012e-7 1 -1 0 0 -1 0 0 -2.98031e-6 0 -1 0 0 1 -2.98031e-6 -1.49012e-7 -1 2.98031e-6 0 1 -5.96061e-6 1 0 1 0 0 2.98031e-6 0 1 0 0 1 5.96061e-6 -1 0 0 0 -1 0 -1 0 -1 0 0 -2.98031e-6 0 -1 0 0 1 2.98031e-6 0 1 0 1.49012e-7 1 5.96061e-6 1 0 0 -1 0 0 -1 0 0 0 -1 0 0 -1 0 0 1 0 0 1 0 1 4.58497e-7 0 0 -1 0 0 -1 0 0 -1 0 0 -1 0 0 1 0 0 1 0 1 0 0 1 0 0 0 1 0 0 1 0 -1 0 0 -1 0 0 -1 0 0 -1 0 0 0 -1 0 0 -1 0 0 1 0 0 1 0 1 0 0 1 0 0 -1 0 0 -1 0 0 0 -1 0 0 -1 0 0 1 0 0 1 0 1 4.58497e-7 0 0 -1 0 0 -1 0 0 -1 0 0 -1 0 0 1 0 0 1 0 1 0 0 1 0 0 0 1 0 0 1 0 -1 0 0 -1 0 0 -1 0 0 -1 0 0 0 -1 0 0 -1 0 0 1 0 0 1 0 1 0 0 1 0 0 -1 0 0 -1 0 0 0 -1 0 0 -1 0 0 1 0 0 1 0 1 4.58497e-7 0 0 -1 0 0 -1 0 0 -1 0 0 -1 0 0 1 0 0 1 0 1 0 0 1 0 0 0 1 0 0 1 0 -1 0 0 -1 0 0 -1 0 0 -1 0 0 0 -1 0 0 -1 0 0 1 0 0 1 0 1 0 0 1 0 0 -1 0 0 -1 0 0 0 -1 0 0 -1 0 0 1 0 -1 0 0 1 4.58497e-7 0 0 -1 0 0 -1 0 0 -1 0 0 -1 0 0 1 0 0 1 0 1 0 0 1 0 0 0 1 0 0 1 0 -1 0 0 -1 0 0 -1 0 0 -1 0 0 0 -1 0 0 -1 0 0 1 0 0 1 0 1 -2.68221e-5 0 1 -2.68221e-5 0 -1 0 0 -1 0 0 0 -1 0 0 -1 0 -1 0 0 1 0 0 1 4.58497e-7 0 0 -1 0 0 -1 0 0 1 0 0 1 0 1 0 0 1 0 0 0 1 0 0 1 0 -1 0 0 -1 0 0 -1 0 0 -1 0 0 0 -1 0 0 -1 0 0 1 0 0 1 0 1 -2.68221e-5 0 1 -2.68221e-5 0 -1 0 0 -1 0 0 0 -1 0 0 -1 0 1 0 0 -1 0 0 1 4.58497e-7 0 0 -1 0 0 -1 0 0 1 0 0 1 0 1 0 0 1 0 0 0 1 0 0 1 0 -1 0 0 -1 0 0 -1 0 0 -1 0 0 0 -1 0 0 -1 0 0 1 0 0 1 0 1 -2.68221e-5 0 1 -2.68221e-5 0 -1 0 0 -1 0 0 0 -1 0 0 -1 0 1 4.58497e-7 0 0 -1 0 0 -1 0 0 1 0 0 1 0 1 0 0 1 0 0 0 1 0 0 1 0 -1 0 0 -1 0 0 -1 0 0 -1 0 0 0 -1 0 0 -1 0 0 1 0 0 1 0 1 -2.68221e-5 0 1 -2.68221e-5 0 -1 0 0 -1 0 0 0 -1 0 0 -1 0 -1 0 0 -1 0 0 1 4.58497e-7 0 0 -1 0 0 -1 0 0 -1 0 0 1 0 0 1 0 1 0 0 1 0 0 0 1 0 0 1 0 -1 0 0 -1 0 0 -1 0 0 -1 0 0 0 -1 0 0 -1 0 0 1 0 0 1 0 1 -2.68221e-5 0 1 -2.68221e-5 0 -1 0 0 -1 0 0 0 -1 0 0 -1 0 0 1 0 0 1 0 1 4.58497e-7 0 0 -1 0 0 -1 0 0 -1 0 0 -1 0 0 1 0 0 1 0 1 0 0 1 0 0 0 1 0 0 1 0 -1 0 0 -1 0 0 -1 0 0 -1 0 0 0 -1 0 0 -1 0 0 1 0 0 1 0 1 -2.68221e-5 0 1 0 0 -1 0 0 -1 0 0 0 -1 0 0 -1 0 0 1 0 0 1 0 1 4.58497e-7 0 0 -1 0 0 -1 0 0 -1 0 0 -1 0 0 1 0 0 1 0 1 0 0 1 0 0 0 1 0 0 1 0 -1 0 0 -1 0 0 -1 0 0 -1 0 0 0 -1 0 0 -1 0 0 1 0 0 1 0 1 0 0 1 0 0 -1 0 0 -1 0 0 0 -1 0 0 -1 0 0 1 0 0 1 0 1 4.58497e-7 0 0 -1 0 0 -1 0 0 -1 0 0 -1 0 0 1 0 0 1 0 1 0 0 1 0 0 0 1 0 0 1 0 -1 0 0 -1 0 0 -1 0 0 -1 0 0 0 -1 0 0 -1 0 0 1 0 0 1 0 1 0 0 1 0 0 -1 0 0 -1 0 0 0 -1 0 0 -1 0 0 1 7.45059e-7 0 1 0 1 4.58497e-7 0 0 -1 0 0 -1 0 0 -1 0 0 -1 0 0 1 0 0 1 0 1 0 0 1 0 0 0 1 0 0 1 0 -1 0 0 -1 0 0 -1 0 -5.96047e-6 -1 0 0 0 -1 0 0 -1 0 0 1 0 0 1 0 1 0 0 1 0 1 0 0 0 0 1 0 0 1 0 0 1 0 0 1 0 0 1 0 0 1 0 0 1 -1 0 0 0 -1 0 0 1 0 0 1 0 0 -1 0 0 1 0 0 1 0 0 1 0 -0.3261566 -0.3261523 0.8872692 0.326156 -0.3261518 0.8872695 0 -0.9230791 0.3846104 0 -0.9230791 0.3846104 0 -0.9230791 0.3846103 0 -0.9230791 0.3846103 0 -0.9230791 0.3846103 0 -0.9230791 0.3846103 0 -0.9230791 0.3846103 -0.6782765 0 0.7348067 -0.6488003 0.6487918 -0.3976524 0 0.3243244 -0.9459459 0 0.3243244 -0.9459459 0 0.3243245 -0.9459459 0 0.3243245 -0.9459459 0 0.3243245 -0.9459459 0 0.3243245 -0.9459459 0 0.3243246 -0.9459459 0.6488013 0.6487928 -0.3976491 0.6782745 0 0.7348086 0 1 0 0 1 0 -0.7071114 -0.7071022 0 0 -1 0 0 1 0 0.7071114 -0.7071022 0 0 -1 0 0 1 0 0 -1 0 1 0 0 0.7071114 0.7071022 0 0 1 0 -0.7071114 0.7071022 0 0 -1 0 0 1 0 -1 0 0 0 -1 0 0 1 0 0 -1 0 0 -1 0 0 0 1 0 0 1 -1 0 0 1 0 0 -1 0 0 0 1.49012e-7 1 0 -1.49012e-7 -1 0 -1.49012e-7 -1 0 1.49012e-7 1 0 -1 0 0 -1 0 0 0 -1 0 0 -1 0 0 -1 0 0 -1 0 -1 0 0 1 0 0 1 0 0 1 0 0 1 0 0 1 0 0 1 0 0 1 0 0 1 0 0 1 0 0 1 0 0 0 1 0 0 1 0 0 1 0 0 1 0 0 1 0 0 1 0 0 1 0 0 1 0 0 1 0 0 1 0 0 -1 0 0 -1 0 0 -1 0 0 -1 0 0 -1 0 0 -1 0 0 -1 0 0 -1 0 0 -1 0 0 -1 0 -1 0 0 -1 0 0 -1 0 0 -1 0 0 -1 0 0 -1 0 0 -1 0 -1 0 1.49012e-7 1 2.98026e-7 -1.49012e-7 0 0 -1 0 0 -1 0 0 -1 0 0 1 1 0 0 0 0 -1 0 -1 0 0 0 1 1 0 0 1 0 0 -1 0 0 0 0 -1 0 0 -1 0 0 -1 0 1.49012e-7 -1 1 0 0 0 0 -1 0 -1.49012e-7 1 -1 0 0 -1 0 0 0 0 -1 -1 0 0 0 0 1 0 0 1 0 0 1 -1 0 0 0 -1 0 0 -1 0 0 -1 -4.58497e-7 0 -1 0 0 -1 0 -1 0 0 -1 0 0 1 0 0 -1 0 0 0 0 1 0 0 1 0 0 -1 0 1.49012e-7 -1 0 -1.49012e-7 1 0 -1.49012e-7 1 0 1.49012e-7 -1 1 0 0 -1 0 0 1 0 0 0 0 -1 -0.7071069 0.7071067 0 0.7071067 0.7071069 0 -1 0 0 0.7071069 -0.7071067 0 0 0 -1 0 0 -1 0 0 1 0 0 -1 0 0 1 0 0 1 -0.7071067 -0.7071069 0 0 0 -1 1 0 0 0 0 1 -1 0 0 -1 0 0 -1 0 0 0 0 1 0 0 -1 0 -1 0 0 1 0 0 0 1 0 0 -1 0 0 -1 0 0 1 0 1 0 0 0 -1 0 1 0 0 0 -1 -1 0 0 0 1 4.58497e-7 0 1.49012e-7 -1 -1 0 0 0 1 0 -1 0 0 0 0 -1 0 1 4.58497e-7 1 0 0 2.98031e-6 0 -1 -3.72538e-6 -1.49012e-7 1 1 0 0 1 0 0 2.98031e-6 0 -1 0 0 1 2.98031e-6 1.49012e-7 -1 1 0 0 -2.98031e-6 0 1 5.96061e-6 -1 0 -1 0 0 -2.98031e-6 0 1 0 0 1 -5.96061e-6 1 0 0 0 -1 0 1 0 1 0 0 2.98031e-6 0 -1 0 0 1 -2.98031e-6 0 1 0 -1.49012e-7 1 -5.96061e-6 -1 0 0 1 0 0 1 0 0 0 -1 0 0 -1 0 0 1 0 0 1 0 -1 4.58497e-7 0 0 -1 0 0 -1 0 0 -1 0 0 -1 0 0 1 0 0 1 0 -1 0 0 -1 0 0 0 1 0 0 1 0 1 0 0 1 0 0 1 0 0 1 0 0 0 -1 0 0 -1 0 0 1 0 0 1 0 -1 0 0 -1 0 0 1 0 0 1 0 0 0 -1 0 0 -1 0 0 1 0 0 1 0 -1 4.58497e-7 0 0 -1 0 0 -1 0 0 -1 0 0 -1 0 0 1 0 0 1 0 -1 0 0 -1 0 0 0 1 0 0 1 0 1 0 0 1 0 0 1 0 0 1 0 0 0 -1 0 0 -1 0 0 1 0 0 1 0 -1 0 0 -1 0 0 1 0 0 1 0 0 0 -1 0 0 -1 0 0 1 0 0 1 1.49012e-6 -1 4.58497e-7 0 0 -1 0 0 -1 0 0 -1 0 0 -1 0 0 1 0 0 1 1.49012e-6 -1 0 0 -1 0 0 0 1 0 0 1 -1.49012e-6 1 0 0 1 0 -1.49012e-6 1 0 0 1 0 0 0 -1 0 0 -1 0 0 1 0 0 1 1.49012e-6 -1 0 0 -1 0 0 1 0 0 1 0 0 0 -1 0 0 -1 0 0 1 0 1 0 0 -1 4.58497e-7 0 0 -1 0 0 -1 0 0 -1 0 0 -1 0 0 1 0 0 1 0 -1 0 0 -1 0 0 0 1 0 0 1 0 1 0 0 1 0 0 1 0 0 1 0 0 0 -1 0 0 -1 0 0 1 0 0 1 0 -1 -2.68221e-5 0 -1 -2.68221e-5 0 1 0 0 1 0 0 0 -1 0 0 -1 0 1 0 0 -1 0 0 -1 4.58497e-7 0 0 -1 0 0 -1 0 0 1 0 0 1 0 -1 0 0 -1 0 0 0 1 0 0 1 0 1 0 0 1 0 0 1 0 0 1 0 0 0 -1 0 0 -1 0 0 1 0 0 1 0 -1 -2.68221e-5 0 -1 -2.68221e-5 0 1 0 0 1 0 0 0 -1 0 0 -1 0 -1 0 0 1 0 0 -1 4.58497e-7 0 0 -1 0 0 -1 0 0 1 0 0 1 0 -1 0 0 -1 0 0 0 1 0 0 1 0 1 0 0 1 0 0 1 0 0 1 0 0 0 -1 0 0 -1 0 0 1 0 0 1 0 -1 -2.68221e-5 0 -1 -2.68221e-5 0 1 0 0 1 0 0 0 -1 0 0 -1 0 -1 4.58497e-7 0 0 -1 0 0 -1 0 0 1 0 0 1 0 -1 0 0 -1 0 0 0 1 0 0 1 0 1 0 0 1 0 0 1 0 0 1 0 0 0 -1 0 0 -1 0 0 1 0 0 1 0 -1 -2.68221e-5 0 -1 -2.68221e-5 0 1 0 0 1 0 0 0 -1 0 0 -1 0 1 0 0 1 0 0 -1 4.58497e-7 0 0 -1 0 0 -1 0 0 -1 0 0 1 0 0 1 0 -1 0 0 -1 0 0 0 1 0 0 1 0 1 0 0 1 0 0 1 0 0 1 0 0 0 -1 0 0 -1 0 0 1 0 0 1 0 -1 -2.68221e-5 0 -1 -2.68221e-5 0 1 0 0 1 0 0 0 -1 0 0 -1 0 0 1 0 0 1 0 -1 4.58497e-7 0 0 -1 0 0 -1 0 0 -1 0 0 -1 0 0 1 0 0 1 0 -1 0 0 -1 0 0 0 1 0 0 1 0 1 0 0 1 0 0 1 0 0 1 0 0 0 -1 0 0 -1 0 0 1 0 0 1 0 -1 -2.68221e-5 0 -1 0 0 1 0 0 1 0 0 0 -1 0 0 -1 0 0 1 0 0 1 1.49012e-6 -1 4.58497e-7 0 0 -1 0 0 -1 0 0 -1 0 0 -1 0 0 1 0 0 1 1.49012e-6 -1 0 0 -1 0 0 0 1 0 0 1 -1.49012e-6 1 0 0 1 0 -1.49012e-6 1 0 0 1 0 0 0 -1 0 0 -1 0 0 1 0 0 1 1.49012e-6 -1 0 0 -1 0 0 1 0 0 1 0 0 0 -1 0 0 -1 0 0 1 0 0 1 0 -1 4.58497e-7 0 0 -1 0 0 -1 0 0 -1 0 0 -1 0 0 1 0 0 1 0 -1 0 0 -1 0 0 0 1 0 0 1 0 1 0 0 1 0 0 1 0 0 1 0 0 0 -1 0 0 -1 0 0 1 0 0 1 0 -1 0 0 -1 0 0 1 0 0 1 0 0 0 -1 0 0 -1 0 0 1 -7.45059e-7 0 1 0 -1 4.58497e-7 0 0 -1 0 0 -1 0 0 -1 0 0 -1 0 0 1 0 0 1 0 -1 0 0 -1 0 0 0 1 0 0 1 0 1 0 0 1 0 0 1 0 5.96047e-6 1 0 0 0 -1 0 0 -1 0 0 1 0 0 1 0 -1 0 0 -1 0 -1 0 0 0 0 1 0 0 1 0 0 1 0 0 1 0 0 1 0 0 1 0 0 1 1 0 0 0 1 0 0 -1 0 0 -1 0 0 1 0 0 -1 0 0 -1 0 0 -1 0 0.3261566 0.3261524 0.8872692 -0.326156 0.3261517 0.8872695 0 0.9230791 0.3846102 0 0.9230791 0.3846102 0 0.9230791 0.3846103 0 0.9230791 0.3846103 0 0.9230791 0.3846102 0 0.9230791 0.3846103 0 0.923079 0.3846103 0.6782766 0 0.7348067 0.6488002 -0.6487917 -0.3976526 0 -0.3243245 -0.9459459 0 -0.3243245 -0.9459459 0 -0.3243245 -0.9459459 0 -0.3243245 -0.9459459 0 -0.3243245 -0.9459459 0 -0.3243245 -0.9459459 0 -0.3243246 -0.9459459 -0.6488013 -0.6487929 -0.3976489 -0.6782745 0 0.7348087 0 -1 0 0 -1 0 0.7071113 0.7071022 0 0 1 0 0 -1 0 -0.7071115 0.7071021 0 0 1 0 0 -1 0 0 1 0 -1 -1.439e-7 0 -0.7071114 -0.7071022 0 0 -1 0 0.7071114 -0.7071022 0 0 1 0 0 -1 0 1 1.439e-7 0 0 1 0 0 -1 0 0 1 0 0 1 0 0 0 1 0 0 1 1 4.87674e-7 0 0 0 1 -1 0 0 -1 -4.74128e-7 0 0 0 -1 0 0 1 0 0 -1 1 0 0 -1 0 0 1 0 0 0 -1.49012e-7 1 0 1.49012e-7 -1 0 1.49012e-7 -1 0 -1.49012e-7 1 0 1 0 0 1 0 0 0 -1 0 0 -1 0 0 -1 0 0 -1 0 1 0 0 -1 0 0 -1 0 0 -1 0 0 -1 0 0 -1 0 0 -1 0 0 -1 0 0 -1 0 0 -1 0 0 -1 0 0 0 1 0 0 1 0 0 1 0 0 1 0 0 1 0 0 1 0 0 1 0 0 1 0 0 1 0 0 1 0 0 -1 0 0 -1 0 0 -1 0 0 -1 0 0 -1 0 0 -1 0 0 -1 0 0 -1 0 0 -1 0 0 -1 0 1 0 0 1 0 0 1 0 0 1 0 0 1 0 0 1 0 0 1 0 1 0 4.47035e-7 -1 -5.96051e-7 -4.47035e-7 0 0 -1 0 0 -1 0 0 -1 0 0 -1 1 4.87674e-7 0 1 4.74128e-7 0 -1 -4.87674e-7 0 0 0 -1 -1 -4.87675e-7 0 0 0 -1 0 0 1 0 0 1 1 4.87674e-7 0 0 0 1 -1 -4.87675e-7 0 0 0 -1 -1 -4.77515e-7 0 0 0 -1 1 4.74128e-7 0 0 0 1 1 5.4186e-7 0 0 0 1 0 0 1 -1 0 0 0 0 -1 3.72538e-6 0 1 -7.45059e-7 0 -1 0 0 1 1 4.77515e-7 0 -1 0 0 7.45059e-7 0 1 0 0 -1 -1 -4.87675e-7 0 1 4.87674e-7 0 0 0 -1 0 0 1 -1 -4.74128e-7 0 0 0 1 1 4.33488e-7 0 -1 -4.87675e-7 0 0 0 -1 0 0 -1 -1 0 0 0 1 0 0 0 1 1 4.87674e-7 0 0 0 1 0 0 1 0 0 -1 -1 -4.87674e-7 0 1 4.87674e-7 0 -1 -4.33488e-7 0 -1 -4.87675e-7 0 1 4.87674e-7 0 0 0 1 -1 0 0 0 0 1 0 0 -1 1 0 0 1 0 0 -1 -5.41861e-7 0 0 0 -1 0 0 1 -1 0 0 -1 0 0 1 0 0 0 0 -1 0 0 -1 0 0 -1 0 -1.49012e-7 -1 -1 0 0 0 0 -1 0 1.49012e-7 1 1 0 0 1 0 0 0 0 -1 1 0 0 0 0 1 0 0 1 0 0 1 1 0 0 0 1 0 0 1 0 0 1 -4.58497e-7 0 1 0 0 1 0 1 0 0 1 0 0 -1 0 0 1 0 0 0 0 1 0 0 1 0 0 -1 1 0 0 -3.72538e-6 0 -1 -1 0 0 0 -1.49012e-7 -1 0 1.49012e-7 1 0 1.49012e-7 1 0 -1.49012e-7 -1 -1 0 0 1 0 0 -1 0 0 0 0 -1 1 0 0 1 0 0 0 0 1 -1 0 0 -1 0 0 0 0 1 1 0 0 0.7071068 -0.7071068 0 -0.7071067 -0.7071068 0 -0.7071068 0.7071067 0 0 0 -1 0 0 1 0 0 -1 0 0 1 0.7071067 0.7071068 0 -1 0 0 1 0 0 1 0 0 1 0 0 0 0 1 0 1 0 0 -1 0 0 0 1 0 0 -1 0 0 -1 0 0 1 0 -1 0 0 0 -1 0 -1 0 0 0 -1 1 0 0 0 -1 4.58497e-7 0 -1.49012e-7 -1 1 0 0 0 -1 0 1 0 0 0 0 -1 5.96061e-6 -1 0 -2.98031e-6 0 -1 2.98031e-6 0 1 -1 0 0 -1 0 0 -1 0 0 -2.98031e-6 0 -1 0 0 1 -3.72538e-6 0 -1 2.98031e-6 0 1 -5.96061e-6 1 0 1 0 0 2.98031e-6 0 1 0 0 1 5.96061e-6 -1 0 0 0 -1 0 -1 0 -1 0 0 -2.98031e-6 0 -1 0 0 1 2.98031e-6 0 1 0 1.49012e-7 1 5.96061e-6 1 0 0 -1 0 0 -1 0 0 0 -1 0 0 -1 0 0 1 0 0 1 0 1 4.58497e-7 0 0 -1 0 0 -1 0 0 -1 0 0 -1 0 0 1 0 0 1 0 1 0 0 1 0 0 0 1 0 0 1 0 -1 0 0 -1 0 0 -1 0 0 -1 0 0 0 -1 0 0 -1 0 0 1 0 0 1 0 1 0 0 1 0 0 -1 0 0 -1 0 0 0 -1 0 0 -1 0 0 1 0 0 1 0 1 4.58497e-7 0 0 -1 0 0 -1 0 0 -1 0 0 -1 0 0 1 0 0 1 0 1 0 0 1 0 0 0 1 0 0 1 0 -1 0 0 -1 0 0 -1 0 0 -1 0 0 0 -1 0 0 -1 0 0 1 0 0 1 0 1 0 0 1 0 0 -1 0 0 -1 0 0 0 -1 0 0 -1 0 0 1 0 0 1 0 1 4.58497e-7 0 0 -1 0 0 -1 0 0 -1 0 0 -1 0 0 1 0 0 1 0 1 0 0 1 0 0 0 1 0 0 1 0 -1 0 0 -1 0 0 -1 0 0 -1 0 0 0 -1 0 0 -1 0 0 1 0 0 1 0 1 0 0 1 0 0 -1 0 0 -1 0 0 0 -1 0 0 -1 0 0 1 0 -1 0 0 1 4.58497e-7 0 0 -1 0 0 -1 0 0 -1 0 0 -1 0 0 -1 0 0 1 0 0 1 0 1 0 0 1 0 0 0 1 0 0 1 0 -1 0 0 -1 0 0 -1 0 0 -1 0 0 0 -1 0 0 -1 0 0 1 0 0 1 -8.62689e-6 1 0 0 1 -2.68221e-5 0 1 -2.68221e-5 0 -1 0 0 -1 0 0 0 -1 0 0 -1 0 -1 0 0 1 0 0 1 4.58497e-7 0 0 -1 0 0 -1 0 0 1 0 0 1 0 1 0 0 1 0 0 0 1 0 0 1 0 -1 0 0 -1 0 0 -1 0 0 -1 0 0 0 -1 0 0 -1 0 0 1 0 0 1 0 1 -2.68221e-5 0 1 -2.68221e-5 0 -1 0 0 -1 0 0 0 -1 0 0 -1 0 1 0 0 -1 0 0 1 4.58497e-7 0 0 -1 0 0 -1 0 0 1 0 0 1 0 1 0 0 1 0 0 0 1 0 0 1 0 -1 0 0 -1 0 0 -1 0 0 -1 0 0 0 -1 0 0 -1 0 0 1 0 0 1 0 1 -2.68221e-5 0 1 -2.68221e-5 0 -1 0 0 -1 0 0 0 -1 0 0 -1 0 1 4.58497e-7 0 0 -1 0 0 -1 0 0 1 0 0 1 0 1 0 0 1 0 0 0 1 0 0 1 0 -1 0 0 -1 0 0 -1 0 0 -1 0 0 0 -1 0 0 -1 0 0 1 0 0 1 0 1 -2.68221e-5 0 1 -2.68221e-5 0 -1 0 0 -1 0 0 0 -1 0 0 -1 0 -1 0 0 -1 0 0 1 4.58497e-7 0 0 -1 0 0 -1 0 0 -1 0 0 1 0 0 1 0 1 0 0 1 0 0 0 1 0 0 1 0 -1 0 0 -1 0 0 -1 0 0 -1 0 0 0 -1 0 0 -1 0 0 1 0 0 1 0 1 -2.68221e-5 0 1 -2.68221e-5 0 -1 0 0 -1 0 0 0 -1 0 0 -1 0 0 1 0 0 1 0 1 4.58497e-7 0 0 -1 0 0 -1 0 0 -1 0 0 -1 0 0 -1 0 0 1 0 0 1 0 1 0 0 1 0 0 0 1 0 0 1 0 -1 0 0 -1 0 0 -1 0 0 -1 0 0 0 -1 0 0 -1 0 0 1 0 0 1 0 1 -2.68221e-5 8.62695e-6 1 0 0 1 0 0 -1 0 0 -1 0 0 0 -1 0 0 -1 0 0 1 0 0 1 0 1 4.58497e-7 0 0 -1 0 0 -1 0 0 -1 0 0 -1 0 0 1 0 0 1 0 1 0 0 1 0 0 0 1 0 0 1 0 -1 0 0 -1 0 0 -1 0 0 -1 0 0 0 -1 0 0 -1 0 0 1 0 0 1 0 1 0 0 1 0 0 -1 0 0 -1 0 0 0 -1 0 0 -1 0 0 1 0 0 1 0 1 4.58497e-7 0 0 -1 0 0 -1 0 0 -1 0 0 -1 0 0 1 0 0 1 0 1 0 0 1 0 0 0 1 0 0 1 0 -1 0 0 -1 0 0 -1 0 0 -1 0 0 0 -1 0 0 -1 0 0 1 0 0 1 0 1 0 0 1 0 0 -1 0 -5.96047e-6 -1 -4.58497e-7 0 0 -1 0 0 -1 0 0 1 0 -1.49012e-7 1 0 1 4.58497e-7 0 0 -1 0 0 -1 0 0 -1 -7.45059e-7 1.49012e-7 -1 0 0 1 0 0 1 0 1 0 0 1 0 0 0 1 0 0 1 0 -1 0 0 -1 0 0 -1 0 -5.96047e-6 -1 0 0 0 -1 0 0 -1 0 0 1 0 0 1 0 1 0 0 1 0 1 0 0 0 0 1 0 0 1 0 0 1 0 0 1 0 0 1 0 0 1 0 0 1 -1 0 0 0 -1 0 0 1 0 0 1 0 0 -1 0 0 1 0 0 1 0 0 1 0 0 -0.923079 0.3846103 0 -0.9230791 0.3846102 0 -0.923079 0.3846103 0 -0.9230791 0.3846102 0 -0.923079 0.3846103 0 -0.9230791 0.3846102 0 -0.923079 0.3846103 -0.6782765 0 0.7348068 0 0.3243245 -0.9459459 0 0.3243245 -0.9459459 0 0.3243245 -0.9459459 0 0.3243245 -0.9459459 0 0.3243245 -0.9459459 0 0.3243245 -0.9459459 0 0.3243245 -0.9459459 0.6782745 0 0.7348086 0 1 0 0 1 0 -0.7071114 -0.7071022 0 0 -1 0 0 1 0 0.7071114 -0.7071022 0 0 -1 0 0 1 0 0 -1 0 1 0 0 0.7071114 0.7071022 0 0 1 0 -0.7071114 0.7071022 0 0 -1 0 0 1 0 -1 0 0 0 -1 0 0 1 0 0 -1 0 0 -1 0 0 0 1 0 0 1 -1 0 0 1 0 0 -1 0 0 0 1.49012e-7 1 0 -1.49012e-7 -1 0 -1.49012e-7 -1 0 1.49012e-7 1 0 -1 0 0 -1 0 0 0 -1 0 0 -1 0 0 -1 0 0 -1 0 -1 0 0 1 0 0 1 0 0 1 0 0 1 0 0 1 0 0 1 0 0 1 0 0 1 0 0 1 0 0 1 0 0 0 1 0 0 1 0 0 1 0 0 1 0 0 1 0 0 1 0 0 1 0 0 1 0 0 1 0 0 1 0 0 -1 0 0 -1 0 0 -1 0 0 -1 0 0 -1 0 0 -1 0 0 -1 0 0 -1 0 0 -1 0 0 -1 0 -1 0 0 -1 0 0 -1 0 0 -1 0 0 -1 0 0 -1 0 0 -1 0 -1 -2.98026e-7 -1.49012e-7 1 0 1.49012e-7 0 0 -1 0 0 -1 0 0 -1 0 0 1 1 0 0 0 0 -1 0 -1 0 0 0 1 1 0 0 1 0 0 -1 0 0 0 0 -1 0 0 -1 0 0 -1 0 1.49012e-7 -1 1 0 0 0 0 -1 0 -1.49012e-7 1 -1 0 0 -1 0 0 0 0 -1 -1 0 0 0 0 1 0 0 1 0 0 1 -1 0 0 0 -1 0 0 -1 0 0 -1 -4.58497e-7 0 -1 0 0 -1 0 -1 0 0 -1 0 0 1 0 0 -1 0 0 0 0 1 0 0 1 0 0 -1 0 1.49012e-7 -1 0 -1.49012e-7 1 0 -1.49012e-7 1 0 1.49012e-7 -1 1 0 0 -1 0 0 1 0 0 0 0 -1 -0.7071069 0.7071067 0 0.7071067 0.7071069 0 -1 0 0 0.7071069 -0.7071067 0 0 0 -1 0 0 -1 0 0 1 0 0 -1 0 0 1 0 0 1 -0.7071067 -0.7071069 0 0 0 -1 1 0 0 0 0 1 -1 0 0 -1 0 0 -1 0 0 0 0 1 0 0 -1 0 -1 0 0 1 0 0 0 1 0 0 -1 0 0 -1 0 0 1 0 1 0 0 0 -1 0 1 0 0 0 -1 -1 0 0 0 1 4.58497e-7 0 1.49012e-7 -1 -1 0 0 0 1 0 -1 0 0 0 0 -1 -5.96061e-6 1 0 1 0 0 1 0 0 2.98031e-6 0 -1 -2.98031e-6 0 1 1 0 0 1 0 0 1 0 0 2.98031e-6 0 -1 0 0 1 3.72538e-6 0 -1 1 0 0 -2.98031e-6 0 1 5.96061e-6 -1 0 -1 0 0 -2.98031e-6 0 1 0 0 1 -5.96061e-6 1 0 0 0 -1 0 1 0 1 0 0 2.98031e-6 0 -1 0 0 1 -2.98031e-6 0 1 0 -1.49012e-7 1 -5.96061e-6 -1 0 0 1 0 0 1 0 0 0 -1 0 0 -1 0 0 1 0 0 1 0 -1 4.58497e-7 0 0 -1 0 0 -1 0 0 -1 0 0 -1 0 0 1 0 0 1 0 -1 0 0 -1 0 0 0 1 0 0 1 0 1 0 0 1 0 0 1 0 0 1 0 0 0 -1 0 0 -1 0 0 1 0 0 1 0 -1 0 0 -1 0 0 1 0 0 1 0 0 0 -1 0 0 -1 0 0 1 0 0 1 0 -1 4.58497e-7 0 0 -1 0 0 -1 0 0 -1 0 0 -1 0 0 1 0 0 1 0 -1 0 0 -1 0 0 0 1 0 0 1 0 1 0 0 1 0 0 1 0 0 1 0 0 0 -1 0 0 -1 0 0 1 0 0 1 0 -1 0 0 -1 0 0 1 0 0 1 0 0 0 -1 0 0 -1 0 0 1 0 0 1 1.49012e-6 -1 4.58497e-7 0 0 -1 0 0 -1 0 0 -1 0 0 -1 0 0 1 0 0 1 1.49012e-6 -1 0 0 -1 0 0 0 1 0 0 1 -1.49012e-6 1 0 0 1 0 -1.49012e-6 1 0 0 1 0 0 0 -1 0 0 -1 0 0 1 0 0 1 1.49012e-6 -1 0 0 -1 0 0 1 0 0 1 0 0 0 -1 0 0 -1 0 0 1 0 1 0 0 -1 4.58497e-7 0 0 -1 0 0 -1 0 0 -1 0 0 -1 0 0 -1 0 0 1 0 0 1 0 -1 0 0 -1 0 0 0 1 0 0 1 0 1 0 0 1 0 0 1 0 0 1 0 0 0 -1 0 0 -1 0 0 1 0 0 1 8.62689e-6 -1 0 0 -1 -2.68221e-5 0 -1 -2.68221e-5 0 1 0 0 1 0 0 0 -1 0 0 -1 0 1 0 0 -1 0 0 -1 4.58497e-7 0 0 -1 0 0 -1 0 0 1 0 0 1 0 -1 0 0 -1 0 0 0 1 0 0 1 0 1 0 0 1 0 0 1 0 0 1 0 0 0 -1 0 0 -1 0 0 1 0 0 1 0 -1 -2.68221e-5 0 -1 -2.68221e-5 0 1 0 0 1 0 0 0 -1 0 0 -1 0 -1 0 0 1 0 0 -1 4.58497e-7 0 0 -1 0 0 -1 0 0 1 0 0 1 0 -1 0 0 -1 0 0 0 1 0 0 1 0 1 0 0 1 0 0 1 0 0 1 0 0 0 -1 0 0 -1 0 0 1 0 0 1 0 -1 -2.68221e-5 0 -1 -2.68221e-5 0 1 0 0 1 0 0 0 -1 0 0 -1 0 -1 4.58497e-7 0 0 -1 0 0 -1 0 0 1 0 0 1 0 -1 0 0 -1 0 0 0 1 0 0 1 0 1 0 0 1 0 0 1 0 0 1 0 0 0 -1 0 0 -1 0 0 1 0 0 1 0 -1 -2.68221e-5 0 -1 -2.68221e-5 0 1 0 0 1 0 0 0 -1 0 0 -1 0 1 0 0 1 0 0 -1 4.58497e-7 0 0 -1 0 0 -1 0 0 -1 0 0 1 0 0 1 0 -1 0 0 -1 0 0 0 1 0 0 1 0 1 0 0 1 0 0 1 0 0 1 0 0 0 -1 0 0 -1 0 0 1 0 0 1 0 -1 -2.68221e-5 0 -1 -2.68221e-5 0 1 0 0 1 0 0 0 -1 0 0 -1 0 0 1 0 0 1 0 -1 4.58497e-7 0 0 -1 0 0 -1 0 0 -1 0 0 -1 0 0 -1 0 0 1 0 0 1 0 -1 0 0 -1 0 0 0 1 0 0 1 0 1 0 0 1 0 0 1 0 0 1 0 0 0 -1 0 0 -1 0 0 1 0 0 1 0 -1 -2.68221e-5 -8.62695e-6 -1 0 0 -1 0 0 1 0 0 1 0 0 0 -1 0 0 -1 0 0 1 0 0 1 1.49012e-6 -1 4.58497e-7 0 0 -1 0 0 -1 0 0 -1 0 0 -1 0 0 1 0 0 1 1.49012e-6 -1 0 0 -1 0 0 0 1 0 0 1 -1.49012e-6 1 0 0 1 0 -1.49012e-6 1 0 0 1 0 0 0 -1 0 0 -1 0 0 1 0 0 1 1.49012e-6 -1 0 0 -1 0 0 1 0 0 1 0 0 0 -1 0 0 -1 0 0 1 0 0 1 0 -1 4.58497e-7 0 0 -1 0 0 -1 0 0 -1 0 0 -1 0 0 1 0 0 1 0 -1 0 0 -1 0 0 0 1 0 0 1 0 1 0 0 1 0 0 1 0 0 1 0 0 0 -1 0 0 -1 0 0 1 0 0 1 0 -1 0 0 -1 0 0 1 0 5.96047e-6 1 -4.58497e-7 0 0 -1 0 0 -1 0 0 1 0 1.49012e-7 1 0 -1 4.58497e-7 0 0 -1 0 0 -1 0 0 -1 7.45059e-7 -1.49012e-7 -1 0 0 1 0 0 1 0 -1 0 0 -1 0 0 0 1 0 0 1 0 1 0 0 1 0 0 1 0 5.96047e-6 1 0 0 0 -1 0 0 -1 0 0 1 0 0 1 0 -1 0 0 -1 0 -1 0 0 0 0 1 0 0 1 0 0 1 0 0 1 0 0 1 0 0 1 0 0 1 1 0 0 0 1 0 0 -1 0 0 -1 0 0 1 0 0 -1 0 0 -1 0 0 -1 0 0 0.923079 0.3846103 0 0.9230791 0.3846102 0 0.923079 0.3846103 0 0.9230791 0.3846102 0 0.923079 0.3846103 0 0.9230791 0.3846102 0 0.923079 0.3846103 0.6782767 0 0.7348067 0 -0.3243245 -0.9459459 0 -0.3243245 -0.9459459 0 -0.3243245 -0.9459459 0 -0.3243245 -0.9459459 0 -0.3243245 -0.9459459 0 -0.3243245 -0.9459459 0 -0.3243245 -0.9459459 -0.6782745 0 0.7348087 0 -1 0 0 -1 0 0.7071113 0.7071022 0 0 1 0 0 -1 0 -0.7071115 0.7071021 0 0 1 0 0 -1 0 0 1 0 -1 -1.439e-7 0 -0.7071114 -0.7071022 0 0 -1 0 0.7071114 -0.7071022 0 0 1 0 0 -1 0 1 1.439e-7 0 0 1 0 0 -1 0 0 1 0 0 1 0 0 0 1 0 0 1 1 4.87675e-7 0 0 0 1 -1 0 0 -1 -4.74128e-7 0 0 0 -1 0 0 1 0 0 -1 1 0 0 -1 0 0 1 0 0 0 -1.49012e-7 1 0 1.49012e-7 -1 0 1.49012e-7 -1 0 -1.49012e-7 1 0 1 0 0 1 0 0 0 -1 0 0 -1 0 0 -1 0 0 -1 0 1 0 0 -1 0 0 -1 0 0 -1 0 0 -1 0 0 -1 0 0 -1 0 0 -1 0 0 -1 0 0 -1 0 0 -1 0 0 0 1 0 0 1 0 0 1 0 0 1 0 0 1 0 0 1 0 0 1 0 0 1 0 0 1 0 0 1 0 0 -1 0 0 -1 0 0 -1 0 0 -1 0 0 -1 0 0 -1 0 0 -1 0 0 -1 0 0 -1 0 0 -1 0 1 0 0 1 0 0 1 0 0 1 0 0 1 0 0 1 0 0 1 0 1 5.96051e-7 -1.49012e-7 -1 0 1.49012e-7 0 0 -1 0 0 -1 0 0 -1 0 0 -1 1 4.87674e-7 0 1 4.74128e-7 0 -1 -4.87674e-7 0 0 0 -1 -1 -4.87674e-7 0 0 0 -1 0 0 1 0 0 1 1 4.87675e-7 0 0 0 1 -1 -4.87674e-7 0 0 0 -1 -1 -4.77515e-7 0 0 0 -1 1 4.74128e-7 0 0 0 1 1 5.41861e-7 0 0 0 1 0 0 1 -1 0 0 0 0 -1 -7.45059e-7 0 1 3.72538e-6 0 -1 0 0 1 1 4.77515e-7 0 -1 0 0 -3.72538e-6 0 1 0 0 -1 -1 -4.87674e-7 0 1 4.87675e-7 0 0 0 -1 0 0 1 -1 -4.74128e-7 0 0 0 1 1 4.33489e-7 0 -1 -4.87674e-7 0 0 0 -1 0 0 -1 -1 0 0 0 1 0 0 0 1 1 4.87675e-7 0 0 0 1 0 0 1 0 0 -1 -1 -4.87674e-7 0 1 4.87675e-7 0 -1 -4.33488e-7 0 -1 -4.87674e-7 0 1 4.87675e-7 0 0 0 1 -1 0 0 0 0 1 0 0 -1 1 0 0 1 0 0 -1 -5.41861e-7 0 0 0 -1 0 0 1 -1 0 0 -1 0 0 1 0 0 0 0 -1 0 0 -1 0 0 -1 0 -1.49012e-7 -1 -1 0 0 0 0 -1 0 1.49012e-7 1 1 0 0 1 0 0 0 0 -1 1 0 0 0 0 1 0 0 1 0 0 1 1 0 0 0 1 0 0 1 0 0 1 -4.58497e-7 0 1 0 0 1 0 1 0 0 1 0 0 -1 0 0 1 0 0 0 0 1 0 0 1 0 0 -1 1 0 0 7.45059e-7 0 -1 -1 0 0 0 -1.49012e-7 -1 0 1.49012e-7 1 0 1.49012e-7 1 0 -1.49012e-7 -1 -1 0 0 1 0 0 -1 0 0 0 0 -1 1 0 0 1 0 0 0 0 1 -1 0 0 -1 0 0 -1 0 0 0 0 1 1 0 0</float_array>
          <technique_common>
            <accessor source="#Cube-mesh-normals-array" count="2260" stride="3">
              <param name="X" type="float"/>
              <param name="Y" type="float"/>
              <param name="Z" type="float"/>
            </accessor>
          </technique_common>
        </source>
        <source id="Cube-mesh-map-0">
          <float_array id="Cube-mesh-map-0-array" count="13560">0.625 1 0.5 0.5 0.625 0.5 0.375 1 0.25 0.5 0.375 0.5 0.7499999 0.01872724 0.9135347 0.08646547 0.9135347 0.08646547 0.9135347 0.08646547 0.75 0.00999999 0.7499999 0.01872724 0.25 0.01872724 0.4197056 0.08029437 0.4135345 0.08646547 0.5864655 0.08646547 0.51 0.25 0.5187273 0.25 0.01872724 0.25 0.08029437 0.08029437 0.08646547 0.08646547 0.5187273 0.25 0.5864655 0.08646547 0.5864655 0.08646547 0.375 0.75 0.125 0.75 0.125 0.75 0.375 0.6666666 0.125 0.6666666 0.375 0.6666666 0.125 0.6666666 0.125 0.6666666 0.125 0.6666666 0.125 0.6666666 0.375 0.6666666 0.125 0.6666666 0.375 0.6666666 0.375 0.6666666 0.375 0.6666666 0.7648669 0.4751148 0.7500001 0.4812728 0.764867 0.4751148 0.7954545 1 0.9197056 0.4197056 0.9042778 0.426096 0.7954545 1 0.4135346 0.4135346 0.875 1 0.7654278 0.4836096 0.7500001 0.4812728 0.75 0.49 0.125 0.6666666 0.125 0.6666666 0.125 0.6666666 0.375 0.6666666 0.375 0.6666666 0.375 0.6666666 0.125 0.6666666 0.125 0.6666666 0.125 0.6666666 0.125 0.6666666 0.125 0.6666666 0.125 0.6666666 0.125 0.6666666 0.125 0.6666666 0.125 0.6666666 0.375 0.75 0.375 0.75 0.375 0.75 0.125 0.6666666 0.125 0.6666666 0.125 0.6666666 0.375 0.75 0.125 0.75 0.125 0.75 0.125 0.6666666 0.125 0.6666666 0.125 0.6666666 0.375 0.6666666 0.375 0.6666666 0.375 0.6666666 0.375 0.6666666 0.375 0.6666666 0.375 0.6666666 0.125 0.6666666 0.125 0.6666666 0.125 0.6666666 0.375 0.75 0.375 0.75 0.375 0.75 0.375 0.75 0.125 0.75 0.125 0.75 0.375 0.75 0.375 0.75 0.375 0.75 0.375 0.6666666 0.375 0.75 0.375 0.6666666 0.125 0.6666666 0.125 0.6666666 0.125 0.6666666 0.125 0.6666666 0.125 0.6666666 0.25 0.6666666 0.125 0.75 0.125 0.75 0.125 0.75 0.125 0.75 0.125 0.75 0.125 0.75 0.125 0.75 0.125 0.6666666 0.125 0.75 0.125 0.75 0.125 0.75 0.125 0.75 0.375 0.6666666 0.375 0.6666666 0.375 0.6666666 0.375 0.6666666 0.125 0.6666666 0.375 0.6666666 0.375 0.75 0.375 0.75 0.375 0.75 0.125 0.75 0.125 0.75 0.125 0.75 0.375 0.75 0.375 0.75 0.375 0.75 0.375 0.75 0.375 0.75 0.375 0.75 0.125 0.75 0.125 0.75 0.125 0.75 0.375 0.6666666 0.375 0.6666666 0.375 0.6666666 0.125 0.75 0.125 0.75 0.125 0.75 0.125 0.75 0.125 0.75 0.125 0.75 0.375 0.75 0.375 0.75 0.375 0.75 0.375 0.6666666 0.375 0.6666666 0.375 0.6666666 0.125 0.6666666 0.125 0.6666666 0.125 0.6666666 0.375 0.75 0.125 0.75 0.375 0.75 0.375 0.75 0.125 0.75 0.375 0.75 0.375 0.75 0.375 0.75 0.375 0.75 0.375 0.75 0.375 0.75 0.375 0.75 0.375 0.6666666 0.375 0.75 0.375 0.6666666 0.375 0.6666666 0.375 0.75 0.375 0.6666666 0.125 0.6666666 0.375 0.6666666 0.125 0.6666666 0.125 0.75 0.125 0.75 0.125 0.75 0.125 0.75 0.125 0.75 0.125 0.75 0.125 0.75 0.125 0.6666666 0.125 0.75 0.125 0.75 0.125 0.6666666 0.125 0.75 0.125 0.75 0.125 0.75 0.125 0.75 0.125 0.75 0.125 0.75 0.125 0.75 0.375 0.6666666 0.375 0.6666666 0.375 0.6666666 0.375 0.6666666 0.375 0.6666666 0.375 0.6666666 0.375 0.75 0.375 0.75 0.375 0.75 0.375 0.75 0.375 0.75 0.375 0.75 0.375 0.75 0.375 0.75 0.375 0.75 0.375 0.75 0.375 0.75 0.375 0.75 0.125 0.75 0.125 0.75 0.125 0.75 0.125 0.75 0.125 0.75 0.125 0.75 0.125 0.75 0.125 0.75 0.125 0.75 0.125 0.75 0.125 0.75 0.125 0.75 0.375 0.75 0.375 0.75 0.375 0.75 0.375 0.75 0.375 0.75 0.375 0.75 0.125 0.6666666 0.125 0.6666666 0.125 0.6666666 0.125 0.6666666 0.125 0.6666666 0.125 0.6666666 0.375 0.75 0.125 0.75 0.375 0.75 0.375 0.75 0.125 0.75 0.375 0.75 0.375 0.75 0.375 0.75 0.375 0.75 0.375 0.75 0.375 0.75 0.375 0.75 0.375 0.6666666 0.375 0.75 0.375 0.6666666 0.375 0.6666666 0.375 0.75 0.375 0.6666666 0.125 0.6666666 0.375 0.6666666 0.125 0.6666666 0.125 0.75 0.125 0.75 0.125 0.75 0.125 0.75 0.125 0.75 0.125 0.75 0.125 0.75 0.125 0.6666666 0.125 0.75 0.125 0.75 0.125 0.6666666 0.125 0.75 0.125 0.75 0.125 0.75 0.125 0.75 0.125 0.75 0.125 0.75 0.125 0.75 0.375 0.6666666 0.375 0.6666666 0.375 0.6666666 0.375 0.6666666 0.375 0.6666666 0.375 0.6666666 0.375 0.75 0.375 0.75 0.375 0.75 0.375 0.75 0.375 0.75 0.375 0.75 0.375 0.75 0.375 0.75 0.375 0.75 0.375 0.75 0.375 0.75 0.375 0.75 0.125 0.75 0.125 0.75 0.125 0.75 0.125 0.75 0.125 0.75 0.125 0.75 0.125 0.75 0.125 0.75 0.125 0.75 0.125 0.75 0.125 0.75 0.125 0.75 0.375 0.75 0.375 0.75 0.375 0.75 0.375 0.75 0.375 0.75 0.375 0.75 0.125 0.6666666 0.125 0.6666666 0.125 0.6666666 0.125 0.6666666 0.125 0.6666666 0.125 0.6666666 0.375 0.75 0.125 0.75 0.375 0.75 0.375 0.75 0.125 0.75 0.375 0.75 0.375 0.75 0.375 0.75 0.375 0.75 0.375 0.75 0.375 0.75 0.375 0.75 0.375 0.6666666 0.375 0.75 0.375 0.6666666 0.375 0.6666666 0.375 0.75 0.375 0.6666666 0.125 0.6666666 0.375 0.6666666 0.125 0.6666666 0.125 0.75 0.125 0.75 0.125 0.75 0.125 0.75 0.125 0.75 0.125 0.75 0.125 0.75 0.125 0.6666666 0.125 0.75 0.125 0.75 0.125 0.6666666 0.125 0.75 0.125 0.75 0.125 0.75 0.125 0.75 0.125 0.75 0.125 0.75 0.125 0.75 0.375 0.6666666 0.375 0.6666666 0.375 0.6666666 0.375 0.6666666 0.375 0.6666666 0.375 0.6666666 0.375 0.75 0.375 0.75 0.375 0.75 0.375 0.75 0.375 0.75 0.375 0.75 0.375 0.75 0.375 0.75 0.375 0.75 0.375 0.75 0.375 0.75 0.375 0.75 0.125 0.75 0.125 0.75 0.125 0.75 0.125 0.75 0.125 0.75 0.125 0.75 0.125 0.75 0.125 0.75 0.125 0.75 0.125 0.75 0.125 0.75 0.125 0.75 0.375 0.75 0.375 0.75 0.375 0.75 0.375 0.75 0.375 0.75 0.375 0.75 0.125 0.6666666 0.125 0.6666666 0.125 0.6666666 0.125 0.6666666 0.125 0.6666666 0.125 0.6666666 0.375 0.75 0.125 0.75 0.375 0.75 0.375 0.75 0.125 0.75 0.375 0.75 0.375 0.75 0.375 0.75 0.375 0.75 0.375 0.75 0.375 0.75 0.375 0.75 0.375 0.6666666 0.375 0.75 0.375 0.6666666 0.375 0.75 0.375 0.75 0.375 0.75 0.125 0.6666666 0.375 0.6666666 0.125 0.6666666 0.125 0.75 0.125 0.75 0.125 0.75 0.125 0.75 0.125 0.75 0.125 0.75 0.125 0.75 0.125 0.6666666 0.125 0.6666666 0.125 0.75 0.125 0.6666666 0.125 0.6666666 0.125 0.75 0.125 0.75 0.125 0.75 0.125 0.75 0.125 0.75 0.125 0.75 0.375 0.6666666 0.375 0.6666666 0.375 0.6666666 0.375 0.6666666 0.375 0.6666666 0.375 0.6666666 0.375 0.75 0.375 0.75 0.375 0.75 0.375 0.75 0.375 0.75 0.375 0.75 0.375 0.75 0.375 0.75 0.375 0.75 0.375 0.75 0.375 0.75 0.375 0.75 0.125 0.75 0.125 0.75 0.125 0.75 0.125 0.75 0.125 0.75 0.125 0.75 0.125 0.75 0.125 0.75 0.125 0.75 0.125 0.75 0.125 0.75 0.125 0.75 0.375 0.75 0.375 0.75 0.375 0.75 0.375 0.75 0.375 0.75 0.375 0.75 0.125 0.6666666 0.125 0.6666666 0.125 0.6666666 0.125 0.6666666 0.125 0.6666666 0.125 0.6666666 0.375 0.75 0.125 0.75 0.375 0.75 0.375 0.75 0.125 0.75 0.375 0.75 0.375 0.75 0.375 0.75 0.375 0.75 0.375 0.75 0.375 0.75 0.375 0.75 0.375 0.75 0.375 0.75 0.375 0.75 0.375 0.6666666 0.375 0.6666666 0.375 0.6666666 0.125 0.6666666 0.375 0.6666666 0.125 0.6666666 0.125 0.75 0.125 0.75 0.125 0.75 0.125 0.75 0.125 0.75 0.125 0.75 0.125 0.75 0.125 0.75 0.125 0.75 0.125 0.75 0.125 0.75 0.125 0.75 0.375 0.6666666 0.375 0.6666666 0.375 0.6666666 0.375 0.6666666 0.375 0.6666666 0.375 0.6666666 0.375 0.75 0.375 0.75 0.375 0.75 0.375 0.75 0.375 0.75 0.375 0.75 0.375 0.75 0.375 0.75 0.375 0.75 0.375 0.75 0.375 0.75 0.375 0.75 0.125 0.75 0.125 0.75 0.125 0.75 0.125 0.75 0.125 0.75 0.125 0.75 0.125 0.75 0.125 0.75 0.125 0.75 0.125 0.75 0.125 0.75 0.125 0.75 0.375 0.75 0.375 0.75 0.375 0.75 0.375 0.75 0.375 0.75 0.375 0.75 0.125 0.6666666 0.125 0.6666666 0.125 0.6666666 0.125 0.6666666 0.125 0.6666666 0.125 0.6666666 0.375 0.75 0.125 0.75 0.375 0.75 0.375 0.75 0.125 0.75 0.375 0.75 0.375 0.75 0.375 0.75 0.375 0.75 0.375 0.75 0.375 0.75 0.375 0.75 0.375 0.6666666 0.375 0.6666666 0.375 0.6666666 0.375 0.75 0.375 0.75 0.375 0.75 0.125 0.6666666 0.375 0.6666666 0.125 0.6666666 0.125 0.75 0.125 0.75 0.125 0.75 0.125 0.75 0.125 0.75 0.125 0.75 0.125 0.75 0.125 0.75 0.125 0.75 0.125 0.75 0.125 0.75 0.125 0.75 0.375 0.6666666 0.375 0.6666666 0.375 0.6666666 0.375 0.6666666 0.375 0.6666666 0.375 0.6666666 0.375 0.75 0.375 0.75 0.375 0.75 0.375 0.75 0.375 0.75 0.375 0.75 0.375 0.75 0.375 0.75 0.375 0.75 0.375 0.75 0.375 0.75 0.375 0.75 0.125 0.75 0.125 0.75 0.125 0.75 0.125 0.75 0.125 0.75 0.125 0.75 0.125 0.75 0.125 0.75 0.125 0.75 0.125 0.75 0.125 0.75 0.125 0.75 0.375 0.75 0.375 0.75 0.375 0.75 0.375 0.75 0.375 0.75 0.375 0.75 0.125 0.6666666 0.125 0.6666666 0.125 0.6666666 0.125 0.6666666 0.125 0.6666666 0.125 0.6666666 0.375 0.75 0.125 0.75 0.375 0.75 0.375 0.75 0.125 0.75 0.375 0.75 0.375 0.75 0.375 0.75 0.375 0.75 0.375 0.75 0.375 0.75 0.375 0.75 0.125 0.6666666 0.375 0.6666666 0.125 0.6666666 0.125 0.75 0.125 0.75 0.125 0.75 0.125 0.75 0.125 0.75 0.125 0.75 0.125 0.75 0.125 0.75 0.125 0.75 0.125 0.75 0.125 0.75 0.125 0.75 0.375 0.6666666 0.375 0.6666666 0.375 0.6666666 0.375 0.6666666 0.375 0.6666666 0.375 0.6666666 0.375 0.75 0.375 0.75 0.375 0.75 0.375 0.75 0.375 0.75 0.375 0.75 0.375 0.75 0.375 0.75 0.375 0.75 0.375 0.75 0.375 0.75 0.375 0.75 0.125 0.75 0.125 0.75 0.125 0.75 0.125 0.75 0.125 0.75 0.125 0.75 0.125 0.75 0.125 0.75 0.125 0.75 0.125 0.75 0.125 0.75 0.125 0.75 0.375 0.75 0.375 0.75 0.375 0.75 0.375 0.75 0.375 0.75 0.375 0.75 0.125 0.6666666 0.125 0.6666666 0.125 0.6666666 0.125 0.6666666 0.125 0.6666666 0.125 0.6666666 0.375 0.75 0.125 0.75 0.375 0.75 0.375 0.75 0.125 0.75 0.375 0.75 0.375 0.75 0.375 0.75 0.375 0.75 0.375 0.75 0.375 0.75 0.375 0.75 0.375 0.75 0.375 0.75 0.375 0.75 0.375 0.75 0.375 0.75 0.375 0.75 0.125 0.6666666 0.375 0.6666666 0.125 0.6666666 0.125 0.75 0.125 0.75 0.125 0.75 0.125 0.75 0.125 0.75 0.125 0.75 0.125 0.75 0.125 0.6666666 0.125 0.6666666 0.125 0.75 0.125 0.75 0.125 0.75 0.125 0.75 0.125 0.75 0.125 0.75 0.375 0.6666666 0.375 0.6666666 0.375 0.6666666 0.375 0.6666666 0.375 0.6666666 0.375 0.6666666 0.375 0.75 0.375 0.75 0.375 0.75 0.375 0.75 0.375 0.75 0.375 0.75 0.375 0.75 0.375 0.75 0.375 0.75 0.375 0.75 0.375 0.75 0.375 0.75 0.125 0.75 0.125 0.75 0.125 0.75 0.125 0.75 0.125 0.75 0.125 0.75 0.125 0.75 0.125 0.75 0.125 0.75 0.125 0.75 0.125 0.75 0.125 0.75 0.375 0.75 0.375 0.75 0.375 0.75 0.375 0.75 0.375 0.75 0.375 0.75 0.125 0.6666666 0.125 0.6666666 0.125 0.6666666 0.125 0.6666666 0.125 0.6666666 0.125 0.6666666 0.375 0.75 0.125 0.75 0.375 0.75 0.375 0.75 0.125 0.75 0.375 0.75 0.375 0.75 0.375 0.75 0.375 0.75 0.375 0.75 0.375 0.75 0.375 0.75 0.375 0.6666666 0.375 0.75 0.375 0.6666666 0.375 0.6666666 0.375 0.75 0.375 0.6666666 0.125 0.6666666 0.375 0.6666666 0.125 0.6666666 0.125 0.75 0.125 0.75 0.125 0.75 0.125 0.75 0.125 0.75 0.125 0.75 0.125 0.75 0.125 0.6666666 0.125 0.6666666 0.125 0.75 0.125 0.6666666 0.125 0.75 0.125 0.75 0.125 0.75 0.125 0.75 0.125 0.75 0.125 0.75 0.125 0.75 0.375 0.6666666 0.375 0.6666666 0.375 0.6666666 0.375 0.6666666 0.375 0.6666666 0.375 0.6666666 0.375 0.75 0.375 0.75 0.375 0.75 0.375 0.75 0.375 0.75 0.375 0.75 0.375 0.75 0.375 0.75 0.375 0.75 0.375 0.75 0.375 0.75 0.375 0.75 0.125 0.75 0.125 0.75 0.125 0.75 0.125 0.75 0.125 0.75 0.125 0.75 0.125 0.75 0.125 0.75 0.125 0.75 0.125 0.75 0.125 0.75 0.125 0.75 0.375 0.75 0.375 0.75 0.375 0.75 0.375 0.75 0.375 0.75 0.375 0.75 0.125 0.6666666 0.125 0.6666666 0.125 0.6666666 0.125 0.6666666 0.125 0.6666666 0.125 0.6666666 0.375 0.75 0.125 0.75 0.375 0.75 0.375 0.75 0.125 0.75 0.375 0.75 0.375 0.75 0.375 0.75 0.375 0.75 0.375 0.75 0.375 0.75 0.375 0.75 0.375 0.6666666 0.375 0.75 0.375 0.6666666 0.375 0.6666666 0.375 0.75 0.375 0.6666666 0.125 0.6666666 0.375 0.6666666 0.125 0.6666666 0.125 0.75 0.125 0.75 0.125 0.75 0.125 0.75 0.125 0.75 0.125 0.75 0.125 0.75 0.125 0.6666666 0.125 0.75 0.125 0.75 0.125 0.6666666 0.125 0.75 0.125 0.75 0.125 0.75 0.125 0.75 0.125 0.75 0.125 0.75 0.125 0.75 0.375 0.6666666 0.375 0.6666666 0.375 0.6666666 0.375 0.6666666 0.375 0.6666666 0.375 0.6666666 0.375 0.75 0.375 0.75 0.375 0.75 0.375 0.75 0.375 0.75 0.375 0.75 0.375 0.75 0.375 0.75 0.375 0.75 0.375 0.75 0.375 0.75 0.375 0.75 0.125 0.75 0.125 0.75 0.125 0.75 0.125 0.75 0.125 0.75 0.125 0.75 0.125 0.75 0.125 0.75 0.125 0.75 0.125 0.75 0.125 0.75 0.125 0.75 0.375 0.75 0.375 0.75 0.375 0.75 0.375 0.75 0.375 0.75 0.375 0.75 0.125 0.6666666 0.125 0.6666666 0.125 0.6666666 0.125 0.6666666 0.125 0.6666666 0.125 0.6666666 0.375 0.75 0.125 0.75 0.375 0.75 0.375 0.75 0.125 0.75 0.375 0.75 0.375 0.75 0.375 0.75 0.375 0.75 0.375 0.75 0.375 0.75 0.375 0.75 0.375 0.6666666 0.375 0.75 0.375 0.6666666 0.375 0.6666666 0.375 0.75 0.375 0.6666666 0.125 0.6666666 0.375 0.6666666 0.125 0.6666666 0.125 0.75 0.125 0.75 0.125 0.75 0.125 0.75 0.125 0.75 0.125 0.75 0.125 0.75 0.125 0.6666666 0.125 0.75 0.125 0.75 0.125 0.6666666 0.125 0.75 0.125 0.75 0.125 0.75 0.125 0.75 0.125 0.75 0.125 0.75 0.125 0.75 0.375 0.6666666 0.375 0.6666666 0.375 0.6666666 0.375 0.6666666 0.375 0.6666666 0.375 0.6666666 0.375 0.75 0.375 0.75 0.375 0.75 0.375 0.75 0.375 0.75 0.375 0.75 0.375 0.75 0.375 0.75 0.375 0.75 0.375 0.75 0.375 0.75 0.375 0.75 0.125 0.75 0.125 0.75 0.125 0.75 0.125 0.75 0.125 0.75 0.125 0.75 0.125 0.75 0.125 0.75 0.125 0.75 0.125 0.75 0.125 0.75 0.125 0.75 0.375 0.75 0.375 0.75 0.375 0.75 0.375 0.75 0.375 0.75 0.375 0.75 0.125 0.6666666 0.125 0.6666666 0.125 0.6666666 0.125 0.6666666 0.125 0.6666666 0.125 0.6666666 0.375 0.75 0.125 0.75 0.375 0.75 0.375 0.75 0.125 0.75 0.375 0.75 0.375 0.75 0.375 0.75 0.375 0.75 0.375 0.75 0.375 0.75 0.375 0.75 0.375 0.6666666 0.375 0.75 0.375 0.6666666 0.375 0.6666666 0.375 0.75 0.375 0.6666666 0.125 0.6666666 0.375 0.6666666 0.125 0.6666666 0.125 0.75 0.125 0.75 0.125 0.75 0.125 0.75 0.125 0.75 0.125 0.75 0.125 0.75 0.125 0.6666666 0.125 0.75 0.125 0.75 0.125 0.6666666 0.125 0.75 0.125 0.75 0.125 0.75 0.125 0.75 0.125 0.75 0.125 0.75 0.125 0.75 0.375 0.6666666 0.375 0.6666666 0.375 0.6666666 0.375 0.6666666 0.375 0.6666666 0.375 0.6666666 0.375 0.75 0.375 0.75 0.375 0.75 0.375 0.75 0.375 0.75 0.375 0.75 0.375 0.75 0.375 0.75 0.375 0.75 0.375 0.75 0.375 0.75 0.375 0.75 0.125 0.75 0.125 0.75 0.125 0.75 0.125 0.75 0.125 0.75 0.125 0.75 0.125 0.75 0.125 0.75 0.125 0.75 0.125 0.75 0.125 0.75 0.125 0.75 0.375 0.75 0.375 0.75 0.375 0.75 0.375 0.75 0.375 0.75 0.375 0.75 0.125 0.6666666 0.125 0.6666666 0.125 0.6666666 0.125 0.6666666 0.125 0.6666666 0.125 0.6666666 0.375 0.75 0.375 0.6666666 0.375 0.6666666 0.375 0.6666666 0.375 0.75 0.375 0.6666666 0.375 0.6666666 0.375 0.75 0.375 0.6666666 0.375 0.6666666 0.375 0.75 0.375 0.6666666 0.375 0.6666666 0.375 0.75 0.375 0.6666666 0.375 0.6666666 0.375 0.75 0.375 0.6666666 0.375 0.6666666 0.375 0.75 0.375 0.6666666 0.375 0.6666666 0.375 0.75 0.375 0.6666666 0.375 0.6666666 0.375 0.75 0.375 0.75 0.375 0.75 0.375 0.75 0.375 0.75 0.375 0.6666666 0.375 0.6666666 0.375 0.6666666 0.375 0.6666666 0.375 0.6666666 0.375 0.6666666 0.375 0.75 0.375 0.75 0.375 0.75 0.375 0.6666666 0.375 0.6666666 0.375 0.6666666 0.375 0.6666666 0.375 0.6666666 0.375 0.6666666 0.375 0.6666666 0.375 0.6666666 0.375 0.6666666 0 0 0 0 0 0 0 0 0 0 0 0 0 0 0 0 0 0 0 0 0 0 0 0 0 0 0 0 0 0 0 0 0 0 0 0 0 0 0 0 0 0 0 0 0 0 0 0 0 0 0 0 0 0 0 0 0 0 0 0 0 0 0 0 0 0 0 0 0 0 0 0 0 0 0 0 0 0 0 0 0 0 0 0 0 0 0 0 0 0 0 0 0 0 0 0 0 0 0 0 0 0 0 0 0 0 0 0 0 0 0 0 0 0 0 0 0 0 0 0 0 0 0 0 0 0 0 0 0 0 0 0 0 0 0 0 0 0 0 0 0 0 0 0 0 0 0 0 0 0 0 0 0 0 0 0 0 0 0 0 0 0 0 0 0 0 0 0 0 0 0 0 0 0 0 0 0 0 0 0 0 0 0 0 0 0 0 0 0 0 0 0 0 0 0 0 0 0 0 0 0 0 0 0 0 0 0 0 0 0 0 0 0 0 0 0 0 0 0 0 0 0 0 0 0 0 0 0 0 0 0 0 0 0 0 0 0 0 0 0 0.375 0.6666666 0.375 0.75 0.375 0.6666666 0.375 0.6666666 0.375 0.75 0.375 0.6666666 0.125 0.6666666 0.125 0.6666666 0.125 0.6666666 0.375 0.6666666 0.375 0.6666666 0.375 0.6666666 0.375 0.6666666 0.375 0.6666666 0.375 0.6666666 0.125 0.75 0.125 0.75 0.125 0.75 0.375 0.75 0.375 0.75 0.375 0.75 0.375 0.75 0.375 0.75 0.375 0.75 0.125 0.75 0.125 0.75 0.125 0.75 0.75 0.49 0.07954543 1 0.7654278 0.4836096 0.7654278 0.4836096 0.1590909 1 0.7808555 0.4772192 0.7808555 0.4772192 0.7962834 0.4708288 0.7962834 0.4708288 0.7962834 0.4708288 0.8117113 0.4644384 0.8117113 0.4644384 0.8117113 0.4644384 0.8271389 0.458048 0.8271389 0.458048 0.8271389 0.458048 0.8425666 0.4516576 0.8425666 0.4516576 0.8888501 0.4324864 0.7954545 1 0.9042778 0.426096 0.9135348 0.4135346 0.8986679 0.4196926 0.9135348 0.4135346 0.8986679 0.4196926 0.8838011 0.4258506 0.8986679 0.4196926 0.8838011 0.4258506 0.8689344 0.4320086 0.8838011 0.4258506 0.8689343 0.4320086 0.8540676 0.4381667 0.8689344 0.4320086 0.8540676 0.4381667 0.8392008 0.4443247 0.8540676 0.4381667 0.8392008 0.4443247 0.824334 0.4504827 0.8392008 0.4443247 0.824334 0.4504827 0.8094673 0.4566407 0.824334 0.4504827 0.8094673 0.4566407 0.7946005 0.4627988 0.8094673 0.4566407 0.7946005 0.4627988 0.7797337 0.4689568 0.7946005 0.4627988 0.7797337 0.4689568 0.764867 0.4751148 0.7797337 0.4689568 0.7500001 0.4812728 0.07954543 1 0 1 0.7194123 0.4751148 0.1590909 1 0.07954543 1 0.6888246 0.4689568 0.2386363 1 0.1590909 1 0.6582369 0.4627987 0.3181818 1 0.2386363 1 0.6276491 0.4566407 0.3977273 1 0.3181818 1 0.5970613 0.4504827 0.4772728 1 0.3977273 1 0.4772728 1 0.5358857 0.4381666 0.5568183 1 0.5568183 1 0.5052979 0.4320086 0.6363637 1 0.6363637 1 0.4747101 0.4258506 0.715909 1 0.715909 1 0.4441223 0.4196926 0.7954545 1 0.9135348 0.4135346 0.9042778 0.426096 0.9197056 0.4197056 0.8986679 0.4196926 0.8888501 0.4324864 0.9042778 0.426096 0.8838011 0.4258506 0.8734222 0.4388768 0.8888501 0.4324864 0.8689344 0.4320086 0.8579945 0.4452673 0.8734222 0.4388768 0.8540676 0.4381667 0.8425666 0.4516576 0.8579945 0.4452673 0.8425666 0.4516576 0.824334 0.4504827 0.8271389 0.458048 0.8271389 0.458048 0.8094673 0.4566407 0.8117113 0.4644384 0.8117113 0.4644384 0.7946005 0.4627988 0.7962834 0.4708288 0.7962834 0.4708288 0.7797337 0.4689568 0.7808555 0.4772192 0.7808555 0.4772192 0.764867 0.4751148 0.7654278 0.4836096 0.1590909 1 0.7962834 0.4708288 0.7808555 0.4772192 0.2386363 1 0.8117113 0.4644384 0.7962834 0.4708288 0.3181818 1 0.8271389 0.458048 0.8117113 0.4644384 0.3977273 1 0.8425666 0.4516576 0.8271389 0.458048 0.4772728 1 0.8579945 0.4452673 0.8425666 0.4516576 0.5568183 1 0.8734222 0.4388768 0.8579945 0.4452673 0.6363637 1 0.8888501 0.4324864 0.8734222 0.4388768 0.8888501 0.4324864 0.715909 1 0.715909 1 0.1590909 1 0.7808555 0.4772192 0.7808555 0.4772192 0.8734222 0.4388768 0.8888501 0.4324864 0.8888501 0.4324864 0.8579945 0.4452673 0.8734222 0.4388768 0.8734222 0.4388768 0.8425666 0.4516576 0.8579945 0.4452673 0.8579945 0.4452673 0.125 0.75 0.125 0.75 0.125 0.75 0.375 0.6666666 0.375 0.6666666 0.375 0.6666666 0.375 0.75 0.375 0.75 0.375 0.75 0.375 0.6666666 0.375 0.6666666 0.375 0.6666666 0.375 0.75 0.375 0.75 0.375 0.75 0.125 0.6666666 0.375 0.6666666 0.375 0.6666666 0.375 0.6666666 0.375 0.6666666 0.375 0.6666666 0.375 0.6666666 0.125 0.6666666 0.375 0.6666666 0.125 0.75 0.125 0.75 0.125 0.75 0.125 0.75 0.125 0.75 0.125 0.75 0.125 0.75 0.125 0.75 0.125 0.75 0.375 0.6666666 0.375 0.6666666 0.375 0.6666666 0.125 0.6666666 0.125 0.6666666 0.125 0.6666666 0.125 0.75 0.125 0.75 0.125 0.75 0.125 0.6666666 0.125 0.6666666 0.125 0.6666666 0.375 0.6666666 0.375 0.6666666 0.375 0.6666666 0.125 0.6666666 0.125 0.6666666 0.125 0.6666666 0.375 0.6666666 0.375 0.6666666 0.375 0.6666666 0.125 0.6666666 0.125 0.6666666 0.125 0.6666666 0.125 0.6666666 0.125 0.6666666 0.125 0.6666666 0.125 0.6666666 0.125 0.6666666 0.125 0.6666666 0.375 0.75 0.375 0.75 0.375 0.75 0.125 0.6666666 0.375 0.6666666 0.125 0.6666666 0.375 0.6666666 0.375 0.6666666 0.375 0.6666666 0.125 0.6666666 0.125 0.6666666 0.125 0.6666666 0.375 0.75 0.125 0.75 0.125 0.75 0.125 0.6666666 0.125 0.6666666 0.125 0.6666666 0.375 0.6666666 0.375 0.6666666 0.375 0.6666666 0.125 0.6666666 0.125 0.6666666 0.125 0.6666666 0.375 0.6666666 0.125 0.6666666 0.375 0.6666666 0.375 0.75 0.125 0.75 0.125 0.75 0.375 0.6666666 0.375 0.6666666 0.375 0.6666666 0.375 0.75 0.375 0.75 0.375 0.75 0.375 0.75 0.375 0.75 0.375 0.75 0.375 0.6666666 0.375 0.6666666 0.375 0.6666666 0.125 0.75 0.125 0.75 0.125 0.75 0.375 0.75 0.375 0.75 0.375 0.75 0.375 0.75 0.375 0.75 0.375 0.75 0.125 0.75 0.125 0.75 0.125 0.75 0.375 0.6666666 0.375 0.6666666 0.375 0.6666666 0.375 0.6666666 0.375 0.6666666 0.375 0.6666666 0.125 0.6666666 0.125 0.6666666 0.125 0.6666666 0.125 0.6666666 0.375 0.6666666 0.125 0.6666666 0.625 1 0.5 0.5 0.625 0.5 0.375 1 0.25 0.5 0.375 0.5 0.25 1 0.625 0.5 0.25 0.5 0.7499999 0.01872724 0.9135347 0.08646547 0.9135347 0.08646547 0.5187273 0.25 0.9197056 0.08029437 0.9135347 0.08646547 0.9135347 0.08646547 0.75 0.00999999 0.7499999 0.01872724 0.25 0.01872724 0.4197056 0.08029437 0.4135345 0.08646547 0.5864655 0.08646547 0.51 0.25 0.5187273 0.25 0.01872724 0.25 0.08029437 0.08029437 0.08646547 0.08646547 0.4135345 0.08646547 0.00999999 0.25 0.01872724 0.25 0.5187273 0.25 0.5864655 0.08646547 0.5864655 0.08646547 0.125 0.75 0.375 0.75 0.125 0.75 0.375 0.75 0.125 0.75 0.125 0.75 0.375 0.75 0.125 0.75 0.375 0.75 0.375 0.6666666 0.125 0.6666666 0.375 0.6666666 0.125 0.6666666 0.125 0.6666666 0.125 0.6666666 0.125 0.6666666 0.375 0.6666666 0.125 0.6666666 0.375 0.6666666 0.375 0.6666666 0.375 0.6666666 0.375 0.75 0.125 0.75 0.375 0.75 0.7648669 0.4751148 0.7500001 0.4812728 0.764867 0.4751148 0.9042778 0.426096 0.875 1 0.9197056 0.4197056 0.7954545 1 0.4135346 0.4135346 0.875 1 0.7654278 0.4836096 0.7500001 0.4812728 0.75 0.49 0.125 0.6666666 0.125 0.6666666 0.125 0.6666666 0.375 0.6666666 0.375 0.6666666 0.375 0.6666666 0.125 0.6666666 0.125 0.6666666 0.125 0.6666666 0.125 0.6666666 0.125 0.6666666 0.125 0.6666666 0.125 0.6666666 0.125 0.6666666 0.125 0.6666666 0.375 0.75 0.375 0.75 0.375 0.75 0.125 0.6666666 0.125 0.6666666 0.125 0.6666666 0.375 0.75 0.125 0.75 0.125 0.75 0.125 0.6666666 0.125 0.6666666 0.125 0.6666666 0.375 0.6666666 0.375 0.6666666 0.375 0.6666666 0.375 0.6666666 0.375 0.6666666 0.375 0.6666666 0.125 0.6666666 0.125 0.6666666 0.125 0.6666666 0.375 0.75 0.375 0.75 0.375 0.75 0.375 0.75 0.125 0.75 0.125 0.75 0.125 0.6666666 0.375 0.6666666 0.25 0.6666666 0.375 0.75 0.375 0.75 0.375 0.75 0.375 0.6666666 0.375 0.75 0.375 0.6666666 0.125 0.6666666 0.125 0.6666666 0.125 0.6666666 0.125 0.6666666 0.125 0.6666666 0.25 0.6666666 0.125 0.75 0.125 0.75 0.125 0.75 0.125 0.75 0.125 0.75 0.125 0.75 0.125 0.75 0.125 0.6666666 0.125 0.75 0.125 0.6666666 0.375 0.6666666 0.125 0.6666666 0.125 0.75 0.125 0.75 0.125 0.75 0.375 0.6666666 0.375 0.6666666 0.375 0.6666666 0.375 0.6666666 0.125 0.6666666 0.375 0.6666666 0.375 0.75 0.375 0.75 0.375 0.75 0.125 0.75 0.125 0.75 0.125 0.75 0.375 0.75 0.375 0.75 0.375 0.75 0.375 0.75 0.375 0.75 0.375 0.75 0.125 0.75 0.125 0.75 0.125 0.75 0.375 0.6666666 0.375 0.6666666 0.375 0.6666666 0.125 0.75 0.125 0.75 0.125 0.75 0.125 0.75 0.125 0.75 0.125 0.75 0.375 0.75 0.375 0.75 0.375 0.75 0.375 0.6666666 0.375 0.6666666 0.375 0.6666666 0.125 0.6666666 0.125 0.6666666 0.125 0.6666666 0.375 0.75 0.125 0.75 0.375 0.75 0.375 0.75 0.125 0.75 0.375 0.75 0.375 0.75 0.375 0.75 0.375 0.75 0.375 0.75 0.375 0.75 0.375 0.75 0.375 0.6666666 0.375 0.75 0.375 0.6666666 0.375 0.6666666 0.375 0.75 0.375 0.6666666 0.125 0.6666666 0.375 0.6666666 0.125 0.6666666 0.125 0.75 0.125 0.75 0.125 0.75 0.125 0.75 0.125 0.75 0.125 0.75 0.125 0.75 0.125 0.6666666 0.125 0.75 0.125 0.75 0.125 0.6666666 0.125 0.75 0.125 0.75 0.125 0.75 0.125 0.75 0.125 0.75 0.125 0.75 0.125 0.75 0.375 0.6666666 0.375 0.6666666 0.375 0.6666666 0.375 0.6666666 0.375 0.6666666 0.375 0.6666666 0.375 0.75 0.375 0.75 0.375 0.75 0.375 0.75 0.375 0.75 0.375 0.75 0.375 0.75 0.375 0.75 0.375 0.75 0.375 0.75 0.375 0.75 0.375 0.75 0.125 0.75 0.125 0.75 0.125 0.75 0.125 0.75 0.125 0.75 0.125 0.75 0.125 0.75 0.125 0.75 0.125 0.75 0.125 0.75 0.125 0.75 0.125 0.75 0.375 0.75 0.375 0.75 0.375 0.75 0.375 0.75 0.375 0.75 0.375 0.75 0.125 0.6666666 0.125 0.6666666 0.125 0.6666666 0.125 0.6666666 0.125 0.6666666 0.125 0.6666666 0.375 0.75 0.125 0.75 0.375 0.75 0.375 0.75 0.125 0.75 0.375 0.75 0.375 0.75 0.375 0.75 0.375 0.75 0.375 0.75 0.375 0.75 0.375 0.75 0.375 0.6666666 0.375 0.75 0.375 0.6666666 0.375 0.6666666 0.375 0.75 0.375 0.6666666 0.125 0.6666666 0.375 0.6666666 0.125 0.6666666 0.125 0.75 0.125 0.75 0.125 0.75 0.125 0.75 0.125 0.75 0.125 0.75 0.125 0.75 0.125 0.6666666 0.125 0.75 0.125 0.75 0.125 0.6666666 0.125 0.75 0.125 0.75 0.125 0.75 0.125 0.75 0.125 0.75 0.125 0.75 0.125 0.75 0.375 0.6666666 0.375 0.6666666 0.375 0.6666666 0.375 0.6666666 0.375 0.6666666 0.375 0.6666666 0.375 0.75 0.375 0.75 0.375 0.75 0.375 0.75 0.375 0.75 0.375 0.75 0.375 0.75 0.375 0.75 0.375 0.75 0.375 0.75 0.375 0.75 0.375 0.75 0.125 0.75 0.125 0.75 0.125 0.75 0.125 0.75 0.125 0.75 0.125 0.75 0.125 0.75 0.125 0.75 0.125 0.75 0.125 0.75 0.125 0.75 0.125 0.75 0.375 0.75 0.375 0.75 0.375 0.75 0.375 0.75 0.375 0.75 0.375 0.75 0.125 0.6666666 0.125 0.6666666 0.125 0.6666666 0.125 0.6666666 0.125 0.6666666 0.125 0.6666666 0.375 0.75 0.125 0.75 0.375 0.75 0.375 0.75 0.125 0.75 0.375 0.75 0.375 0.75 0.375 0.75 0.375 0.75 0.375 0.75 0.375 0.75 0.375 0.75 0.375 0.6666666 0.375 0.75 0.375 0.6666666 0.375 0.6666666 0.375 0.75 0.375 0.6666666 0.125 0.6666666 0.375 0.6666666 0.125 0.6666666 0.125 0.75 0.125 0.75 0.125 0.75 0.125 0.75 0.125 0.75 0.125 0.75 0.125 0.75 0.125 0.6666666 0.125 0.6666666 0.125 0.75 0.125 0.6666666 0.125 0.75 0.125 0.75 0.125 0.75 0.125 0.75 0.125 0.75 0.125 0.75 0.125 0.75 0.375 0.6666666 0.375 0.6666666 0.375 0.6666666 0.375 0.6666666 0.375 0.6666666 0.375 0.6666666 0.375 0.75 0.375 0.75 0.375 0.75 0.375 0.75 0.375 0.75 0.375 0.75 0.375 0.75 0.375 0.75 0.375 0.75 0.375 0.75 0.375 0.75 0.375 0.75 0.125 0.75 0.125 0.75 0.125 0.75 0.125 0.75 0.125 0.75 0.125 0.75 0.125 0.75 0.125 0.75 0.125 0.75 0.125 0.75 0.125 0.75 0.125 0.75 0.375 0.75 0.375 0.75 0.375 0.75 0.375 0.75 0.375 0.75 0.375 0.75 0.125 0.6666666 0.125 0.6666666 0.125 0.6666666 0.125 0.6666666 0.125 0.6666666 0.125 0.6666666 0.375 0.75 0.125 0.75 0.375 0.75 0.375 0.75 0.125 0.75 0.375 0.75 0.375 0.75 0.375 0.75 0.375 0.75 0.375 0.75 0.375 0.75 0.375 0.75 0.375 0.6666666 0.375 0.75 0.375 0.6666666 0.375 0.75 0.375 0.75 0.375 0.75 0.125 0.6666666 0.375 0.6666666 0.125 0.6666666 0.125 0.75 0.125 0.75 0.125 0.75 0.125 0.75 0.125 0.75 0.125 0.75 0.125 0.75 0.125 0.6666666 0.125 0.6666666 0.125 0.75 0.125 0.6666666 0.125 0.6666666 0.125 0.75 0.125 0.75 0.125 0.75 0.125 0.75 0.125 0.75 0.125 0.75 0.375 0.6666666 0.375 0.6666666 0.375 0.6666666 0.375 0.6666666 0.375 0.6666666 0.375 0.6666666 0.375 0.75 0.375 0.75 0.375 0.75 0.375 0.75 0.375 0.75 0.375 0.75 0.375 0.75 0.375 0.75 0.375 0.75 0.375 0.75 0.375 0.75 0.375 0.75 0.125 0.75 0.125 0.75 0.125 0.75 0.125 0.75 0.125 0.75 0.125 0.75 0.125 0.75 0.125 0.75 0.125 0.75 0.125 0.75 0.125 0.75 0.125 0.75 0.375 0.75 0.375 0.75 0.375 0.75 0.375 0.75 0.375 0.75 0.375 0.75 0.125 0.6666666 0.125 0.6666666 0.125 0.6666666 0.125 0.6666666 0.125 0.6666666 0.125 0.6666666 0.375 0.75 0.125 0.75 0.375 0.75 0.375 0.75 0.125 0.75 0.375 0.75 0.375 0.75 0.375 0.75 0.375 0.75 0.375 0.75 0.375 0.75 0.375 0.75 0.375 0.75 0.375 0.75 0.375 0.75 0.375 0.6666666 0.375 0.6666666 0.375 0.6666666 0.125 0.6666666 0.375 0.6666666 0.125 0.6666666 0.125 0.75 0.125 0.75 0.125 0.75 0.125 0.75 0.125 0.75 0.125 0.75 0.125 0.75 0.125 0.75 0.125 0.75 0.125 0.75 0.125 0.75 0.125 0.75 0.375 0.6666666 0.375 0.6666666 0.375 0.6666666 0.375 0.6666666 0.375 0.6666666 0.375 0.6666666 0.375 0.75 0.375 0.75 0.375 0.75 0.375 0.75 0.375 0.75 0.375 0.75 0.375 0.75 0.375 0.75 0.375 0.75 0.375 0.75 0.375 0.75 0.375 0.75 0.125 0.75 0.125 0.75 0.125 0.75 0.125 0.75 0.125 0.75 0.125 0.75 0.125 0.75 0.125 0.75 0.125 0.75 0.125 0.75 0.125 0.75 0.125 0.75 0.375 0.75 0.375 0.75 0.375 0.75 0.375 0.75 0.375 0.75 0.375 0.75 0.125 0.6666666 0.125 0.6666666 0.125 0.6666666 0.125 0.6666666 0.125 0.6666666 0.125 0.6666666 0.375 0.75 0.125 0.75 0.375 0.75 0.375 0.75 0.125 0.75 0.375 0.75 0.375 0.75 0.375 0.75 0.375 0.75 0.375 0.75 0.375 0.75 0.375 0.75 0.375 0.6666666 0.375 0.6666666 0.375 0.6666666 0.375 0.75 0.375 0.75 0.375 0.75 0.125 0.6666666 0.375 0.6666666 0.125 0.6666666 0.125 0.75 0.125 0.75 0.125 0.75 0.125 0.75 0.125 0.75 0.125 0.75 0.125 0.75 0.125 0.75 0.125 0.75 0.125 0.75 0.125 0.75 0.125 0.75 0.375 0.6666666 0.375 0.6666666 0.375 0.6666666 0.375 0.6666666 0.375 0.6666666 0.375 0.6666666 0.375 0.75 0.375 0.75 0.375 0.75 0.375 0.75 0.375 0.75 0.375 0.75 0.375 0.75 0.375 0.75 0.375 0.75 0.375 0.75 0.375 0.75 0.375 0.75 0.125 0.75 0.125 0.75 0.125 0.75 0.125 0.75 0.125 0.75 0.125 0.75 0.125 0.75 0.125 0.75 0.125 0.75 0.125 0.75 0.125 0.75 0.125 0.75 0.375 0.75 0.375 0.75 0.375 0.75 0.375 0.75 0.375 0.75 0.375 0.75 0.125 0.6666666 0.125 0.6666666 0.125 0.6666666 0.125 0.6666666 0.125 0.6666666 0.125 0.6666666 0.375 0.75 0.125 0.75 0.375 0.75 0.375 0.75 0.125 0.75 0.375 0.75 0.375 0.75 0.375 0.75 0.375 0.75 0.375 0.75 0.375 0.75 0.375 0.75 0.125 0.6666666 0.375 0.6666666 0.125 0.6666666 0.125 0.75 0.125 0.75 0.125 0.75 0.125 0.75 0.125 0.75 0.125 0.75 0.125 0.75 0.125 0.75 0.125 0.75 0.125 0.75 0.125 0.75 0.125 0.75 0.375 0.6666666 0.375 0.6666666 0.375 0.6666666 0.375 0.6666666 0.375 0.6666666 0.375 0.6666666 0.375 0.75 0.375 0.75 0.375 0.75 0.375 0.75 0.375 0.75 0.375 0.75 0.375 0.75 0.375 0.75 0.375 0.75 0.375 0.75 0.375 0.75 0.375 0.75 0.125 0.75 0.125 0.75 0.125 0.75 0.125 0.75 0.125 0.75 0.125 0.75 0.125 0.75 0.125 0.75 0.125 0.75 0.125 0.75 0.125 0.75 0.125 0.75 0.375 0.75 0.375 0.75 0.375 0.75 0.375 0.75 0.375 0.75 0.375 0.75 0.125 0.6666666 0.125 0.6666666 0.125 0.6666666 0.125 0.6666666 0.125 0.6666666 0.125 0.6666666 0.375 0.75 0.125 0.75 0.375 0.75 0.375 0.75 0.125 0.75 0.375 0.75 0.375 0.75 0.375 0.75 0.375 0.75 0.375 0.75 0.375 0.75 0.375 0.75 0.375 0.75 0.375 0.75 0.375 0.75 0.375 0.75 0.375 0.75 0.375 0.75 0.125 0.6666666 0.375 0.6666666 0.125 0.6666666 0.125 0.75 0.125 0.75 0.125 0.75 0.125 0.75 0.125 0.75 0.125 0.75 0.125 0.75 0.125 0.6666666 0.125 0.6666666 0.125 0.75 0.125 0.75 0.125 0.75 0.125 0.75 0.125 0.75 0.125 0.75 0.375 0.6666666 0.375 0.6666666 0.375 0.6666666 0.375 0.6666666 0.375 0.6666666 0.375 0.6666666 0.375 0.75 0.375 0.75 0.375 0.75 0.375 0.75 0.375 0.75 0.375 0.75 0.375 0.75 0.375 0.75 0.375 0.75 0.375 0.75 0.375 0.75 0.375 0.75 0.125 0.75 0.125 0.75 0.125 0.75 0.125 0.75 0.125 0.75 0.125 0.75 0.125 0.75 0.125 0.75 0.125 0.75 0.125 0.75 0.125 0.75 0.125 0.75 0.375 0.75 0.375 0.75 0.375 0.75 0.375 0.75 0.375 0.75 0.375 0.75 0.125 0.6666666 0.125 0.6666666 0.125 0.6666666 0.125 0.6666666 0.125 0.6666666 0.125 0.6666666 0.375 0.75 0.125 0.75 0.375 0.75 0.375 0.75 0.125 0.75 0.375 0.75 0.375 0.75 0.375 0.75 0.375 0.75 0.375 0.75 0.375 0.75 0.375 0.75 0.375 0.6666666 0.375 0.75 0.375 0.6666666 0.375 0.6666666 0.375 0.75 0.375 0.6666666 0.125 0.6666666 0.375 0.6666666 0.125 0.6666666 0.125 0.75 0.125 0.75 0.125 0.75 0.125 0.75 0.125 0.75 0.125 0.75 0.125 0.75 0.125 0.6666666 0.125 0.6666666 0.125 0.75 0.125 0.6666666 0.125 0.75 0.125 0.75 0.125 0.75 0.125 0.75 0.125 0.75 0.125 0.75 0.125 0.75 0.375 0.6666666 0.375 0.6666666 0.375 0.6666666 0.375 0.6666666 0.375 0.6666666 0.375 0.6666666 0.375 0.75 0.375 0.75 0.375 0.75 0.375 0.75 0.375 0.75 0.375 0.75 0.375 0.75 0.375 0.75 0.375 0.75 0.375 0.75 0.375 0.75 0.375 0.75 0.125 0.75 0.125 0.75 0.125 0.75 0.125 0.75 0.125 0.75 0.125 0.75 0.125 0.75 0.125 0.75 0.125 0.75 0.125 0.75 0.125 0.75 0.125 0.75 0.375 0.75 0.375 0.75 0.375 0.75 0.375 0.75 0.375 0.75 0.375 0.75 0.125 0.6666666 0.125 0.6666666 0.125 0.6666666 0.125 0.6666666 0.125 0.6666666 0.125 0.6666666 0.375 0.75 0.125 0.75 0.375 0.75 0.375 0.75 0.125 0.75 0.375 0.75 0.375 0.75 0.375 0.75 0.375 0.75 0.375 0.75 0.375 0.75 0.375 0.75 0.375 0.6666666 0.375 0.75 0.375 0.6666666 0.375 0.6666666 0.375 0.75 0.375 0.6666666 0.125 0.6666666 0.375 0.6666666 0.125 0.6666666 0.125 0.75 0.125 0.75 0.125 0.75 0.125 0.75 0.125 0.75 0.125 0.75 0.125 0.75 0.125 0.6666666 0.125 0.6666666 0.125 0.75 0.125 0.6666666 0.125 0.75 0.125 0.75 0.125 0.75 0.125 0.75 0.125 0.75 0.125 0.75 0.125 0.75 0.375 0.6666666 0.375 0.6666666 0.375 0.6666666 0.375 0.6666666 0.375 0.6666666 0.375 0.6666666 0.375 0.75 0.375 0.75 0.375 0.75 0.375 0.75 0.375 0.75 0.375 0.75 0.375 0.75 0.375 0.75 0.375 0.75 0.375 0.75 0.375 0.75 0.375 0.75 0.125 0.75 0.125 0.75 0.125 0.75 0.125 0.75 0.125 0.75 0.125 0.75 0.125 0.75 0.125 0.75 0.125 0.75 0.125 0.75 0.125 0.75 0.125 0.75 0.375 0.75 0.375 0.75 0.375 0.75 0.375 0.75 0.375 0.75 0.375 0.75 0.125 0.6666666 0.125 0.6666666 0.125 0.6666666 0.125 0.6666666 0.125 0.6666666 0.125 0.6666666 0.375 0.75 0.125 0.75 0.375 0.75 0.375 0.75 0.125 0.75 0.375 0.75 0.375 0.75 0.375 0.75 0.375 0.75 0.375 0.75 0.375 0.75 0.375 0.75 0.375 0.6666666 0.375 0.75 0.375 0.6666666 0.375 0.6666666 0.375 0.75 0.375 0.6666666 0.125 0.6666666 0.375 0.6666666 0.125 0.6666666 0.125 0.75 0.125 0.75 0.125 0.75 0.125 0.75 0.125 0.75 0.125 0.75 0.125 0.75 0.125 0.6666666 0.125 0.75 0.125 0.75 0.125 0.6666666 0.125 0.75 0.125 0.75 0.125 0.75 0.125 0.75 0.125 0.75 0.125 0.75 0.125 0.75 0.375 0.6666666 0.375 0.6666666 0.375 0.6666666 0.375 0.6666666 0.375 0.6666666 0.375 0.6666666 0.375 0.75 0.375 0.75 0.375 0.75 0.375 0.75 0.375 0.75 0.375 0.75 0.375 0.75 0.375 0.75 0.375 0.75 0.375 0.75 0.375 0.75 0.375 0.75 0.125 0.75 0.125 0.75 0.125 0.75 0.125 0.75 0.125 0.75 0.125 0.75 0.125 0.75 0.125 0.75 0.125 0.75 0.125 0.75 0.125 0.75 0.125 0.75 0.375 0.75 0.375 0.75 0.375 0.75 0.375 0.75 0.375 0.75 0.375 0.75 0.125 0.6666666 0.125 0.6666666 0.125 0.6666666 0.125 0.6666666 0.125 0.6666666 0.125 0.6666666 0.375 0.75 0.125 0.75 0.375 0.75 0.375 0.75 0.125 0.75 0.375 0.75 0.375 0.75 0.375 0.75 0.375 0.75 0.375 0.75 0.375 0.75 0.375 0.75 0.375 0.6666666 0.375 0.75 0.375 0.6666666 0.375 0.6666666 0.375 0.75 0.375 0.6666666 0.125 0.6666666 0.375 0.6666666 0.125 0.6666666 0.125 0.75 0.125 0.75 0.125 0.75 0.125 0.75 0.125 0.75 0.125 0.75 0.125 0.75 0.125 0.6666666 0.125 0.75 0.125 0.75 0.125 0.6666666 0.125 0.75 0.125 0.75 0.125 0.75 0.125 0.75 0.125 0.75 0.125 0.75 0.125 0.75 0.375 0.6666666 0.375 0.6666666 0.375 0.6666666 0.375 0.6666666 0.375 0.6666666 0.375 0.6666666 0.375 0.75 0.375 0.75 0.375 0.75 0.375 0.75 0.375 0.75 0.375 0.75 0.375 0.75 0.375 0.75 0.375 0.75 0.375 0.75 0.375 0.75 0.375 0.75 0.125 0.75 0.125 0.75 0.125 0.75 0.125 0.75 0.125 0.75 0.125 0.75 0.125 0.75 0.125 0.75 0.125 0.75 0.125 0.75 0.125 0.75 0.125 0.75 0.375 0.75 0.375 0.75 0.375 0.75 0.375 0.75 0.375 0.75 0.375 0.75 0.125 0.6666666 0.125 0.6666666 0.125 0.6666666 0.125 0.6666666 0.125 0.6666666 0.125 0.6666666 0.375 0.75 0.375 0.6666666 0.375 0.6666666 0.375 0.6666666 0.375 0.75 0.375 0.75 0.375 0.6666666 0.375 0.75 0.375 0.75 0.375 0.6666666 0.375 0.75 0.375 0.75 0.375 0.6666666 0.375 0.75 0.375 0.6666666 0.375 0.6666666 0.375 0.75 0.375 0.75 0.375 0.6666666 0.375 0.75 0.375 0.75 0.375 0.6666666 0.375 0.75 0.375 0.75 0.375 0.6666666 0.375 0.75 0.375 0.75 0.375 0.75 0.375 0.75 0.375 0.75 0.375 0.6666666 0.375 0.6666666 0.375 0.6666666 0.375 0.6666666 0.375 0.6666666 0.375 0.6666666 0.375 0.75 0.375 0.75 0.375 0.75 0.375 0.6666666 0.375 0.6666666 0.375 0.6666666 0.375 0.6666666 0.375 0.6666666 0.375 0.6666666 0.375 0.6666666 0.375 0.6666666 0.375 0.6666666 0 0 0 0 0 0 0 0 0 0 0 0 0 0 0 0 0 0 0 0 0 0 0 0 0 0 0 0 0 0 0 0 0 0 0 0 0 0 0 0 0 0 0 0 0 0 0 0 0 0 0 0 0 0 0 0 0 0 0 0 0 0 0 0 0 0 0 0 0 0 0 0 0 0 0 0 0 0 0 0 0 0 0 0 0 0 0 0 0 0 0 0 0 0 0 0 0 0 0 0 0 0 0 0 0 0 0 0 0 0 0 0 0 0 0 0 0 0 0 0 0 0 0 0 0 0 0 0 0 0 0 0 0 0 0 0 0 0 0 0 0 0 0 0 0 0 0 0 0 0 0 0 0 0 0 0 0 0 0 0 0 0 0 0 0 0 0 0 0 0 0 0 0 0 0 0 0 0 0 0 0 0 0 0 0 0 0 0 0 0 0 0 0 0 0 0 0 0 0 0 0 0 0 0 0 0 0 0 0 0 0 0 0 0 0 0 0 0 0 0 0 0 0 0 0 0 0 0 0 0 0 0 0 0 0 0 0 0 0 0 0.375 0.6666666 0.375 0.75 0.375 0.6666666 0.375 0.6666666 0.375 0.75 0.375 0.6666666 0.125 0.6666666 0.375 0.6666666 0.375 0.6666666 0.125 0.75 0.375 0.75 0.125 0.75 0.125 0.6666666 0.125 0.6666666 0.375 0.6666666 0.375 0.6666666 0.125 0.6666666 0.125 0.6666666 0.375 0.6666666 0.125 0.6666666 0.375 0.6666666 0.125 0.6666666 0.375 0.6666666 0.125 0.6666666 0.125 0.6666666 0.125 0.6666666 0.125 0.6666666 0.125 0.6666666 0.125 0.6666666 0.125 0.6666666 0.375 0.6666666 0.375 0.6666666 0.375 0.6666666 0.375 0.6666666 0.375 0.6666666 0.375 0.6666666 0.125 0.75 0.125 0.75 0.125 0.75 0.375 0.75 0.375 0.75 0.375 0.75 0.375 0.75 0.375 0.75 0.375 0.75 0.125 0.75 0.125 0.75 0.125 0.75 0.75 0.49 0.07954543 1 0.7654278 0.4836096 0.7654278 0.4836096 0.1590909 1 0.7808555 0.4772192 0.7808555 0.4772192 0.7962834 0.4708288 0.7962834 0.4708288 0.7962834 0.4708288 0.8117113 0.4644384 0.8117113 0.4644384 0.8117113 0.4644384 0.8271389 0.458048 0.8271389 0.458048 0.8271389 0.458048 0.8425666 0.4516576 0.8425666 0.4516576 0.8888501 0.4324864 0.7954545 1 0.9042778 0.426096 0.9135348 0.4135346 0.8986679 0.4196926 0.9135348 0.4135346 0.8986679 0.4196926 0.8838011 0.4258506 0.8986679 0.4196926 0.8838011 0.4258506 0.8689344 0.4320086 0.8838011 0.4258506 0.8689343 0.4320086 0.8540676 0.4381667 0.8689344 0.4320086 0.8540676 0.4381667 0.8392008 0.4443247 0.8540676 0.4381667 0.8392008 0.4443247 0.824334 0.4504827 0.8392008 0.4443247 0.824334 0.4504827 0.8094673 0.4566407 0.824334 0.4504827 0.8094673 0.4566407 0.7946005 0.4627988 0.8094673 0.4566407 0.7946005 0.4627988 0.7797337 0.4689568 0.7946005 0.4627988 0.7797337 0.4689568 0.764867 0.4751148 0.7797337 0.4689568 0.7500001 0.4812728 0.07954543 1 0 1 0.7194123 0.4751148 0.1590909 1 0.07954543 1 0.6888246 0.4689568 0.2386363 1 0.1590909 1 0.6582369 0.4627987 0.3181818 1 0.2386363 1 0.6276491 0.4566407 0.3977273 1 0.3181818 1 0.5970613 0.4504827 0.4772728 1 0.3977273 1 0.4772728 1 0.5358857 0.4381666 0.5568183 1 0.5568183 1 0.5052979 0.4320086 0.6363637 1 0.6363637 1 0.4747101 0.4258506 0.715909 1 0.715909 1 0.4441223 0.4196926 0.7954545 1 0.9135348 0.4135346 0.9042778 0.426096 0.9197056 0.4197056 0.8986679 0.4196926 0.8888501 0.4324864 0.9042778 0.426096 0.8838011 0.4258506 0.8734222 0.4388768 0.8888501 0.4324864 0.8689344 0.4320086 0.8579945 0.4452673 0.8734222 0.4388768 0.8540676 0.4381667 0.8425666 0.4516576 0.8579945 0.4452673 0.8425666 0.4516576 0.824334 0.4504827 0.8271389 0.458048 0.8271389 0.458048 0.8094673 0.4566407 0.8117113 0.4644384 0.8117113 0.4644384 0.7946005 0.4627988 0.7962834 0.4708288 0.7962834 0.4708288 0.7797337 0.4689568 0.7808555 0.4772192 0.7808555 0.4772192 0.764867 0.4751148 0.7654278 0.4836096 0.1590909 1 0.7962834 0.4708288 0.7808555 0.4772192 0.2386363 1 0.8117113 0.4644384 0.7962834 0.4708288 0.3181818 1 0.8271389 0.458048 0.8117113 0.4644384 0.3977273 1 0.8425666 0.4516576 0.8271389 0.458048 0.4772728 1 0.8579945 0.4452673 0.8425666 0.4516576 0.5568183 1 0.8734222 0.4388768 0.8579945 0.4452673 0.6363637 1 0.8888501 0.4324864 0.8734222 0.4388768 0.8888501 0.4324864 0.715909 1 0.715909 1 0.1590909 1 0.7808555 0.4772192 0.7808555 0.4772192 0.8734222 0.4388768 0.8888501 0.4324864 0.8888501 0.4324864 0.8579945 0.4452673 0.8734222 0.4388768 0.8734222 0.4388768 0.8425666 0.4516576 0.8579945 0.4452673 0.8579945 0.4452673 0.125 0.6666666 0.125 0.6666666 0.125 0.6666666 0.125 0.6666666 0.375 0.6666666 0.375 0.6666666 0.125 0.6666666 0.375 0.6666666 0.375 0.6666666 0.375 0.6666666 0.125 0.6666666 0.125 0.6666666 0.125 0.6666666 0.125 0.6666666 0.125 0.6666666 0.375 0.6666666 0.125 0.6666666 0.125 0.6666666 0.125 0.6666666 0.125 0.6666666 0.125 0.6666666 0.375 0.6666666 0.375 0.6666666 0.375 0.6666666 0.375 0.6666666 0.375 0.6666666 0.375 0.6666666 0.125 0.6666666 0.375 0.6666666 0.375 0.6666666 0.375 0.6666666 0.375 0.6666666 0.375 0.6666666 0.375 0.6666666 0.125 0.6666666 0.125 0.6666666 0.125 0.6666666 0.125 0.6666666 0.125 0.6666666 0.375 0.6666666 0.125 0.6666666 0.125 0.6666666 0.125 0.6666666 0.125 0.6666666 0.125 0.6666666 0.125 0.6666666 0.375 0.6666666 0.375 0.6666666 0.125 0.75 0.125 0.75 0.125 0.75 0.125 0.6666666 0.375 0.6666666 0.375 0.6666666 0.375 0.6666666 0.375 0.6666666 0.375 0.6666666 0.375 0.75 0.125 0.75 0.375 0.75 0.375 0.6666666 0.375 0.6666666 0.375 0.6666666 0.125 0.6666666 0.125 0.6666666 0.125 0.6666666 0.375 0.6666666 0.375 0.6666666 0.375 0.6666666 0.125 0.6666666 0.125 0.6666666 0.125 0.6666666 0.375 0.6666666 0.375 0.6666666 0.375 0.6666666 0.125 0.6666666 0.375 0.6666666 0.375 0.6666666 0.125 0.6666666 0.375 0.6666666 0.125 0.6666666 0.375 0.6666666 0.375 0.6666666 0.375 0.6666666 0.375 0.75 0.375 0.75 0.375 0.75 0.375 0.6666666 0.125 0.6666666 0.125 0.6666666 0.125 0.6666666 0.375 0.6666666 0.375 0.6666666 0.125 0.6666666 0.125 0.6666666 0.125 0.6666666 0.375 0.6666666 0.375 0.6666666 0.375 0.6666666 0.375 0.6666666 0.125 0.6666666 0.125 0.6666666 0.375 0.6666666 0.375 0.6666666 0.375 0.6666666 0.125 0.6666666 0.375 0.6666666 0.375 0.6666666 0.375 0.6666666 0.125 0.6666666 0.125 0.6666666 0.125 0.6666666 0.125 0.6666666 0.125 0.6666666 0.125 0.6666666 0.125 0.6666666 0.125 0.6666666 0.375 0.6666666 0.125 0.6666666 0.375 0.6666666 0.375 0.6666666 0.375 0.6666666 0.375 0.6666666 0.375 0.6666666 0.375 0.6666666 0.375 0.6666666 0.125 0.6666666 0.375 0.6666666 0.375 0.6666666 0.375 0.6666666 0.375 0.6666666 0.375 0.6666666 0.375 0.6666666 0.375 0.6666666 0.375 0.6666666 0.125 0.6666666 0.125 0.6666666 0.125 0.6666666 0.375 0.6666666 0.125 0.6666666 0.125 0.6666666 0.125 0.6666666 0.375 0.6666666 0.375 0.6666666 0.375 0.6666666 0.125 0.6666666 0.125 0.6666666 0.375 0.6666666 0.125 0.6666666 0.125 0.6666666 0.125 0.6666666 0.375 0.6666666 0.375 0.6666666 0.375 0.6666666 0.375 0.6666666 0.375 0.6666666 0.9135347 0.08646547 0.5187273 0.25 0.5187273 0.25 0.4135345 0.08646547 0.00999999 0.25 0.01872724 0.25 0.5187273 0.25 0.9197056 0.08029437 0.9135347 0.08646547 0.625 1 0.25 0.5 0.25 1 0.9135347 0.08646547 0.5187273 0.25 0.5187273 0.25 0.375 0.6666666 0.125 0.6666666 0.125 0.6666666 0.375 0.75 0.125 0.75 0.375 0.75 0.375 0.75 0.375 0.75 0.375 0.75 0.125 0.6666666 0.375 0.6666666 0.375 0.6666666 0.375 0.6666666 0.375 0.6666666 0.375 0.6666666 0.375 0.6666666 0.125 0.6666666 0.375 0.6666666 0.125 0.75 0.125 0.75 0.125 0.75 0.125 0.75 0.125 0.75 0.125 0.75 0.125 0.75 0.125 0.75 0.125 0.75 0.375 0.6666666 0.375 0.6666666 0.375 0.6666666 0.125 0.6666666 0.125 0.6666666 0.125 0.6666666 0.125 0.75 0.125 0.75 0.125 0.75 0.125 0.6666666 0.125 0.6666666 0.125 0.6666666 0.375 0.6666666 0.375 0.6666666 0.375 0.6666666 0.125 0.6666666 0.125 0.6666666 0.125 0.6666666 0.375 0.6666666 0.375 0.6666666 0.375 0.6666666 0.125 0.6666666 0.125 0.6666666 0.125 0.6666666 0.125 0.6666666 0.125 0.6666666 0.125 0.6666666 0.125 0.6666666 0.125 0.6666666 0.125 0.6666666 0.375 0.75 0.375 0.75 0.375 0.75 0.125 0.6666666 0.375 0.6666666 0.125 0.6666666 0.375 0.6666666 0.375 0.6666666 0.375 0.6666666 0.125 0.6666666 0.125 0.6666666 0.125 0.6666666 0.375 0.75 0.125 0.75 0.125 0.75 0.125 0.6666666 0.125 0.6666666 0.125 0.6666666 0.375 0.6666666 0.375 0.6666666 0.375 0.6666666 0.125 0.6666666 0.125 0.6666666 0.125 0.6666666 0.375 0.6666666 0.125 0.6666666 0.375 0.6666666 0.375 0.75 0.125 0.75 0.125 0.75 0.375 0.6666666 0.375 0.6666666 0.375 0.6666666 0.375 0.75 0.375 0.75 0.375 0.75 0.375 0.75 0.375 0.75 0.375 0.75 0.375 0.6666666 0.375 0.6666666 0.375 0.6666666 0.375 0.6666666 0.125 0.6666666 0.375 0.6666666 0.125 0.6666666 0.125 0.6666666 0.125 0.6666666 0.125 0.6666666 0.375 0.6666666 0.125 0.6666666 0.125 0.75 0.125 0.75 0.125 0.75 0.375 0.75 0.375 0.75 0.375 0.75 0.375 0.75 0.375 0.75 0.375 0.75 0.125 0.75 0.125 0.75 0.125 0.75 0.375 0.6666666 0.375 0.6666666 0.375 0.6666666 0.375 0.6666666 0.375 0.6666666 0.375 0.6666666 0.125 0.6666666 0.125 0.6666666 0.125 0.6666666 0.125 0.75 0.375 0.75 0.125 0.75 0.375 0.6666666 0.125 0.6666666 0.375 0.6666666 0.125 0.6666666 0.125 0.6666666 0.375 0.6666666 0.125 0.75 0.375 0.75 0.125 0.75 0.25 0.6666666 0.375 0.6666666 0.125 0.6666666 0.375 0.6666666 0.125 0.6666666 0.375 0.6666666 0.375 0.6666666 0.125 0.6666666 0.375 0.6666666 0.125 0.6666666 0.375 0.6666666 0.125 0.6666666 0.625 1 0.5 1 0.5 0.5 0.375 1 0.25 1 0.25 0.5 0.7499999 0.01872724 0.7499999 0.01872724 0.9135347 0.08646547 0.9135347 0.08646547 0.9197056 0.08029437 0.75 0.00999999 0.25 0.01872724 0.25 0.00999999 0.4197056 0.08029437 0.5864655 0.08646547 0.5802944 0.08029437 0.51 0.25 0.01872724 0.25 0.00999999 0.25 0.08029437 0.08029437 0.5187273 0.25 0.5187273 0.25 0.5864655 0.08646547 0.375 0.75 0.375 0.75 0.125 0.75 0.375 0.6666666 0.125 0.6666666 0.125 0.6666666 0.125 0.6666666 0.125 0.6666666 0.125 0.6666666 0.125 0.6666666 0.375 0.6666666 0.375 0.6666666 0.375 0.6666666 0.375 0.6666666 0.375 0.6666666 0.7648669 0.4751148 0.7500001 0.4812728 0.7500001 0.4812728 0.7954545 1 0.875 1 0.9197056 0.4197056 0.7954545 1 0.4441223 0.4196926 0.4135346 0.4135346 0.7654278 0.4836096 0.764867 0.4751148 0.7500001 0.4812728 0.125 0.6666666 0.125 0.6666666 0.125 0.6666666 0.375 0.6666666 0.375 0.6666666 0.375 0.6666666 0.125 0.6666666 0.125 0.6666666 0.125 0.6666666 0.125 0.6666666 0.125 0.6666666 0.125 0.6666666 0.125 0.6666666 0.125 0.6666666 0.125 0.6666666 0.375 0.75 0.375 0.75 0.375 0.75 0.125 0.6666666 0.125 0.6666666 0.125 0.6666666 0.375 0.75 0.375 0.75 0.125 0.75 0.125 0.6666666 0.125 0.6666666 0.125 0.6666666 0.375 0.6666666 0.375 0.6666666 0.375 0.6666666 0.375 0.6666666 0.375 0.6666666 0.375 0.6666666 0.125 0.6666666 0.125 0.6666666 0.125 0.6666666 0.375 0.75 0.375 0.75 0.375 0.75 0.375 0.75 0.375 0.75 0.125 0.75 0.375 0.75 0.375 0.75 0.375 0.75 0.375 0.6666666 0.375 0.75 0.375 0.75 0.125 0.6666666 0.125 0.6666666 0.125 0.6666666 0.375 0.6666666 0.375 0.6666666 0.25 0.6666666 0.375 0.6666666 0.125 0.6666666 0.25 0.6666666 0.125 0.75 0.125 0.75 0.125 0.75 0.125 0.75 0.125 0.75 0.125 0.75 0.125 0.75 0.125 0.6666666 0.125 0.6666666 0.125 0.75 0.125 0.75 0.125 0.75 0.375 0.6666666 0.375 0.6666666 0.375 0.6666666 0.375 0.6666666 0.125 0.6666666 0.125 0.6666666 0.375 0.75 0.375 0.75 0.375 0.75 0.125 0.75 0.125 0.75 0.125 0.75 0.375 0.75 0.375 0.75 0.375 0.75 0.375 0.75 0.375 0.75 0.375 0.75 0.125 0.75 0.125 0.75 0.125 0.75 0.375 0.6666666 0.375 0.6666666 0.375 0.6666666 0.125 0.75 0.125 0.75 0.125 0.75 0.125 0.75 0.125 0.75 0.125 0.75 0.375 0.75 0.375 0.75 0.375 0.75 0.375 0.6666666 0.375 0.6666666 0.375 0.6666666 0.125 0.6666666 0.125 0.6666666 0.125 0.6666666 0.375 0.75 0.125 0.75 0.125 0.75 0.375 0.75 0.125 0.75 0.125 0.75 0.375 0.75 0.375 0.75 0.375 0.75 0.375 0.75 0.375 0.75 0.375 0.75 0.375 0.6666666 0.375 0.75 0.375 0.75 0.375 0.6666666 0.375 0.75 0.375 0.75 0.125 0.6666666 0.375 0.6666666 0.375 0.6666666 0.125 0.75 0.125 0.75 0.125 0.75 0.125 0.75 0.125 0.75 0.125 0.75 0.125 0.75 0.125 0.6666666 0.125 0.6666666 0.125 0.75 0.125 0.6666666 0.125 0.6666666 0.125 0.75 0.125 0.75 0.125 0.75 0.125 0.75 0.125 0.75 0.125 0.75 0.375 0.6666666 0.375 0.6666666 0.375 0.6666666 0.375 0.6666666 0.375 0.6666666 0.375 0.6666666 0.375 0.75 0.375 0.75 0.375 0.75 0.375 0.75 0.375 0.75 0.375 0.75 0.375 0.75 0.375 0.75 0.375 0.75 0.375 0.75 0.375 0.75 0.375 0.75 0.125 0.75 0.125 0.75 0.125 0.75 0.125 0.75 0.125 0.75 0.125 0.75 0.125 0.75 0.125 0.75 0.125 0.75 0.125 0.75 0.125 0.75 0.125 0.75 0.375 0.75 0.375 0.75 0.375 0.75 0.375 0.75 0.375 0.75 0.375 0.75 0.125 0.6666666 0.125 0.6666666 0.125 0.6666666 0.125 0.6666666 0.125 0.6666666 0.125 0.6666666 0.375 0.75 0.125 0.75 0.125 0.75 0.375 0.75 0.125 0.75 0.125 0.75 0.375 0.75 0.375 0.75 0.375 0.75 0.375 0.75 0.375 0.75 0.375 0.75 0.375 0.6666666 0.375 0.75 0.375 0.75 0.375 0.6666666 0.375 0.75 0.375 0.75 0.125 0.6666666 0.375 0.6666666 0.375 0.6666666 0.125 0.75 0.125 0.75 0.125 0.75 0.125 0.75 0.125 0.75 0.125 0.75 0.125 0.75 0.125 0.6666666 0.125 0.6666666 0.125 0.75 0.125 0.6666666 0.125 0.6666666 0.125 0.75 0.125 0.75 0.125 0.75 0.125 0.75 0.125 0.75 0.125 0.75 0.375 0.6666666 0.375 0.6666666 0.375 0.6666666 0.375 0.6666666 0.375 0.6666666 0.375 0.6666666 0.375 0.75 0.375 0.75 0.375 0.75 0.375 0.75 0.375 0.75 0.375 0.75 0.375 0.75 0.375 0.75 0.375 0.75 0.375 0.75 0.375 0.75 0.375 0.75 0.125 0.75 0.125 0.75 0.125 0.75 0.125 0.75 0.125 0.75 0.125 0.75 0.125 0.75 0.125 0.75 0.125 0.75 0.125 0.75 0.125 0.75 0.125 0.75 0.375 0.75 0.375 0.75 0.375 0.75 0.375 0.75 0.375 0.75 0.375 0.75 0.125 0.6666666 0.125 0.6666666 0.125 0.6666666 0.125 0.6666666 0.125 0.6666666 0.125 0.6666666 0.375 0.75 0.125 0.75 0.125 0.75 0.375 0.75 0.125 0.75 0.125 0.75 0.375 0.75 0.375 0.75 0.375 0.75 0.375 0.75 0.375 0.75 0.375 0.75 0.375 0.6666666 0.375 0.75 0.375 0.75 0.375 0.6666666 0.375 0.75 0.375 0.75 0.125 0.6666666 0.375 0.6666666 0.375 0.6666666 0.125 0.75 0.125 0.75 0.125 0.75 0.125 0.75 0.125 0.75 0.125 0.75 0.125 0.75 0.125 0.6666666 0.125 0.6666666 0.125 0.75 0.125 0.6666666 0.125 0.6666666 0.125 0.75 0.125 0.75 0.125 0.75 0.125 0.75 0.125 0.75 0.125 0.75 0.375 0.6666666 0.375 0.6666666 0.375 0.6666666 0.375 0.6666666 0.375 0.6666666 0.375 0.6666666 0.375 0.75 0.375 0.75 0.375 0.75 0.375 0.75 0.375 0.75 0.375 0.75 0.375 0.75 0.375 0.75 0.375 0.75 0.375 0.75 0.375 0.75 0.375 0.75 0.125 0.75 0.125 0.75 0.125 0.75 0.125 0.75 0.125 0.75 0.125 0.75 0.125 0.75 0.125 0.75 0.125 0.75 0.125 0.75 0.125 0.75 0.125 0.75 0.375 0.75 0.375 0.75 0.375 0.75 0.375 0.75 0.375 0.75 0.375 0.75 0.125 0.6666666 0.125 0.6666666 0.125 0.6666666 0.125 0.6666666 0.125 0.6666666 0.125 0.6666666 0.375 0.75 0.125 0.75 0.125 0.75 0.375 0.75 0.125 0.75 0.125 0.75 0.375 0.75 0.375 0.75 0.375 0.75 0.375 0.75 0.375 0.75 0.375 0.75 0.375 0.6666666 0.375 0.75 0.375 0.75 0.375 0.75 0.375 0.75 0.375 0.75 0.125 0.6666666 0.375 0.6666666 0.375 0.6666666 0.125 0.75 0.125 0.75 0.125 0.75 0.125 0.75 0.125 0.75 0.125 0.75 0.125 0.6666666 0.125 0.75 0.125 0.6666666 0.125 0.75 0.125 0.75 0.125 0.6666666 0.125 0.75 0.125 0.75 0.125 0.6666666 0.125 0.75 0.125 0.75 0.125 0.75 0.125 0.75 0.125 0.75 0.125 0.75 0.375 0.6666666 0.375 0.6666666 0.375 0.6666666 0.375 0.6666666 0.375 0.6666666 0.375 0.6666666 0.375 0.75 0.375 0.75 0.375 0.75 0.375 0.75 0.375 0.75 0.375 0.75 0.375 0.75 0.375 0.75 0.375 0.75 0.375 0.75 0.375 0.75 0.375 0.75 0.125 0.75 0.125 0.75 0.125 0.75 0.125 0.75 0.125 0.75 0.125 0.75 0.125 0.75 0.125 0.75 0.125 0.75 0.125 0.75 0.125 0.75 0.125 0.75 0.375 0.75 0.375 0.75 0.375 0.75 0.375 0.75 0.375 0.75 0.375 0.75 0.125 0.6666666 0.125 0.6666666 0.125 0.6666666 0.125 0.6666666 0.125 0.6666666 0.125 0.6666666 0.125 0.6666666 0.125 0.6666666 0.125 0.6666666 0.375 0.75 0.125 0.75 0.125 0.75 0.375 0.75 0.125 0.75 0.125 0.75 0.375 0.75 0.375 0.75 0.375 0.75 0.375 0.75 0.375 0.75 0.375 0.75 0.375 0.75 0.375 0.75 0.375 0.75 0.375 0.6666666 0.375 0.6666666 0.375 0.6666666 0.125 0.6666666 0.375 0.6666666 0.375 0.6666666 0.125 0.75 0.125 0.75 0.125 0.75 0.125 0.75 0.125 0.75 0.125 0.75 0.125 0.75 0.125 0.75 0.125 0.75 0.125 0.75 0.125 0.75 0.125 0.75 0.375 0.6666666 0.375 0.6666666 0.375 0.6666666 0.375 0.6666666 0.375 0.6666666 0.375 0.6666666 0.375 0.75 0.375 0.75 0.375 0.75 0.375 0.75 0.375 0.75 0.375 0.75 0.375 0.75 0.375 0.75 0.375 0.75 0.375 0.75 0.375 0.75 0.375 0.75 0.125 0.75 0.125 0.75 0.125 0.75 0.125 0.75 0.125 0.75 0.125 0.75 0.125 0.75 0.125 0.75 0.125 0.75 0.125 0.75 0.125 0.75 0.125 0.75 0.375 0.75 0.375 0.75 0.375 0.75 0.375 0.75 0.375 0.75 0.375 0.75 0.125 0.6666666 0.125 0.6666666 0.125 0.6666666 0.125 0.6666666 0.125 0.6666666 0.125 0.6666666 0.375 0.75 0.125 0.75 0.125 0.75 0.375 0.75 0.125 0.75 0.125 0.75 0.375 0.75 0.375 0.75 0.375 0.75 0.375 0.75 0.375 0.75 0.375 0.75 0.375 0.6666666 0.375 0.6666666 0.375 0.6666666 0.375 0.75 0.375 0.75 0.375 0.75 0.125 0.6666666 0.375 0.6666666 0.375 0.6666666 0.125 0.75 0.125 0.75 0.125 0.75 0.125 0.75 0.125 0.75 0.125 0.75 0.125 0.75 0.125 0.75 0.125 0.75 0.125 0.75 0.125 0.75 0.125 0.75 0.375 0.6666666 0.375 0.6666666 0.375 0.6666666 0.375 0.6666666 0.375 0.6666666 0.375 0.6666666 0.375 0.75 0.375 0.75 0.375 0.75 0.375 0.75 0.375 0.75 0.375 0.75 0.375 0.75 0.375 0.75 0.375 0.75 0.375 0.75 0.375 0.75 0.375 0.75 0.125 0.75 0.125 0.75 0.125 0.75 0.125 0.75 0.125 0.75 0.125 0.75 0.125 0.75 0.125 0.75 0.125 0.75 0.125 0.75 0.125 0.75 0.125 0.75 0.375 0.75 0.375 0.75 0.375 0.75 0.375 0.75 0.375 0.75 0.375 0.75 0.125 0.6666666 0.125 0.6666666 0.125 0.6666666 0.125 0.6666666 0.125 0.6666666 0.125 0.6666666 0.375 0.75 0.125 0.75 0.125 0.75 0.375 0.75 0.125 0.75 0.125 0.75 0.375 0.75 0.375 0.75 0.375 0.75 0.375 0.75 0.375 0.75 0.375 0.75 0.125 0.6666666 0.375 0.6666666 0.375 0.6666666 0.125 0.75 0.125 0.75 0.125 0.75 0.125 0.75 0.125 0.75 0.125 0.75 0.125 0.75 0.125 0.75 0.125 0.75 0.125 0.75 0.125 0.75 0.125 0.75 0.375 0.6666666 0.375 0.6666666 0.375 0.6666666 0.375 0.6666666 0.375 0.6666666 0.375 0.6666666 0.375 0.75 0.375 0.75 0.375 0.75 0.375 0.75 0.375 0.75 0.375 0.75 0.375 0.75 0.375 0.75 0.375 0.75 0.375 0.75 0.375 0.75 0.375 0.75 0.125 0.75 0.125 0.75 0.125 0.75 0.125 0.75 0.125 0.75 0.125 0.75 0.125 0.75 0.125 0.75 0.125 0.75 0.125 0.75 0.125 0.75 0.125 0.75 0.375 0.75 0.375 0.75 0.375 0.75 0.375 0.75 0.375 0.75 0.375 0.75 0.125 0.6666666 0.125 0.6666666 0.125 0.6666666 0.125 0.6666666 0.125 0.6666666 0.125 0.6666666 0.375 0.75 0.125 0.75 0.125 0.75 0.375 0.75 0.125 0.75 0.125 0.75 0.375 0.75 0.375 0.75 0.375 0.75 0.375 0.75 0.375 0.75 0.375 0.75 0.375 0.75 0.375 0.75 0.375 0.75 0.375 0.75 0.375 0.75 0.375 0.75 0.125 0.6666666 0.375 0.6666666 0.375 0.6666666 0.125 0.75 0.125 0.75 0.125 0.75 0.125 0.75 0.125 0.75 0.125 0.75 0.125 0.75 0.125 0.75 0.125 0.6666666 0.125 0.75 0.125 0.75 0.125 0.75 0.125 0.75 0.125 0.75 0.125 0.75 0.375 0.6666666 0.375 0.6666666 0.375 0.6666666 0.375 0.6666666 0.375 0.6666666 0.375 0.6666666 0.375 0.75 0.375 0.75 0.375 0.75 0.375 0.75 0.375 0.75 0.375 0.75 0.375 0.75 0.375 0.75 0.375 0.75 0.375 0.75 0.375 0.75 0.375 0.75 0.125 0.75 0.125 0.75 0.125 0.75 0.125 0.75 0.125 0.75 0.125 0.75 0.125 0.75 0.125 0.75 0.125 0.75 0.125 0.75 0.125 0.75 0.125 0.75 0.375 0.75 0.375 0.75 0.375 0.75 0.375 0.75 0.375 0.75 0.375 0.75 0.125 0.6666666 0.125 0.6666666 0.125 0.6666666 0.125 0.6666666 0.125 0.6666666 0.125 0.6666666 0.375 0.75 0.125 0.75 0.125 0.75 0.375 0.75 0.125 0.75 0.125 0.75 0.375 0.75 0.375 0.75 0.375 0.75 0.375 0.75 0.375 0.75 0.375 0.75 0.375 0.6666666 0.375 0.75 0.375 0.75 0.375 0.6666666 0.375 0.75 0.375 0.75 0.125 0.6666666 0.375 0.6666666 0.375 0.6666666 0.125 0.75 0.125 0.75 0.125 0.75 0.125 0.75 0.125 0.75 0.125 0.75 0.125 0.6666666 0.125 0.75 0.125 0.6666666 0.125 0.75 0.125 0.75 0.125 0.6666666 0.125 0.75 0.125 0.6666666 0.125 0.6666666 0.125 0.75 0.125 0.75 0.125 0.75 0.125 0.75 0.125 0.75 0.125 0.75 0.375 0.6666666 0.375 0.6666666 0.375 0.6666666 0.375 0.6666666 0.375 0.6666666 0.375 0.6666666 0.375 0.75 0.375 0.75 0.375 0.75 0.375 0.75 0.375 0.75 0.375 0.75 0.375 0.75 0.375 0.75 0.375 0.75 0.375 0.75 0.375 0.75 0.375 0.75 0.125 0.75 0.125 0.75 0.125 0.75 0.125 0.75 0.125 0.75 0.125 0.75 0.125 0.75 0.125 0.75 0.125 0.75 0.125 0.75 0.125 0.75 0.125 0.75 0.375 0.75 0.375 0.75 0.375 0.75 0.375 0.75 0.375 0.75 0.375 0.75 0.125 0.6666666 0.125 0.6666666 0.125 0.6666666 0.125 0.6666666 0.125 0.6666666 0.125 0.6666666 0.125 0.6666666 0.125 0.6666666 0.125 0.6666666 0.375 0.75 0.125 0.75 0.125 0.75 0.375 0.75 0.125 0.75 0.125 0.75 0.375 0.75 0.375 0.75 0.375 0.75 0.375 0.75 0.375 0.75 0.375 0.75 0.375 0.6666666 0.375 0.75 0.375 0.75 0.375 0.6666666 0.375 0.75 0.375 0.75 0.125 0.6666666 0.375 0.6666666 0.375 0.6666666 0.125 0.75 0.125 0.75 0.125 0.75 0.125 0.75 0.125 0.75 0.125 0.75 0.125 0.75 0.125 0.6666666 0.125 0.6666666 0.125 0.75 0.125 0.6666666 0.125 0.6666666 0.125 0.75 0.125 0.75 0.125 0.75 0.125 0.75 0.125 0.75 0.125 0.75 0.375 0.6666666 0.375 0.6666666 0.375 0.6666666 0.375 0.6666666 0.375 0.6666666 0.375 0.6666666 0.375 0.75 0.375 0.75 0.375 0.75 0.375 0.75 0.375 0.75 0.375 0.75 0.375 0.75 0.375 0.75 0.375 0.75 0.375 0.75 0.375 0.75 0.375 0.75 0.125 0.75 0.125 0.75 0.125 0.75 0.125 0.75 0.125 0.75 0.125 0.75 0.125 0.75 0.125 0.75 0.125 0.75 0.125 0.75 0.125 0.75 0.125 0.75 0.375 0.75 0.375 0.75 0.375 0.75 0.375 0.75 0.375 0.75 0.375 0.75 0.125 0.6666666 0.125 0.6666666 0.125 0.6666666 0.125 0.6666666 0.125 0.6666666 0.125 0.6666666 0.375 0.75 0.125 0.75 0.125 0.75 0.375 0.75 0.125 0.75 0.125 0.75 0.375 0.75 0.375 0.75 0.375 0.75 0.375 0.75 0.375 0.75 0.375 0.75 0.375 0.6666666 0.375 0.75 0.375 0.75 0.375 0.6666666 0.375 0.75 0.375 0.75 0.125 0.6666666 0.375 0.6666666 0.375 0.6666666 0.125 0.75 0.125 0.75 0.125 0.75 0.125 0.75 0.125 0.75 0.125 0.75 0.125 0.75 0.125 0.6666666 0.125 0.6666666 0.125 0.75 0.125 0.6666666 0.125 0.6666666 0.125 0.75 0.125 0.75 0.125 0.75 0.125 0.75 0.125 0.75 0.125 0.75 0.375 0.6666666 0.375 0.6666666 0.375 0.6666666 0.375 0.6666666 0.375 0.6666666 0.375 0.6666666 0.375 0.75 0.375 0.75 0.375 0.75 0.375 0.75 0.375 0.75 0.375 0.75 0.375 0.75 0.375 0.75 0.375 0.75 0.375 0.75 0.375 0.75 0.375 0.75 0.125 0.75 0.125 0.75 0.125 0.75 0.125 0.75 0.125 0.75 0.125 0.75 0.125 0.75 0.125 0.75 0.125 0.75 0.125 0.75 0.125 0.75 0.125 0.75 0.375 0.75 0.375 0.75 0.375 0.75 0.375 0.75 0.375 0.75 0.375 0.75 0.125 0.6666666 0.125 0.6666666 0.125 0.6666666 0.125 0.6666666 0.125 0.6666666 0.125 0.6666666 0.375 0.75 0.125 0.75 0.125 0.75 0.375 0.75 0.125 0.75 0.125 0.75 0.375 0.75 0.375 0.75 0.375 0.75 0.375 0.75 0.375 0.75 0.375 0.75 0.375 0.6666666 0.375 0.75 0.375 0.75 0.375 0.6666666 0.375 0.75 0.375 0.75 0.125 0.6666666 0.375 0.6666666 0.375 0.6666666 0.125 0.75 0.125 0.75 0.125 0.75 0.125 0.75 0.125 0.75 0.125 0.75 0.125 0.75 0.125 0.6666666 0.125 0.6666666 0.125 0.75 0.125 0.6666666 0.125 0.6666666 0.125 0.75 0.125 0.75 0.125 0.75 0.125 0.75 0.125 0.75 0.125 0.75 0.375 0.6666666 0.375 0.6666666 0.375 0.6666666 0.375 0.6666666 0.375 0.6666666 0.375 0.6666666 0.375 0.75 0.375 0.75 0.375 0.75 0.375 0.75 0.375 0.75 0.375 0.75 0.375 0.75 0.375 0.75 0.375 0.75 0.375 0.75 0.375 0.75 0.375 0.75 0.125 0.75 0.125 0.75 0.125 0.75 0.125 0.75 0.125 0.75 0.125 0.75 0.125 0.75 0.125 0.75 0.125 0.75 0.125 0.75 0.125 0.75 0.125 0.75 0.375 0.75 0.375 0.75 0.375 0.75 0.375 0.75 0.375 0.75 0.375 0.75 0.125 0.6666666 0.125 0.6666666 0.125 0.6666666 0.125 0.6666666 0.125 0.6666666 0.125 0.6666666 0.375 0.75 0.375 0.75 0.375 0.6666666 0.375 0.6666666 0.375 0.75 0.375 0.75 0.375 0.6666666 0.375 0.75 0.375 0.75 0.375 0.6666666 0.375 0.75 0.375 0.75 0.375 0.6666666 0.375 0.75 0.375 0.75 0.375 0.6666666 0.375 0.75 0.375 0.75 0.375 0.6666666 0.375 0.75 0.375 0.75 0.375 0.6666666 0.375 0.75 0.375 0.75 0.375 0.6666666 0.375 0.6666666 0.375 0.75 0.375 0.75 0.375 0.75 0.375 0.75 0.375 0.6666666 0.375 0.6666666 0.375 0.6666666 0.375 0.6666666 0.375 0.6666666 0.375 0.6666666 0.375 0.75 0.375 0.75 0.375 0.75 0.375 0.6666666 0.375 0.6666666 0.375 0.6666666 0.375 0.6666666 0.375 0.6666666 0.375 0.6666666 0.375 0.6666666 0.375 0.6666666 0.375 0.6666666 0 0 0 0 0 0 0 0 0 0 0 0 0 0 0 0 0 0 0 0 0 0 0 0 0 0 0 0 0 0 0 0 0 0 0 0 0 0 0 0 0 0 0 0 0 0 0 0 0 0 0 0 0 0 0 0 0 0 0 0 0 0 0 0 0 0 0 0 0 0 0 0 0 0 0 0 0 0 0 0 0 0 0 0 0 0 0 0 0 0 0 0 0 0 0 0 0 0 0 0 0 0 0 0 0 0 0 0 0 0 0 0 0 0 0 0 0 0 0 0 0 0 0 0 0 0 0 0 0 0 0 0 0 0 0 0 0 0 0 0 0 0 0 0 0 0 0 0 0 0 0 0 0 0 0 0 0 0 0 0 0 0 0 0 0 0 0 0 0 0 0 0 0 0 0 0 0 0 0 0 0 0 0 0 0 0 0 0 0 0 0 0 0 0 0 0 0 0 0 0 0 0 0 0 0 0 0 0 0 0 0 0 0 0 0 0 0.375 0.6666666 0.375 0.75 0.375 0.75 0.375 0.6666666 0.375 0.75 0.375 0.75 0.125 0.6666666 0.125 0.6666666 0.125 0.6666666 0.375 0.6666666 0.375 0.6666666 0.375 0.6666666 0.375 0.6666666 0.375 0.6666666 0.375 0.6666666 0.125 0.75 0.125 0.75 0.125 0.75 0.375 0.75 0.375 0.75 0.375 0.75 0.375 0.75 0.375 0.75 0.375 0.75 0.125 0.75 0.125 0.75 0.125 0.75 0.75 0.49 0 1 0.07954543 1 0.7654278 0.4836096 0.07954543 1 0.1590909 1 0.7808555 0.4772192 0.7808555 0.4772192 0.7962834 0.4708288 0.7962834 0.4708288 0.7962834 0.4708288 0.8117113 0.4644384 0.8117113 0.4644384 0.8117113 0.4644384 0.8271389 0.458048 0.8271389 0.458048 0.8271389 0.458048 0.8425666 0.4516576 0.8888501 0.4324864 0.715909 1 0.7954545 1 0.9135348 0.4135346 0.8986679 0.4196926 0.8986679 0.4196926 0.8986679 0.4196926 0.8838011 0.4258506 0.8838011 0.4258506 0.8838011 0.4258506 0.8689343 0.4320086 0.8689344 0.4320086 0.8689343 0.4320086 0.8540676 0.4381667 0.8540676 0.4381667 0.8540676 0.4381667 0.8392008 0.4443247 0.8392008 0.4443247 0.8392008 0.4443247 0.824334 0.4504827 0.824334 0.4504827 0.824334 0.4504827 0.8094673 0.4566407 0.8094673 0.4566407 0.8094673 0.4566407 0.7946005 0.4627988 0.7946005 0.4627988 0.7946005 0.4627988 0.7797337 0.4689568 0.7797337 0.4689568 0.7797337 0.4689568 0.7648669 0.4751148 0.764867 0.4751148 0.7500001 0.4812728 0.7194123 0.4751148 0.07954543 1 0.7194123 0.4751148 0.6888246 0.4689568 0.1590909 1 0.6888246 0.4689568 0.6582369 0.4627987 0.2386363 1 0.6582369 0.4627987 0.6276491 0.4566407 0.3181818 1 0.6276491 0.4566407 0.5970613 0.4504827 0.3977273 1 0.5970613 0.4504827 0.5664735 0.4443247 0.4772728 1 0.4772728 1 0.5664735 0.4443247 0.5358857 0.4381666 0.5568183 1 0.5358857 0.4381666 0.5052979 0.4320086 0.6363637 1 0.5052979 0.4320086 0.4747101 0.4258506 0.715909 1 0.4747101 0.4258506 0.4441223 0.4196926 0.9135348 0.4135346 0.8986679 0.4196926 0.9042778 0.426096 0.8986679 0.4196926 0.8838011 0.4258506 0.8888501 0.4324864 0.8838011 0.4258506 0.8689344 0.4320086 0.8734222 0.4388768 0.8689344 0.4320086 0.8540676 0.4381667 0.8579945 0.4452673 0.8540676 0.4381667 0.8392008 0.4443247 0.8425666 0.4516576 0.8425666 0.4516576 0.8392008 0.4443247 0.824334 0.4504827 0.8271389 0.458048 0.824334 0.4504827 0.8094673 0.4566407 0.8117113 0.4644384 0.8094673 0.4566407 0.7946005 0.4627988 0.7962834 0.4708288 0.7946005 0.4627988 0.7797337 0.4689568 0.7808555 0.4772192 0.7797337 0.4689568 0.764867 0.4751148 0.1590909 1 0.2386363 1 0.7962834 0.4708288 0.2386363 1 0.3181818 1 0.8117113 0.4644384 0.3181818 1 0.3977273 1 0.8271389 0.458048 0.3977273 1 0.4772728 1 0.8425666 0.4516576 0.4772728 1 0.5568183 1 0.8579945 0.4452673 0.5568183 1 0.6363637 1 0.8734222 0.4388768 0.6363637 1 0.715909 1 0.8888501 0.4324864 0.8888501 0.4324864 0.8888501 0.4324864 0.715909 1 0.1590909 1 0.1590909 1 0.7808555 0.4772192 0.8734222 0.4388768 0.8734222 0.4388768 0.8888501 0.4324864 0.8579945 0.4452673 0.8579945 0.4452673 0.8734222 0.4388768 0.8425666 0.4516576 0.8425666 0.4516576 0.8579945 0.4452673 0.125 0.75 0.125 0.75 0.125 0.75 0.375 0.6666666 0.375 0.6666666 0.375 0.6666666 0.375 0.75 0.375 0.75 0.375 0.75 0.375 0.6666666 0.375 0.6666666 0.375 0.6666666 0.375 0.75 0.375 0.75 0.375 0.75 0.125 0.6666666 0.125 0.6666666 0.375 0.6666666 0.375 0.6666666 0.375 0.6666666 0.375 0.6666666 0.375 0.6666666 0.125 0.6666666 0.125 0.6666666 0.125 0.75 0.125 0.75 0.125 0.75 0.125 0.75 0.125 0.75 0.125 0.75 0.125 0.75 0.125 0.75 0.125 0.75 0.375 0.6666666 0.375 0.6666666 0.375 0.6666666 0.125 0.6666666 0.125 0.6666666 0.125 0.6666666 0.125 0.75 0.125 0.75 0.125 0.75 0.125 0.6666666 0.125 0.6666666 0.125 0.6666666 0.375 0.6666666 0.375 0.6666666 0.375 0.6666666 0.125 0.6666666 0.125 0.6666666 0.125 0.6666666 0.375 0.6666666 0.375 0.6666666 0.375 0.6666666 0.125 0.6666666 0.125 0.6666666 0.125 0.6666666 0.125 0.6666666 0.125 0.6666666 0.125 0.6666666 0.125 0.6666666 0.125 0.6666666 0.125 0.6666666 0.375 0.75 0.375 0.75 0.375 0.75 0.125 0.6666666 0.375 0.6666666 0.375 0.6666666 0.375 0.6666666 0.375 0.6666666 0.375 0.6666666 0.125 0.6666666 0.125 0.6666666 0.125 0.6666666 0.375 0.75 0.375 0.75 0.125 0.75 0.125 0.6666666 0.125 0.6666666 0.125 0.6666666 0.375 0.6666666 0.375 0.6666666 0.375 0.6666666 0.125 0.6666666 0.125 0.6666666 0.125 0.6666666 0.375 0.6666666 0.125 0.6666666 0.125 0.6666666 0.375 0.75 0.375 0.75 0.125 0.75 0.375 0.6666666 0.375 0.6666666 0.375 0.6666666 0.375 0.75 0.375 0.75 0.375 0.75 0.375 0.75 0.375 0.75 0.375 0.75 0.375 0.6666666 0.375 0.6666666 0.375 0.6666666 0.125 0.75 0.125 0.75 0.125 0.75 0.375 0.75 0.375 0.75 0.375 0.75 0.375 0.75 0.375 0.75 0.375 0.75 0.125 0.75 0.125 0.75 0.125 0.75 0.375 0.6666666 0.375 0.6666666 0.375 0.6666666 0.375 0.6666666 0.375 0.6666666 0.375 0.6666666 0.125 0.6666666 0.125 0.6666666 0.125 0.6666666 0.125 0.6666666 0.375 0.6666666 0.375 0.6666666 0.625 1 0.5 1 0.5 0.5 0.375 1 0.25 1 0.25 0.5 0.25 1 0.625 1 0.625 0.5 0.7499999 0.01872724 0.7499999 0.01872724 0.9135347 0.08646547 0.5187273 0.25 0.51 0.25 0.9197056 0.08029437 0.9135347 0.08646547 0.9197056 0.08029437 0.75 0.00999999 0.25 0.01872724 0.25 0.00999999 0.4197056 0.08029437 0.5864655 0.08646547 0.5802944 0.08029437 0.51 0.25 0.01872724 0.25 0.00999999 0.25 0.08029437 0.08029437 0.4135345 0.08646547 0.4197056 0.08029437 0.00999999 0.25 0.5187273 0.25 0.5187273 0.25 0.5864655 0.08646547 0.125 0.75 0.375 0.75 0.375 0.75 0.375 0.75 0.375 0.75 0.125 0.75 0.375 0.75 0.125 0.75 0.125 0.75 0.375 0.6666666 0.125 0.6666666 0.125 0.6666666 0.125 0.6666666 0.125 0.6666666 0.125 0.6666666 0.125 0.6666666 0.375 0.6666666 0.375 0.6666666 0.375 0.6666666 0.375 0.6666666 0.375 0.6666666 0.375 0.75 0.125 0.75 0.125 0.75 0.7648669 0.4751148 0.7500001 0.4812728 0.7500001 0.4812728 0.9042778 0.426096 0.7954545 1 0.875 1 0.7954545 1 0.4441223 0.4196926 0.4135346 0.4135346 0.7654278 0.4836096 0.764867 0.4751148 0.7500001 0.4812728 0.125 0.6666666 0.125 0.6666666 0.125 0.6666666 0.375 0.6666666 0.375 0.6666666 0.375 0.6666666 0.125 0.6666666 0.125 0.6666666 0.125 0.6666666 0.125 0.6666666 0.125 0.6666666 0.125 0.6666666 0.125 0.6666666 0.125 0.6666666 0.125 0.6666666 0.375 0.75 0.375 0.75 0.375 0.75 0.125 0.6666666 0.125 0.6666666 0.125 0.6666666 0.375 0.75 0.375 0.75 0.125 0.75 0.125 0.6666666 0.125 0.6666666 0.125 0.6666666 0.375 0.6666666 0.375 0.6666666 0.375 0.6666666 0.375 0.6666666 0.375 0.6666666 0.375 0.6666666 0.125 0.6666666 0.125 0.6666666 0.125 0.6666666 0.375 0.75 0.375 0.75 0.375 0.75 0.375 0.75 0.375 0.75 0.125 0.75 0.125 0.6666666 0.375 0.6666666 0.25 0.6666666 0.375 0.6666666 0.125 0.6666666 0.25 0.6666666 0.375 0.75 0.375 0.75 0.375 0.75 0.375 0.6666666 0.375 0.75 0.375 0.75 0.125 0.6666666 0.125 0.6666666 0.125 0.6666666 0.375 0.6666666 0.375 0.6666666 0.25 0.6666666 0.375 0.6666666 0.125 0.6666666 0.25 0.6666666 0.125 0.75 0.125 0.75 0.125 0.75 0.125 0.75 0.125 0.75 0.125 0.75 0.125 0.75 0.125 0.6666666 0.125 0.6666666 0.125 0.6666666 0.375 0.6666666 0.375 0.6666666 0.125 0.75 0.125 0.75 0.125 0.75 0.375 0.6666666 0.375 0.6666666 0.375 0.6666666 0.375 0.6666666 0.125 0.6666666 0.125 0.6666666 0.375 0.75 0.375 0.75 0.375 0.75 0.125 0.75 0.125 0.75 0.125 0.75 0.375 0.75 0.375 0.75 0.375 0.75 0.375 0.75 0.375 0.75 0.375 0.75 0.125 0.75 0.125 0.75 0.125 0.75 0.375 0.6666666 0.375 0.6666666 0.375 0.6666666 0.125 0.75 0.125 0.75 0.125 0.75 0.125 0.75 0.125 0.75 0.125 0.75 0.375 0.75 0.375 0.75 0.375 0.75 0.375 0.6666666 0.375 0.6666666 0.375 0.6666666 0.125 0.6666666 0.125 0.6666666 0.125 0.6666666 0.375 0.75 0.125 0.75 0.125 0.75 0.375 0.75 0.125 0.75 0.125 0.75 0.375 0.75 0.375 0.75 0.375 0.75 0.375 0.75 0.375 0.75 0.375 0.75 0.375 0.6666666 0.375 0.75 0.375 0.75 0.375 0.6666666 0.375 0.75 0.375 0.75 0.125 0.6666666 0.375 0.6666666 0.375 0.6666666 0.125 0.75 0.125 0.75 0.125 0.75 0.125 0.75 0.125 0.75 0.125 0.75 0.125 0.75 0.125 0.6666666 0.125 0.6666666 0.125 0.75 0.125 0.6666666 0.125 0.6666666 0.125 0.75 0.125 0.75 0.125 0.75 0.125 0.75 0.125 0.75 0.125 0.75 0.375 0.6666666 0.375 0.6666666 0.375 0.6666666 0.375 0.6666666 0.375 0.6666666 0.375 0.6666666 0.375 0.75 0.375 0.75 0.375 0.75 0.375 0.75 0.375 0.75 0.375 0.75 0.375 0.75 0.375 0.75 0.375 0.75 0.375 0.75 0.375 0.75 0.375 0.75 0.125 0.75 0.125 0.75 0.125 0.75 0.125 0.75 0.125 0.75 0.125 0.75 0.125 0.75 0.125 0.75 0.125 0.75 0.125 0.75 0.125 0.75 0.125 0.75 0.375 0.75 0.375 0.75 0.375 0.75 0.375 0.75 0.375 0.75 0.375 0.75 0.125 0.6666666 0.125 0.6666666 0.125 0.6666666 0.125 0.6666666 0.125 0.6666666 0.125 0.6666666 0.375 0.75 0.125 0.75 0.125 0.75 0.375 0.75 0.125 0.75 0.125 0.75 0.375 0.75 0.375 0.75 0.375 0.75 0.375 0.75 0.375 0.75 0.375 0.75 0.375 0.6666666 0.375 0.75 0.375 0.75 0.375 0.6666666 0.375 0.75 0.375 0.75 0.125 0.6666666 0.375 0.6666666 0.375 0.6666666 0.125 0.75 0.125 0.75 0.125 0.75 0.125 0.75 0.125 0.75 0.125 0.75 0.125 0.75 0.125 0.6666666 0.125 0.6666666 0.125 0.75 0.125 0.6666666 0.125 0.6666666 0.125 0.75 0.125 0.75 0.125 0.75 0.125 0.75 0.125 0.75 0.125 0.75 0.375 0.6666666 0.375 0.6666666 0.375 0.6666666 0.375 0.6666666 0.375 0.6666666 0.375 0.6666666 0.375 0.75 0.375 0.75 0.375 0.75 0.375 0.75 0.375 0.75 0.375 0.75 0.375 0.75 0.375 0.75 0.375 0.75 0.375 0.75 0.375 0.75 0.375 0.75 0.125 0.75 0.125 0.75 0.125 0.75 0.125 0.75 0.125 0.75 0.125 0.75 0.125 0.75 0.125 0.75 0.125 0.75 0.125 0.75 0.125 0.75 0.125 0.75 0.375 0.75 0.375 0.75 0.375 0.75 0.375 0.75 0.375 0.75 0.375 0.75 0.125 0.6666666 0.125 0.6666666 0.125 0.6666666 0.125 0.6666666 0.125 0.6666666 0.125 0.6666666 0.375 0.75 0.125 0.75 0.125 0.75 0.375 0.75 0.125 0.75 0.125 0.75 0.375 0.75 0.375 0.75 0.375 0.75 0.375 0.75 0.375 0.75 0.375 0.75 0.375 0.6666666 0.375 0.75 0.375 0.75 0.375 0.6666666 0.375 0.75 0.375 0.75 0.125 0.6666666 0.375 0.6666666 0.375 0.6666666 0.125 0.75 0.125 0.75 0.125 0.75 0.125 0.75 0.125 0.75 0.125 0.75 0.125 0.75 0.125 0.75 0.125 0.6666666 0.125 0.75 0.125 0.6666666 0.125 0.6666666 0.125 0.75 0.125 0.75 0.125 0.75 0.125 0.75 0.125 0.75 0.125 0.75 0.375 0.6666666 0.375 0.6666666 0.375 0.6666666 0.375 0.6666666 0.375 0.6666666 0.375 0.6666666 0.375 0.75 0.375 0.75 0.375 0.75 0.375 0.75 0.375 0.75 0.375 0.75 0.375 0.75 0.375 0.75 0.375 0.75 0.375 0.75 0.375 0.75 0.375 0.75 0.125 0.75 0.125 0.75 0.125 0.75 0.125 0.75 0.125 0.75 0.125 0.75 0.125 0.75 0.125 0.75 0.125 0.75 0.125 0.75 0.125 0.75 0.125 0.75 0.375 0.75 0.375 0.75 0.375 0.75 0.375 0.75 0.375 0.75 0.375 0.75 0.125 0.6666666 0.125 0.6666666 0.125 0.6666666 0.125 0.6666666 0.125 0.6666666 0.125 0.6666666 0.375 0.75 0.125 0.75 0.125 0.75 0.375 0.75 0.125 0.75 0.125 0.75 0.375 0.75 0.375 0.75 0.375 0.75 0.375 0.75 0.375 0.75 0.375 0.75 0.375 0.6666666 0.375 0.75 0.375 0.75 0.375 0.75 0.375 0.75 0.375 0.75 0.125 0.6666666 0.375 0.6666666 0.375 0.6666666 0.125 0.75 0.125 0.75 0.125 0.75 0.125 0.75 0.125 0.75 0.125 0.75 0.125 0.6666666 0.125 0.75 0.125 0.6666666 0.125 0.75 0.125 0.75 0.125 0.6666666 0.125 0.75 0.125 0.75 0.125 0.6666666 0.125 0.75 0.125 0.75 0.125 0.75 0.125 0.75 0.125 0.75 0.125 0.75 0.375 0.6666666 0.375 0.6666666 0.375 0.6666666 0.375 0.6666666 0.375 0.6666666 0.375 0.6666666 0.375 0.75 0.375 0.75 0.375 0.75 0.375 0.75 0.375 0.75 0.375 0.75 0.375 0.75 0.375 0.75 0.375 0.75 0.375 0.75 0.375 0.75 0.375 0.75 0.125 0.75 0.125 0.75 0.125 0.75 0.125 0.75 0.125 0.75 0.125 0.75 0.125 0.75 0.125 0.75 0.125 0.75 0.125 0.75 0.125 0.75 0.125 0.75 0.375 0.75 0.375 0.75 0.375 0.75 0.375 0.75 0.375 0.75 0.375 0.75 0.125 0.6666666 0.125 0.6666666 0.125 0.6666666 0.125 0.6666666 0.125 0.6666666 0.125 0.6666666 0.125 0.6666666 0.125 0.6666666 0.125 0.6666666 0.375 0.75 0.125 0.75 0.125 0.75 0.375 0.75 0.125 0.75 0.125 0.75 0.375 0.75 0.375 0.75 0.375 0.75 0.375 0.75 0.375 0.75 0.375 0.75 0.375 0.75 0.375 0.75 0.375 0.75 0.375 0.6666666 0.375 0.6666666 0.375 0.6666666 0.125 0.6666666 0.375 0.6666666 0.375 0.6666666 0.125 0.75 0.125 0.75 0.125 0.75 0.125 0.75 0.125 0.75 0.125 0.75 0.125 0.75 0.125 0.75 0.125 0.75 0.125 0.75 0.125 0.75 0.125 0.75 0.375 0.6666666 0.375 0.6666666 0.375 0.6666666 0.375 0.6666666 0.375 0.6666666 0.375 0.6666666 0.375 0.75 0.375 0.75 0.375 0.75 0.375 0.75 0.375 0.75 0.375 0.75 0.375 0.75 0.375 0.75 0.375 0.75 0.375 0.75 0.375 0.75 0.375 0.75 0.125 0.75 0.125 0.75 0.125 0.75 0.125 0.75 0.125 0.75 0.125 0.75 0.125 0.75 0.125 0.75 0.125 0.75 0.125 0.75 0.125 0.75 0.125 0.75 0.375 0.75 0.375 0.75 0.375 0.75 0.375 0.75 0.375 0.75 0.375 0.75 0.125 0.6666666 0.125 0.6666666 0.125 0.6666666 0.125 0.6666666 0.125 0.6666666 0.125 0.6666666 0.375 0.75 0.125 0.75 0.125 0.75 0.375 0.75 0.125 0.75 0.125 0.75 0.375 0.75 0.375 0.75 0.375 0.75 0.375 0.75 0.375 0.75 0.375 0.75 0.375 0.6666666 0.375 0.6666666 0.375 0.6666666 0.375 0.75 0.375 0.75 0.375 0.75 0.125 0.6666666 0.375 0.6666666 0.375 0.6666666 0.125 0.75 0.125 0.75 0.125 0.75 0.125 0.75 0.125 0.75 0.125 0.75 0.125 0.75 0.125 0.75 0.125 0.75 0.125 0.75 0.125 0.75 0.125 0.75 0.375 0.6666666 0.375 0.6666666 0.375 0.6666666 0.375 0.6666666 0.375 0.6666666 0.375 0.6666666 0.375 0.75 0.375 0.75 0.375 0.75 0.375 0.75 0.375 0.75 0.375 0.75 0.375 0.75 0.375 0.75 0.375 0.75 0.375 0.75 0.375 0.75 0.375 0.75 0.125 0.75 0.125 0.75 0.125 0.75 0.125 0.75 0.125 0.75 0.125 0.75 0.125 0.75 0.125 0.75 0.125 0.75 0.125 0.75 0.125 0.75 0.125 0.75 0.375 0.75 0.375 0.75 0.375 0.75 0.375 0.75 0.375 0.75 0.375 0.75 0.125 0.6666666 0.125 0.6666666 0.125 0.6666666 0.125 0.6666666 0.125 0.6666666 0.125 0.6666666 0.375 0.75 0.125 0.75 0.125 0.75 0.375 0.75 0.125 0.75 0.125 0.75 0.375 0.75 0.375 0.75 0.375 0.75 0.375 0.75 0.375 0.75 0.375 0.75 0.125 0.6666666 0.375 0.6666666 0.375 0.6666666 0.125 0.75 0.125 0.75 0.125 0.75 0.125 0.75 0.125 0.75 0.125 0.75 0.125 0.75 0.125 0.75 0.125 0.75 0.125 0.75 0.125 0.75 0.125 0.75 0.375 0.6666666 0.375 0.6666666 0.375 0.6666666 0.375 0.6666666 0.375 0.6666666 0.375 0.6666666 0.375 0.75 0.375 0.75 0.375 0.75 0.375 0.75 0.375 0.75 0.375 0.75 0.375 0.75 0.375 0.75 0.375 0.75 0.375 0.75 0.375 0.75 0.375 0.75 0.125 0.75 0.125 0.75 0.125 0.75 0.125 0.75 0.125 0.75 0.125 0.75 0.125 0.75 0.125 0.75 0.125 0.75 0.125 0.75 0.125 0.75 0.125 0.75 0.375 0.75 0.375 0.75 0.375 0.75 0.375 0.75 0.375 0.75 0.375 0.75 0.125 0.6666666 0.125 0.6666666 0.125 0.6666666 0.125 0.6666666 0.125 0.6666666 0.125 0.6666666 0.375 0.75 0.125 0.75 0.125 0.75 0.375 0.75 0.125 0.75 0.125 0.75 0.375 0.75 0.375 0.75 0.375 0.75 0.375 0.75 0.375 0.75 0.375 0.75 0.375 0.75 0.375 0.75 0.375 0.75 0.375 0.75 0.375 0.75 0.375 0.75 0.125 0.6666666 0.375 0.6666666 0.375 0.6666666 0.125 0.75 0.125 0.75 0.125 0.75 0.125 0.75 0.125 0.75 0.125 0.75 0.125 0.75 0.125 0.75 0.125 0.6666666 0.125 0.75 0.125 0.75 0.125 0.75 0.125 0.75 0.125 0.75 0.125 0.75 0.375 0.6666666 0.375 0.6666666 0.375 0.6666666 0.375 0.6666666 0.375 0.6666666 0.375 0.6666666 0.375 0.75 0.375 0.75 0.375 0.75 0.375 0.75 0.375 0.75 0.375 0.75 0.375 0.75 0.375 0.75 0.375 0.75 0.375 0.75 0.375 0.75 0.375 0.75 0.125 0.75 0.125 0.75 0.125 0.75 0.125 0.75 0.125 0.75 0.125 0.75 0.125 0.75 0.125 0.75 0.125 0.75 0.125 0.75 0.125 0.75 0.125 0.75 0.375 0.75 0.375 0.75 0.375 0.75 0.375 0.75 0.375 0.75 0.375 0.75 0.125 0.6666666 0.125 0.6666666 0.125 0.6666666 0.125 0.6666666 0.125 0.6666666 0.125 0.6666666 0.375 0.75 0.125 0.75 0.125 0.75 0.375 0.75 0.125 0.75 0.125 0.75 0.375 0.75 0.375 0.75 0.375 0.75 0.375 0.75 0.375 0.75 0.375 0.75 0.375 0.6666666 0.375 0.75 0.375 0.75 0.375 0.6666666 0.375 0.75 0.375 0.75 0.125 0.6666666 0.375 0.6666666 0.375 0.6666666 0.125 0.75 0.125 0.75 0.125 0.75 0.125 0.75 0.125 0.75 0.125 0.75 0.125 0.6666666 0.125 0.75 0.125 0.6666666 0.125 0.75 0.125 0.75 0.125 0.6666666 0.125 0.75 0.125 0.6666666 0.125 0.6666666 0.125 0.75 0.125 0.75 0.125 0.75 0.125 0.75 0.125 0.75 0.125 0.75 0.375 0.6666666 0.375 0.6666666 0.375 0.6666666 0.375 0.6666666 0.375 0.6666666 0.375 0.6666666 0.375 0.75 0.375 0.75 0.375 0.75 0.375 0.75 0.375 0.75 0.375 0.75 0.375 0.75 0.375 0.75 0.375 0.75 0.375 0.75 0.375 0.75 0.375 0.75 0.125 0.75 0.125 0.75 0.125 0.75 0.125 0.75 0.125 0.75 0.125 0.75 0.125 0.75 0.125 0.75 0.125 0.75 0.125 0.75 0.125 0.75 0.125 0.75 0.375 0.75 0.375 0.75 0.375 0.75 0.375 0.75 0.375 0.75 0.375 0.75 0.125 0.6666666 0.125 0.6666666 0.125 0.6666666 0.125 0.6666666 0.125 0.6666666 0.125 0.6666666 0.125 0.6666666 0.125 0.6666666 0.125 0.6666666 0.375 0.75 0.125 0.75 0.125 0.75 0.375 0.75 0.125 0.75 0.125 0.75 0.375 0.75 0.375 0.75 0.375 0.75 0.375 0.75 0.375 0.75 0.375 0.75 0.375 0.6666666 0.375 0.75 0.375 0.75 0.375 0.6666666 0.375 0.75 0.375 0.75 0.125 0.6666666 0.375 0.6666666 0.375 0.6666666 0.125 0.75 0.125 0.75 0.125 0.75 0.125 0.75 0.125 0.75 0.125 0.75 0.125 0.75 0.125 0.75 0.125 0.6666666 0.125 0.75 0.125 0.6666666 0.125 0.6666666 0.125 0.75 0.125 0.75 0.125 0.75 0.125 0.75 0.125 0.75 0.125 0.75 0.375 0.6666666 0.375 0.6666666 0.375 0.6666666 0.375 0.6666666 0.375 0.6666666 0.375 0.6666666 0.375 0.75 0.375 0.75 0.375 0.75 0.375 0.75 0.375 0.75 0.375 0.75 0.375 0.75 0.375 0.75 0.375 0.75 0.375 0.75 0.375 0.75 0.375 0.75 0.125 0.75 0.125 0.75 0.125 0.75 0.125 0.75 0.125 0.75 0.125 0.75 0.125 0.75 0.125 0.75 0.125 0.75 0.125 0.75 0.125 0.75 0.125 0.75 0.375 0.75 0.375 0.75 0.375 0.75 0.375 0.75 0.375 0.75 0.375 0.75 0.125 0.6666666 0.125 0.6666666 0.125 0.6666666 0.125 0.6666666 0.125 0.6666666 0.125 0.6666666 0.375 0.75 0.125 0.75 0.125 0.75 0.375 0.75 0.125 0.75 0.125 0.75 0.375 0.75 0.375 0.75 0.375 0.75 0.375 0.75 0.375 0.75 0.375 0.75 0.375 0.6666666 0.375 0.75 0.375 0.75 0.375 0.6666666 0.375 0.75 0.375 0.75 0.125 0.6666666 0.375 0.6666666 0.375 0.6666666 0.125 0.75 0.125 0.75 0.125 0.75 0.125 0.75 0.125 0.75 0.125 0.75 0.125 0.75 0.125 0.6666666 0.125 0.6666666 0.125 0.75 0.125 0.6666666 0.125 0.6666666 0.125 0.75 0.125 0.75 0.125 0.75 0.125 0.75 0.125 0.75 0.125 0.75 0.375 0.6666666 0.375 0.6666666 0.375 0.6666666 0.375 0.6666666 0.375 0.6666666 0.375 0.6666666 0.375 0.75 0.375 0.75 0.375 0.75 0.375 0.75 0.375 0.75 0.375 0.75 0.375 0.75 0.375 0.75 0.375 0.75 0.375 0.75 0.375 0.75 0.375 0.75 0.125 0.75 0.125 0.75 0.125 0.75 0.125 0.75 0.125 0.75 0.125 0.75 0.125 0.75 0.125 0.75 0.125 0.75 0.125 0.75 0.125 0.75 0.125 0.75 0.375 0.75 0.375 0.75 0.375 0.75 0.375 0.75 0.375 0.75 0.375 0.75 0.125 0.6666666 0.125 0.6666666 0.125 0.6666666 0.125 0.6666666 0.125 0.6666666 0.125 0.6666666 0.375 0.75 0.125 0.75 0.125 0.75 0.375 0.75 0.125 0.75 0.125 0.75 0.375 0.75 0.375 0.75 0.375 0.75 0.375 0.75 0.375 0.75 0.375 0.75 0.375 0.6666666 0.375 0.75 0.375 0.75 0.375 0.6666666 0.375 0.75 0.375 0.75 0.125 0.6666666 0.375 0.6666666 0.375 0.6666666 0.125 0.75 0.125 0.75 0.125 0.75 0.125 0.75 0.125 0.75 0.125 0.75 0.125 0.75 0.125 0.6666666 0.125 0.6666666 0.125 0.75 0.125 0.6666666 0.125 0.6666666 0.125 0.75 0.125 0.75 0.125 0.75 0.125 0.75 0.125 0.75 0.125 0.75 0.375 0.6666666 0.375 0.6666666 0.375 0.6666666 0.375 0.6666666 0.375 0.6666666 0.375 0.6666666 0.375 0.75 0.375 0.75 0.375 0.75 0.375 0.75 0.375 0.75 0.375 0.75 0.375 0.75 0.375 0.75 0.375 0.75 0.375 0.75 0.375 0.75 0.375 0.75 0.125 0.75 0.125 0.75 0.125 0.75 0.125 0.75 0.125 0.75 0.125 0.75 0.125 0.75 0.125 0.75 0.125 0.75 0.125 0.75 0.125 0.75 0.125 0.75 0.375 0.75 0.375 0.75 0.375 0.75 0.375 0.75 0.375 0.75 0.375 0.75 0.125 0.6666666 0.125 0.6666666 0.125 0.6666666 0.125 0.6666666 0.125 0.6666666 0.125 0.6666666 0.375 0.75 0.375 0.75 0.375 0.6666666 0.375 0.6666666 0.375 0.6666666 0.375 0.75 0.375 0.6666666 0.375 0.6666666 0.375 0.75 0.375 0.6666666 0.375 0.6666666 0.375 0.75 0.375 0.6666666 0.375 0.75 0.375 0.75 0.375 0.6666666 0.375 0.6666666 0.375 0.75 0.375 0.6666666 0.375 0.6666666 0.375 0.75 0.375 0.6666666 0.375 0.6666666 0.375 0.75 0.375 0.6666666 0.375 0.6666666 0.375 0.75 0.375 0.75 0.375 0.75 0.375 0.75 0.375 0.6666666 0.375 0.6666666 0.375 0.6666666 0.375 0.6666666 0.375 0.6666666 0.375 0.6666666 0.375 0.75 0.375 0.75 0.375 0.75 0.375 0.6666666 0.375 0.6666666 0.375 0.6666666 0.375 0.6666666 0.375 0.6666666 0.375 0.6666666 0.375 0.6666666 0.375 0.6666666 0.375 0.6666666 0 0 0 0 0 0 0 0 0 0 0 0 0 0 0 0 0 0 0 0 0 0 0 0 0 0 0 0 0 0 0 0 0 0 0 0 0 0 0 0 0 0 0 0 0 0 0 0 0 0 0 0 0 0 0 0 0 0 0 0 0 0 0 0 0 0 0 0 0 0 0 0 0 0 0 0 0 0 0 0 0 0 0 0 0 0 0 0 0 0 0 0 0 0 0 0 0 0 0 0 0 0 0 0 0 0 0 0 0 0 0 0 0 0 0 0 0 0 0 0 0 0 0 0 0 0 0 0 0 0 0 0 0 0 0 0 0 0 0 0 0 0 0 0 0 0 0 0 0 0 0 0 0 0 0 0 0 0 0 0 0 0 0 0 0 0 0 0 0 0 0 0 0 0 0 0 0 0 0 0 0 0 0 0 0 0 0 0 0 0 0 0 0 0 0 0 0 0 0 0 0 0 0 0 0 0 0 0 0 0 0 0 0 0 0 0 0.375 0.6666666 0.375 0.75 0.375 0.75 0.375 0.6666666 0.375 0.75 0.375 0.75 0.125 0.6666666 0.125 0.6666666 0.375 0.6666666 0.125 0.75 0.375 0.75 0.375 0.75 0.125 0.6666666 0.375 0.6666666 0.125 0.6666666 0.375 0.6666666 0.375 0.6666666 0.125 0.6666666 0.375 0.6666666 0.125 0.6666666 0.125 0.6666666 0.125 0.6666666 0.375 0.6666666 0.375 0.6666666 0.125 0.6666666 0.125 0.6666666 0.125 0.6666666 0.125 0.6666666 0.125 0.6666666 0.125 0.6666666 0.375 0.6666666 0.375 0.6666666 0.375 0.6666666 0.375 0.6666666 0.375 0.6666666 0.375 0.6666666 0.125 0.75 0.125 0.75 0.125 0.75 0.375 0.75 0.375 0.75 0.375 0.75 0.375 0.75 0.375 0.75 0.375 0.75 0.125 0.75 0.125 0.75 0.125 0.75 0.75 0.49 0 1 0.07954543 1 0.7654278 0.4836096 0.07954543 1 0.1590909 1 0.7808555 0.4772192 0.7808555 0.4772192 0.7962834 0.4708288 0.7962834 0.4708288 0.7962834 0.4708288 0.8117113 0.4644384 0.8117113 0.4644384 0.8117113 0.4644384 0.8271389 0.458048 0.8271389 0.458048 0.8271389 0.458048 0.8425666 0.4516576 0.8888501 0.4324864 0.715909 1 0.7954545 1 0.9135348 0.4135346 0.8986679 0.4196926 0.8986679 0.4196926 0.8986679 0.4196926 0.8838011 0.4258506 0.8838011 0.4258506 0.8838011 0.4258506 0.8689343 0.4320086 0.8689344 0.4320086 0.8689343 0.4320086 0.8540676 0.4381667 0.8540676 0.4381667 0.8540676 0.4381667 0.8392008 0.4443247 0.8392008 0.4443247 0.8392008 0.4443247 0.824334 0.4504827 0.824334 0.4504827 0.824334 0.4504827 0.8094673 0.4566407 0.8094673 0.4566407 0.8094673 0.4566407 0.7946005 0.4627988 0.7946005 0.4627988 0.7946005 0.4627988 0.7797337 0.4689568 0.7797337 0.4689568 0.7797337 0.4689568 0.7648669 0.4751148 0.764867 0.4751148 0.7500001 0.4812728 0.7194123 0.4751148 0.07954543 1 0.7194123 0.4751148 0.6888246 0.4689568 0.1590909 1 0.6888246 0.4689568 0.6582369 0.4627987 0.2386363 1 0.6582369 0.4627987 0.6276491 0.4566407 0.3181818 1 0.6276491 0.4566407 0.5970613 0.4504827 0.3977273 1 0.5970613 0.4504827 0.5664735 0.4443247 0.4772728 1 0.4772728 1 0.5664735 0.4443247 0.5358857 0.4381666 0.5568183 1 0.5358857 0.4381666 0.5052979 0.4320086 0.6363637 1 0.5052979 0.4320086 0.4747101 0.4258506 0.715909 1 0.4747101 0.4258506 0.4441223 0.4196926 0.9135348 0.4135346 0.8986679 0.4196926 0.9042778 0.426096 0.8986679 0.4196926 0.8838011 0.4258506 0.8888501 0.4324864 0.8838011 0.4258506 0.8689344 0.4320086 0.8734222 0.4388768 0.8689344 0.4320086 0.8540676 0.4381667 0.8579945 0.4452673 0.8540676 0.4381667 0.8392008 0.4443247 0.8425666 0.4516576 0.8425666 0.4516576 0.8392008 0.4443247 0.824334 0.4504827 0.8271389 0.458048 0.824334 0.4504827 0.8094673 0.4566407 0.8117113 0.4644384 0.8094673 0.4566407 0.7946005 0.4627988 0.7962834 0.4708288 0.7946005 0.4627988 0.7797337 0.4689568 0.7808555 0.4772192 0.7797337 0.4689568 0.764867 0.4751148 0.1590909 1 0.2386363 1 0.7962834 0.4708288 0.2386363 1 0.3181818 1 0.8117113 0.4644384 0.3181818 1 0.3977273 1 0.8271389 0.458048 0.3977273 1 0.4772728 1 0.8425666 0.4516576 0.4772728 1 0.5568183 1 0.8579945 0.4452673 0.5568183 1 0.6363637 1 0.8734222 0.4388768 0.6363637 1 0.715909 1 0.8888501 0.4324864 0.8888501 0.4324864 0.8888501 0.4324864 0.715909 1 0.1590909 1 0.1590909 1 0.7808555 0.4772192 0.8734222 0.4388768 0.8734222 0.4388768 0.8888501 0.4324864 0.8579945 0.4452673 0.8579945 0.4452673 0.8734222 0.4388768 0.8425666 0.4516576 0.8425666 0.4516576 0.8579945 0.4452673 0.125 0.6666666 0.125 0.6666666 0.125 0.6666666 0.125 0.6666666 0.125 0.6666666 0.375 0.6666666 0.125 0.6666666 0.125 0.6666666 0.375 0.6666666 0.375 0.6666666 0.375 0.6666666 0.125 0.6666666 0.125 0.6666666 0.125 0.6666666 0.125 0.6666666 0.375 0.6666666 0.375 0.6666666 0.125 0.6666666 0.125 0.6666666 0.125 0.6666666 0.125 0.6666666 0.375 0.6666666 0.375 0.6666666 0.375 0.6666666 0.375 0.6666666 0.375 0.6666666 0.375 0.6666666 0.125 0.6666666 0.125 0.6666666 0.375 0.6666666 0.375 0.6666666 0.375 0.6666666 0.375 0.6666666 0.375 0.6666666 0.375 0.6666666 0.125 0.6666666 0.125 0.6666666 0.125 0.6666666 0.125 0.6666666 0.375 0.6666666 0.375 0.6666666 0.125 0.6666666 0.125 0.6666666 0.125 0.6666666 0.125 0.6666666 0.125 0.6666666 0.125 0.6666666 0.375 0.6666666 0.125 0.75 0.125 0.75 0.125 0.75 0.125 0.6666666 0.125 0.6666666 0.375 0.6666666 0.375 0.6666666 0.375 0.6666666 0.375 0.6666666 0.375 0.75 0.125 0.75 0.125 0.75 0.375 0.6666666 0.375 0.6666666 0.375 0.6666666 0.125 0.6666666 0.125 0.6666666 0.125 0.6666666 0.375 0.6666666 0.375 0.6666666 0.375 0.6666666 0.125 0.6666666 0.125 0.6666666 0.125 0.6666666 0.375 0.6666666 0.375 0.6666666 0.375 0.6666666 0.125 0.6666666 0.125 0.6666666 0.375 0.6666666 0.125 0.6666666 0.375 0.6666666 0.375 0.6666666 0.375 0.6666666 0.375 0.6666666 0.375 0.6666666 0.375 0.75 0.375 0.75 0.375 0.75 0.375 0.6666666 0.375 0.6666666 0.125 0.6666666 0.125 0.6666666 0.125 0.6666666 0.375 0.6666666 0.125 0.6666666 0.125 0.6666666 0.125 0.6666666 0.375 0.6666666 0.375 0.6666666 0.375 0.6666666 0.375 0.6666666 0.375 0.6666666 0.125 0.6666666 0.375 0.6666666 0.375 0.6666666 0.375 0.6666666 0.125 0.6666666 0.125 0.6666666 0.375 0.6666666 0.375 0.6666666 0.375 0.6666666 0.125 0.6666666 0.125 0.6666666 0.125 0.6666666 0.125 0.6666666 0.125 0.6666666 0.125 0.6666666 0.125 0.6666666 0.375 0.6666666 0.125 0.6666666 0.125 0.6666666 0.375 0.6666666 0.375 0.6666666 0.375 0.6666666 0.375 0.6666666 0.375 0.6666666 0.375 0.6666666 0.125 0.6666666 0.125 0.6666666 0.375 0.6666666 0.375 0.6666666 0.375 0.6666666 0.375 0.6666666 0.375 0.6666666 0.375 0.6666666 0.375 0.6666666 0.125 0.6666666 0.125 0.6666666 0.125 0.6666666 0.375 0.6666666 0.375 0.6666666 0.125 0.6666666 0.125 0.6666666 0.125 0.6666666 0.375 0.6666666 0.375 0.6666666 0.375 0.6666666 0.125 0.6666666 0.375 0.6666666 0.375 0.6666666 0.125 0.6666666 0.125 0.6666666 0.125 0.6666666 0.375 0.6666666 0.375 0.6666666 0.375 0.6666666 0.375 0.6666666 0.9135347 0.08646547 0.9135347 0.08646547 0.5187273 0.25 0.4135345 0.08646547 0.4197056 0.08029437 0.00999999 0.25 0.5187273 0.25 0.51 0.25 0.9197056 0.08029437 0.625 1 0.625 0.5 0.25 0.5 0.9135347 0.08646547 0.9135347 0.08646547 0.5187273 0.25 0.375 0.6666666 0.375 0.6666666 0.125 0.6666666 0.375 0.75 0.125 0.75 0.125 0.75 0.375 0.75 0.375 0.75 0.375 0.75 0.125 0.6666666 0.125 0.6666666 0.375 0.6666666 0.375 0.6666666 0.375 0.6666666 0.375 0.6666666 0.375 0.6666666 0.125 0.6666666 0.125 0.6666666 0.125 0.75 0.125 0.75 0.125 0.75 0.125 0.75 0.125 0.75 0.125 0.75 0.125 0.75 0.125 0.75 0.125 0.75 0.375 0.6666666 0.375 0.6666666 0.375 0.6666666 0.125 0.6666666 0.125 0.6666666 0.125 0.6666666 0.125 0.75 0.125 0.75 0.125 0.75 0.125 0.6666666 0.125 0.6666666 0.125 0.6666666 0.375 0.6666666 0.375 0.6666666 0.375 0.6666666 0.125 0.6666666 0.125 0.6666666 0.125 0.6666666 0.375 0.6666666 0.375 0.6666666 0.375 0.6666666 0.125 0.6666666 0.125 0.6666666 0.125 0.6666666 0.125 0.6666666 0.125 0.6666666 0.125 0.6666666 0.125 0.6666666 0.125 0.6666666 0.125 0.6666666 0.375 0.75 0.375 0.75 0.375 0.75 0.125 0.6666666 0.375 0.6666666 0.375 0.6666666 0.375 0.6666666 0.375 0.6666666 0.375 0.6666666 0.125 0.6666666 0.125 0.6666666 0.125 0.6666666 0.375 0.75 0.375 0.75 0.125 0.75 0.125 0.6666666 0.125 0.6666666 0.125 0.6666666 0.375 0.6666666 0.375 0.6666666 0.375 0.6666666 0.125 0.6666666 0.125 0.6666666 0.125 0.6666666 0.375 0.6666666 0.125 0.6666666 0.125 0.6666666 0.375 0.75 0.375 0.75 0.125 0.75 0.375 0.6666666 0.375 0.6666666 0.375 0.6666666 0.375 0.75 0.375 0.75 0.375 0.75 0.375 0.75 0.375 0.75 0.375 0.75 0.375 0.6666666 0.375 0.6666666 0.375 0.6666666 0.375 0.6666666 0.125 0.6666666 0.125 0.6666666 0.125 0.6666666 0.125 0.6666666 0.125 0.6666666 0.125 0.6666666 0.375 0.6666666 0.375 0.6666666 0.125 0.75 0.125 0.75 0.125 0.75 0.375 0.75 0.375 0.75 0.375 0.75 0.375 0.75 0.375 0.75 0.375 0.75 0.125 0.75 0.125 0.75 0.125 0.75 0.375 0.6666666 0.375 0.6666666 0.375 0.6666666 0.375 0.6666666 0.375 0.6666666 0.375 0.6666666 0.125 0.6666666 0.125 0.6666666 0.125 0.6666666 0.125 0.75 0.375 0.75 0.375 0.75 0.375 0.6666666 0.125 0.6666666 0.125 0.6666666 0.125 0.6666666 0.375 0.6666666 0.125 0.6666666 0.125 0.75 0.375 0.75 0.375 0.75 0.125 0.6666666 0.375 0.6666666 0.25 0.6666666 0.25 0.6666666 0.125 0.6666666 0.375 0.6666666 0.375 0.6666666 0.125 0.6666666 0.125 0.6666666 0.375 0.6666666 0.125 0.6666666 0.125 0.6666666 0.125 0.6666666 0.375 0.6666666 0.375 0.6666666</float_array>
          <technique_common>
            <accessor source="#Cube-mesh-map-0-array" count="6780" stride="2">
              <param name="S" type="float"/>
              <param name="T" type="float"/>
            </accessor>
          </technique_common>
        </source>
        <vertices id="Cube-mesh-vertices">
          <input semantic="POSITION" source="#Cube-mesh-positions"/>
        </vertices>
        <triangles material="paintable-0-material" count="2260">
          <input semantic="VERTEX" source="#Cube-mesh-vertices" offset="0"/>
          <input semantic="NORMAL" source="#Cube-mesh-normals" offset="1"/>
          <input semantic="TEXCOORD" source="#Cube-mesh-map-0" offset="2" set="0"/>
          <p>6 0 0 432 0 1 5 0 2 434 1 3 7 1 4 433 1 5 430 2 6 9 2 7 3 2 8 3 3 9 432 3 10 430 3 11 436 4 12 6 4 13 9 4 14 431 5 15 7 5 16 4 5 17 10 6 18 434 6 19 437 6 20 4 7 21 437 7 22 431 7 23 51 8 24 426 8 25 48 8 26 21 9 27 424 9 28 1 9 29 14 10 30 413 10 31 15 10 32 47 11 33 418 11 34 419 11 35 21 12 36 421 12 37 13 12 38 467 13 39 430 13 40 477 13 41 447 14 42 433 14 43 448 14 44 447 15 45 437 15 46 434 15 47 457 16 48 430 16 49 432 16 50 47 17 51 2 17 52 18 17 53 21 18 54 17 18 55 46 18 56 426 19 57 425 19 58 427 19 59 2 20 60 424 20 61 18 20 62 424 21 63 423 21 64 425 21 65 23 22 66 12 22 67 20 22 68 11 23 69 422 23 70 2 23 71 0 24 72 424 24 73 426 24 74 47 25 75 412 25 76 14 25 77 17 26 78 12 26 79 16 26 80 429 27 81 1 27 82 0 27 83 15 28 84 2 28 85 14 28 86 20 29 87 429 29 88 50 29 89 48 30 90 84 30 91 51 30 92 426 31 93 85 31 94 48 31 95 82 32 96 56 32 97 501 32 98 48 33 99 427 33 100 49 33 101 57 34 102 52 34 103 542 34 104 78 35 105 50 35 106 429 35 107 49 36 108 425 36 109 19 36 110 76 37 111 500 37 112 55 37 113 84 38 114 0 38 115 51 38 116 83 39 117 501 39 118 52 39 119 46 40 120 18 40 121 21 40 122 81 41 123 49 41 124 56 41 125 19 42 126 423 42 127 11 42 128 427 43 129 80 43 130 426 43 131 55 44 132 20 44 133 50 44 134 0 45 135 78 45 136 429 45 137 50 46 138 0 46 139 51 46 140 77 47 141 55 47 142 50 47 143 19 48 144 15 48 145 22 48 146 75 49 147 427 49 148 49 49 149 17 50 150 418 50 151 46 50 152 73 51 153 53 51 154 500 51 155 92 52 156 84 52 157 85 52 158 32 53 159 99 53 160 92 53 161 90 54 162 85 54 163 80 54 164 37 55 165 92 55 166 90 55 167 91 56 168 81 56 169 82 56 170 35 57 171 97 57 172 91 57 173 86 58 174 83 58 175 72 58 176 89 59 177 77 59 178 78 59 179 39 60 180 95 60 181 89 60 182 88 61 183 73 61 184 76 61 185 41 62 186 93 62 187 88 62 188 99 63 189 79 63 190 84 63 191 33 64 192 96 64 193 99 64 194 98 65 195 82 65 196 83 65 197 34 66 198 91 66 199 98 66 200 97 67 201 75 67 202 81 67 203 36 68 204 94 68 205 97 68 206 87 69 207 80 69 208 74 69 209 43 70 210 90 70 211 87 70 212 96 71 213 78 71 214 79 71 215 38 72 216 89 72 217 96 72 218 95 73 219 76 73 220 77 73 221 40 74 222 88 74 223 95 74 224 94 75 225 74 75 226 75 75 227 42 76 228 87 76 229 94 76 230 93 77 231 72 77 232 73 77 233 44 78 234 86 78 235 93 78 236 106 79 237 33 79 238 32 79 239 139 80 240 113 80 241 106 80 242 104 81 243 32 81 244 37 81 245 134 82 246 106 82 247 104 82 248 105 83 249 36 83 250 35 83 251 136 84 252 111 84 253 105 84 254 100 85 255 34 85 256 45 85 257 103 86 258 40 86 259 39 86 260 132 87 261 109 87 262 103 87 263 102 88 264 44 88 265 41 88 266 130 89 267 107 89 268 102 89 269 113 90 270 38 90 271 33 90 272 138 91 273 110 91 274 113 91 275 112 92 276 35 92 277 34 92 278 137 93 279 105 93 280 112 93 281 111 94 282 42 94 283 36 94 284 135 95 285 108 95 286 111 95 287 101 96 288 37 96 289 43 96 290 128 97 291 104 97 292 101 97 293 110 98 294 39 98 295 38 98 296 133 99 297 103 99 298 110 99 299 109 100 300 41 100 301 40 100 302 131 101 303 102 101 304 109 101 305 108 102 306 43 102 307 42 102 308 129 103 309 101 103 310 108 103 311 107 104 312 45 104 313 44 104 314 127 105 315 100 105 316 107 105 317 146 106 318 138 106 319 139 106 320 71 107 321 153 107 322 146 107 323 144 108 324 139 108 325 134 108 326 66 109 327 146 109 328 144 109 329 145 110 330 135 110 331 136 110 332 68 111 333 151 111 334 145 111 335 140 112 336 137 112 337 126 112 338 143 113 339 131 113 340 132 113 341 64 114 342 149 114 343 143 114 344 142 115 345 127 115 346 130 115 347 62 116 348 147 116 349 142 116 350 153 117 351 133 117 352 138 117 353 70 118 354 150 118 355 153 118 356 152 119 357 136 119 358 137 119 359 69 120 360 145 120 361 152 120 362 151 121 363 129 121 364 135 121 365 67 122 366 148 122 367 151 122 368 141 123 369 134 123 370 128 123 371 60 124 372 144 124 373 141 124 374 150 125 375 132 125 376 133 125 377 65 126 378 143 126 379 150 126 380 149 127 381 130 127 382 131 127 383 63 128 384 142 128 385 149 128 386 148 129 387 128 129 388 129 129 389 61 130 390 141 130 391 148 130 392 147 131 393 126 131 394 127 131 395 59 132 396 140 132 397 147 132 398 159 133 399 70 133 400 71 133 401 186 134 402 164 134 403 159 134 404 158 135 405 71 135 406 66 135 407 183 136 408 159 136 409 158 136 410 284 137 411 67 137 412 68 137 413 208 138 414 373 138 415 232 138 416 154 139 417 69 139 418 58 139 419 157 140 420 63 140 421 64 140 422 181 141 423 161 141 424 157 141 425 156 142 426 438 142 427 435 142 428 156 143 429 439 143 430 438 143 431 164 144 432 65 144 433 70 144 434 185 145 435 162 145 436 164 145 437 163 146 438 68 146 439 69 146 440 184 147 441 284 147 442 163 147 443 283 148 444 61 148 445 67 148 446 253 149 447 160 149 448 283 149 449 155 150 450 66 150 451 60 150 452 178 151 453 158 151 454 155 151 455 162 152 456 64 152 457 65 152 458 182 153 459 157 153 460 162 153 461 161 154 462 62 154 463 63 154 464 161 155 465 478 155 466 156 155 467 160 156 468 60 156 469 61 156 470 179 157 471 155 157 472 160 157 473 435 158 474 154 158 475 58 158 476 439 159 477 154 159 478 438 159 479 192 160 480 185 160 481 186 160 482 114 161 483 198 161 484 192 161 485 190 162 486 186 162 487 183 162 488 119 163 489 192 163 490 190 163 491 253 164 492 367 164 493 196 164 494 191 165 495 369 165 496 258 165 497 187 166 498 184 166 499 177 166 500 189 167 501 180 167 502 181 167 503 121 168 504 194 168 505 189 168 506 198 169 507 182 169 508 185 169 509 115 170 510 195 170 511 198 170 512 197 171 513 258 171 514 184 171 515 116 172 516 191 172 517 197 172 518 196 173 519 179 173 520 253 173 521 118 174 522 193 174 523 196 174 524 188 175 525 183 175 526 178 175 527 124 176 528 190 176 529 188 176 530 195 177 531 181 177 532 182 177 533 120 178 534 189 178 535 195 178 536 180 179 537 479 179 538 478 179 539 194 180 540 480 180 541 479 180 542 193 181 543 178 181 544 179 181 545 123 182 546 188 182 547 193 182 548 440 183 549 177 183 550 439 183 551 441 184 552 187 184 553 440 184 554 204 185 555 115 185 556 114 185 557 236 186 558 210 186 559 204 186 560 202 187 561 114 187 562 119 187 563 231 188 564 204 188 565 202 188 566 203 189 567 360 189 568 117 189 569 196 190 570 362 190 571 118 190 572 199 191 573 116 191 574 125 191 575 201 192 576 122 192 577 121 192 578 229 193 579 206 193 580 201 193 581 210 194 582 120 194 583 115 194 584 235 195 585 207 195 586 210 195 587 209 196 588 117 196 589 116 196 590 234 197 591 203 197 592 209 197 593 208 198 594 123 198 595 118 198 596 232 199 597 205 199 598 208 199 599 200 200 600 119 200 601 124 200 602 226 201 603 202 201 604 200 201 605 207 202 606 121 202 607 120 202 608 230 203 609 201 203 610 207 203 611 122 204 612 481 204 613 480 204 614 206 205 615 482 205 616 481 205 617 205 206 618 124 206 619 123 206 620 227 207 621 200 207 622 205 207 623 442 208 624 125 208 625 441 208 626 443 209 627 199 209 628 442 209 629 242 210 630 235 210 631 236 210 632 176 211 633 248 211 634 242 211 635 240 212 636 236 212 637 231 212 638 171 213 639 242 213 640 240 213 641 237 214 642 234 214 643 225 214 644 239 215 645 228 215 646 229 215 647 169 216 648 244 216 649 239 216 650 248 217 651 230 217 652 235 217 653 175 218 654 245 218 655 248 218 656 247 219 657 233 219 658 234 219 659 174 220 660 241 220 661 247 220 662 246 221 663 227 221 664 232 221 665 172 222 666 243 222 667 246 222 668 238 223 669 231 223 670 226 223 671 166 224 672 240 224 673 238 224 674 245 225 675 229 225 676 230 225 677 170 226 678 239 226 679 245 226 680 228 227 681 483 227 682 482 227 683 244 228 684 484 228 685 483 228 686 243 229 687 226 229 688 227 229 689 167 230 690 238 230 691 243 230 692 444 231 693 225 231 694 443 231 695 445 232 696 237 232 697 444 232 698 254 233 699 175 233 700 176 233 701 287 234 702 260 234 703 254 234 704 252 235 705 176 235 706 171 235 707 282 236 708 254 236 709 252 236 710 118 237 711 363 237 712 208 237 713 172 238 714 364 238 715 409 238 716 249 239 717 174 239 718 165 239 719 251 240 720 168 240 721 169 240 722 280 241 723 256 241 724 251 241 725 485 242 726 447 242 727 446 242 728 260 243 729 170 243 730 175 243 731 286 244 732 257 244 733 260 244 734 259 245 735 173 245 736 174 245 737 285 246 738 408 246 739 259 246 740 409 247 741 167 247 742 172 247 743 411 248 744 255 248 745 409 248 746 250 249 747 171 249 748 166 249 749 276 250 750 252 250 751 250 250 752 257 251 753 169 251 754 170 251 755 281 252 756 251 252 757 257 252 758 168 253 759 485 253 760 484 253 761 256 254 762 278 254 763 485 254 764 255 255 765 166 255 766 167 255 767 277 256 768 250 256 769 255 256 770 446 257 771 165 257 772 445 257 773 447 258 774 249 258 775 446 258 776 294 259 777 286 259 778 287 259 779 211 260 780 301 260 781 294 260 782 292 261 783 287 261 784 282 261 785 216 262 786 294 262 787 292 262 788 293 263 789 411 263 790 410 263 791 214 264 792 299 264 793 293 264 794 288 265 795 285 265 796 275 265 797 291 266 798 279 266 799 280 266 800 218 267 801 297 267 802 291 267 803 290 268 804 295 268 805 434 268 806 220 269 807 295 269 808 290 269 809 301 270 810 281 270 811 286 270 812 212 271 813 298 271 814 301 271 815 300 272 816 410 272 817 285 272 818 213 273 819 293 273 820 300 273 821 299 274 822 277 274 823 411 274 824 215 275 825 296 275 826 299 275 827 289 276 828 282 276 829 276 276 830 222 277 831 292 277 832 289 277 833 298 278 834 280 278 835 281 278 836 217 279 837 291 279 838 298 279 839 297 280 840 278 280 841 279 280 842 219 281 843 290 281 844 297 281 845 296 282 846 276 282 847 277 282 848 221 283 849 289 283 850 296 283 851 434 284 852 288 284 853 275 284 854 223 285 855 288 285 856 295 285 857 308 286 858 212 286 859 211 286 860 329 287 861 315 287 862 308 287 863 306 288 864 211 288 865 216 288 866 324 289 867 308 289 868 306 289 869 307 290 870 215 290 871 214 290 872 326 291 873 313 291 874 307 291 875 302 292 876 213 292 877 224 292 878 305 293 879 219 293 880 218 293 881 322 294 882 311 294 883 305 294 884 304 295 885 223 295 886 220 295 887 320 296 888 309 296 889 304 296 890 315 297 891 217 297 892 212 297 893 328 298 894 312 298 895 315 298 896 314 299 897 214 299 898 213 299 899 327 300 900 307 300 901 314 300 902 313 301 903 221 301 904 215 301 905 325 302 906 310 302 907 313 302 908 303 303 909 216 303 910 222 303 911 318 304 912 306 304 913 303 304 914 312 305 915 218 305 916 217 305 917 323 306 918 305 306 919 312 306 920 311 307 921 220 307 922 219 307 923 321 308 924 304 308 925 311 308 926 310 309 927 222 309 928 221 309 929 319 310 930 303 310 931 310 310 932 309 311 933 224 311 934 223 311 935 317 312 936 302 312 937 309 312 938 336 313 939 328 313 940 329 313 941 274 314 942 343 314 943 336 314 944 334 315 945 329 315 946 324 315 947 269 316 948 336 316 949 334 316 950 335 317 951 325 317 952 326 317 953 271 318 954 341 318 955 335 318 956 330 319 957 327 319 958 316 319 959 333 320 960 321 320 961 322 320 962 267 321 963 339 321 964 333 321 965 332 322 966 317 322 967 320 322 968 265 323 969 337 323 970 332 323 971 343 324 972 323 324 973 328 324 974 273 325 975 340 325 976 343 325 977 342 326 978 326 326 979 327 326 980 272 327 981 335 327 982 342 327 983 341 328 984 319 328 985 325 328 986 270 329 987 338 329 988 341 329 989 331 330 990 324 330 991 318 330 992 263 331 993 334 331 994 331 331 995 340 332 996 322 332 997 323 332 998 268 333 999 333 333 1000 340 333 1001 339 334 1002 320 334 1003 321 334 1004 266 335 1005 332 335 1006 339 335 1007 338 336 1008 318 336 1009 319 336 1010 264 337 1011 331 337 1012 338 337 1013 337 338 1014 316 338 1015 317 338 1016 262 339 1017 330 339 1018 337 339 1019 350 340 1020 273 340 1021 274 340 1022 502 341 1023 357 341 1024 350 341 1025 348 342 1026 274 342 1027 269 342 1028 523 343 1029 350 343 1030 348 343 1031 349 344 1032 270 344 1033 271 344 1034 359 345 1035 355 345 1036 349 345 1037 344 346 1038 272 346 1039 261 346 1040 347 347 1041 266 347 1042 267 347 1043 526 348 1044 353 348 1045 347 348 1046 346 349 1047 262 349 1048 265 349 1049 495 350 1050 351 350 1051 346 350 1052 357 351 1053 268 351 1054 273 351 1055 357 352 1056 527 352 1057 354 352 1058 356 353 1059 271 353 1060 272 353 1061 498 354 1062 349 354 1063 356 354 1064 355 355 1065 264 355 1066 270 355 1067 496 356 1068 352 356 1069 355 356 1070 345 357 1071 269 357 1072 263 357 1073 524 358 1074 348 358 1075 345 358 1076 354 359 1077 267 359 1078 268 359 1079 527 360 1080 347 360 1081 354 360 1082 353 361 1083 265 361 1084 266 361 1085 504 362 1086 346 362 1087 353 362 1088 352 363 1089 263 363 1090 264 363 1091 503 364 1092 345 364 1093 352 364 1094 351 365 1095 261 365 1096 262 365 1097 358 366 1098 344 366 1099 351 366 1100 368 367 1101 258 367 1102 369 367 1103 370 368 1104 368 368 1105 369 368 1106 360 369 1107 367 369 1108 370 369 1109 361 370 1110 362 370 1111 360 370 1112 374 371 1113 363 371 1114 361 371 1115 375 372 1116 373 372 1117 374 372 1118 366 373 1119 372 373 1120 375 373 1121 371 374 1122 365 374 1123 366 374 1124 371 375 1125 409 375 1126 364 375 1127 246 376 1128 365 376 1129 172 376 1130 241 377 1131 374 377 1132 233 377 1133 117 378 1134 370 378 1135 191 378 1136 232 379 1137 372 379 1138 246 379 1139 408 380 1140 366 380 1141 173 380 1142 233 381 1143 361 381 1144 203 381 1145 173 382 1146 375 382 1147 241 382 1148 29 383 1149 364 383 1150 26 383 1151 28 384 1152 27 384 1153 368 384 1154 26 385 1155 365 385 1156 376 385 1157 376 386 1158 372 386 1159 377 386 1160 377 387 1161 373 387 1162 378 387 1163 373 388 1164 379 388 1165 378 388 1166 363 389 1167 380 389 1168 379 389 1169 362 390 1170 381 390 1171 380 390 1172 367 391 1173 27 391 1174 381 391 1175 371 392 1176 29 392 1177 30 392 1178 30 393 1179 31 393 1180 371 393 1181 366 394 1182 31 394 1183 387 394 1184 375 395 1185 387 395 1186 386 395 1187 374 396 1188 386 396 1189 385 396 1190 384 397 1191 374 397 1192 385 397 1193 383 398 1194 361 398 1195 384 398 1196 382 399 1197 360 399 1198 383 399 1199 25 400 1200 370 400 1201 382 400 1202 25 401 1203 24 401 1204 369 401 1205 28 402 1206 369 402 1207 24 402 1208 385 403 1209 404 403 1210 384 403 1211 31 404 1212 407 404 1213 387 404 1214 26 405 1215 393 405 1216 29 405 1217 379 406 1218 398 406 1219 378 406 1220 386 407 1221 405 407 1222 385 407 1223 28 408 1224 391 408 1225 27 408 1226 380 409 1227 399 409 1228 379 409 1229 387 410 1230 406 410 1231 386 410 1232 381 411 1233 400 411 1234 380 411 1235 24 412 1236 392 412 1237 28 412 1238 25 413 1239 388 413 1240 24 413 1241 382 414 1242 389 414 1243 25 414 1244 30 415 1245 395 415 1246 31 415 1247 376 416 1248 390 416 1249 26 416 1250 383 417 1251 402 417 1252 382 417 1253 29 418 1254 394 418 1255 30 418 1256 377 419 1257 396 419 1258 376 419 1259 384 420 1260 403 420 1261 383 420 1262 27 421 1263 401 421 1264 381 421 1265 378 422 1266 397 422 1267 377 422 1268 410 423 1269 409 423 1270 408 423 1271 258 424 1272 283 424 1273 284 424 1274 57 425 1275 501 425 1276 52 425 1277 16 426 1278 415 426 1279 17 426 1280 55 427 1281 53 427 1282 500 427 1283 15 428 1284 416 428 1285 22 428 1286 55 429 1287 417 429 1288 23 429 1289 23 430 1290 414 430 1291 16 430 1292 22 431 1293 501 431 1294 56 431 1295 432 432 1296 438 432 1297 457 432 1298 457 433 1299 439 433 1300 456 433 1301 456 434 1302 492 434 1303 455 434 1304 455 435 1305 491 435 1306 454 435 1307 454 436 1308 490 436 1309 453 436 1310 453 437 1311 489 437 1312 452 437 1313 449 438 1314 447 438 1315 448 438 1316 437 439 1317 468 439 1318 431 439 1319 458 440 1320 469 440 1321 468 440 1322 459 441 1323 470 441 1324 469 441 1325 460 442 1326 471 442 1327 470 442 1328 461 443 1329 472 443 1330 471 443 1331 462 444 1332 473 444 1333 472 444 1334 463 445 1335 474 445 1336 473 445 1337 464 446 1338 475 446 1339 474 446 1340 465 447 1341 476 447 1342 475 447 1343 466 448 1344 477 448 1345 476 448 1346 436 449 1347 438 449 1348 435 449 1349 467 450 1350 439 450 1351 438 450 1352 466 451 1353 440 451 1354 439 451 1355 465 452 1356 441 452 1357 440 452 1358 464 453 1359 442 453 1360 441 453 1361 463 454 1362 443 454 1363 442 454 1364 443 455 1365 461 455 1366 444 455 1367 444 456 1368 460 456 1369 445 456 1370 445 457 1371 459 457 1372 446 457 1373 446 458 1374 458 458 1375 447 458 1376 431 459 1377 448 459 1378 433 459 1379 468 460 1380 449 460 1381 448 460 1382 469 461 1383 450 461 1384 449 461 1385 470 462 1386 451 462 1387 450 462 1388 471 463 1389 452 463 1390 451 463 1391 452 464 1392 473 464 1393 453 464 1394 453 465 1395 474 465 1396 454 465 1397 454 466 1398 475 466 1399 455 466 1400 455 467 1401 476 467 1402 456 467 1403 456 468 1404 477 468 1405 457 468 1406 478 469 1407 492 469 1408 493 469 1409 479 470 1410 491 470 1411 492 470 1412 480 471 1413 490 471 1414 491 471 1415 481 472 1416 489 472 1417 490 472 1418 482 473 1419 488 473 1420 489 473 1421 483 474 1422 487 474 1423 488 474 1424 484 475 1425 486 475 1426 487 475 1427 449 476 1428 485 476 1429 446 476 1430 439 477 1431 493 477 1432 456 477 1433 450 478 1434 486 478 1435 449 478 1436 451 479 1437 487 479 1438 450 479 1439 452 480 1440 488 480 1441 451 480 1442 49 481 1443 22 481 1444 56 481 1445 13 482 1446 420 482 1447 12 482 1448 12 483 1449 428 483 1450 20 483 1451 428 484 1452 421 484 1453 1 484 1454 496 485 1455 511 485 1456 503 485 1457 494 486 1458 498 486 1459 497 486 1460 503 487 1461 523 487 1462 502 487 1463 507 488 1464 513 488 1465 510 488 1466 512 489 1467 516 489 1468 509 489 1469 512 490 1470 530 490 1471 520 490 1472 504 491 1473 528 491 1474 512 491 1475 514 492 1476 535 492 1477 507 492 1478 505 493 1479 526 493 1480 504 493 1481 504 494 1482 509 494 1483 495 494 1484 506 495 1485 541 495 1486 517 495 1487 514 496 1488 519 496 1489 515 496 1490 516 497 1491 521 497 1492 517 497 1493 510 498 1494 514 498 1495 507 498 1496 517 499 1497 540 499 1498 516 499 1499 521 500 1500 529 500 1501 513 500 1502 506 501 1503 521 501 1504 513 501 1505 508 502 1506 519 502 1507 511 502 1508 506 503 1509 535 503 1510 534 503 1511 524 504 1512 522 504 1513 523 504 1514 529 505 1515 530 505 1516 528 505 1517 523 506 1518 529 506 1519 527 506 1520 527 507 1521 528 507 1522 526 507 1523 525 508 1524 532 508 1525 522 508 1526 520 509 1527 531 509 1528 521 509 1529 510 510 1530 529 510 1531 522 510 1532 502 511 1533 527 511 1534 505 511 1535 518 512 1536 533 512 1537 519 512 1538 519 513 1539 525 513 1540 511 513 1541 511 514 1542 524 514 1543 503 514 1544 510 515 1545 532 515 1546 518 515 1547 509 516 1548 358 516 1549 495 516 1550 508 517 1551 539 517 1552 515 517 1553 496 518 1554 536 518 1555 508 518 1556 516 519 1557 537 519 1558 509 519 1559 496 520 1560 498 520 1561 359 520 1562 515 521 1563 538 521 1564 514 521 1565 494 522 1566 358 522 1567 499 522 1568 419 523 1569 1081 523 1570 412 523 1571 549 524 1572 975 524 1573 548 524 1574 977 525 1575 550 525 1576 976 525 1577 8 526 1578 548 526 1579 7 526 1580 973 527 1581 552 527 1582 546 527 1583 4 528 1584 548 528 1585 546 528 1586 546 529 1587 975 529 1588 973 529 1589 979 530 1590 549 530 1591 552 530 1592 974 531 1593 550 531 1594 547 531 1595 553 532 1596 977 532 1597 980 532 1598 552 533 1599 8 533 1600 10 533 1601 547 534 1602 980 534 1603 974 534 1604 540 535 1605 960 535 1606 537 535 1607 594 536 1608 969 536 1609 591 536 1610 359 537 1611 959 537 1612 536 537 1613 564 538 1614 967 538 1615 544 538 1616 557 539 1617 956 539 1618 558 539 1619 590 540 1620 961 540 1621 962 540 1622 564 541 1623 964 541 1624 556 541 1625 417 542 1626 1083 542 1627 414 542 1628 1010 543 1629 973 543 1630 1020 543 1631 991 544 1632 977 544 1633 976 544 1634 990 545 1635 980 545 1636 977 545 1637 1000 546 1638 973 546 1639 975 546 1640 590 547 1641 545 547 1642 561 547 1643 564 548 1644 560 548 1645 589 548 1646 969 549 1647 968 549 1648 970 549 1649 545 550 1650 967 550 1651 561 550 1652 967 551 1653 966 551 1654 968 551 1655 566 552 1656 555 552 1657 563 552 1658 554 553 1659 965 553 1660 545 553 1661 543 554 1662 967 554 1663 969 554 1664 590 555 1665 955 555 1666 557 555 1667 560 556 1668 555 556 1669 559 556 1670 972 557 1671 544 557 1672 543 557 1673 558 558 1674 545 558 1675 557 558 1676 563 559 1677 972 559 1678 593 559 1679 591 560 1680 627 560 1681 594 560 1682 499 561 1683 596 561 1684 1085 561 1685 969 562 1686 628 562 1687 591 562 1688 625 563 1689 599 563 1690 1044 563 1691 591 564 1692 970 564 1693 592 564 1694 600 565 1695 595 565 1696 1085 565 1697 621 566 1698 593 566 1699 972 566 1700 592 567 1701 968 567 1702 562 567 1703 619 568 1704 1043 568 1705 598 568 1706 358 569 1707 596 569 1708 499 569 1709 627 570 1710 543 570 1711 594 570 1712 626 571 1713 1044 571 1714 595 571 1715 589 572 1716 561 572 1717 564 572 1718 624 573 1719 592 573 1720 599 573 1721 562 574 1722 966 574 1723 554 574 1724 970 575 1725 623 575 1726 969 575 1727 598 576 1728 563 576 1729 593 576 1730 543 577 1731 621 577 1732 972 577 1733 593 578 1734 543 578 1735 594 578 1736 620 579 1737 598 579 1738 593 579 1739 562 580 1740 558 580 1741 565 580 1742 618 581 1743 970 581 1744 592 581 1745 560 582 1746 961 582 1747 589 582 1748 616 583 1749 596 583 1750 1043 583 1751 635 584 1752 627 584 1753 628 584 1754 575 585 1755 642 585 1756 635 585 1757 633 586 1758 628 586 1759 623 586 1760 580 587 1761 635 587 1762 633 587 1763 634 588 1764 624 588 1765 625 588 1766 578 589 1767 640 589 1768 634 589 1769 629 590 1770 626 590 1771 615 590 1772 632 591 1773 620 591 1774 621 591 1775 582 592 1776 638 592 1777 632 592 1778 631 593 1779 616 593 1780 619 593 1781 584 594 1782 636 594 1783 631 594 1784 642 595 1785 622 595 1786 627 595 1787 576 596 1788 639 596 1789 642 596 1790 641 597 1791 625 597 1792 626 597 1793 577 598 1794 634 598 1795 641 598 1796 640 599 1797 618 599 1798 624 599 1799 579 600 1800 637 600 1801 640 600 1802 630 601 1803 623 601 1804 617 601 1805 586 602 1806 633 602 1807 630 602 1808 639 603 1809 621 603 1810 622 603 1811 581 604 1812 632 604 1813 639 604 1814 638 605 1815 619 605 1816 620 605 1817 583 606 1818 631 606 1819 638 606 1820 637 607 1821 617 607 1822 618 607 1823 585 608 1824 630 608 1825 637 608 1826 636 609 1827 615 609 1828 616 609 1829 587 610 1830 629 610 1831 636 610 1832 649 611 1833 576 611 1834 575 611 1835 682 612 1836 656 612 1837 649 612 1838 647 613 1839 575 613 1840 580 613 1841 677 614 1842 649 614 1843 647 614 1844 648 615 1845 579 615 1846 578 615 1847 679 616 1848 654 616 1849 648 616 1850 643 617 1851 577 617 1852 588 617 1853 646 618 1854 583 618 1855 582 618 1856 675 619 1857 652 619 1858 646 619 1859 645 620 1860 587 620 1861 584 620 1862 673 621 1863 650 621 1864 645 621 1865 656 622 1866 581 622 1867 576 622 1868 681 623 1869 653 623 1870 656 623 1871 655 624 1872 578 624 1873 577 624 1874 680 625 1875 648 625 1876 655 625 1877 654 626 1878 585 626 1879 579 626 1880 678 627 1881 651 627 1882 654 627 1883 644 628 1884 580 628 1885 586 628 1886 671 629 1887 647 629 1888 644 629 1889 653 630 1890 582 630 1891 581 630 1892 676 631 1893 646 631 1894 653 631 1895 652 632 1896 584 632 1897 583 632 1898 674 633 1899 645 633 1900 652 633 1901 651 634 1902 586 634 1903 585 634 1904 672 635 1905 644 635 1906 651 635 1907 650 636 1908 588 636 1909 587 636 1910 670 637 1911 643 637 1912 650 637 1913 689 638 1914 681 638 1915 682 638 1916 614 639 1917 696 639 1918 689 639 1919 677 640 1920 689 640 1921 682 640 1922 609 641 1923 689 641 1924 687 641 1925 688 642 1926 678 642 1927 679 642 1928 611 643 1929 694 643 1930 688 643 1931 683 644 1932 680 644 1933 669 644 1934 675 645 1935 692 645 1936 674 645 1937 607 646 1938 692 646 1939 686 646 1940 673 647 1941 690 647 1942 670 647 1943 605 648 1944 690 648 1945 685 648 1946 696 649 1947 676 649 1948 681 649 1949 613 650 1950 693 650 1951 696 650 1952 695 651 1953 679 651 1954 680 651 1955 612 652 1956 688 652 1957 695 652 1958 694 653 1959 672 653 1960 678 653 1961 610 654 1962 691 654 1963 694 654 1964 684 655 1965 677 655 1966 671 655 1967 603 656 1968 687 656 1969 684 656 1970 693 657 1971 675 657 1972 676 657 1973 608 658 1974 686 658 1975 693 658 1976 692 659 1977 673 659 1978 674 659 1979 606 660 1980 685 660 1981 692 660 1982 691 661 1983 671 661 1984 672 661 1985 604 662 1986 684 662 1987 691 662 1988 690 663 1989 669 663 1990 670 663 1991 602 664 1992 683 664 1993 690 664 1994 702 665 1995 613 665 1996 614 665 1997 729 666 1998 707 666 1999 702 666 2000 701 667 2001 614 667 2002 609 667 2003 726 668 2004 702 668 2005 701 668 2006 827 669 2007 610 669 2008 611 669 2009 751 670 2010 916 670 2011 775 670 2012 697 671 2013 612 671 2014 601 671 2015 700 672 2016 606 672 2017 607 672 2018 724 673 2019 704 673 2020 700 673 2021 699 674 2022 981 674 2023 978 674 2024 699 675 2025 982 675 2026 981 675 2027 707 676 2028 608 676 2029 613 676 2030 728 677 2031 705 677 2032 707 677 2033 706 678 2034 611 678 2035 612 678 2036 727 679 2037 827 679 2038 706 679 2039 826 680 2040 604 680 2041 610 680 2042 796 681 2043 703 681 2044 826 681 2045 698 682 2046 609 682 2047 603 682 2048 721 683 2049 701 683 2050 698 683 2051 705 684 2052 607 684 2053 608 684 2054 725 685 2055 700 685 2056 705 685 2057 704 686 2058 605 686 2059 606 686 2060 704 687 2061 1021 687 2062 699 687 2063 703 688 2064 603 688 2065 604 688 2066 722 689 2067 698 689 2068 703 689 2069 978 690 2070 697 690 2071 601 690 2072 982 691 2073 697 691 2074 981 691 2075 735 692 2076 728 692 2077 729 692 2078 657 693 2079 741 693 2080 735 693 2081 733 694 2082 729 694 2083 726 694 2084 662 695 2085 735 695 2086 733 695 2087 796 696 2088 910 696 2089 739 696 2090 734 697 2091 912 697 2092 801 697 2093 730 698 2094 727 698 2095 720 698 2096 732 699 2097 723 699 2098 724 699 2099 664 700 2100 737 700 2101 732 700 2102 741 701 2103 725 701 2104 728 701 2105 658 702 2106 738 702 2107 741 702 2108 740 703 2109 801 703 2110 727 703 2111 659 704 2112 734 704 2113 740 704 2114 739 705 2115 722 705 2116 796 705 2117 661 706 2118 736 706 2119 739 706 2120 731 707 2121 726 707 2122 721 707 2123 667 708 2124 733 708 2125 731 708 2126 738 709 2127 724 709 2128 725 709 2129 663 710 2130 732 710 2131 738 710 2132 723 711 2133 1022 711 2134 1021 711 2135 737 712 2136 1023 712 2137 1022 712 2138 736 713 2139 721 713 2140 722 713 2141 666 714 2142 731 714 2143 736 714 2144 983 715 2145 720 715 2146 982 715 2147 984 716 2148 730 716 2149 983 716 2150 747 717 2151 658 717 2152 657 717 2153 779 718 2154 753 718 2155 747 718 2156 745 719 2157 657 719 2158 662 719 2159 774 720 2160 747 720 2161 745 720 2162 746 721 2163 903 721 2164 660 721 2165 739 722 2166 905 722 2167 661 722 2168 742 723 2169 659 723 2170 668 723 2171 744 724 2172 665 724 2173 664 724 2174 772 725 2175 749 725 2176 744 725 2177 658 726 2178 750 726 2179 663 726 2180 753 727 2181 773 727 2182 750 727 2183 752 728 2184 660 728 2185 659 728 2186 777 729 2187 746 729 2188 752 729 2189 751 730 2190 666 730 2191 661 730 2192 751 731 2193 770 731 2194 748 731 2195 743 732 2196 662 732 2197 667 732 2198 769 733 2199 745 733 2200 743 733 2201 750 734 2202 664 734 2203 663 734 2204 773 735 2205 744 735 2206 750 735 2207 665 736 2208 1024 736 2209 1023 736 2210 749 737 2211 1025 737 2212 1024 737 2213 666 738 2214 743 738 2215 667 738 2216 748 739 2217 769 739 2218 743 739 2219 985 740 2220 668 740 2221 984 740 2222 986 741 2223 742 741 2224 985 741 2225 785 742 2226 778 742 2227 779 742 2228 719 743 2229 791 743 2230 785 743 2231 783 744 2232 779 744 2233 774 744 2234 714 745 2235 785 745 2236 783 745 2237 780 746 2238 777 746 2239 768 746 2240 782 747 2241 771 747 2242 772 747 2243 712 748 2244 787 748 2245 782 748 2246 778 749 2247 788 749 2248 773 749 2249 718 750 2250 788 750 2251 791 750 2252 790 751 2253 776 751 2254 777 751 2255 717 752 2256 784 752 2257 790 752 2258 789 753 2259 770 753 2260 775 753 2261 715 754 2262 786 754 2263 789 754 2264 781 755 2265 774 755 2266 769 755 2267 709 756 2268 783 756 2269 781 756 2270 788 757 2271 772 757 2272 773 757 2273 713 758 2274 782 758 2275 788 758 2276 771 759 2277 1026 759 2278 1025 759 2279 787 760 2280 1027 760 2281 1026 760 2282 770 761 2283 781 761 2284 769 761 2285 710 762 2286 781 762 2287 786 762 2288 987 763 2289 768 763 2290 986 763 2291 988 764 2292 780 764 2293 987 764 2294 797 765 2295 718 765 2296 719 765 2297 830 766 2298 803 766 2299 797 766 2300 795 767 2301 719 767 2302 714 767 2303 825 768 2304 797 768 2305 795 768 2306 661 769 2307 906 769 2308 751 769 2309 715 770 2310 907 770 2311 952 770 2312 792 771 2313 717 771 2314 708 771 2315 794 772 2316 711 772 2317 712 772 2318 823 773 2319 799 773 2320 794 773 2321 1028 774 2322 990 774 2323 989 774 2324 803 775 2325 713 775 2326 718 775 2327 829 776 2328 800 776 2329 803 776 2330 802 777 2331 716 777 2332 717 777 2333 828 778 2334 951 778 2335 802 778 2336 952 779 2337 710 779 2338 715 779 2339 954 780 2340 798 780 2341 952 780 2342 793 781 2343 714 781 2344 709 781 2345 819 782 2346 795 782 2347 793 782 2348 800 783 2349 712 783 2350 713 783 2351 824 784 2352 794 784 2353 800 784 2354 711 785 2355 1028 785 2356 1027 785 2357 799 786 2358 821 786 2359 1028 786 2360 798 787 2361 709 787 2362 710 787 2363 820 788 2364 793 788 2365 798 788 2366 989 789 2367 708 789 2368 988 789 2369 990 790 2370 792 790 2371 989 790 2372 837 791 2373 829 791 2374 830 791 2375 754 792 2376 844 792 2377 837 792 2378 835 793 2379 830 793 2380 825 793 2381 759 794 2382 837 794 2383 835 794 2384 836 795 2385 954 795 2386 953 795 2387 757 796 2388 842 796 2389 836 796 2390 831 797 2391 828 797 2392 818 797 2393 834 798 2394 822 798 2395 823 798 2396 761 799 2397 840 799 2398 834 799 2399 833 800 2400 838 800 2401 977 800 2402 763 801 2403 838 801 2404 833 801 2405 844 802 2406 824 802 2407 829 802 2408 755 803 2409 841 803 2410 844 803 2411 843 804 2412 953 804 2413 828 804 2414 756 805 2415 836 805 2416 843 805 2417 842 806 2418 820 806 2419 954 806 2420 758 807 2421 839 807 2422 842 807 2423 832 808 2424 825 808 2425 819 808 2426 765 809 2427 835 809 2428 832 809 2429 841 810 2430 823 810 2431 824 810 2432 760 811 2433 834 811 2434 841 811 2435 840 812 2436 821 812 2437 822 812 2438 762 813 2439 833 813 2440 840 813 2441 839 814 2442 819 814 2443 820 814 2444 764 815 2445 832 815 2446 839 815 2447 977 816 2448 831 816 2449 818 816 2450 766 817 2451 831 817 2452 838 817 2453 851 818 2454 755 818 2455 754 818 2456 872 819 2457 858 819 2458 851 819 2459 759 820 2460 851 820 2461 754 820 2462 867 821 2463 851 821 2464 849 821 2465 850 822 2466 758 822 2467 757 822 2468 869 823 2469 856 823 2470 850 823 2471 845 824 2472 756 824 2473 767 824 2474 761 825 2475 854 825 2476 762 825 2477 865 826 2478 854 826 2479 848 826 2480 763 827 2481 852 827 2482 766 827 2483 863 828 2484 852 828 2485 847 828 2486 858 829 2487 760 829 2488 755 829 2489 871 830 2490 855 830 2491 858 830 2492 857 831 2493 757 831 2494 756 831 2495 870 832 2496 850 832 2497 857 832 2498 856 833 2499 764 833 2500 758 833 2501 868 834 2502 853 834 2503 856 834 2504 846 835 2505 759 835 2506 765 835 2507 861 836 2508 849 836 2509 846 836 2510 855 837 2511 761 837 2512 760 837 2513 866 838 2514 848 838 2515 855 838 2516 854 839 2517 763 839 2518 762 839 2519 864 840 2520 847 840 2521 854 840 2522 853 841 2523 765 841 2524 764 841 2525 862 842 2526 846 842 2527 853 842 2528 852 843 2529 767 843 2530 766 843 2531 860 844 2532 845 844 2533 852 844 2534 879 845 2535 871 845 2536 872 845 2537 817 846 2538 886 846 2539 879 846 2540 877 847 2541 872 847 2542 867 847 2543 812 848 2544 879 848 2545 877 848 2546 878 849 2547 868 849 2548 869 849 2549 814 850 2550 884 850 2551 878 850 2552 873 851 2553 870 851 2554 859 851 2555 876 852 2556 864 852 2557 865 852 2558 810 853 2559 882 853 2560 876 853 2561 875 854 2562 860 854 2563 863 854 2564 808 855 2565 880 855 2566 875 855 2567 886 856 2568 866 856 2569 871 856 2570 816 857 2571 883 857 2572 886 857 2573 885 858 2574 869 858 2575 870 858 2576 815 859 2577 878 859 2578 885 859 2579 884 860 2580 862 860 2581 868 860 2582 813 861 2583 881 861 2584 884 861 2585 874 862 2586 867 862 2587 861 862 2588 806 863 2589 877 863 2590 874 863 2591 883 864 2592 865 864 2593 866 864 2594 811 865 2595 876 865 2596 883 865 2597 882 866 2598 863 866 2599 864 866 2600 809 867 2601 875 867 2602 882 867 2603 881 868 2604 861 868 2605 862 868 2606 807 869 2607 874 869 2608 881 869 2609 880 870 2610 859 870 2611 860 870 2612 805 871 2613 873 871 2614 880 871 2615 893 872 2616 816 872 2617 817 872 2618 1045 873 2619 900 873 2620 893 873 2621 891 874 2622 817 874 2623 812 874 2624 1066 875 2625 893 875 2626 891 875 2627 892 876 2628 813 876 2629 814 876 2630 902 877 2631 898 877 2632 892 877 2633 887 878 2634 815 878 2635 804 878 2636 890 879 2637 809 879 2638 810 879 2639 1069 880 2640 896 880 2641 890 880 2642 889 881 2643 805 881 2644 808 881 2645 1038 882 2646 894 882 2647 889 882 2648 900 883 2649 811 883 2650 816 883 2651 900 884 2652 1070 884 2653 897 884 2654 899 885 2655 814 885 2656 815 885 2657 1041 886 2658 892 886 2659 899 886 2660 898 887 2661 807 887 2662 813 887 2663 1039 888 2664 895 888 2665 898 888 2666 888 889 2667 812 889 2668 806 889 2669 1067 890 2670 891 890 2671 888 890 2672 897 891 2673 810 891 2674 811 891 2675 1070 892 2676 890 892 2677 897 892 2678 896 893 2679 808 893 2680 809 893 2681 1047 894 2682 889 894 2683 896 894 2684 895 895 2685 806 895 2686 807 895 2687 1046 896 2688 888 896 2689 895 896 2690 894 897 2691 804 897 2692 805 897 2693 901 898 2694 887 898 2695 894 898 2696 911 899 2697 801 899 2698 912 899 2699 912 900 2700 910 900 2701 911 900 2702 913 901 2703 905 901 2704 910 901 2705 903 902 2706 906 902 2707 905 902 2708 917 903 2709 906 903 2710 904 903 2711 917 904 2712 915 904 2713 916 904 2714 918 905 2715 908 905 2716 915 905 2717 909 906 2718 907 906 2719 908 906 2720 914 907 2721 952 907 2722 907 907 2723 789 908 2724 908 908 2725 715 908 2726 784 909 2727 917 909 2728 776 909 2729 660 910 2730 913 910 2731 734 910 2732 775 911 2733 915 911 2734 789 911 2735 951 912 2736 909 912 2737 716 912 2738 776 913 2739 904 913 2740 746 913 2741 716 914 2742 918 914 2743 784 914 2744 572 915 2745 907 915 2746 569 915 2747 571 916 2748 570 916 2749 911 916 2750 569 917 2751 908 917 2752 919 917 2753 919 918 2754 915 918 2755 920 918 2756 920 919 2757 916 919 2758 921 919 2759 916 920 2760 922 920 2761 921 920 2762 906 921 2763 923 921 2764 922 921 2765 905 922 2766 924 922 2767 923 922 2768 910 923 2769 570 923 2770 924 923 2771 914 924 2772 572 924 2773 573 924 2774 573 925 2775 574 925 2776 914 925 2777 909 926 2778 574 926 2779 930 926 2780 918 927 2781 930 927 2782 929 927 2783 917 928 2784 929 928 2785 928 928 2786 927 929 2787 917 929 2788 928 929 2789 926 930 2790 904 930 2791 927 930 2792 925 931 2793 903 931 2794 926 931 2795 568 932 2796 913 932 2797 925 932 2798 568 933 2799 567 933 2800 912 933 2801 571 934 2802 912 934 2803 567 934 2804 928 935 2805 947 935 2806 927 935 2807 574 936 2808 950 936 2809 930 936 2810 569 937 2811 936 937 2812 572 937 2813 922 938 2814 941 938 2815 921 938 2816 929 939 2817 948 939 2818 928 939 2819 571 940 2820 934 940 2821 570 940 2822 923 941 2823 942 941 2824 922 941 2825 930 942 2826 949 942 2827 929 942 2828 924 943 2829 943 943 2830 923 943 2831 567 944 2832 935 944 2833 571 944 2834 568 945 2835 931 945 2836 567 945 2837 925 946 2838 932 946 2839 568 946 2840 573 947 2841 938 947 2842 574 947 2843 919 948 2844 933 948 2845 569 948 2846 926 949 2847 945 949 2848 925 949 2849 572 950 2850 937 950 2851 573 950 2852 920 951 2853 939 951 2854 919 951 2855 927 952 2856 946 952 2857 926 952 2858 570 953 2859 944 953 2860 924 953 2861 921 954 2862 940 954 2863 920 954 2864 953 955 2865 952 955 2866 951 955 2867 801 956 2868 826 956 2869 827 956 2870 330 957 2871 577 957 2872 342 957 2873 416 958 2874 902 958 2875 501 958 2876 534 959 2877 962 959 2878 961 959 2879 174 960 2880 730 960 2881 165 960 2882 538 961 2883 962 961 2884 535 961 2885 534 962 2886 958 962 2887 541 962 2888 177 963 2889 818 963 2890 154 963 2891 600 964 2892 1044 964 2893 595 964 2894 559 965 2895 958 965 2896 560 965 2897 598 966 2898 596 966 2899 1043 966 2900 558 967 2901 959 967 2902 565 967 2903 598 968 2904 960 968 2905 566 968 2906 566 969 2907 957 969 2908 559 969 2909 565 970 2910 1044 970 2911 599 970 2912 975 971 2913 981 971 2914 1000 971 2915 1000 972 2916 982 972 2917 999 972 2918 999 973 2919 1035 973 2920 998 973 2921 998 974 2922 1034 974 2923 997 974 2924 997 975 2925 1033 975 2926 996 975 2927 996 976 2928 1032 976 2929 995 976 2930 992 977 2931 990 977 2932 991 977 2933 980 978 2934 1011 978 2935 974 978 2936 1001 979 2937 1012 979 2938 1011 979 2939 1002 980 2940 1013 980 2941 1012 980 2942 1003 981 2943 1014 981 2944 1013 981 2945 1004 982 2946 1015 982 2947 1014 982 2948 1005 983 2949 1016 983 2950 1015 983 2951 1006 984 2952 1017 984 2953 1016 984 2954 1007 985 2955 1018 985 2956 1017 985 2957 1008 986 2958 1019 986 2959 1018 986 2960 1009 987 2961 1020 987 2962 1019 987 2963 979 988 2964 981 988 2965 978 988 2966 1010 989 2967 982 989 2968 981 989 2969 1009 990 2970 983 990 2971 982 990 2972 1008 991 2973 984 991 2974 983 991 2975 1007 992 2976 985 992 2977 984 992 2978 1006 993 2979 986 993 2980 985 993 2981 986 994 2982 1004 994 2983 987 994 2984 987 995 2985 1003 995 2986 988 995 2987 988 996 2988 1002 996 2989 989 996 2990 989 997 2991 1001 997 2992 990 997 2993 974 998 2994 991 998 2995 976 998 2996 1011 999 2997 992 999 2998 991 999 2999 1012 1000 3000 993 1000 3001 992 1000 3002 1013 1001 3003 994 1001 3004 993 1001 3005 1014 1002 3006 995 1002 3007 994 1002 3008 995 1003 3009 1016 1003 3010 996 1003 3011 996 1004 3012 1017 1004 3013 997 1004 3014 997 1005 3015 1018 1005 3016 998 1005 3017 998 1006 3018 1019 1006 3019 999 1006 3020 999 1007 3021 1020 1007 3022 1000 1007 3023 1021 1008 3024 1035 1008 3025 1036 1008 3026 1022 1009 3027 1034 1009 3028 1035 1009 3029 1023 1010 3030 1033 1010 3031 1034 1010 3032 1024 1011 3033 1032 1011 3034 1033 1011 3035 1025 1012 3036 1031 1012 3037 1032 1012 3038 1026 1013 3039 1030 1013 3040 1031 1013 3041 1027 1014 3042 1029 1014 3043 1030 1014 3044 992 1015 3045 1028 1015 3046 989 1015 3047 982 1016 3048 1036 1016 3049 999 1016 3050 993 1017 3051 1029 1017 3052 992 1017 3053 994 1018 3054 1030 1018 3055 993 1018 3056 995 1019 3057 1031 1019 3058 994 1019 3059 58 1020 3060 767 1020 3061 140 1020 3062 100 1021 3063 870 1021 3064 112 1021 3065 237 1022 3066 659 1022 3067 247 1022 3068 34 1023 3069 873 1023 3070 45 1023 3071 316 1024 3072 669 1024 3073 302 1024 3074 213 1025 3075 683 1025 3076 224 1025 3077 126 1026 3078 859 1026 3079 100 1026 3080 213 1027 3081 612 1027 3082 695 1027 3083 234 1028 3084 777 1028 3085 752 1028 3086 249 1029 3087 727 1029 3088 259 1029 3089 34 1030 3090 815 1030 3091 885 1030 3092 285 1031 3093 697 1031 3094 275 1031 3095 224 1032 3096 601 1032 3097 288 1032 3098 234 1033 3099 742 1033 3100 225 1033 3101 45 1034 3102 804 1034 3103 86 1034 3104 187 1035 3105 717 1035 3106 197 1035 3107 592 1036 3108 565 1036 3109 599 1036 3110 86 1037 3111 815 1037 3112 98 1037 3113 174 1038 3114 659 1038 3115 740 1038 3116 536 1039 3117 956 1039 3118 539 1039 3119 556 1040 3120 963 1040 3121 555 1040 3122 165 1041 3123 668 1041 3124 237 1041 3125 52 1042 3126 899 1042 3127 83 1042 3128 499 1043 3129 615 1043 3130 344 1043 3131 184 1044 3132 828 1044 3133 802 1044 3134 199 1045 3135 777 1045 3136 209 1045 3137 541 1046 3138 957 1046 3139 540 1046 3140 356 1047 3141 595 1047 3142 498 1047 3143 555 1048 3144 971 1048 3145 563 1048 3146 69 1049 3147 831 1049 3148 58 1049 3149 140 1050 3150 756 1050 3151 152 1050 3152 225 1051 3153 768 1051 3154 199 1051 3155 116 1052 3156 717 1052 3157 790 1052 3158 116 1053 3159 780 1053 3160 125 1053 3161 327 1054 3162 680 1054 3163 655 1054 3164 344 1055 3165 626 1055 3166 356 1055 3167 327 1056 3168 643 1056 3169 316 1056 3170 125 1057 3171 708 1057 3172 187 1057 3173 261 1058 3174 588 1058 3175 330 1058 3176 539 1059 3177 955 1059 3178 538 1059 3179 971 1060 3180 964 1060 3181 544 1060 3182 69 1061 3183 756 1061 3184 843 1061 3185 302 1062 3186 680 1062 3187 314 1062 3188 285 1063 3189 727 1063 3190 706 1063 3191 272 1064 3192 577 1064 3193 641 1064 3194 275 1065 3195 720 1065 3196 249 1065 3197 137 1066 3198 845 1066 3199 126 1066 3200 288 1067 3201 612 1067 3202 300 1067 3203 83 1068 3204 887 1068 3205 72 1068 3206 184 1069 3207 792 1069 3208 177 1069 3209 154 1070 3210 828 1070 3211 163 1070 3212 137 1071 3213 870 1071 3214 857 1071 3215 3 1072 3216 553 1072 3217 547 1072 3218 9 1073 3219 551 1073 3220 553 1073 3221 547 1074 3222 5 1074 3223 3 1074 3224 6 1075 3225 550 1075 3226 551 1075 3227 546 1076 3228 10 1076 3229 4 1076 3230 272 1077 3231 629 1077 3232 261 1077 3233 500 1078 3234 1080 1078 3235 417 1078 3236 1039 1079 3237 1054 1079 3238 1046 1079 3239 1037 1080 3240 1041 1080 3241 1040 1080 3242 1046 1081 3243 1066 1081 3244 1045 1081 3245 1050 1082 3246 1056 1082 3247 1053 1082 3248 1055 1083 3249 1059 1083 3250 1052 1083 3251 1055 1084 3252 1073 1084 3253 1063 1084 3254 1047 1085 3255 1071 1085 3256 1055 1085 3257 1057 1086 3258 1078 1086 3259 1050 1086 3260 1048 1087 3261 1069 1087 3262 1047 1087 3263 1047 1088 3264 1052 1088 3265 1038 1088 3266 1049 1089 3267 1084 1089 3268 1060 1089 3269 1057 1090 3270 1062 1090 3271 1058 1090 3272 1059 1091 3273 1064 1091 3274 1060 1091 3275 1053 1092 3276 1057 1092 3277 1050 1092 3278 1060 1093 3279 1083 1093 3280 1059 1093 3281 1064 1094 3282 1072 1094 3283 1056 1094 3284 1049 1095 3285 1064 1095 3286 1056 1095 3287 1051 1096 3288 1062 1096 3289 1054 1096 3290 1049 1097 3291 1078 1097 3292 1077 1097 3293 1067 1098 3294 1065 1098 3295 1066 1098 3296 1072 1099 3297 1073 1099 3298 1071 1099 3299 1066 1100 3300 1072 1100 3301 1070 1100 3302 1070 1101 3303 1071 1101 3304 1069 1101 3305 1068 1102 3306 1075 1102 3307 1065 1102 3308 1063 1103 3309 1074 1103 3310 1064 1103 3311 1053 1104 3312 1072 1104 3313 1065 1104 3314 1045 1105 3315 1070 1105 3316 1048 1105 3317 1061 1106 3318 1076 1106 3319 1062 1106 3320 1062 1107 3321 1068 1107 3322 1054 1107 3323 1054 1108 3324 1067 1108 3325 1046 1108 3326 1053 1109 3327 1075 1109 3328 1061 1109 3329 498 1110 3330 1044 1110 3331 359 1110 3332 72 1111 3333 1042 1111 3334 53 1111 3335 501 1112 3336 1041 1112 3337 52 1112 3338 1052 1113 3339 901 1113 3340 1038 1113 3341 1051 1114 3342 1082 1114 3343 1058 1114 3344 1039 1115 3345 1079 1115 3346 1051 1115 3347 1059 1116 3348 1080 1116 3349 1052 1116 3350 1039 1117 3351 1041 1117 3352 902 1117 3353 1058 1118 3354 1081 1118 3355 1057 1118 3356 1037 1119 3357 901 1119 3358 1042 1119 3359 537 1120 3360 1043 1120 3361 358 1120 3362 414 1121 3363 1084 1121 3364 415 1121 3365 419 1122 3366 1077 1122 3367 1078 1122 3368 413 1123 3369 1079 1123 3370 416 1123 3371 542 1124 3372 1041 1124 3373 1042 1124 3374 53 1125 3375 901 1125 3376 500 1125 3377 415 1126 3378 1077 1126 3379 418 1126 3380 412 1127 3381 1082 1127 3382 413 1127 3383 6 1128 3384 435 1128 3385 432 1128 3386 434 1129 3387 8 1129 3388 7 1129 3389 430 1130 3390 436 1130 3391 9 1130 3392 3 1131 3393 5 1131 3394 432 1131 3395 436 1132 3396 435 1132 3397 6 1132 3398 431 1133 3399 433 1133 3400 7 1133 3401 10 1134 3402 8 1134 3403 434 1134 3404 4 1135 3405 10 1135 3406 437 1135 3407 51 1136 3408 0 1136 3409 426 1136 3410 21 1137 3411 18 1137 3412 424 1137 3413 14 1138 3414 412 1138 3415 413 1138 3416 47 1139 3417 46 1139 3418 418 1139 3419 21 1140 3420 1 1140 3421 421 1140 3422 467 1141 3423 436 1141 3424 430 1141 3425 447 1142 3426 434 1142 3427 433 1142 3428 447 1143 3429 458 1143 3430 437 1143 3431 457 1144 3432 477 1144 3433 430 1144 3434 47 1145 3435 14 1145 3436 2 1145 3437 21 1146 3438 13 1146 3439 17 1146 3440 426 1147 3441 424 1147 3442 425 1147 3443 2 1148 3444 422 1148 3445 424 1148 3446 424 1149 3447 422 1149 3448 423 1149 3449 23 1150 3450 16 1150 3451 12 1150 3452 11 1151 3453 423 1151 3454 422 1151 3455 0 1152 3456 1 1152 3457 424 1152 3458 47 1153 3459 419 1153 3460 412 1153 3461 17 1154 3462 13 1154 3463 12 1154 3464 429 1155 3465 428 1155 3466 1 1155 3467 15 1156 3468 11 1156 3469 2 1156 3470 20 1157 3471 428 1157 3472 429 1157 3473 48 1158 3474 85 1158 3475 84 1158 3476 426 1159 3477 80 1159 3478 85 1159 3479 82 1160 3480 81 1160 3481 56 1160 3482 48 1161 3483 426 1161 3484 427 1161 3485 53 1162 3486 54 1162 3487 542 1162 3488 54 1163 3489 57 1163 3490 542 1163 3491 78 1164 3492 77 1164 3493 50 1164 3494 49 1165 3495 427 1165 3496 425 1165 3497 76 1166 3498 73 1166 3499 500 1166 3500 84 1167 3501 79 1167 3502 0 1167 3503 83 1168 3504 82 1168 3505 501 1168 3506 46 1169 3507 47 1169 3508 18 1169 3509 81 1170 3510 75 1170 3511 49 1170 3512 19 1171 3513 425 1171 3514 423 1171 3515 427 1172 3516 74 1172 3517 80 1172 3518 55 1173 3519 23 1173 3520 20 1173 3521 0 1174 3522 79 1174 3523 78 1174 3524 50 1175 3525 429 1175 3526 0 1175 3527 77 1176 3528 76 1176 3529 55 1176 3530 19 1177 3531 11 1177 3532 15 1177 3533 75 1178 3534 74 1178 3535 427 1178 3536 17 1179 3537 415 1179 3538 418 1179 3539 73 1180 3540 72 1180 3541 53 1180 3542 92 1181 3543 99 1181 3544 84 1181 3545 32 1182 3546 33 1182 3547 99 1182 3548 90 1183 3549 92 1183 3550 85 1183 3551 37 1184 3552 32 1184 3553 92 1184 3554 91 1185 3555 97 1185 3556 81 1185 3557 35 1186 3558 36 1186 3559 97 1186 3560 86 1187 3561 98 1187 3562 83 1187 3563 89 1188 3564 95 1188 3565 77 1188 3566 39 1189 3567 40 1189 3568 95 1189 3569 88 1190 3570 93 1190 3571 73 1190 3572 41 1191 3573 44 1191 3574 93 1191 3575 99 1192 3576 96 1192 3577 79 1192 3578 33 1193 3579 38 1193 3580 96 1193 3581 98 1194 3582 91 1194 3583 82 1194 3584 34 1195 3585 35 1195 3586 91 1195 3587 97 1196 3588 94 1196 3589 75 1196 3590 36 1197 3591 42 1197 3592 94 1197 3593 87 1198 3594 90 1198 3595 80 1198 3596 43 1199 3597 37 1199 3598 90 1199 3599 96 1200 3600 89 1200 3601 78 1200 3602 38 1201 3603 39 1201 3604 89 1201 3605 95 1202 3606 88 1202 3607 76 1202 3608 40 1203 3609 41 1203 3610 88 1203 3611 94 1204 3612 87 1204 3613 74 1204 3614 42 1205 3615 43 1205 3616 87 1205 3617 93 1206 3618 86 1206 3619 72 1206 3620 44 1207 3621 45 1207 3622 86 1207 3623 106 1208 3624 113 1208 3625 33 1208 3626 139 1209 3627 138 1209 3628 113 1209 3629 104 1210 3630 106 1210 3631 32 1210 3632 134 1211 3633 139 1211 3634 106 1211 3635 105 1212 3636 111 1212 3637 36 1212 3638 136 1213 3639 135 1213 3640 111 1213 3641 100 1214 3642 112 1214 3643 34 1214 3644 103 1215 3645 109 1215 3646 40 1215 3647 132 1216 3648 131 1216 3649 109 1216 3650 102 1217 3651 107 1217 3652 44 1217 3653 130 1218 3654 127 1218 3655 107 1218 3656 113 1219 3657 110 1219 3658 38 1219 3659 138 1220 3660 133 1220 3661 110 1220 3662 112 1221 3663 105 1221 3664 35 1221 3665 137 1222 3666 136 1222 3667 105 1222 3668 111 1223 3669 108 1223 3670 42 1223 3671 135 1224 3672 129 1224 3673 108 1224 3674 101 1225 3675 104 1225 3676 37 1225 3677 128 1226 3678 134 1226 3679 104 1226 3680 110 1227 3681 103 1227 3682 39 1227 3683 133 1228 3684 132 1228 3685 103 1228 3686 109 1229 3687 102 1229 3688 41 1229 3689 131 1230 3690 130 1230 3691 102 1230 3692 108 1231 3693 101 1231 3694 43 1231 3695 129 1232 3696 128 1232 3697 101 1232 3698 107 1233 3699 100 1233 3700 45 1233 3701 127 1234 3702 126 1234 3703 100 1234 3704 146 1235 3705 153 1235 3706 138 1235 3707 71 1236 3708 70 1236 3709 153 1236 3710 144 1237 3711 146 1237 3712 139 1237 3713 66 1238 3714 71 1238 3715 146 1238 3716 145 1239 3717 151 1239 3718 135 1239 3719 68 1240 3720 67 1240 3721 151 1240 3722 140 1241 3723 152 1241 3724 137 1241 3725 143 1242 3726 149 1242 3727 131 1242 3728 64 1243 3729 63 1243 3730 149 1243 3731 142 1244 3732 147 1244 3733 127 1244 3734 62 1245 3735 59 1245 3736 147 1245 3737 153 1246 3738 150 1246 3739 133 1246 3740 70 1247 3741 65 1247 3742 150 1247 3743 152 1248 3744 145 1248 3745 136 1248 3746 69 1249 3747 68 1249 3748 145 1249 3749 151 1250 3750 148 1250 3751 129 1250 3752 67 1251 3753 61 1251 3754 148 1251 3755 141 1252 3756 144 1252 3757 134 1252 3758 60 1253 3759 66 1253 3760 144 1253 3761 150 1254 3762 143 1254 3763 132 1254 3764 65 1255 3765 64 1255 3766 143 1255 3767 149 1256 3768 142 1256 3769 130 1256 3770 63 1257 3771 62 1257 3772 142 1257 3773 148 1258 3774 141 1258 3775 128 1258 3776 61 1259 3777 60 1259 3778 141 1259 3779 147 1260 3780 140 1260 3781 126 1260 3782 59 1261 3783 58 1261 3784 140 1261 3785 159 1262 3786 164 1262 3787 70 1262 3788 186 1263 3789 185 1263 3790 164 1263 3791 158 1264 3792 159 1264 3793 71 1264 3794 183 1265 3795 186 1265 3796 159 1265 3797 284 1266 3798 283 1266 3799 67 1266 3800 208 1267 3801 363 1267 3802 373 1267 3803 154 1268 3804 163 1268 3805 69 1268 3806 157 1269 3807 161 1269 3808 63 1269 3809 181 1270 3810 180 1270 3811 161 1270 3812 59 1271 3813 62 1271 3814 435 1271 3815 62 1272 3816 156 1272 3817 435 1272 3818 156 1273 3819 478 1273 3820 439 1273 3821 164 1274 3822 162 1274 3823 65 1274 3824 185 1275 3825 182 1275 3826 162 1275 3827 163 1276 3828 284 1276 3829 68 1276 3830 184 1277 3831 258 1277 3832 284 1277 3833 283 1278 3834 160 1278 3835 61 1278 3836 253 1279 3837 179 1279 3838 160 1279 3839 155 1280 3840 158 1280 3841 66 1280 3842 178 1281 3843 183 1281 3844 158 1281 3845 162 1282 3846 157 1282 3847 64 1282 3848 182 1283 3849 181 1283 3850 157 1283 3851 161 1284 3852 156 1284 3853 62 1284 3854 161 1285 3855 180 1285 3856 478 1285 3857 160 1286 3858 155 1286 3859 60 1286 3860 179 1287 3861 178 1287 3862 155 1287 3863 58 1288 3864 59 1288 3865 435 1288 3866 435 1289 3867 438 1289 3868 154 1289 3869 439 1290 3870 177 1290 3871 154 1290 3872 192 1291 3873 198 1291 3874 185 1291 3875 114 1292 3876 115 1292 3877 198 1292 3878 190 1293 3879 192 1293 3880 186 1293 3881 119 1294 3882 114 1294 3883 192 1294 3884 253 1295 3885 368 1295 3886 367 1295 3887 191 1296 3888 370 1296 3889 369 1296 3890 187 1297 3891 197 1297 3892 184 1297 3893 189 1298 3894 194 1298 3895 180 1298 3896 121 1299 3897 122 1299 3898 194 1299 3899 198 1300 3900 195 1300 3901 182 1300 3902 115 1301 3903 120 1301 3904 195 1301 3905 197 1302 3906 191 1302 3907 258 1302 3908 116 1303 3909 117 1303 3910 191 1303 3911 196 1304 3912 193 1304 3913 179 1304 3914 118 1305 3915 123 1305 3916 193 1305 3917 188 1306 3918 190 1306 3919 183 1306 3920 124 1307 3921 119 1307 3922 190 1307 3923 195 1308 3924 189 1308 3925 181 1308 3926 120 1309 3927 121 1309 3928 189 1309 3929 180 1310 3930 194 1310 3931 479 1310 3932 194 1311 3933 122 1311 3934 480 1311 3935 193 1312 3936 188 1312 3937 178 1312 3938 123 1313 3939 124 1313 3940 188 1313 3941 440 1314 3942 187 1314 3943 177 1314 3944 441 1315 3945 125 1315 3946 187 1315 3947 204 1316 3948 210 1316 3949 115 1316 3950 236 1317 3951 235 1317 3952 210 1317 3953 202 1318 3954 204 1318 3955 114 1318 3956 231 1319 3957 236 1319 3958 204 1319 3959 203 1320 3960 361 1320 3961 360 1320 3962 196 1321 3963 367 1321 3964 362 1321 3965 199 1322 3966 209 1322 3967 116 1322 3968 201 1323 3969 206 1323 3970 122 1323 3971 229 1324 3972 228 1324 3973 206 1324 3974 210 1325 3975 207 1325 3976 120 1325 3977 235 1326 3978 230 1326 3979 207 1326 3980 209 1327 3981 203 1327 3982 117 1327 3983 234 1328 3984 233 1328 3985 203 1328 3986 208 1329 3987 205 1329 3988 123 1329 3989 232 1330 3990 227 1330 3991 205 1330 3992 200 1331 3993 202 1331 3994 119 1331 3995 226 1332 3996 231 1332 3997 202 1332 3998 207 1333 3999 201 1333 4000 121 1333 4001 230 1334 4002 229 1334 4003 201 1334 4004 122 1335 4005 206 1335 4006 481 1335 4007 206 1336 4008 228 1336 4009 482 1336 4010 205 1337 4011 200 1337 4012 124 1337 4013 227 1338 4014 226 1338 4015 200 1338 4016 442 1339 4017 199 1339 4018 125 1339 4019 443 1340 4020 225 1340 4021 199 1340 4022 242 1341 4023 248 1341 4024 235 1341 4025 176 1342 4026 175 1342 4027 248 1342 4028 240 1343 4029 242 1343 4030 236 1343 4031 171 1344 4032 176 1344 4033 242 1344 4034 237 1345 4035 247 1345 4036 234 1345 4037 239 1346 4038 244 1346 4039 228 1346 4040 169 1347 4041 168 1347 4042 244 1347 4043 248 1348 4044 245 1348 4045 230 1348 4046 175 1349 4047 170 1349 4048 245 1349 4049 247 1350 4050 241 1350 4051 233 1350 4052 174 1351 4053 173 1351 4054 241 1351 4055 246 1352 4056 243 1352 4057 227 1352 4058 172 1353 4059 167 1353 4060 243 1353 4061 238 1354 4062 240 1354 4063 231 1354 4064 166 1355 4065 171 1355 4066 240 1355 4067 245 1356 4068 239 1356 4069 229 1356 4070 170 1357 4071 169 1357 4072 239 1357 4073 228 1358 4074 244 1358 4075 483 1358 4076 244 1359 4077 168 1359 4078 484 1359 4079 243 1360 4080 238 1360 4081 226 1360 4082 167 1361 4083 166 1361 4084 238 1361 4085 444 1362 4086 237 1362 4087 225 1362 4088 445 1363 4089 165 1363 4090 237 1363 4091 254 1364 4092 260 1364 4093 175 1364 4094 287 1365 4095 286 1365 4096 260 1365 4097 252 1366 4098 254 1366 4099 176 1366 4100 282 1367 4101 287 1367 4102 254 1367 4103 118 1368 4104 362 1368 4105 363 1368 4106 172 1369 4107 365 1369 4108 364 1369 4109 249 1370 4110 259 1370 4111 174 1370 4112 251 1371 4113 256 1371 4114 168 1371 4115 280 1372 4116 279 1372 4117 256 1372 4118 485 1373 4119 278 1373 4120 447 1373 4121 260 1374 4122 257 1374 4123 170 1374 4124 286 1375 4125 281 1375 4126 257 1375 4127 259 1376 4128 408 1376 4129 173 1376 4130 285 1377 4131 410 1377 4132 408 1377 4133 409 1378 4134 255 1378 4135 167 1378 4136 411 1379 4137 277 1379 4138 255 1379 4139 250 1380 4140 252 1380 4141 171 1380 4142 276 1381 4143 282 1381 4144 252 1381 4145 257 1382 4146 251 1382 4147 169 1382 4148 281 1383 4149 280 1383 4150 251 1383 4151 168 1384 4152 256 1384 4153 485 1384 4154 256 1385 4155 279 1385 4156 278 1385 4157 255 1386 4158 250 1386 4159 166 1386 4160 277 1387 4161 276 1387 4162 250 1387 4163 446 1388 4164 249 1388 4165 165 1388 4166 447 1389 4167 275 1389 4168 249 1389 4169 294 1390 4170 301 1390 4171 286 1390 4172 211 1391 4173 212 1391 4174 301 1391 4175 292 1392 4176 294 1392 4177 287 1392 4178 216 1393 4179 211 1393 4180 294 1393 4181 293 1394 4182 299 1394 4183 411 1394 4184 214 1395 4185 215 1395 4186 299 1395 4187 288 1396 4188 300 1396 4189 285 1396 4190 291 1397 4191 297 1397 4192 279 1397 4193 218 1398 4194 219 1398 4195 297 1398 4196 447 1399 4197 278 1399 4198 434 1399 4199 278 1400 4200 290 1400 4201 434 1400 4202 220 1401 4203 223 1401 4204 295 1401 4205 301 1402 4206 298 1402 4207 281 1402 4208 212 1403 4209 217 1403 4210 298 1403 4211 300 1404 4212 293 1404 4213 410 1404 4214 213 1405 4215 214 1405 4216 293 1405 4217 299 1406 4218 296 1406 4219 277 1406 4220 215 1407 4221 221 1407 4222 296 1407 4223 289 1408 4224 292 1408 4225 282 1408 4226 222 1409 4227 216 1409 4228 292 1409 4229 298 1410 4230 291 1410 4231 280 1410 4232 217 1411 4233 218 1411 4234 291 1411 4235 297 1412 4236 290 1412 4237 278 1412 4238 219 1413 4239 220 1413 4240 290 1413 4241 296 1414 4242 289 1414 4243 276 1414 4244 221 1415 4245 222 1415 4246 289 1415 4247 275 1416 4248 447 1416 4249 434 1416 4250 434 1417 4251 295 1417 4252 288 1417 4253 223 1418 4254 224 1418 4255 288 1418 4256 308 1419 4257 315 1419 4258 212 1419 4259 329 1420 4260 328 1420 4261 315 1420 4262 306 1421 4263 308 1421 4264 211 1421 4265 324 1422 4266 329 1422 4267 308 1422 4268 307 1423 4269 313 1423 4270 215 1423 4271 326 1424 4272 325 1424 4273 313 1424 4274 302 1425 4275 314 1425 4276 213 1425 4277 305 1426 4278 311 1426 4279 219 1426 4280 322 1427 4281 321 1427 4282 311 1427 4283 304 1428 4284 309 1428 4285 223 1428 4286 320 1429 4287 317 1429 4288 309 1429 4289 315 1430 4290 312 1430 4291 217 1430 4292 328 1431 4293 323 1431 4294 312 1431 4295 314 1432 4296 307 1432 4297 214 1432 4298 327 1433 4299 326 1433 4300 307 1433 4301 313 1434 4302 310 1434 4303 221 1434 4304 325 1435 4305 319 1435 4306 310 1435 4307 303 1436 4308 306 1436 4309 216 1436 4310 318 1437 4311 324 1437 4312 306 1437 4313 312 1438 4314 305 1438 4315 218 1438 4316 323 1439 4317 322 1439 4318 305 1439 4319 311 1440 4320 304 1440 4321 220 1440 4322 321 1441 4323 320 1441 4324 304 1441 4325 310 1442 4326 303 1442 4327 222 1442 4328 319 1443 4329 318 1443 4330 303 1443 4331 309 1444 4332 302 1444 4333 224 1444 4334 317 1445 4335 316 1445 4336 302 1445 4337 336 1446 4338 343 1446 4339 328 1446 4340 274 1447 4341 273 1447 4342 343 1447 4343 334 1448 4344 336 1448 4345 329 1448 4346 269 1449 4347 274 1449 4348 336 1449 4349 335 1450 4350 341 1450 4351 325 1450 4352 271 1451 4353 270 1451 4354 341 1451 4355 330 1452 4356 342 1452 4357 327 1452 4358 333 1453 4359 339 1453 4360 321 1453 4361 267 1454 4362 266 1454 4363 339 1454 4364 332 1455 4365 337 1455 4366 317 1455 4367 265 1456 4368 262 1456 4369 337 1456 4370 343 1457 4371 340 1457 4372 323 1457 4373 273 1458 4374 268 1458 4375 340 1458 4376 342 1459 4377 335 1459 4378 326 1459 4379 272 1460 4380 271 1460 4381 335 1460 4382 341 1461 4383 338 1461 4384 319 1461 4385 270 1462 4386 264 1462 4387 338 1462 4388 331 1463 4389 334 1463 4390 324 1463 4391 263 1464 4392 269 1464 4393 334 1464 4394 340 1465 4395 333 1465 4396 322 1465 4397 268 1466 4398 267 1466 4399 333 1466 4400 339 1467 4401 332 1467 4402 320 1467 4403 266 1468 4404 265 1468 4405 332 1468 4406 338 1469 4407 331 1469 4408 318 1469 4409 264 1470 4410 263 1470 4411 331 1470 4412 337 1471 4413 330 1471 4414 316 1471 4415 262 1472 4416 261 1472 4417 330 1472 4418 350 1473 4419 357 1473 4420 273 1473 4421 502 1474 4422 505 1474 4423 357 1474 4424 348 1475 4425 350 1475 4426 274 1475 4427 523 1476 4428 502 1476 4429 350 1476 4430 349 1477 4431 355 1477 4432 270 1477 4433 359 1478 4434 496 1478 4435 355 1478 4436 344 1479 4437 356 1479 4438 272 1479 4439 347 1480 4440 353 1480 4441 266 1480 4442 526 1481 4443 504 1481 4444 353 1481 4445 346 1482 4446 351 1482 4447 262 1482 4448 495 1483 4449 358 1483 4450 351 1483 4451 357 1484 4452 354 1484 4453 268 1484 4454 357 1485 4455 505 1485 4456 527 1485 4457 356 1486 4458 349 1486 4459 271 1486 4460 498 1487 4461 359 1487 4462 349 1487 4463 355 1488 4464 352 1488 4465 264 1488 4466 496 1489 4467 503 1489 4468 352 1489 4469 345 1490 4470 348 1490 4471 269 1490 4472 524 1491 4473 523 1491 4474 348 1491 4475 354 1492 4476 347 1492 4477 267 1492 4478 527 1493 4479 526 1493 4480 347 1493 4481 353 1494 4482 346 1494 4483 265 1494 4484 504 1495 4485 495 1495 4486 346 1495 4487 352 1496 4488 345 1496 4489 263 1496 4490 503 1497 4491 524 1497 4492 345 1497 4493 351 1498 4494 344 1498 4495 261 1498 4496 358 1499 4497 499 1499 4498 344 1499 4499 368 1500 4500 253 1500 4501 258 1500 4502 370 1501 4503 367 1501 4504 368 1501 4505 360 1502 4506 362 1502 4507 367 1502 4508 361 1503 4509 363 1503 4510 362 1503 4511 374 1504 4512 373 1504 4513 363 1504 4514 375 1505 4515 372 1505 4516 373 1505 4517 366 1506 4518 365 1506 4519 372 1506 4520 371 1507 4521 364 1507 4522 365 1507 4523 371 1508 4524 408 1508 4525 409 1508 4526 246 1509 4527 372 1509 4528 365 1509 4529 241 1510 4530 375 1510 4531 374 1510 4532 117 1511 4533 360 1511 4534 370 1511 4535 232 1512 4536 373 1512 4537 372 1512 4538 408 1513 4539 371 1513 4540 366 1513 4541 233 1514 4542 374 1514 4543 361 1514 4544 173 1515 4545 366 1515 4546 375 1515 4547 26 1516 4548 364 1516 4549 365 1516 4550 376 1517 4551 365 1517 4552 372 1517 4553 377 1518 4554 372 1518 4555 373 1518 4556 373 1519 4557 363 1519 4558 379 1519 4559 363 1520 4560 362 1520 4561 380 1520 4562 362 1521 4563 367 1521 4564 381 1521 4565 367 1522 4566 368 1522 4567 27 1522 4568 371 1523 4569 364 1523 4570 29 1523 4571 366 1524 4572 371 1524 4573 31 1524 4574 375 1525 4575 366 1525 4576 387 1525 4577 374 1526 4578 375 1526 4579 386 1526 4580 384 1527 4581 361 1527 4582 374 1527 4583 383 1528 4584 360 1528 4585 361 1528 4586 382 1529 4587 370 1529 4588 360 1529 4589 25 1530 4590 369 1530 4591 370 1530 4592 28 1531 4593 368 1531 4594 369 1531 4595 385 1532 4596 405 1532 4597 404 1532 4598 31 1533 4599 395 1533 4600 407 1533 4601 26 1534 4602 390 1534 4603 393 1534 4604 379 1535 4605 399 1535 4606 398 1535 4607 386 1536 4608 406 1536 4609 405 1536 4610 28 1537 4611 392 1537 4612 391 1537 4613 380 1538 4614 400 1538 4615 399 1538 4616 387 1539 4617 407 1539 4618 406 1539 4619 381 1540 4620 401 1540 4621 400 1540 4622 24 1541 4623 388 1541 4624 392 1541 4625 25 1542 4626 389 1542 4627 388 1542 4628 382 1543 4629 402 1543 4630 389 1543 4631 30 1544 4632 394 1544 4633 395 1544 4634 376 1545 4635 396 1545 4636 390 1545 4637 383 1546 4638 403 1546 4639 402 1546 4640 29 1547 4641 393 1547 4642 394 1547 4643 377 1548 4644 397 1548 4645 396 1548 4646 384 1549 4647 404 1549 4648 403 1549 4649 27 1550 4650 391 1550 4651 401 1550 4652 378 1551 4653 398 1551 4654 397 1551 4655 410 1552 4656 411 1552 4657 409 1552 4658 258 1553 4659 253 1553 4660 283 1553 4661 57 1554 4662 56 1554 4663 501 1554 4664 16 1555 4665 414 1555 4666 415 1555 4667 55 1556 4668 54 1556 4669 53 1556 4670 15 1557 4671 413 1557 4672 416 1557 4673 55 1558 4674 500 1558 4675 417 1558 4676 23 1559 4677 417 1559 4678 414 1559 4679 22 1560 4680 416 1560 4681 501 1560 4682 432 1561 4683 435 1561 4684 438 1561 4685 457 1562 4686 438 1562 4687 439 1562 4688 456 1563 4689 493 1563 4690 492 1563 4691 455 1564 4692 492 1564 4693 491 1564 4694 454 1565 4695 491 1565 4696 490 1565 4697 453 1566 4698 490 1566 4699 489 1566 4700 449 1567 4701 446 1567 4702 447 1567 4703 437 1568 4704 458 1568 4705 468 1568 4706 458 1569 4707 459 1569 4708 469 1569 4709 459 1570 4710 460 1570 4711 470 1570 4712 460 1571 4713 461 1571 4714 471 1571 4715 461 1572 4716 462 1572 4717 472 1572 4718 462 1573 4719 463 1573 4720 473 1573 4721 463 1574 4722 464 1574 4723 474 1574 4724 464 1575 4725 465 1575 4726 475 1575 4727 465 1576 4728 466 1576 4729 476 1576 4730 466 1577 4731 467 1577 4732 477 1577 4733 436 1578 4734 467 1578 4735 438 1578 4736 467 1579 4737 466 1579 4738 439 1579 4739 466 1580 4740 465 1580 4741 440 1580 4742 465 1581 4743 464 1581 4744 441 1581 4745 464 1582 4746 463 1582 4747 442 1582 4748 463 1583 4749 462 1583 4750 443 1583 4751 443 1584 4752 462 1584 4753 461 1584 4754 444 1585 4755 461 1585 4756 460 1585 4757 445 1586 4758 460 1586 4759 459 1586 4760 446 1587 4761 459 1587 4762 458 1587 4763 431 1588 4764 468 1588 4765 448 1588 4766 468 1589 4767 469 1589 4768 449 1589 4769 469 1590 4770 470 1590 4771 450 1590 4772 470 1591 4773 471 1591 4774 451 1591 4775 471 1592 4776 472 1592 4777 452 1592 4778 452 1593 4779 472 1593 4780 473 1593 4781 453 1594 4782 473 1594 4783 474 1594 4784 454 1595 4785 474 1595 4786 475 1595 4787 455 1596 4788 475 1596 4789 476 1596 4790 456 1597 4791 476 1597 4792 477 1597 4793 478 1598 4794 479 1598 4795 492 1598 4796 479 1599 4797 480 1599 4798 491 1599 4799 480 1600 4800 481 1600 4801 490 1600 4802 481 1601 4803 482 1601 4804 489 1601 4805 482 1602 4806 483 1602 4807 488 1602 4808 483 1603 4809 484 1603 4810 487 1603 4811 484 1604 4812 485 1604 4813 486 1604 4814 449 1605 4815 486 1605 4816 485 1605 4817 439 1606 4818 478 1606 4819 493 1606 4820 450 1607 4821 487 1607 4822 486 1607 4823 451 1608 4824 488 1608 4825 487 1608 4826 452 1609 4827 489 1609 4828 488 1609 4829 49 1610 4830 19 1610 4831 22 1610 4832 13 1611 4833 421 1611 4834 420 1611 4835 12 1612 4836 420 1612 4837 428 1612 4838 428 1613 4839 420 1613 4840 421 1613 4841 496 1614 4842 508 1614 4843 511 1614 4844 494 1615 4845 499 1615 4846 498 1615 4847 503 1616 4848 524 1616 4849 523 1616 4850 507 1617 4851 506 1617 4852 513 1617 4853 512 1618 4854 520 1618 4855 516 1618 4856 512 1619 4857 528 1619 4858 530 1619 4859 504 1620 4860 526 1620 4861 528 1620 4862 514 1621 4863 538 1621 4864 535 1621 4865 505 1622 4866 527 1622 4867 526 1622 4868 504 1623 4869 512 1623 4870 509 1623 4871 506 1624 4872 534 1624 4873 541 1624 4874 514 1625 4875 518 1625 4876 519 1625 4877 516 1626 4878 520 1626 4879 521 1626 4880 510 1627 4881 518 1627 4882 514 1627 4883 517 1628 4884 541 1628 4885 540 1628 4886 521 1629 4887 531 1629 4888 529 1629 4889 506 1630 4890 517 1630 4891 521 1630 4892 508 1631 4893 515 1631 4894 519 1631 4895 506 1632 4896 507 1632 4897 535 1632 4898 524 1633 4899 525 1633 4900 522 1633 4901 529 1634 4902 531 1634 4903 530 1634 4904 523 1635 4905 522 1635 4906 529 1635 4907 527 1636 4908 529 1636 4909 528 1636 4910 525 1637 4911 533 1637 4912 532 1637 4913 520 1638 4914 530 1638 4915 531 1638 4916 510 1639 4917 513 1639 4918 529 1639 4919 502 1640 4920 523 1640 4921 527 1640 4922 518 1641 4923 532 1641 4924 533 1641 4925 519 1642 4926 533 1642 4927 525 1642 4928 511 1643 4929 525 1643 4930 524 1643 4931 510 1644 4932 522 1644 4933 532 1644 4934 509 1645 4935 537 1645 4936 358 1645 4937 508 1646 4938 536 1646 4939 539 1646 4940 496 1647 4941 359 1647 4942 536 1647 4943 516 1648 4944 540 1648 4945 537 1648 4946 496 1649 4947 497 1649 4948 498 1649 4949 515 1650 4950 539 1650 4951 538 1650 4952 494 1651 4953 495 1651 4954 358 1651 4955 419 1652 4956 1078 1652 4957 1081 1652 4958 549 1653 4959 978 1653 4960 975 1653 4961 977 1654 4962 551 1654 4963 550 1654 4964 8 1655 4965 549 1655 4966 548 1655 4967 973 1656 4968 979 1656 4969 552 1656 4970 4 1657 4971 7 1657 4972 548 1657 4973 546 1658 4974 548 1658 4975 975 1658 4976 979 1659 4977 978 1659 4978 549 1659 4979 974 1660 4980 976 1660 4981 550 1660 4982 553 1661 4983 551 1661 4984 977 1661 4985 552 1662 4986 549 1662 4987 8 1662 4988 547 1663 4989 553 1663 4990 980 1663 4991 540 1664 4992 957 1664 4993 960 1664 4994 594 1665 4995 543 1665 4996 969 1665 4997 359 1666 4998 1044 1666 4999 959 1666 5000 564 1667 5001 561 1667 5002 967 1667 5003 557 1668 5004 955 1668 5005 956 1668 5006 590 1669 5007 589 1669 5008 961 1669 5009 564 1670 5010 544 1670 5011 964 1670 5012 417 1671 5013 1080 1671 5014 1083 1671 5015 1010 1672 5016 979 1672 5017 973 1672 5018 991 1673 5019 990 1673 5020 977 1673 5021 990 1674 5022 1001 1674 5023 980 1674 5024 1000 1675 5025 1020 1675 5026 973 1675 5027 590 1676 5028 557 1676 5029 545 1676 5030 564 1677 5031 556 1677 5032 560 1677 5033 969 1678 5034 967 1678 5035 968 1678 5036 545 1679 5037 965 1679 5038 967 1679 5039 967 1680 5040 965 1680 5041 966 1680 5042 566 1681 5043 559 1681 5044 555 1681 5045 554 1682 5046 966 1682 5047 965 1682 5048 543 1683 5049 544 1683 5050 967 1683 5051 590 1684 5052 962 1684 5053 955 1684 5054 560 1685 5055 556 1685 5056 555 1685 5057 972 1686 5058 971 1686 5059 544 1686 5060 558 1687 5061 554 1687 5062 545 1687 5063 563 1688 5064 971 1688 5065 972 1688 5066 591 1689 5067 628 1689 5068 627 1689 5069 595 1690 5070 498 1690 5071 1085 1690 5072 498 1691 5073 499 1691 5074 1085 1691 5075 969 1692 5076 623 1692 5077 628 1692 5078 625 1693 5079 624 1693 5080 599 1693 5081 591 1694 5082 969 1694 5083 970 1694 5084 596 1695 5085 597 1695 5086 1085 1695 5087 597 1696 5088 600 1696 5089 1085 1696 5090 621 1697 5091 620 1697 5092 593 1697 5093 592 1698 5094 970 1698 5095 968 1698 5096 619 1699 5097 616 1699 5098 1043 1699 5099 358 1700 5100 1043 1700 5101 596 1700 5102 627 1701 5103 622 1701 5104 543 1701 5105 626 1702 5106 625 1702 5107 1044 1702 5108 589 1703 5109 590 1703 5110 561 1703 5111 624 1704 5112 618 1704 5113 592 1704 5114 562 1705 5115 968 1705 5116 966 1705 5117 970 1706 5118 617 1706 5119 623 1706 5120 598 1707 5121 566 1707 5122 563 1707 5123 543 1708 5124 622 1708 5125 621 1708 5126 593 1709 5127 972 1709 5128 543 1709 5129 620 1710 5130 619 1710 5131 598 1710 5132 562 1711 5133 554 1711 5134 558 1711 5135 618 1712 5136 617 1712 5137 970 1712 5138 560 1713 5139 958 1713 5140 961 1713 5141 616 1714 5142 615 1714 5143 596 1714 5144 635 1715 5145 642 1715 5146 627 1715 5147 575 1716 5148 576 1716 5149 642 1716 5150 633 1717 5151 635 1717 5152 628 1717 5153 580 1718 5154 575 1718 5155 635 1718 5156 634 1719 5157 640 1719 5158 624 1719 5159 578 1720 5160 579 1720 5161 640 1720 5162 629 1721 5163 641 1721 5164 626 1721 5165 632 1722 5166 638 1722 5167 620 1722 5168 582 1723 5169 583 1723 5170 638 1723 5171 631 1724 5172 636 1724 5173 616 1724 5174 584 1725 5175 587 1725 5176 636 1725 5177 642 1726 5178 639 1726 5179 622 1726 5180 576 1727 5181 581 1727 5182 639 1727 5183 641 1728 5184 634 1728 5185 625 1728 5186 577 1729 5187 578 1729 5188 634 1729 5189 640 1730 5190 637 1730 5191 618 1730 5192 579 1731 5193 585 1731 5194 637 1731 5195 630 1732 5196 633 1732 5197 623 1732 5198 586 1733 5199 580 1733 5200 633 1733 5201 639 1734 5202 632 1734 5203 621 1734 5204 581 1735 5205 582 1735 5206 632 1735 5207 638 1736 5208 631 1736 5209 619 1736 5210 583 1737 5211 584 1737 5212 631 1737 5213 637 1738 5214 630 1738 5215 617 1738 5216 585 1739 5217 586 1739 5218 630 1739 5219 636 1740 5220 629 1740 5221 615 1740 5222 587 1741 5223 588 1741 5224 629 1741 5225 649 1742 5226 656 1742 5227 576 1742 5228 682 1743 5229 681 1743 5230 656 1743 5231 647 1744 5232 649 1744 5233 575 1744 5234 677 1745 5235 682 1745 5236 649 1745 5237 648 1746 5238 654 1746 5239 579 1746 5240 679 1747 5241 678 1747 5242 654 1747 5243 643 1748 5244 655 1748 5245 577 1748 5246 646 1749 5247 652 1749 5248 583 1749 5249 675 1750 5250 674 1750 5251 652 1750 5252 645 1751 5253 650 1751 5254 587 1751 5255 673 1752 5256 670 1752 5257 650 1752 5258 656 1753 5259 653 1753 5260 581 1753 5261 681 1754 5262 676 1754 5263 653 1754 5264 655 1755 5265 648 1755 5266 578 1755 5267 680 1756 5268 679 1756 5269 648 1756 5270 654 1757 5271 651 1757 5272 585 1757 5273 678 1758 5274 672 1758 5275 651 1758 5276 644 1759 5277 647 1759 5278 580 1759 5279 671 1760 5280 677 1760 5281 647 1760 5282 653 1761 5283 646 1761 5284 582 1761 5285 676 1762 5286 675 1762 5287 646 1762 5288 652 1763 5289 645 1763 5290 584 1763 5291 674 1764 5292 673 1764 5293 645 1764 5294 651 1765 5295 644 1765 5296 586 1765 5297 672 1766 5298 671 1766 5299 644 1766 5300 650 1767 5301 643 1767 5302 588 1767 5303 670 1768 5304 669 1768 5305 643 1768 5306 689 1769 5307 696 1769 5308 681 1769 5309 614 1770 5310 613 1770 5311 696 1770 5312 677 1771 5313 687 1771 5314 689 1771 5315 609 1772 5316 614 1772 5317 689 1772 5318 688 1773 5319 694 1773 5320 678 1773 5321 611 1774 5322 610 1774 5323 694 1774 5324 683 1775 5325 695 1775 5326 680 1775 5327 675 1776 5328 686 1776 5329 692 1776 5330 607 1777 5331 606 1777 5332 692 1777 5333 673 1778 5334 685 1778 5335 690 1778 5336 605 1779 5337 602 1779 5338 690 1779 5339 696 1780 5340 693 1780 5341 676 1780 5342 613 1781 5343 608 1781 5344 693 1781 5345 695 1782 5346 688 1782 5347 679 1782 5348 612 1783 5349 611 1783 5350 688 1783 5351 694 1784 5352 691 1784 5353 672 1784 5354 610 1785 5355 604 1785 5356 691 1785 5357 684 1786 5358 687 1786 5359 677 1786 5360 603 1787 5361 609 1787 5362 687 1787 5363 693 1788 5364 686 1788 5365 675 1788 5366 608 1789 5367 607 1789 5368 686 1789 5369 692 1790 5370 685 1790 5371 673 1790 5372 606 1791 5373 605 1791 5374 685 1791 5375 691 1792 5376 684 1792 5377 671 1792 5378 604 1793 5379 603 1793 5380 684 1793 5381 690 1794 5382 683 1794 5383 669 1794 5384 602 1795 5385 601 1795 5386 683 1795 5387 702 1796 5388 707 1796 5389 613 1796 5390 729 1797 5391 728 1797 5392 707 1797 5393 701 1798 5394 702 1798 5395 614 1798 5396 726 1799 5397 729 1799 5398 702 1799 5399 827 1800 5400 826 1800 5401 610 1800 5402 751 1801 5403 906 1801 5404 916 1801 5405 697 1802 5406 706 1802 5407 612 1802 5408 700 1803 5409 704 1803 5410 606 1803 5411 724 1804 5412 723 1804 5413 704 1804 5414 602 1805 5415 605 1805 5416 978 1805 5417 605 1806 5418 699 1806 5419 978 1806 5420 699 1807 5421 1021 1807 5422 982 1807 5423 707 1808 5424 705 1808 5425 608 1808 5426 728 1809 5427 725 1809 5428 705 1809 5429 706 1810 5430 827 1810 5431 611 1810 5432 727 1811 5433 801 1811 5434 827 1811 5435 826 1812 5436 703 1812 5437 604 1812 5438 796 1813 5439 722 1813 5440 703 1813 5441 698 1814 5442 701 1814 5443 609 1814 5444 721 1815 5445 726 1815 5446 701 1815 5447 705 1816 5448 700 1816 5449 607 1816 5450 725 1817 5451 724 1817 5452 700 1817 5453 704 1818 5454 699 1818 5455 605 1818 5456 704 1819 5457 723 1819 5458 1021 1819 5459 703 1820 5460 698 1820 5461 603 1820 5462 722 1821 5463 721 1821 5464 698 1821 5465 601 1822 5466 602 1822 5467 978 1822 5468 978 1823 5469 981 1823 5470 697 1823 5471 982 1824 5472 720 1824 5473 697 1824 5474 735 1825 5475 741 1825 5476 728 1825 5477 657 1826 5478 658 1826 5479 741 1826 5480 733 1827 5481 735 1827 5482 729 1827 5483 662 1828 5484 657 1828 5485 735 1828 5486 796 1829 5487 911 1829 5488 910 1829 5489 734 1830 5490 913 1830 5491 912 1830 5492 730 1831 5493 740 1831 5494 727 1831 5495 732 1832 5496 737 1832 5497 723 1832 5498 664 1833 5499 665 1833 5500 737 1833 5501 741 1834 5502 738 1834 5503 725 1834 5504 658 1835 5505 663 1835 5506 738 1835 5507 740 1836 5508 734 1836 5509 801 1836 5510 659 1837 5511 660 1837 5512 734 1837 5513 739 1838 5514 736 1838 5515 722 1838 5516 661 1839 5517 666 1839 5518 736 1839 5519 731 1840 5520 733 1840 5521 726 1840 5522 667 1841 5523 662 1841 5524 733 1841 5525 738 1842 5526 732 1842 5527 724 1842 5528 663 1843 5529 664 1843 5530 732 1843 5531 723 1844 5532 737 1844 5533 1022 1844 5534 737 1845 5535 665 1845 5536 1023 1845 5537 736 1846 5538 731 1846 5539 721 1846 5540 666 1847 5541 667 1847 5542 731 1847 5543 983 1848 5544 730 1848 5545 720 1848 5546 984 1849 5547 668 1849 5548 730 1849 5549 747 1850 5550 753 1850 5551 658 1850 5552 779 1851 5553 778 1851 5554 753 1851 5555 745 1852 5556 747 1852 5557 657 1852 5558 774 1853 5559 779 1853 5560 747 1853 5561 746 1854 5562 904 1854 5563 903 1854 5564 739 1855 5565 910 1855 5566 905 1855 5567 742 1856 5568 752 1856 5569 659 1856 5570 744 1857 5571 749 1857 5572 665 1857 5573 772 1858 5574 771 1858 5575 749 1858 5576 658 1859 5577 753 1859 5578 750 1859 5579 753 1860 5580 778 1860 5581 773 1860 5582 752 1861 5583 746 1861 5584 660 1861 5585 777 1862 5586 776 1862 5587 746 1862 5588 751 1863 5589 748 1863 5590 666 1863 5591 751 1864 5592 775 1864 5593 770 1864 5594 743 1865 5595 745 1865 5596 662 1865 5597 769 1866 5598 774 1866 5599 745 1866 5600 750 1867 5601 744 1867 5602 664 1867 5603 773 1868 5604 772 1868 5605 744 1868 5606 665 1869 5607 749 1869 5608 1024 1869 5609 749 1870 5610 771 1870 5611 1025 1870 5612 666 1871 5613 748 1871 5614 743 1871 5615 748 1872 5616 770 1872 5617 769 1872 5618 985 1873 5619 742 1873 5620 668 1873 5621 986 1874 5622 768 1874 5623 742 1874 5624 785 1875 5625 791 1875 5626 778 1875 5627 719 1876 5628 718 1876 5629 791 1876 5630 783 1877 5631 785 1877 5632 779 1877 5633 714 1878 5634 719 1878 5635 785 1878 5636 780 1879 5637 790 1879 5638 777 1879 5639 782 1880 5640 787 1880 5641 771 1880 5642 712 1881 5643 711 1881 5644 787 1881 5645 778 1882 5646 791 1882 5647 788 1882 5648 718 1883 5649 713 1883 5650 788 1883 5651 790 1884 5652 784 1884 5653 776 1884 5654 717 1885 5655 716 1885 5656 784 1885 5657 789 1886 5658 786 1886 5659 770 1886 5660 715 1887 5661 710 1887 5662 786 1887 5663 781 1888 5664 783 1888 5665 774 1888 5666 709 1889 5667 714 1889 5668 783 1889 5669 788 1890 5670 782 1890 5671 772 1890 5672 713 1891 5673 712 1891 5674 782 1891 5675 771 1892 5676 787 1892 5677 1026 1892 5678 787 1893 5679 711 1893 5680 1027 1893 5681 770 1894 5682 786 1894 5683 781 1894 5684 710 1895 5685 709 1895 5686 781 1895 5687 987 1896 5688 780 1896 5689 768 1896 5690 988 1897 5691 708 1897 5692 780 1897 5693 797 1898 5694 803 1898 5695 718 1898 5696 830 1899 5697 829 1899 5698 803 1899 5699 795 1900 5700 797 1900 5701 719 1900 5702 825 1901 5703 830 1901 5704 797 1901 5705 661 1902 5706 905 1902 5707 906 1902 5708 715 1903 5709 908 1903 5710 907 1903 5711 792 1904 5712 802 1904 5713 717 1904 5714 794 1905 5715 799 1905 5716 711 1905 5717 823 1906 5718 822 1906 5719 799 1906 5720 1028 1907 5721 821 1907 5722 990 1907 5723 803 1908 5724 800 1908 5725 713 1908 5726 829 1909 5727 824 1909 5728 800 1909 5729 802 1910 5730 951 1910 5731 716 1910 5732 828 1911 5733 953 1911 5734 951 1911 5735 952 1912 5736 798 1912 5737 710 1912 5738 954 1913 5739 820 1913 5740 798 1913 5741 793 1914 5742 795 1914 5743 714 1914 5744 819 1915 5745 825 1915 5746 795 1915 5747 800 1916 5748 794 1916 5749 712 1916 5750 824 1917 5751 823 1917 5752 794 1917 5753 711 1918 5754 799 1918 5755 1028 1918 5756 799 1919 5757 822 1919 5758 821 1919 5759 798 1920 5760 793 1920 5761 709 1920 5762 820 1921 5763 819 1921 5764 793 1921 5765 989 1922 5766 792 1922 5767 708 1922 5768 990 1923 5769 818 1923 5770 792 1923 5771 837 1924 5772 844 1924 5773 829 1924 5774 754 1925 5775 755 1925 5776 844 1925 5777 835 1926 5778 837 1926 5779 830 1926 5780 759 1927 5781 754 1927 5782 837 1927 5783 836 1928 5784 842 1928 5785 954 1928 5786 757 1929 5787 758 1929 5788 842 1929 5789 831 1930 5790 843 1930 5791 828 1930 5792 834 1931 5793 840 1931 5794 822 1931 5795 761 1932 5796 762 1932 5797 840 1932 5798 990 1933 5799 821 1933 5800 977 1933 5801 821 1934 5802 833 1934 5803 977 1934 5804 763 1935 5805 766 1935 5806 838 1935 5807 844 1936 5808 841 1936 5809 824 1936 5810 755 1937 5811 760 1937 5812 841 1937 5813 843 1938 5814 836 1938 5815 953 1938 5816 756 1939 5817 757 1939 5818 836 1939 5819 842 1940 5820 839 1940 5821 820 1940 5822 758 1941 5823 764 1941 5824 839 1941 5825 832 1942 5826 835 1942 5827 825 1942 5828 765 1943 5829 759 1943 5830 835 1943 5831 841 1944 5832 834 1944 5833 823 1944 5834 760 1945 5835 761 1945 5836 834 1945 5837 840 1946 5838 833 1946 5839 821 1946 5840 762 1947 5841 763 1947 5842 833 1947 5843 839 1948 5844 832 1948 5845 819 1948 5846 764 1949 5847 765 1949 5848 832 1949 5849 818 1950 5850 990 1950 5851 977 1950 5852 977 1951 5853 838 1951 5854 831 1951 5855 766 1952 5856 767 1952 5857 831 1952 5858 851 1953 5859 858 1953 5860 755 1953 5861 872 1954 5862 871 1954 5863 858 1954 5864 759 1955 5865 849 1955 5866 851 1955 5867 867 1956 5868 872 1956 5869 851 1956 5870 850 1957 5871 856 1957 5872 758 1957 5873 869 1958 5874 868 1958 5875 856 1958 5876 845 1959 5877 857 1959 5878 756 1959 5879 761 1960 5880 848 1960 5881 854 1960 5882 865 1961 5883 864 1961 5884 854 1961 5885 763 1962 5886 847 1962 5887 852 1962 5888 863 1963 5889 860 1963 5890 852 1963 5891 858 1964 5892 855 1964 5893 760 1964 5894 871 1965 5895 866 1965 5896 855 1965 5897 857 1966 5898 850 1966 5899 757 1966 5900 870 1967 5901 869 1967 5902 850 1967 5903 856 1968 5904 853 1968 5905 764 1968 5906 868 1969 5907 862 1969 5908 853 1969 5909 846 1970 5910 849 1970 5911 759 1970 5912 861 1971 5913 867 1971 5914 849 1971 5915 855 1972 5916 848 1972 5917 761 1972 5918 866 1973 5919 865 1973 5920 848 1973 5921 854 1974 5922 847 1974 5923 763 1974 5924 864 1975 5925 863 1975 5926 847 1975 5927 853 1976 5928 846 1976 5929 765 1976 5930 862 1977 5931 861 1977 5932 846 1977 5933 852 1978 5934 845 1978 5935 767 1978 5936 860 1979 5937 859 1979 5938 845 1979 5939 879 1980 5940 886 1980 5941 871 1980 5942 817 1981 5943 816 1981 5944 886 1981 5945 877 1982 5946 879 1982 5947 872 1982 5948 812 1983 5949 817 1983 5950 879 1983 5951 878 1984 5952 884 1984 5953 868 1984 5954 814 1985 5955 813 1985 5956 884 1985 5957 873 1986 5958 885 1986 5959 870 1986 5960 876 1987 5961 882 1987 5962 864 1987 5963 810 1988 5964 809 1988 5965 882 1988 5966 875 1989 5967 880 1989 5968 860 1989 5969 808 1990 5970 805 1990 5971 880 1990 5972 886 1991 5973 883 1991 5974 866 1991 5975 816 1992 5976 811 1992 5977 883 1992 5978 885 1993 5979 878 1993 5980 869 1993 5981 815 1994 5982 814 1994 5983 878 1994 5984 884 1995 5985 881 1995 5986 862 1995 5987 813 1996 5988 807 1996 5989 881 1996 5990 874 1997 5991 877 1997 5992 867 1997 5993 806 1998 5994 812 1998 5995 877 1998 5996 883 1999 5997 876 1999 5998 865 1999 5999 811 2000 6000 810 2000 6001 876 2000 6002 882 2001 6003 875 2001 6004 863 2001 6005 809 2002 6006 808 2002 6007 875 2002 6008 881 2003 6009 874 2003 6010 861 2003 6011 807 2004 6012 806 2004 6013 874 2004 6014 880 2005 6015 873 2005 6016 859 2005 6017 805 2006 6018 804 2006 6019 873 2006 6020 893 2007 6021 900 2007 6022 816 2007 6023 1045 2008 6024 1048 2008 6025 900 2008 6026 891 2009 6027 893 2009 6028 817 2009 6029 1066 2010 6030 1045 2010 6031 893 2010 6032 892 2011 6033 898 2011 6034 813 2011 6035 902 2012 6036 1039 2012 6037 898 2012 6038 887 2013 6039 899 2013 6040 815 2013 6041 890 2014 6042 896 2014 6043 809 2014 6044 1069 2015 6045 1047 2015 6046 896 2015 6047 889 2016 6048 894 2016 6049 805 2016 6050 1038 2017 6051 901 2017 6052 894 2017 6053 900 2018 6054 897 2018 6055 811 2018 6056 900 2019 6057 1048 2019 6058 1070 2019 6059 899 2020 6060 892 2020 6061 814 2020 6062 1041 2021 6063 902 2021 6064 892 2021 6065 898 2022 6066 895 2022 6067 807 2022 6068 1039 2023 6069 1046 2023 6070 895 2023 6071 888 2024 6072 891 2024 6073 812 2024 6074 1067 2025 6075 1066 2025 6076 891 2025 6077 897 2026 6078 890 2026 6079 810 2026 6080 1070 2027 6081 1069 2027 6082 890 2027 6083 896 2028 6084 889 2028 6085 808 2028 6086 1047 2029 6087 1038 2029 6088 889 2029 6089 895 2030 6090 888 2030 6091 806 2030 6092 1046 2031 6093 1067 2031 6094 888 2031 6095 894 2032 6096 887 2032 6097 804 2032 6098 901 2033 6099 1042 2033 6100 887 2033 6101 911 2034 6102 796 2034 6103 801 2034 6104 912 2035 6105 913 2035 6106 910 2035 6107 913 2036 6108 903 2036 6109 905 2036 6110 903 2037 6111 904 2037 6112 906 2037 6113 917 2038 6114 916 2038 6115 906 2038 6116 917 2039 6117 918 2039 6118 915 2039 6119 918 2040 6120 909 2040 6121 908 2040 6122 909 2041 6123 914 2041 6124 907 2041 6125 914 2042 6126 951 2042 6127 952 2042 6128 789 2043 6129 915 2043 6130 908 2043 6131 784 2044 6132 918 2044 6133 917 2044 6134 660 2045 6135 903 2045 6136 913 2045 6137 775 2046 6138 916 2046 6139 915 2046 6140 951 2047 6141 914 2047 6142 909 2047 6143 776 2048 6144 917 2048 6145 904 2048 6146 716 2049 6147 909 2049 6148 918 2049 6149 569 2050 6150 907 2050 6151 908 2050 6152 919 2051 6153 908 2051 6154 915 2051 6155 920 2052 6156 915 2052 6157 916 2052 6158 916 2053 6159 906 2053 6160 922 2053 6161 906 2054 6162 905 2054 6163 923 2054 6164 905 2055 6165 910 2055 6166 924 2055 6167 910 2056 6168 911 2056 6169 570 2056 6170 914 2057 6171 907 2057 6172 572 2057 6173 909 2058 6174 914 2058 6175 574 2058 6176 918 2059 6177 909 2059 6178 930 2059 6179 917 2060 6180 918 2060 6181 929 2060 6182 927 2061 6183 904 2061 6184 917 2061 6185 926 2062 6186 903 2062 6187 904 2062 6188 925 2063 6189 913 2063 6190 903 2063 6191 568 2064 6192 912 2064 6193 913 2064 6194 571 2065 6195 911 2065 6196 912 2065 6197 928 2066 6198 948 2066 6199 947 2066 6200 574 2067 6201 938 2067 6202 950 2067 6203 569 2068 6204 933 2068 6205 936 2068 6206 922 2069 6207 942 2069 6208 941 2069 6209 929 2070 6210 949 2070 6211 948 2070 6212 571 2071 6213 935 2071 6214 934 2071 6215 923 2072 6216 943 2072 6217 942 2072 6218 930 2073 6219 950 2073 6220 949 2073 6221 924 2074 6222 944 2074 6223 943 2074 6224 567 2075 6225 931 2075 6226 935 2075 6227 568 2076 6228 932 2076 6229 931 2076 6230 925 2077 6231 945 2077 6232 932 2077 6233 573 2078 6234 937 2078 6235 938 2078 6236 919 2079 6237 939 2079 6238 933 2079 6239 926 2080 6240 946 2080 6241 945 2080 6242 572 2081 6243 936 2081 6244 937 2081 6245 920 2082 6246 940 2082 6247 939 2082 6248 927 2083 6249 947 2083 6250 946 2083 6251 570 2084 6252 934 2084 6253 944 2084 6254 921 2085 6255 941 2085 6256 940 2085 6257 953 2086 6258 954 2086 6259 952 2086 6260 801 2087 6261 796 2087 6262 826 2087 6263 330 2088 6264 588 2088 6265 577 2088 6266 416 2089 6267 1079 2089 6268 902 2089 6269 534 2090 6270 535 2090 6271 962 2090 6272 174 2091 6273 740 2091 6274 730 2091 6275 538 2092 6276 955 2092 6277 962 2092 6278 534 2093 6279 961 2093 6280 958 2093 6281 177 2094 6282 792 2094 6283 818 2094 6284 600 2095 6285 599 2095 6286 1044 2095 6287 559 2096 6288 957 2096 6289 958 2096 6290 598 2097 6291 597 2097 6292 596 2097 6293 558 2098 6294 956 2098 6295 959 2098 6296 598 2099 6297 1043 2099 6298 960 2099 6299 566 2100 6300 960 2100 6301 957 2100 6302 565 2101 6303 959 2101 6304 1044 2101 6305 975 2102 6306 978 2102 6307 981 2102 6308 1000 2103 6309 981 2103 6310 982 2103 6311 999 2104 6312 1036 2104 6313 1035 2104 6314 998 2105 6315 1035 2105 6316 1034 2105 6317 997 2106 6318 1034 2106 6319 1033 2106 6320 996 2107 6321 1033 2107 6322 1032 2107 6323 992 2108 6324 989 2108 6325 990 2108 6326 980 2109 6327 1001 2109 6328 1011 2109 6329 1001 2110 6330 1002 2110 6331 1012 2110 6332 1002 2111 6333 1003 2111 6334 1013 2111 6335 1003 2112 6336 1004 2112 6337 1014 2112 6338 1004 2113 6339 1005 2113 6340 1015 2113 6341 1005 2114 6342 1006 2114 6343 1016 2114 6344 1006 2115 6345 1007 2115 6346 1017 2115 6347 1007 2116 6348 1008 2116 6349 1018 2116 6350 1008 2117 6351 1009 2117 6352 1019 2117 6353 1009 2118 6354 1010 2118 6355 1020 2118 6356 979 2119 6357 1010 2119 6358 981 2119 6359 1010 2120 6360 1009 2120 6361 982 2120 6362 1009 2121 6363 1008 2121 6364 983 2121 6365 1008 2122 6366 1007 2122 6367 984 2122 6368 1007 2123 6369 1006 2123 6370 985 2123 6371 1006 2124 6372 1005 2124 6373 986 2124 6374 986 2125 6375 1005 2125 6376 1004 2125 6377 987 2126 6378 1004 2126 6379 1003 2126 6380 988 2127 6381 1003 2127 6382 1002 2127 6383 989 2128 6384 1002 2128 6385 1001 2128 6386 974 2129 6387 1011 2129 6388 991 2129 6389 1011 2130 6390 1012 2130 6391 992 2130 6392 1012 2131 6393 1013 2131 6394 993 2131 6395 1013 2132 6396 1014 2132 6397 994 2132 6398 1014 2133 6399 1015 2133 6400 995 2133 6401 995 2134 6402 1015 2134 6403 1016 2134 6404 996 2135 6405 1016 2135 6406 1017 2135 6407 997 2136 6408 1017 2136 6409 1018 2136 6410 998 2137 6411 1018 2137 6412 1019 2137 6413 999 2138 6414 1019 2138 6415 1020 2138 6416 1021 2139 6417 1022 2139 6418 1035 2139 6419 1022 2140 6420 1023 2140 6421 1034 2140 6422 1023 2141 6423 1024 2141 6424 1033 2141 6425 1024 2142 6426 1025 2142 6427 1032 2142 6428 1025 2143 6429 1026 2143 6430 1031 2143 6431 1026 2144 6432 1027 2144 6433 1030 2144 6434 1027 2145 6435 1028 2145 6436 1029 2145 6437 992 2146 6438 1029 2146 6439 1028 2146 6440 982 2147 6441 1021 2147 6442 1036 2147 6443 993 2148 6444 1030 2148 6445 1029 2148 6446 994 2149 6447 1031 2149 6448 1030 2149 6449 995 2150 6450 1032 2150 6451 1031 2150 6452 58 2151 6453 831 2151 6454 767 2151 6455 100 2152 6456 859 2152 6457 870 2152 6458 237 2153 6459 668 2153 6460 659 2153 6461 34 2154 6462 885 2154 6463 873 2154 6464 316 2155 6465 643 2155 6466 669 2155 6467 213 2156 6468 695 2156 6469 683 2156 6470 126 2157 6471 845 2157 6472 859 2157 6473 213 2158 6474 300 2158 6475 612 2158 6476 234 2159 6477 209 2159 6478 777 2159 6479 249 2160 6480 720 2160 6481 727 2160 6482 34 2161 6483 98 2161 6484 815 2161 6485 285 2162 6486 706 2162 6487 697 2162 6488 224 2163 6489 683 2163 6490 601 2163 6491 234 2164 6492 752 2164 6493 742 2164 6494 45 2165 6495 873 2165 6496 804 2165 6497 187 2166 6498 708 2166 6499 717 2166 6500 592 2167 6501 562 2167 6502 565 2167 6503 86 2168 6504 804 2168 6505 815 2168 6506 174 2169 6507 247 2169 6508 659 2169 6509 536 2170 6510 959 2170 6511 956 2170 6512 556 2171 6513 964 2171 6514 963 2171 6515 165 2172 6516 730 2172 6517 668 2172 6518 52 2173 6519 1041 2173 6520 899 2173 6521 499 2174 6522 596 2174 6523 615 2174 6524 184 2175 6525 163 2175 6526 828 2175 6527 199 2176 6528 768 2176 6529 777 2176 6530 541 2177 6531 958 2177 6532 957 2177 6533 356 2178 6534 626 2178 6535 595 2178 6536 555 2179 6537 963 2179 6538 971 2179 6539 69 2180 6540 843 2180 6541 831 2180 6542 140 2181 6543 767 2181 6544 756 2181 6545 225 2182 6546 742 2182 6547 768 2182 6548 116 2183 6549 197 2183 6550 717 2183 6551 116 2184 6552 790 2184 6553 780 2184 6554 327 2185 6555 314 2185 6556 680 2185 6557 344 2186 6558 615 2186 6559 626 2186 6560 327 2187 6561 655 2187 6562 643 2187 6563 125 2188 6564 780 2188 6565 708 2188 6566 261 2189 6567 629 2189 6568 588 2189 6569 539 2190 6570 956 2190 6571 955 2190 6572 971 2191 6573 963 2191 6574 964 2191 6575 69 2192 6576 152 2192 6577 756 2192 6578 302 2193 6579 669 2193 6580 680 2193 6581 285 2194 6582 259 2194 6583 727 2194 6584 272 2195 6585 342 2195 6586 577 2195 6587 275 2196 6588 697 2196 6589 720 2196 6590 137 2197 6591 857 2197 6592 845 2197 6593 288 2198 6594 601 2198 6595 612 2198 6596 83 2199 6597 899 2199 6598 887 2199 6599 184 2200 6600 802 2200 6601 792 2200 6602 154 2201 6603 818 2201 6604 828 2201 6605 137 2202 6606 112 2202 6607 870 2202 6608 3 2203 6609 9 2203 6610 553 2203 6611 9 2204 6612 6 2204 6613 551 2204 6614 547 2205 6615 550 2205 6616 5 2205 6617 6 2206 6618 5 2206 6619 550 2206 6620 546 2207 6621 552 2207 6622 10 2207 6623 272 2208 6624 641 2208 6625 629 2208 6626 500 2209 6627 901 2209 6628 1080 2209 6629 1039 2210 6630 1051 2210 6631 1054 2210 6632 1037 2211 6633 1042 2211 6634 1041 2211 6635 1046 2212 6636 1067 2212 6637 1066 2212 6638 1050 2213 6639 1049 2213 6640 1056 2213 6641 1055 2214 6642 1063 2214 6643 1059 2214 6644 1055 2215 6645 1071 2215 6646 1073 2215 6647 1047 2216 6648 1069 2216 6649 1071 2216 6650 1057 2217 6651 1081 2217 6652 1078 2217 6653 1048 2218 6654 1070 2218 6655 1069 2218 6656 1047 2219 6657 1055 2219 6658 1052 2219 6659 1049 2220 6660 1077 2220 6661 1084 2220 6662 1057 2221 6663 1061 2221 6664 1062 2221 6665 1059 2222 6666 1063 2222 6667 1064 2222 6668 1053 2223 6669 1061 2223 6670 1057 2223 6671 1060 2224 6672 1084 2224 6673 1083 2224 6674 1064 2225 6675 1074 2225 6676 1072 2225 6677 1049 2226 6678 1060 2226 6679 1064 2226 6680 1051 2227 6681 1058 2227 6682 1062 2227 6683 1049 2228 6684 1050 2228 6685 1078 2228 6686 1067 2229 6687 1068 2229 6688 1065 2229 6689 1072 2230 6690 1074 2230 6691 1073 2230 6692 1066 2231 6693 1065 2231 6694 1072 2231 6695 1070 2232 6696 1072 2232 6697 1071 2232 6698 1068 2233 6699 1076 2233 6700 1075 2233 6701 1063 2234 6702 1073 2234 6703 1074 2234 6704 1053 2235 6705 1056 2235 6706 1072 2235 6707 1045 2236 6708 1066 2236 6709 1070 2236 6710 1061 2237 6711 1075 2237 6712 1076 2237 6713 1062 2238 6714 1076 2238 6715 1068 2238 6716 1054 2239 6717 1068 2239 6718 1067 2239 6719 1053 2240 6720 1065 2240 6721 1075 2240 6722 498 2241 6723 595 2241 6724 1044 2241 6725 72 2242 6726 887 2242 6727 1042 2242 6728 501 2243 6729 902 2243 6730 1041 2243 6731 1052 2244 6732 1080 2244 6733 901 2244 6734 1051 2245 6735 1079 2245 6736 1082 2245 6737 1039 2246 6738 902 2246 6739 1079 2246 6740 1059 2247 6741 1083 2247 6742 1080 2247 6743 1039 2248 6744 1040 2248 6745 1041 2248 6746 1058 2249 6747 1082 2249 6748 1081 2249 6749 1037 2250 6750 1038 2250 6751 901 2250 6752 537 2251 6753 960 2251 6754 1043 2251 6755 414 2252 6756 1083 2252 6757 1084 2252 6758 419 2253 6759 418 2253 6760 1077 2253 6761 413 2254 6762 1082 2254 6763 1079 2254 6764 1042 2255 6765 53 2255 6766 542 2255 6767 542 2256 6768 52 2256 6769 1041 2256 6770 53 2257 6771 1042 2257 6772 901 2257 6773 415 2258 6774 1084 2258 6775 1077 2258 6776 412 2259 6777 1081 2259 6778 1082 2259 6779</p>
        </triangles>
      </mesh>
    </geometry>
  </library_geometries>
  <library_visual_scenes>
    <visual_scene id="Scene" name="Scene">
      <node id="Cube" name="Cube" type="NODE">
        <matrix sid="transform">1 0 0 0 0 1 0 0 0 0 1 0 0 0 0 1</matrix>
        <instance_geometry url="#Cube-mesh" name="Cube">
          <bind_material>
            <technique_common>
              <instance_material symbol="paintable-0-material" target="#paintable-0-material">
                <bind_vertex_input semantic="UVMap" input_semantic="TEXCOORD" input_set="0"/>
              </instance_material>
              <instance_material symbol="paintable-1-material" target="#paintable-1-material">
                <bind_vertex_input semantic="UVMap" input_semantic="TEXCOORD" input_set="0"/>
              </instance_material>
              <instance_material symbol="lightgrey-material" target="#lightgrey-material">
                <bind_vertex_input semantic="UVMap" input_semantic="TEXCOORD" input_set="0"/>
              </instance_material>
              <instance_material symbol="darkgrey-material" target="#darkgrey-material">
                <bind_vertex_input semantic="UVMap" input_semantic="TEXCOORD" input_set="0"/>
              </instance_material>
              <instance_material symbol="Material-material" target="#Material-material">
                <bind_vertex_input semantic="UVMap" input_semantic="TEXCOORD" input_set="0"/>
              </instance_material>
              <instance_material symbol="Material_001-material" target="#Material_001-material">
                <bind_vertex_input semantic="UVMap" input_semantic="TEXCOORD" input_set="0"/>
              </instance_material>
            </technique_common>
          </bind_material>
        </instance_geometry>
      </node>
    </visual_scene>
  </library_visual_scenes>
  <scene>
    <instance_visual_scene url="#Scene"/>
  </scene>
</COLLADA>