<?xml version="1.0" encoding="utf-8"?>
<COLLADA xmlns="http://www.collada.org/2005/11/COLLADASchema" version="1.4.1" xmlns:xsi="http://www.w3.org/2001/XMLSchema-instance">
  <asset>
    <contributor>
      <author>Blender User</author>
      <authoring_tool>Blender 4.2.23 LTS commit date:2026-07-20, commit time:13:44, hash:d0cbe84903e8</authoring_tool>
    </contributor>
    <created>2026-09-06T16:49:03</created>
    <modified>2026-09-06T16:49:03</modified>
    <unit name="meter" meter="1"/>
    <up_axis>Z_UP</up_axis>
  </asset>
  <library_effects>
    <effect id="paintable-0-effect">
      <profile_COMMON>
        <technique sid="common">
          <lambert>
            <emission>
              <color sid="emission">0 0 0 1</color>
            </emission>
            <diffuse>
              <color sid="diffuse">1 0.4969335 0 1</color>
            </diffuse>
            <index_of_refraction>
              <float sid="ior">1.45</float>
            </index_of_refraction>
          </lambert>
        </technique>
      </profile_COMMON>
    </effect>
    <effect id="paintable-1-effect">
      <profile_COMMON>
        <technique sid="common">
          <lambert>
            <emission>
              <color sid="emission">0 0 0 1</color>
            </emission>
            <diffuse>
              <color sid="diffuse">0.6104922 0.4910214 0 1</color>
            </diffuse>
            <index_of_refraction>
              <float sid="ior">1.5</float>
            </index_of_refraction>
          </lambert>
        </technique>
      </profile_COMMON>
    </effect>
    <effect id="lightgrey-effect">
      <profile_COMMON>
        <technique sid="common">
          <lambert>
            <emission>
              <color sid="emission">0 0 0 1</color>
            </emission>
            <diffuse>
              <color sid="diffuse">0.7835327 0.7835385 0.7835382 1</color>
            </diffuse>
            <index_of_refraction>
              <float sid="ior">1.5</float>
            </index_of_refraction>
          </lambert>
        </technique>
      </profile_COMMON>
    </effect>
    <effect id="darkgrey-effect">
      <profile_COMMON>
        <technique sid="common">
          <lambert>
            <emission>
              <color sid="emission">0 0 0 1</color>
            </emission>
            <diffuse>
              <color sid="diffuse">0.3371614 0.3371639 0.3371637 1</color>
            </diffuse>
            <index_of_refraction>
              <float sid="ior">1.5</float>
            </index_of_refraction>
          </lambert>
        </technique>
      </profile_COMMON>
    </effect>
    <effect id="Material-effect">
      <profile_COMMON>
        <technique sid="common">
          <lambert>
            <emission>
              <color sid="emission">0 0 0 1</color>
            </emission>
            <diffuse>
              <color sid="diffuse">1 0.4969335 0 1</color>
            </diffuse>
            <index_of_refraction>
              <float sid="ior">1.45</float>
            </index_of_refraction>
          </lambert>
        </technique>
      </profile_COMMON>
    </effect>
    <effect id="Material_001-effect">
      <profile_COMMON>
        <technique sid="common">
          <lambert>
            <emission>
              <color sid="emission">0 0 0 1</color>
            </emission>
            <diffuse>
              <color sid="diffuse">1 0.4969335 0 1</color>
            </diffuse>
            <index_of_refraction>
              <float sid="ior">1.45</float>
            </index_of_refraction>
          </lambert>
        </technique>
      </profile_COMMON>
    </effect>
  </library_effects>
  <library_images/>
  <library_materials>
    <material id="paintable-0-material" name="paintable-0">
      <instance_effect url="#paintable-0-effect"/>
    </material>
    <material id="paintable-1-material" name="paintable-1">
      <instance_effect url="#paintable-1-effect"/>
    </material>
    <material id="lightgrey-material" name="lightgrey">
      <instance_effect url="#lightgrey-effect"/>
    </material>
    <material id="darkgrey-material" name="darkgrey">
      <instance_effect url="#darkgrey-effect"/>
    </material>
    <material id="Material-material" name="Material">
      <instance_effect url="#Material-effect"/>
    </material>
    <material id="Material_001-material" name="Material.001">
      <instance_effect url="#Material_001-effect"/>
    </material>
  </library_materials>
  <library_geometries>
    <geometry id="Cube_001-mesh" name="Cube.001">
      <mesh>
        <source id="Cube_001-mesh-positions">
          <float_array id="Cube_001-mesh-positions-array" count="96">-0.209178 0.5050004 -0.125 0.2091779 0.5050004 -0.125 0.5050004 0.209178 -0.125 0.5050004 -0.2091779 -0.125 0.209178 -0.5050004 -0.125 -0.2091779 -0.5050004 -0.125 -0.5050004 -0.209178 -0.125 -0.5050004 0.2091779 -0.125 -0.2174623 0.5250003 -0.125 0.2174622 0.5250003 -0.125 0.2174622 0.5250003 -0.07499998 -0.2174623 0.5250003 -0.07499998 0.5250003 0.2174623 -0.125 0.5250003 0.2174623 -0.07499998 0.5250003 -0.2174622 -0.125 0.5250003 -0.2174622 -0.07499998 0.2174623 -0.5250003 -0.125 0.2174623 -0.5250003 -0.07499998 -0.2174622 -0.5250003 -0.125 -0.2174622 -0.5250003 -0.07499998 -0.5250003 -0.2174623 -0.125 -0.5250003 -0.2174623 -0.07499998 -0.5250003 0.2174622 -0.125 -0.5250003 0.2174622 -0.07499998 -0.209178 0.5050004 -0.07499998 0.2091779 0.5050004 -0.07499998 0.5050004 0.209178 -0.07499998 0.5050004 -0.2091779 -0.07499998 0.209178 -0.5050004 -0.07499998 -0.2091779 -0.5050004 -0.07499998 -0.5050004 -0.209178 -0.07499998 -0.5050004 0.2091779 -0.07499998</float_array>
          <technique_common>
            <accessor source="#Cube_001-mesh-positions-array" count="32" stride="3">
              <param name="X" type="float"/>
              <param name="Y" type="float"/>
              <param name="Z" type="float"/>
            </accessor>
          </technique_common>
        </source>
        <source id="Cube_001-mesh-normals">
          <float_array id="Cube_001-mesh-normals-array" count="192">0 1 0 0.7071068 0.7071068 0 1 0 0 0.7071068 -0.7071068 0 0 -1 0 -0.7071068 -0.7071068 0 -1 0 0 -0.7071068 0.7071068 0 0.7071068 -0.7071067 0 0 0 -1 0 0 1 0 0 -1 0 0 1 0 0 -1 0 0 1 0 0 -1 0 0 1 0 0 -1 0 0 1 0 0 -1 0 0 1 0 0 -1 0 0 1 0 0 -1 0 0 1 1 0 0 0.7071067 0.7071068 0 0 1 0 -0.7071068 0.7071067 0 -1 0 0 -0.7071067 -0.7071068 0 0 -1 0 0 1 0 0.7071068 0.7071068 0 1 0 0 0.7071068 -0.7071068 0 0 -1 0 -0.7071068 -0.7071068 0 -1 0 0 -0.7071068 0.7071068 0 0.7071068 -0.7071067 0 0 0 -1 0 0 1 0 0 -1 0 0 1 0 0 -1 0 0 1 0 0 -1 0 0 1 0 0 -1 0 0 1 0 0 -1 0 0 1 0 0 -1 0 0 1 0 0 -1 0 0 1 1 0 0 0.7071067 0.7071068 0 0 1 0 -0.7071068 0.7071067 0 -1 0 0 -0.7071067 -0.7071068 0 0 -1 0</float_array>
          <technique_common>
            <accessor source="#Cube_001-mesh-normals-array" count="64" stride="3">
              <param name="X" type="float"/>
              <param name="Y" type="float"/>
              <param name="Z" type="float"/>
            </accessor>
          </technique_common>
        </source>
        <source id="Cube_001-mesh-map-0">
          <float_array id="Cube_001-mesh-map-0-array" count="384">1 1 0.875 0.5 1 0.5 0.875 1 0.75 0.5 0.875 0.5 0.75 1 0.625 0.5 0.75 0.5 0.625 1 0.5 0.5 0.625 0.5 0.5 1 0.375 0.5 0.5 0.5 0.375 1 0.25 0.5 0.375 0.5 0.25 1 0.125 0.5 0.25 0.5 0.125 1 0 0.5 0.125 0.5 0.7500001 0.4808571 0.5867594 0.4132407 0.5867594 0.4132407 0.7500001 0.4808571 0.9197056 0.4197056 0.9132407 0.4132407 0.4132407 0.4132407 0.25 0.49 0.25 0.4808571 0.9132407 0.4132407 0.99 0.25 0.9808572 0.25 0.4808572 0.25 0.4197056 0.4197056 0.4132407 0.4132407 0.9808572 0.25 0.9197056 0.08029437 0.9132407 0.08675932 0.4132406 0.08675932 0.49 0.25 0.4808572 0.25 0.9132407 0.08675932 0.75 0.00999999 0.75 0.0191428 0.25 0.0191428 0.4197056 0.08029437 0.4132406 0.08675932 0.75 0.0191428 0.5802944 0.08029437 0.5867594 0.08675932 0.08675932 0.08675932 0.25 0.00999999 0.25 0.0191428 0.5867594 0.08675932 0.51 0.25 0.5191428 0.25 0.0191428 0.25 0.08029437 0.08029437 0.08675932 0.08675932 0.5191428 0.25 0.5802944 0.4197056 0.5867594 0.4132407 0.08675932 0.4132406 0.00999999 0.25 0.0191428 0.25 0.5867594 0.4132407 0.75 0.49 0.7500001 0.4808571 0.25 0.4808571 0.08029437 0.4197056 0.08675932 0.4132406 0.5867594 0.4132407 0.5191428 0.25 0.5191428 0.25 0.5191428 0.25 0.5867594 0.08675932 0.5867594 0.08675932 0.5867594 0.08675932 0.75 0.0191428 0.75 0.0191428 0.75 0.0191428 0.9132407 0.08675932 0.9132407 0.08675932 0.9132407 0.08675932 0.9808572 0.25 0.9808572 0.25 0.9808572 0.25 0.9132407 0.4132407 0.9132407 0.4132407 0.9132407 0.4132407 0.7500001 0.4808571 0.7500001 0.4808571 1 1 0.875 1 0.875 0.5 0.875 1 0.75 1 0.75 0.5 0.75 1 0.625 1 0.625 0.5 0.625 1 0.5 1 0.5 0.5 0.5 1 0.375 1 0.375 0.5 0.375 1 0.25 1 0.25 0.5 0.25 1 0.125 1 0.125 0.5 0.125 1 0 1 0 0.5 0.7500001 0.4808571 0.7500001 0.4808571 0.5867594 0.4132407 0.7500001 0.4808571 0.75 0.49 0.9197056 0.4197056 0.4132407 0.4132407 0.4197056 0.4197056 0.25 0.49 0.9132407 0.4132407 0.9197056 0.4197056 0.99 0.25 0.4808572 0.25 0.49 0.25 0.4197056 0.4197056 0.9808572 0.25 0.99 0.25 0.9197056 0.08029437 0.4132406 0.08675932 0.4197056 0.08029437 0.49 0.25 0.9132407 0.08675932 0.9197056 0.08029437 0.75 0.00999999 0.25 0.0191428 0.25 0.00999999 0.4197056 0.08029437 0.75 0.0191428 0.75 0.00999999 0.5802944 0.08029437 0.08675932 0.08675932 0.08029437 0.08029437 0.25 0.00999999 0.5867594 0.08675932 0.5802944 0.08029437 0.51 0.25 0.0191428 0.25 0.00999999 0.25 0.08029437 0.08029437 0.5191428 0.25 0.51 0.25 0.5802944 0.4197056 0.08675932 0.4132406 0.08029437 0.4197056 0.00999999 0.25 0.5867594 0.4132407 0.5802944 0.4197056 0.75 0.49 0.25 0.4808571 0.25 0.49 0.08029437 0.4197056 0.5867594 0.4132407 0.5867594 0.4132407 0.5191428 0.25 0.5191428 0.25 0.5191428 0.25 0.5867594 0.08675932 0.5867594 0.08675932 0.5867594 0.08675932 0.75 0.0191428 0.75 0.0191428 0.75 0.0191428 0.9132407 0.08675932 0.9132407 0.08675932 0.9132407 0.08675932 0.9808572 0.25 0.9808572 0.25 0.9808572 0.25 0.9132407 0.4132407 0.9132407 0.4132407 0.9132407 0.4132407 0.7500001 0.4808571</float_array>
          <technique_common>
            <accessor source="#Cube_001-mesh-map-0-array" count="192" stride="2">
              <param name="S" type="float"/>
              <param name="T" type="float"/>
            </accessor>
          </technique_common>
        </source>
        <vertices id="Cube_001-mesh-vertices">
          <input semantic="POSITION" source="#Cube_001-mesh-positions"/>
        </vertices>
        <triangles material="paintable-0-material" count="64">
          <input semantic="VERTEX" source="#Cube_001-mesh-vertices" offset="0"/>
          <input semantic="NORMAL" source="#Cube_001-mesh-normals" offset="1"/>
          <input semantic="TEXCOORD" source="#Cube_001-mesh-map-0" offset="2" set="0"/>
          <p>11 0 0 9 0 1 8 0 2 10 1 3 12 1 4 9 1 5 13 2 6 14 2 7 12 2 8 15 3 9 16 3 10 14 3 11 17 4 12 18 4 13 16 4 14 19 5 15 20 5 16 18 5 17 21 6 18 22 6 19 20 6 20 23 7 21 8 7 22 22 7 23 0 8 24 31 8 25 7 8 26 0 9 27 9 9 28 1 9 29 25 10 30 11 10 31 24 10 32 1 11 33 12 11 34 2 11 35 26 12 36 10 12 37 25 12 38 2 13 39 14 13 40 3 13 41 27 14 42 13 14 43 26 14 44 3 15 45 16 15 46 4 15 47 28 16 48 15 16 49 27 16 50 4 17 51 18 17 52 5 17 53 29 18 54 17 18 55 28 18 56 5 19 57 20 19 58 6 19 59 30 20 60 19 20 61 29 20 62 6 21 63 22 21 64 7 21 65 31 22 66 21 22 67 30 22 68 7 23 69 8 23 70 0 23 71 24 24 72 23 24 73 31 24 74 7 25 75 30 25 76 6 25 77 6 26 78 29 26 79 5 26 80 5 27 81 28 27 82 4 27 83 4 28 84 27 28 85 3 28 86 3 29 87 26 29 88 2 29 89 2 30 90 25 30 91 1 30 92 1 31 93 24 31 94 0 31 95 11 32 96 10 32 97 9 32 98 10 33 99 13 33 100 12 33 101 13 34 102 15 34 103 14 34 104 15 35 105 17 35 106 16 35 107 17 36 108 19 36 109 18 36 110 19 37 111 21 37 112 20 37 113 21 38 114 23 38 115 22 38 116 23 39 117 11 39 118 8 39 119 0 40 120 24 40 121 31 40 122 0 41 123 8 41 124 9 41 125 25 42 126 10 42 127 11 42 128 1 43 129 9 43 130 12 43 131 26 44 132 13 44 133 10 44 134 2 45 135 12 45 136 14 45 137 27 46 138 15 46 139 13 46 140 3 47 141 14 47 142 16 47 143 28 48 144 17 48 145 15 48 146 4 49 147 16 49 148 18 49 149 29 50 150 19 50 151 17 50 152 5 51 153 18 51 154 20 51 155 30 52 156 21 52 157 19 52 158 6 53 159 20 53 160 22 53 161 31 54 162 23 54 163 21 54 164 7 55 165 22 55 166 8 55 167 24 56 168 11 56 169 23 56 170 7 57 171 31 57 172 30 57 173 6 58 174 30 58 175 29 58 176 5 59 177 29 59 178 28 59 179 4 60 180 28 60 181 27 60 182 3 61 183 27 61 184 26 61 185 2 62 186 26 62 187 25 62 188 1 63 189 25 63 190 24 63 191</p>
        </triangles>
      </mesh>
    </geometry>
    <geometry id="Cube-mesh" name="Cube">
      <mesh>
        <source id="Cube-mesh-positions">
          <float_array id="Cube-mesh-positions-array" count="4722">-0.5549998 0.5749997 0.06499993 -0.5549998 0.5749997 0.07499992 -0.5549998 0.5749998 -0.07499998 -0.5549998 0.5749998 -0.06499999 -0.5549998 0.5249999 -0.06499999 -0.5549998 0.5249999 0.06499993 -0.5549998 0.5849997 -0.06499999 -0.5549998 0.5849997 -0.07499998 -0.5549998 0.5849997 0.07499992 0.06249958 -0.4741118 0.115 0.0258882 -0.4375 0.115 -0.02588814 -0.5625 0.115 0.0258882 -0.5625 0.115 0.06249958 -0.5258881 0.115 -0.06249952 -0.5258881 0.115 -0.06249952 -0.4741118 0.115 -0.02588814 -0.4375 0.115 0.245 -0.5849997 0.06499999 0.245 -0.5849997 -0.06499999 0.245 -0.525 0.06499999 0.245 -0.525 0.07499998 0.245 -0.5749998 0.07499998 0.245 -0.6249998 0.06499999 0.245 -0.6249998 -0.06499999 0.245 -0.6249998 -0.07499998 0.245 -0.5849997 -0.07499998 0.245 -0.5749998 -0.07499998 0.245 -0.5849997 0.07499998 0.245 -0.6249998 0.07499998 0.245 -0.5249999 -0.07499998 0.245 -0.5249999 -0.06499999 -0.5549998 0.5849997 0.06499993 -0.5649998 0.5749997 0.06499993 -0.5649998 0.5749998 -0.06499999 -0.5649998 0.5749998 -0.07499998 -0.5649998 0.5749997 0.07499992 -0.5649998 0.5849997 -0.06499999 -0.5649998 0.5849997 -0.07499998 -0.5649998 0.5849997 0.07499992 -0.5649998 0.5849997 0.06499993 -0.6249998 0.5749998 -0.06499999 -0.6249998 0.5749998 -0.07499998 -0.6249998 0.5749997 0.07499992 0.1450001 -0.5249999 -0.06499999 0.1450001 -0.5249999 -0.07499998 0.1450001 -0.6249998 0.07499998 0.1450001 -0.5849997 0.07499998 0.1450001 -0.5749998 -0.07499998 0.1450001 -0.5849997 -0.07499998 0.1450001 -0.6249998 -0.07499998 0.1450001 -0.6249998 -0.06499999 0.1450001 -0.6249998 0.06499999 0.1450001 -0.5749998 0.07499998 0.1450001 -0.525 0.07499998 0.1450001 -0.525 0.06499999 0.1450001 -0.5849997 -0.06499999 0.1450001 -0.5849997 0.06499999 0.255 -0.5249999 -0.06499999 0.255 -0.6249998 0.07499998 0.255 -0.5749998 -0.07499998 0.255 -0.6249998 -0.07499998 0.255 -0.6249998 0.06499999 0.255 -0.525 0.07499998 0.255 -0.5849997 0.06499999 0.255 -0.5249999 -0.07499998 0.255 -0.5849997 0.07499998 0.255 -0.5849997 -0.07499998 0.255 -0.6249998 -0.06499999 0.255 -0.5749998 0.07499998 0.255 -0.525 0.06499999 0.255 -0.5849997 -0.06499999 0.205 -0.5249999 -0.06499999 0.205 -0.6249998 0.07499998 0.205 -0.5749998 -0.07499998 0.205 -0.6249998 -0.07499998 0.205 -0.6249998 0.06499999 0.205 -0.525 0.07499998 0.205 -0.5849997 0.06499999 0.205 -0.5249999 -0.07499998 0.205 -0.5849997 0.07499998 0.205 -0.5849997 -0.07499998 0.205 -0.6249998 -0.06499999 0.205 -0.5749998 0.07499998 0.205 -0.525 0.06499999 0.205 -0.5849997 -0.06499999 0.04500007 -0.5849997 0.06499999 0.04500007 -0.5849997 -0.06499999 0.04500007 -0.525 0.06499999 0.04500007 -0.525 0.07499998 0.04500007 -0.5749998 0.07499998 0.04500007 -0.6249998 0.06499999 0.04500007 -0.6249998 -0.06499999 0.04500007 -0.6249998 -0.07499998 0.04500007 -0.5849997 -0.07499998 0.04500007 -0.5849997 0.07499998 0.04500007 -0.6249998 0.07499998 0.04500007 -0.5249999 -0.06499999 0.195 -0.5249999 -0.06499999 0.195 -0.5249999 -0.07499998 0.195 -0.6249998 0.07499998 0.195 -0.5849997 0.07499998 0.195 -0.5749998 -0.07499998 0.195 -0.5849997 -0.07499998 0.195 -0.6249998 -0.07499998 0.195 -0.6249998 -0.06499999 0.195 -0.6249998 0.06499999 0.195 -0.5749998 0.07499998 0.195 -0.525 0.07499998 0.195 -0.525 0.06499999 0.195 -0.5849997 -0.06499999 0.195 -0.5849997 0.06499999 0.155 -0.5249999 -0.06499999 0.155 -0.6249998 0.07499998 0.155 -0.5749998 -0.07499998 0.155 -0.6249998 -0.07499998 0.155 -0.6249998 0.06499999 0.155 -0.525 0.07499998 0.155 -0.5849997 0.06499999 0.155 -0.5249999 -0.07499998 0.155 -0.5849997 0.07499998 0.155 -0.5849997 -0.07499998 0.155 -0.6249998 -0.06499999 0.155 -0.5749998 0.07499998 0.155 -0.525 0.06499999 0.155 -0.5849997 -0.06499999 0.105 -0.5249999 -0.06499999 0.105 -0.6249998 0.07499998 0.105 -0.5749998 -0.07499998 0.105 -0.6249998 -0.07499998 0.105 -0.6249998 0.06499999 0.105 -0.5849997 0.06499999 0.105 -0.5849997 0.07499998 0.105 -0.5849997 -0.07499998 0.105 -0.6249998 -0.06499999 0.105 -0.525 0.06499999 0.105 -0.5849997 -0.06499999 -0.05499982 -0.5249999 -0.06499999 -0.05499982 -0.6249998 0.07499998 -0.05499982 -0.5849997 0.07499998 -0.05499982 -0.5849997 -0.07499998 -0.05499982 -0.6249998 -0.07499998 -0.05499982 -0.6249998 -0.06499999 -0.05499982 -0.6249998 0.06499999 -0.05499982 -0.5749998 0.07499998 -0.05499982 -0.525 0.07499998 -0.05499982 -0.525 0.06499999 -0.05499982 -0.5849997 -0.06499999 -0.05499982 -0.5849997 0.06499999 0.09500008 -0.5249999 -0.06499999 0.09500008 -0.6249998 0.07499998 0.09500008 -0.5849997 0.07499998 0.09500008 -0.5849997 -0.07499998 0.09500008 -0.6249998 -0.07499998 0.09500008 -0.6249998 -0.06499999 0.09500008 -0.6249998 0.06499999 0.09500008 -0.525 0.06499999 0.09500008 -0.5849997 -0.06499999 0.09500008 -0.5849997 0.06499999 0.05500006 -0.5249999 -0.06499999 0.05500006 -0.6249998 0.07499998 0.05500006 -0.6249998 -0.07499998 0.05500006 -0.6249998 0.06499999 0.05500006 -0.525 0.07499998 0.05500006 -0.5849997 0.06499999 0.05500006 -0.5849997 0.07499998 0.05500006 -0.5849997 -0.07499998 0.05500006 -0.6249998 -0.06499999 0.05500006 -0.5749998 0.07499998 0.05500006 -0.525 0.06499999 0.05500006 -0.5849997 -0.06499999 0.005000114 -0.5249999 -0.06499999 0.005000114 -0.6249998 0.07499998 0.005000114 -0.6249998 -0.07499998 0.005000114 -0.6249998 0.06499999 0.005000114 -0.525 0.07499998 0.005000114 -0.5849997 0.06499999 0.005000114 -0.5849997 0.07499998 0.005000114 -0.5849997 -0.07499998 0.005000114 -0.6249998 -0.06499999 0.005000114 -0.5749998 0.07499998 0.005000114 -0.525 0.06499999 0.005000114 -0.5849997 -0.06499999 -0.1549998 -0.5849997 0.06499999 -0.1549998 -0.5849997 -0.06499999 -0.1549998 -0.525 0.06499999 -0.1549998 -0.525 0.07499998 -0.1549998 -0.5749998 0.07499998 -0.1549998 -0.6249998 0.06499999 -0.1549998 -0.6249998 -0.06499999 -0.1549998 -0.6249998 -0.07499998 -0.1549998 -0.5849997 -0.07499998 -0.1549998 -0.5749998 -0.07499998 -0.1549998 -0.5849997 0.07499998 -0.1549998 -0.6249998 0.07499998 -0.1549998 -0.5249999 -0.07499998 -0.1549998 -0.5249999 -0.06499999 -0.004999876 -0.5249999 -0.06499999 -0.004999876 -0.6249998 0.07499998 -0.004999876 -0.5849997 0.07499998 -0.004999876 -0.5849997 -0.07499998 -0.004999876 -0.6249998 -0.07499998 -0.004999876 -0.6249998 -0.06499999 -0.004999876 -0.6249998 0.06499999 -0.004999876 -0.5749998 0.07499998 -0.004999876 -0.525 0.07499998 -0.004999876 -0.525 0.06499999 -0.004999876 -0.5849997 -0.06499999 -0.004999876 -0.5849997 0.06499999 -0.04499983 -0.5249999 -0.06499999 -0.04499983 -0.6249998 0.07499998 -0.04499983 -0.6249998 -0.07499998 -0.04499983 -0.6249998 0.06499999 -0.04499983 -0.525 0.07499998 -0.04499983 -0.5849997 0.06499999 -0.04499983 -0.5849997 0.07499998 -0.04499983 -0.5849997 -0.07499998 -0.04499983 -0.6249998 -0.06499999 -0.04499983 -0.5749998 0.07499998 -0.04499983 -0.525 0.06499999 -0.04499983 -0.5849997 -0.06499999 -0.09499984 -0.5249999 -0.06499999 -0.09499984 -0.6249998 0.07499998 -0.09499984 -0.6249998 -0.07499998 -0.09499984 -0.6249998 0.06499999 0.09500008 -0.5749998 0.07499998 -0.09499984 -0.5849997 0.06499999 -0.09499984 -0.5849997 0.07499998 -0.09499984 -0.5849997 -0.07499998 -0.09499984 -0.6249998 -0.06499999 0.09500008 -0.525 0.07499998 -0.09499984 -0.525 0.06499999 -0.09499984 -0.5849997 -0.06499999 -0.2549998 -0.5249999 -0.06499999 -0.2549998 -0.5249999 -0.07499998 -0.2549998 -0.6249998 0.07499998 -0.2549998 -0.5849997 0.07499998 -0.2549998 -0.5749998 -0.07499998 -0.2549998 -0.5849997 -0.07499998 -0.2549998 -0.6249998 -0.07499998 -0.2549998 -0.6249998 -0.06499999 -0.2549998 -0.6249998 0.06499999 -0.2549998 -0.5749998 0.07499998 -0.2549998 -0.525 0.07499998 -0.2549998 -0.525 0.06499999 -0.2549998 -0.5849997 -0.06499999 -0.2549998 -0.5849997 0.06499999 -0.1049998 -0.5249999 -0.06499999 -0.1049998 -0.6249998 0.07499998 -0.1049998 -0.5849997 0.07499998 -0.1049998 -0.5749998 -0.07499998 -0.1049998 -0.5849997 -0.07499998 -0.1049998 -0.6249998 -0.07499998 -0.1049998 -0.6249998 -0.06499999 -0.1049998 -0.6249998 0.06499999 0.105 -0.5749998 0.07499998 0.105 -0.525 0.07499998 -0.1049998 -0.525 0.06499999 -0.1049998 -0.5849997 -0.06499999 -0.1049998 -0.5849997 0.06499999 -0.1449998 -0.5249999 -0.06499999 -0.1449998 -0.6249998 0.07499998 -0.1449998 -0.5749998 -0.07499998 -0.1449998 -0.6249998 -0.07499998 -0.1449998 -0.6249998 0.06499999 -0.1449998 -0.525 0.07499998 -0.1449998 -0.5849997 0.06499999 -0.1449998 -0.5249999 -0.07499998 -0.1449998 -0.5849997 0.07499998 -0.1449998 -0.5849997 -0.07499998 -0.1449998 -0.6249998 -0.06499999 -0.1449998 -0.5749998 0.07499998 -0.1449998 -0.525 0.06499999 -0.1449998 -0.5849997 -0.06499999 -0.1949998 -0.5249999 -0.06499999 -0.1949998 -0.6249998 0.07499998 -0.1949998 -0.5749998 -0.07499998 -0.1949998 -0.6249998 -0.07499998 -0.1949998 -0.6249998 0.06499999 -0.1949998 -0.525 0.07499998 -0.1949998 -0.5849997 0.06499999 -0.1949998 -0.5249999 -0.07499998 -0.1949998 -0.5849997 0.07499998 -0.1949998 -0.5849997 -0.07499998 -0.1949998 -0.6249998 -0.06499999 -0.1949998 -0.5749998 0.07499998 -0.1949998 -0.525 0.06499999 -0.1949998 -0.5849997 -0.06499999 -0.2049998 -0.5249999 -0.06499999 -0.2049998 -0.5249999 -0.07499998 -0.2049998 -0.6249998 0.07499998 -0.2049998 -0.5849997 0.07499998 -0.2049998 -0.5749998 -0.07499998 -0.2049998 -0.5849997 -0.07499998 -0.2049998 -0.6249998 -0.07499998 -0.2049998 -0.6249998 -0.06499999 -0.2049998 -0.6249998 0.06499999 -0.2049998 -0.5749998 0.07499998 -0.2049998 -0.525 0.07499998 -0.2049998 -0.525 0.06499999 -0.2049998 -0.5849997 -0.06499999 -0.2049998 -0.5849997 0.06499999 -0.2449998 -0.5249999 -0.06499999 -0.2449998 -0.6249998 0.07499998 -0.2449998 -0.5749998 -0.07499998 -0.2449998 -0.6249998 -0.07499998 -0.2449998 -0.6249998 0.06499999 -0.2449998 -0.525 0.07499998 -0.2449998 -0.5849997 0.06499999 -0.2449998 -0.5249999 -0.07499998 -0.2449998 -0.5849997 0.07499998 -0.2449998 -0.5849997 -0.07499998 -0.2449998 -0.6249998 -0.06499999 -0.2449998 -0.5749998 0.07499998 -0.2449998 -0.525 0.06499999 -0.2449998 -0.5849997 -0.06499999 -0.3449997 -0.5849997 -0.06499999 -0.3449997 -0.525 0.06499999 -0.3449997 -0.5749998 0.07499998 -0.3449997 -0.6249998 -0.06499999 -0.3449997 -0.5849997 -0.07499998 -0.3449997 -0.5849997 0.07499998 -0.3449997 -0.5249999 -0.07499998 -0.3449997 -0.5849997 0.06499999 -0.3449997 -0.525 0.07499998 -0.3449997 -0.6249998 0.06499999 -0.3449997 -0.6249998 -0.07499998 -0.3449997 -0.5749998 -0.07499998 -0.3449997 -0.6249998 0.07499998 -0.3449997 -0.5249999 -0.06499999 0.04500007 -0.525 0.08499997 0.005000114 -0.525 0.08499997 0.04500007 -0.5749998 0.08499997 0.005000114 -0.5749998 0.08499997 -0.09499984 -0.5749998 0.08499997 -0.05499982 -0.5749998 0.08499997 -0.05499982 -0.525 0.08499997 0.05500006 -0.5749998 0.08499997 0.09500008 -0.5749998 0.08499997 0.09500008 -0.525 0.08499997 0.05500006 -0.525 0.08499997 -0.09499984 -0.525 0.08499997 -0.04499983 -0.5749998 0.08499997 -0.004999876 -0.5749998 0.08499997 -0.004999876 -0.525 0.08499997 -0.04499983 -0.525 0.08499997 -0.0184915 -0.5625 0.115 -0.01109486 -0.5625 0.115 -0.003698229 -0.5625 0.115 0.003698289 -0.5625 0.115 0.01109492 -0.5625 0.115 0.01849156 -0.5625 0.115 0.01849156 -0.4375 0.115 0.01109492 -0.4375 0.115 0.003698289 -0.4375 0.115 -0.003698229 -0.4375 0.115 -0.01109486 -0.4375 0.115 -0.0184915 -0.4375 0.115 0.06249958 -0.4741118 0.125 0.0258882 -0.4375 0.125 -0.02588814 -0.5625 0.125 0.0258882 -0.5625 0.125 0.06249958 -0.5258881 0.125 -0.06249952 -0.5258881 0.125 -0.06249952 -0.4741118 0.125 -0.02588814 -0.4375 0.125 -0.0184915 -0.5625 0.125 -0.01109486 -0.5625 0.125 -0.003698229 -0.5625 0.125 0.003698289 -0.5625 0.125 0.01109492 -0.5625 0.125 0.01849156 -0.5625 0.125 0.01849156 -0.4375 0.125 0.01109492 -0.4375 0.125 0.003698289 -0.4375 0.125 -0.003698229 -0.4375 0.125 -0.01109486 -0.4375 0.125 -0.0184915 -0.4375 0.125 -0.09499984 -0.525 0.07499998 -0.09499984 -0.5749998 0.07499998 -0.1049998 -0.525 0.07499998 -0.1049998 -0.5749998 0.07499998 -0.6249998 0.5749997 0.06499993 -0.6249998 0.5849997 -0.06499999 -0.6249998 0.5849997 -0.07499998 -0.6249998 0.5849997 0.07499992 -0.6249998 0.5849997 0.06499993 -0.5649998 0.6249997 -0.06499999 -0.5549998 0.6249997 -0.06499999 -0.6249998 -0.5249999 -0.06499999 -0.6249998 -0.5249999 -0.07499998 -0.6249998 -0.525 0.07499998 -0.6249998 -0.525 0.06499999 -0.5649998 -0.5249999 -0.07499998 -0.5649998 -0.525 0.07499998 -0.5649998 -0.525 0.06499999 -0.5649998 -0.5249999 -0.06499999 -0.6249998 -0.6249998 0.07499998 -0.6249998 -0.6249998 0.06499999 -0.6249998 -0.6249997 -0.06499999 -0.1139088 -0.5250002 -0.07499998 0.1139088 -0.5250002 -0.07499998 0.1050001 -0.5250002 -0.07499998 0.09500014 -0.5250002 -0.07499998 0.05500012 -0.5250002 -0.07499998 0.04500013 -0.5250002 -0.07499998 0.005000114 -0.5250002 -0.07499998 -0.004999816 -0.5250002 -0.07499998 -0.04499977 -0.5250002 -0.07499998 -0.05499976 -0.5250002 -0.07499998 -0.09499979 -0.5250002 -0.07499998 -0.1049997 -0.5250002 -0.07499998 0.09499973 0.5749998 -0.07499998 0.05499976 0.5749998 -0.07499998 0.04499977 0.5749998 -0.07499998 0.004999756 0.5749998 -0.07499998 -0.005000174 0.5749998 -0.07499998 -0.04500013 0.5749998 -0.07499998 -0.05500012 0.5749998 -0.07499998 -0.09500014 0.5749998 -0.07499998 -0.6249998 -0.6249997 -0.07499998 -0.5649998 -0.6249997 -0.06499999 -0.5649998 -0.6249997 -0.07499998 -0.06249958 0.4741118 0.115 -0.0258882 0.4375 0.115 0.02588808 0.5625 0.115 -0.0258882 0.5625 0.115 -0.06249958 0.5258881 0.115 0.06249946 0.5258881 0.115 0.06249946 0.4741118 0.115 0.02588808 0.4375 0.115 -0.245 0.5849997 0.06499999 -0.245 0.5849997 -0.06499999 -0.245 0.5249999 0.06499999 -0.245 0.5249999 0.07499998 -0.245 0.5749998 0.07499998 -0.245 0.6249997 0.06499999 -0.245 0.6249997 -0.06499999 -0.245 0.6249997 -0.07499998 -0.245 0.5849997 -0.07499998 -0.245 0.5749998 -0.07499998 -0.245 0.5849997 0.07499998 -0.245 0.6249997 0.07499998 -0.245 0.5249999 -0.07499998 -0.245 0.5249999 -0.06499999 -0.1450001 0.5249999 -0.06499999 -0.1450001 0.5249999 -0.07499998 -0.1450001 0.6249998 0.07499998 -0.1450001 0.5849997 0.07499998 -0.1450001 0.5749998 -0.07499998 -0.1450001 0.5849997 -0.07499998 -0.1450001 0.6249998 -0.07499998 -0.1450001 0.6249998 -0.06499999 -0.1450001 0.6249998 0.06499999 -0.1450001 0.5749998 0.07499998 -0.1450001 0.525 0.07499998 -0.1450001 0.525 0.06499999 -0.1450001 0.5849997 -0.06499999 -0.1450001 0.5849997 0.06499999 -0.3549997 -0.5849997 0.06499999 -0.3549997 -0.5849997 -0.06499999 -0.3549997 -0.525 0.06499999 -0.3549997 -0.525 0.07499998 -0.3549997 -0.5749998 0.07499998 -0.3549997 -0.6249998 0.06499999 -0.3549997 -0.6249998 -0.06499999 -0.3549997 -0.6249998 -0.07499998 -0.3549997 -0.5849997 -0.07499998 -0.3549997 -0.5749998 -0.07499998 -0.3549997 -0.5849997 0.07499998 -0.3549997 -0.6249998 0.07499998 -0.3549997 -0.5249999 -0.07499998 -0.3549997 -0.5249999 -0.06499999 -0.2550001 0.5249999 -0.06499999 -0.2550001 0.6249997 0.07499998 -0.2550001 0.5749998 -0.07499998 -0.2550001 0.6249997 -0.07499998 -0.2550001 0.6249997 0.06499999 -0.2550001 0.5249999 0.07499998 -0.2550001 0.5849997 0.06499999 -0.2550001 0.5249999 -0.07499998 -0.2550001 0.5849997 0.07499998 -0.2550001 0.5849997 -0.07499998 -0.2550001 0.6249997 -0.06499999 -0.2550001 0.5749998 0.07499998 -0.2550001 0.5249999 0.06499999 -0.2550001 0.5849997 -0.06499999 -0.2050001 0.5249999 -0.06499999 -0.2050001 0.6249997 0.07499998 -0.2050001 0.5749998 -0.07499998 -0.2050001 0.6249997 -0.07499998 -0.2050001 0.6249997 0.06499999 -0.2050001 0.5249999 0.07499998 -0.2050001 0.5849997 0.06499999 -0.2050001 0.5249999 -0.07499998 -0.2050001 0.5849997 0.07499998 -0.2050001 0.5849997 -0.07499998 -0.2050001 0.6249997 -0.06499999 -0.2050001 0.5749998 0.07499998 -0.2050001 0.5249999 0.06499999 -0.2050001 0.5849997 -0.06499999 -0.04500013 0.5849997 0.06499999 -0.04500013 0.5849997 -0.06499999 -0.04500007 0.525 0.06499999 -0.04500007 0.525 0.07499998 -0.04500013 0.5749998 0.07499998 -0.04500013 0.6249998 0.06499999 -0.04500013 0.6249998 -0.06499999 -0.04500013 0.6249998 -0.07499998 -0.04500013 0.5849997 -0.07499998 -0.04500013 0.5849997 0.07499998 -0.04500013 0.6249998 0.07499998 -0.04500007 0.5249999 -0.06499999 -0.1950001 0.5249999 -0.06499999 -0.1950001 0.5249999 -0.07499998 -0.1950001 0.6249997 0.07499998 -0.1950001 0.5849997 0.07499998 -0.1950001 0.5749998 -0.07499998 -0.1950001 0.5849997 -0.07499998 -0.1950001 0.6249997 -0.07499998 -0.1950001 0.6249997 -0.06499999 -0.1950001 0.6249997 0.06499999 -0.1950001 0.5749998 0.07499998 -0.1950001 0.5249999 0.07499998 -0.1950001 0.5249999 0.06499999 -0.1950001 0.5849997 -0.06499999 -0.1950001 0.5849997 0.06499999 -0.155 0.5249999 -0.06499999 -0.155 0.6249998 0.07499998 -0.155 0.5749998 -0.07499998 -0.155 0.6249998 -0.07499998 -0.155 0.6249998 0.06499999 -0.155 0.525 0.07499998 -0.155 0.5849997 0.06499999 -0.155 0.5249999 -0.07499998 -0.155 0.5849997 0.07499998 -0.155 0.5849997 -0.07499998 -0.155 0.6249998 -0.06499999 -0.155 0.5749998 0.07499998 -0.155 0.525 0.06499999 -0.155 0.5849997 -0.06499999 -0.1050001 0.5249999 -0.06499999 -0.1050001 0.6249998 0.07499998 -0.1050001 0.5749998 -0.07499998 -0.1050001 0.6249998 -0.07499998 -0.1050001 0.6249998 0.06499999 -0.1050001 0.5849997 0.06499999 -0.1050001 0.5849997 0.07499998 -0.1050001 0.5849997 -0.07499998 -0.1050001 0.6249998 -0.06499999 -0.1050001 0.525 0.06499999 -0.1050001 0.5849997 -0.06499999 0.05499982 0.5249999 -0.06499999 0.05499982 0.6249998 0.07499998 0.05499982 0.5849997 0.07499998 0.05499982 0.5849997 -0.07499998 0.05499982 0.6249998 -0.07499998 0.05499982 0.6249998 -0.06499999 0.05499982 0.6249998 0.06499999 0.05499982 0.5749998 0.07499998 0.05499982 0.525 0.07499998 0.05499982 0.525 0.06499999 0.05499982 0.5849997 -0.06499999 0.05499982 0.5849997 0.06499999 -0.09500008 0.5249999 -0.06499999 -0.09500008 0.6249998 0.07499998 -0.09500008 0.5849997 0.07499998 -0.09500008 0.5849997 -0.07499998 -0.09500008 0.6249998 -0.07499998 -0.09500008 0.6249998 -0.06499999 -0.09500008 0.6249998 0.06499999 -0.09500008 0.525 0.06499999 -0.09500008 0.5849997 -0.06499999 -0.09500008 0.5849997 0.06499999 -0.05500006 0.5249999 -0.06499999 -0.05500012 0.6249998 0.07499998 -0.05500012 0.6249998 -0.07499998 -0.05500012 0.6249998 0.06499999 -0.05500006 0.525 0.07499998 -0.05500012 0.5849997 0.06499999 -0.05500012 0.5849997 0.07499998 -0.05500012 0.5849997 -0.07499998 -0.05500012 0.6249998 -0.06499999 -0.05500012 0.5749998 0.07499998 -0.05500006 0.525 0.06499999 -0.05500012 0.5849997 -0.06499999 -0.005000114 0.5249999 -0.06499999 -0.005000114 0.6249998 0.07499998 -0.005000114 0.6249998 -0.07499998 -0.005000114 0.6249998 0.06499999 -0.005000114 0.525 0.07499998 -0.005000114 0.5849997 0.06499999 -0.005000114 0.5849997 0.07499998 -0.005000114 0.5849997 -0.07499998 -0.005000114 0.6249998 -0.06499999 -0.005000114 0.5749998 0.07499998 -0.005000114 0.525 0.06499999 -0.005000114 0.5849997 -0.06499999 0.1549997 0.5849997 0.06499999 0.1549997 0.5849997 -0.06499999 0.1549997 0.525 0.06499999 0.1549997 0.525 0.07499998 0.1549997 0.5749998 0.07499998 0.1549997 0.6249998 0.06499999 0.1549997 0.6249998 -0.06499999 0.1549997 0.6249998 -0.07499998 0.1549997 0.5849997 -0.07499998 0.1549997 0.5749998 -0.07499998 0.1549997 0.5849997 0.07499998 0.1549997 0.6249998 0.07499998 0.1549997 0.5249999 -0.07499998 0.1549997 0.5249999 -0.06499999 0.004999816 0.5249999 -0.06499999 0.004999816 0.6249998 0.07499998 0.004999816 0.5849997 0.07499998 0.004999816 0.5849997 -0.07499998 0.004999816 0.6249998 -0.07499998 0.004999816 0.6249998 -0.06499999 0.004999816 0.6249998 0.06499999 0.004999816 0.5749998 0.07499998 0.004999816 0.525 0.07499998 0.004999816 0.525 0.06499999 0.004999816 0.5849997 -0.06499999 0.004999816 0.5849997 0.06499999 0.04499983 0.5249999 -0.06499999 0.04499983 0.6249998 0.07499998 0.04499983 0.6249998 -0.07499998 0.04499983 0.6249998 0.06499999 0.04499983 0.525 0.07499998 0.04499983 0.5849997 0.06499999 0.04499983 0.5849997 0.07499998 0.04499983 0.5849997 -0.07499998 0.04499983 0.6249998 -0.06499999 0.04499983 0.5749998 0.07499998 0.04499983 0.525 0.06499999 0.04499983 0.5849997 -0.06499999 0.09499979 0.5249999 -0.06499999 0.09499979 0.6249998 0.07499998 0.09499979 0.6249998 -0.07499998 0.09499979 0.6249998 0.06499999 -0.09500008 0.5749998 0.07499998 0.09499979 0.5849997 0.06499999 0.09499979 0.5849997 0.07499998 0.09499979 0.5849997 -0.07499998 0.09499979 0.6249998 -0.06499999 -0.09500008 0.525 0.07499998 0.09499979 0.525 0.06499999 0.09499979 0.5849997 -0.06499999 0.2549997 0.525 -0.06499999 0.2549997 0.525 -0.07499998 0.2549997 0.6249998 0.07499998 0.2549997 0.5849997 0.07499998 0.2549997 0.5749998 -0.07499998 0.2549997 0.5849997 -0.07499998 0.2549997 0.6249998 -0.07499998 0.2549997 0.6249998 -0.06499999 0.2549997 0.6249998 0.06499999 0.2549997 0.5749998 0.07499998 0.2549997 0.525 0.07499998 0.2549997 0.525 0.06499999 0.2549997 0.5849997 -0.06499999 0.2549997 0.5849997 0.06499999 0.1049998 0.5249999 -0.06499999 0.1049998 0.6249998 0.07499998 0.1049998 0.5849997 0.07499998 0.1049998 0.5749998 -0.07499998 0.1049998 0.5849997 -0.07499998 0.1049998 0.6249998 -0.07499998 0.1049998 0.6249998 -0.06499999 0.1049998 0.6249998 0.06499999 -0.1050001 0.5749998 0.07499998 -0.1050001 0.525 0.07499998 0.1049998 0.525 0.06499999 0.1049998 0.5849997 -0.06499999 0.1049998 0.5849997 0.06499999 0.1449998 0.5249999 -0.06499999 0.1449998 0.6249998 0.07499998 0.1449998 0.5749998 -0.07499998 0.1449998 0.6249998 -0.07499998 0.1449998 0.6249998 0.06499999 0.1449998 0.525 0.07499998 0.1449998 0.5849997 0.06499999 0.1449998 0.5249999 -0.07499998 0.1449998 0.5849997 0.07499998 0.1449998 0.5849997 -0.07499998 0.1449998 0.6249998 -0.06499999 0.1449998 0.5749998 0.07499998 0.1449998 0.525 0.06499999 0.1449998 0.5849997 -0.06499999 0.1949998 0.525 -0.06499999 0.1949998 0.6249998 0.07499998 0.1949998 0.5749998 -0.07499998 0.1949998 0.6249998 -0.07499998 0.1949998 0.6249998 0.06499999 0.1949998 0.525 0.07499998 0.1949998 0.5849997 0.06499999 0.1949998 0.525 -0.07499998 0.1949998 0.5849997 0.07499998 0.1949998 0.5849997 -0.07499998 0.1949998 0.6249998 -0.06499999 0.1949998 0.5749998 0.07499998 0.1949998 0.525 0.06499999 0.1949998 0.5849997 -0.06499999 0.2049998 0.525 -0.06499999 0.2049998 0.525 -0.07499998 0.2049998 0.6249998 0.07499998 0.2049998 0.5849997 0.07499998 0.2049998 0.5749998 -0.07499998 0.2049998 0.5849997 -0.07499998 0.2049998 0.6249998 -0.07499998 0.2049998 0.6249998 -0.06499999 0.2049998 0.6249998 0.06499999 0.2049998 0.5749998 0.07499998 0.2049998 0.525 0.07499998 0.2049998 0.525 0.06499999 0.2049998 0.5849997 -0.06499999 0.2049998 0.5849997 0.06499999 0.2449997 0.525 -0.06499999 0.2449997 0.6249998 0.07499998 0.2449997 0.5749998 -0.07499998 0.2449997 0.6249998 -0.07499998 0.2449997 0.6249998 0.06499999 0.2449997 0.525 0.07499998 0.2449997 0.5849997 0.06499999 0.2449997 0.525 -0.07499998 0.2449997 0.5849997 0.07499998 0.2449997 0.5849997 -0.07499998 0.2449997 0.6249998 -0.06499999 0.2449997 0.5749998 0.07499998 0.2449997 0.525 0.06499999 0.2449997 0.5849997 -0.06499999 -0.5549998 -0.6249997 -0.06499999 -0.5549998 -0.6249997 -0.07499998 -0.04500007 0.525 0.08499997 -0.005000114 0.525 0.08499997 -0.04500013 0.5749998 0.08499997 -0.005000114 0.5749998 0.08499997 0.09499979 0.5749998 0.08499997 0.05499982 0.5749998 0.08499997 0.05499982 0.525 0.08499997 -0.05500012 0.5749998 0.08499997 -0.09500008 0.5749998 0.08499997 -0.09500008 0.525 0.08499997 -0.05500006 0.525 0.08499997 0.09499979 0.525 0.08499997 0.04499983 0.5749998 0.08499997 0.004999816 0.5749998 0.08499997 0.004999816 0.525 0.08499997 0.04499983 0.525 0.08499997 0.01849144 0.5625 0.115 0.01109486 0.5625 0.115 0.003698229 0.5625 0.115 -0.003698348 0.5625 0.115 -0.01109498 0.5625 0.115 -0.01849156 0.5625 0.115 -0.01849156 0.4375 0.115 -0.01109492 0.4375 0.115 -0.003698348 0.4375 0.115 0.003698229 0.4375 0.115 0.01109486 0.4375 0.115 0.0184915 0.4375 0.115 -0.06249958 0.4741118 0.125 -0.0258882 0.4375 0.125 0.02588808 0.5625 0.125 -0.0258882 0.5625 0.125 -0.06249958 0.5258881 0.125 0.06249946 0.5258881 0.125 0.06249946 0.4741118 0.125 0.02588808 0.4375 0.125 0.01849144 0.5625 0.125 0.01109486 0.5625 0.125 0.003698229 0.5625 0.125 -0.003698348 0.5625 0.125 -0.01109498 0.5625 0.125 -0.01849156 0.5625 0.125 -0.01849156 0.4375 0.125 -0.01109492 0.4375 0.125 -0.003698348 0.4375 0.125 0.003698229 0.4375 0.125 0.01109486 0.4375 0.125 0.0184915 0.4375 0.125 0.09499979 0.525 0.07499998 0.09499979 0.5749998 0.07499998 0.1049998 0.525 0.07499998 0.1049998 0.5749998 0.07499998 0.1139087 0.5250002 -0.07499998 -0.1139088 0.5250002 -0.07499998 -0.1050001 0.5250002 -0.07499998 -0.09500014 0.5250002 -0.07499998 -0.05500012 0.5250002 -0.07499998 -0.04500013 0.5250002 -0.07499998 -0.005000174 0.5250002 -0.07499998 0.004999756 0.5250002 -0.07499998 0.04499977 0.5250002 -0.07499998 0.05499976 0.5250002 -0.07499998 0.09499973 0.5250002 -0.07499998 0.1049997 0.5250002 -0.07499998 -0.5649998 -0.6249998 0.07499998 -0.5549998 -0.6249998 0.07499998 -0.5549998 -0.6249998 0.06499999 -0.5649998 -0.6249998 0.06499999 -0.6249998 -0.5849997 -0.06499999 -0.6249998 -0.5849997 -0.07499998 -0.6249998 -0.5849997 0.07499998 -0.6249998 -0.5849997 0.06499999 -0.6249998 -0.5749997 -0.06499999 -0.6249998 -0.5749997 -0.07499998 -0.6249998 -0.5749998 0.07499998 -0.6249998 -0.5749998 0.06499999 -0.5649998 -0.5849997 -0.06499999 -0.5649998 -0.5849997 -0.07499998 -0.5649998 -0.5849997 0.07499998 -0.5649998 -0.5849997 0.06499999 -0.5649998 -0.5749997 -0.07499998 -0.5649998 -0.5749998 0.07499998 -0.5649998 -0.5749998 0.06499999 -0.5649998 -0.5749997 -0.06499999 -0.5549998 -0.5849997 -0.06499999 -0.5549998 -0.5849997 -0.07499998 -0.5549998 -0.5849997 0.07499998 -0.5549998 -0.5849997 0.06499999 -0.5549998 -0.5249999 -0.06499999 -0.5549998 -0.525 0.06499999 -0.5549998 -0.5749998 0.06499999 -0.5549998 -0.5749998 0.07499998 -0.5549998 -0.5749997 -0.07499998 -0.5549998 -0.5749997 -0.06499999 -0.5549998 -0.525 0.07499998 -0.5549998 -0.5249999 -0.07499998 0.2949998 0.5849997 -0.06499999 0.2949998 0.525 0.06499999 0.2949998 0.5749998 0.07499998 0.2949998 0.6249998 -0.06499999 0.2949998 0.5849997 -0.07499998 0.2949998 0.5849997 0.07499998 0.2949998 0.525 -0.07499998 0.5549998 -0.6249998 -0.06499999 0.5649998 -0.6249998 -0.06499999 0.6249998 -0.5849997 0.06499993 0.6249998 -0.5849997 0.07499992 0.6249998 -0.5849997 -0.07499998 0.6249998 -0.5849997 -0.06499999 0.6249998 -0.5749997 0.06499993 0.6249998 -0.5749997 0.07499992 0.6249998 -0.5749998 -0.07499998 0.6249998 -0.5749998 -0.06499999 0.5649998 -0.5849997 0.06499993 0.5649998 -0.5849997 0.07499992 0.5649998 -0.5849997 -0.07499998 0.5649998 -0.5849997 -0.06499999 0.5649998 -0.5749997 0.07499992 0.5649998 -0.5749998 -0.07499998 0.5649998 -0.5749998 -0.06499999 0.5649998 -0.5749997 0.06499993 0.5549998 -0.5849997 0.06499993 0.5549998 -0.5849997 0.07499992 0.5549998 -0.5849997 -0.07499998 0.5549998 -0.5849997 -0.06499999 0.5549998 -0.5249999 0.06499993 0.5549998 -0.525 -0.06499999 0.5549998 -0.5749998 -0.06499999 0.5549998 -0.5749998 -0.07499998 0.5549998 -0.5749997 0.07499992 0.5549998 -0.5749997 0.06499993 0.6249998 -0.5249999 0.06499993 0.6249998 -0.5249999 0.07499992 0.6249998 -0.525 -0.07499998 0.6249998 -0.525 -0.06499999 0.5649998 -0.5249999 0.07499992 0.5649998 -0.525 -0.07499998 0.5649998 -0.525 -0.06499999 0.5649998 -0.5249999 0.06499993 0.6249998 -0.6249998 -0.07499998 0.6249998 -0.6249998 -0.06499999 0.6249998 -0.6249997 0.06499993 0.6249998 -0.6249997 0.07499992 0.5649998 -0.6249997 0.06499993 0.5649998 -0.6249997 0.07499992 0.5549998 -0.6249997 0.06499993 0.5549998 -0.6249997 0.07499992 0.5649998 -0.6249998 -0.07499998 0.5549998 -0.6249998 -0.07499998 0.5549998 -0.525 -0.07499998 0.5549998 -0.5249999 0.07499992 0.5549998 -0.5249999 0 0.5549998 0.525 -0.07499998 0.5549998 0.525 0.07499998 0.5549998 0.5749997 -0.06499999 0.5549998 0.5749997 -0.07499998 0.5549998 0.5749998 0.07499998 0.5549998 0.5749998 0.06499999 0.5549998 0.525 0.06499999 0.5549998 0.525 -0.06499999 0.5549998 0.5849997 0.06499999 0.5549998 0.5849997 0.07499998 0.5549998 0.5849997 -0.07499998 0.5549998 0.5849997 -0.06499999 0.5649998 0.5749997 -0.06499999 0.5649998 0.5749998 0.06499999 0.5649998 0.5749998 0.07499998 0.5649998 0.5749997 -0.07499998 0.5649998 0.5849997 0.06499999 0.5649998 0.5849997 0.07499998 0.5649998 0.5849997 -0.07499998 0.5649998 0.5849997 -0.06499999 0.6249998 0.5749998 0.06499999 0.6249998 0.5749998 0.07499998 0.6249998 0.5749997 -0.07499998 0.6249998 0.5749997 -0.06499999 0.6249998 0.5849997 0.06499999 0.6249998 0.5849997 0.07499998 0.6249998 0.5849997 -0.07499998 0.6249998 0.5849997 -0.06499999 0.5649998 0.6249998 0.06499999 0.5549998 0.6249998 0.06499999 0.5549998 0.6249998 0.07499998 0.5649998 0.6249998 0.07499998 0.5549998 0.6249998 -0.07499998 0.5549998 0.6249998 -0.06499999 0.5649998 0.6249998 -0.07499998 0.5649998 0.6249998 -0.06499999 0.6249998 0.6249998 -0.07499998 0.6249998 0.6249998 -0.06499999 0.6249998 0.6249998 0.06499999 0.6249998 0.6249998 0.07499998 0.5649998 0.525 -0.06499999 0.5649998 0.525 0.06499999 0.5649998 0.525 0.07499998 0.5649998 0.525 -0.07499998 0.6249998 0.525 0.06499999 0.6249998 0.525 0.07499998 0.6249998 0.525 -0.07499998 0.6249998 0.525 -0.06499999 0.2949998 0.5849997 0.06499999 0.2949998 0.525 0.07499998 0.2949998 0.6249998 0.06499999 0.2949998 0.6249998 -0.07499998 0.2949998 0.5749998 -0.07499998 0.2949998 0.6249998 0.07499998 0.2949998 0.525 -0.06499999 -0.6249998 0.5249999 0.06499993 -0.6249998 0.5249999 0.07499992 -0.6249998 0.5249999 -0.07499998 -0.6249998 0.5249999 -0.06499999 -0.5649998 0.5249999 0.07499992 -0.5649998 0.5249999 -0.07499998 -0.5649998 0.5249999 -0.06499999 -0.5649998 0.5249999 0.06499993 -0.6249998 0.6249997 -0.07499998 -0.6249998 0.6249997 -0.06499999 -0.6249998 0.6249997 0.06499993 -0.6249998 0.6249997 0.07499992 -0.5649998 0.6249997 0.06499993 -0.5649998 0.6249997 0.07499992 -0.5549998 0.6249997 0.06499993 -0.5549998 0.6249997 0.07499992 -0.5649998 0.6249997 -0.07499998 -0.5549998 0.6249997 -0.07499998 -0.5549998 0.5249999 -0.07499998 -0.5549998 0.5249999 0.07499992 -0.5549998 0.5249999 0 -0.3049998 -0.5249999 -0.06499999 -0.3049998 -0.5249999 -0.07499998 -0.3049998 -0.6249998 0.07499998 -0.3049998 -0.5849997 0.07499998 -0.3049998 -0.5749998 -0.07499998 -0.3049998 -0.5849997 -0.07499998 -0.3049998 -0.6249998 -0.07499998 -0.3049998 -0.6249998 -0.06499999 -0.3049998 -0.6249998 0.06499999 -0.3049998 -0.5749998 0.07499998 -0.3049998 -0.525 0.07499998 -0.3049998 -0.525 0.06499999 -0.3049998 -0.5849997 -0.06499999 -0.3049998 -0.5849997 0.06499999 -0.2949998 -0.5249999 -0.06499999 -0.2949998 -0.6249998 0.07499998 -0.2949998 -0.5749998 -0.07499998 -0.2949998 -0.6249998 -0.07499998 -0.2949998 -0.6249998 0.06499999 -0.2949998 -0.525 0.07499998 -0.2949998 -0.5849997 0.06499999 -0.2949998 -0.5249999 -0.07499998 -0.2949998 -0.5849997 0.07499998 -0.2949998 -0.5849997 -0.07499998 -0.2949998 -0.6249998 -0.06499999 -0.2949998 -0.5749998 0.07499998 -0.2949998 -0.525 0.06499999 -0.2949998 -0.5849997 -0.06499999 -0.4049997 -0.5249999 -0.06499999 -0.4049997 -0.5249999 -0.07499998 -0.4049997 -0.6249998 0.07499998 -0.4049997 -0.5849997 0.07499998 -0.4049997 -0.5749998 -0.07499998 -0.4049997 -0.5849997 -0.07499998 -0.4049997 -0.6249998 -0.07499998 -0.4049997 -0.6249998 -0.06499999 -0.4049997 -0.6249998 0.06499999 -0.4049997 -0.5749998 0.07499998 -0.4049997 -0.525 0.07499998 -0.4049997 -0.525 0.06499999 -0.4049997 -0.5849997 -0.06499999 -0.4049997 -0.5849997 0.06499999 -0.295 0.5849997 0.06499999 -0.295 0.5849997 -0.06499999 -0.295 0.5249999 0.06499999 -0.295 0.5249999 0.07499998 -0.295 0.5749998 0.07499998 -0.295 0.6249997 0.06499999 -0.295 0.6249997 -0.06499999 -0.295 0.6249997 -0.07499998 -0.295 0.5849997 -0.07499998 -0.295 0.5749998 -0.07499998 -0.295 0.5849997 0.07499998 -0.295 0.6249997 0.07499998 -0.295 0.5249999 -0.07499998 -0.295 0.5249999 -0.06499999 -0.3949997 -0.5249999 -0.06499999 -0.3949997 -0.6249998 0.07499998 -0.3949997 -0.5749998 -0.07499998 -0.3949997 -0.6249998 -0.07499998 -0.3949997 -0.6249998 0.06499999 -0.3949997 -0.525 0.07499998 -0.3949997 -0.5849997 0.06499999 -0.3949997 -0.5249999 -0.07499998 -0.3949997 -0.5849997 0.07499998 -0.3949997 -0.5849997 -0.07499998 -0.3949997 -0.6249998 -0.06499999 -0.3949997 -0.5749998 0.07499998 -0.3949997 -0.525 0.06499999 -0.3949997 -0.5849997 -0.06499999 -0.3050001 0.5249999 -0.06499999 -0.3050001 0.6249997 0.07499998 -0.3050001 0.5749998 -0.07499998 -0.3050001 0.6249997 -0.07499998 -0.3050001 0.6249997 0.06499999 -0.3050001 0.5249999 0.07499998 -0.3050001 0.5849997 0.06499999 -0.3050001 0.5249999 -0.07499998 -0.3050001 0.5849997 0.07499998 -0.3050001 0.5849997 -0.07499998 -0.3050001 0.6249997 -0.06499999 -0.3050001 0.5749998 0.07499998 -0.3050001 0.5249999 0.06499999 -0.3050001 0.5849997 -0.06499999 0.3049997 0.5849997 0.06499999 0.3049997 0.5849997 -0.06499999 0.3049997 0.525 0.06499999 0.3049997 0.525 0.07499998 0.3049997 0.5749998 0.07499998 0.3049997 0.6249998 0.06499999 0.3049997 0.6249998 -0.06499999 0.3049997 0.6249998 -0.07499998 0.3049997 0.5849997 -0.07499998 0.3049997 0.5749998 -0.07499998 0.3049997 0.5849997 0.07499998 0.3049997 0.6249998 0.07499998 0.3049997 0.525 -0.07499998 0.3049997 0.525 -0.06499999 -0.345 0.5849997 0.06499999 -0.345 0.5849997 -0.06499999 -0.345 0.5249999 0.06499999 -0.345 0.5249999 0.07499998 -0.345 0.5749998 0.07499998 -0.345 0.6249997 0.06499999 -0.345 0.6249997 -0.06499999 -0.345 0.6249997 -0.07499998 -0.345 0.5849997 -0.07499998 -0.345 0.5749998 -0.07499998 -0.345 0.5849997 0.07499998 -0.345 0.6249997 0.07499998 -0.345 0.5249999 -0.07499998 -0.345 0.5249999 -0.06499999 -0.4549996 -0.5849997 0.06499999 -0.4549996 -0.5849997 -0.06499999 -0.4549996 -0.525 0.06499999 -0.4549996 -0.525 0.07499998 -0.4549996 -0.5749998 0.07499998 -0.4549996 -0.6249998 0.06499999 -0.4549996 -0.6249998 -0.06499999 -0.4549996 -0.6249998 -0.07499998 -0.4549996 -0.5849997 -0.07499998 -0.4549996 -0.5749998 -0.07499998 -0.4549996 -0.5849997 0.07499998 -0.4549996 -0.6249998 0.07499998 -0.4549996 -0.5249999 -0.07499998 -0.4549996 -0.5249999 -0.06499999 -0.355 0.5249999 -0.06499999 -0.355 0.6249997 0.07499998 -0.355 0.5749998 -0.07499998 -0.355 0.6249997 -0.07499998 -0.355 0.6249997 0.06499999 -0.355 0.5249999 0.07499998 -0.355 0.5849997 0.06499999 -0.355 0.5249999 -0.07499998 -0.355 0.5849997 0.07499998 -0.355 0.5849997 -0.07499998 -0.355 0.6249997 -0.06499999 -0.355 0.5749998 0.07499998 -0.355 0.5249999 0.06499999 -0.355 0.5849997 -0.06499999 -0.4449996 -0.5249999 -0.06499999 -0.4449996 -0.6249998 0.07499998 -0.4449996 -0.5749998 -0.07499998 -0.4449996 -0.6249998 -0.07499998 -0.4449996 -0.6249998 0.06499999 -0.4449996 -0.525 0.07499998 -0.4449996 -0.5849997 0.06499999 -0.4449996 -0.5249999 -0.07499998 -0.4449996 -0.5849997 0.07499998 -0.4449996 -0.5849997 -0.07499998 -0.4449996 -0.6249998 -0.06499999 -0.4449996 -0.5749998 0.07499998 -0.4449996 -0.525 0.06499999 -0.4449996 -0.5849997 -0.06499999 -0.3949999 0.5849997 0.06499999 -0.3949999 0.5849997 -0.06499999 -0.3949999 0.5249999 0.06499999 -0.3949999 0.5249999 0.07499998 -0.3949999 0.5749998 0.07499998 -0.3949999 0.6249997 0.06499999 -0.3949999 0.6249997 -0.06499999 -0.3949999 0.6249997 -0.07499998 -0.3949999 0.5849997 -0.07499998 -0.3949999 0.5749998 -0.07499998 -0.3949999 0.5849997 0.07499998 -0.3949999 0.6249997 0.07499998 -0.3949999 0.5249999 -0.07499998 -0.3949999 0.5249999 -0.06499999 0.305 -0.5849997 -0.06499999 0.305 -0.525 0.06499999 0.305 -0.5749998 0.07499998 0.305 -0.6249998 -0.06499999 0.305 -0.5849997 -0.07499998 0.305 -0.5849997 0.07499998 0.305 -0.5249999 -0.07499998 0.305 -0.5849997 0.06499999 0.305 -0.525 0.07499998 0.305 -0.6249998 0.06499999 0.305 -0.6249998 -0.07499998 0.305 -0.5749998 -0.07499998 0.305 -0.6249998 0.07499998 0.305 -0.5249999 -0.06499999 -0.405 0.5249999 -0.06499999 -0.405 0.6249997 0.07499998 -0.405 0.5749998 -0.07499998 -0.405 0.6249997 -0.07499998 -0.405 0.6249997 0.06499999 -0.405 0.5249999 0.07499998 -0.405 0.5849997 0.06499999 -0.405 0.5249999 -0.07499998 -0.405 0.5849997 0.07499998 -0.405 0.5849997 -0.07499998 -0.405 0.6249997 -0.06499999 -0.405 0.5749998 0.07499998 -0.405 0.5249999 0.06499999 -0.405 0.5849997 -0.06499999 -0.4449999 0.5849997 0.06499999 -0.4449999 0.5849997 -0.06499999 -0.4449999 0.5249999 0.06499999 -0.4449999 0.5249999 0.07499998 -0.4449999 0.5749998 0.07499998 -0.4449999 0.6249997 0.06499999 -0.4449999 0.6249997 -0.06499999 -0.4449999 0.6249997 -0.07499998 -0.4449999 0.5849997 -0.07499998 -0.4449999 0.5749998 -0.07499998 -0.4449999 0.5849997 0.07499998 -0.4449999 0.6249997 0.07499998 -0.4449999 0.5249999 -0.07499998 -0.4449999 0.5249999 -0.06499999 0.295 -0.5249999 -0.06499999 0.295 -0.5249999 -0.07499998 0.295 -0.6249998 0.07499998 0.295 -0.5849997 0.07499998 0.295 -0.5749998 -0.07499998 0.295 -0.5849997 -0.07499998 0.295 -0.6249998 -0.07499998 0.295 -0.6249998 -0.06499999 0.295 -0.6249998 0.06499999 0.295 -0.5749998 0.07499998 0.295 -0.525 0.07499998 0.295 -0.525 0.06499999 0.295 -0.5849997 -0.06499999 0.295 -0.5849997 0.06499999 -0.4549999 0.5249999 -0.06499999 -0.4549999 0.6249997 0.07499998 -0.4549999 0.5749998 -0.07499998 -0.4549999 0.6249997 -0.07499998 -0.4549999 0.6249997 0.06499999 -0.4549999 0.5249999 0.07499998 -0.4549999 0.5849997 0.06499999 -0.4549999 0.5249999 -0.07499998 -0.4549999 0.5849997 0.07499998 -0.4549999 0.5849997 -0.07499998 -0.4549999 0.6249997 -0.06499999 -0.4549999 0.5749998 0.07499998 -0.4549999 0.5249999 0.06499999 -0.4549999 0.5849997 -0.06499999 -0.4949996 -0.5849997 -0.06499999 -0.4949996 -0.525 0.06499999 -0.4949996 -0.5749998 0.07499998 -0.4949996 -0.6249998 -0.06499999 -0.4949996 -0.5849997 -0.07499998 -0.4949996 -0.5849997 0.07499998 -0.4949996 -0.5249999 -0.07499998 -0.4949996 -0.5849997 0.06499999 -0.4949996 -0.525 0.07499998 -0.4949996 -0.6249998 0.06499999 -0.4949996 -0.6249998 -0.07499998 -0.4949996 -0.5749998 -0.07499998 -0.4949996 -0.6249998 0.07499998 -0.4949996 -0.5249999 -0.06499999 -0.5049996 -0.5849997 0.06499999 -0.5049996 -0.5849997 -0.06499999 -0.5049996 -0.525 0.06499999 -0.5049996 -0.525 0.07499998 -0.5049996 -0.5749998 0.07499998 -0.5049996 -0.6249998 0.06499999 -0.5049996 -0.6249998 -0.06499999 -0.5049996 -0.6249998 -0.07499998 -0.5049996 -0.5849997 -0.07499998 -0.5049996 -0.5749998 -0.07499998 -0.5049996 -0.5849997 0.07499998 -0.5049996 -0.6249998 0.07499998 -0.5049996 -0.5249999 -0.07499998 -0.5049996 -0.5249999 -0.06499999 -0.5449995 -0.5249999 -0.06499999 -0.5449995 -0.6249998 0.07499998 -0.5449995 -0.5749998 -0.07499998 -0.5449995 -0.6249998 -0.07499998 -0.5449995 -0.6249998 0.06499999 -0.5449995 -0.525 0.07499998 -0.5449995 -0.5849997 0.06499999 -0.5449995 -0.5249999 -0.07499998 -0.5449995 -0.5849997 0.07499998 -0.5449995 -0.5849997 -0.07499998 -0.5449995 -0.6249998 -0.06499999 -0.5449995 -0.5749998 0.07499998 -0.5449995 -0.525 0.06499999 -0.5449995 -0.5849997 -0.06499999 -0.4949998 0.5849997 0.06499999 -0.4949998 0.5849997 -0.06499999 -0.4949998 0.5249999 0.06499999 -0.4949998 0.5249999 0.07499998 -0.4949998 0.5749998 0.07499998 -0.4949998 0.6249997 0.06499999 -0.4949998 0.6249997 -0.06499999 -0.4949998 0.6249997 -0.07499998 -0.4949998 0.5849997 -0.07499998 -0.4949998 0.5749998 -0.07499998 -0.4949998 0.5849997 0.07499998 -0.4949998 0.6249997 0.07499998 -0.4949998 0.5249999 -0.07499998 -0.4949998 0.5249999 -0.06499999 -0.5449998 0.5249999 -0.06499999 -0.5449998 0.5249999 -0.07499998 -0.5449998 0.6249997 0.07499998 -0.5449998 0.5849997 0.07499998 -0.5449998 0.5749998 -0.07499998 -0.5449998 0.5849997 -0.07499998 -0.5449998 0.6249997 -0.07499998 -0.5449998 0.6249997 -0.06499999 -0.5449998 0.6249997 0.06499999 -0.5449998 0.5749998 0.07499998 -0.5449998 0.5249999 0.07499998 -0.5449998 0.5249999 0.06499999 -0.5449998 0.5849997 -0.06499999 -0.5449998 0.5849997 0.06499999 -0.5049999 0.5249999 -0.06499999 -0.5049999 0.6249997 0.07499998 -0.5049999 0.5749998 -0.07499998 -0.5049999 0.6249997 -0.07499998 -0.5049999 0.6249997 0.06499999 -0.5049999 0.5249999 0.07499998 -0.5049999 0.5849997 0.06499999 -0.5049999 0.5249999 -0.07499998 -0.5049999 0.5849997 0.07499998 -0.5049999 0.5849997 -0.07499998 -0.5049999 0.6249997 -0.06499999 -0.5049999 0.5749998 0.07499998 -0.5049999 0.5249999 0.06499999 -0.5049999 0.5849997 -0.06499999 0.3449998 0.5849997 -0.06499999 0.3449998 0.525 0.06499999 0.3449998 0.5749998 0.07499998 0.3449998 0.6249998 -0.06499999 0.3449998 0.5849997 -0.07499998 0.3449998 0.5849997 0.07499998 0.3449998 0.525 -0.07499998 0.3449998 0.5849997 0.06499999 0.3449998 0.525 0.07499998 0.3449998 0.6249998 0.06499999 0.3449998 0.6249998 -0.07499998 0.3449998 0.5749998 -0.07499998 0.3449998 0.6249998 0.07499998 0.3449998 0.525 -0.06499999 0.3549997 0.5849997 0.06499999 0.3549997 0.5849997 -0.06499999 0.3549997 0.525 0.06499999 0.3549997 0.525 0.07499998 0.3549997 0.5749998 0.07499998 0.3549997 0.6249998 0.06499999 0.3549997 0.6249998 -0.06499999 0.3549997 0.6249998 -0.07499998 0.3549997 0.5849997 -0.07499998 0.3549997 0.5749998 -0.07499998 0.3549997 0.5849997 0.07499998 0.3549997 0.6249998 0.07499998 0.3549997 0.525 -0.07499998 0.3549997 0.525 -0.06499999 0.355 -0.5849997 -0.06499999 0.355 -0.525 0.06499999 0.355 -0.5749998 0.07499998 0.355 -0.6249998 -0.06499999 0.355 -0.5849997 -0.07499998 0.355 -0.5849997 0.07499998 0.355 -0.5249999 -0.07499998 0.355 -0.5849997 0.06499999 0.355 -0.525 0.07499998 0.355 -0.6249998 0.06499999 0.355 -0.6249998 -0.07499998 0.355 -0.5749998 -0.07499998 0.355 -0.6249998 0.07499998 0.355 -0.5249999 -0.06499999 0.345 -0.5249999 -0.06499999 0.345 -0.5249999 -0.07499998 0.345 -0.6249998 0.07499998 0.345 -0.5849997 0.07499998 0.345 -0.5749998 -0.07499998 0.345 -0.5849997 -0.07499998 0.345 -0.6249998 -0.07499998 0.345 -0.6249998 -0.06499999 0.345 -0.6249998 0.06499999 0.345 -0.5749998 0.07499998 0.345 -0.525 0.07499998 0.345 -0.525 0.06499999 0.345 -0.5849997 -0.06499999 0.345 -0.5849997 0.06499999 0.3949998 0.5849997 -0.06499999 0.3949998 0.525 0.06499999 0.3949998 0.5749998 0.07499998 0.3949998 0.6249998 -0.06499999 0.3949998 0.5849997 -0.07499998 0.3949998 0.5849997 0.07499998 0.3949998 0.525 -0.07499998 0.3949998 0.5849997 0.06499999 0.3949998 0.525 0.07499998 0.3949998 0.6249998 0.06499999 0.3949998 0.6249998 -0.07499998 0.3949998 0.5749998 -0.07499998 0.3949998 0.6249998 0.07499998 0.3949998 0.525 -0.06499999 0.4049997 0.5849997 0.06499999 0.4049997 0.5849997 -0.06499999 0.4049997 0.525 0.06499999 0.4049997 0.525 0.07499998 0.4049997 0.5749998 0.07499998 0.4049997 0.6249998 0.06499999 0.4049997 0.6249998 -0.06499999 0.4049997 0.6249998 -0.07499998 0.4049997 0.5849997 -0.07499998 0.4049997 0.5749998 -0.07499998 0.4049997 0.5849997 0.07499998 0.4049997 0.6249998 0.07499998 0.4049997 0.525 -0.07499998 0.4049997 0.525 -0.06499999 0.405 -0.5849997 -0.06499999 0.405 -0.525 0.06499999 0.405 -0.5749998 0.07499998 0.405 -0.6249998 -0.06499999 0.405 -0.5849997 -0.07499998 0.405 -0.5849997 0.07499998 0.405 -0.5249999 -0.07499998 0.405 -0.5849997 0.06499999 0.405 -0.525 0.07499998 0.405 -0.6249998 0.06499999 0.405 -0.6249998 -0.07499998 0.405 -0.5749998 -0.07499998 0.405 -0.6249998 0.07499998 0.405 -0.5249999 -0.06499999 0.3950001 -0.5249999 -0.06499999 0.3950001 -0.5249999 -0.07499998 0.3950001 -0.6249998 0.07499998 0.3950001 -0.5849997 0.07499998 0.3950001 -0.5749998 -0.07499998 0.3950001 -0.5849997 -0.07499998 0.3950001 -0.6249998 -0.07499998 0.3950001 -0.6249998 -0.06499999 0.3950001 -0.6249998 0.06499999 0.3950001 -0.5749998 0.07499998 0.3950001 -0.525 0.07499998 0.3950001 -0.525 0.06499999 0.3950001 -0.5849997 -0.06499999 0.3950001 -0.5849997 0.06499999 0.4449998 0.5849997 -0.06499999 0.4449998 0.525 0.06499999 0.4449998 0.5749998 0.07499998 0.4449998 0.6249998 -0.06499999 0.4449998 0.5849997 -0.07499998 0.4449998 0.5849997 0.07499998 0.4449998 0.525 -0.07499998 0.4449998 0.5849997 0.06499999 0.4449998 0.525 0.07499998 0.4449998 0.6249998 0.06499999 0.4449998 0.6249998 -0.07499998 0.4449998 0.5749998 -0.07499998 0.4449998 0.6249998 0.07499998 0.4449998 0.525 -0.06499999 0.4549998 0.5849997 0.06499999 0.4549998 0.5849997 -0.06499999 0.4549998 0.525 0.06499999 0.4549998 0.525 0.07499998 0.4549998 0.5749998 0.07499998 0.4549998 0.6249998 0.06499999 0.4549998 0.6249998 -0.06499999 0.4549998 0.6249998 -0.07499998 0.4549998 0.5849997 -0.07499998 0.4549998 0.5749998 -0.07499998 0.4549998 0.5849997 0.07499998 0.4549998 0.6249998 0.07499998 0.4549998 0.525 -0.07499998 0.4549998 0.525 -0.06499999 0.4550001 -0.5849997 -0.06499999 0.4550001 -0.525 0.06499999 0.4550001 -0.5749998 0.07499998 0.4550001 -0.6249998 -0.06499999 0.4550001 -0.5849997 -0.07499998 0.4550001 -0.5849997 0.07499998 0.4550001 -0.5249999 -0.07499998 0.4550001 -0.5849997 0.06499999 0.4550001 -0.525 0.07499998 0.4550001 -0.6249998 0.06499999 0.4550001 -0.6249998 -0.07499998 0.4550001 -0.5749998 -0.07499998 0.4550001 -0.6249998 0.07499998 0.4550001 -0.5249999 -0.06499999 0.4450001 -0.5249999 -0.06499999 0.4450001 -0.5249999 -0.07499998 0.4450001 -0.6249998 0.07499998 0.4450001 -0.5849997 0.07499998 0.4450001 -0.5749998 -0.07499998 0.4450001 -0.5849997 -0.07499998 0.4450001 -0.6249998 -0.07499998 0.4450001 -0.6249998 -0.06499999 0.4450001 -0.6249998 0.06499999 0.4450001 -0.5749998 0.07499998 0.4450001 -0.525 0.07499998 0.4450001 -0.525 0.06499999 0.4450001 -0.5849997 -0.06499999 0.4450001 -0.5849997 0.06499999 0.545 0.5849997 -0.06499999 0.545 0.525 0.06499999 0.545 0.5749998 0.07499998 0.545 0.6249998 -0.06499999 0.545 0.5849997 -0.07499998 0.545 0.5849997 0.07499998 0.545 0.525 -0.07499998 0.545 0.5849997 0.06499999 0.545 0.525 0.07499998 0.545 0.6249998 0.06499999 0.545 0.6249998 -0.07499998 0.545 0.5749998 -0.07499998 0.545 0.6249998 0.07499998 0.545 0.525 -0.06499999 0.4949998 0.5849997 -0.06499999 0.4949998 0.525 0.06499999 0.4949998 0.5749998 0.07499998 0.4949998 0.6249998 -0.06499999 0.4949998 0.5849997 -0.07499998 0.4949998 0.5849997 0.07499998 0.4949998 0.525 -0.07499998 0.4949998 0.5849997 0.06499999 0.4949998 0.525 0.07499998 0.4949998 0.6249998 0.06499999 0.4949998 0.6249998 -0.07499998 0.4949998 0.5749998 -0.07499998 0.4949998 0.6249998 0.07499998 0.4949998 0.525 -0.06499999 0.5049999 0.5849997 0.06499999 0.5049999 0.5849997 -0.06499999 0.5049999 0.525 0.06499999 0.5049999 0.525 0.07499998 0.5049999 0.5749998 0.07499998 0.5049999 0.6249998 0.06499999 0.5049999 0.6249998 -0.06499999 0.5049999 0.6249998 -0.07499998 0.5049999 0.5849997 -0.07499998 0.5049999 0.5749998 -0.07499998 0.5049999 0.5849997 0.07499998 0.5049999 0.6249998 0.07499998 0.5049999 0.525 -0.07499998 0.5049999 0.525 -0.06499999 0.5050001 -0.5849997 -0.06499999 0.5050001 -0.525 0.06499999 0.5050001 -0.5749998 0.07499998 0.5050001 -0.6249998 -0.06499999 0.5050001 -0.5849997 -0.07499998 0.5050001 -0.5849997 0.07499998 0.5050001 -0.5249999 -0.07499998 0.5050001 -0.5849997 0.06499999 0.5050001 -0.525 0.07499998 0.5050001 -0.6249998 0.06499999 0.5050001 -0.6249998 -0.07499998 0.5050001 -0.5749998 -0.07499998 0.5050001 -0.6249998 0.07499998 0.5050001 -0.5249999 -0.06499999 0.5450002 -0.5849997 0.06499999 0.5450002 -0.5849997 -0.06499999 0.5450002 -0.525 0.06499999 0.5450002 -0.525 0.07499998 0.5450002 -0.5749998 0.07499998 0.5450002 -0.6249998 0.06499999 0.5450002 -0.6249998 -0.06499999 0.5450002 -0.6249998 -0.07499998 0.5450002 -0.5849997 -0.07499998 0.5450002 -0.5749998 -0.07499998 0.5450002 -0.5849997 0.07499998 0.5450002 -0.6249998 0.07499998 0.5450002 -0.5249999 -0.07499998 0.5450002 -0.5249999 -0.06499999 0.4950001 -0.5249999 -0.06499999 0.4950001 -0.5249999 -0.07499998 0.4950001 -0.6249998 0.07499998 0.4950001 -0.5849997 0.07499998 0.4950001 -0.5749998 -0.07499998 0.4950001 -0.5849997 -0.07499998 0.4950001 -0.6249998 -0.07499998 0.4950001 -0.6249998 -0.06499999 0.4950001 -0.6249998 0.06499999 0.4950001 -0.5749998 0.07499998 0.4950001 -0.525 0.07499998 0.4950001 -0.525 0.06499999 0.4950001 -0.5849997 -0.06499999 0.4950001 -0.5849997 0.06499999 -0.09499979 -0.5749998 -0.07499998 -0.05499976 -0.5749998 -0.07499998 -0.04499977 -0.5749998 -0.07499998 -0.004999816 -0.5749998 -0.07499998 0.005000114 -0.5749998 -0.07499998 0.04500013 -0.5749998 -0.07499998 0.05500012 -0.5749998 -0.07499998 0.09500014 -0.5749998 -0.07499998 -0.09500014 0.5250002 -0.125 -0.09500014 0.5749998 -0.125 -0.05500012 0.5749998 -0.125 -0.05500012 0.5250002 -0.125 -0.04500013 0.5250002 -0.125 -0.04500013 0.5749998 -0.125 -0.005000174 0.5749998 -0.125 -0.005000174 0.5250002 -0.125 0.004999756 0.5250002 -0.125 0.004999756 0.5749998 -0.125 0.04499977 0.5749998 -0.125 0.04499977 0.5250002 -0.125 0.05499976 0.5250002 -0.125 0.05499976 0.5749998 -0.125 0.09499973 0.5749998 -0.125 0.09499973 0.5250002 -0.125 0.09500014 -0.5250002 -0.125 0.05500012 -0.5250002 -0.125 0.04500013 -0.5250002 -0.125 0.005000114 -0.5250002 -0.125 -0.004999816 -0.5250002 -0.125 -0.04499977 -0.5250002 -0.125 -0.05499976 -0.5250002 -0.125 -0.09499979 -0.5250002 -0.125 0.09500014 -0.5749998 -0.125 0.005000114 -0.5749998 -0.125 -0.004999816 -0.5749998 -0.125 -0.04499977 -0.5749998 -0.125 -0.05499976 -0.5749998 -0.125 -0.09499979 -0.5749998 -0.125 0.05500012 -0.5749998 -0.125 0.04500013 -0.5749998 -0.125</float_array>
          <technique_common>
            <accessor source="#Cube-mesh-positions-array" count="1574" stride="3">
              <param name="X" type="float"/>
              <param name="Y" type="float"/>
              <param name="Z" type="float"/>
            </accessor>
          </technique_common>
        </source>
        <source id="Cube-mesh-normals">
          <float_array id="Cube-mesh-normals-array" count="9756">0 0 -1 1 0 0 0 1 0 -1 0 0 1 2.27065e-7 0 0 0 -1 7.45041e-7 0 1 -1 0 0 -7.45041e-7 0 -1 -1 0 0 0 0 1 0 0 1 0 -1.49012e-7 1 0 1.49012e-7 -1 0 1.49012e-7 -1 0 -1.49012e-7 1 1 0 0 -1 0 0 1 0 0 0 0 1 0 0 -1 -1 0 0 0 -1 0 0 -1.49012e-7 1 -2.98024e-6 0 1 0 0 1 2.98024e-6 0 -1 1 0 0 0 1 0 0 0 -1 0 1 0 0 0 1 -2.98024e-6 0 1 -1 0 0 0 -1 0 -2.98023e-6 0 1 1 0 0 2.98023e-6 1.49012e-7 -1 0 0 1 2.98023e-6 0 -1 0 -1 0 0 -1 0 0 0 -1 0 0 -1 0 0 1 0 0 1 0 1 9.16994e-7 0 0 -1 0 0 -1 0 0 -1 0 0 -1 0 0 1 0 0 1 0 1 0 0 1 0 0 0 1 0 0 1 0 -1 0 0 -1 0 0 -1 0 0 -1 0 0 0 -1 0 0 -1 0 0 1 0 0 1 0 1 0 0 1 0 0 -1 0 0 -1 0 0 0 -1 0 0 -1 0 0 1 0 0 1 0 1 9.16995e-7 0 0 -1 0 0 -1 0 0 -1 0 0 -1 0 0 1 0 0 1 0 1 0 0 1 0 0 0 1 0 0 1 0 -1 0 0 -1 0 0 -1 0 0 -1 0 0 0 -1 0 0 -1 0 0 1 0 0 1 0 1 0 0 1 0 0 -1 0 0 -1 0 0 0 -1 0 0 -1 0 0 1 0 0 1 0 1 9.16995e-7 0 0 -1 0 0 -1 0 0 -1 0 0 -1 0 0 1 0 0 1 0 1 0 0 1 0 0 0 1 0 0 1 0 -1 0 0 -1 0 0 -1 0 0 -1 0 0 0 -1 0 0 -1 0 0 1 0 0 1 0 1 0 0 1 0 0 -1 0 0 -1 0 0 0 -1 0 0 -1 0 0 1 0 -1 0 0 1 9.16995e-7 0 0 -1 0 0 -1 0 0 -1 0 0 -1 0 0 1 0 0 1 0 1 0 0 1 0 0 0 1 0 0 1 0 -1 0 0 -1 0 0 -1 0 0 -1 0 0 0 -1 0 0 -1 0 0 1 0 0 1 0 1 -2.98023e-5 0 1 -2.98023e-5 0 -1 0 0 -1 0 0 0 -1 0 0 -1 0 -1 0 0 1 0 0 1 9.16995e-7 0 0 -1 0 0 -1 0 0 1 0 0 1 0 1 0 0 1 0 0 0 1 0 0 1 0 -1 0 0 -1 0 0 -1 0 0 -1 0 0 0 -1 0 0 -1 0 0 1 0 0 1 0 1 -2.98023e-5 0 1 -2.98023e-5 0 -1 0 0 -1 0 0 0 -1 0 0 -1 0 1 0 0 -1 0 0 1 9.16995e-7 0 0 -1 0 0 -1 0 0 1 0 0 1 0 1 0 0 1 0 0 0 1 0 0 1 0 -1 0 0 -1 0 0 -1 0 0 -1 0 0 0 -1 0 0 -1 0 0 1 0 0 1 0 1 -2.98023e-5 0 1 -2.98023e-5 0 -1 0 0 -1 0 0 0 -1 0 0 -1 0 1 9.16995e-7 0 0 -1 0 0 -1 0 0 1 0 0 1 0 1 0 0 1 0 0 0 1 0 0 1 0 -1 0 0 -1 0 0 -1 0 0 -1 0 0 0 -1 0 0 -1 0 0 1 0 0 1 0 1 -2.98023e-5 0 1 -2.98023e-5 0 -1 0 0 -1 0 0 0 -1 0 0 -1 0 -1 0 0 -1 0 0 1 9.16995e-7 0 0 -1 0 0 -1 0 0 -1 0 0 1 0 0 1 0 1 0 0 1 0 0 0 1 0 0 1 0 -1 0 0 -1 0 0 -1 0 0 -1 0 0 0 -1 0 0 -1 0 0 1 0 0 1 0 1 -2.98023e-5 0 1 -2.98023e-5 0 -1 0 0 -1 0 0 0 -1 0 0 -1 0 0 1 0 0 1 0 1 9.16995e-7 0 0 -1 0 0 -1 0 0 -1 0 0 -1 0 0 1 0 0 1 0 1 0 0 1 0 0 0 1 0 0 1 0 -1 0 0 -1 0 0 -1 0 0 -1 0 0 0 -1 0 0 -1 0 0 1 0 0 1 0 1 -2.98023e-5 0 1 0 0 -1 0 0 -1 0 0 0 -1 0 0 -1 0 0 1 0 0 1 0 1 9.16995e-7 0 0 -1 0 0 -1 0 0 -1 0 0 -1 0 0 1 0 0 1 0 1 0 0 1 0 0 0 1 0 0 1 0 -1 0 0 -1 0 0 -1 0 0 -1 0 0 0 -1 0 0 -1 0 0 1 0 0 1 0 1 0 0 1 0 0 -1 0 0 -1 0 0 0 -1 0 0 -1 0 0 1 0 0 1 0 1 9.16995e-7 0 0 -1 0 0 -1 0 0 -1 0 0 -1 0 0 1 0 0 1 0 1 0 0 1 0 0 0 1 0 0 1 0 -1 0 0 -1 0 0 -1 0 0 -1 0 0 0 -1 0 0 -1 0 0 1 0 0 1 0 1 0 0 1 0 0 -1 0 0 0 -1 0 0 1 0 1 9.16995e-7 0 0 -1 0 0 -1 0 0 1 0 1 0 0 0 1 0 -1 0 0 -1 0 0 0 -1 0 0 1 0 1 0 1 0 0 0 0 1 0 0 1 0 0 1 0 0 1 0 0 1 0 0 1 0 0 1 -1 0 0 0 -1 0 0 1 0 0 1 0 0 -1 0 0 1 0 0 1 0 0 1 0 -0.3261566 -0.3261523 0.8872692 0.326156 -0.3261518 0.8872695 0 -0.9230791 0.3846104 0 -0.9230791 0.3846104 0 -0.9230791 0.3846103 0 -0.9230791 0.3846103 0 -0.9230791 0.3846103 0 -0.9230791 0.3846103 0 -0.9230791 0.3846103 -0.6782765 0 0.7348067 -0.6488001 0.6487916 -0.3976529 0 0.3243244 -0.9459459 0 0.3243244 -0.9459459 0 0.3243244 -0.9459459 0 0.3243244 -0.9459459 0 0.3243244 -0.9459459 0 0.3243244 -0.9459459 0 0.3243244 -0.9459459 0.6488011 0.6487926 -0.3976497 0.6782745 0 0.7348086 0 1 0 0 1 0 -0.7071114 -0.7071022 0 0 -1 0 0 1 0 0.7071114 -0.7071022 0 0 -1 0 0 1 0 0 -1 0 1 0 0 0.7071114 0.7071022 0 0 1 0 -0.7071114 0.7071022 0 0 -1 0 0 1 0 -1 0 0 0 -1 0 0 1 0 0 -1 0 0 -1 0 0 0 1 0 0 1 1 0 0 1 0 0 -3.72529e-6 -1.49012e-7 1 2.98024e-6 0 -1 1 0 0 0 1 4.58497e-7 0 0 -1 -1 0 0 0 1 0 -1 0 0 0 1.49012e-7 -1 0 1 0 -1 0 0 0 1 0 0 1 0 0 1 0 0 0 -1 0 0 -1 0 0 1 0 0 1 0 -1 0 0 0 -1 0 0 -1 0 0 -1 0 0 -1 0 0 1 0 0 1 0 -1 0 0 -1 0 0 0 1 0 0 1 0 1 0 0 1 0 0 1 0 0 1 0 0 0 -1 0 0 -1 0 0 1 0 0 1 0 -1 0 0 -1 0 0 1 0 0 1 0 0 0 -1 0 0 -1 0 0 1 0 0 1 0 -1 0 0 0 -1 0 0 -1 0 0 -1 0 0 -1 0 0 1 0 0 1 0 -1 0 0 -1 0 0 0 1 0 0 1 0 1 0 0 1 0 0 1 0 0 1 0 0 0 -1 0 0 -1 0 0 1 0 0 1 0 -1 0 0 -1 0 0 1 0 0 1 0 0 0 -1 0 0 -1 0 0 1 0 0 1 0 -1 0 0 0 -1 0 0 -1 0 0 -1 0 0 -1 0 0 1 0 0 1 2.98023e-6 -1 0 0 -1 0 0 0 1 0 0 1 -2.98023e-6 1 0 0 1 0 -2.98023e-6 1 0 0 1 0 0 0 -1 0 0 -1 0 0 1 0 0 1 0 -1 0 0 -1 0 0 1 0 0 1 0 0 0 -1 0 0 -1 0 0 1 0 1 0 0 -1 9.16995e-7 0 0 -1 0 0 -1 0 0 -1 0 0 -1 0 0 1 0 0 1 0 -1 0 0 -1 0 0 0 1 0 0 1 0 1 0 0 1 0 0 1 0 0 1 0 0 0 -1 0 0 -1 0 0 1 0 0 1 0 -1 -2.98023e-5 0 -1 -2.98023e-5 0 1 0 0 1 0 0 0 -1 0 0 -1 0 1 0 0 -1 0 0 -1 9.16995e-7 0 0 -1 0 0 -1 0 0 1 0 0 1 0 -1 0 0 -1 0 0 0 1 0 0 1 0 1 0 0 1 0 0 1 0 0 1 0 0 0 -1 0 0 -1 0 0 1 0 0 1 0 -1 -2.98023e-5 0 -1 -2.98023e-5 0 1 0 0 1 0 0 0 -1 0 0 -1 0 -1 0 0 1 0 0 -1 9.16995e-7 0 0 -1 0 0 -1 0 0 1 0 0 1 0 -1 0 0 -1 0 0 0 1 0 0 1 0 1 0 0 1 0 0 1 0 0 1 0 0 0 -1 0 0 -1 0 0 1 0 0 1 0 -1 -2.98023e-5 0 -1 -2.98023e-5 0 1 0 0 1 0 0 0 -1 0 0 -1 0 -1 9.16995e-7 0 0 -1 0 0 -1 0 0 1 0 0 1 0 -1 0 0 -1 0 0 0 1 0 0 1 0 1 0 0 1 0 0 1 0 0 1 0 0 0 -1 0 0 -1 0 0 1 0 0 1 0 -1 -2.98023e-5 0 -1 -2.98023e-5 0 1 0 0 1 0 0 0 -1 0 0 -1 0 1 0 0 1 0 0 -1 9.16995e-7 0 0 -1 0 0 -1 0 0 -1 0 0 1 0 0 1 0 -1 0 0 -1 0 0 0 1 0 0 1 0 1 0 0 1 0 0 1 0 0 1 0 0 0 -1 0 0 -1 0 0 1 0 0 1 0 -1 -2.98023e-5 0 -1 -2.98023e-5 0 1 0 0 1 0 0 0 -1 0 0 -1 0 0 1 0 0 1 0 -1 9.16995e-7 0 0 -1 0 0 -1 0 0 -1 0 0 -1 0 0 1 0 0 1 0 -1 0 0 -1 0 0 0 1 0 0 1 0 1 0 0 1 0 0 1 0 0 1 0 0 0 -1 0 0 -1 0 0 1 0 0 1 0 -1 -2.98023e-5 0 -1 0 0 1 0 0 1 0 0 0 -1 0 0 -1 0 0 1 0 0 1 2.98023e-6 -1 9.16995e-7 0 0 -1 0 0 -1 0 0 -1 0 0 -1 0 0 1 0 0 1 0 -1 0 0 -1 0 0 0 1 0 0 1 0 1 0 0 1 0 0 1 0 0 1 0 0 0 -1 0 0 -1 0 0 1 0 0 1 2.98023e-6 -1 0 0 -1 0 0 1 0 0 1 0 0 0 -1 0 0 -1 0 0 1 0 0 1 0 -1 0 0 0 -1 0 0 -1 0 0 -1 0 0 -1 0 0 1 0 0 1 0 -1 0 0 -1 0 0 0 1 0 0 1 0 1 0 0 1 0 0 1 0 0 1 0 0 0 -1 0 0 -1 0 0 1 0 0 1 0 -1 0 0 -1 0 0 1 0 0 0 -1 0 0 -1 0 1 0 0 0 1 0 0 -1 0 -1 0 0 0 -1 0 1 0 0 0 -1 0 0 1 0 0 1 0 0 -1 0 -1 0 0 0 1 0 0 1 -1 0 0 0 1 0 -1 0 0 0 1 0 -1 0 0 0 0 -1 0 0 1 0 0 1 1 0 0 0 -1 0 0 0 -1 -1 0 0 0 0 1 0 0 1 0 0 1 0 0 1 0 0 1 0 0 1 0 0 1 1 0 0 0 1 0 0 -1 0 0 -1 0 0 1 0 0 -1 0 0 -1 0 0 -1 0 0.3261566 0.3261524 0.8872692 -0.326156 0.3261517 0.8872695 0 0.9230791 0.3846102 0 0.9230791 0.3846102 0 0.9230791 0.3846103 0 0.9230791 0.3846103 0 0.9230791 0.3846102 0 0.9230791 0.3846103 0 0.923079 0.3846103 0.6782766 0 0.7348067 0.6488 -0.6487916 -0.3976532 0 -0.3243244 -0.945946 0 -0.3243244 -0.9459459 0 -0.3243244 -0.9459459 0 -0.3243244 -0.9459459 0 -0.3243244 -0.9459459 0 -0.3243245 -0.9459459 0 -0.3243244 -0.9459459 -0.6488012 -0.6487927 -0.3976494 -0.6782744 0 0.7348088 0 -1 0 0 -1 0 0.7071113 0.7071022 0 0 1 0 0 -1 0 -0.7071115 0.7071021 0 0 1 0 0 -1 0 0 1 0 -1 -1.439e-7 0 -0.7071114 -0.7071022 0 0 -1 0 0.7071114 -0.7071022 0 0 1 0 0 -1 0 1 1.439e-7 0 0 1 0 0 -1 0 0 1 0 0 1 0 0 0 1 0 0 1 1 2.55449e-7 0 1 0 0 -1 -2.48353e-7 0 0 0 -1 0 1 0 0 -1 0 1 0 0 0 -1 0 0 1 0 0 -1 0 0 1 0 0 -1 0 1 0 0 0 1 0 0 0 -1 1 2.55449e-7 0 1 2.48353e-7 0 -1 -2.55449e-7 0 0 0 -1 -1 -2.55449e-7 0 0 0 -1 0 0 1 0 0 1 1 2.55449e-7 0 0 0 1 -1 -2.55449e-7 0 0 0 -1 -1 -2.50127e-7 0 0 0 -1 1 2.48353e-7 0 1 2.83832e-7 0 0 0 1 0 0 -1 -1 0 0 0 0 1 1 2.50127e-7 0 -1 -2.55449e-7 0 1 2.55449e-7 0 0 0 -1 0 0 1 -1 -2.48353e-7 0 0 0 1 -1 -2.55449e-7 0 0 0 -1 0 0 -1 0 0 1 1 2.55449e-7 0 0 0 1 0 0 1 0 0 -1 -1 -2.55449e-7 0 1 2.55449e-7 0 1 0 0 -1 -2.55449e-7 0 1 2.55449e-7 0 0 0 1 -1 -2.83832e-7 0 0 1.49012e-7 -1 0 -1.49012e-7 1 0 -1.49012e-7 1 0 1.49012e-7 -1 0 0 -1 0 0 1 0 0 1 -1 0 0 1 0 0 -1 0 0 -1 0 0 0 -1 0 0 -1 0 0 -1 -9.16995e-7 0 -1 0 0 -1 0 -1 0 0 0 0 1 0 0 1 0 0 1 -1 0 0 0 0 -1 -1 0 0 -1 0 0 0 -1.49012e-7 1 0 0 -1 1 0 0 0 1.49012e-7 -1 0 0 -1 0 0 -1 0 0 -1 -1 0 0 1 0 0 1 0 0 0 0 1 0 1 0 0 0 1 0 0 -1 -1.19207e-5 -1 0 0 -1 0 0 0 1 0 1 0 0 0 1 0 0 -1 0 0 -1 7.45041e-7 0 1 0 0 -1 0 -1 0 -1 0 0 1 0 0 1 0 0 1 0 0 0 0 1 0 0 -1 0 0 1 0 -1 0 0 0 -1 0 -1 0 0 0 -1 1 0 0 0 -1 9.16995e-7 0 -1.49012e-7 -1 1 0 0 0 -1 0 1 0 0 0 0 -1 0 -1 4.58497e-7 -2.98034e-6 0 -1 3.72543e-6 1.49012e-7 1 -1 0 0 -1 0 0 -2.98034e-6 0 -1 0 0 1 -2.98034e-6 -1.49012e-7 -1 2.98034e-6 0 1 -1.19214e-5 1 0 1 0 0 2.98034e-6 0 1 0 0 1 1.19214e-5 -1 0 0 0 -1 0 -1 0 -1 0 0 -2.98034e-6 0 -1 0 0 1 2.98034e-6 0 1 0 1.49012e-7 1 1.19214e-5 1 0 -1 0 0 1 0 0 -1 0 0 0 1.49012e-7 1 0 -1.49012e-7 -1 0 -1.49012e-7 -1 0 1.49012e-7 1 0 0 1 1 0 0 0 0 -1 0 -1 0 0 0 -1 0 0 -1 0 1 0 0 0 -1 -7.45068e-7 0 1 0 0 -1 0 0 -1 0 0 1 0 -1 0 0 0 1 0 1 0 0 1 0 0 0 -1 0 0 1 0 -1 0 0 0 1 3.72543e-6 0 1 -1 -2.27065e-7 0 0 0 -1 0 0 1 -1 0 0 -1 0 0 1 0 0 0 0 -1 0 0 -1 0 0 -1 0 -1.49012e-7 -1 -1 0 0 0 0 -1 0 1.49012e-7 1 1 0 0 1 0 0 0 0 -1 1 0 0 0 0 1 0 0 1 0 0 1 1 0 0 0 1 0 0 1 0 0 1 0 0 1 0 0 1 0 1 0 0 1 0 0 -1 0 0 1 0 0 0 0 1 0 0 1 0 0 -1 -3.72543e-6 0 -1 -1 0 0 0 -1.49012e-7 -1 0 1.49012e-7 1 0 1.49012e-7 1 0 -1.49012e-7 -1 -1 0 0 1 0 0 -1 0 0 1 0 0 1 0 0 0 0 1 -1 0 0 -1 0 0 0 0 1 1 0 0 0 -1 0 0 0 -1 0 0 1 0 0 -1 0 0 -1 0 0 1 0 1 0 0 0 1 0 -1 0 0 -1 0 0 0 -1 0 0 1 0 1 0 0 -1 0 0 0 -1 0 0 1 0 1 9.16995e-7 0 0 -1 0 0 -1 0 0 1 0 1 0 0 0 1 0 -1 0 0 -1 0 0 0 -1 0 0 1 0 1 0 0 1 0 0 1 0 0 0 -1 0 0 -1 0 0 1 0 0 1 0 -1 0 0 0 -1 0 0 -1 0 0 -1 0 0 -1 0 0 1 0 0 1 0 -1 0 0 -1 0 0 0 1 0 0 1 0 1 0 0 1 0 0 1 0 0 1 0 0 0 -1 0 0 -1 0 0 1 0 0 1 0 -1 0 0 -1 0 1 2.27065e-7 0 0 0 -1 0 0 1 -1 -2.83832e-7 0 0 -1 0 0 0 -1 0 0 1 0 0 -1 0 0 -1 0 0 1 0 1 0 0 0 1 0 -1 0 0 -1 0 0 0 -1 0 0 1 0 1 0 0 -1 0 0 0 -1 0 0 1 0 1 9.16995e-7 0 0 -1 0 0 -1 0 0 1 0 1 0 0 0 1 0 -1 0 0 -1 0 0 0 -1 0 0 1 0 1 0 0 1 0 0 1 0 0 0 -1 0 0 -1 0 0 1 0 0 1 0 -1 0 0 0 -1 0 0 -1 0 0 -1 0 0 -1 0 0 1 0 0 1 0 -1 0 0 -1 0 0 0 1 0 0 1 0 1 0 0 1 0 0 1 0 0 1 0 0 0 -1 0 0 -1 0 0 1 0 0 1 0 -1 0 0 -1 0 1 2.27065e-7 0 0 0 -1 0 0 1 -1 -2.83832e-7 0 0 -1 0 0 0 -1 0 0 1 0 0 -1 0 0 -1 0 0 1 0 1 0 0 0 1 0 -1 0 0 -1 0 0 0 -1 0 0 1 0 1 0 0 -1 0 0 0 -1 0 0 1 0 1 9.16995e-7 0 0 -1 0 0 -1 0 0 1 0 1 0 0 0 1 0 -1 0 0 -1 0 0 0 -1 0 0 1 0 1 0 0 1 0 0 1 0 0 0 -1 0 0 -1 0 0 1 0 0 1 0 -1 0 0 0 -1 0 0 -1 0 0 -1 0 0 -1 0 0 1 0 0 1 0 -1 0 0 -1 0 0 0 1 0 0 1 0 1 0 0 1 0 0 1 0 0 1 0 0 0 -1 0 0 -1 0 0 1 0 0 1 0 -1 0 0 -1 0 1 2.27065e-7 0 0 0 -1 0 0 1 -1 -2.83832e-7 0 0 -1 0 0 0 -1 0 0 1 0 0 -1 0 0 -1 0 0 1 0 1 0 0 0 1 0 -1 0 0 -1 0 0 0 -1 0 0 1 0 1 0 0 -1 0 0 0 -1 0 0 1 0 1 9.16995e-7 0 0 -1 0 0 -1 0 0 1 0 1 0 0 0 1 0 -1 0 0 -1 0 0 0 -1 0 0 1 0 1 0 0 1 0 0 1 0 0 0 -1 0 0 -1 0 0 1 0 0 1 0 -1 0 0 0 -1 0 0 -1 0 0 -1 0 0 -1 0 0 1 0 0 1 0 -1 0 0 -1 0 0 0 1 0 0 1 0 1 0 0 1 0 0 1 0 0 1 0 0 0 -1 0 0 -1 0 0 1 0 0 1 0 -1 0 0 -1 0 1 2.27065e-7 0 0 0 -1 0 0 1 -1 -2.83832e-7 0 0 -1 0 0 0 -1 0 0 1 0 0 -1 0 0 -1 0 0 1 0 1 0 0 0 1 0 -1 0 0 -1 0 0 0 -1 0 0 1 0 1 0 0 -1 0 0 0 -1 0 0 1 0 1 9.16995e-7 0 0 -1 0 0 -1 0 0 1 0 1 0 0 0 1 0 -1 0 0 -1 0 0 0 -1 0 0 1 0 1 0 0 1 0 0 1 0 0 0 -1 0 0 -1 0 0 1 0 0 1 0 -1 0 0 0 -1 0 0 -1 0 0 -1 0 0 -1 0 0 1 0 0 1 0 -1 0 0 -1 0 0 0 1 0 0 1 0 1 0 0 1 0 0 1 0 0 1 0 0 0 -1 0 0 -1 0 0 1 0 0 1 0 -1 0 0 -1 0 1 2.27065e-7 0 0 0 -1 0 0 1 -1 -2.83832e-7 0 0 -1 0 0 -1 0 0 0 -1 0 0 -1 0 0 1 0 0 1 0 1 9.16994e-7 0 0 -1 0 0 -1 0 0 -1 0 0 -1 0 0 1 0 0 1 0 1 0 0 1 0 0 0 1 0 0 1 0 -1 0 0 -1 0 0 -1 0 0 -1 0 0 0 -1 0 0 -1 0 0 1 0 0 1 0 1 0 0 1 0 0 1 0 0 0 -1 0 0 1 0 0 -1 0 0 -1 0 0 1 0 -1 0 0 0 1 0 1 0 0 1 0 0 0 -1 0 0 1 0 -1 0 0 1 0 0 0 -1 0 0 1 0 -1 0 0 0 -1 0 0 -1 0 0 1 0 -1 0 0 0 1 0 1 0 0 1 0 0 0 -1 0 0 1 0 -1 0 -1 -2.55449e-7 0 0 0 1 0 0 -1 1 2.83832e-7 0 0 -1 0 0 -1 0 0 0 -1 0 0 -1 0 0 1 0 0 1 0 1 9.16994e-7 0 0 -1 0 0 -1 0 0 -1 0 0 -1 0 0 1 0 0 1 0 1 0 0 1 0 0 0 1 0 0 1 0 -1 0 0 -1 0 0 -1 0 0 -1 0 0 0 -1 0 0 -1 0 0 1 0 0 1 0 1 0 0 1 0 0 1 0 0 0 -1 0 0 1 0 0 -1 0 0 -1 0 0 1 0 -1 0 0 0 1 0 1 0 0 1 0 0 0 -1 0 0 1 0 -1 0 0 1 0 0 0 -1 0 0 1 0 -1 0 0 0 -1 0 0 -1 0 0 1 0 -1 0 0 0 1 0 1 0 0 1 0 0 0 -1 0 0 1 0 -1 0 -1 -2.55449e-7 0 0 0 1 0 0 -1 1 2.83832e-7 0 0 -1 0 0 -1 0 0 0 -1 0 0 -1 0 0 1 0 0 1 0 1 9.16994e-7 0 0 -1 0 0 -1 0 0 -1 0 0 -1 0 0 1 0 0 1 0 1 0 0 1 0 0 0 1 0 0 1 0 -1 0 0 -1 0 0 -1 0 0 -1 0 0 0 -1 0 0 -1 0 0 1 0 0 1 0 1 0 0 1 0 0 1 0 0 0 -1 0 0 1 0 0 -1 0 0 -1 0 0 1 0 -1 0 0 0 1 0 1 0 0 1 0 0 0 -1 0 0 1 0 -1 0 0 1 0 0 0 -1 0 0 1 0 -1 0 0 0 -1 0 0 -1 0 0 1 0 -1 0 0 0 1 0 1 0 0 1 0 0 0 -1 0 0 1 0 -1 0 -1 -2.55449e-7 0 0 0 1 0 0 -1 1 2.83832e-7 0 0 -1 0 0 -1 0 0 0 -1 0 0 -1 0 0 1 0 0 1 0 1 9.16994e-7 0 0 -1 0 0 -1 0 0 -1 0 0 -1 0 0 1 0 0 1 0 1 0 0 1 0 0 0 1 0 0 1 0 -1 0 0 -1 0 0 -1 0 0 -1 0 0 0 -1 0 0 -1 0 0 1 0 0 1 0 1 0 0 1 0 0 1 0 0 0 -1 0 0 1 0 0 -1 0 0 -1 0 0 1 0 -1 0 0 0 1 0 1 0 0 1 0 0 0 -1 0 0 1 0 -1 0 0 1 0 0 0 -1 0 0 1 0 -1 0 0 0 -1 0 0 -1 0 0 1 0 -1 0 0 0 1 0 1 0 0 1 0 0 0 -1 0 0 1 0 -1 0 -1 -2.55449e-7 0 0 0 1 0 0 -1 1 2.83832e-7 0 0 -1 0 0 -1 0 0 0 -1 0 0 -1 0 0 1 0 0 1 0 1 9.16995e-7 0 0 -1 0 0 -1 0 0 -1 0 0 -1 0 0 1 0 0 1 0 1 0 0 1 0 0 0 1 0 0 1 0 -1 0 0 -1 0 0 -1 0 0 -1 0 0 0 -1 0 0 -1 0 0 1 0 0 1 0 1 0 0 1 0 0 1 0 0 0 -1 0 0 1 0 0 -1 0 0 -1 0 0 1 0 -1 0 0 0 1 0 1 0 0 1 0 0 0 -1 0 0 1 0 -1 0 0 1 0 0 0 -1 0 0 1 0 -1 0 0 0 -1 0 0 -1 0 0 1 0 -1 0 0 0 1 0 1 0 0 1 0 0 0 -1 0 0 1 0 -1 0 -1 -2.27065e-7 0 0 0 1 0 0 -1 1 2.27065e-7 0 0 -1 0 0 1 0 0 -1 0 0 0 -1 0 0 -1 0 0 -1 0 0 -1 0 0 -1 0 0 -1 0 0 -1 0 -1 0 0 -1 0 0 1 0 0 -1 0 0 1 0 -1 0 0 0 -1 0 0 1 0 0 1 0 0 0 -1 0 0 -1 0 0 -1 0 0 -1 0 0 -1 0 0 -1 0 0 -1 -1 0 0 0 -1 0 0 1 0 0 -1 0 0 1 0 0 1 0 0 -1 0 0 -1 0 0 1 0 0 0 -1 1 0 0 0 1 0 -1 0 0 1 2.27065e-7 0 0 0 -1 -3.72529e-6 0 1 -1 0 0 3.72529e-6 0 -1 -1 0 0 0 0 1 0 0 1 0 -1.49012e-7 1 0 1.49012e-7 -1 0 1.49012e-7 -1 0 -1.49012e-7 1 1 0 0 -1 0 0 1 0 0 0 0 1 0 0 -1 -1 0 0 0 -1 0 0 -1.49012e-7 1 -2.98023e-6 0 1 0 0 1 2.98024e-6 0 -1 1 0 0 0 1 0 0 0 -1 0 1 0 0 0 1 -2.98024e-6 0 1 -1 0 0 0 -1 0 -2.98023e-6 0 1 1 0 0 3.72529e-6 0 -1 0 0 1 2.98023e-6 0 -1 0 -1 0 0 -1 0 0 0 -1 0 0 -1 0 0 1 0 0 1 0 1 9.16994e-7 0 0 -1 0 0 -1 0 0 -1 0 0 -1 0 0 1 0 0 1 0 1 0 0 1 0 0 0 1 0 0 1 0 -1 0 0 -1 0 0 -1 0 0 -1 0 0 0 -1 0 0 -1 0 0 1 0 0 1 0 1 0 0 1 0 0 -1 0 0 -1 0 0 0 -1 0 0 -1 0 0 1 0 0 1 0 1 9.16995e-7 0 0 -1 0 0 -1 0 0 -1 0 0 -1 0 0 1 0 0 1 0 1 0 0 1 0 0 0 1 0 0 1 0 -1 0 0 -1 0 0 -1 0 0 -1 0 0 0 -1 0 0 -1 0 0 1 0 0 1 0 1 0 0 1 0 0 -1 0 0 -1 0 0 0 -1 0 0 -1 0 0 1 0 0 1 0 1 9.16995e-7 0 0 -1 0 0 -1 0 0 -1 0 0 -1 0 0 1 0 0 1 0 1 0 0 1 0 0 0 1 0 0 1 0 -1 0 0 -1 0 0 -1 0 0 -1 0 0 0 -1 0 0 -1 0 0 1 0 0 1 0 1 0 0 1 0 0 -1 0 0 -1 0 0 0 -1 0 0 -1 0 0 1 0 -1 0 0 1 9.16995e-7 0 0 -1 0 0 -1 0 0 -1 0 0 -1 0 0 -1 0 0 1 0 0 1 0 1 0 0 1 0 0 0 1 0 0 1 0 -1 0 0 -1 0 0 -1 0 0 -1 0 0 0 -1 0 0 -1 0 0 1 0 0 1 -9.58544e-6 1 0 0 1 -2.98023e-5 0 1 -2.98023e-5 0 -1 0 0 -1 0 0 0 -1 0 0 -1 0 -1 0 0 1 0 0 1 9.16995e-7 0 0 -1 0 0 -1 0 0 1 0 0 1 0 1 0 0 1 0 0 0 1 0 0 1 0 -1 0 0 -1 0 0 -1 0 0 -1 0 0 0 -1 0 0 -1 0 0 1 0 0 1 0 1 -2.98023e-5 0 1 -2.98023e-5 0 -1 0 0 -1 0 0 0 -1 0 0 -1 0 1 0 0 -1 0 0 1 9.16995e-7 0 0 -1 0 0 -1 0 0 1 0 0 1 0 1 0 0 1 0 0 0 1 0 0 1 0 -1 0 0 -1 0 0 -1 0 0 -1 0 0 0 -1 0 0 -1 0 0 1 0 0 1 0 1 -2.98023e-5 0 1 -2.98023e-5 0 -1 0 0 -1 0 0 0 -1 0 0 -1 0 1 9.16995e-7 0 0 -1 0 0 -1 0 0 1 0 0 1 0 1 0 0 1 0 0 0 1 0 0 1 0 -1 0 0 -1 0 0 -1 0 0 -1 0 0 0 -1 0 0 -1 0 0 1 0 0 1 0 1 -2.98023e-5 0 1 -2.98023e-5 0 -1 0 0 -1 0 0 0 -1 0 0 -1 0 -1 0 0 -1 0 0 1 9.16995e-7 0 0 -1 0 0 -1 0 0 -1 0 0 1 0 0 1 0 1 0 0 1 0 0 0 1 0 0 1 0 -1 0 0 -1 0 0 -1 0 0 -1 0 0 0 -1 0 0 -1 0 0 1 0 0 1 0 1 -2.98023e-5 0 1 -2.98023e-5 0 -1 0 0 -1 0 0 0 -1 0 0 -1 0 0 1 0 0 1 0 1 9.16995e-7 0 0 -1 0 0 -1 0 0 -1 0 0 -1 0 0 -1 0 0 1 0 0 1 0 1 0 0 1 0 0 0 1 0 0 1 0 -1 0 0 -1 0 0 -1 0 0 -1 0 0 0 -1 0 0 -1 0 0 1 0 0 1 0 1 -2.98023e-5 9.5855e-6 1 0 0 1 0 0 -1 0 0 -1 0 0 0 -1 0 0 -1 0 0 1 0 0 1 0 1 9.16995e-7 0 0 -1 0 0 -1 0 0 -1 0 0 -1 0 0 1 0 0 1 0 1 0 0 1 0 0 0 1 0 0 1 0 -1 0 0 -1 0 0 -1 0 0 -1 0 0 0 -1 0 0 -1 0 0 1 0 0 1 0 1 0 0 1 0 0 -1 0 0 -1 0 0 0 -1 0 0 -1 0 0 1 0 0 1 0 1 9.16995e-7 0 0 -1 0 0 -1 0 0 -1 0 0 -1 0 0 1 0 0 1 0 1 0 0 1 0 0 0 1 0 0 1 0 -1 0 0 -1 0 0 -1 0 0 -1 0 0 0 -1 0 0 -1 0 0 1 0 0 1 0 1 0 0 1 0 0 -1 0 0 0 -1 0 0 1 0 1 9.16995e-7 0 0 -1 0 0 -1 0 0 1 0 1 0 0 0 1 0 -1 0 0 -1 0 0 0 -1 0 0 1 0 1 0 1 0 0 0 0 1 0 0 1 0 0 1 0 0 1 0 0 1 0 0 1 0 0 1 -1 0 0 0 -1 0 0 1 0 0 1 0 0 -1 0 0 1 0 0 1 0 0 1 0 0 -0.923079 0.3846103 0 -0.9230791 0.3846102 0 -0.923079 0.3846103 0 -0.9230791 0.3846102 0 -0.923079 0.3846103 0 -0.9230791 0.3846102 0 -0.923079 0.3846103 -0.6782765 0 0.7348067 0 0.3243244 -0.9459459 0 0.3243244 -0.9459459 0 0.3243244 -0.9459459 0 0.3243244 -0.9459459 0 0.3243244 -0.9459459 0 0.3243244 -0.9459459 0 0.3243244 -0.9459459 0.6782745 0 0.7348086 0 1 0 0 1 0 -0.7071114 -0.7071022 0 0 -1 0 0 1 0 0.7071114 -0.7071022 0 0 -1 0 0 1 0 0 -1 0 1 0 0 0.7071114 0.7071022 0 0 1 0 -0.7071114 0.7071022 0 0 -1 0 0 1 0 -1 0 0 0 -1 0 0 1 0 0 -1 0 0 -1 0 0 0 1 0 0 1 1 0 0 1 0 0 1 0 0 -2.98023e-6 0 1 2.98023e-6 0 -1 1 0 0 1 0 0 -5.96047e-6 1 0 0 0 -1 -1 0 0 0 1 0 -1 0 0 0 1.49012e-7 -1 0 1 0 -1 0 0 0 1 0 0 1 0 0 1 0 0 0 -1 0 0 -1 0 0 1 0 0 1 0 -1 0 0 0 -1 0 0 -1 0 0 -1 0 0 -1 0 0 1 0 0 1 0 -1 0 0 -1 0 0 0 1 0 0 1 0 1 0 0 1 0 0 1 0 0 1 0 0 0 -1 0 0 -1 0 0 1 0 0 1 0 -1 0 0 -1 0 0 1 0 0 1 0 0 0 -1 0 0 -1 0 0 1 0 0 1 0 -1 0 0 0 -1 0 0 -1 0 0 -1 0 0 -1 0 0 1 0 0 1 0 -1 0 0 -1 0 0 0 1 0 0 1 0 1 0 0 1 0 0 1 0 0 1 0 0 0 -1 0 0 -1 0 0 1 0 0 1 0 -1 0 0 -1 0 0 1 0 0 1 0 0 0 -1 0 0 -1 0 0 1 0 0 1 2.98023e-6 -1 9.16995e-7 0 0 -1 0 0 -1 0 0 -1 0 0 -1 0 0 1 0 0 1 2.98023e-6 -1 0 0 -1 0 0 0 1 0 0 1 -2.98023e-6 1 0 0 1 0 -2.98023e-6 1 0 0 1 0 0 0 -1 0 0 -1 0 0 1 0 0 1 0 -1 0 0 -1 0 0 1 0 0 1 0 0 0 -1 0 0 -1 0 0 1 0 1 0 0 -1 9.16995e-7 0 0 -1 0 0 -1 0 0 -1 0 0 -1 0 0 -1 0 0 1 0 0 1 0 -1 0 0 -1 0 0 0 1 0 0 1 0 1 0 0 1 0 0 1 0 0 1 0 0 0 -1 0 0 -1 0 0 1 0 0 1 9.58543e-6 -1 0 0 -1 -2.98023e-5 0 -1 -2.98023e-5 0 1 0 0 1 0 0 0 -1 0 0 -1 0 1 0 0 -1 0 0 -1 9.16995e-7 0 0 -1 0 0 -1 0 0 1 0 0 1 0 -1 0 0 -1 0 0 0 1 0 0 1 0 1 0 0 1 0 0 1 0 0 1 0 0 0 -1 0 0 -1 0 0 1 0 0 1 0 -1 -2.98023e-5 0 -1 -2.98023e-5 0 1 0 0 1 0 0 0 -1 0 0 -1 0 -1 0 0 1 0 0 -1 9.16995e-7 0 0 -1 0 0 -1 0 0 1 0 0 1 0 -1 0 0 -1 0 0 0 1 0 0 1 0 1 0 0 1 0 0 1 0 0 1 0 0 0 -1 0 0 -1 0 0 1 0 0 1 0 -1 -2.98023e-5 0 -1 -2.98023e-5 0 1 0 0 1 0 0 0 -1 0 0 -1 0 -1 9.16995e-7 0 0 -1 0 0 -1 0 0 1 0 0 1 0 -1 0 0 -1 0 0 0 1 0 0 1 0 1 0 0 1 0 0 1 0 0 1 0 0 0 -1 0 0 -1 0 0 1 0 0 1 0 -1 -2.98023e-5 0 -1 -2.98023e-5 0 1 0 0 1 0 0 0 -1 0 0 -1 0 1 0 0 1 0 0 -1 9.16995e-7 0 0 -1 0 0 -1 0 0 -1 0 0 1 0 0 1 0 -1 0 0 -1 0 0 0 1 0 0 1 0 1 0 0 1 0 0 1 0 0 1 0 0 0 -1 0 0 -1 0 0 1 0 0 1 0 -1 -2.98023e-5 0 -1 -2.98023e-5 0 1 0 0 1 0 0 0 -1 0 0 -1 0 0 1 0 0 1 0 -1 9.16995e-7 0 0 -1 0 0 -1 0 0 -1 0 0 -1 0 0 -1 0 0 1 0 0 1 0 -1 0 0 -1 0 0 0 1 0 0 1 0 1 0 0 1 0 0 1 0 0 1 0 0 0 -1 0 0 -1 0 0 1 0 0 1 0 -1 -2.98023e-5 -9.5855e-6 -1 0 0 -1 0 0 1 0 0 1 0 0 0 -1 0 0 -1 0 0 1 0 0 1 0 -1 0 0 0 -1 0 0 -1 0 0 -1 0 0 -1 0 0 1 0 0 1 0 -1 0 0 -1 0 0 0 1 0 0 1 0 1 0 0 1 0 0 1 0 0 1 0 0 0 -1 0 0 -1 0 0 1 0 0 1 2.98023e-6 -1 0 0 -1 0 0 1 0 0 1 0 0 0 -1 0 0 -1 0 0 1 0 0 1 0 -1 0 0 0 -1 0 0 -1 0 0 -1 0 0 -1 0 0 1 0 0 1 0 -1 0 0 -1 0 0 0 1 0 0 1 0 1 0 0 1 0 0 1 0 0 1 0 0 0 -1 0 0 -1 0 0 1 0 0 1 0 -1 0 0 -1 0 0 1 0 0 0 -1 0 0 -1 0 1 0 0 0 1 0 0 -1 0 -1 0 0 0 -1 0 1 0 0 0 -1 0 0 1 0 0 1 0 0 -1 0 -1 0 0 0 1 0 0 1 -1 0 0 0 1 0 -1 0 0 0 1 0 -1 0 0 0 0 -1 0 0 1 0 0 1 1 0 0 0 -1 0 0 0 -1 -1 0 0 0 0 1 0 0 1 0 0 1 0 0 1 0 0 1 0 0 1 0 0 1 1 0 0 0 1 0 0 -1 0 0 -1 0 0 1 0 0 -1 0 0 -1 0 0 -1 0 0 0.923079 0.3846103 0 0.9230791 0.3846102 0 0.923079 0.3846103 0 0.9230791 0.3846102 0 0.923079 0.3846103 0 0.9230791 0.3846102 0 0.923079 0.3846103 0.6782766 0 0.7348067 0 -0.3243244 -0.945946 0 -0.3243244 -0.9459459 0 -0.3243244 -0.9459459 0 -0.3243244 -0.9459459 0 -0.3243244 -0.9459459 0 -0.3243244 -0.9459459 0 -0.3243244 -0.9459459 -0.6782745 0 0.7348087 0 -1 0 0 -1 0 0.7071113 0.7071022 0 0 1 0 0 -1 0 -0.7071115 0.7071021 0 0 1 0 0 -1 0 0 1 0 -1 -1.439e-7 0 -0.7071114 -0.7071022 0 0 -1 0 0.7071114 -0.7071022 0 0 1 0 0 -1 0 1 1.439e-7 0 0 1 0 0 -1 0 0 1 0 0 1 0 0 0 1 0 0 1 1 2.55449e-7 0 1 0 0 -1 -2.48353e-7 0 0 0 -1 0 1 0 0 -1 0 1 0 0 0 -1 0 0 1 0 0 -1 0 0 1 0 0 -1 0 1 0 0 0 1 0 0 0 -1 1 2.55449e-7 0 1 2.48353e-7 0 -1 -2.55449e-7 0 0 0 -1 -1 -2.55449e-7 0 0 0 -1 0 0 1 0 0 1 1 2.55449e-7 0 0 0 1 -1 -2.55449e-7 0 0 0 -1 -1 -2.50127e-7 0 0 0 -1 1 2.48353e-7 0 1 2.83832e-7 0 0 0 1 0 0 -1 -1 0 0 0 0 1 1 2.50127e-7 0 -1 -2.55449e-7 0 1 2.55449e-7 0 0 0 -1 0 0 1 -1 -2.48353e-7 0 0 0 1 -1 -2.55449e-7 0 0 0 -1 0 0 -1 0 0 1 1 2.55449e-7 0 0 0 1 0 0 1 0 0 -1 -1 -2.55449e-7 0 1 2.55449e-7 0 1 0 0 -1 -2.55449e-7 0 1 2.55449e-7 0 0 0 1 -1 -2.83832e-7 0 0 1.49012e-7 -1 0 -1.49012e-7 1 0 -1.49012e-7 1 0 1.49012e-7 -1 0 0 -1 0 0 1 0 0 1 -1 0 0 1 0 0 -1 0 0 -1 0 0 0 -1 0 0 -1 0 0 -1 -9.16995e-7 0 -1 0 0 -1 0 -1 0 0 0 0 1 0 0 1 0 0 1 -1 0 0 0 0 -1 -1 0 0 -1 0 0 0 -1.49012e-7 1 0 0 -1 1 0 0 0 1.49012e-7 -1 0 0 -1 0 0 -1 0 0 -1 -1 0 0 1 0 0 1 0 0 0 0 1 0 1 0 0 0 1 0 0 -1 -1.19207e-5 -1 0 0 -1 0 0 0 1 0 1 0 0 0 1 -7.45041e-7 1.49012e-7 -1 0 0 -1 0 -1.49012e-7 1 0 0 -1 -5.96033e-6 -1 -4.58497e-7 -1 0 0 1 0 0 1 0 0 1 0 0 0 0 1 0 0 -1 0 0 1 0 -1 0 0 0 -1 0 -1 0 0 0 -1 1 0 0 0 -1 9.16995e-7 0 -1.49012e-7 -1 1 0 0 0 -1 0 1 0 0 0 0 -1 5.96068e-6 -1 0 -2.98034e-6 0 -1 2.98034e-6 0 1 -1 0 0 -1 0 0 -1 0 0 -2.98034e-6 0 -1 0 0 1 -3.72543e-6 0 -1 2.98034e-6 0 1 -1.19214e-5 1 0 1 0 0 2.98034e-6 0 1 0 0 1 1.19214e-5 -1 0 0 0 -1 0 -1 0 -1 0 0 -2.98034e-6 0 -1 0 0 1 2.98034e-6 0 1 0 1.49012e-7 1 1.19214e-5 1 0 -1 0 0 1 0 0 -1 0 0 0 1.49012e-7 1 0 -1.49012e-7 -1 0 -1.49012e-7 -1 0 1.49012e-7 1 0 0 1 1 0 0 0 0 -1 0 -1 0 0 0 -1 0 0 -1 5.96054e-6 1 -4.58497e-7 0 0 -1 0 1.49012e-7 1 0 0 -1 7.45068e-7 -1.49012e-7 -1 0 0 1 0 -1 0 0 0 1 0 1 0 0 1 0 0 0 -1 0 0 1 0 -1 0 0 0 1 -7.45068e-7 0 1 -1 -2.27065e-7 0 0 0 -1 0 0 1 -1 0 0 -1 0 0 1 0 0 0 0 -1 0 0 -1 0 0 -1 0 -1.49012e-7 -1 -1 0 0 0 0 -1 0 1.49012e-7 1 1 0 0 1 0 0 0 0 -1 1 0 0 0 0 1 0 0 1 0 0 1 1 0 0 0 1 0 0 1 0 0 1 0 0 1 0 0 1 0 1 0 0 1 0 0 -1 0 0 1 0 0 0 0 1 0 0 1 0 0 -1 7.45068e-7 0 -1 -1 0 0 0 -1.49012e-7 -1 0 1.49012e-7 1 0 1.49012e-7 1 0 -1.49012e-7 -1 -1 0 0 1 0 0 -1 0 0 1 0 0 1 0 0 0 0 1 -1 0 0 -1 0 0 -1 0 0 0 0 1 1 0 0 0 -1 0 0 0 -1 0 0 1 0 0 -1 0 0 -1 0 0 1 0 1 0 0 0 1 0 -1 0 0 -1 0 0 0 -1 0 0 1 0 1 0 0 -1 0 0 0 -1 0 0 1 0 1 9.16995e-7 0 0 -1 0 0 -1 0 0 1 0 1 0 0 0 1 0 -1 0 0 -1 0 0 0 -1 0 0 1 0 1 0 0 1 0 0 1 0 0 0 -1 0 0 -1 0 0 1 0 0 1 0 -1 0 0 0 -1 0 0 -1 0 0 -1 0 0 -1 0 0 1 0 0 1 0 -1 0 0 -1 0 0 0 1 0 0 1 0 1 0 0 1 0 0 1 0 0 1 0 0 0 -1 0 0 -1 0 0 1 0 0 1 0 -1 0 0 -1 0 1 2.27065e-7 0 0 0 -1 0 0 1 -1 -2.83832e-7 0 0 -1 0 0 0 -1 0 0 1 0 0 -1 0 0 -1 0 0 1 0 1 0 0 0 1 0 -1 0 0 -1 0 0 0 -1 0 0 1 0 1 0 0 -1 0 0 0 -1 0 0 1 0 1 9.16995e-7 0 0 -1 0 0 -1 0 0 1 0 1 0 0 0 1 0 -1 0 0 -1 0 0 0 -1 0 0 1 0 1 0 0 1 0 0 1 0 0 0 -1 0 0 -1 0 0 1 0 0 1 0 -1 0 0 0 -1 0 0 -1 0 0 -1 0 0 -1 0 0 1 0 0 1 0 -1 0 0 -1 0 0 0 1 0 0 1 0 1 0 0 1 0 0 1 0 0 1 0 0 0 -1 0 0 -1 0 0 1 0 0 1 0 -1 0 0 -1 0 1 2.27065e-7 0 0 0 -1 0 0 1 -1 -2.83832e-7 0 0 -1 0 0 0 -1 0 0 1 0 0 -1 0 0 -1 0 0 1 0 1 0 0 0 1 0 -1 0 0 -1 0 0 0 -1 0 0 1 0 1 0 0 -1 0 0 0 -1 0 0 1 0 1 9.16995e-7 0 0 -1 0 0 -1 0 0 1 0 1 0 0 0 1 0 -1 0 0 -1 0 0 0 -1 0 0 1 0 1 0 0 1 0 0 1 0 0 0 -1 0 0 -1 0 0 1 0 0 1 0 -1 0 0 0 -1 0 0 -1 0 0 -1 0 0 -1 0 0 1 0 0 1 0 -1 0 0 -1 0 0 0 1 0 0 1 0 1 0 0 1 0 0 1 0 0 1 0 0 0 -1 0 0 -1 0 0 1 0 0 1 0 -1 0 0 -1 0 1 2.27065e-7 0 0 0 -1 0 0 1 -1 -2.83832e-7 0 0 -1 0 0 0 -1 0 0 1 0 0 -1 0 0 -1 0 0 1 0 1 0 0 0 1 0 -1 0 0 -1 0 0 0 -1 0 0 1 0 1 0 0 -1 0 0 0 -1 0 0 1 0 1 9.16995e-7 0 0 -1 0 0 -1 0 0 1 0 1 0 0 0 1 0 -1 0 0 -1 0 0 0 -1 0 0 1 0 1 0 0 1 0 0 1 0 0 0 -1 0 0 -1 0 0 1 0 0 1 0 -1 0 0 0 -1 0 0 -1 0 0 -1 0 0 -1 0 0 1 0 0 1 0 -1 0 0 -1 0 0 0 1 0 0 1 0 1 0 0 1 0 0 1 0 0 1 0 0 0 -1 0 0 -1 0 0 1 0 0 1 0 -1 0 0 -1 0 1 2.27065e-7 0 0 0 -1 0 0 1 -1 -2.83832e-7 0 0 -1 0 0 0 -1 0 0 1 0 0 -1 0 0 -1 0 0 1 0 1 0 0 0 1 0 -1 0 0 -1 0 0 0 -1 0 0 1 0 1 0 0 -1 0 0 0 -1 0 0 1 0 1 9.16995e-7 0 0 -1 0 0 -1 0 0 1 0 1 0 0 0 1 0 -1 0 0 -1 0 0 0 -1 0 0 1 0 1 0 0 1 0 0 1 0 0 0 -1 0 0 -1 0 0 1 0 0 1 0 -1 0 0 0 -1 0 0 -1 0 0 -1 0 0 -1 0 0 1 0 0 1 0 -1 0 0 -1 0 0 0 1 0 0 1 0 1 0 0 1 0 0 1 0 0 1 0 0 0 -1 0 0 -1 0 0 1 0 0 1 0 -1 0 0 -1 0 1 2.27065e-7 0 0 0 -1 0 0 1 -1 -2.83832e-7 0 0 -1 0 0 -1 0 0 0 -1 0 0 -1 0 0 1 0 0 1 0 1 9.16994e-7 0 0 -1 0 0 -1 0 0 -1 0 0 -1 0 0 1 0 0 1 0 1 0 0 1 0 0 0 1 0 0 1 0 -1 0 0 -1 0 0 -1 0 0 -1 0 0 0 -1 0 0 -1 0 0 1 0 0 1 0 1 0 0 1 0 0 1 0 0 0 -1 0 0 1 0 0 -1 0 0 -1 0 0 1 0 -1 0 0 0 1 0 1 0 0 1 0 0 0 -1 0 0 1 0 -1 0 0 1 0 0 0 -1 0 0 1 0 -1 0 0 0 -1 0 0 -1 0 0 1 0 -1 0 0 0 1 0 1 0 0 1 0 0 0 -1 0 0 1 0 -1 0 -1 -2.55449e-7 0 0 0 1 0 0 -1 1 2.83832e-7 0 0 -1 0 0 -1 0 0 0 -1 0 0 -1 0 0 1 0 0 1 0 1 9.16994e-7 0 0 -1 0 0 -1 0 0 -1 0 0 -1 0 0 1 0 0 1 0 1 0 0 1 0 0 0 1 0 0 1 0 -1 0 0 -1 0 0 -1 0 0 -1 0 0 0 -1 0 0 -1 0 0 1 0 0 1 0 1 0 0 1 0 0 1 0 0 0 -1 0 0 1 0 0 -1 0 0 -1 0 0 1 0 -1 0 0 0 1 0 1 0 0 1 0 0 0 -1 0 0 1 0 -1 0 0 1 0 0 0 -1 0 0 1 0 -1 0 0 0 -1 0 0 -1 0 0 1 0 -1 0 0 0 1 0 1 0 0 1 0 0 0 -1 0 0 1 0 -1 0 -1 -2.55449e-7 0 0 0 1 0 0 -1 1 2.83832e-7 0 0 -1 0 0 -1 0 0 0 -1 0 0 -1 0 0 1 0 0 1 0 1 9.16994e-7 0 0 -1 0 0 -1 0 0 -1 0 0 -1 0 0 1 0 0 1 0 1 0 0 1 0 0 0 1 0 0 1 0 -1 0 0 -1 0 0 -1 0 0 -1 0 0 0 -1 0 0 -1 0 0 1 0 0 1 0 1 0 0 1 0 0 1 0 0 0 -1 0 0 1 0 0 -1 0 0 -1 0 0 1 0 -1 0 0 0 1 0 1 0 0 1 0 0 0 -1 0 0 1 0 -1 0 0 1 0 0 0 -1 0 0 1 0 -1 0 0 0 -1 0 0 -1 0 0 1 0 -1 0 0 0 1 0 1 0 0 1 0 0 0 -1 0 0 1 0 -1 0 -1 -2.55449e-7 0 0 0 1 0 0 -1 1 2.83832e-7 0 0 -1 0 0 -1 0 0 0 -1 0 0 -1 0 0 1 0 0 1 0 1 9.16994e-7 0 0 -1 0 0 -1 0 0 -1 0 0 -1 0 0 1 0 0 1 0 1 0 0 1 0 0 0 1 0 0 1 0 -1 0 0 -1 0 0 -1 0 0 -1 0 0 0 -1 0 0 -1 0 0 1 0 0 1 0 1 0 0 1 0 0 1 0 0 0 -1 0 0 1 0 0 -1 0 0 -1 0 0 1 0 -1 0 0 0 1 0 1 0 0 1 0 0 0 -1 0 0 1 0 -1 0 0 1 0 0 0 -1 0 0 1 0 -1 0 0 0 -1 0 0 -1 0 0 1 0 -1 0 0 0 1 0 1 0 0 1 0 0 0 -1 0 0 1 0 -1 0 -1 -2.55449e-7 0 0 0 1 0 0 -1 1 2.83832e-7 0 0 -1 0 0 -1 0 0 0 -1 0 0 -1 0 0 1 0 0 1 0 1 9.16995e-7 0 0 -1 0 0 -1 0 0 -1 0 0 -1 0 0 1 0 0 1 0 1 0 0 1 0 0 0 1 0 0 1 0 -1 0 0 -1 0 0 -1 0 0 -1 0 0 0 -1 0 0 -1 0 0 1 0 0 1 0 1 0 0 1 0 0 1 0 0 0 -1 0 0 1 0 0 -1 0 0 -1 0 0 1 0 -1 0 0 0 1 0 1 0 0 1 0 0 0 -1 0 0 1 0 -1 0 0 1 0 0 0 -1 0 0 1 0 -1 0 0 0 -1 0 0 -1 0 0 1 0 -1 0 0 0 1 0 1 0 0 1 0 0 0 -1 0 0 1 0 -1 0 -1 -2.27065e-7 0 0 0 1 0 0 -1 1 2.27065e-7 0 0 -1 0 0 1 0 0 -1 0 0 0 -1 0 0 -1 0 0 -1 0 0 -1 0 0 -1 0 0 -1 0 0 -1 0 -1 0 0 -1 0 0 1 0 0 -1 0 0 1 0 -1 0 0 0 -1 0 0 1 0 0 1 0 0 0 -1 0 0 -1 0 0 -1 0 0 -1 0 0 -1 0 0 -1 0 0 -1 -1 0 0 0 -1 0 0 1 0 0 -1 0 0 1 0 0 1 0 0 -1 0 0 -1 0 0 1 0</float_array>
          <technique_common>
            <accessor source="#Cube-mesh-normals-array" count="3252" stride="3">
              <param name="X" type="float"/>
              <param name="Y" type="float"/>
              <param name="Z" type="float"/>
            </accessor>
          </technique_common>
        </source>
        <source id="Cube-mesh-map-0">
          <float_array id="Cube-mesh-map-0-array" count="19512">0.125 0.75 0.375 0.75 0.125 0.75 0.375 0.6666666 0.125 0.6666666 0.375 0.6666666 0.375 0.6666666 0.375 0.6666666 0.375 0.6666666 0.375 0.6666666 0.125 0.6666666 0.375 0.6666666 0.125 0.6666666 0.375 0.6666666 0.375 0.6666666 0.375 0.75 0.375 0.75 0.375 0.75 0.375 0.6666666 0.375 0.6666666 0.375 0.6666666 0.125 0.6666666 0.375 0.6666666 0.125 0.6666666 0.125 0.6666666 0.125 0.6666666 0.125 0.6666666 0.375 0.6666666 0.375 0.6666666 0.375 0.6666666 0.375 0.75 0.125 0.75 0.375 0.75 0.125 0.75 0.125 0.75 0.125 0.75 0.125 0.75 0.125 0.75 0.125 0.75 0.375 0.75 0.375 0.75 0.375 0.75 0.375 0.75 0.375 0.75 0.375 0.75 0.125 0.75 0.125 0.75 0.125 0.75 0.375 0.6666666 0.375 0.6666666 0.375 0.6666666 0.375 0.6666666 0.375 0.6666666 0.375 0.6666666 0.125 0.6666666 0.125 0.6666666 0.125 0.6666666 0.125 0.6666666 0.375 0.6666666 0.125 0.6666666 0.375 0.6666666 0.125 0.6666666 0.375 0.6666666 0.125 0.6666666 0.125 0.6666666 0.375 0.6666666 0.125 0.6666666 0.125 0.6666666 0.125 0.6666666 0.375 0.6666666 0.375 0.6666666 0.375 0.6666666 0.375 0.75 0.375 0.75 0.375 0.75 0.125 0.75 0.125 0.75 0.125 0.75 0.125 0.75 0.125 0.75 0.125 0.75 0.375 0.6666666 0.375 0.6666666 0.375 0.6666666 0.125 0.75 0.125 0.75 0.125 0.75 0.375 0.75 0.375 0.75 0.375 0.75 0.375 0.75 0.375 0.75 0.375 0.75 0.125 0.75 0.125 0.75 0.125 0.75 0.375 0.75 0.375 0.75 0.375 0.75 0.375 0.6666666 0.125 0.6666666 0.375 0.6666666 0.375 0.6666666 0.375 0.6666666 0.375 0.6666666 0.125 0.75 0.125 0.75 0.125 0.75 0.125 0.6666666 0.375 0.6666666 0.125 0.6666666 0.125 0.75 0.125 0.6666666 0.125 0.75 0.125 0.75 0.125 0.75 0.125 0.75 0.125 0.75 0.125 0.75 0.125 0.75 0.375 0.75 0.125 0.75 0.375 0.75 0.375 0.75 0.125 0.75 0.375 0.75 0.375 0.75 0.375 0.75 0.375 0.75 0.375 0.75 0.375 0.75 0.375 0.75 0.375 0.6666666 0.375 0.75 0.375 0.6666666 0.375 0.6666666 0.375 0.75 0.375 0.6666666 0.125 0.6666666 0.375 0.6666666 0.125 0.6666666 0.125 0.75 0.125 0.75 0.125 0.75 0.125 0.75 0.125 0.75 0.125 0.75 0.125 0.75 0.125 0.6666666 0.125 0.75 0.125 0.75 0.125 0.6666666 0.125 0.75 0.125 0.75 0.125 0.75 0.125 0.75 0.125 0.75 0.125 0.75 0.125 0.75 0.375 0.6666666 0.375 0.6666666 0.375 0.6666666 0.375 0.6666666 0.375 0.6666666 0.375 0.6666666 0.375 0.75 0.375 0.75 0.375 0.75 0.375 0.75 0.375 0.75 0.375 0.75 0.375 0.75 0.375 0.75 0.375 0.75 0.375 0.75 0.375 0.75 0.375 0.75 0.125 0.75 0.125 0.75 0.125 0.75 0.125 0.75 0.125 0.75 0.125 0.75 0.125 0.75 0.125 0.75 0.125 0.75 0.125 0.75 0.125 0.75 0.125 0.75 0.375 0.75 0.375 0.75 0.375 0.75 0.375 0.75 0.375 0.75 0.375 0.75 0.125 0.6666666 0.125 0.6666666 0.125 0.6666666 0.125 0.6666666 0.125 0.6666666 0.125 0.6666666 0.375 0.75 0.125 0.75 0.375 0.75 0.375 0.75 0.125 0.75 0.375 0.75 0.375 0.75 0.375 0.75 0.375 0.75 0.375 0.75 0.375 0.75 0.375 0.75 0.375 0.6666666 0.375 0.75 0.375 0.6666666 0.375 0.6666666 0.375 0.75 0.375 0.6666666 0.125 0.6666666 0.375 0.6666666 0.125 0.6666666 0.125 0.75 0.125 0.75 0.125 0.75 0.125 0.75 0.125 0.75 0.125 0.75 0.125 0.75 0.125 0.6666666 0.125 0.75 0.125 0.75 0.125 0.6666666 0.125 0.75 0.125 0.75 0.125 0.75 0.125 0.75 0.125 0.75 0.125 0.75 0.125 0.75 0.375 0.6666666 0.375 0.6666666 0.375 0.6666666 0.375 0.6666666 0.375 0.6666666 0.375 0.6666666 0.375 0.75 0.375 0.75 0.375 0.75 0.375 0.75 0.375 0.75 0.375 0.75 0.375 0.75 0.375 0.75 0.375 0.75 0.375 0.75 0.375 0.75 0.375 0.75 0.125 0.75 0.125 0.75 0.125 0.75 0.125 0.75 0.125 0.75 0.125 0.75 0.125 0.75 0.125 0.75 0.125 0.75 0.125 0.75 0.125 0.75 0.125 0.75 0.375 0.75 0.375 0.75 0.375 0.75 0.375 0.75 0.375 0.75 0.375 0.75 0.125 0.6666666 0.125 0.6666666 0.125 0.6666666 0.125 0.6666666 0.125 0.6666666 0.125 0.6666666 0.375 0.75 0.125 0.75 0.375 0.75 0.375 0.75 0.125 0.75 0.375 0.75 0.375 0.75 0.375 0.75 0.375 0.75 0.375 0.75 0.375 0.75 0.375 0.75 0.375 0.6666666 0.375 0.75 0.375 0.6666666 0.375 0.6666666 0.375 0.75 0.375 0.6666666 0.125 0.6666666 0.375 0.6666666 0.125 0.6666666 0.125 0.75 0.125 0.75 0.125 0.75 0.125 0.75 0.125 0.75 0.125 0.75 0.125 0.75 0.125 0.6666666 0.125 0.75 0.125 0.75 0.125 0.6666666 0.125 0.75 0.125 0.75 0.125 0.75 0.125 0.75 0.125 0.75 0.125 0.75 0.125 0.75 0.375 0.6666666 0.375 0.6666666 0.375 0.6666666 0.375 0.6666666 0.375 0.6666666 0.375 0.6666666 0.375 0.75 0.375 0.75 0.375 0.75 0.375 0.75 0.375 0.75 0.375 0.75 0.375 0.75 0.375 0.75 0.375 0.75 0.375 0.75 0.375 0.75 0.375 0.75 0.125 0.75 0.125 0.75 0.125 0.75 0.125 0.75 0.125 0.75 0.125 0.75 0.125 0.75 0.125 0.75 0.125 0.75 0.125 0.75 0.125 0.75 0.125 0.75 0.375 0.75 0.375 0.75 0.375 0.75 0.375 0.75 0.375 0.75 0.375 0.75 0.125 0.6666666 0.125 0.6666666 0.125 0.6666666 0.125 0.6666666 0.125 0.6666666 0.125 0.6666666 0.375 0.75 0.125 0.75 0.375 0.75 0.375 0.75 0.125 0.75 0.375 0.75 0.375 0.75 0.375 0.75 0.375 0.75 0.375 0.75 0.375 0.75 0.375 0.75 0.375 0.6666666 0.375 0.75 0.375 0.6666666 0.375 0.75 0.375 0.75 0.375 0.75 0.125 0.6666666 0.375 0.6666666 0.125 0.6666666 0.125 0.75 0.125 0.75 0.125 0.75 0.125 0.75 0.125 0.75 0.125 0.75 0.125 0.75 0.125 0.6666666 0.125 0.6666666 0.125 0.75 0.125 0.6666666 0.125 0.6666666 0.125 0.75 0.125 0.75 0.125 0.75 0.125 0.75 0.125 0.75 0.125 0.75 0.375 0.6666666 0.375 0.6666666 0.375 0.6666666 0.375 0.6666666 0.375 0.6666666 0.375 0.6666666 0.375 0.75 0.375 0.75 0.375 0.75 0.375 0.75 0.375 0.75 0.375 0.75 0.375 0.75 0.375 0.75 0.375 0.75 0.375 0.75 0.375 0.75 0.375 0.75 0.125 0.75 0.125 0.75 0.125 0.75 0.125 0.75 0.125 0.75 0.125 0.75 0.125 0.75 0.125 0.75 0.125 0.75 0.125 0.75 0.125 0.75 0.125 0.75 0.375 0.75 0.375 0.75 0.375 0.75 0.375 0.75 0.375 0.75 0.375 0.75 0.125 0.6666666 0.125 0.6666666 0.125 0.6666666 0.125 0.6666666 0.125 0.6666666 0.125 0.6666666 0.375 0.75 0.125 0.75 0.375 0.75 0.375 0.75 0.125 0.75 0.375 0.75 0.375 0.75 0.375 0.75 0.375 0.75 0.375 0.75 0.375 0.75 0.375 0.75 0.375 0.75 0.375 0.75 0.375 0.75 0.375 0.6666666 0.375 0.6666666 0.375 0.6666666 0.125 0.6666666 0.375 0.6666666 0.125 0.6666666 0.125 0.75 0.125 0.75 0.125 0.75 0.125 0.75 0.125 0.75 0.125 0.75 0.125 0.75 0.125 0.75 0.125 0.75 0.125 0.75 0.125 0.75 0.125 0.75 0.375 0.6666666 0.375 0.6666666 0.375 0.6666666 0.375 0.6666666 0.375 0.6666666 0.375 0.6666666 0.375 0.75 0.375 0.75 0.375 0.75 0.375 0.75 0.375 0.75 0.375 0.75 0.375 0.75 0.375 0.75 0.375 0.75 0.375 0.75 0.375 0.75 0.375 0.75 0.125 0.75 0.125 0.75 0.125 0.75 0.125 0.75 0.125 0.75 0.125 0.75 0.125 0.75 0.125 0.75 0.125 0.75 0.125 0.75 0.125 0.75 0.125 0.75 0.375 0.75 0.375 0.75 0.375 0.75 0.375 0.75 0.375 0.75 0.375 0.75 0.125 0.6666666 0.125 0.6666666 0.125 0.6666666 0.125 0.6666666 0.125 0.6666666 0.125 0.6666666 0.375 0.75 0.125 0.75 0.375 0.75 0.375 0.75 0.125 0.75 0.375 0.75 0.375 0.75 0.375 0.75 0.375 0.75 0.375 0.75 0.375 0.75 0.375 0.75 0.375 0.6666666 0.375 0.6666666 0.375 0.6666666 0.375 0.75 0.375 0.75 0.375 0.75 0.125 0.6666666 0.375 0.6666666 0.125 0.6666666 0.125 0.75 0.125 0.75 0.125 0.75 0.125 0.75 0.125 0.75 0.125 0.75 0.125 0.75 0.125 0.75 0.125 0.75 0.125 0.75 0.125 0.75 0.125 0.75 0.375 0.6666666 0.375 0.6666666 0.375 0.6666666 0.375 0.6666666 0.375 0.6666666 0.375 0.6666666 0.375 0.75 0.375 0.75 0.375 0.75 0.375 0.75 0.375 0.75 0.375 0.75 0.375 0.75 0.375 0.75 0.375 0.75 0.375 0.75 0.375 0.75 0.375 0.75 0.125 0.75 0.125 0.75 0.125 0.75 0.125 0.75 0.125 0.75 0.125 0.75 0.125 0.75 0.125 0.75 0.125 0.75 0.125 0.75 0.125 0.75 0.125 0.75 0.375 0.75 0.375 0.75 0.375 0.75 0.375 0.75 0.375 0.75 0.375 0.75 0.125 0.6666666 0.125 0.6666666 0.125 0.6666666 0.125 0.6666666 0.125 0.6666666 0.125 0.6666666 0.375 0.75 0.125 0.75 0.375 0.75 0.375 0.75 0.125 0.75 0.375 0.75 0.375 0.75 0.375 0.75 0.375 0.75 0.375 0.75 0.375 0.75 0.375 0.75 0.125 0.6666666 0.375 0.6666666 0.125 0.6666666 0.125 0.75 0.125 0.75 0.125 0.75 0.125 0.75 0.125 0.75 0.125 0.75 0.125 0.75 0.125 0.75 0.125 0.75 0.125 0.75 0.125 0.75 0.125 0.75 0.375 0.6666666 0.375 0.6666666 0.375 0.6666666 0.375 0.6666666 0.375 0.6666666 0.375 0.6666666 0.375 0.75 0.375 0.75 0.375 0.75 0.375 0.75 0.375 0.75 0.375 0.75 0.375 0.75 0.375 0.75 0.375 0.75 0.375 0.75 0.375 0.75 0.375 0.75 0.125 0.75 0.125 0.75 0.125 0.75 0.125 0.75 0.125 0.75 0.125 0.75 0.125 0.75 0.125 0.75 0.125 0.75 0.125 0.75 0.125 0.75 0.125 0.75 0.375 0.75 0.375 0.75 0.375 0.75 0.375 0.75 0.375 0.75 0.375 0.75 0.125 0.6666666 0.125 0.6666666 0.125 0.6666666 0.125 0.6666666 0.125 0.6666666 0.125 0.6666666 0.375 0.75 0.125 0.75 0.375 0.75 0.375 0.75 0.125 0.75 0.375 0.75 0.375 0.75 0.375 0.75 0.375 0.75 0.375 0.75 0.375 0.75 0.375 0.75 0.375 0.75 0.375 0.75 0.375 0.75 0.375 0.75 0.375 0.75 0.375 0.75 0.125 0.6666666 0.375 0.6666666 0.125 0.6666666 0.125 0.75 0.125 0.75 0.125 0.75 0.125 0.75 0.125 0.75 0.125 0.75 0.125 0.75 0.125 0.6666666 0.125 0.6666666 0.125 0.75 0.125 0.75 0.125 0.75 0.125 0.75 0.125 0.75 0.125 0.75 0.375 0.6666666 0.375 0.6666666 0.375 0.6666666 0.375 0.6666666 0.375 0.6666666 0.375 0.6666666 0.375 0.75 0.375 0.75 0.375 0.75 0.375 0.75 0.375 0.75 0.375 0.75 0.375 0.75 0.375 0.75 0.375 0.75 0.375 0.75 0.375 0.75 0.375 0.75 0.125 0.75 0.125 0.75 0.125 0.75 0.125 0.75 0.125 0.75 0.125 0.75 0.125 0.75 0.125 0.75 0.125 0.75 0.125 0.75 0.125 0.75 0.125 0.75 0.375 0.75 0.375 0.75 0.375 0.75 0.375 0.75 0.375 0.75 0.375 0.75 0.125 0.6666666 0.125 0.6666666 0.125 0.6666666 0.125 0.6666666 0.125 0.6666666 0.125 0.6666666 0.375 0.75 0.125 0.75 0.375 0.75 0.375 0.75 0.125 0.75 0.375 0.75 0.375 0.75 0.375 0.75 0.375 0.75 0.375 0.75 0.375 0.75 0.375 0.75 0.375 0.6666666 0.375 0.75 0.375 0.6666666 0.375 0.6666666 0.375 0.75 0.375 0.6666666 0.125 0.6666666 0.375 0.6666666 0.125 0.6666666 0.125 0.75 0.125 0.75 0.125 0.75 0.125 0.75 0.125 0.75 0.125 0.75 0.125 0.75 0.125 0.6666666 0.125 0.6666666 0.125 0.75 0.125 0.6666666 0.125 0.75 0.125 0.75 0.125 0.75 0.125 0.75 0.125 0.75 0.125 0.75 0.125 0.75 0.375 0.6666666 0.375 0.6666666 0.375 0.6666666 0.375 0.6666666 0.375 0.6666666 0.375 0.6666666 0.375 0.75 0.375 0.75 0.375 0.75 0.375 0.75 0.375 0.75 0.375 0.75 0.375 0.75 0.375 0.75 0.375 0.75 0.375 0.75 0.375 0.75 0.375 0.75 0.125 0.75 0.125 0.75 0.125 0.75 0.125 0.75 0.125 0.75 0.125 0.75 0.125 0.75 0.125 0.75 0.125 0.75 0.125 0.75 0.125 0.75 0.125 0.75 0.375 0.75 0.375 0.75 0.375 0.75 0.375 0.75 0.375 0.75 0.375 0.75 0.125 0.6666666 0.125 0.6666666 0.125 0.6666666 0.125 0.6666666 0.125 0.6666666 0.125 0.6666666 0.375 0.75 0.125 0.75 0.375 0.75 0.375 0.75 0.125 0.75 0.375 0.75 0.375 0.75 0.375 0.75 0.375 0.75 0.375 0.75 0.375 0.75 0.375 0.75 0.375 0.6666666 0.375 0.75 0.375 0.6666666 0.375 0.6666666 0.375 0.75 0.375 0.6666666 0.125 0.6666666 0.375 0.6666666 0.125 0.6666666 0.125 0.75 0.125 0.75 0.125 0.75 0.125 0.75 0.125 0.75 0.125 0.75 0.125 0.75 0.125 0.6666666 0.125 0.75 0.125 0.75 0.125 0.6666666 0.125 0.75 0.125 0.75 0.125 0.75 0.125 0.75 0.125 0.75 0.125 0.75 0.125 0.75 0.375 0.6666666 0.375 0.6666666 0.375 0.6666666 0.375 0.6666666 0.375 0.6666666 0.375 0.6666666 0.375 0.75 0.375 0.75 0.375 0.75 0.375 0.75 0.375 0.75 0.375 0.75 0.375 0.75 0.375 0.75 0.375 0.75 0.375 0.75 0.375 0.75 0.375 0.75 0.125 0.75 0.125 0.75 0.125 0.75 0.125 0.75 0.125 0.75 0.125 0.75 0.125 0.75 0.125 0.75 0.125 0.75 0.125 0.75 0.125 0.75 0.125 0.75 0.375 0.75 0.375 0.75 0.375 0.75 0.375 0.75 0.375 0.75 0.375 0.75 0.125 0.6666666 0.125 0.6666666 0.125 0.6666666 0.125 0.6666666 0.125 0.6666666 0.125 0.6666666 0.375 0.75 0.125 0.75 0.375 0.75 0.375 0.75 0.125 0.75 0.375 0.75 0.375 0.75 0.375 0.75 0.375 0.75 0.375 0.75 0.375 0.75 0.375 0.75 0.375 0.6666666 0.375 0.75 0.375 0.6666666 0.375 0.6666666 0.375 0.75 0.375 0.6666666 0.125 0.6666666 0.375 0.6666666 0.125 0.6666666 0.125 0.75 0.125 0.75 0.125 0.75 0.125 0.75 0.125 0.75 0.125 0.75 0.125 0.75 0.125 0.6666666 0.125 0.75 0.125 0.75 0.125 0.6666666 0.125 0.75 0.125 0.75 0.125 0.75 0.125 0.75 0.125 0.75 0.125 0.75 0.125 0.75 0.375 0.6666666 0.375 0.6666666 0.375 0.6666666 0.375 0.6666666 0.375 0.6666666 0.375 0.6666666 0.375 0.75 0.375 0.75 0.375 0.75 0.375 0.75 0.375 0.75 0.375 0.75 0.375 0.75 0.375 0.75 0.375 0.75 0.375 0.75 0.375 0.75 0.375 0.75 0.125 0.75 0.125 0.75 0.125 0.75 0.125 0.75 0.125 0.75 0.125 0.75 0.125 0.75 0.125 0.75 0.125 0.75 0.125 0.75 0.125 0.75 0.125 0.75 0.375 0.75 0.375 0.75 0.375 0.75 0.375 0.75 0.375 0.75 0.375 0.75 0.125 0.6666666 0.125 0.6666666 0.125 0.6666666 0.125 0.6666666 0.125 0.6666666 0.125 0.6666666 0.375 0.75 0.125 0.75 0.375 0.75 0.375 0.75 0.375 0.75 0.375 0.75 0.375 0.6666666 0.375 0.75 0.375 0.6666666 0.125 0.6666666 0.375 0.6666666 0.125 0.6666666 0.125 0.75 0.125 0.75 0.125 0.75 0.125 0.75 0.125 0.6666666 0.125 0.75 0.125 0.75 0.125 0.75 0.125 0.75 0.375 0.6666666 0.375 0.6666666 0.375 0.6666666 0.375 0.75 0.375 0.75 0.375 0.75 0.375 0.75 0.375 0.75 0.375 0.75 0.125 0.75 0.125 0.75 0.125 0.75 0.125 0.75 0.125 0.75 0.125 0.75 0.375 0.75 0.375 0.75 0.375 0.75 0.125 0.6666666 0.125 0.6666666 0.125 0.6666666 0.375 0.75 0.375 0.6666666 0.375 0.6666666 0.375 0.6666666 0.375 0.75 0.375 0.6666666 0.375 0.6666666 0.375 0.75 0.375 0.6666666 0.375 0.6666666 0.375 0.75 0.375 0.6666666 0.375 0.6666666 0.375 0.75 0.375 0.6666666 0.375 0.6666666 0.375 0.75 0.375 0.6666666 0.375 0.6666666 0.375 0.75 0.375 0.6666666 0.375 0.6666666 0.375 0.75 0.375 0.6666666 0.375 0.6666666 0.375 0.75 0.375 0.75 0.375 0.75 0.375 0.75 0.375 0.75 0.375 0.6666666 0.375 0.6666666 0.375 0.6666666 0.375 0.6666666 0.375 0.6666666 0.375 0.6666666 0.375 0.75 0.375 0.75 0.375 0.75 0.375 0.6666666 0.375 0.6666666 0.375 0.6666666 0.375 0.6666666 0.375 0.6666666 0.375 0.6666666 0.375 0.6666666 0.375 0.6666666 0.375 0.6666666 0 0 0 0 0 0 0 0 0 0 0 0 0 0 0 0 0 0 0 0 0 0 0 0 0 0 0 0 0 0 0 0 0 0 0 0 0 0 0 0 0 0 0 0 0 0 0 0 0 0 0 0 0 0 0 0 0 0 0 0 0 0 0 0 0 0 0 0 0 0 0 0 0 0 0 0 0 0 0 0 0 0 0 0 0 0 0 0 0 0 0 0 0 0 0 0 0 0 0 0 0 0 0 0 0 0 0 0 0 0 0 0 0 0 0 0 0 0 0 0 0 0 0 0 0 0 0 0 0 0 0 0 0 0 0 0 0 0 0 0 0 0 0 0 0 0 0 0 0 0 0 0 0 0 0 0 0 0 0 0 0 0 0 0 0 0 0 0 0 0 0 0 0 0 0 0 0 0 0 0 0 0 0 0 0 0 0 0 0 0 0 0 0 0 0 0 0 0 0 0 0 0 0 0 0 0 0 0 0 0 0 0 0 0 0 0 0 0 0 0 0 0 0 0 0 0 0 0 0 0 0 0 0 0 0 0 0 0 0 0 0.375 0.6666666 0.375 0.75 0.375 0.6666666 0.375 0.6666666 0.375 0.75 0.375 0.6666666 0.125 0.6666666 0.125 0.6666666 0.25 0.6666666 0.125 0.6666666 0.125 0.6666666 0.125 0.6666666 0.375 0.6666666 0.375 0.75 0.375 0.6666666 0.375 0.75 0.375 0.75 0.375 0.75 0.125 0.6666666 0.375 0.6666666 0.25 0.6666666 0.375 0.75 0.125 0.75 0.125 0.75 0.375 0.75 0.375 0.75 0.375 0.75 0.125 0.6666666 0.125 0.6666666 0.125 0.6666666 0.375 0.6666666 0.375 0.6666666 0.375 0.6666666 0.375 0.6666666 0.375 0.6666666 0.375 0.6666666 0.125 0.6666666 0.125 0.6666666 0.125 0.6666666 0.375 0.75 0.125 0.75 0.125 0.75 0.125 0.6666666 0.125 0.6666666 0.125 0.6666666 0.125 0.75 0.125 0.75 0.125 0.75 0.375 0.75 0.125 0.75 0.375 0.75 0.375 0.75 0.125 0.75 0.375 0.75 0.375 0.75 0.375 0.75 0.375 0.75 0.375 0.75 0.375 0.75 0.375 0.75 0.375 0.6666666 0.375 0.75 0.375 0.6666666 0.375 0.6666666 0.375 0.75 0.375 0.6666666 0.125 0.6666666 0.375 0.6666666 0.125 0.6666666 0.125 0.75 0.125 0.75 0.125 0.75 0.125 0.75 0.125 0.75 0.125 0.75 0.125 0.75 0.125 0.6666666 0.125 0.75 0.125 0.75 0.125 0.6666666 0.125 0.75 0.125 0.75 0.125 0.75 0.125 0.75 0.125 0.75 0.125 0.75 0.125 0.75 0.375 0.6666666 0.375 0.6666666 0.375 0.6666666 0.375 0.6666666 0.375 0.6666666 0.375 0.6666666 0.375 0.75 0.375 0.75 0.375 0.75 0.375 0.75 0.375 0.75 0.375 0.75 0.375 0.75 0.375 0.75 0.375 0.75 0.375 0.75 0.375 0.75 0.375 0.75 0.125 0.75 0.125 0.75 0.125 0.75 0.125 0.75 0.125 0.75 0.125 0.75 0.125 0.75 0.125 0.75 0.125 0.75 0.125 0.75 0.125 0.75 0.125 0.75 0.375 0.75 0.375 0.75 0.375 0.75 0.375 0.75 0.375 0.75 0.375 0.75 0.125 0.6666666 0.125 0.6666666 0.125 0.6666666 0.125 0.6666666 0.125 0.6666666 0.125 0.6666666 0.375 0.75 0.125 0.75 0.375 0.75 0.375 0.75 0.125 0.75 0.375 0.75 0.375 0.75 0.375 0.75 0.375 0.75 0.375 0.75 0.375 0.75 0.375 0.75 0.375 0.6666666 0.375 0.75 0.375 0.6666666 0.375 0.6666666 0.375 0.75 0.375 0.6666666 0.125 0.6666666 0.375 0.6666666 0.125 0.6666666 0.125 0.75 0.125 0.75 0.125 0.75 0.125 0.75 0.125 0.75 0.125 0.75 0.125 0.75 0.125 0.6666666 0.125 0.75 0.125 0.75 0.125 0.6666666 0.125 0.75 0.125 0.75 0.125 0.75 0.125 0.75 0.125 0.75 0.125 0.75 0.125 0.75 0.375 0.6666666 0.375 0.6666666 0.375 0.6666666 0.375 0.6666666 0.375 0.6666666 0.375 0.6666666 0.375 0.75 0.375 0.75 0.375 0.75 0.375 0.75 0.375 0.75 0.375 0.75 0.375 0.75 0.375 0.75 0.375 0.75 0.375 0.75 0.375 0.75 0.375 0.75 0.125 0.75 0.125 0.75 0.125 0.75 0.125 0.75 0.125 0.75 0.125 0.75 0.125 0.75 0.125 0.75 0.125 0.75 0.125 0.75 0.125 0.75 0.125 0.75 0.375 0.75 0.375 0.75 0.375 0.75 0.375 0.75 0.375 0.75 0.375 0.75 0.125 0.6666666 0.125 0.6666666 0.125 0.6666666 0.125 0.6666666 0.125 0.6666666 0.125 0.6666666 0.375 0.75 0.125 0.75 0.375 0.75 0.375 0.75 0.125 0.75 0.375 0.75 0.375 0.75 0.375 0.75 0.375 0.75 0.375 0.75 0.375 0.75 0.375 0.75 0.375 0.6666666 0.375 0.75 0.375 0.6666666 0.375 0.6666666 0.375 0.75 0.375 0.6666666 0.125 0.6666666 0.375 0.6666666 0.125 0.6666666 0.125 0.75 0.125 0.75 0.125 0.75 0.125 0.75 0.125 0.75 0.125 0.75 0.125 0.75 0.125 0.6666666 0.125 0.75 0.125 0.75 0.125 0.6666666 0.125 0.75 0.125 0.75 0.125 0.75 0.125 0.75 0.125 0.75 0.125 0.75 0.125 0.75 0.375 0.6666666 0.375 0.6666666 0.375 0.6666666 0.375 0.6666666 0.375 0.6666666 0.375 0.6666666 0.375 0.75 0.375 0.75 0.375 0.75 0.375 0.75 0.375 0.75 0.375 0.75 0.375 0.75 0.375 0.75 0.375 0.75 0.375 0.75 0.375 0.75 0.375 0.75 0.125 0.75 0.125 0.75 0.125 0.75 0.125 0.75 0.125 0.75 0.125 0.75 0.125 0.75 0.125 0.75 0.125 0.75 0.125 0.75 0.125 0.75 0.125 0.75 0.375 0.75 0.375 0.75 0.375 0.75 0.375 0.75 0.375 0.75 0.375 0.75 0.125 0.6666666 0.125 0.6666666 0.125 0.6666666 0.125 0.6666666 0.125 0.6666666 0.125 0.6666666 0.375 0.75 0.125 0.75 0.375 0.75 0.375 0.75 0.125 0.75 0.375 0.75 0.375 0.75 0.375 0.75 0.375 0.75 0.375 0.75 0.375 0.75 0.375 0.75 0.375 0.6666666 0.375 0.75 0.375 0.6666666 0.375 0.75 0.375 0.75 0.375 0.75 0.125 0.6666666 0.375 0.6666666 0.125 0.6666666 0.125 0.75 0.125 0.75 0.125 0.75 0.125 0.75 0.125 0.75 0.125 0.75 0.125 0.75 0.125 0.6666666 0.125 0.6666666 0.125 0.75 0.125 0.6666666 0.125 0.6666666 0.125 0.75 0.125 0.75 0.125 0.75 0.125 0.75 0.125 0.75 0.125 0.75 0.375 0.6666666 0.375 0.6666666 0.375 0.6666666 0.375 0.6666666 0.375 0.6666666 0.375 0.6666666 0.375 0.75 0.375 0.75 0.375 0.75 0.375 0.75 0.375 0.75 0.375 0.75 0.375 0.75 0.375 0.75 0.375 0.75 0.375 0.75 0.375 0.75 0.375 0.75 0.125 0.75 0.125 0.75 0.125 0.75 0.125 0.75 0.125 0.75 0.125 0.75 0.125 0.75 0.125 0.75 0.125 0.75 0.125 0.75 0.125 0.75 0.125 0.75 0.375 0.75 0.375 0.75 0.375 0.75 0.375 0.75 0.375 0.75 0.375 0.75 0.125 0.6666666 0.125 0.6666666 0.125 0.6666666 0.125 0.6666666 0.125 0.6666666 0.125 0.6666666 0.375 0.75 0.125 0.75 0.375 0.75 0.375 0.75 0.125 0.75 0.375 0.75 0.375 0.75 0.375 0.75 0.375 0.75 0.375 0.75 0.375 0.75 0.375 0.75 0.375 0.75 0.375 0.75 0.375 0.75 0.375 0.6666666 0.375 0.6666666 0.375 0.6666666 0.125 0.6666666 0.375 0.6666666 0.125 0.6666666 0.125 0.75 0.125 0.75 0.125 0.75 0.125 0.75 0.125 0.75 0.125 0.75 0.125 0.75 0.125 0.75 0.125 0.75 0.125 0.75 0.125 0.75 0.125 0.75 0.375 0.6666666 0.375 0.6666666 0.375 0.6666666 0.375 0.6666666 0.375 0.6666666 0.375 0.6666666 0.375 0.75 0.375 0.75 0.375 0.75 0.375 0.75 0.375 0.75 0.375 0.75 0.375 0.75 0.375 0.75 0.375 0.75 0.375 0.75 0.375 0.75 0.375 0.75 0.125 0.75 0.125 0.75 0.125 0.75 0.125 0.75 0.125 0.75 0.125 0.75 0.125 0.75 0.125 0.75 0.125 0.75 0.125 0.75 0.125 0.75 0.125 0.75 0.375 0.75 0.375 0.75 0.375 0.75 0.375 0.75 0.375 0.75 0.375 0.75 0.125 0.6666666 0.125 0.6666666 0.125 0.6666666 0.125 0.6666666 0.125 0.6666666 0.125 0.6666666 0.375 0.75 0.125 0.75 0.375 0.75 0.375 0.75 0.125 0.75 0.375 0.75 0.375 0.75 0.375 0.75 0.375 0.75 0.375 0.75 0.375 0.75 0.375 0.75 0.375 0.6666666 0.375 0.6666666 0.375 0.6666666 0.375 0.75 0.375 0.75 0.375 0.75 0.125 0.6666666 0.375 0.6666666 0.125 0.6666666 0.125 0.75 0.125 0.75 0.125 0.75 0.125 0.75 0.125 0.75 0.125 0.75 0.125 0.75 0.125 0.75 0.125 0.75 0.125 0.75 0.125 0.75 0.125 0.75 0.375 0.6666666 0.375 0.6666666 0.375 0.6666666 0.375 0.6666666 0.375 0.6666666 0.375 0.6666666 0.375 0.75 0.375 0.75 0.375 0.75 0.375 0.75 0.375 0.75 0.375 0.75 0.375 0.75 0.375 0.75 0.375 0.75 0.375 0.75 0.375 0.75 0.375 0.75 0.125 0.75 0.125 0.75 0.125 0.75 0.125 0.75 0.125 0.75 0.125 0.75 0.125 0.75 0.125 0.75 0.125 0.75 0.125 0.75 0.125 0.75 0.125 0.75 0.375 0.75 0.375 0.75 0.375 0.75 0.375 0.75 0.375 0.75 0.375 0.75 0.125 0.6666666 0.125 0.6666666 0.125 0.6666666 0.125 0.6666666 0.125 0.6666666 0.125 0.6666666 0.375 0.75 0.125 0.75 0.375 0.75 0.375 0.75 0.125 0.75 0.375 0.75 0.375 0.75 0.375 0.75 0.375 0.75 0.375 0.75 0.375 0.75 0.375 0.75 0.125 0.6666666 0.375 0.6666666 0.125 0.6666666 0.125 0.75 0.125 0.75 0.125 0.75 0.125 0.75 0.125 0.75 0.125 0.75 0.125 0.75 0.125 0.75 0.125 0.75 0.125 0.75 0.125 0.75 0.125 0.75 0.375 0.6666666 0.375 0.6666666 0.375 0.6666666 0.375 0.6666666 0.375 0.6666666 0.375 0.6666666 0.375 0.75 0.375 0.75 0.375 0.75 0.375 0.75 0.375 0.75 0.375 0.75 0.375 0.75 0.375 0.75 0.375 0.75 0.375 0.75 0.375 0.75 0.375 0.75 0.125 0.75 0.125 0.75 0.125 0.75 0.125 0.75 0.125 0.75 0.125 0.75 0.125 0.75 0.125 0.75 0.125 0.75 0.125 0.75 0.125 0.75 0.125 0.75 0.375 0.75 0.375 0.75 0.375 0.75 0.375 0.75 0.375 0.75 0.375 0.75 0.125 0.6666666 0.125 0.6666666 0.125 0.6666666 0.125 0.6666666 0.125 0.6666666 0.125 0.6666666 0.375 0.75 0.125 0.75 0.375 0.75 0.375 0.75 0.125 0.75 0.375 0.75 0.375 0.75 0.375 0.75 0.375 0.75 0.375 0.75 0.375 0.75 0.375 0.75 0.375 0.75 0.375 0.75 0.375 0.75 0.375 0.75 0.375 0.75 0.375 0.75 0.125 0.6666666 0.375 0.6666666 0.125 0.6666666 0.125 0.75 0.125 0.75 0.125 0.75 0.125 0.75 0.125 0.75 0.125 0.75 0.125 0.75 0.125 0.6666666 0.125 0.6666666 0.125 0.75 0.125 0.75 0.125 0.75 0.125 0.75 0.125 0.75 0.125 0.75 0.375 0.6666666 0.375 0.6666666 0.375 0.6666666 0.375 0.6666666 0.375 0.6666666 0.375 0.6666666 0.375 0.75 0.375 0.75 0.375 0.75 0.375 0.75 0.375 0.75 0.375 0.75 0.375 0.75 0.375 0.75 0.375 0.75 0.375 0.75 0.375 0.75 0.375 0.75 0.125 0.75 0.125 0.75 0.125 0.75 0.125 0.75 0.125 0.75 0.125 0.75 0.125 0.75 0.125 0.75 0.125 0.75 0.125 0.75 0.125 0.75 0.125 0.75 0.375 0.75 0.375 0.75 0.375 0.75 0.375 0.75 0.375 0.75 0.375 0.75 0.125 0.6666666 0.125 0.6666666 0.125 0.6666666 0.125 0.6666666 0.125 0.6666666 0.125 0.6666666 0.375 0.75 0.125 0.75 0.375 0.75 0.375 0.75 0.125 0.75 0.375 0.75 0.375 0.75 0.375 0.75 0.375 0.75 0.375 0.75 0.375 0.75 0.375 0.75 0.375 0.6666666 0.375 0.75 0.375 0.6666666 0.375 0.6666666 0.375 0.75 0.375 0.6666666 0.125 0.6666666 0.375 0.6666666 0.125 0.6666666 0.125 0.75 0.125 0.75 0.125 0.75 0.125 0.75 0.125 0.75 0.125 0.75 0.125 0.75 0.125 0.6666666 0.125 0.6666666 0.125 0.75 0.125 0.6666666 0.125 0.75 0.125 0.75 0.125 0.75 0.125 0.75 0.125 0.75 0.125 0.75 0.125 0.75 0.375 0.6666666 0.375 0.6666666 0.375 0.6666666 0.375 0.6666666 0.375 0.6666666 0.375 0.6666666 0.375 0.75 0.375 0.75 0.375 0.75 0.375 0.75 0.375 0.75 0.375 0.75 0.375 0.75 0.375 0.75 0.375 0.75 0.375 0.75 0.375 0.75 0.375 0.75 0.125 0.75 0.125 0.75 0.125 0.75 0.125 0.75 0.125 0.75 0.125 0.75 0.125 0.75 0.125 0.75 0.125 0.75 0.125 0.75 0.125 0.75 0.125 0.75 0.375 0.75 0.375 0.75 0.375 0.75 0.375 0.75 0.375 0.75 0.375 0.75 0.125 0.6666666 0.125 0.6666666 0.125 0.6666666 0.125 0.6666666 0.125 0.6666666 0.125 0.6666666 0.375 0.75 0.125 0.75 0.375 0.75 0.375 0.75 0.125 0.75 0.375 0.75 0.375 0.75 0.375 0.75 0.375 0.75 0.375 0.75 0.375 0.75 0.375 0.75 0.375 0.6666666 0.375 0.75 0.375 0.6666666 0.375 0.6666666 0.375 0.75 0.375 0.6666666 0.125 0.6666666 0.375 0.6666666 0.125 0.6666666 0.125 0.75 0.125 0.75 0.125 0.75 0.125 0.75 0.125 0.75 0.125 0.75 0.125 0.75 0.125 0.6666666 0.125 0.6666666 0.125 0.75 0.125 0.6666666 0.125 0.75 0.125 0.75 0.125 0.75 0.125 0.75 0.125 0.75 0.125 0.75 0.125 0.75 0.375 0.6666666 0.375 0.6666666 0.375 0.6666666 0.375 0.6666666 0.375 0.6666666 0.375 0.6666666 0.375 0.75 0.375 0.75 0.375 0.75 0.375 0.75 0.375 0.75 0.375 0.75 0.375 0.75 0.375 0.75 0.375 0.75 0.375 0.75 0.375 0.75 0.375 0.75 0.125 0.75 0.125 0.75 0.125 0.75 0.125 0.75 0.125 0.75 0.125 0.75 0.125 0.75 0.125 0.75 0.125 0.75 0.125 0.75 0.125 0.75 0.125 0.75 0.375 0.75 0.375 0.75 0.375 0.75 0.375 0.75 0.375 0.75 0.375 0.75 0.125 0.6666666 0.125 0.6666666 0.125 0.6666666 0.125 0.6666666 0.125 0.6666666 0.125 0.6666666 0.375 0.75 0.125 0.75 0.375 0.75 0.375 0.75 0.125 0.75 0.375 0.75 0.375 0.75 0.375 0.75 0.375 0.75 0.375 0.75 0.375 0.75 0.375 0.75 0.375 0.6666666 0.375 0.75 0.375 0.6666666 0.375 0.6666666 0.375 0.75 0.375 0.6666666 0.125 0.6666666 0.375 0.6666666 0.125 0.6666666 0.125 0.75 0.125 0.75 0.125 0.75 0.125 0.75 0.125 0.75 0.125 0.75 0.125 0.75 0.125 0.6666666 0.125 0.75 0.125 0.75 0.125 0.6666666 0.125 0.75 0.125 0.75 0.125 0.75 0.125 0.75 0.125 0.75 0.125 0.75 0.125 0.75 0.375 0.6666666 0.375 0.6666666 0.375 0.6666666 0.375 0.6666666 0.375 0.6666666 0.375 0.6666666 0.375 0.75 0.375 0.75 0.375 0.75 0.375 0.75 0.375 0.75 0.375 0.75 0.375 0.75 0.375 0.75 0.375 0.75 0.375 0.75 0.375 0.75 0.375 0.75 0.125 0.75 0.125 0.75 0.125 0.75 0.125 0.75 0.125 0.75 0.125 0.75 0.125 0.75 0.125 0.75 0.125 0.75 0.125 0.75 0.125 0.75 0.125 0.75 0.375 0.75 0.375 0.75 0.375 0.75 0.375 0.75 0.375 0.75 0.375 0.75 0.125 0.6666666 0.125 0.6666666 0.125 0.6666666 0.125 0.6666666 0.125 0.6666666 0.125 0.6666666 0.375 0.75 0.125 0.75 0.375 0.75 0.375 0.75 0.375 0.75 0.375 0.75 0.375 0.75 0.375 0.75 0.375 0.75 0.125 0.6666666 0.125 0.6666666 0.125 0.6666666 0.375 0.6666666 0.375 0.75 0.375 0.6666666 0.125 0.6666666 0.125 0.6666666 0.125 0.6666666 0.125 0.6666666 0.375 0.6666666 0.125 0.6666666 0.125 0.75 0.125 0.75 0.125 0.75 0.125 0.6666666 0.125 0.6666666 0.125 0.6666666 0.125 0.75 0.125 0.6666666 0.125 0.75 0.375 0.6666666 0.375 0.6666666 0.375 0.6666666 0.125 0.75 0.125 0.75 0.125 0.75 0.125 0.6666666 0.125 0.6666666 0.125 0.6666666 0.375 0.6666666 0.375 0.6666666 0.375 0.6666666 0.375 0.6666666 0.375 0.6666666 0.375 0.6666666 0.375 0.75 0.375 0.75 0.375 0.75 0.125 0.6666666 0.375 0.6666666 0.125 0.6666666 0.375 0.75 0.375 0.75 0.375 0.75 0.125 0.6666666 0.125 0.6666666 0.125 0.6666666 0.125 0.75 0.125 0.75 0.125 0.75 0.375 0.6666666 0.125 0.6666666 0.375 0.6666666 0.125 0.75 0.125 0.75 0.125 0.75 0.375 0.75 0.125 0.75 0.375 0.75 0.375 0.75 0.375 0.75 0.375 0.75 0.375 0.75 0.125 0.75 0.125 0.75 0.125 0.6666666 0.125 0.6666666 0.125 0.6666666 0.125 0.75 0.375 0.75 0.125 0.75 0.375 0.75 0.375 0.6666666 0.375 0.6666666 0.375 0.6666666 0.375 0.75 0.375 0.75 0.375 0.6666666 0.375 0.75 0.375 0.75 0.375 0.6666666 0.375 0.75 0.375 0.75 0.375 0.6666666 0.375 0.75 0.375 0.6666666 0.375 0.6666666 0.375 0.75 0.375 0.75 0.375 0.6666666 0.375 0.75 0.375 0.75 0.375 0.6666666 0.375 0.75 0.375 0.75 0.375 0.6666666 0.375 0.75 0.375 0.75 0.375 0.75 0.375 0.75 0.375 0.75 0.375 0.6666666 0.375 0.6666666 0.375 0.6666666 0.375 0.6666666 0.375 0.6666666 0.375 0.6666666 0.375 0.75 0.375 0.75 0.375 0.75 0.375 0.6666666 0.375 0.6666666 0.375 0.6666666 0.375 0.6666666 0.375 0.6666666 0.375 0.6666666 0.375 0.6666666 0.375 0.6666666 0.375 0.6666666 0 0 0 0 0 0 0 0 0 0 0 0 0 0 0 0 0 0 0 0 0 0 0 0 0 0 0 0 0 0 0 0 0 0 0 0 0 0 0 0 0 0 0 0 0 0 0 0 0 0 0 0 0 0 0 0 0 0 0 0 0 0 0 0 0 0 0 0 0 0 0 0 0 0 0 0 0 0 0 0 0 0 0 0 0 0 0 0 0 0 0 0 0 0 0 0 0 0 0 0 0 0 0 0 0 0 0 0 0 0 0 0 0 0 0 0 0 0 0 0 0 0 0 0 0 0 0 0 0 0 0 0 0 0 0 0 0 0 0 0 0 0 0 0 0 0 0 0 0 0 0 0 0 0 0 0 0 0 0 0 0 0 0 0 0 0 0 0 0 0 0 0 0 0 0 0 0 0 0 0 0 0 0 0 0 0 0 0 0 0 0 0 0 0 0 0 0 0 0 0 0 0 0 0 0 0 0 0 0 0 0 0 0 0 0 0 0 0 0 0 0 0 0 0 0 0 0 0 0 0 0 0 0 0 0 0 0 0 0 0 0.375 0.6666666 0.375 0.75 0.375 0.6666666 0.375 0.6666666 0.375 0.75 0.375 0.6666666 0.125 0.6666666 0.375 0.6666666 0.375 0.6666666 0.125 0.6666666 0.125 0.6666666 0.125 0.6666666 0.375 0.6666666 0.125 0.6666666 0.125 0.6666666 0.125 0.6666666 0.125 0.6666666 0.125 0.6666666 0.125 0.75 0.125 0.75 0.125 0.75 0.125 0.6666666 0.125 0.6666666 0.125 0.6666666 0.125 0.6666666 0.125 0.75 0.125 0.75 0.125 0.6666666 0.125 0.6666666 0.125 0.6666666 0.125 0.75 0.125 0.75 0.125 0.75 0.125 0.6666666 0.125 0.6666666 0.125 0.6666666 0.125 0.6666666 0.125 0.6666666 0.125 0.6666666 0.125 0.75 0.125 0.75 0.125 0.75 0.125 0.75 0.125 0.6666666 0.125 0.6666666 0.125 0.6666666 0.125 0.6666666 0.125 0.6666666 0.125 0.6666666 0.125 0.6666666 0.125 0.6666666 0.125 0.6666666 0.375 0.6666666 0.375 0.6666666 0.125 0.6666666 0.375 0.6666666 0.375 0.6666666 0.125 0.6666666 0.375 0.6666666 0.125 0.6666666 0.125 0.6666666 0.125 0.6666666 0.125 0.6666666 0.375 0.6666666 0.125 0.6666666 0.125 0.6666666 0.125 0.6666666 0.125 0.6666666 0.125 0.6666666 0.375 0.6666666 0.375 0.6666666 0.375 0.6666666 0.375 0.6666666 0.375 0.6666666 0.375 0.6666666 0.125 0.6666666 0.375 0.6666666 0.375 0.6666666 0.375 0.6666666 0.375 0.6666666 0.375 0.6666666 0.375 0.6666666 0.125 0.6666666 0.125 0.6666666 0.125 0.6666666 0.125 0.6666666 0.125 0.6666666 0.375 0.6666666 0.125 0.6666666 0.125 0.6666666 0.125 0.6666666 0.125 0.6666666 0.125 0.6666666 0.125 0.6666666 0.375 0.6666666 0.375 0.6666666 0.125 0.6666666 0.375 0.6666666 0.375 0.6666666 0.375 0.6666666 0.375 0.6666666 0.375 0.6666666 0.125 0.6666666 0.125 0.6666666 0.125 0.6666666 0.375 0.6666666 0.375 0.6666666 0.375 0.6666666 0.375 0.6666666 0.375 0.6666666 0.375 0.6666666 0.125 0.6666666 0.375 0.6666666 0.375 0.6666666 0.375 0.6666666 0.125 0.6666666 0.125 0.6666666 0.125 0.6666666 0.375 0.6666666 0.375 0.6666666 0.125 0.6666666 0.125 0.6666666 0.125 0.6666666 0.375 0.6666666 0.375 0.6666666 0.375 0.6666666 0.375 0.6666666 0.125 0.6666666 0.125 0.6666666 0.375 0.6666666 0.375 0.6666666 0.375 0.6666666 0.125 0.6666666 0.375 0.6666666 0.125 0.6666666 0.125 0.6666666 0.125 0.6666666 0.125 0.6666666 0.125 0.6666666 0.125 0.6666666 0.125 0.6666666 0.375 0.6666666 0.375 0.6666666 0.375 0.6666666 0.125 0.6666666 0.375 0.6666666 0.375 0.6666666 0.375 0.6666666 0.375 0.6666666 0.375 0.6666666 0.375 0.6666666 0.375 0.6666666 0.375 0.6666666 0.125 0.6666666 0.125 0.6666666 0.125 0.6666666 0.125 0.6666666 0.375 0.6666666 0.125 0.6666666 0.125 0.6666666 0.375 0.6666666 0.375 0.6666666 0.375 0.6666666 0.375 0.6666666 0.375 0.6666666 0.375 0.6666666 0.125 0.6666666 0.125 0.6666666 0.125 0.6666666 0.375 0.6666666 0.375 0.6666666 0.375 0.6666666 0.375 0.6666666 0.375 0.6666666 0.125 0.6666666 0.375 0.6666666 0.125 0.6666666 0.125 0.75 0.125 0.75 0.125 0.75 0.375 0.75 0.375 0.75 0.375 0.75 0.375 0.75 0.375 0.75 0.375 0.75 0.125 0.75 0.125 0.75 0.125 0.75 0.375 0.6666666 0.375 0.6666666 0.375 0.6666666 0.375 0.75 0.375 0.75 0.375 0.75 0.375 0.75 0.375 0.75 0.375 0.75 0.375 0.6666666 0.375 0.6666666 0.375 0.6666666 0.375 0.75 0.125 0.75 0.125 0.75 0.375 0.6666666 0.125 0.6666666 0.375 0.6666666 0.125 0.6666666 0.125 0.6666666 0.125 0.6666666 0.375 0.6666666 0.375 0.6666666 0.375 0.6666666 0.125 0.6666666 0.125 0.6666666 0.125 0.6666666 0.375 0.75 0.125 0.75 0.125 0.75 0.125 0.6666666 0.125 0.6666666 0.125 0.6666666 0.375 0.6666666 0.375 0.6666666 0.375 0.6666666 0.125 0.6666666 0.375 0.6666666 0.125 0.6666666 0.375 0.75 0.375 0.75 0.375 0.75 0.125 0.6666666 0.125 0.6666666 0.125 0.6666666 0.125 0.6666666 0.125 0.6666666 0.125 0.6666666 0.125 0.6666666 0.125 0.6666666 0.125 0.6666666 0.375 0.6666666 0.375 0.6666666 0.375 0.6666666 0.125 0.6666666 0.125 0.6666666 0.125 0.6666666 0.375 0.6666666 0.375 0.6666666 0.375 0.6666666 0.125 0.6666666 0.125 0.6666666 0.125 0.6666666 0.125 0.75 0.125 0.75 0.125 0.75 0.125 0.6666666 0.125 0.6666666 0.125 0.6666666 0.375 0.6666666 0.375 0.6666666 0.375 0.6666666 0.125 0.75 0.125 0.75 0.125 0.75 0.125 0.75 0.125 0.75 0.125 0.75 0.125 0.75 0.125 0.75 0.125 0.75 0.375 0.6666666 0.125 0.6666666 0.375 0.6666666 0.375 0.6666666 0.375 0.6666666 0.375 0.6666666 0.125 0.6666666 0.375 0.6666666 0.375 0.6666666 0.375 0.75 0.375 0.75 0.375 0.75 0.125 0.6666666 0.125 0.6666666 0.125 0.6666666 0.375 0.75 0.375 0.75 0.375 0.75 0.125 0.75 0.125 0.75 0.125 0.75 0.125 0.75 0.125 0.75 0.125 0.75 0.375 0.75 0.375 0.75 0.375 0.75 0.375 0.75 0.375 0.75 0.375 0.75 0.375 0.6666666 0.375 0.6666666 0.375 0.6666666 0.125 0.75 0.125 0.75 0.125 0.75 0.125 0.75 0.125 0.6666666 0.125 0.75 0.125 0.75 0.125 0.75 0.125 0.75 0.375 0.6666666 0.375 0.75 0.375 0.6666666 0.375 0.75 0.375 0.75 0.375 0.75 0.375 0.75 0.125 0.75 0.375 0.75 0.375 0.75 0.125 0.75 0.125 0.75 0.375 0.6666666 0.125 0.6666666 0.375 0.6666666 0.125 0.6666666 0.125 0.6666666 0.125 0.6666666 0.125 0.6666666 0.375 0.6666666 0.125 0.6666666 0.375 0.6666666 0.375 0.6666666 0.375 0.6666666 0.125 0.6666666 0.125 0.6666666 0.125 0.6666666 0.375 0.6666666 0.375 0.6666666 0.375 0.6666666 0.125 0.6666666 0.125 0.6666666 0.125 0.6666666 0.125 0.6666666 0.125 0.6666666 0.125 0.6666666 0.125 0.6666666 0.125 0.6666666 0.125 0.6666666 0.375 0.75 0.375 0.75 0.375 0.75 0.125 0.6666666 0.125 0.6666666 0.125 0.6666666 0.375 0.75 0.125 0.75 0.125 0.75 0.125 0.6666666 0.125 0.6666666 0.125 0.6666666 0.375 0.6666666 0.375 0.6666666 0.375 0.6666666 0.375 0.6666666 0.375 0.6666666 0.375 0.6666666 0.125 0.6666666 0.125 0.6666666 0.125 0.6666666 0.375 0.75 0.375 0.75 0.375 0.75 0.375 0.75 0.125 0.75 0.125 0.75 0.375 0.75 0.375 0.75 0.375 0.75 0.375 0.6666666 0.375 0.75 0.375 0.6666666 0.125 0.6666666 0.125 0.6666666 0.125 0.6666666 0.125 0.6666666 0.125 0.6666666 0.25 0.6666666 0.125 0.75 0.125 0.75 0.125 0.75 0.125 0.75 0.125 0.75 0.125 0.75 0.125 0.75 0.125 0.6666666 0.125 0.75 0.125 0.75 0.125 0.75 0.125 0.75 0.375 0.6666666 0.375 0.6666666 0.375 0.6666666 0.375 0.6666666 0.125 0.6666666 0.375 0.6666666 0.375 0.75 0.375 0.75 0.375 0.75 0.125 0.75 0.125 0.75 0.125 0.75 0.375 0.75 0.375 0.75 0.375 0.75 0.375 0.75 0.375 0.75 0.375 0.75 0.125 0.75 0.125 0.75 0.125 0.75 0.375 0.6666666 0.375 0.6666666 0.375 0.6666666 0.125 0.75 0.125 0.75 0.125 0.75 0.125 0.75 0.125 0.75 0.125 0.75 0.375 0.75 0.375 0.75 0.375 0.75 0.375 0.6666666 0.375 0.6666666 0.375 0.6666666 0.125 0.6666666 0.125 0.6666666 0.125 0.6666666 0.125 0.6666666 0.125 0.6666666 0.125 0.6666666 0.375 0.6666666 0.375 0.6666666 0.375 0.6666666 0.375 0.6666666 0.375 0.6666666 0.375 0.6666666 0.125 0.75 0.125 0.75 0.125 0.75 0.375 0.75 0.375 0.75 0.375 0.75 0.375 0.75 0.375 0.75 0.375 0.75 0.125 0.75 0.125 0.75 0.125 0.75 0.125 0.75 0.125 0.75 0.125 0.75 0.375 0.6666666 0.375 0.6666666 0.375 0.6666666 0.375 0.75 0.375 0.75 0.375 0.75 0.375 0.6666666 0.375 0.6666666 0.375 0.6666666 0.125 0.6666666 0.375 0.6666666 0.125 0.6666666 0.375 0.75 0.125 0.75 0.375 0.75 0.375 0.75 0.125 0.75 0.375 0.75 0.375 0.75 0.375 0.75 0.375 0.75 0.375 0.6666666 0.375 0.75 0.375 0.6666666 0.125 0.75 0.125 0.75 0.125 0.75 0.125 0.75 0.125 0.6666666 0.125 0.75 0.125 0.75 0.125 0.75 0.125 0.75 0.375 0.6666666 0.375 0.6666666 0.375 0.6666666 0.375 0.75 0.375 0.75 0.375 0.75 0.375 0.75 0.375 0.75 0.375 0.75 0.125 0.75 0.125 0.75 0.125 0.75 0.125 0.75 0.125 0.75 0.125 0.75 0.375 0.75 0.375 0.75 0.375 0.75 0.125 0.6666666 0.125 0.6666666 0.125 0.6666666 0.125 0.75 0.375 0.75 0.125 0.75 0.375 0.6666666 0.375 0.6666666 0.375 0.6666666 0.125 0.6666666 0.375 0.6666666 0.125 0.6666666 0.375 0.75 0.125 0.75 0.375 0.75 0.375 0.75 0.375 0.75 0.375 0.75 0.125 0.6666666 0.375 0.6666666 0.375 0.6666666 0.375 0.6666666 0.375 0.6666666 0.375 0.6666666 0.375 0.6666666 0.125 0.6666666 0.375 0.6666666 0.125 0.75 0.125 0.75 0.125 0.75 0.125 0.75 0.125 0.75 0.125 0.75 0.125 0.75 0.125 0.75 0.125 0.75 0.375 0.6666666 0.375 0.6666666 0.375 0.6666666 0.125 0.6666666 0.125 0.6666666 0.125 0.6666666 0.125 0.75 0.125 0.75 0.125 0.75 0.125 0.6666666 0.125 0.6666666 0.125 0.6666666 0.375 0.6666666 0.375 0.6666666 0.375 0.6666666 0.125 0.6666666 0.125 0.6666666 0.125 0.6666666 0.375 0.6666666 0.375 0.6666666 0.375 0.6666666 0.125 0.6666666 0.125 0.6666666 0.125 0.6666666 0.125 0.6666666 0.125 0.6666666 0.125 0.6666666 0.125 0.6666666 0.125 0.6666666 0.125 0.6666666 0.375 0.75 0.375 0.75 0.375 0.75 0.125 0.6666666 0.375 0.6666666 0.125 0.6666666 0.375 0.6666666 0.375 0.6666666 0.375 0.6666666 0.125 0.6666666 0.125 0.6666666 0.125 0.6666666 0.375 0.75 0.125 0.75 0.125 0.75 0.125 0.6666666 0.125 0.6666666 0.125 0.6666666 0.375 0.6666666 0.375 0.6666666 0.375 0.6666666 0.125 0.6666666 0.125 0.6666666 0.125 0.6666666 0.375 0.6666666 0.125 0.6666666 0.375 0.6666666 0.375 0.75 0.125 0.75 0.125 0.75 0.375 0.6666666 0.375 0.6666666 0.375 0.6666666 0.375 0.75 0.375 0.75 0.375 0.75 0.375 0.75 0.375 0.75 0.375 0.75 0.375 0.6666666 0.375 0.6666666 0.375 0.6666666 0.125 0.6666666 0.125 0.6666666 0.125 0.6666666 0.125 0.6666666 0.375 0.6666666 0.125 0.6666666 0.125 0.75 0.125 0.75 0.125 0.75 0.375 0.75 0.375 0.75 0.375 0.75 0.375 0.75 0.375 0.75 0.375 0.75 0.125 0.75 0.125 0.75 0.125 0.75 0.375 0.6666666 0.375 0.6666666 0.375 0.6666666 0.375 0.6666666 0.375 0.6666666 0.375 0.6666666 0.125 0.6666666 0.125 0.6666666 0.125 0.6666666 0.375 0.6666666 0.125 0.6666666 0.375 0.6666666 0.125 0.6666666 0.125 0.6666666 0.375 0.6666666 0.125 0.75 0.375 0.75 0.125 0.75 0.25 0.6666666 0.375 0.6666666 0.125 0.6666666 0.375 0.6666666 0.125 0.6666666 0.375 0.6666666 0.375 0.6666666 0.125 0.6666666 0.375 0.6666666 0.125 0.6666666 0.375 0.6666666 0.125 0.6666666 0.375 0.75 0.125 0.75 0.375 0.75 0.375 0.75 0.375 0.75 0.375 0.75 0.375 0.6666666 0.375 0.75 0.375 0.6666666 0.125 0.75 0.125 0.75 0.125 0.75 0.125 0.75 0.125 0.6666666 0.125 0.75 0.125 0.75 0.125 0.75 0.125 0.75 0.375 0.6666666 0.375 0.6666666 0.375 0.6666666 0.375 0.75 0.375 0.75 0.375 0.75 0.375 0.75 0.375 0.75 0.375 0.75 0.125 0.75 0.125 0.75 0.125 0.75 0.125 0.75 0.125 0.75 0.125 0.75 0.375 0.75 0.375 0.75 0.375 0.75 0.125 0.6666666 0.125 0.6666666 0.125 0.6666666 0.375 0.75 0.125 0.75 0.375 0.75 0.375 0.75 0.375 0.75 0.375 0.75 0.375 0.6666666 0.375 0.75 0.375 0.6666666 0.125 0.6666666 0.375 0.6666666 0.125 0.6666666 0.125 0.75 0.125 0.75 0.125 0.75 0.125 0.75 0.125 0.6666666 0.125 0.75 0.125 0.75 0.125 0.75 0.125 0.75 0.375 0.6666666 0.375 0.6666666 0.375 0.6666666 0.375 0.75 0.375 0.75 0.375 0.75 0.375 0.75 0.375 0.75 0.375 0.75 0.125 0.75 0.125 0.75 0.125 0.75 0.125 0.75 0.125 0.75 0.125 0.75 0.375 0.75 0.375 0.75 0.375 0.75 0.125 0.6666666 0.125 0.6666666 0.125 0.6666666 0.375 0.75 0.125 0.75 0.375 0.75 0.375 0.75 0.125 0.75 0.375 0.75 0.375 0.75 0.375 0.75 0.375 0.75 0.375 0.75 0.375 0.75 0.375 0.75 0.375 0.6666666 0.375 0.75 0.375 0.6666666 0.375 0.6666666 0.375 0.75 0.375 0.6666666 0.125 0.6666666 0.375 0.6666666 0.125 0.6666666 0.125 0.75 0.125 0.75 0.125 0.75 0.125 0.75 0.125 0.75 0.125 0.75 0.125 0.75 0.125 0.6666666 0.125 0.75 0.125 0.75 0.125 0.6666666 0.125 0.75 0.125 0.75 0.125 0.75 0.125 0.75 0.125 0.75 0.125 0.75 0.125 0.75 0.375 0.6666666 0.375 0.6666666 0.375 0.6666666 0.375 0.6666666 0.375 0.6666666 0.375 0.6666666 0.375 0.75 0.375 0.75 0.375 0.75 0.375 0.75 0.375 0.75 0.375 0.75 0.375 0.75 0.375 0.75 0.375 0.75 0.375 0.75 0.375 0.75 0.375 0.75 0.125 0.75 0.125 0.75 0.125 0.75 0.125 0.75 0.125 0.75 0.125 0.75 0.125 0.75 0.125 0.75 0.125 0.75 0.125 0.75 0.125 0.75 0.125 0.75 0.375 0.75 0.375 0.75 0.375 0.75 0.375 0.75 0.375 0.75 0.375 0.75 0.125 0.6666666 0.125 0.6666666 0.125 0.6666666 0.125 0.6666666 0.125 0.6666666 0.125 0.6666666 0.125 0.6666666 0.375 0.6666666 0.375 0.6666666 0.125 0.6666666 0.125 0.6666666 0.125 0.6666666 0.375 0.6666666 0.375 0.6666666 0.375 0.6666666 0.125 0.6666666 0.375 0.6666666 0.125 0.6666666 0.375 0.75 0.125 0.75 0.375 0.75 0.375 0.75 0.375 0.75 0.375 0.75 0.375 0.6666666 0.375 0.75 0.375 0.6666666 0.125 0.75 0.125 0.75 0.125 0.75 0.125 0.75 0.125 0.6666666 0.125 0.75 0.125 0.75 0.125 0.75 0.125 0.75 0.375 0.6666666 0.375 0.6666666 0.375 0.6666666 0.375 0.75 0.375 0.75 0.375 0.75 0.375 0.75 0.375 0.75 0.375 0.75 0.125 0.75 0.125 0.75 0.125 0.75 0.125 0.75 0.125 0.75 0.125 0.75 0.375 0.75 0.375 0.75 0.375 0.75 0.125 0.6666666 0.125 0.6666666 0.125 0.6666666 0.375 0.75 0.125 0.75 0.375 0.75 0.375 0.75 0.375 0.75 0.375 0.75 0.375 0.6666666 0.375 0.75 0.375 0.6666666 0.125 0.6666666 0.375 0.6666666 0.125 0.6666666 0.125 0.75 0.125 0.75 0.125 0.75 0.125 0.75 0.125 0.6666666 0.125 0.75 0.125 0.75 0.125 0.75 0.125 0.75 0.375 0.6666666 0.375 0.6666666 0.375 0.6666666 0.375 0.75 0.375 0.75 0.375 0.75 0.375 0.75 0.375 0.75 0.375 0.75 0.125 0.75 0.125 0.75 0.125 0.75 0.125 0.75 0.125 0.75 0.125 0.75 0.375 0.75 0.375 0.75 0.375 0.75 0.125 0.6666666 0.125 0.6666666 0.125 0.6666666 0.375 0.75 0.125 0.75 0.375 0.75 0.375 0.75 0.125 0.75 0.375 0.75 0.375 0.75 0.375 0.75 0.375 0.75 0.375 0.75 0.375 0.75 0.375 0.75 0.375 0.6666666 0.375 0.75 0.375 0.6666666 0.375 0.6666666 0.375 0.75 0.375 0.6666666 0.125 0.6666666 0.375 0.6666666 0.125 0.6666666 0.125 0.75 0.125 0.75 0.125 0.75 0.125 0.75 0.125 0.75 0.125 0.75 0.125 0.75 0.125 0.6666666 0.125 0.75 0.125 0.75 0.125 0.6666666 0.125 0.75 0.125 0.75 0.125 0.75 0.125 0.75 0.125 0.75 0.125 0.75 0.125 0.75 0.375 0.6666666 0.375 0.6666666 0.375 0.6666666 0.375 0.6666666 0.375 0.6666666 0.375 0.6666666 0.375 0.75 0.375 0.75 0.375 0.75 0.375 0.75 0.375 0.75 0.375 0.75 0.375 0.75 0.375 0.75 0.375 0.75 0.375 0.75 0.375 0.75 0.375 0.75 0.125 0.75 0.125 0.75 0.125 0.75 0.125 0.75 0.125 0.75 0.125 0.75 0.125 0.75 0.125 0.75 0.125 0.75 0.125 0.75 0.125 0.75 0.125 0.75 0.375 0.75 0.375 0.75 0.375 0.75 0.375 0.75 0.375 0.75 0.375 0.75 0.125 0.6666666 0.125 0.6666666 0.125 0.6666666 0.125 0.6666666 0.125 0.6666666 0.125 0.6666666 0.125 0.6666666 0.375 0.6666666 0.375 0.6666666 0.125 0.6666666 0.125 0.6666666 0.125 0.6666666 0.375 0.6666666 0.375 0.6666666 0.375 0.6666666 0.125 0.6666666 0.375 0.6666666 0.125 0.6666666 0.375 0.75 0.125 0.75 0.375 0.75 0.375 0.75 0.375 0.75 0.375 0.75 0.375 0.6666666 0.375 0.75 0.375 0.6666666 0.125 0.75 0.125 0.75 0.125 0.75 0.125 0.75 0.125 0.6666666 0.125 0.75 0.125 0.75 0.125 0.75 0.125 0.75 0.375 0.6666666 0.375 0.6666666 0.375 0.6666666 0.375 0.75 0.375 0.75 0.375 0.75 0.375 0.75 0.375 0.75 0.375 0.75 0.125 0.75 0.125 0.75 0.125 0.75 0.125 0.75 0.125 0.75 0.125 0.75 0.375 0.75 0.375 0.75 0.375 0.75 0.125 0.6666666 0.125 0.6666666 0.125 0.6666666 0.375 0.75 0.125 0.75 0.375 0.75 0.375 0.75 0.375 0.75 0.375 0.75 0.375 0.6666666 0.375 0.75 0.375 0.6666666 0.125 0.6666666 0.375 0.6666666 0.125 0.6666666 0.125 0.75 0.125 0.75 0.125 0.75 0.125 0.75 0.125 0.6666666 0.125 0.75 0.125 0.75 0.125 0.75 0.125 0.75 0.375 0.6666666 0.375 0.6666666 0.375 0.6666666 0.375 0.75 0.375 0.75 0.375 0.75 0.375 0.75 0.375 0.75 0.375 0.75 0.125 0.75 0.125 0.75 0.125 0.75 0.125 0.75 0.125 0.75 0.125 0.75 0.375 0.75 0.375 0.75 0.375 0.75 0.125 0.6666666 0.125 0.6666666 0.125 0.6666666 0.375 0.75 0.125 0.75 0.375 0.75 0.375 0.75 0.125 0.75 0.375 0.75 0.375 0.75 0.375 0.75 0.375 0.75 0.375 0.75 0.375 0.75 0.375 0.75 0.375 0.6666666 0.375 0.75 0.375 0.6666666 0.375 0.6666666 0.375 0.75 0.375 0.6666666 0.125 0.6666666 0.375 0.6666666 0.125 0.6666666 0.125 0.75 0.125 0.75 0.125 0.75 0.125 0.75 0.125 0.75 0.125 0.75 0.125 0.75 0.125 0.6666666 0.125 0.75 0.125 0.75 0.125 0.6666666 0.125 0.75 0.125 0.75 0.125 0.75 0.125 0.75 0.125 0.75 0.125 0.75 0.125 0.75 0.375 0.6666666 0.375 0.6666666 0.375 0.6666666 0.375 0.6666666 0.375 0.6666666 0.375 0.6666666 0.375 0.75 0.375 0.75 0.375 0.75 0.375 0.75 0.375 0.75 0.375 0.75 0.375 0.75 0.375 0.75 0.375 0.75 0.375 0.75 0.375 0.75 0.375 0.75 0.125 0.75 0.125 0.75 0.125 0.75 0.125 0.75 0.125 0.75 0.125 0.75 0.125 0.75 0.125 0.75 0.125 0.75 0.125 0.75 0.125 0.75 0.125 0.75 0.375 0.75 0.375 0.75 0.375 0.75 0.375 0.75 0.375 0.75 0.375 0.75 0.125 0.6666666 0.125 0.6666666 0.125 0.6666666 0.125 0.6666666 0.125 0.6666666 0.125 0.6666666 0.125 0.6666666 0.375 0.6666666 0.375 0.6666666 0.125 0.6666666 0.125 0.6666666 0.125 0.6666666 0.375 0.6666666 0.375 0.6666666 0.375 0.6666666 0.125 0.6666666 0.375 0.6666666 0.125 0.6666666 0.375 0.75 0.125 0.75 0.375 0.75 0.375 0.75 0.375 0.75 0.375 0.75 0.375 0.6666666 0.375 0.75 0.375 0.6666666 0.125 0.75 0.125 0.75 0.125 0.75 0.125 0.75 0.125 0.6666666 0.125 0.75 0.125 0.75 0.125 0.75 0.125 0.75 0.375 0.6666666 0.375 0.6666666 0.375 0.6666666 0.375 0.75 0.375 0.75 0.375 0.75 0.375 0.75 0.375 0.75 0.375 0.75 0.125 0.75 0.125 0.75 0.125 0.75 0.125 0.75 0.125 0.75 0.125 0.75 0.375 0.75 0.375 0.75 0.375 0.75 0.125 0.6666666 0.125 0.6666666 0.125 0.6666666 0.375 0.75 0.125 0.75 0.375 0.75 0.375 0.75 0.375 0.75 0.375 0.75 0.375 0.6666666 0.375 0.75 0.375 0.6666666 0.125 0.6666666 0.375 0.6666666 0.125 0.6666666 0.125 0.75 0.125 0.75 0.125 0.75 0.125 0.75 0.125 0.6666666 0.125 0.75 0.125 0.75 0.125 0.75 0.125 0.75 0.375 0.6666666 0.375 0.6666666 0.375 0.6666666 0.375 0.75 0.375 0.75 0.375 0.75 0.375 0.75 0.375 0.75 0.375 0.75 0.125 0.75 0.125 0.75 0.125 0.75 0.125 0.75 0.125 0.75 0.125 0.75 0.375 0.75 0.375 0.75 0.375 0.75 0.125 0.6666666 0.125 0.6666666 0.125 0.6666666 0.375 0.75 0.125 0.75 0.375 0.75 0.375 0.75 0.125 0.75 0.375 0.75 0.375 0.75 0.375 0.75 0.375 0.75 0.375 0.75 0.375 0.75 0.375 0.75 0.375 0.6666666 0.375 0.75 0.375 0.6666666 0.375 0.6666666 0.375 0.75 0.375 0.6666666 0.125 0.6666666 0.375 0.6666666 0.125 0.6666666 0.125 0.75 0.125 0.75 0.125 0.75 0.125 0.75 0.125 0.75 0.125 0.75 0.125 0.75 0.125 0.6666666 0.125 0.75 0.125 0.75 0.125 0.6666666 0.125 0.75 0.125 0.75 0.125 0.75 0.125 0.75 0.125 0.75 0.125 0.75 0.125 0.75 0.375 0.6666666 0.375 0.6666666 0.375 0.6666666 0.375 0.6666666 0.375 0.6666666 0.375 0.6666666 0.375 0.75 0.375 0.75 0.375 0.75 0.375 0.75 0.375 0.75 0.375 0.75 0.375 0.75 0.375 0.75 0.375 0.75 0.375 0.75 0.375 0.75 0.375 0.75 0.125 0.75 0.125 0.75 0.125 0.75 0.125 0.75 0.125 0.75 0.125 0.75 0.125 0.75 0.125 0.75 0.125 0.75 0.125 0.75 0.125 0.75 0.125 0.75 0.375 0.75 0.375 0.75 0.375 0.75 0.375 0.75 0.375 0.75 0.375 0.75 0.125 0.6666666 0.125 0.6666666 0.125 0.6666666 0.125 0.6666666 0.125 0.6666666 0.125 0.6666666 0.125 0.6666666 0.375 0.6666666 0.375 0.6666666 0.125 0.6666666 0.125 0.6666666 0.125 0.6666666 0.375 0.6666666 0.375 0.6666666 0.375 0.6666666 0.125 0.6666666 0.375 0.6666666 0.125 0.6666666 0.375 0.75 0.125 0.75 0.375 0.75 0.375 0.75 0.375 0.75 0.375 0.75 0.375 0.6666666 0.375 0.75 0.375 0.6666666 0.125 0.75 0.125 0.75 0.125 0.75 0.125 0.75 0.125 0.6666666 0.125 0.75 0.125 0.75 0.125 0.75 0.125 0.75 0.375 0.6666666 0.375 0.6666666 0.375 0.6666666 0.375 0.75 0.375 0.75 0.375 0.75 0.375 0.75 0.375 0.75 0.375 0.75 0.125 0.75 0.125 0.75 0.125 0.75 0.125 0.75 0.125 0.75 0.125 0.75 0.375 0.75 0.375 0.75 0.375 0.75 0.125 0.6666666 0.125 0.6666666 0.125 0.6666666 0.375 0.75 0.125 0.75 0.375 0.75 0.375 0.75 0.375 0.75 0.375 0.75 0.375 0.6666666 0.375 0.75 0.375 0.6666666 0.125 0.6666666 0.375 0.6666666 0.125 0.6666666 0.125 0.75 0.125 0.75 0.125 0.75 0.125 0.75 0.125 0.6666666 0.125 0.75 0.125 0.75 0.125 0.75 0.125 0.75 0.375 0.6666666 0.375 0.6666666 0.375 0.6666666 0.375 0.75 0.375 0.75 0.375 0.75 0.375 0.75 0.375 0.75 0.375 0.75 0.125 0.75 0.125 0.75 0.125 0.75 0.125 0.75 0.125 0.75 0.125 0.75 0.375 0.75 0.375 0.75 0.375 0.75 0.125 0.6666666 0.125 0.6666666 0.125 0.6666666 0.375 0.75 0.125 0.75 0.375 0.75 0.375 0.75 0.125 0.75 0.375 0.75 0.375 0.75 0.375 0.75 0.375 0.75 0.375 0.75 0.375 0.75 0.375 0.75 0.375 0.6666666 0.375 0.75 0.375 0.6666666 0.375 0.6666666 0.375 0.75 0.375 0.6666666 0.125 0.6666666 0.375 0.6666666 0.125 0.6666666 0.125 0.75 0.125 0.75 0.125 0.75 0.125 0.75 0.125 0.75 0.125 0.75 0.125 0.75 0.125 0.6666666 0.125 0.75 0.125 0.75 0.125 0.6666666 0.125 0.75 0.125 0.75 0.125 0.75 0.125 0.75 0.125 0.75 0.125 0.75 0.125 0.75 0.375 0.6666666 0.375 0.6666666 0.375 0.6666666 0.375 0.6666666 0.375 0.6666666 0.375 0.6666666 0.375 0.75 0.375 0.75 0.375 0.75 0.375 0.75 0.375 0.75 0.375 0.75 0.375 0.75 0.375 0.75 0.375 0.75 0.375 0.75 0.375 0.75 0.375 0.75 0.125 0.75 0.125 0.75 0.125 0.75 0.125 0.75 0.125 0.75 0.125 0.75 0.125 0.75 0.125 0.75 0.125 0.75 0.125 0.75 0.125 0.75 0.125 0.75 0.375 0.75 0.375 0.75 0.375 0.75 0.375 0.75 0.375 0.75 0.375 0.75 0.125 0.6666666 0.125 0.6666666 0.125 0.6666666 0.125 0.6666666 0.125 0.6666666 0.125 0.6666666 0.125 0.6666666 0.375 0.6666666 0.375 0.6666666 0.125 0.6666666 0.125 0.6666666 0.125 0.6666666 0.375 0.6666666 0.375 0.6666666 0.375 0.6666666 0.125 0.6666666 0.375 0.6666666 0.125 0.6666666 0.375 0.75 0.125 0.75 0.375 0.75 0.375 0.75 0.125 0.75 0.375 0.75 0.375 0.75 0.375 0.75 0.375 0.75 0.375 0.75 0.375 0.75 0.375 0.75 0.375 0.6666666 0.375 0.75 0.375 0.6666666 0.375 0.6666666 0.375 0.75 0.375 0.6666666 0.125 0.6666666 0.375 0.6666666 0.125 0.6666666 0.125 0.75 0.125 0.75 0.125 0.75 0.125 0.75 0.125 0.75 0.125 0.75 0.125 0.75 0.125 0.6666666 0.125 0.75 0.125 0.75 0.125 0.6666666 0.125 0.75 0.125 0.75 0.125 0.75 0.125 0.75 0.125 0.75 0.125 0.75 0.125 0.75 0.375 0.6666666 0.375 0.6666666 0.375 0.6666666 0.375 0.6666666 0.375 0.6666666 0.375 0.6666666 0.375 0.75 0.375 0.75 0.375 0.75 0.375 0.75 0.375 0.75 0.375 0.75 0.375 0.75 0.375 0.75 0.375 0.75 0.375 0.75 0.375 0.75 0.375 0.75 0.125 0.75 0.125 0.75 0.125 0.75 0.125 0.75 0.125 0.75 0.125 0.75 0.125 0.75 0.125 0.75 0.125 0.75 0.125 0.75 0.125 0.75 0.125 0.75 0.375 0.75 0.375 0.75 0.375 0.75 0.375 0.75 0.375 0.75 0.375 0.75 0.125 0.6666666 0.125 0.6666666 0.125 0.6666666 0.125 0.6666666 0.125 0.6666666 0.125 0.6666666 0.375 0.75 0.125 0.75 0.375 0.75 0.375 0.75 0.375 0.75 0.375 0.75 0.375 0.6666666 0.375 0.75 0.375 0.6666666 0.125 0.75 0.125 0.75 0.125 0.75 0.125 0.75 0.125 0.6666666 0.125 0.75 0.125 0.75 0.125 0.75 0.125 0.75 0.375 0.6666666 0.375 0.6666666 0.375 0.6666666 0.375 0.75 0.375 0.75 0.375 0.75 0.375 0.75 0.375 0.75 0.375 0.75 0.125 0.75 0.125 0.75 0.125 0.75 0.125 0.75 0.125 0.75 0.125 0.75 0.375 0.75 0.375 0.75 0.375 0.75 0.125 0.6666666 0.125 0.6666666 0.125 0.6666666 0.375 0.75 0.125 0.75 0.375 0.75 0.375 0.75 0.375 0.75 0.375 0.75 0.375 0.6666666 0.375 0.75 0.375 0.6666666 0.125 0.6666666 0.375 0.6666666 0.125 0.6666666 0.125 0.75 0.125 0.75 0.125 0.75 0.125 0.75 0.125 0.6666666 0.125 0.75 0.125 0.75 0.125 0.75 0.125 0.75 0.375 0.6666666 0.375 0.6666666 0.375 0.6666666 0.375 0.75 0.375 0.75 0.375 0.75 0.375 0.75 0.375 0.75 0.375 0.75 0.125 0.75 0.125 0.75 0.125 0.75 0.125 0.75 0.125 0.75 0.125 0.75 0.375 0.75 0.375 0.75 0.375 0.75 0.125 0.6666666 0.125 0.6666666 0.125 0.6666666 0.125 0.6666666 0.375 0.6666666 0.125 0.6666666 0.375 0.6666666 0.375 0.6666666 0.375 0.6666666 0.125 0.6666666 0.125 0.6666666 0.125 0.6666666 0.125 0.6666666 0.375 0.6666666 0.375 0.6666666 0.375 0.75 0.125 0.75 0.375 0.75 0.375 0.75 0.125 0.75 0.375 0.75 0.375 0.75 0.375 0.75 0.375 0.75 0.375 0.75 0.375 0.75 0.375 0.75 0.375 0.6666666 0.375 0.75 0.375 0.6666666 0.375 0.6666666 0.375 0.75 0.375 0.6666666 0.125 0.6666666 0.375 0.6666666 0.125 0.6666666 0.125 0.75 0.125 0.75 0.125 0.75 0.125 0.75 0.125 0.75 0.125 0.75 0.125 0.75 0.125 0.6666666 0.125 0.75 0.125 0.75 0.125 0.6666666 0.125 0.75 0.125 0.75 0.125 0.75 0.125 0.75 0.125 0.75 0.125 0.75 0.125 0.75 0.375 0.6666666 0.375 0.6666666 0.375 0.6666666 0.375 0.6666666 0.375 0.6666666 0.375 0.6666666 0.375 0.75 0.375 0.75 0.375 0.75 0.375 0.75 0.375 0.75 0.375 0.75 0.375 0.75 0.375 0.75 0.375 0.75 0.375 0.75 0.375 0.75 0.375 0.75 0.125 0.75 0.125 0.75 0.125 0.75 0.125 0.75 0.125 0.75 0.125 0.75 0.125 0.75 0.125 0.75 0.125 0.75 0.125 0.75 0.125 0.75 0.125 0.75 0.375 0.75 0.375 0.75 0.375 0.75 0.375 0.75 0.375 0.75 0.375 0.75 0.125 0.6666666 0.125 0.6666666 0.125 0.6666666 0.125 0.6666666 0.125 0.6666666 0.125 0.6666666 0.375 0.75 0.125 0.75 0.375 0.75 0.375 0.75 0.375 0.75 0.375 0.75 0.375 0.6666666 0.375 0.75 0.375 0.6666666 0.125 0.75 0.125 0.75 0.125 0.75 0.125 0.75 0.125 0.6666666 0.125 0.75 0.125 0.75 0.125 0.75 0.125 0.75 0.375 0.6666666 0.375 0.6666666 0.375 0.6666666 0.375 0.75 0.375 0.75 0.375 0.75 0.375 0.75 0.375 0.75 0.375 0.75 0.125 0.75 0.125 0.75 0.125 0.75 0.125 0.75 0.125 0.75 0.125 0.75 0.375 0.75 0.375 0.75 0.375 0.75 0.125 0.6666666 0.125 0.6666666 0.125 0.6666666 0.375 0.75 0.125 0.75 0.375 0.75 0.375 0.75 0.375 0.75 0.375 0.75 0.375 0.6666666 0.375 0.75 0.375 0.6666666 0.125 0.6666666 0.375 0.6666666 0.125 0.6666666 0.125 0.75 0.125 0.75 0.125 0.75 0.125 0.75 0.125 0.6666666 0.125 0.75 0.125 0.75 0.125 0.75 0.125 0.75 0.375 0.6666666 0.375 0.6666666 0.375 0.6666666 0.375 0.75 0.375 0.75 0.375 0.75 0.375 0.75 0.375 0.75 0.375 0.75 0.125 0.75 0.125 0.75 0.125 0.75 0.125 0.75 0.125 0.75 0.125 0.75 0.375 0.75 0.375 0.75 0.375 0.75 0.125 0.6666666 0.125 0.6666666 0.125 0.6666666 0.125 0.6666666 0.375 0.6666666 0.125 0.6666666 0.375 0.6666666 0.375 0.6666666 0.375 0.6666666 0.125 0.6666666 0.125 0.6666666 0.125 0.6666666 0.125 0.6666666 0.375 0.6666666 0.375 0.6666666 0.375 0.75 0.125 0.75 0.375 0.75 0.375 0.75 0.125 0.75 0.375 0.75 0.375 0.75 0.375 0.75 0.375 0.75 0.375 0.75 0.375 0.75 0.375 0.75 0.375 0.6666666 0.375 0.75 0.375 0.6666666 0.375 0.6666666 0.375 0.75 0.375 0.6666666 0.125 0.6666666 0.375 0.6666666 0.125 0.6666666 0.125 0.75 0.125 0.75 0.125 0.75 0.125 0.75 0.125 0.75 0.125 0.75 0.125 0.75 0.125 0.6666666 0.125 0.75 0.125 0.75 0.125 0.6666666 0.125 0.75 0.125 0.75 0.125 0.75 0.125 0.75 0.125 0.75 0.125 0.75 0.125 0.75 0.375 0.6666666 0.375 0.6666666 0.375 0.6666666 0.375 0.6666666 0.375 0.6666666 0.375 0.6666666 0.375 0.75 0.375 0.75 0.375 0.75 0.375 0.75 0.375 0.75 0.375 0.75 0.375 0.75 0.375 0.75 0.375 0.75 0.375 0.75 0.375 0.75 0.375 0.75 0.125 0.75 0.125 0.75 0.125 0.75 0.125 0.75 0.125 0.75 0.125 0.75 0.125 0.75 0.125 0.75 0.125 0.75 0.125 0.75 0.125 0.75 0.125 0.75 0.375 0.75 0.375 0.75 0.375 0.75 0.375 0.75 0.375 0.75 0.375 0.75 0.125 0.6666666 0.125 0.6666666 0.125 0.6666666 0.125 0.6666666 0.125 0.6666666 0.125 0.6666666 0.375 0.75 0.125 0.75 0.375 0.75 0.375 0.75 0.375 0.75 0.375 0.75 0.375 0.6666666 0.375 0.75 0.375 0.6666666 0.125 0.75 0.125 0.75 0.125 0.75 0.125 0.75 0.125 0.6666666 0.125 0.75 0.125 0.75 0.125 0.75 0.125 0.75 0.375 0.6666666 0.375 0.6666666 0.375 0.6666666 0.375 0.75 0.375 0.75 0.375 0.75 0.375 0.75 0.375 0.75 0.375 0.75 0.125 0.75 0.125 0.75 0.125 0.75 0.125 0.75 0.125 0.75 0.125 0.75 0.375 0.75 0.375 0.75 0.375 0.75 0.125 0.6666666 0.125 0.6666666 0.125 0.6666666 0.375 0.75 0.125 0.75 0.375 0.75 0.375 0.75 0.375 0.75 0.375 0.75 0.375 0.6666666 0.375 0.75 0.375 0.6666666 0.125 0.6666666 0.375 0.6666666 0.125 0.6666666 0.125 0.75 0.125 0.75 0.125 0.75 0.125 0.75 0.125 0.6666666 0.125 0.75 0.125 0.75 0.125 0.75 0.125 0.75 0.375 0.6666666 0.375 0.6666666 0.375 0.6666666 0.375 0.75 0.375 0.75 0.375 0.75 0.375 0.75 0.375 0.75 0.375 0.75 0.125 0.75 0.125 0.75 0.125 0.75 0.125 0.75 0.125 0.75 0.125 0.75 0.375 0.75 0.375 0.75 0.375 0.75 0.125 0.6666666 0.125 0.6666666 0.125 0.6666666 0.125 0.6666666 0.375 0.6666666 0.125 0.6666666 0.375 0.6666666 0.375 0.6666666 0.375 0.6666666 0.125 0.6666666 0.125 0.6666666 0.125 0.6666666 0.125 0.6666666 0.375 0.6666666 0.375 0.6666666 0.375 0.75 0.125 0.75 0.375 0.75 0.375 0.75 0.125 0.75 0.375 0.75 0.375 0.75 0.375 0.75 0.375 0.75 0.375 0.75 0.375 0.75 0.375 0.75 0.375 0.6666666 0.375 0.75 0.375 0.6666666 0.375 0.6666666 0.375 0.75 0.375 0.6666666 0.125 0.6666666 0.375 0.6666666 0.125 0.6666666 0.125 0.75 0.125 0.75 0.125 0.75 0.125 0.75 0.125 0.75 0.125 0.75 0.125 0.75 0.125 0.6666666 0.125 0.75 0.125 0.75 0.125 0.6666666 0.125 0.75 0.125 0.75 0.125 0.75 0.125 0.75 0.125 0.75 0.125 0.75 0.125 0.75 0.375 0.6666666 0.375 0.6666666 0.375 0.6666666 0.375 0.6666666 0.375 0.6666666 0.375 0.6666666 0.375 0.75 0.375 0.75 0.375 0.75 0.375 0.75 0.375 0.75 0.375 0.75 0.375 0.75 0.375 0.75 0.375 0.75 0.375 0.75 0.375 0.75 0.375 0.75 0.125 0.75 0.125 0.75 0.125 0.75 0.125 0.75 0.125 0.75 0.125 0.75 0.125 0.75 0.125 0.75 0.125 0.75 0.125 0.75 0.125 0.75 0.125 0.75 0.375 0.75 0.375 0.75 0.375 0.75 0.375 0.75 0.375 0.75 0.375 0.75 0.125 0.6666666 0.125 0.6666666 0.125 0.6666666 0.125 0.6666666 0.125 0.6666666 0.125 0.6666666 0.375 0.75 0.125 0.75 0.375 0.75 0.375 0.75 0.375 0.75 0.375 0.75 0.375 0.6666666 0.375 0.75 0.375 0.6666666 0.125 0.75 0.125 0.75 0.125 0.75 0.125 0.75 0.125 0.6666666 0.125 0.75 0.125 0.75 0.125 0.75 0.125 0.75 0.375 0.6666666 0.375 0.6666666 0.375 0.6666666 0.375 0.75 0.375 0.75 0.375 0.75 0.375 0.75 0.375 0.75 0.375 0.75 0.125 0.75 0.125 0.75 0.125 0.75 0.125 0.75 0.125 0.75 0.125 0.75 0.375 0.75 0.375 0.75 0.375 0.75 0.125 0.6666666 0.125 0.6666666 0.125 0.6666666 0.375 0.75 0.125 0.75 0.375 0.75 0.375 0.75 0.375 0.75 0.375 0.75 0.375 0.6666666 0.375 0.75 0.375 0.6666666 0.125 0.6666666 0.375 0.6666666 0.125 0.6666666 0.125 0.75 0.125 0.75 0.125 0.75 0.125 0.75 0.125 0.6666666 0.125 0.75 0.125 0.75 0.125 0.75 0.125 0.75 0.375 0.6666666 0.375 0.6666666 0.375 0.6666666 0.375 0.75 0.375 0.75 0.375 0.75 0.375 0.75 0.375 0.75 0.375 0.75 0.125 0.75 0.125 0.75 0.125 0.75 0.125 0.75 0.125 0.75 0.125 0.75 0.375 0.75 0.375 0.75 0.375 0.75 0.125 0.6666666 0.125 0.6666666 0.125 0.6666666 0.125 0.6666666 0.375 0.6666666 0.125 0.6666666 0.375 0.6666666 0.375 0.6666666 0.375 0.6666666 0.125 0.6666666 0.125 0.6666666 0.125 0.6666666 0.125 0.6666666 0.375 0.6666666 0.375 0.6666666 0.375 0.75 0.125 0.75 0.375 0.75 0.375 0.75 0.125 0.75 0.375 0.75 0.375 0.75 0.375 0.75 0.375 0.75 0.375 0.75 0.375 0.75 0.375 0.75 0.375 0.6666666 0.375 0.75 0.375 0.6666666 0.375 0.6666666 0.375 0.75 0.375 0.6666666 0.125 0.6666666 0.375 0.6666666 0.125 0.6666666 0.125 0.75 0.125 0.75 0.125 0.75 0.125 0.75 0.125 0.75 0.125 0.75 0.125 0.75 0.125 0.6666666 0.125 0.75 0.125 0.75 0.125 0.6666666 0.125 0.75 0.125 0.75 0.125 0.75 0.125 0.75 0.125 0.75 0.125 0.75 0.125 0.75 0.375 0.6666666 0.375 0.6666666 0.375 0.6666666 0.375 0.6666666 0.375 0.6666666 0.375 0.6666666 0.375 0.75 0.375 0.75 0.375 0.75 0.375 0.75 0.375 0.75 0.375 0.75 0.375 0.75 0.375 0.75 0.375 0.75 0.375 0.75 0.375 0.75 0.375 0.75 0.125 0.75 0.125 0.75 0.125 0.75 0.125 0.75 0.125 0.75 0.125 0.75 0.125 0.75 0.125 0.75 0.125 0.75 0.125 0.75 0.125 0.75 0.125 0.75 0.375 0.75 0.375 0.75 0.375 0.75 0.375 0.75 0.375 0.75 0.375 0.75 0.125 0.6666666 0.125 0.6666666 0.125 0.6666666 0.125 0.6666666 0.125 0.6666666 0.125 0.6666666 0.375 0.75 0.125 0.75 0.375 0.75 0.375 0.75 0.375 0.75 0.375 0.75 0.375 0.6666666 0.375 0.75 0.375 0.6666666 0.125 0.75 0.125 0.75 0.125 0.75 0.125 0.75 0.125 0.6666666 0.125 0.75 0.125 0.75 0.125 0.75 0.125 0.75 0.375 0.6666666 0.375 0.6666666 0.375 0.6666666 0.375 0.75 0.375 0.75 0.375 0.75 0.375 0.75 0.375 0.75 0.375 0.75 0.125 0.75 0.125 0.75 0.125 0.75 0.125 0.75 0.125 0.75 0.125 0.75 0.375 0.75 0.375 0.75 0.375 0.75 0.125 0.6666666 0.125 0.6666666 0.125 0.6666666 0.375 0.75 0.125 0.75 0.375 0.75 0.375 0.75 0.375 0.75 0.375 0.75 0.375 0.6666666 0.375 0.75 0.375 0.6666666 0.125 0.6666666 0.375 0.6666666 0.125 0.6666666 0.125 0.75 0.125 0.75 0.125 0.75 0.125 0.75 0.125 0.6666666 0.125 0.75 0.125 0.75 0.125 0.75 0.125 0.75 0.375 0.6666666 0.375 0.6666666 0.375 0.6666666 0.375 0.75 0.375 0.75 0.375 0.75 0.375 0.75 0.375 0.75 0.375 0.75 0.125 0.75 0.125 0.75 0.125 0.75 0.125 0.75 0.125 0.75 0.125 0.75 0.375 0.75 0.375 0.75 0.375 0.75 0.125 0.6666666 0.125 0.6666666 0.125 0.6666666 0.125 0.6666666 0.375 0.6666666 0.125 0.6666666 0.375 0.6666666 0.375 0.6666666 0.375 0.6666666 0.125 0.6666666 0.125 0.6666666 0.125 0.6666666 0.125 0.6666666 0.375 0.6666666 0.375 0.6666666 0.125 0.75 0.125 0.75 0.125 0.75 0.125 0.6666666 0.125 0.6666666 0.125 0.6666666 0.125 0.75 0.125 0.75 0.125 0.75 0.125 0.6666666 0.125 0.6666666 0.125 0.6666666 0.125 0.6666666 0.125 0.6666666 0.125 0.6666666 0.125 0.6666666 0.125 0.6666666 0.125 0.6666666 0.125 0.6666666 0.125 0.6666666 0.125 0.6666666 0.125 0.6666666 0.125 0.6666666 0.125 0.6666666 0.125 0.6666666 0.125 0.6666666 0.125 0.6666666 0.125 0.6666666 0.125 0.6666666 0.125 0.6666666 0.125 0.6666666 0.125 0.6666666 0.125 0.6666666 0.125 0.6666666 0.125 0.6666666 0.125 0.6666666 0.125 0.75 0.125 0.75 0.125 0.75 0.125 0.6666666 0.125 0.6666666 0.125 0.6666666 0.125 0.75 0.125 0.75 0.125 0.75 0.125 0.75 0.125 0.6666666 0.125 0.6666666 0.125 0.6666666 0.125 0.6666666 0.125 0.6666666 0.125 0.75 0.125 0.75 0.125 0.75 0.125 0.75 0.125 0.75 0.125 0.75 0.125 0.6666666 0.125 0.6666666 0.125 0.6666666 0.125 0.6666666 0.125 0.6666666 0.125 0.6666666 0.125 0.6666666 0.125 0.6666666 0.125 0.6666666 0.125 0.6666666 0.125 0.6666666 0.125 0.6666666 0.125 0.6666666 0.125 0.6666666 0.125 0.6666666 0.125 0.6666666 0.125 0.6666666 0.125 0.6666666 0.125 0.6666666 0.125 0.6666666 0.125 0.6666666 0.125 0.6666666 0.125 0.75 0.125 0.75 0.125 0.75 0.125 0.75 0.125 0.75 0.125 0.6666666 0.125 0.6666666 0.125 0.6666666 0.125 0.75 0.125 0.75 0.125 0.75 0.125 0.6666666 0.125 0.6666666 0.125 0.6666666 0.125 0.6666666 0.125 0.6666666 0.125 0.6666666 0.125 0.75 0.125 0.75 0.125 0.75 0.125 0.75 0.125 0.75 0.125 0.75 0.125 0.6666666 0.125 0.6666666 0.125 0.6666666 0.125 0.75 0.375 0.75 0.375 0.75 0.375 0.6666666 0.125 0.6666666 0.125 0.6666666 0.375 0.6666666 0.375 0.6666666 0.375 0.6666666 0.375 0.6666666 0.125 0.6666666 0.125 0.6666666 0.125 0.6666666 0.125 0.6666666 0.375 0.6666666 0.375 0.75 0.375 0.75 0.375 0.75 0.375 0.6666666 0.375 0.6666666 0.375 0.6666666 0.125 0.6666666 0.375 0.6666666 0.375 0.6666666 0.125 0.6666666 0.125 0.6666666 0.125 0.6666666 0.375 0.6666666 0.375 0.6666666 0.375 0.6666666 0.375 0.75 0.125 0.75 0.125 0.75 0.125 0.75 0.125 0.75 0.125 0.75 0.125 0.75 0.125 0.75 0.125 0.75 0.375 0.75 0.375 0.75 0.375 0.75 0.375 0.75 0.375 0.75 0.375 0.75 0.125 0.75 0.125 0.75 0.125 0.75 0.375 0.6666666 0.375 0.6666666 0.375 0.6666666 0.375 0.6666666 0.375 0.6666666 0.375 0.6666666 0.125 0.6666666 0.125 0.6666666 0.125 0.6666666 0.125 0.6666666 0.375 0.6666666 0.375 0.6666666 0.375 0.6666666 0.125 0.6666666 0.125 0.6666666 0.125 0.6666666 0.375 0.6666666 0.125 0.6666666 0.125 0.6666666 0.125 0.6666666 0.125 0.6666666 0.375 0.6666666 0.375 0.6666666 0.375 0.6666666 0.375 0.75 0.375 0.75 0.375 0.75 0.125 0.75 0.125 0.75 0.125 0.75 0.125 0.75 0.125 0.75 0.125 0.75 0.375 0.6666666 0.375 0.6666666 0.375 0.6666666 0.125 0.75 0.125 0.75 0.125 0.75 0.375 0.75 0.375 0.75 0.375 0.75 0.375 0.75 0.375 0.75 0.375 0.75 0.125 0.75 0.125 0.75 0.125 0.75 0.375 0.75 0.375 0.75 0.375 0.75 0.375 0.6666666 0.125 0.6666666 0.125 0.6666666 0.375 0.6666666 0.375 0.6666666 0.375 0.6666666 0.125 0.75 0.125 0.75 0.125 0.75 0.125 0.6666666 0.375 0.6666666 0.375 0.6666666 0.125 0.75 0.125 0.6666666 0.125 0.6666666 0.125 0.75 0.125 0.75 0.125 0.75 0.125 0.75 0.125 0.75 0.125 0.75 0.375 0.75 0.125 0.75 0.125 0.75 0.375 0.75 0.125 0.75 0.125 0.75 0.375 0.75 0.375 0.75 0.375 0.75 0.375 0.75 0.375 0.75 0.375 0.75 0.375 0.6666666 0.375 0.75 0.375 0.75 0.375 0.6666666 0.375 0.75 0.375 0.75 0.125 0.6666666 0.375 0.6666666 0.375 0.6666666 0.125 0.75 0.125 0.75 0.125 0.75 0.125 0.75 0.125 0.75 0.125 0.75 0.125 0.75 0.125 0.6666666 0.125 0.6666666 0.125 0.75 0.125 0.6666666 0.125 0.6666666 0.125 0.75 0.125 0.75 0.125 0.75 0.125 0.75 0.125 0.75 0.125 0.75 0.375 0.6666666 0.375 0.6666666 0.375 0.6666666 0.375 0.6666666 0.375 0.6666666 0.375 0.6666666 0.375 0.75 0.375 0.75 0.375 0.75 0.375 0.75 0.375 0.75 0.375 0.75 0.375 0.75 0.375 0.75 0.375 0.75 0.375 0.75 0.375 0.75 0.375 0.75 0.125 0.75 0.125 0.75 0.125 0.75 0.125 0.75 0.125 0.75 0.125 0.75 0.125 0.75 0.125 0.75 0.125 0.75 0.125 0.75 0.125 0.75 0.125 0.75 0.375 0.75 0.375 0.75 0.375 0.75 0.375 0.75 0.375 0.75 0.375 0.75 0.125 0.6666666 0.125 0.6666666 0.125 0.6666666 0.125 0.6666666 0.125 0.6666666 0.125 0.6666666 0.375 0.75 0.125 0.75 0.125 0.75 0.375 0.75 0.125 0.75 0.125 0.75 0.375 0.75 0.375 0.75 0.375 0.75 0.375 0.75 0.375 0.75 0.375 0.75 0.375 0.6666666 0.375 0.75 0.375 0.75 0.375 0.6666666 0.375 0.75 0.375 0.75 0.125 0.6666666 0.375 0.6666666 0.375 0.6666666 0.125 0.75 0.125 0.75 0.125 0.75 0.125 0.75 0.125 0.75 0.125 0.75 0.125 0.75 0.125 0.6666666 0.125 0.6666666 0.125 0.75 0.125 0.6666666 0.125 0.6666666 0.125 0.75 0.125 0.75 0.125 0.75 0.125 0.75 0.125 0.75 0.125 0.75 0.375 0.6666666 0.375 0.6666666 0.375 0.6666666 0.375 0.6666666 0.375 0.6666666 0.375 0.6666666 0.375 0.75 0.375 0.75 0.375 0.75 0.375 0.75 0.375 0.75 0.375 0.75 0.375 0.75 0.375 0.75 0.375 0.75 0.375 0.75 0.375 0.75 0.375 0.75 0.125 0.75 0.125 0.75 0.125 0.75 0.125 0.75 0.125 0.75 0.125 0.75 0.125 0.75 0.125 0.75 0.125 0.75 0.125 0.75 0.125 0.75 0.125 0.75 0.375 0.75 0.375 0.75 0.375 0.75 0.375 0.75 0.375 0.75 0.375 0.75 0.125 0.6666666 0.125 0.6666666 0.125 0.6666666 0.125 0.6666666 0.125 0.6666666 0.125 0.6666666 0.375 0.75 0.125 0.75 0.125 0.75 0.375 0.75 0.125 0.75 0.125 0.75 0.375 0.75 0.375 0.75 0.375 0.75 0.375 0.75 0.375 0.75 0.375 0.75 0.375 0.6666666 0.375 0.75 0.375 0.75 0.375 0.6666666 0.375 0.75 0.375 0.75 0.125 0.6666666 0.375 0.6666666 0.375 0.6666666 0.125 0.75 0.125 0.75 0.125 0.75 0.125 0.75 0.125 0.75 0.125 0.75 0.125 0.75 0.125 0.6666666 0.125 0.6666666 0.125 0.75 0.125 0.6666666 0.125 0.6666666 0.125 0.75 0.125 0.75 0.125 0.75 0.125 0.75 0.125 0.75 0.125 0.75 0.375 0.6666666 0.375 0.6666666 0.375 0.6666666 0.375 0.6666666 0.375 0.6666666 0.375 0.6666666 0.375 0.75 0.375 0.75 0.375 0.75 0.375 0.75 0.375 0.75 0.375 0.75 0.375 0.75 0.375 0.75 0.375 0.75 0.375 0.75 0.375 0.75 0.375 0.75 0.125 0.75 0.125 0.75 0.125 0.75 0.125 0.75 0.125 0.75 0.125 0.75 0.125 0.75 0.125 0.75 0.125 0.75 0.125 0.75 0.125 0.75 0.125 0.75 0.375 0.75 0.375 0.75 0.375 0.75 0.375 0.75 0.375 0.75 0.375 0.75 0.125 0.6666666 0.125 0.6666666 0.125 0.6666666 0.125 0.6666666 0.125 0.6666666 0.125 0.6666666 0.375 0.75 0.125 0.75 0.125 0.75 0.375 0.75 0.125 0.75 0.125 0.75 0.375 0.75 0.375 0.75 0.375 0.75 0.375 0.75 0.375 0.75 0.375 0.75 0.375 0.6666666 0.375 0.75 0.375 0.75 0.375 0.75 0.375 0.75 0.375 0.75 0.125 0.6666666 0.375 0.6666666 0.375 0.6666666 0.125 0.75 0.125 0.75 0.125 0.75 0.125 0.75 0.125 0.75 0.125 0.75 0.125 0.6666666 0.125 0.75 0.125 0.6666666 0.125 0.75 0.125 0.75 0.125 0.6666666 0.125 0.75 0.125 0.75 0.125 0.6666666 0.125 0.75 0.125 0.75 0.125 0.75 0.125 0.75 0.125 0.75 0.125 0.75 0.375 0.6666666 0.375 0.6666666 0.375 0.6666666 0.375 0.6666666 0.375 0.6666666 0.375 0.6666666 0.375 0.75 0.375 0.75 0.375 0.75 0.375 0.75 0.375 0.75 0.375 0.75 0.375 0.75 0.375 0.75 0.375 0.75 0.375 0.75 0.375 0.75 0.375 0.75 0.125 0.75 0.125 0.75 0.125 0.75 0.125 0.75 0.125 0.75 0.125 0.75 0.125 0.75 0.125 0.75 0.125 0.75 0.125 0.75 0.125 0.75 0.125 0.75 0.375 0.75 0.375 0.75 0.375 0.75 0.375 0.75 0.375 0.75 0.375 0.75 0.125 0.6666666 0.125 0.6666666 0.125 0.6666666 0.125 0.6666666 0.125 0.6666666 0.125 0.6666666 0.125 0.6666666 0.125 0.6666666 0.125 0.6666666 0.375 0.75 0.125 0.75 0.125 0.75 0.375 0.75 0.125 0.75 0.125 0.75 0.375 0.75 0.375 0.75 0.375 0.75 0.375 0.75 0.375 0.75 0.375 0.75 0.375 0.75 0.375 0.75 0.375 0.75 0.375 0.6666666 0.375 0.6666666 0.375 0.6666666 0.125 0.6666666 0.375 0.6666666 0.375 0.6666666 0.125 0.75 0.125 0.75 0.125 0.75 0.125 0.75 0.125 0.75 0.125 0.75 0.125 0.75 0.125 0.75 0.125 0.75 0.125 0.75 0.125 0.75 0.125 0.75 0.375 0.6666666 0.375 0.6666666 0.375 0.6666666 0.375 0.6666666 0.375 0.6666666 0.375 0.6666666 0.375 0.75 0.375 0.75 0.375 0.75 0.375 0.75 0.375 0.75 0.375 0.75 0.375 0.75 0.375 0.75 0.375 0.75 0.375 0.75 0.375 0.75 0.375 0.75 0.125 0.75 0.125 0.75 0.125 0.75 0.125 0.75 0.125 0.75 0.125 0.75 0.125 0.75 0.125 0.75 0.125 0.75 0.125 0.75 0.125 0.75 0.125 0.75 0.375 0.75 0.375 0.75 0.375 0.75 0.375 0.75 0.375 0.75 0.375 0.75 0.125 0.6666666 0.125 0.6666666 0.125 0.6666666 0.125 0.6666666 0.125 0.6666666 0.125 0.6666666 0.375 0.75 0.125 0.75 0.125 0.75 0.375 0.75 0.125 0.75 0.125 0.75 0.375 0.75 0.375 0.75 0.375 0.75 0.375 0.75 0.375 0.75 0.375 0.75 0.375 0.6666666 0.375 0.6666666 0.375 0.6666666 0.375 0.75 0.375 0.75 0.375 0.75 0.125 0.6666666 0.375 0.6666666 0.375 0.6666666 0.125 0.75 0.125 0.75 0.125 0.75 0.125 0.75 0.125 0.75 0.125 0.75 0.125 0.75 0.125 0.75 0.125 0.75 0.125 0.75 0.125 0.75 0.125 0.75 0.375 0.6666666 0.375 0.6666666 0.375 0.6666666 0.375 0.6666666 0.375 0.6666666 0.375 0.6666666 0.375 0.75 0.375 0.75 0.375 0.75 0.375 0.75 0.375 0.75 0.375 0.75 0.375 0.75 0.375 0.75 0.375 0.75 0.375 0.75 0.375 0.75 0.375 0.75 0.125 0.75 0.125 0.75 0.125 0.75 0.125 0.75 0.125 0.75 0.125 0.75 0.125 0.75 0.125 0.75 0.125 0.75 0.125 0.75 0.125 0.75 0.125 0.75 0.375 0.75 0.375 0.75 0.375 0.75 0.375 0.75 0.375 0.75 0.375 0.75 0.125 0.6666666 0.125 0.6666666 0.125 0.6666666 0.125 0.6666666 0.125 0.6666666 0.125 0.6666666 0.375 0.75 0.125 0.75 0.125 0.75 0.375 0.75 0.125 0.75 0.125 0.75 0.375 0.75 0.375 0.75 0.375 0.75 0.375 0.75 0.375 0.75 0.375 0.75 0.125 0.6666666 0.375 0.6666666 0.375 0.6666666 0.125 0.75 0.125 0.75 0.125 0.75 0.125 0.75 0.125 0.75 0.125 0.75 0.125 0.75 0.125 0.75 0.125 0.75 0.125 0.75 0.125 0.75 0.125 0.75 0.375 0.6666666 0.375 0.6666666 0.375 0.6666666 0.375 0.6666666 0.375 0.6666666 0.375 0.6666666 0.375 0.75 0.375 0.75 0.375 0.75 0.375 0.75 0.375 0.75 0.375 0.75 0.375 0.75 0.375 0.75 0.375 0.75 0.375 0.75 0.375 0.75 0.375 0.75 0.125 0.75 0.125 0.75 0.125 0.75 0.125 0.75 0.125 0.75 0.125 0.75 0.125 0.75 0.125 0.75 0.125 0.75 0.125 0.75 0.125 0.75 0.125 0.75 0.375 0.75 0.375 0.75 0.375 0.75 0.375 0.75 0.375 0.75 0.375 0.75 0.125 0.6666666 0.125 0.6666666 0.125 0.6666666 0.125 0.6666666 0.125 0.6666666 0.125 0.6666666 0.375 0.75 0.125 0.75 0.125 0.75 0.375 0.75 0.125 0.75 0.125 0.75 0.375 0.75 0.375 0.75 0.375 0.75 0.375 0.75 0.375 0.75 0.375 0.75 0.375 0.75 0.375 0.75 0.375 0.75 0.375 0.75 0.375 0.75 0.375 0.75 0.125 0.6666666 0.375 0.6666666 0.375 0.6666666 0.125 0.75 0.125 0.75 0.125 0.75 0.125 0.75 0.125 0.75 0.125 0.75 0.125 0.75 0.125 0.75 0.125 0.6666666 0.125 0.75 0.125 0.75 0.125 0.75 0.125 0.75 0.125 0.75 0.125 0.75 0.375 0.6666666 0.375 0.6666666 0.375 0.6666666 0.375 0.6666666 0.375 0.6666666 0.375 0.6666666 0.375 0.75 0.375 0.75 0.375 0.75 0.375 0.75 0.375 0.75 0.375 0.75 0.375 0.75 0.375 0.75 0.375 0.75 0.375 0.75 0.375 0.75 0.375 0.75 0.125 0.75 0.125 0.75 0.125 0.75 0.125 0.75 0.125 0.75 0.125 0.75 0.125 0.75 0.125 0.75 0.125 0.75 0.125 0.75 0.125 0.75 0.125 0.75 0.375 0.75 0.375 0.75 0.375 0.75 0.375 0.75 0.375 0.75 0.375 0.75 0.125 0.6666666 0.125 0.6666666 0.125 0.6666666 0.125 0.6666666 0.125 0.6666666 0.125 0.6666666 0.375 0.75 0.125 0.75 0.125 0.75 0.375 0.75 0.125 0.75 0.125 0.75 0.375 0.75 0.375 0.75 0.375 0.75 0.375 0.75 0.375 0.75 0.375 0.75 0.375 0.6666666 0.375 0.75 0.375 0.75 0.375 0.6666666 0.375 0.75 0.375 0.75 0.125 0.6666666 0.375 0.6666666 0.375 0.6666666 0.125 0.75 0.125 0.75 0.125 0.75 0.125 0.75 0.125 0.75 0.125 0.75 0.125 0.6666666 0.125 0.75 0.125 0.6666666 0.125 0.75 0.125 0.75 0.125 0.6666666 0.125 0.75 0.125 0.6666666 0.125 0.6666666 0.125 0.75 0.125 0.75 0.125 0.75 0.125 0.75 0.125 0.75 0.125 0.75 0.375 0.6666666 0.375 0.6666666 0.375 0.6666666 0.375 0.6666666 0.375 0.6666666 0.375 0.6666666 0.375 0.75 0.375 0.75 0.375 0.75 0.375 0.75 0.375 0.75 0.375 0.75 0.375 0.75 0.375 0.75 0.375 0.75 0.375 0.75 0.375 0.75 0.375 0.75 0.125 0.75 0.125 0.75 0.125 0.75 0.125 0.75 0.125 0.75 0.125 0.75 0.125 0.75 0.125 0.75 0.125 0.75 0.125 0.75 0.125 0.75 0.125 0.75 0.375 0.75 0.375 0.75 0.375 0.75 0.375 0.75 0.375 0.75 0.375 0.75 0.125 0.6666666 0.125 0.6666666 0.125 0.6666666 0.125 0.6666666 0.125 0.6666666 0.125 0.6666666 0.125 0.6666666 0.125 0.6666666 0.125 0.6666666 0.375 0.75 0.125 0.75 0.125 0.75 0.375 0.75 0.125 0.75 0.125 0.75 0.375 0.75 0.375 0.75 0.375 0.75 0.375 0.75 0.375 0.75 0.375 0.75 0.375 0.6666666 0.375 0.75 0.375 0.75 0.375 0.6666666 0.375 0.75 0.375 0.75 0.125 0.6666666 0.375 0.6666666 0.375 0.6666666 0.125 0.75 0.125 0.75 0.125 0.75 0.125 0.75 0.125 0.75 0.125 0.75 0.125 0.75 0.125 0.6666666 0.125 0.6666666 0.125 0.75 0.125 0.6666666 0.125 0.6666666 0.125 0.75 0.125 0.75 0.125 0.75 0.125 0.75 0.125 0.75 0.125 0.75 0.375 0.6666666 0.375 0.6666666 0.375 0.6666666 0.375 0.6666666 0.375 0.6666666 0.375 0.6666666 0.375 0.75 0.375 0.75 0.375 0.75 0.375 0.75 0.375 0.75 0.375 0.75 0.375 0.75 0.375 0.75 0.375 0.75 0.375 0.75 0.375 0.75 0.375 0.75 0.125 0.75 0.125 0.75 0.125 0.75 0.125 0.75 0.125 0.75 0.125 0.75 0.125 0.75 0.125 0.75 0.125 0.75 0.125 0.75 0.125 0.75 0.125 0.75 0.375 0.75 0.375 0.75 0.375 0.75 0.375 0.75 0.375 0.75 0.375 0.75 0.125 0.6666666 0.125 0.6666666 0.125 0.6666666 0.125 0.6666666 0.125 0.6666666 0.125 0.6666666 0.375 0.75 0.125 0.75 0.125 0.75 0.375 0.75 0.125 0.75 0.125 0.75 0.375 0.75 0.375 0.75 0.375 0.75 0.375 0.75 0.375 0.75 0.375 0.75 0.375 0.6666666 0.375 0.75 0.375 0.75 0.375 0.6666666 0.375 0.75 0.375 0.75 0.125 0.6666666 0.375 0.6666666 0.375 0.6666666 0.125 0.75 0.125 0.75 0.125 0.75 0.125 0.75 0.125 0.75 0.125 0.75 0.125 0.75 0.125 0.6666666 0.125 0.6666666 0.125 0.75 0.125 0.6666666 0.125 0.6666666 0.125 0.75 0.125 0.75 0.125 0.75 0.125 0.75 0.125 0.75 0.125 0.75 0.375 0.6666666 0.375 0.6666666 0.375 0.6666666 0.375 0.6666666 0.375 0.6666666 0.375 0.6666666 0.375 0.75 0.375 0.75 0.375 0.75 0.375 0.75 0.375 0.75 0.375 0.75 0.375 0.75 0.375 0.75 0.375 0.75 0.375 0.75 0.375 0.75 0.375 0.75 0.125 0.75 0.125 0.75 0.125 0.75 0.125 0.75 0.125 0.75 0.125 0.75 0.125 0.75 0.125 0.75 0.125 0.75 0.125 0.75 0.125 0.75 0.125 0.75 0.375 0.75 0.375 0.75 0.375 0.75 0.375 0.75 0.375 0.75 0.375 0.75 0.125 0.6666666 0.125 0.6666666 0.125 0.6666666 0.125 0.6666666 0.125 0.6666666 0.125 0.6666666 0.375 0.75 0.125 0.75 0.125 0.75 0.375 0.75 0.375 0.75 0.375 0.75 0.375 0.6666666 0.375 0.75 0.375 0.75 0.125 0.6666666 0.375 0.6666666 0.375 0.6666666 0.125 0.75 0.125 0.75 0.125 0.75 0.125 0.75 0.125 0.6666666 0.125 0.6666666 0.125 0.75 0.125 0.75 0.125 0.75 0.375 0.6666666 0.375 0.6666666 0.375 0.6666666 0.375 0.75 0.375 0.75 0.375 0.75 0.375 0.75 0.375 0.75 0.375 0.75 0.125 0.75 0.125 0.75 0.125 0.75 0.125 0.75 0.125 0.75 0.125 0.75 0.375 0.75 0.375 0.75 0.375 0.75 0.125 0.6666666 0.125 0.6666666 0.125 0.6666666 0.375 0.75 0.375 0.75 0.375 0.6666666 0.375 0.6666666 0.375 0.75 0.375 0.75 0.375 0.6666666 0.375 0.75 0.375 0.75 0.375 0.6666666 0.375 0.75 0.375 0.75 0.375 0.6666666 0.375 0.75 0.375 0.75 0.375 0.6666666 0.375 0.75 0.375 0.75 0.375 0.6666666 0.375 0.75 0.375 0.75 0.375 0.6666666 0.375 0.75 0.375 0.75 0.375 0.6666666 0.375 0.6666666 0.375 0.75 0.375 0.75 0.375 0.75 0.375 0.75 0.375 0.6666666 0.375 0.6666666 0.375 0.6666666 0.375 0.6666666 0.375 0.6666666 0.375 0.6666666 0.375 0.75 0.375 0.75 0.375 0.75 0.375 0.6666666 0.375 0.6666666 0.375 0.6666666 0.375 0.6666666 0.375 0.6666666 0.375 0.6666666 0.375 0.6666666 0.375 0.6666666 0.375 0.6666666 0 0 0 0 0 0 0 0 0 0 0 0 0 0 0 0 0 0 0 0 0 0 0 0 0 0 0 0 0 0 0 0 0 0 0 0 0 0 0 0 0 0 0 0 0 0 0 0 0 0 0 0 0 0 0 0 0 0 0 0 0 0 0 0 0 0 0 0 0 0 0 0 0 0 0 0 0 0 0 0 0 0 0 0 0 0 0 0 0 0 0 0 0 0 0 0 0 0 0 0 0 0 0 0 0 0 0 0 0 0 0 0 0 0 0 0 0 0 0 0 0 0 0 0 0 0 0 0 0 0 0 0 0 0 0 0 0 0 0 0 0 0 0 0 0 0 0 0 0 0 0 0 0 0 0 0 0 0 0 0 0 0 0 0 0 0 0 0 0 0 0 0 0 0 0 0 0 0 0 0 0 0 0 0 0 0 0 0 0 0 0 0 0 0 0 0 0 0 0 0 0 0 0 0 0 0 0 0 0 0 0 0 0 0 0 0 0.375 0.6666666 0.375 0.75 0.375 0.75 0.375 0.6666666 0.375 0.75 0.375 0.75 0.375 0.6666666 0.375 0.6666666 0.25 0.6666666 0.375 0.6666666 0.125 0.6666666 0.25 0.6666666 0.125 0.6666666 0.125 0.6666666 0.125 0.6666666 0.375 0.6666666 0.375 0.75 0.375 0.75 0.375 0.75 0.375 0.75 0.375 0.75 0.125 0.6666666 0.375 0.6666666 0.25 0.6666666 0.375 0.6666666 0.125 0.6666666 0.25 0.6666666 0.375 0.75 0.375 0.75 0.125 0.75 0.375 0.75 0.375 0.75 0.375 0.75 0.125 0.6666666 0.125 0.6666666 0.125 0.6666666 0.375 0.6666666 0.375 0.6666666 0.375 0.6666666 0.375 0.6666666 0.375 0.6666666 0.375 0.6666666 0.125 0.6666666 0.125 0.6666666 0.125 0.6666666 0.375 0.75 0.375 0.75 0.125 0.75 0.125 0.6666666 0.125 0.6666666 0.125 0.6666666 0.125 0.75 0.125 0.75 0.125 0.75 0.375 0.75 0.125 0.75 0.125 0.75 0.375 0.75 0.125 0.75 0.125 0.75 0.375 0.75 0.375 0.75 0.375 0.75 0.375 0.75 0.375 0.75 0.375 0.75 0.375 0.6666666 0.375 0.75 0.375 0.75 0.375 0.6666666 0.375 0.75 0.375 0.75 0.125 0.6666666 0.375 0.6666666 0.375 0.6666666 0.125 0.75 0.125 0.75 0.125 0.75 0.125 0.75 0.125 0.75 0.125 0.75 0.125 0.75 0.125 0.6666666 0.125 0.6666666 0.125 0.75 0.125 0.6666666 0.125 0.6666666 0.125 0.75 0.125 0.75 0.125 0.75 0.125 0.75 0.125 0.75 0.125 0.75 0.375 0.6666666 0.375 0.6666666 0.375 0.6666666 0.375 0.6666666 0.375 0.6666666 0.375 0.6666666 0.375 0.75 0.375 0.75 0.375 0.75 0.375 0.75 0.375 0.75 0.375 0.75 0.375 0.75 0.375 0.75 0.375 0.75 0.375 0.75 0.375 0.75 0.375 0.75 0.125 0.75 0.125 0.75 0.125 0.75 0.125 0.75 0.125 0.75 0.125 0.75 0.125 0.75 0.125 0.75 0.125 0.75 0.125 0.75 0.125 0.75 0.125 0.75 0.375 0.75 0.375 0.75 0.375 0.75 0.375 0.75 0.375 0.75 0.375 0.75 0.125 0.6666666 0.125 0.6666666 0.125 0.6666666 0.125 0.6666666 0.125 0.6666666 0.125 0.6666666 0.375 0.75 0.125 0.75 0.125 0.75 0.375 0.75 0.125 0.75 0.125 0.75 0.375 0.75 0.375 0.75 0.375 0.75 0.375 0.75 0.375 0.75 0.375 0.75 0.375 0.6666666 0.375 0.75 0.375 0.75 0.375 0.6666666 0.375 0.75 0.375 0.75 0.125 0.6666666 0.375 0.6666666 0.375 0.6666666 0.125 0.75 0.125 0.75 0.125 0.75 0.125 0.75 0.125 0.75 0.125 0.75 0.125 0.75 0.125 0.6666666 0.125 0.6666666 0.125 0.75 0.125 0.6666666 0.125 0.6666666 0.125 0.75 0.125 0.75 0.125 0.75 0.125 0.75 0.125 0.75 0.125 0.75 0.375 0.6666666 0.375 0.6666666 0.375 0.6666666 0.375 0.6666666 0.375 0.6666666 0.375 0.6666666 0.375 0.75 0.375 0.75 0.375 0.75 0.375 0.75 0.375 0.75 0.375 0.75 0.375 0.75 0.375 0.75 0.375 0.75 0.375 0.75 0.375 0.75 0.375 0.75 0.125 0.75 0.125 0.75 0.125 0.75 0.125 0.75 0.125 0.75 0.125 0.75 0.125 0.75 0.125 0.75 0.125 0.75 0.125 0.75 0.125 0.75 0.125 0.75 0.375 0.75 0.375 0.75 0.375 0.75 0.375 0.75 0.375 0.75 0.375 0.75 0.125 0.6666666 0.125 0.6666666 0.125 0.6666666 0.125 0.6666666 0.125 0.6666666 0.125 0.6666666 0.375 0.75 0.125 0.75 0.125 0.75 0.375 0.75 0.125 0.75 0.125 0.75 0.375 0.75 0.375 0.75 0.375 0.75 0.375 0.75 0.375 0.75 0.375 0.75 0.375 0.6666666 0.375 0.75 0.375 0.75 0.375 0.6666666 0.375 0.75 0.375 0.75 0.125 0.6666666 0.375 0.6666666 0.375 0.6666666 0.125 0.75 0.125 0.75 0.125 0.75 0.125 0.75 0.125 0.75 0.125 0.75 0.125 0.75 0.125 0.6666666 0.125 0.6666666 0.125 0.75 0.125 0.6666666 0.125 0.6666666 0.125 0.75 0.125 0.75 0.125 0.75 0.125 0.75 0.125 0.75 0.125 0.75 0.375 0.6666666 0.375 0.6666666 0.375 0.6666666 0.375 0.6666666 0.375 0.6666666 0.375 0.6666666 0.375 0.75 0.375 0.75 0.375 0.75 0.375 0.75 0.375 0.75 0.375 0.75 0.375 0.75 0.375 0.75 0.375 0.75 0.375 0.75 0.375 0.75 0.375 0.75 0.125 0.75 0.125 0.75 0.125 0.75 0.125 0.75 0.125 0.75 0.125 0.75 0.125 0.75 0.125 0.75 0.125 0.75 0.125 0.75 0.125 0.75 0.125 0.75 0.375 0.75 0.375 0.75 0.375 0.75 0.375 0.75 0.375 0.75 0.375 0.75 0.125 0.6666666 0.125 0.6666666 0.125 0.6666666 0.125 0.6666666 0.125 0.6666666 0.125 0.6666666 0.375 0.75 0.125 0.75 0.125 0.75 0.375 0.75 0.125 0.75 0.125 0.75 0.375 0.75 0.375 0.75 0.375 0.75 0.375 0.75 0.375 0.75 0.375 0.75 0.375 0.6666666 0.375 0.75 0.375 0.75 0.375 0.75 0.375 0.75 0.375 0.75 0.125 0.6666666 0.375 0.6666666 0.375 0.6666666 0.125 0.75 0.125 0.75 0.125 0.75 0.125 0.75 0.125 0.75 0.125 0.75 0.125 0.6666666 0.125 0.75 0.125 0.6666666 0.125 0.75 0.125 0.75 0.125 0.6666666 0.125 0.75 0.125 0.75 0.125 0.6666666 0.125 0.75 0.125 0.75 0.125 0.75 0.125 0.75 0.125 0.75 0.125 0.75 0.375 0.6666666 0.375 0.6666666 0.375 0.6666666 0.375 0.6666666 0.375 0.6666666 0.375 0.6666666 0.375 0.75 0.375 0.75 0.375 0.75 0.375 0.75 0.375 0.75 0.375 0.75 0.375 0.75 0.375 0.75 0.375 0.75 0.375 0.75 0.375 0.75 0.375 0.75 0.125 0.75 0.125 0.75 0.125 0.75 0.125 0.75 0.125 0.75 0.125 0.75 0.125 0.75 0.125 0.75 0.125 0.75 0.125 0.75 0.125 0.75 0.125 0.75 0.375 0.75 0.375 0.75 0.375 0.75 0.375 0.75 0.375 0.75 0.375 0.75 0.125 0.6666666 0.125 0.6666666 0.125 0.6666666 0.125 0.6666666 0.125 0.6666666 0.125 0.6666666 0.125 0.6666666 0.125 0.6666666 0.125 0.6666666 0.375 0.75 0.125 0.75 0.125 0.75 0.375 0.75 0.125 0.75 0.125 0.75 0.375 0.75 0.375 0.75 0.375 0.75 0.375 0.75 0.375 0.75 0.375 0.75 0.375 0.75 0.375 0.75 0.375 0.75 0.375 0.6666666 0.375 0.6666666 0.375 0.6666666 0.125 0.6666666 0.375 0.6666666 0.375 0.6666666 0.125 0.75 0.125 0.75 0.125 0.75 0.125 0.75 0.125 0.75 0.125 0.75 0.125 0.75 0.125 0.75 0.125 0.75 0.125 0.75 0.125 0.75 0.125 0.75 0.375 0.6666666 0.375 0.6666666 0.375 0.6666666 0.375 0.6666666 0.375 0.6666666 0.375 0.6666666 0.375 0.75 0.375 0.75 0.375 0.75 0.375 0.75 0.375 0.75 0.375 0.75 0.375 0.75 0.375 0.75 0.375 0.75 0.375 0.75 0.375 0.75 0.375 0.75 0.125 0.75 0.125 0.75 0.125 0.75 0.125 0.75 0.125 0.75 0.125 0.75 0.125 0.75 0.125 0.75 0.125 0.75 0.125 0.75 0.125 0.75 0.125 0.75 0.375 0.75 0.375 0.75 0.375 0.75 0.375 0.75 0.375 0.75 0.375 0.75 0.125 0.6666666 0.125 0.6666666 0.125 0.6666666 0.125 0.6666666 0.125 0.6666666 0.125 0.6666666 0.375 0.75 0.125 0.75 0.125 0.75 0.375 0.75 0.125 0.75 0.125 0.75 0.375 0.75 0.375 0.75 0.375 0.75 0.375 0.75 0.375 0.75 0.375 0.75 0.375 0.6666666 0.375 0.6666666 0.375 0.6666666 0.375 0.75 0.375 0.75 0.375 0.75 0.125 0.6666666 0.375 0.6666666 0.375 0.6666666 0.125 0.75 0.125 0.75 0.125 0.75 0.125 0.75 0.125 0.75 0.125 0.75 0.125 0.75 0.125 0.75 0.125 0.75 0.125 0.75 0.125 0.75 0.125 0.75 0.375 0.6666666 0.375 0.6666666 0.375 0.6666666 0.375 0.6666666 0.375 0.6666666 0.375 0.6666666 0.375 0.75 0.375 0.75 0.375 0.75 0.375 0.75 0.375 0.75 0.375 0.75 0.375 0.75 0.375 0.75 0.375 0.75 0.375 0.75 0.375 0.75 0.375 0.75 0.125 0.75 0.125 0.75 0.125 0.75 0.125 0.75 0.125 0.75 0.125 0.75 0.125 0.75 0.125 0.75 0.125 0.75 0.125 0.75 0.125 0.75 0.125 0.75 0.375 0.75 0.375 0.75 0.375 0.75 0.375 0.75 0.375 0.75 0.375 0.75 0.125 0.6666666 0.125 0.6666666 0.125 0.6666666 0.125 0.6666666 0.125 0.6666666 0.125 0.6666666 0.375 0.75 0.125 0.75 0.125 0.75 0.375 0.75 0.125 0.75 0.125 0.75 0.375 0.75 0.375 0.75 0.375 0.75 0.375 0.75 0.375 0.75 0.375 0.75 0.125 0.6666666 0.375 0.6666666 0.375 0.6666666 0.125 0.75 0.125 0.75 0.125 0.75 0.125 0.75 0.125 0.75 0.125 0.75 0.125 0.75 0.125 0.75 0.125 0.75 0.125 0.75 0.125 0.75 0.125 0.75 0.375 0.6666666 0.375 0.6666666 0.375 0.6666666 0.375 0.6666666 0.375 0.6666666 0.375 0.6666666 0.375 0.75 0.375 0.75 0.375 0.75 0.375 0.75 0.375 0.75 0.375 0.75 0.375 0.75 0.375 0.75 0.375 0.75 0.375 0.75 0.375 0.75 0.375 0.75 0.125 0.75 0.125 0.75 0.125 0.75 0.125 0.75 0.125 0.75 0.125 0.75 0.125 0.75 0.125 0.75 0.125 0.75 0.125 0.75 0.125 0.75 0.125 0.75 0.375 0.75 0.375 0.75 0.375 0.75 0.375 0.75 0.375 0.75 0.375 0.75 0.125 0.6666666 0.125 0.6666666 0.125 0.6666666 0.125 0.6666666 0.125 0.6666666 0.125 0.6666666 0.375 0.75 0.125 0.75 0.125 0.75 0.375 0.75 0.125 0.75 0.125 0.75 0.375 0.75 0.375 0.75 0.375 0.75 0.375 0.75 0.375 0.75 0.375 0.75 0.375 0.75 0.375 0.75 0.375 0.75 0.375 0.75 0.375 0.75 0.375 0.75 0.125 0.6666666 0.375 0.6666666 0.375 0.6666666 0.125 0.75 0.125 0.75 0.125 0.75 0.125 0.75 0.125 0.75 0.125 0.75 0.125 0.75 0.125 0.75 0.125 0.6666666 0.125 0.75 0.125 0.75 0.125 0.75 0.125 0.75 0.125 0.75 0.125 0.75 0.375 0.6666666 0.375 0.6666666 0.375 0.6666666 0.375 0.6666666 0.375 0.6666666 0.375 0.6666666 0.375 0.75 0.375 0.75 0.375 0.75 0.375 0.75 0.375 0.75 0.375 0.75 0.375 0.75 0.375 0.75 0.375 0.75 0.375 0.75 0.375 0.75 0.375 0.75 0.125 0.75 0.125 0.75 0.125 0.75 0.125 0.75 0.125 0.75 0.125 0.75 0.125 0.75 0.125 0.75 0.125 0.75 0.125 0.75 0.125 0.75 0.125 0.75 0.375 0.75 0.375 0.75 0.375 0.75 0.375 0.75 0.375 0.75 0.375 0.75 0.125 0.6666666 0.125 0.6666666 0.125 0.6666666 0.125 0.6666666 0.125 0.6666666 0.125 0.6666666 0.375 0.75 0.125 0.75 0.125 0.75 0.375 0.75 0.125 0.75 0.125 0.75 0.375 0.75 0.375 0.75 0.375 0.75 0.375 0.75 0.375 0.75 0.375 0.75 0.375 0.6666666 0.375 0.75 0.375 0.75 0.375 0.6666666 0.375 0.75 0.375 0.75 0.125 0.6666666 0.375 0.6666666 0.375 0.6666666 0.125 0.75 0.125 0.75 0.125 0.75 0.125 0.75 0.125 0.75 0.125 0.75 0.125 0.6666666 0.125 0.75 0.125 0.6666666 0.125 0.75 0.125 0.75 0.125 0.6666666 0.125 0.75 0.125 0.6666666 0.125 0.6666666 0.125 0.75 0.125 0.75 0.125 0.75 0.125 0.75 0.125 0.75 0.125 0.75 0.375 0.6666666 0.375 0.6666666 0.375 0.6666666 0.375 0.6666666 0.375 0.6666666 0.375 0.6666666 0.375 0.75 0.375 0.75 0.375 0.75 0.375 0.75 0.375 0.75 0.375 0.75 0.375 0.75 0.375 0.75 0.375 0.75 0.375 0.75 0.375 0.75 0.375 0.75 0.125 0.75 0.125 0.75 0.125 0.75 0.125 0.75 0.125 0.75 0.125 0.75 0.125 0.75 0.125 0.75 0.125 0.75 0.125 0.75 0.125 0.75 0.125 0.75 0.375 0.75 0.375 0.75 0.375 0.75 0.375 0.75 0.375 0.75 0.375 0.75 0.125 0.6666666 0.125 0.6666666 0.125 0.6666666 0.125 0.6666666 0.125 0.6666666 0.125 0.6666666 0.125 0.6666666 0.125 0.6666666 0.125 0.6666666 0.375 0.75 0.125 0.75 0.125 0.75 0.375 0.75 0.125 0.75 0.125 0.75 0.375 0.75 0.375 0.75 0.375 0.75 0.375 0.75 0.375 0.75 0.375 0.75 0.375 0.6666666 0.375 0.75 0.375 0.75 0.375 0.6666666 0.375 0.75 0.375 0.75 0.125 0.6666666 0.375 0.6666666 0.375 0.6666666 0.125 0.75 0.125 0.75 0.125 0.75 0.125 0.75 0.125 0.75 0.125 0.75 0.125 0.75 0.125 0.75 0.125 0.6666666 0.125 0.75 0.125 0.6666666 0.125 0.6666666 0.125 0.75 0.125 0.75 0.125 0.75 0.125 0.75 0.125 0.75 0.125 0.75 0.375 0.6666666 0.375 0.6666666 0.375 0.6666666 0.375 0.6666666 0.375 0.6666666 0.375 0.6666666 0.375 0.75 0.375 0.75 0.375 0.75 0.375 0.75 0.375 0.75 0.375 0.75 0.375 0.75 0.375 0.75 0.375 0.75 0.375 0.75 0.375 0.75 0.375 0.75 0.125 0.75 0.125 0.75 0.125 0.75 0.125 0.75 0.125 0.75 0.125 0.75 0.125 0.75 0.125 0.75 0.125 0.75 0.125 0.75 0.125 0.75 0.125 0.75 0.375 0.75 0.375 0.75 0.375 0.75 0.375 0.75 0.375 0.75 0.375 0.75 0.125 0.6666666 0.125 0.6666666 0.125 0.6666666 0.125 0.6666666 0.125 0.6666666 0.125 0.6666666 0.375 0.75 0.125 0.75 0.125 0.75 0.375 0.75 0.125 0.75 0.125 0.75 0.375 0.75 0.375 0.75 0.375 0.75 0.375 0.75 0.375 0.75 0.375 0.75 0.375 0.6666666 0.375 0.75 0.375 0.75 0.375 0.6666666 0.375 0.75 0.375 0.75 0.125 0.6666666 0.375 0.6666666 0.375 0.6666666 0.125 0.75 0.125 0.75 0.125 0.75 0.125 0.75 0.125 0.75 0.125 0.75 0.125 0.75 0.125 0.6666666 0.125 0.6666666 0.125 0.75 0.125 0.6666666 0.125 0.6666666 0.125 0.75 0.125 0.75 0.125 0.75 0.125 0.75 0.125 0.75 0.125 0.75 0.375 0.6666666 0.375 0.6666666 0.375 0.6666666 0.375 0.6666666 0.375 0.6666666 0.375 0.6666666 0.375 0.75 0.375 0.75 0.375 0.75 0.375 0.75 0.375 0.75 0.375 0.75 0.375 0.75 0.375 0.75 0.375 0.75 0.375 0.75 0.375 0.75 0.375 0.75 0.125 0.75 0.125 0.75 0.125 0.75 0.125 0.75 0.125 0.75 0.125 0.75 0.125 0.75 0.125 0.75 0.125 0.75 0.125 0.75 0.125 0.75 0.125 0.75 0.375 0.75 0.375 0.75 0.375 0.75 0.375 0.75 0.375 0.75 0.375 0.75 0.125 0.6666666 0.125 0.6666666 0.125 0.6666666 0.125 0.6666666 0.125 0.6666666 0.125 0.6666666 0.375 0.75 0.125 0.75 0.125 0.75 0.375 0.75 0.375 0.75 0.375 0.75 0.375 0.75 0.375 0.75 0.375 0.75 0.125 0.6666666 0.125 0.6666666 0.125 0.6666666 0.375 0.6666666 0.375 0.75 0.375 0.75 0.125 0.6666666 0.125 0.6666666 0.125 0.6666666 0.125 0.6666666 0.375 0.6666666 0.375 0.6666666 0.125 0.75 0.125 0.75 0.125 0.75 0.125 0.6666666 0.125 0.6666666 0.125 0.6666666 0.125 0.75 0.125 0.6666666 0.125 0.6666666 0.375 0.6666666 0.375 0.6666666 0.375 0.6666666 0.125 0.75 0.125 0.75 0.125 0.75 0.125 0.6666666 0.125 0.6666666 0.125 0.6666666 0.375 0.6666666 0.375 0.6666666 0.375 0.6666666 0.375 0.6666666 0.375 0.6666666 0.375 0.6666666 0.375 0.75 0.375 0.75 0.375 0.75 0.125 0.6666666 0.375 0.6666666 0.375 0.6666666 0.375 0.75 0.375 0.75 0.375 0.75 0.125 0.6666666 0.125 0.6666666 0.125 0.6666666 0.125 0.75 0.125 0.75 0.125 0.75 0.375 0.6666666 0.125 0.6666666 0.125 0.6666666 0.125 0.75 0.125 0.75 0.125 0.75 0.375 0.75 0.125 0.75 0.125 0.75 0.375 0.75 0.375 0.75 0.375 0.75 0.375 0.75 0.375 0.75 0.125 0.75 0.125 0.6666666 0.125 0.6666666 0.125 0.6666666 0.125 0.75 0.375 0.75 0.375 0.75 0.375 0.75 0.375 0.75 0.375 0.6666666 0.375 0.6666666 0.375 0.6666666 0.375 0.75 0.375 0.6666666 0.375 0.6666666 0.375 0.75 0.375 0.6666666 0.375 0.6666666 0.375 0.75 0.375 0.6666666 0.375 0.75 0.375 0.75 0.375 0.6666666 0.375 0.6666666 0.375 0.75 0.375 0.6666666 0.375 0.6666666 0.375 0.75 0.375 0.6666666 0.375 0.6666666 0.375 0.75 0.375 0.6666666 0.375 0.6666666 0.375 0.75 0.375 0.75 0.375 0.75 0.375 0.75 0.375 0.6666666 0.375 0.6666666 0.375 0.6666666 0.375 0.6666666 0.375 0.6666666 0.375 0.6666666 0.375 0.75 0.375 0.75 0.375 0.75 0.375 0.6666666 0.375 0.6666666 0.375 0.6666666 0.375 0.6666666 0.375 0.6666666 0.375 0.6666666 0.375 0.6666666 0.375 0.6666666 0.375 0.6666666 0 0 0 0 0 0 0 0 0 0 0 0 0 0 0 0 0 0 0 0 0 0 0 0 0 0 0 0 0 0 0 0 0 0 0 0 0 0 0 0 0 0 0 0 0 0 0 0 0 0 0 0 0 0 0 0 0 0 0 0 0 0 0 0 0 0 0 0 0 0 0 0 0 0 0 0 0 0 0 0 0 0 0 0 0 0 0 0 0 0 0 0 0 0 0 0 0 0 0 0 0 0 0 0 0 0 0 0 0 0 0 0 0 0 0 0 0 0 0 0 0 0 0 0 0 0 0 0 0 0 0 0 0 0 0 0 0 0 0 0 0 0 0 0 0 0 0 0 0 0 0 0 0 0 0 0 0 0 0 0 0 0 0 0 0 0 0 0 0 0 0 0 0 0 0 0 0 0 0 0 0 0 0 0 0 0 0 0 0 0 0 0 0 0 0 0 0 0 0 0 0 0 0 0 0 0 0 0 0 0 0 0 0 0 0 0 0.375 0.6666666 0.375 0.75 0.375 0.75 0.375 0.6666666 0.375 0.75 0.375 0.75 0.125 0.6666666 0.125 0.6666666 0.375 0.6666666 0.125 0.6666666 0.125 0.6666666 0.125 0.6666666 0.375 0.6666666 0.375 0.6666666 0.125 0.6666666 0.125 0.6666666 0.125 0.6666666 0.125 0.6666666 0.125 0.75 0.125 0.75 0.125 0.75 0.125 0.6666666 0.125 0.6666666 0.125 0.6666666 0.125 0.6666666 0.125 0.6666666 0.125 0.75 0.125 0.6666666 0.125 0.6666666 0.125 0.6666666 0.125 0.75 0.125 0.75 0.125 0.75 0.125 0.6666666 0.125 0.6666666 0.125 0.6666666 0.125 0.6666666 0.125 0.6666666 0.125 0.6666666 0.125 0.75 0.125 0.75 0.125 0.75 0.125 0.75 0.125 0.75 0.125 0.6666666 0.125 0.6666666 0.125 0.6666666 0.125 0.6666666 0.125 0.6666666 0.125 0.6666666 0.125 0.6666666 0.125 0.6666666 0.125 0.6666666 0.375 0.6666666 0.125 0.6666666 0.125 0.6666666 0.375 0.6666666 0.125 0.6666666 0.375 0.6666666 0.375 0.6666666 0.125 0.6666666 0.125 0.6666666 0.125 0.6666666 0.375 0.6666666 0.375 0.6666666 0.125 0.6666666 0.125 0.6666666 0.125 0.6666666 0.125 0.6666666 0.375 0.6666666 0.375 0.6666666 0.375 0.6666666 0.375 0.6666666 0.375 0.6666666 0.375 0.6666666 0.125 0.6666666 0.125 0.6666666 0.375 0.6666666 0.375 0.6666666 0.375 0.6666666 0.375 0.6666666 0.375 0.6666666 0.375 0.6666666 0.125 0.6666666 0.125 0.6666666 0.125 0.6666666 0.125 0.6666666 0.375 0.6666666 0.375 0.6666666 0.125 0.6666666 0.125 0.6666666 0.125 0.6666666 0.125 0.6666666 0.125 0.6666666 0.125 0.6666666 0.375 0.6666666 0.125 0.6666666 0.125 0.6666666 0.375 0.6666666 0.375 0.6666666 0.375 0.6666666 0.375 0.6666666 0.125 0.6666666 0.125 0.6666666 0.125 0.6666666 0.375 0.6666666 0.375 0.6666666 0.375 0.6666666 0.375 0.6666666 0.375 0.6666666 0.375 0.6666666 0.125 0.6666666 0.125 0.6666666 0.375 0.6666666 0.375 0.6666666 0.375 0.6666666 0.125 0.6666666 0.125 0.6666666 0.125 0.6666666 0.375 0.6666666 0.125 0.6666666 0.125 0.6666666 0.125 0.6666666 0.375 0.6666666 0.375 0.6666666 0.375 0.6666666 0.375 0.6666666 0.375 0.6666666 0.125 0.6666666 0.375 0.6666666 0.375 0.6666666 0.375 0.6666666 0.125 0.6666666 0.375 0.6666666 0.375 0.6666666 0.125 0.6666666 0.125 0.6666666 0.125 0.6666666 0.125 0.6666666 0.125 0.6666666 0.125 0.6666666 0.375 0.6666666 0.375 0.6666666 0.375 0.6666666 0.125 0.6666666 0.125 0.6666666 0.375 0.6666666 0.375 0.6666666 0.375 0.6666666 0.375 0.6666666 0.375 0.6666666 0.375 0.6666666 0.375 0.6666666 0.125 0.6666666 0.125 0.6666666 0.125 0.6666666 0.125 0.6666666 0.375 0.6666666 0.375 0.6666666 0.125 0.6666666 0.125 0.6666666 0.375 0.6666666 0.375 0.6666666 0.375 0.6666666 0.375 0.6666666 0.375 0.6666666 0.375 0.6666666 0.125 0.6666666 0.125 0.6666666 0.125 0.6666666 0.375 0.6666666 0.375 0.6666666 0.375 0.6666666 0.375 0.6666666 0.125 0.6666666 0.375 0.6666666 0.375 0.6666666 0.125 0.75 0.125 0.75 0.125 0.75 0.375 0.75 0.375 0.75 0.375 0.75 0.375 0.75 0.375 0.75 0.375 0.75 0.125 0.75 0.125 0.75 0.125 0.75 0.375 0.6666666 0.375 0.6666666 0.375 0.6666666 0.375 0.75 0.375 0.75 0.375 0.75 0.375 0.75 0.375 0.75 0.375 0.75 0.375 0.6666666 0.375 0.6666666 0.375 0.6666666 0.375 0.75 0.375 0.75 0.125 0.75 0.375 0.6666666 0.125 0.6666666 0.125 0.6666666 0.125 0.6666666 0.125 0.6666666 0.125 0.6666666 0.375 0.6666666 0.375 0.6666666 0.375 0.6666666 0.125 0.6666666 0.125 0.6666666 0.125 0.6666666 0.375 0.75 0.375 0.75 0.125 0.75 0.125 0.6666666 0.125 0.6666666 0.125 0.6666666 0.375 0.6666666 0.375 0.6666666 0.375 0.6666666 0.125 0.6666666 0.375 0.6666666 0.375 0.6666666 0.375 0.75 0.375 0.75 0.375 0.75 0.125 0.6666666 0.125 0.6666666 0.125 0.6666666 0.125 0.6666666 0.125 0.6666666 0.125 0.6666666 0.125 0.6666666 0.125 0.6666666 0.125 0.6666666 0.375 0.6666666 0.375 0.6666666 0.375 0.6666666 0.125 0.6666666 0.125 0.6666666 0.125 0.6666666 0.375 0.6666666 0.375 0.6666666 0.375 0.6666666 0.125 0.6666666 0.125 0.6666666 0.125 0.6666666 0.125 0.75 0.125 0.75 0.125 0.75 0.125 0.6666666 0.125 0.6666666 0.125 0.6666666 0.375 0.6666666 0.375 0.6666666 0.375 0.6666666 0.125 0.75 0.125 0.75 0.125 0.75 0.125 0.75 0.125 0.75 0.125 0.75 0.125 0.75 0.125 0.75 0.125 0.75 0.375 0.6666666 0.125 0.6666666 0.125 0.6666666 0.375 0.6666666 0.375 0.6666666 0.375 0.6666666 0.125 0.6666666 0.125 0.6666666 0.375 0.6666666 0.375 0.75 0.375 0.75 0.375 0.75 0.125 0.6666666 0.125 0.6666666 0.125 0.6666666 0.375 0.75 0.375 0.75 0.375 0.75 0.125 0.75 0.125 0.75 0.125 0.75 0.125 0.75 0.125 0.75 0.125 0.75 0.375 0.75 0.375 0.75 0.375 0.75 0.375 0.75 0.375 0.75 0.375 0.75 0.375 0.6666666 0.375 0.6666666 0.375 0.6666666 0.125 0.75 0.125 0.75 0.125 0.75 0.125 0.75 0.125 0.6666666 0.125 0.6666666 0.125 0.75 0.125 0.75 0.125 0.75 0.375 0.6666666 0.375 0.75 0.375 0.75 0.375 0.75 0.375 0.75 0.375 0.75 0.375 0.75 0.125 0.75 0.125 0.75 0.375 0.75 0.375 0.75 0.125 0.75 0.375 0.6666666 0.125 0.6666666 0.125 0.6666666 0.125 0.6666666 0.125 0.6666666 0.125 0.6666666 0.125 0.6666666 0.375 0.6666666 0.375 0.6666666 0.375 0.6666666 0.375 0.6666666 0.375 0.6666666 0.125 0.6666666 0.125 0.6666666 0.125 0.6666666 0.375 0.6666666 0.375 0.6666666 0.375 0.6666666 0.125 0.6666666 0.125 0.6666666 0.125 0.6666666 0.125 0.6666666 0.125 0.6666666 0.125 0.6666666 0.125 0.6666666 0.125 0.6666666 0.125 0.6666666 0.375 0.75 0.375 0.75 0.375 0.75 0.125 0.6666666 0.125 0.6666666 0.125 0.6666666 0.375 0.75 0.375 0.75 0.125 0.75 0.125 0.6666666 0.125 0.6666666 0.125 0.6666666 0.375 0.6666666 0.375 0.6666666 0.375 0.6666666 0.375 0.6666666 0.375 0.6666666 0.375 0.6666666 0.125 0.6666666 0.125 0.6666666 0.125 0.6666666 0.375 0.75 0.375 0.75 0.375 0.75 0.375 0.75 0.375 0.75 0.125 0.75 0.375 0.75 0.375 0.75 0.375 0.75 0.375 0.6666666 0.375 0.75 0.375 0.75 0.125 0.6666666 0.125 0.6666666 0.125 0.6666666 0.375 0.6666666 0.375 0.6666666 0.25 0.6666666 0.375 0.6666666 0.125 0.6666666 0.25 0.6666666 0.125 0.75 0.125 0.75 0.125 0.75 0.125 0.75 0.125 0.75 0.125 0.75 0.125 0.75 0.125 0.6666666 0.125 0.6666666 0.125 0.75 0.125 0.75 0.125 0.75 0.375 0.6666666 0.375 0.6666666 0.375 0.6666666 0.375 0.6666666 0.125 0.6666666 0.125 0.6666666 0.375 0.75 0.375 0.75 0.375 0.75 0.125 0.75 0.125 0.75 0.125 0.75 0.375 0.75 0.375 0.75 0.375 0.75 0.375 0.75 0.375 0.75 0.375 0.75 0.125 0.75 0.125 0.75 0.125 0.75 0.375 0.6666666 0.375 0.6666666 0.375 0.6666666 0.125 0.75 0.125 0.75 0.125 0.75 0.125 0.75 0.125 0.75 0.125 0.75 0.375 0.75 0.375 0.75 0.375 0.75 0.375 0.6666666 0.375 0.6666666 0.375 0.6666666 0.125 0.6666666 0.125 0.6666666 0.125 0.6666666 0.125 0.6666666 0.125 0.6666666 0.125 0.6666666 0.375 0.6666666 0.375 0.6666666 0.375 0.6666666 0.375 0.6666666 0.375 0.6666666 0.375 0.6666666 0.125 0.75 0.125 0.75 0.125 0.75 0.375 0.75 0.375 0.75 0.375 0.75 0.375 0.75 0.375 0.75 0.375 0.75 0.125 0.75 0.125 0.75 0.125 0.75 0.125 0.75 0.125 0.75 0.125 0.75 0.375 0.6666666 0.375 0.6666666 0.375 0.6666666 0.375 0.75 0.375 0.75 0.375 0.75 0.375 0.6666666 0.375 0.6666666 0.375 0.6666666 0.125 0.6666666 0.375 0.6666666 0.375 0.6666666 0.375 0.75 0.125 0.75 0.125 0.75 0.375 0.75 0.125 0.75 0.125 0.75 0.375 0.75 0.375 0.75 0.375 0.75 0.375 0.6666666 0.375 0.75 0.375 0.75 0.125 0.75 0.125 0.75 0.125 0.75 0.125 0.75 0.125 0.6666666 0.125 0.6666666 0.125 0.75 0.125 0.75 0.125 0.75 0.375 0.6666666 0.375 0.6666666 0.375 0.6666666 0.375 0.75 0.375 0.75 0.375 0.75 0.375 0.75 0.375 0.75 0.375 0.75 0.125 0.75 0.125 0.75 0.125 0.75 0.125 0.75 0.125 0.75 0.125 0.75 0.375 0.75 0.375 0.75 0.375 0.75 0.125 0.6666666 0.125 0.6666666 0.125 0.6666666 0.125 0.75 0.375 0.75 0.375 0.75 0.375 0.6666666 0.375 0.6666666 0.375 0.6666666 0.125 0.6666666 0.375 0.6666666 0.375 0.6666666 0.375 0.75 0.125 0.75 0.125 0.75 0.375 0.75 0.375 0.75 0.375 0.75 0.125 0.6666666 0.125 0.6666666 0.375 0.6666666 0.375 0.6666666 0.375 0.6666666 0.375 0.6666666 0.375 0.6666666 0.125 0.6666666 0.125 0.6666666 0.125 0.75 0.125 0.75 0.125 0.75 0.125 0.75 0.125 0.75 0.125 0.75 0.125 0.75 0.125 0.75 0.125 0.75 0.375 0.6666666 0.375 0.6666666 0.375 0.6666666 0.125 0.6666666 0.125 0.6666666 0.125 0.6666666 0.125 0.75 0.125 0.75 0.125 0.75 0.125 0.6666666 0.125 0.6666666 0.125 0.6666666 0.375 0.6666666 0.375 0.6666666 0.375 0.6666666 0.125 0.6666666 0.125 0.6666666 0.125 0.6666666 0.375 0.6666666 0.375 0.6666666 0.375 0.6666666 0.125 0.6666666 0.125 0.6666666 0.125 0.6666666 0.125 0.6666666 0.125 0.6666666 0.125 0.6666666 0.125 0.6666666 0.125 0.6666666 0.125 0.6666666 0.375 0.75 0.375 0.75 0.375 0.75 0.125 0.6666666 0.375 0.6666666 0.375 0.6666666 0.375 0.6666666 0.375 0.6666666 0.375 0.6666666 0.125 0.6666666 0.125 0.6666666 0.125 0.6666666 0.375 0.75 0.375 0.75 0.125 0.75 0.125 0.6666666 0.125 0.6666666 0.125 0.6666666 0.375 0.6666666 0.375 0.6666666 0.375 0.6666666 0.125 0.6666666 0.125 0.6666666 0.125 0.6666666 0.375 0.6666666 0.125 0.6666666 0.125 0.6666666 0.375 0.75 0.375 0.75 0.125 0.75 0.375 0.6666666 0.375 0.6666666 0.375 0.6666666 0.375 0.75 0.375 0.75 0.375 0.75 0.375 0.75 0.375 0.75 0.375 0.75 0.375 0.6666666 0.375 0.6666666 0.375 0.6666666 0.125 0.6666666 0.125 0.6666666 0.125 0.6666666 0.125 0.6666666 0.375 0.6666666 0.375 0.6666666 0.125 0.75 0.125 0.75 0.125 0.75 0.375 0.75 0.375 0.75 0.375 0.75 0.375 0.75 0.375 0.75 0.375 0.75 0.125 0.75 0.125 0.75 0.125 0.75 0.375 0.6666666 0.375 0.6666666 0.375 0.6666666 0.375 0.6666666 0.375 0.6666666 0.375 0.6666666 0.125 0.6666666 0.125 0.6666666 0.125 0.6666666 0.375 0.6666666 0.125 0.6666666 0.125 0.6666666 0.125 0.6666666 0.375 0.6666666 0.125 0.6666666 0.125 0.75 0.375 0.75 0.375 0.75 0.125 0.6666666 0.375 0.6666666 0.25 0.6666666 0.25 0.6666666 0.125 0.6666666 0.375 0.6666666 0.375 0.6666666 0.125 0.6666666 0.125 0.6666666 0.375 0.6666666 0.125 0.6666666 0.125 0.6666666 0.125 0.6666666 0.375 0.6666666 0.375 0.6666666 0.375 0.75 0.125 0.75 0.125 0.75 0.375 0.75 0.375 0.75 0.375 0.75 0.375 0.6666666 0.375 0.75 0.375 0.75 0.125 0.75 0.125 0.75 0.125 0.75 0.125 0.75 0.125 0.6666666 0.125 0.6666666 0.125 0.75 0.125 0.75 0.125 0.75 0.375 0.6666666 0.375 0.6666666 0.375 0.6666666 0.375 0.75 0.375 0.75 0.375 0.75 0.375 0.75 0.375 0.75 0.375 0.75 0.125 0.75 0.125 0.75 0.125 0.75 0.125 0.75 0.125 0.75 0.125 0.75 0.375 0.75 0.375 0.75 0.375 0.75 0.125 0.6666666 0.125 0.6666666 0.125 0.6666666 0.375 0.75 0.125 0.75 0.125 0.75 0.375 0.75 0.375 0.75 0.375 0.75 0.375 0.6666666 0.375 0.75 0.375 0.75 0.125 0.6666666 0.375 0.6666666 0.375 0.6666666 0.125 0.75 0.125 0.75 0.125 0.75 0.125 0.75 0.125 0.6666666 0.125 0.6666666 0.125 0.75 0.125 0.75 0.125 0.75 0.375 0.6666666 0.375 0.6666666 0.375 0.6666666 0.375 0.75 0.375 0.75 0.375 0.75 0.375 0.75 0.375 0.75 0.375 0.75 0.125 0.75 0.125 0.75 0.125 0.75 0.125 0.75 0.125 0.75 0.125 0.75 0.375 0.75 0.375 0.75 0.375 0.75 0.125 0.6666666 0.125 0.6666666 0.125 0.6666666 0.375 0.75 0.125 0.75 0.125 0.75 0.375 0.75 0.125 0.75 0.125 0.75 0.375 0.75 0.375 0.75 0.375 0.75 0.375 0.75 0.375 0.75 0.375 0.75 0.375 0.6666666 0.375 0.75 0.375 0.75 0.375 0.6666666 0.375 0.75 0.375 0.75 0.125 0.6666666 0.375 0.6666666 0.375 0.6666666 0.125 0.75 0.125 0.75 0.125 0.75 0.125 0.75 0.125 0.75 0.125 0.75 0.125 0.75 0.125 0.6666666 0.125 0.6666666 0.125 0.75 0.125 0.6666666 0.125 0.6666666 0.125 0.75 0.125 0.75 0.125 0.75 0.125 0.75 0.125 0.75 0.125 0.75 0.375 0.6666666 0.375 0.6666666 0.375 0.6666666 0.375 0.6666666 0.375 0.6666666 0.375 0.6666666 0.375 0.75 0.375 0.75 0.375 0.75 0.375 0.75 0.375 0.75 0.375 0.75 0.375 0.75 0.375 0.75 0.375 0.75 0.375 0.75 0.375 0.75 0.375 0.75 0.125 0.75 0.125 0.75 0.125 0.75 0.125 0.75 0.125 0.75 0.125 0.75 0.125 0.75 0.125 0.75 0.125 0.75 0.125 0.75 0.125 0.75 0.125 0.75 0.375 0.75 0.375 0.75 0.375 0.75 0.375 0.75 0.375 0.75 0.375 0.75 0.125 0.6666666 0.125 0.6666666 0.125 0.6666666 0.125 0.6666666 0.125 0.6666666 0.125 0.6666666 0.125 0.6666666 0.125 0.6666666 0.375 0.6666666 0.125 0.6666666 0.125 0.6666666 0.125 0.6666666 0.375 0.6666666 0.375 0.6666666 0.375 0.6666666 0.125 0.6666666 0.375 0.6666666 0.375 0.6666666 0.375 0.75 0.125 0.75 0.125 0.75 0.375 0.75 0.375 0.75 0.375 0.75 0.375 0.6666666 0.375 0.75 0.375 0.75 0.125 0.75 0.125 0.75 0.125 0.75 0.125 0.75 0.125 0.6666666 0.125 0.6666666 0.125 0.75 0.125 0.75 0.125 0.75 0.375 0.6666666 0.375 0.6666666 0.375 0.6666666 0.375 0.75 0.375 0.75 0.375 0.75 0.375 0.75 0.375 0.75 0.375 0.75 0.125 0.75 0.125 0.75 0.125 0.75 0.125 0.75 0.125 0.75 0.125 0.75 0.375 0.75 0.375 0.75 0.375 0.75 0.125 0.6666666 0.125 0.6666666 0.125 0.6666666 0.375 0.75 0.125 0.75 0.125 0.75 0.375 0.75 0.375 0.75 0.375 0.75 0.375 0.6666666 0.375 0.75 0.375 0.75 0.125 0.6666666 0.375 0.6666666 0.375 0.6666666 0.125 0.75 0.125 0.75 0.125 0.75 0.125 0.75 0.125 0.6666666 0.125 0.6666666 0.125 0.75 0.125 0.75 0.125 0.75 0.375 0.6666666 0.375 0.6666666 0.375 0.6666666 0.375 0.75 0.375 0.75 0.375 0.75 0.375 0.75 0.375 0.75 0.375 0.75 0.125 0.75 0.125 0.75 0.125 0.75 0.125 0.75 0.125 0.75 0.125 0.75 0.375 0.75 0.375 0.75 0.375 0.75 0.125 0.6666666 0.125 0.6666666 0.125 0.6666666 0.375 0.75 0.125 0.75 0.125 0.75 0.375 0.75 0.125 0.75 0.125 0.75 0.375 0.75 0.375 0.75 0.375 0.75 0.375 0.75 0.375 0.75 0.375 0.75 0.375 0.6666666 0.375 0.75 0.375 0.75 0.375 0.6666666 0.375 0.75 0.375 0.75 0.125 0.6666666 0.375 0.6666666 0.375 0.6666666 0.125 0.75 0.125 0.75 0.125 0.75 0.125 0.75 0.125 0.75 0.125 0.75 0.125 0.75 0.125 0.6666666 0.125 0.6666666 0.125 0.75 0.125 0.6666666 0.125 0.6666666 0.125 0.75 0.125 0.75 0.125 0.75 0.125 0.75 0.125 0.75 0.125 0.75 0.375 0.6666666 0.375 0.6666666 0.375 0.6666666 0.375 0.6666666 0.375 0.6666666 0.375 0.6666666 0.375 0.75 0.375 0.75 0.375 0.75 0.375 0.75 0.375 0.75 0.375 0.75 0.375 0.75 0.375 0.75 0.375 0.75 0.375 0.75 0.375 0.75 0.375 0.75 0.125 0.75 0.125 0.75 0.125 0.75 0.125 0.75 0.125 0.75 0.125 0.75 0.125 0.75 0.125 0.75 0.125 0.75 0.125 0.75 0.125 0.75 0.125 0.75 0.375 0.75 0.375 0.75 0.375 0.75 0.375 0.75 0.375 0.75 0.375 0.75 0.125 0.6666666 0.125 0.6666666 0.125 0.6666666 0.125 0.6666666 0.125 0.6666666 0.125 0.6666666 0.125 0.6666666 0.125 0.6666666 0.375 0.6666666 0.125 0.6666666 0.125 0.6666666 0.125 0.6666666 0.375 0.6666666 0.375 0.6666666 0.375 0.6666666 0.125 0.6666666 0.375 0.6666666 0.375 0.6666666 0.375 0.75 0.125 0.75 0.125 0.75 0.375 0.75 0.375 0.75 0.375 0.75 0.375 0.6666666 0.375 0.75 0.375 0.75 0.125 0.75 0.125 0.75 0.125 0.75 0.125 0.75 0.125 0.6666666 0.125 0.6666666 0.125 0.75 0.125 0.75 0.125 0.75 0.375 0.6666666 0.375 0.6666666 0.375 0.6666666 0.375 0.75 0.375 0.75 0.375 0.75 0.375 0.75 0.375 0.75 0.375 0.75 0.125 0.75 0.125 0.75 0.125 0.75 0.125 0.75 0.125 0.75 0.125 0.75 0.375 0.75 0.375 0.75 0.375 0.75 0.125 0.6666666 0.125 0.6666666 0.125 0.6666666 0.375 0.75 0.125 0.75 0.125 0.75 0.375 0.75 0.375 0.75 0.375 0.75 0.375 0.6666666 0.375 0.75 0.375 0.75 0.125 0.6666666 0.375 0.6666666 0.375 0.6666666 0.125 0.75 0.125 0.75 0.125 0.75 0.125 0.75 0.125 0.6666666 0.125 0.6666666 0.125 0.75 0.125 0.75 0.125 0.75 0.375 0.6666666 0.375 0.6666666 0.375 0.6666666 0.375 0.75 0.375 0.75 0.375 0.75 0.375 0.75 0.375 0.75 0.375 0.75 0.125 0.75 0.125 0.75 0.125 0.75 0.125 0.75 0.125 0.75 0.125 0.75 0.375 0.75 0.375 0.75 0.375 0.75 0.125 0.6666666 0.125 0.6666666 0.125 0.6666666 0.375 0.75 0.125 0.75 0.125 0.75 0.375 0.75 0.125 0.75 0.125 0.75 0.375 0.75 0.375 0.75 0.375 0.75 0.375 0.75 0.375 0.75 0.375 0.75 0.375 0.6666666 0.375 0.75 0.375 0.75 0.375 0.6666666 0.375 0.75 0.375 0.75 0.125 0.6666666 0.375 0.6666666 0.375 0.6666666 0.125 0.75 0.125 0.75 0.125 0.75 0.125 0.75 0.125 0.75 0.125 0.75 0.125 0.75 0.125 0.6666666 0.125 0.6666666 0.125 0.75 0.125 0.6666666 0.125 0.6666666 0.125 0.75 0.125 0.75 0.125 0.75 0.125 0.75 0.125 0.75 0.125 0.75 0.375 0.6666666 0.375 0.6666666 0.375 0.6666666 0.375 0.6666666 0.375 0.6666666 0.375 0.6666666 0.375 0.75 0.375 0.75 0.375 0.75 0.375 0.75 0.375 0.75 0.375 0.75 0.375 0.75 0.375 0.75 0.375 0.75 0.375 0.75 0.375 0.75 0.375 0.75 0.125 0.75 0.125 0.75 0.125 0.75 0.125 0.75 0.125 0.75 0.125 0.75 0.125 0.75 0.125 0.75 0.125 0.75 0.125 0.75 0.125 0.75 0.125 0.75 0.375 0.75 0.375 0.75 0.375 0.75 0.375 0.75 0.375 0.75 0.375 0.75 0.125 0.6666666 0.125 0.6666666 0.125 0.6666666 0.125 0.6666666 0.125 0.6666666 0.125 0.6666666 0.125 0.6666666 0.125 0.6666666 0.375 0.6666666 0.125 0.6666666 0.125 0.6666666 0.125 0.6666666 0.375 0.6666666 0.375 0.6666666 0.375 0.6666666 0.125 0.6666666 0.375 0.6666666 0.375 0.6666666 0.375 0.75 0.125 0.75 0.125 0.75 0.375 0.75 0.375 0.75 0.375 0.75 0.375 0.6666666 0.375 0.75 0.375 0.75 0.125 0.75 0.125 0.75 0.125 0.75 0.125 0.75 0.125 0.6666666 0.125 0.6666666 0.125 0.75 0.125 0.75 0.125 0.75 0.375 0.6666666 0.375 0.6666666 0.375 0.6666666 0.375 0.75 0.375 0.75 0.375 0.75 0.375 0.75 0.375 0.75 0.375 0.75 0.125 0.75 0.125 0.75 0.125 0.75 0.125 0.75 0.125 0.75 0.125 0.75 0.375 0.75 0.375 0.75 0.375 0.75 0.125 0.6666666 0.125 0.6666666 0.125 0.6666666 0.375 0.75 0.125 0.75 0.125 0.75 0.375 0.75 0.375 0.75 0.375 0.75 0.375 0.6666666 0.375 0.75 0.375 0.75 0.125 0.6666666 0.375 0.6666666 0.375 0.6666666 0.125 0.75 0.125 0.75 0.125 0.75 0.125 0.75 0.125 0.6666666 0.125 0.6666666 0.125 0.75 0.125 0.75 0.125 0.75 0.375 0.6666666 0.375 0.6666666 0.375 0.6666666 0.375 0.75 0.375 0.75 0.375 0.75 0.375 0.75 0.375 0.75 0.375 0.75 0.125 0.75 0.125 0.75 0.125 0.75 0.125 0.75 0.125 0.75 0.125 0.75 0.375 0.75 0.375 0.75 0.375 0.75 0.125 0.6666666 0.125 0.6666666 0.125 0.6666666 0.375 0.75 0.125 0.75 0.125 0.75 0.375 0.75 0.125 0.75 0.125 0.75 0.375 0.75 0.375 0.75 0.375 0.75 0.375 0.75 0.375 0.75 0.375 0.75 0.375 0.6666666 0.375 0.75 0.375 0.75 0.375 0.6666666 0.375 0.75 0.375 0.75 0.125 0.6666666 0.375 0.6666666 0.375 0.6666666 0.125 0.75 0.125 0.75 0.125 0.75 0.125 0.75 0.125 0.75 0.125 0.75 0.125 0.75 0.125 0.6666666 0.125 0.6666666 0.125 0.75 0.125 0.6666666 0.125 0.6666666 0.125 0.75 0.125 0.75 0.125 0.75 0.125 0.75 0.125 0.75 0.125 0.75 0.375 0.6666666 0.375 0.6666666 0.375 0.6666666 0.375 0.6666666 0.375 0.6666666 0.375 0.6666666 0.375 0.75 0.375 0.75 0.375 0.75 0.375 0.75 0.375 0.75 0.375 0.75 0.375 0.75 0.375 0.75 0.375 0.75 0.375 0.75 0.375 0.75 0.375 0.75 0.125 0.75 0.125 0.75 0.125 0.75 0.125 0.75 0.125 0.75 0.125 0.75 0.125 0.75 0.125 0.75 0.125 0.75 0.125 0.75 0.125 0.75 0.125 0.75 0.375 0.75 0.375 0.75 0.375 0.75 0.375 0.75 0.375 0.75 0.375 0.75 0.125 0.6666666 0.125 0.6666666 0.125 0.6666666 0.125 0.6666666 0.125 0.6666666 0.125 0.6666666 0.125 0.6666666 0.125 0.6666666 0.375 0.6666666 0.125 0.6666666 0.125 0.6666666 0.125 0.6666666 0.375 0.6666666 0.375 0.6666666 0.375 0.6666666 0.125 0.6666666 0.375 0.6666666 0.375 0.6666666 0.375 0.75 0.125 0.75 0.125 0.75 0.375 0.75 0.375 0.75 0.375 0.75 0.375 0.6666666 0.375 0.75 0.375 0.75 0.125 0.75 0.125 0.75 0.125 0.75 0.125 0.75 0.125 0.6666666 0.125 0.6666666 0.125 0.75 0.125 0.75 0.125 0.75 0.375 0.6666666 0.375 0.6666666 0.375 0.6666666 0.375 0.75 0.375 0.75 0.375 0.75 0.375 0.75 0.375 0.75 0.375 0.75 0.125 0.75 0.125 0.75 0.125 0.75 0.125 0.75 0.125 0.75 0.125 0.75 0.375 0.75 0.375 0.75 0.375 0.75 0.125 0.6666666 0.125 0.6666666 0.125 0.6666666 0.375 0.75 0.125 0.75 0.125 0.75 0.375 0.75 0.375 0.75 0.375 0.75 0.375 0.6666666 0.375 0.75 0.375 0.75 0.125 0.6666666 0.375 0.6666666 0.375 0.6666666 0.125 0.75 0.125 0.75 0.125 0.75 0.125 0.75 0.125 0.6666666 0.125 0.6666666 0.125 0.75 0.125 0.75 0.125 0.75 0.375 0.6666666 0.375 0.6666666 0.375 0.6666666 0.375 0.75 0.375 0.75 0.375 0.75 0.375 0.75 0.375 0.75 0.375 0.75 0.125 0.75 0.125 0.75 0.125 0.75 0.125 0.75 0.125 0.75 0.125 0.75 0.375 0.75 0.375 0.75 0.375 0.75 0.125 0.6666666 0.125 0.6666666 0.125 0.6666666 0.375 0.75 0.125 0.75 0.125 0.75 0.375 0.75 0.125 0.75 0.125 0.75 0.375 0.75 0.375 0.75 0.375 0.75 0.375 0.75 0.375 0.75 0.375 0.75 0.375 0.6666666 0.375 0.75 0.375 0.75 0.375 0.6666666 0.375 0.75 0.375 0.75 0.125 0.6666666 0.375 0.6666666 0.375 0.6666666 0.125 0.75 0.125 0.75 0.125 0.75 0.125 0.75 0.125 0.75 0.125 0.75 0.125 0.75 0.125 0.6666666 0.125 0.6666666 0.125 0.75 0.125 0.6666666 0.125 0.6666666 0.125 0.75 0.125 0.75 0.125 0.75 0.125 0.75 0.125 0.75 0.125 0.75 0.375 0.6666666 0.375 0.6666666 0.375 0.6666666 0.375 0.6666666 0.375 0.6666666 0.375 0.6666666 0.375 0.75 0.375 0.75 0.375 0.75 0.375 0.75 0.375 0.75 0.375 0.75 0.375 0.75 0.375 0.75 0.375 0.75 0.375 0.75 0.375 0.75 0.375 0.75 0.125 0.75 0.125 0.75 0.125 0.75 0.125 0.75 0.125 0.75 0.125 0.75 0.125 0.75 0.125 0.75 0.125 0.75 0.125 0.75 0.125 0.75 0.125 0.75 0.375 0.75 0.375 0.75 0.375 0.75 0.375 0.75 0.375 0.75 0.375 0.75 0.125 0.6666666 0.125 0.6666666 0.125 0.6666666 0.125 0.6666666 0.125 0.6666666 0.125 0.6666666 0.125 0.6666666 0.125 0.6666666 0.375 0.6666666 0.125 0.6666666 0.125 0.6666666 0.125 0.6666666 0.375 0.6666666 0.375 0.6666666 0.375 0.6666666 0.125 0.6666666 0.375 0.6666666 0.375 0.6666666 0.375 0.75 0.125 0.75 0.125 0.75 0.375 0.75 0.125 0.75 0.125 0.75 0.375 0.75 0.375 0.75 0.375 0.75 0.375 0.75 0.375 0.75 0.375 0.75 0.375 0.6666666 0.375 0.75 0.375 0.75 0.375 0.6666666 0.375 0.75 0.375 0.75 0.125 0.6666666 0.375 0.6666666 0.375 0.6666666 0.125 0.75 0.125 0.75 0.125 0.75 0.125 0.75 0.125 0.75 0.125 0.75 0.125 0.75 0.125 0.6666666 0.125 0.6666666 0.125 0.75 0.125 0.6666666 0.125 0.6666666 0.125 0.75 0.125 0.75 0.125 0.75 0.125 0.75 0.125 0.75 0.125 0.75 0.375 0.6666666 0.375 0.6666666 0.375 0.6666666 0.375 0.6666666 0.375 0.6666666 0.375 0.6666666 0.375 0.75 0.375 0.75 0.375 0.75 0.375 0.75 0.375 0.75 0.375 0.75 0.375 0.75 0.375 0.75 0.375 0.75 0.375 0.75 0.375 0.75 0.375 0.75 0.125 0.75 0.125 0.75 0.125 0.75 0.125 0.75 0.125 0.75 0.125 0.75 0.125 0.75 0.125 0.75 0.125 0.75 0.125 0.75 0.125 0.75 0.125 0.75 0.375 0.75 0.375 0.75 0.375 0.75 0.375 0.75 0.375 0.75 0.375 0.75 0.125 0.6666666 0.125 0.6666666 0.125 0.6666666 0.125 0.6666666 0.125 0.6666666 0.125 0.6666666 0.375 0.75 0.125 0.75 0.125 0.75 0.375 0.75 0.375 0.75 0.375 0.75 0.375 0.6666666 0.375 0.75 0.375 0.75 0.125 0.75 0.125 0.75 0.125 0.75 0.125 0.75 0.125 0.6666666 0.125 0.6666666 0.125 0.75 0.125 0.75 0.125 0.75 0.375 0.6666666 0.375 0.6666666 0.375 0.6666666 0.375 0.75 0.375 0.75 0.375 0.75 0.375 0.75 0.375 0.75 0.375 0.75 0.125 0.75 0.125 0.75 0.125 0.75 0.125 0.75 0.125 0.75 0.125 0.75 0.375 0.75 0.375 0.75 0.375 0.75 0.125 0.6666666 0.125 0.6666666 0.125 0.6666666 0.375 0.75 0.125 0.75 0.125 0.75 0.375 0.75 0.375 0.75 0.375 0.75 0.375 0.6666666 0.375 0.75 0.375 0.75 0.125 0.6666666 0.375 0.6666666 0.375 0.6666666 0.125 0.75 0.125 0.75 0.125 0.75 0.125 0.75 0.125 0.6666666 0.125 0.6666666 0.125 0.75 0.125 0.75 0.125 0.75 0.375 0.6666666 0.375 0.6666666 0.375 0.6666666 0.375 0.75 0.375 0.75 0.375 0.75 0.375 0.75 0.375 0.75 0.375 0.75 0.125 0.75 0.125 0.75 0.125 0.75 0.125 0.75 0.125 0.75 0.125 0.75 0.375 0.75 0.375 0.75 0.375 0.75 0.125 0.6666666 0.125 0.6666666 0.125 0.6666666 0.125 0.6666666 0.375 0.6666666 0.375 0.6666666 0.375 0.6666666 0.375 0.6666666 0.375 0.6666666 0.125 0.6666666 0.125 0.6666666 0.125 0.6666666 0.125 0.6666666 0.125 0.6666666 0.375 0.6666666 0.375 0.75 0.125 0.75 0.125 0.75 0.375 0.75 0.125 0.75 0.125 0.75 0.375 0.75 0.375 0.75 0.375 0.75 0.375 0.75 0.375 0.75 0.375 0.75 0.375 0.6666666 0.375 0.75 0.375 0.75 0.375 0.6666666 0.375 0.75 0.375 0.75 0.125 0.6666666 0.375 0.6666666 0.375 0.6666666 0.125 0.75 0.125 0.75 0.125 0.75 0.125 0.75 0.125 0.75 0.125 0.75 0.125 0.75 0.125 0.6666666 0.125 0.6666666 0.125 0.75 0.125 0.6666666 0.125 0.6666666 0.125 0.75 0.125 0.75 0.125 0.75 0.125 0.75 0.125 0.75 0.125 0.75 0.375 0.6666666 0.375 0.6666666 0.375 0.6666666 0.375 0.6666666 0.375 0.6666666 0.375 0.6666666 0.375 0.75 0.375 0.75 0.375 0.75 0.375 0.75 0.375 0.75 0.375 0.75 0.375 0.75 0.375 0.75 0.375 0.75 0.375 0.75 0.375 0.75 0.375 0.75 0.125 0.75 0.125 0.75 0.125 0.75 0.125 0.75 0.125 0.75 0.125 0.75 0.125 0.75 0.125 0.75 0.125 0.75 0.125 0.75 0.125 0.75 0.125 0.75 0.375 0.75 0.375 0.75 0.375 0.75 0.375 0.75 0.375 0.75 0.375 0.75 0.125 0.6666666 0.125 0.6666666 0.125 0.6666666 0.125 0.6666666 0.125 0.6666666 0.125 0.6666666 0.375 0.75 0.125 0.75 0.125 0.75 0.375 0.75 0.375 0.75 0.375 0.75 0.375 0.6666666 0.375 0.75 0.375 0.75 0.125 0.75 0.125 0.75 0.125 0.75 0.125 0.75 0.125 0.6666666 0.125 0.6666666 0.125 0.75 0.125 0.75 0.125 0.75 0.375 0.6666666 0.375 0.6666666 0.375 0.6666666 0.375 0.75 0.375 0.75 0.375 0.75 0.375 0.75 0.375 0.75 0.375 0.75 0.125 0.75 0.125 0.75 0.125 0.75 0.125 0.75 0.125 0.75 0.125 0.75 0.375 0.75 0.375 0.75 0.375 0.75 0.125 0.6666666 0.125 0.6666666 0.125 0.6666666 0.375 0.75 0.125 0.75 0.125 0.75 0.375 0.75 0.375 0.75 0.375 0.75 0.375 0.6666666 0.375 0.75 0.375 0.75 0.125 0.6666666 0.375 0.6666666 0.375 0.6666666 0.125 0.75 0.125 0.75 0.125 0.75 0.125 0.75 0.125 0.6666666 0.125 0.6666666 0.125 0.75 0.125 0.75 0.125 0.75 0.375 0.6666666 0.375 0.6666666 0.375 0.6666666 0.375 0.75 0.375 0.75 0.375 0.75 0.375 0.75 0.375 0.75 0.375 0.75 0.125 0.75 0.125 0.75 0.125 0.75 0.125 0.75 0.125 0.75 0.125 0.75 0.375 0.75 0.375 0.75 0.375 0.75 0.125 0.6666666 0.125 0.6666666 0.125 0.6666666 0.125 0.6666666 0.375 0.6666666 0.375 0.6666666 0.375 0.6666666 0.375 0.6666666 0.375 0.6666666 0.125 0.6666666 0.125 0.6666666 0.125 0.6666666 0.125 0.6666666 0.125 0.6666666 0.375 0.6666666 0.375 0.75 0.125 0.75 0.125 0.75 0.375 0.75 0.125 0.75 0.125 0.75 0.375 0.75 0.375 0.75 0.375 0.75 0.375 0.75 0.375 0.75 0.375 0.75 0.375 0.6666666 0.375 0.75 0.375 0.75 0.375 0.6666666 0.375 0.75 0.375 0.75 0.125 0.6666666 0.375 0.6666666 0.375 0.6666666 0.125 0.75 0.125 0.75 0.125 0.75 0.125 0.75 0.125 0.75 0.125 0.75 0.125 0.75 0.125 0.6666666 0.125 0.6666666 0.125 0.75 0.125 0.6666666 0.125 0.6666666 0.125 0.75 0.125 0.75 0.125 0.75 0.125 0.75 0.125 0.75 0.125 0.75 0.375 0.6666666 0.375 0.6666666 0.375 0.6666666 0.375 0.6666666 0.375 0.6666666 0.375 0.6666666 0.375 0.75 0.375 0.75 0.375 0.75 0.375 0.75 0.375 0.75 0.375 0.75 0.375 0.75 0.375 0.75 0.375 0.75 0.375 0.75 0.375 0.75 0.375 0.75 0.125 0.75 0.125 0.75 0.125 0.75 0.125 0.75 0.125 0.75 0.125 0.75 0.125 0.75 0.125 0.75 0.125 0.75 0.125 0.75 0.125 0.75 0.125 0.75 0.375 0.75 0.375 0.75 0.375 0.75 0.375 0.75 0.375 0.75 0.375 0.75 0.125 0.6666666 0.125 0.6666666 0.125 0.6666666 0.125 0.6666666 0.125 0.6666666 0.125 0.6666666 0.375 0.75 0.125 0.75 0.125 0.75 0.375 0.75 0.375 0.75 0.375 0.75 0.375 0.6666666 0.375 0.75 0.375 0.75 0.125 0.75 0.125 0.75 0.125 0.75 0.125 0.75 0.125 0.6666666 0.125 0.6666666 0.125 0.75 0.125 0.75 0.125 0.75 0.375 0.6666666 0.375 0.6666666 0.375 0.6666666 0.375 0.75 0.375 0.75 0.375 0.75 0.375 0.75 0.375 0.75 0.375 0.75 0.125 0.75 0.125 0.75 0.125 0.75 0.125 0.75 0.125 0.75 0.125 0.75 0.375 0.75 0.375 0.75 0.375 0.75 0.125 0.6666666 0.125 0.6666666 0.125 0.6666666 0.375 0.75 0.125 0.75 0.125 0.75 0.375 0.75 0.375 0.75 0.375 0.75 0.375 0.6666666 0.375 0.75 0.375 0.75 0.125 0.6666666 0.375 0.6666666 0.375 0.6666666 0.125 0.75 0.125 0.75 0.125 0.75 0.125 0.75 0.125 0.6666666 0.125 0.6666666 0.125 0.75 0.125 0.75 0.125 0.75 0.375 0.6666666 0.375 0.6666666 0.375 0.6666666 0.375 0.75 0.375 0.75 0.375 0.75 0.375 0.75 0.375 0.75 0.375 0.75 0.125 0.75 0.125 0.75 0.125 0.75 0.125 0.75 0.125 0.75 0.125 0.75 0.375 0.75 0.375 0.75 0.375 0.75 0.125 0.6666666 0.125 0.6666666 0.125 0.6666666 0.125 0.6666666 0.375 0.6666666 0.375 0.6666666 0.375 0.6666666 0.375 0.6666666 0.375 0.6666666 0.125 0.6666666 0.125 0.6666666 0.125 0.6666666 0.125 0.6666666 0.125 0.6666666 0.375 0.6666666 0.375 0.75 0.125 0.75 0.125 0.75 0.375 0.75 0.125 0.75 0.125 0.75 0.375 0.75 0.375 0.75 0.375 0.75 0.375 0.75 0.375 0.75 0.375 0.75 0.375 0.6666666 0.375 0.75 0.375 0.75 0.375 0.6666666 0.375 0.75 0.375 0.75 0.125 0.6666666 0.375 0.6666666 0.375 0.6666666 0.125 0.75 0.125 0.75 0.125 0.75 0.125 0.75 0.125 0.75 0.125 0.75 0.125 0.75 0.125 0.6666666 0.125 0.6666666 0.125 0.75 0.125 0.6666666 0.125 0.6666666 0.125 0.75 0.125 0.75 0.125 0.75 0.125 0.75 0.125 0.75 0.125 0.75 0.375 0.6666666 0.375 0.6666666 0.375 0.6666666 0.375 0.6666666 0.375 0.6666666 0.375 0.6666666 0.375 0.75 0.375 0.75 0.375 0.75 0.375 0.75 0.375 0.75 0.375 0.75 0.375 0.75 0.375 0.75 0.375 0.75 0.375 0.75 0.375 0.75 0.375 0.75 0.125 0.75 0.125 0.75 0.125 0.75 0.125 0.75 0.125 0.75 0.125 0.75 0.125 0.75 0.125 0.75 0.125 0.75 0.125 0.75 0.125 0.75 0.125 0.75 0.375 0.75 0.375 0.75 0.375 0.75 0.375 0.75 0.375 0.75 0.375 0.75 0.125 0.6666666 0.125 0.6666666 0.125 0.6666666 0.125 0.6666666 0.125 0.6666666 0.125 0.6666666 0.375 0.75 0.125 0.75 0.125 0.75 0.375 0.75 0.375 0.75 0.375 0.75 0.375 0.6666666 0.375 0.75 0.375 0.75 0.125 0.75 0.125 0.75 0.125 0.75 0.125 0.75 0.125 0.6666666 0.125 0.6666666 0.125 0.75 0.125 0.75 0.125 0.75 0.375 0.6666666 0.375 0.6666666 0.375 0.6666666 0.375 0.75 0.375 0.75 0.375 0.75 0.375 0.75 0.375 0.75 0.375 0.75 0.125 0.75 0.125 0.75 0.125 0.75 0.125 0.75 0.125 0.75 0.125 0.75 0.375 0.75 0.375 0.75 0.375 0.75 0.125 0.6666666 0.125 0.6666666 0.125 0.6666666 0.375 0.75 0.125 0.75 0.125 0.75 0.375 0.75 0.375 0.75 0.375 0.75 0.375 0.6666666 0.375 0.75 0.375 0.75 0.125 0.6666666 0.375 0.6666666 0.375 0.6666666 0.125 0.75 0.125 0.75 0.125 0.75 0.125 0.75 0.125 0.6666666 0.125 0.6666666 0.125 0.75 0.125 0.75 0.125 0.75 0.375 0.6666666 0.375 0.6666666 0.375 0.6666666 0.375 0.75 0.375 0.75 0.375 0.75 0.375 0.75 0.375 0.75 0.375 0.75 0.125 0.75 0.125 0.75 0.125 0.75 0.125 0.75 0.125 0.75 0.125 0.75 0.375 0.75 0.375 0.75 0.375 0.75 0.125 0.6666666 0.125 0.6666666 0.125 0.6666666 0.125 0.6666666 0.375 0.6666666 0.375 0.6666666 0.375 0.6666666 0.375 0.6666666 0.375 0.6666666 0.125 0.6666666 0.125 0.6666666 0.125 0.6666666 0.125 0.6666666 0.125 0.6666666 0.375 0.6666666 0.375 0.75 0.125 0.75 0.125 0.75 0.375 0.75 0.125 0.75 0.125 0.75 0.375 0.75 0.375 0.75 0.375 0.75 0.375 0.75 0.375 0.75 0.375 0.75 0.375 0.6666666 0.375 0.75 0.375 0.75 0.375 0.6666666 0.375 0.75 0.375 0.75 0.125 0.6666666 0.375 0.6666666 0.375 0.6666666 0.125 0.75 0.125 0.75 0.125 0.75 0.125 0.75 0.125 0.75 0.125 0.75 0.125 0.75 0.125 0.6666666 0.125 0.6666666 0.125 0.75 0.125 0.6666666 0.125 0.6666666 0.125 0.75 0.125 0.75 0.125 0.75 0.125 0.75 0.125 0.75 0.125 0.75 0.375 0.6666666 0.375 0.6666666 0.375 0.6666666 0.375 0.6666666 0.375 0.6666666 0.375 0.6666666 0.375 0.75 0.375 0.75 0.375 0.75 0.375 0.75 0.375 0.75 0.375 0.75 0.375 0.75 0.375 0.75 0.375 0.75 0.375 0.75 0.375 0.75 0.375 0.75 0.125 0.75 0.125 0.75 0.125 0.75 0.125 0.75 0.125 0.75 0.125 0.75 0.125 0.75 0.125 0.75 0.125 0.75 0.125 0.75 0.125 0.75 0.125 0.75 0.375 0.75 0.375 0.75 0.375 0.75 0.375 0.75 0.375 0.75 0.375 0.75 0.125 0.6666666 0.125 0.6666666 0.125 0.6666666 0.125 0.6666666 0.125 0.6666666 0.125 0.6666666 0.375 0.75 0.125 0.75 0.125 0.75 0.375 0.75 0.375 0.75 0.375 0.75 0.375 0.6666666 0.375 0.75 0.375 0.75 0.125 0.75 0.125 0.75 0.125 0.75 0.125 0.75 0.125 0.6666666 0.125 0.6666666 0.125 0.75 0.125 0.75 0.125 0.75 0.375 0.6666666 0.375 0.6666666 0.375 0.6666666 0.375 0.75 0.375 0.75 0.375 0.75 0.375 0.75 0.375 0.75 0.375 0.75 0.125 0.75 0.125 0.75 0.125 0.75 0.125 0.75 0.125 0.75 0.125 0.75 0.375 0.75 0.375 0.75 0.375 0.75 0.125 0.6666666 0.125 0.6666666 0.125 0.6666666 0.375 0.75 0.125 0.75 0.125 0.75 0.375 0.75 0.375 0.75 0.375 0.75 0.375 0.6666666 0.375 0.75 0.375 0.75 0.125 0.6666666 0.375 0.6666666 0.375 0.6666666 0.125 0.75 0.125 0.75 0.125 0.75 0.125 0.75 0.125 0.6666666 0.125 0.6666666 0.125 0.75 0.125 0.75 0.125 0.75 0.375 0.6666666 0.375 0.6666666 0.375 0.6666666 0.375 0.75 0.375 0.75 0.375 0.75 0.375 0.75 0.375 0.75 0.375 0.75 0.125 0.75 0.125 0.75 0.125 0.75 0.125 0.75 0.125 0.75 0.125 0.75 0.375 0.75 0.375 0.75 0.375 0.75 0.125 0.6666666 0.125 0.6666666 0.125 0.6666666 0.125 0.6666666 0.375 0.6666666 0.375 0.6666666 0.375 0.6666666 0.375 0.6666666 0.375 0.6666666 0.125 0.6666666 0.125 0.6666666 0.125 0.6666666 0.125 0.6666666 0.125 0.6666666 0.375 0.6666666 0.125 0.75 0.125 0.75 0.125 0.75 0.125 0.6666666 0.125 0.6666666 0.125 0.6666666 0.125 0.75 0.125 0.75 0.125 0.75 0.125 0.6666666 0.125 0.6666666 0.125 0.6666666 0.125 0.6666666 0.125 0.6666666 0.125 0.6666666 0.125 0.6666666 0.125 0.6666666 0.125 0.6666666 0.125 0.6666666 0.125 0.6666666 0.125 0.6666666 0.125 0.6666666 0.125 0.6666666 0.125 0.6666666 0.125 0.6666666 0.125 0.6666666 0.125 0.6666666 0.125 0.6666666 0.125 0.6666666 0.125 0.6666666 0.125 0.6666666 0.125 0.6666666 0.125 0.6666666 0.125 0.6666666 0.125 0.6666666 0.125 0.6666666 0.125 0.75 0.125 0.75 0.125 0.75 0.125 0.6666666 0.125 0.6666666 0.125 0.6666666 0.125 0.75 0.125 0.75 0.125 0.75 0.125 0.75 0.125 0.75 0.125 0.6666666 0.125 0.6666666 0.125 0.6666666 0.125 0.6666666 0.125 0.75 0.125 0.75 0.125 0.75 0.125 0.75 0.125 0.75 0.125 0.75 0.125 0.6666666 0.125 0.6666666 0.125 0.6666666 0.125 0.6666666 0.125 0.6666666 0.125 0.6666666 0.125 0.6666666 0.125 0.6666666 0.125 0.6666666 0.125 0.6666666 0.125 0.6666666 0.125 0.6666666 0.125 0.6666666 0.125 0.6666666 0.125 0.6666666 0.125 0.6666666 0.125 0.6666666 0.125 0.6666666 0.125 0.6666666 0.125 0.6666666 0.125 0.6666666 0.125 0.6666666 0.125 0.6666666 0.125 0.75 0.125 0.75 0.125 0.75 0.125 0.75 0.125 0.6666666 0.125 0.6666666 0.125 0.6666666 0.125 0.75 0.125 0.75 0.125 0.75 0.125 0.6666666 0.125 0.6666666 0.125 0.6666666 0.125 0.6666666 0.125 0.6666666 0.125 0.6666666 0.125 0.75 0.125 0.75 0.125 0.75 0.125 0.75 0.125 0.75 0.125 0.75 0.125 0.6666666 0.125 0.6666666 0.125 0.6666666</float_array>
          <technique_common>
            <accessor source="#Cube-mesh-map-0-array" count="9756" stride="2">
              <param name="S" type="float"/>
              <param name="T" type="float"/>
            </accessor>
          </technique_common>
        </source>
        <vertices id="Cube-mesh-vertices">
          <input semantic="POSITION" source="#Cube-mesh-positions"/>
        </vertices>
        <triangles material="paintable-0-material" count="3252">
          <input semantic="VERTEX" source="#Cube-mesh-vertices" offset="0"/>
          <input semantic="NORMAL" source="#Cube-mesh-normals" offset="1"/>
          <input semantic="TEXCOORD" source="#Cube-mesh-map-0" offset="2" set="0"/>
          <p>392 0 0 957 0 1 827 0 2 821 1 3 958 1 4 826 1 5 955 2 6 948 2 7 386 2 8 390 3 9 939 3 10 391 3 11 1226 4 12 1265 4 13 1238 4 14 383 5 15 955 5 16 37 5 17 1238 6 18 5 6 19 821 6 20 388 7 21 941 7 22 389 7 23 820 8 24 1254 8 25 1226 8 26 382 9 27 947 9 28 383 9 29 393 10 30 940 10 31 390 10 32 8 11 33 35 11 34 1 11 35 35 12 36 958 12 37 1 12 38 34 13 39 941 13 40 41 13 41 2 14 42 944 14 43 34 14 44 42 15 45 943 15 46 35 15 47 2 16 48 4 16 49 957 16 50 41 17 51 942 17 52 40 17 53 0 18 54 958 18 55 5 18 56 395 19 57 942 19 58 388 19 59 391 20 60 946 20 61 394 20 62 395 21 63 946 21 64 945 21 65 1255 22 66 4 22 67 957 22 68 40 23 69 945 23 70 33 23 71 1257 24 72 954 24 73 8 24 74 38 25 75 42 25 76 35 25 77 1259 26 78 2 26 79 7 26 80 7 27 81 387 27 82 6 27 83 387 28 84 1260 28 85 956 28 86 2 29 87 37 29 88 7 29 89 954 30 90 1262 30 91 953 30 92 38 31 93 950 31 94 384 31 95 1263 32 96 8 32 97 1 32 98 33 33 99 39 33 100 36 33 101 1265 34 102 958 34 103 5 34 104 1266 35 105 387 35 106 6 35 107 827 36 108 4 36 109 820 36 110 1258 37 111 957 37 112 2 37 113 8 38 114 952 38 115 38 38 116 1260 39 117 7 39 118 956 39 119 63 40 120 1182 40 121 1183 40 122 17 41 123 70 41 124 63 41 125 61 42 126 1183 42 127 1178 42 128 22 43 129 63 43 130 61 43 131 62 44 132 1179 44 133 1180 44 134 20 45 135 68 45 136 62 45 137 57 46 138 1181 46 139 1170 46 140 60 47 141 1175 47 142 1176 47 143 24 48 144 66 48 145 60 48 146 59 49 147 1171 49 148 1174 49 149 26 50 150 64 50 151 59 50 152 70 51 153 1177 51 154 1182 51 155 18 52 156 67 52 157 70 52 158 69 53 159 1180 53 160 1181 53 161 19 54 162 62 54 163 69 54 164 68 55 165 1173 55 166 1179 55 167 21 56 168 65 56 169 68 56 170 58 57 171 1178 57 172 1172 57 173 28 58 174 61 58 175 58 58 176 67 59 177 1176 59 178 1177 59 179 23 60 180 60 60 181 67 60 182 66 61 183 1174 61 184 1175 61 185 25 62 186 59 62 187 66 62 188 65 63 189 1172 63 190 1173 63 191 27 64 192 58 64 193 65 64 194 64 65 195 1170 65 196 1171 65 197 29 66 198 57 66 199 64 66 200 77 67 201 18 67 202 17 67 203 110 68 204 84 68 205 77 68 206 75 69 207 17 69 208 22 69 209 105 70 210 77 70 211 75 70 212 76 71 213 21 71 214 20 71 215 107 72 216 82 72 217 76 72 218 71 73 219 19 73 220 30 73 221 74 74 222 25 74 223 24 74 224 103 75 225 80 75 226 74 75 227 73 76 228 29 76 229 26 76 230 101 77 231 78 77 232 73 77 233 84 78 234 23 78 235 18 78 236 109 79 237 81 79 238 84 79 239 83 80 240 20 80 241 19 80 242 108 81 243 76 81 244 83 81 245 82 82 246 27 82 247 21 82 248 106 83 249 79 83 250 82 83 251 72 84 252 22 84 253 28 84 254 99 85 255 75 85 256 72 85 257 81 86 258 24 86 259 23 86 260 104 87 261 74 87 262 81 87 263 80 88 264 26 88 265 25 88 266 102 89 267 73 89 268 80 89 269 79 90 270 28 90 271 27 90 272 100 91 273 72 91 274 79 91 275 78 92 276 30 92 277 29 92 278 98 93 279 71 93 280 78 93 281 117 94 282 109 94 283 110 94 284 56 95 285 124 95 286 117 95 287 115 96 288 110 96 289 105 96 290 51 97 291 117 97 292 115 97 293 116 98 294 106 98 295 107 98 296 53 99 297 122 99 298 116 99 299 111 100 300 108 100 301 97 100 302 114 101 303 102 101 304 103 101 305 49 102 306 120 102 307 114 102 308 113 103 309 98 103 310 101 103 311 47 104 312 118 104 313 113 104 314 124 105 315 104 105 316 109 105 317 55 106 318 121 106 319 124 106 320 123 107 321 107 107 322 108 107 323 54 108 324 116 108 325 123 108 326 122 109 327 100 109 328 106 109 329 52 110 330 119 110 331 122 110 332 112 111 333 105 111 334 99 111 335 45 112 336 115 112 337 112 112 338 121 113 339 103 113 340 104 113 341 50 114 342 114 114 343 121 114 344 120 115 345 101 115 346 102 115 347 48 116 348 113 116 349 120 116 350 119 117 351 99 117 352 100 117 353 46 118 354 112 118 355 119 118 356 118 119 357 97 119 358 98 119 359 44 120 360 111 120 361 118 120 362 130 121 363 55 121 364 56 121 365 157 122 366 135 122 367 130 122 368 129 123 369 56 123 370 51 123 371 154 124 372 130 124 373 129 124 374 255 125 375 52 125 376 53 125 377 179 126 378 342 126 379 203 126 380 125 127 381 54 127 382 43 127 383 128 128 384 48 128 385 49 128 386 152 129 387 132 129 388 128 129 389 127 130 390 401 130 391 400 130 392 127 131 393 402 131 394 401 131 395 135 132 396 50 132 397 55 132 398 156 133 399 133 133 400 135 133 401 134 134 402 53 134 403 54 134 404 155 135 405 255 135 406 134 135 407 254 136 408 46 136 409 52 136 410 224 137 411 131 137 412 254 137 413 126 138 414 51 138 415 45 138 416 149 139 417 129 139 418 126 139 419 133 140 420 49 140 421 50 140 422 153 141 423 128 141 424 133 141 425 132 142 426 47 142 427 48 142 428 132 143 429 1541 143 430 127 143 431 131 144 432 45 144 433 46 144 434 150 145 435 126 145 436 131 145 437 400 146 438 125 146 439 43 146 440 402 147 441 125 147 442 401 147 443 163 148 444 156 148 445 157 148 446 85 149 447 169 149 448 163 149 449 161 150 450 157 150 451 154 150 452 90 151 453 163 151 454 161 151 455 224 152 456 336 152 457 167 152 458 162 153 459 338 153 460 229 153 461 158 154 462 155 154 463 148 154 464 160 155 465 151 155 466 152 155 467 92 156 468 165 156 469 160 156 470 169 157 471 153 157 472 156 157 473 86 158 474 166 158 475 169 158 476 168 159 477 229 159 478 155 159 479 87 160 480 162 160 481 168 160 482 167 161 483 150 161 484 224 161 485 89 162 486 164 162 487 167 162 488 159 163 489 154 163 490 149 163 491 95 164 492 161 164 493 159 164 494 166 165 495 152 165 496 153 165 497 91 166 498 160 166 499 166 166 500 151 167 501 1540 167 502 1541 167 503 165 168 504 1539 168 505 1540 168 506 164 169 507 149 169 508 150 169 509 94 170 510 159 170 511 164 170 512 403 171 513 148 171 514 402 171 515 404 172 516 158 172 517 403 172 518 175 173 519 86 173 520 85 173 521 207 174 522 181 174 523 175 174 524 173 175 525 85 175 526 90 175 527 202 176 528 175 176 529 173 176 530 174 177 531 329 177 532 88 177 533 167 178 534 331 178 535 89 178 536 170 179 537 87 179 538 96 179 539 172 180 540 93 180 541 92 180 542 200 181 543 177 181 544 172 181 545 181 182 546 91 182 547 86 182 548 206 183 549 178 183 550 181 183 551 180 184 552 88 184 553 87 184 554 205 185 555 174 185 556 180 185 557 179 186 558 94 186 559 89 186 560 203 187 561 176 187 562 179 187 563 171 188 564 90 188 565 95 188 566 197 189 567 173 189 568 171 189 569 178 190 570 92 190 571 91 190 572 201 191 573 172 191 574 178 191 575 93 192 576 1538 192 577 1539 192 578 177 193 579 1537 193 580 1538 193 581 176 194 582 95 194 583 94 194 584 198 195 585 171 195 586 176 195 587 405 196 588 96 196 589 404 196 590 406 197 591 170 197 592 405 197 593 213 198 594 206 198 595 207 198 596 147 199 597 219 199 598 213 199 599 211 200 600 207 200 601 202 200 602 142 201 603 213 201 604 211 201 605 208 202 606 205 202 607 196 202 608 210 203 609 199 203 610 200 203 611 140 204 612 215 204 613 210 204 614 219 205 615 201 205 616 206 205 617 146 206 618 216 206 619 219 206 620 218 207 621 204 207 622 205 207 623 145 208 624 212 208 625 218 208 626 217 209 627 198 209 628 203 209 629 143 210 630 214 210 631 217 210 632 209 211 633 202 211 634 197 211 635 137 212 636 211 212 637 209 212 638 216 213 639 200 213 640 201 213 641 141 214 642 210 214 643 216 214 644 199 215 645 1536 215 646 1537 215 647 215 216 648 1535 216 649 1536 216 650 214 217 651 197 217 652 198 217 653 138 218 654 209 218 655 214 218 656 407 219 657 196 219 658 406 219 659 408 220 660 208 220 661 407 220 662 225 221 663 146 221 664 147 221 665 258 222 666 231 222 667 225 222 668 223 223 669 147 223 670 142 223 671 253 224 672 225 224 673 223 224 674 89 225 675 332 225 676 179 225 677 143 226 678 333 226 679 378 226 680 220 227 681 145 227 682 136 227 683 222 228 684 139 228 685 140 228 686 251 229 687 227 229 688 222 229 689 1534 230 690 410 230 691 409 230 692 231 231 693 141 231 694 146 231 695 257 232 696 228 232 697 231 232 698 230 233 699 144 233 700 145 233 701 256 234 702 377 234 703 230 234 704 378 235 705 138 235 706 143 235 707 380 236 708 226 236 709 378 236 710 221 237 711 142 237 712 137 237 713 247 238 714 223 238 715 221 238 716 228 239 717 140 239 718 141 239 719 252 240 720 222 240 721 228 240 722 139 241 723 1534 241 724 1535 241 725 227 242 726 249 242 727 1534 242 728 226 243 729 137 243 730 138 243 731 248 244 732 221 244 733 226 244 734 409 245 735 136 245 736 408 245 737 410 246 738 220 246 739 409 246 740 265 247 741 257 247 742 258 247 743 182 248 744 272 248 745 265 248 746 263 249 747 258 249 748 253 249 749 187 250 750 265 250 751 263 250 752 264 251 753 380 251 754 379 251 755 185 252 756 270 252 757 264 252 758 259 253 759 256 253 760 246 253 761 262 254 762 250 254 763 251 254 764 189 255 765 268 255 766 262 255 767 261 256 768 266 256 769 399 256 770 191 257 771 266 257 772 261 257 773 272 258 774 252 258 775 257 258 776 183 259 777 269 259 778 272 259 779 271 260 780 379 260 781 256 260 782 184 261 783 264 261 784 271 261 785 270 262 786 248 262 787 380 262 788 186 263 789 267 263 790 270 263 791 260 264 792 253 264 793 247 264 794 193 265 795 263 265 796 260 265 797 269 266 798 251 266 799 252 266 800 188 267 801 262 267 802 269 267 803 268 268 804 249 268 805 250 268 806 190 269 807 261 269 808 268 269 809 267 270 810 247 270 811 248 270 812 192 271 813 260 271 814 267 271 815 399 272 816 259 272 817 246 272 818 194 273 819 259 273 820 266 273 821 279 274 822 183 274 823 182 274 824 300 275 825 286 275 826 279 275 827 277 276 828 182 276 829 187 276 830 295 277 831 279 277 832 277 277 833 278 278 834 186 278 835 185 278 836 297 279 837 284 279 838 278 279 839 273 280 840 184 280 841 195 280 842 276 281 843 190 281 844 189 281 845 293 282 846 282 282 847 276 282 848 275 283 849 194 283 850 191 283 851 291 284 852 280 284 853 275 284 854 286 285 855 188 285 856 183 285 857 299 286 858 283 286 859 286 286 860 285 287 861 185 287 862 184 287 863 298 288 864 278 288 865 285 288 866 284 289 867 192 289 868 186 289 869 296 290 870 281 290 871 284 290 872 274 291 873 187 291 874 193 291 875 289 292 876 277 292 877 274 292 878 283 293 879 189 293 880 188 293 881 294 294 882 276 294 883 283 294 884 282 295 885 191 295 886 190 295 887 292 296 888 275 296 889 282 296 890 281 297 891 193 297 892 192 297 893 290 298 894 274 298 895 281 298 896 280 299 897 195 299 898 194 299 899 288 300 900 273 300 901 280 300 902 307 301 903 299 301 904 300 301 905 245 302 906 314 302 907 307 302 908 305 303 909 300 303 910 295 303 911 240 304 912 307 304 913 305 304 914 306 305 915 296 305 916 297 305 917 242 306 918 312 306 919 306 306 920 301 307 921 298 307 922 287 307 923 304 308 924 292 308 925 293 308 926 238 309 927 310 309 928 304 309 929 303 310 930 288 310 931 291 310 932 236 311 933 308 311 934 303 311 935 314 312 936 294 312 937 299 312 938 244 313 939 311 313 940 314 313 941 313 314 942 297 314 943 298 314 944 243 315 945 306 315 946 313 315 947 312 316 948 290 316 949 296 316 950 241 317 951 309 317 952 312 317 953 302 318 954 295 318 955 289 318 956 234 319 957 305 319 958 302 319 959 311 320 960 293 320 961 294 320 962 239 321 963 304 321 964 311 321 965 310 322 966 291 322 967 292 322 968 237 323 969 303 323 970 310 323 971 309 324 972 289 324 973 290 324 974 235 325 975 302 325 976 309 325 977 308 326 978 287 326 979 288 326 980 233 327 981 301 327 982 308 327 983 980 328 984 244 328 985 245 328 986 978 329 987 245 329 988 240 329 989 979 330 990 241 330 991 242 330 992 974 331 993 243 331 994 232 331 995 977 332 996 237 332 997 238 332 998 976 333 999 233 333 1000 236 333 1001 987 334 1002 239 334 1003 244 334 1004 986 335 1005 242 335 1006 243 335 1007 985 336 1008 235 336 1009 241 336 1010 975 337 1011 240 337 1012 234 337 1013 984 338 1014 238 338 1015 239 338 1016 983 339 1017 236 339 1018 237 339 1019 982 340 1020 234 340 1021 235 340 1022 981 341 1023 232 341 1024 233 341 1025 337 342 1026 229 342 1027 338 342 1028 339 343 1029 337 343 1030 338 343 1031 329 344 1032 336 344 1033 339 344 1034 330 345 1035 331 345 1036 329 345 1037 343 346 1038 332 346 1039 330 346 1040 344 347 1041 342 347 1042 343 347 1043 335 348 1044 341 348 1045 344 348 1046 340 349 1047 334 349 1048 335 349 1049 340 350 1050 378 350 1051 333 350 1052 217 351 1053 334 351 1054 143 351 1055 212 352 1056 343 352 1057 204 352 1058 88 353 1059 339 353 1060 162 353 1061 203 354 1062 341 354 1063 217 354 1064 377 355 1065 335 355 1066 144 355 1067 204 356 1068 330 356 1069 174 356 1070 144 357 1071 344 357 1072 212 357 1073 14 358 1074 333 358 1075 11 358 1076 13 359 1077 12 359 1078 337 359 1079 11 360 1080 334 360 1081 345 360 1082 345 361 1083 341 361 1084 346 361 1085 346 362 1086 342 362 1087 347 362 1088 342 363 1089 348 363 1090 347 363 1091 332 364 1092 349 364 1093 348 364 1094 331 365 1095 350 365 1096 349 365 1097 336 366 1098 12 366 1099 350 366 1100 340 367 1101 14 367 1102 15 367 1103 15 368 1104 16 368 1105 340 368 1106 335 369 1107 16 369 1108 356 369 1109 344 370 1110 356 370 1111 355 370 1112 343 371 1113 355 371 1114 354 371 1115 353 372 1116 343 372 1117 354 372 1118 352 373 1119 330 373 1120 353 373 1121 351 374 1122 329 374 1123 352 374 1124 10 375 1125 339 375 1126 351 375 1127 10 376 1128 9 376 1129 338 376 1130 13 377 1131 338 377 1132 9 377 1133 354 378 1134 373 378 1135 353 378 1136 16 379 1137 376 379 1138 356 379 1139 11 380 1140 362 380 1141 14 380 1142 348 381 1143 367 381 1144 347 381 1145 355 382 1146 374 382 1147 354 382 1148 13 383 1149 360 383 1150 12 383 1151 349 384 1152 368 384 1153 348 384 1154 356 385 1155 375 385 1156 355 385 1157 350 386 1158 369 386 1159 349 386 1160 9 387 1161 361 387 1162 13 387 1163 10 388 1164 357 388 1165 9 388 1166 351 389 1167 358 389 1168 10 389 1169 15 390 1170 364 390 1171 16 390 1172 345 391 1173 359 391 1174 11 391 1175 352 392 1176 371 392 1177 351 392 1178 14 393 1179 363 393 1180 15 393 1181 346 394 1182 365 394 1183 345 394 1184 353 395 1185 372 395 1186 352 395 1187 12 396 1188 370 396 1189 350 396 1190 347 397 1191 366 397 1192 346 397 1193 379 398 1194 378 398 1195 377 398 1196 229 399 1197 254 399 1198 255 399 1199 0 400 1200 5 400 1201 959 400 1202 31 401 1203 954 401 1204 8 401 1205 1264 402 1206 1 402 1207 958 402 1208 953 403 1209 1267 403 1210 31 403 1211 820 404 1212 4 404 1213 959 404 1214 31 405 1215 1266 405 1216 6 405 1217 37 406 1218 956 406 1219 7 406 1220 42 407 1221 385 407 1222 381 407 1223 956 408 1224 386 408 1225 387 408 1226 40 409 1227 383 409 1228 41 409 1229 32 410 1230 939 410 1231 381 410 1232 387 411 1233 951 411 1234 953 411 1235 384 412 1236 949 412 1237 385 412 1238 412 413 1239 1552 413 1240 413 413 1241 478 414 1242 1003 414 1243 1002 414 1244 430 415 1245 485 415 1246 478 415 1247 476 416 1248 1002 416 1249 1007 416 1250 435 417 1251 478 417 1252 476 417 1253 477 418 1254 1006 418 1255 1005 418 1256 433 419 1257 483 419 1258 477 419 1259 472 420 1260 1004 420 1261 1015 420 1262 475 421 1263 1010 421 1264 1009 421 1265 437 422 1266 481 422 1267 475 422 1268 474 423 1269 1014 423 1270 1011 423 1271 439 424 1272 479 424 1273 474 424 1274 485 425 1275 1008 425 1276 1003 425 1277 431 426 1278 482 426 1279 485 426 1280 484 427 1281 1005 427 1282 1004 427 1283 432 428 1284 477 428 1285 484 428 1286 483 429 1287 1012 429 1288 1006 429 1289 434 430 1290 480 430 1291 483 430 1292 473 431 1293 1007 431 1294 1013 431 1295 441 432 1296 476 432 1297 473 432 1298 482 433 1299 1009 433 1300 1008 433 1301 436 434 1302 475 434 1303 482 434 1304 481 435 1305 1011 435 1306 1010 435 1307 438 436 1308 474 436 1309 481 436 1310 480 437 1311 1013 437 1312 1012 437 1313 440 438 1314 473 438 1315 480 438 1316 479 439 1317 1015 439 1318 1014 439 1319 442 440 1320 472 440 1321 479 440 1322 492 441 1323 431 441 1324 430 441 1325 525 442 1326 499 442 1327 492 442 1328 490 443 1329 430 443 1330 435 443 1331 520 444 1332 492 444 1333 490 444 1334 491 445 1335 434 445 1336 433 445 1337 522 446 1338 497 446 1339 491 446 1340 486 447 1341 432 447 1342 443 447 1343 489 448 1344 438 448 1345 437 448 1346 518 449 1347 495 449 1348 489 449 1349 488 450 1350 442 450 1351 439 450 1352 516 451 1353 493 451 1354 488 451 1355 499 452 1356 436 452 1357 431 452 1358 524 453 1359 496 453 1360 499 453 1361 498 454 1362 433 454 1363 432 454 1364 523 455 1365 491 455 1366 498 455 1367 497 456 1368 440 456 1369 434 456 1370 521 457 1371 494 457 1372 497 457 1373 487 458 1374 435 458 1375 441 458 1376 514 459 1377 490 459 1378 487 459 1379 496 460 1380 437 460 1381 436 460 1382 519 461 1383 489 461 1384 496 461 1385 495 462 1386 439 462 1387 438 462 1388 517 463 1389 488 463 1390 495 463 1391 494 464 1392 441 464 1393 440 464 1394 515 465 1395 487 465 1396 494 465 1397 493 466 1398 443 466 1399 442 466 1400 513 467 1401 486 467 1402 493 467 1403 532 468 1404 524 468 1405 525 468 1406 457 469 1407 539 469 1408 532 469 1409 520 470 1410 532 470 1411 525 470 1412 452 471 1413 532 471 1414 530 471 1415 531 472 1416 521 472 1417 522 472 1418 454 473 1419 537 473 1420 531 473 1421 526 474 1422 523 474 1423 512 474 1424 518 475 1425 535 475 1426 517 475 1427 450 476 1428 535 476 1429 529 476 1430 528 477 1431 513 477 1432 516 477 1433 448 478 1434 533 478 1435 528 478 1436 539 479 1437 519 479 1438 524 479 1439 456 480 1440 536 480 1441 539 480 1442 538 481 1443 522 481 1444 523 481 1445 455 482 1446 531 482 1447 538 482 1448 537 483 1449 515 483 1450 521 483 1451 453 484 1452 534 484 1453 537 484 1454 527 485 1455 520 485 1456 514 485 1457 446 486 1458 530 486 1459 527 486 1460 536 487 1461 518 487 1462 519 487 1463 451 488 1464 529 488 1465 536 488 1466 535 489 1467 516 489 1468 517 489 1469 449 490 1470 528 490 1471 535 490 1472 534 491 1473 514 491 1474 515 491 1475 447 492 1476 527 492 1477 534 492 1478 533 493 1479 512 493 1480 513 493 1481 445 494 1482 526 494 1483 533 494 1484 545 495 1485 456 495 1486 457 495 1487 572 496 1488 550 496 1489 545 496 1490 544 497 1491 457 497 1492 452 497 1493 569 498 1494 545 498 1495 544 498 1496 670 499 1497 453 499 1498 454 499 1499 594 500 1500 745 500 1501 618 500 1502 540 501 1503 455 501 1504 444 501 1505 543 502 1506 449 502 1507 450 502 1508 567 503 1509 547 503 1510 543 503 1511 542 504 1512 786 504 1513 785 504 1514 542 505 1515 787 505 1516 786 505 1517 550 506 1518 451 506 1519 456 506 1520 571 507 1521 548 507 1522 550 507 1523 549 508 1524 454 508 1525 455 508 1526 570 509 1527 670 509 1528 549 509 1529 669 510 1530 447 510 1531 453 510 1532 639 511 1533 546 511 1534 669 511 1535 541 512 1536 452 512 1537 446 512 1538 564 513 1539 544 513 1540 541 513 1541 548 514 1542 450 514 1543 451 514 1544 568 515 1545 543 515 1546 548 515 1547 547 516 1548 448 516 1549 449 516 1550 547 517 1551 418 517 1552 542 517 1553 546 518 1554 446 518 1555 447 518 1556 565 519 1557 541 519 1558 546 519 1559 785 520 1560 540 520 1561 444 520 1562 787 521 1563 540 521 1564 786 521 1565 578 522 1566 571 522 1567 572 522 1568 500 523 1569 584 523 1570 578 523 1571 576 524 1572 572 524 1573 569 524 1574 505 525 1575 578 525 1576 576 525 1577 639 526 1578 739 526 1579 582 526 1580 577 527 1581 741 527 1582 644 527 1583 573 528 1584 570 528 1585 563 528 1586 575 529 1587 566 529 1588 567 529 1589 507 530 1590 580 530 1591 575 530 1592 584 531 1593 568 531 1594 571 531 1595 501 532 1596 581 532 1597 584 532 1598 583 533 1599 644 533 1600 570 533 1601 502 534 1602 577 534 1603 583 534 1604 582 535 1605 565 535 1606 639 535 1607 504 536 1608 579 536 1609 582 536 1610 574 537 1611 569 537 1612 564 537 1613 510 538 1614 576 538 1615 574 538 1616 581 539 1617 567 539 1618 568 539 1619 506 540 1620 575 540 1621 581 540 1622 566 541 1623 417 541 1624 418 541 1625 580 542 1626 416 542 1627 417 542 1628 579 543 1629 564 543 1630 565 543 1631 509 544 1632 574 544 1633 579 544 1634 788 545 1635 563 545 1636 787 545 1637 789 546 1638 573 546 1639 788 546 1640 590 547 1641 501 547 1642 500 547 1643 622 548 1644 596 548 1645 590 548 1646 588 549 1647 500 549 1648 505 549 1649 617 550 1650 590 550 1651 588 550 1652 589 551 1653 732 551 1654 503 551 1655 582 552 1656 734 552 1657 504 552 1658 585 553 1659 502 553 1660 511 553 1661 587 554 1662 508 554 1663 507 554 1664 615 555 1665 592 555 1666 587 555 1667 501 556 1668 593 556 1669 506 556 1670 596 557 1671 616 557 1672 593 557 1673 595 558 1674 503 558 1675 502 558 1676 620 559 1677 589 559 1678 595 559 1679 594 560 1680 509 560 1681 504 560 1682 594 561 1683 613 561 1684 591 561 1685 586 562 1686 505 562 1687 510 562 1688 612 563 1689 588 563 1690 586 563 1691 593 564 1692 507 564 1693 506 564 1694 616 565 1695 587 565 1696 593 565 1697 508 566 1698 415 566 1699 416 566 1700 592 567 1701 414 567 1702 415 567 1703 509 568 1704 586 568 1705 510 568 1706 591 569 1707 612 569 1708 586 569 1709 790 570 1710 511 570 1711 789 570 1712 791 571 1713 585 571 1714 790 571 1715 628 572 1716 621 572 1717 622 572 1718 562 573 1719 634 573 1720 628 573 1721 626 574 1722 622 574 1723 617 574 1724 557 575 1725 628 575 1726 626 575 1727 623 576 1728 620 576 1729 611 576 1730 625 577 1731 614 577 1732 615 577 1733 555 578 1734 630 578 1735 625 578 1736 621 579 1737 631 579 1738 616 579 1739 561 580 1740 631 580 1741 634 580 1742 633 581 1743 619 581 1744 620 581 1745 560 582 1746 627 582 1747 633 582 1748 632 583 1749 613 583 1750 618 583 1751 558 584 1752 629 584 1753 632 584 1754 624 585 1755 617 585 1756 612 585 1757 552 586 1758 626 586 1759 624 586 1760 631 587 1761 615 587 1762 616 587 1763 556 588 1764 625 588 1765 631 588 1766 614 589 1767 413 589 1768 414 589 1769 630 590 1770 412 590 1771 413 590 1772 613 591 1773 624 591 1774 612 591 1775 553 592 1776 624 592 1777 629 592 1778 792 593 1779 611 593 1780 791 593 1781 793 594 1782 623 594 1783 792 594 1784 640 595 1785 561 595 1786 562 595 1787 673 596 1788 646 596 1789 640 596 1790 638 597 1791 562 597 1792 557 597 1793 668 598 1794 640 598 1795 638 598 1796 504 599 1797 735 599 1798 594 599 1799 558 600 1800 736 600 1801 781 600 1802 635 601 1803 560 601 1804 551 601 1805 637 602 1806 554 602 1807 555 602 1808 666 603 1809 642 603 1810 637 603 1811 411 604 1812 795 604 1813 794 604 1814 646 605 1815 556 605 1816 561 605 1817 672 606 1818 643 606 1819 646 606 1820 645 607 1821 559 607 1822 560 607 1823 671 608 1824 780 608 1825 645 608 1826 781 609 1827 553 609 1828 558 609 1829 783 610 1830 641 610 1831 781 610 1832 636 611 1833 557 611 1834 552 611 1835 662 612 1836 638 612 1837 636 612 1838 643 613 1839 555 613 1840 556 613 1841 667 614 1842 637 614 1843 643 614 1844 554 615 1845 411 615 1846 412 615 1847 642 616 1848 664 616 1849 411 616 1850 641 617 1851 552 617 1852 553 617 1853 663 618 1854 636 618 1855 641 618 1856 794 619 1857 551 619 1858 793 619 1859 795 620 1860 635 620 1861 794 620 1862 680 621 1863 672 621 1864 673 621 1865 597 622 1866 687 622 1867 680 622 1868 678 623 1869 673 623 1870 668 623 1871 602 624 1872 680 624 1873 678 624 1874 679 625 1875 783 625 1876 782 625 1877 600 626 1878 685 626 1879 679 626 1880 674 627 1881 671 627 1882 661 627 1883 677 628 1884 665 628 1885 666 628 1886 604 629 1887 683 629 1888 677 629 1889 676 630 1890 681 630 1891 784 630 1892 606 631 1893 681 631 1894 676 631 1895 687 632 1896 667 632 1897 672 632 1898 598 633 1899 684 633 1900 687 633 1901 686 634 1902 782 634 1903 671 634 1904 599 635 1905 679 635 1906 686 635 1907 685 636 1908 663 636 1909 783 636 1910 601 637 1911 682 637 1912 685 637 1913 675 638 1914 668 638 1915 662 638 1916 608 639 1917 678 639 1918 675 639 1919 684 640 1920 666 640 1921 667 640 1922 603 641 1923 677 641 1924 684 641 1925 683 642 1926 664 642 1927 665 642 1928 605 643 1929 676 643 1930 683 643 1931 682 644 1932 662 644 1933 663 644 1934 607 645 1935 675 645 1936 682 645 1937 784 646 1938 674 646 1939 661 646 1940 609 647 1941 674 647 1942 681 647 1943 694 648 1944 598 648 1945 597 648 1946 715 649 1947 701 649 1948 694 649 1949 692 650 1950 597 650 1951 602 650 1952 710 651 1953 694 651 1954 692 651 1955 693 652 1956 601 652 1957 600 652 1958 712 653 1959 699 653 1960 693 653 1961 688 654 1962 599 654 1963 610 654 1964 691 655 1965 605 655 1966 604 655 1967 708 656 1968 697 656 1969 691 656 1970 606 657 1971 695 657 1972 609 657 1973 706 658 1974 695 658 1975 690 658 1976 701 659 1977 603 659 1978 598 659 1979 714 660 1980 698 660 1981 701 660 1982 700 661 1983 600 661 1984 599 661 1985 713 662 1986 693 662 1987 700 662 1988 699 663 1989 607 663 1990 601 663 1991 711 664 1992 696 664 1993 699 664 1994 689 665 1995 602 665 1996 608 665 1997 704 666 1998 692 666 1999 689 666 2000 698 667 2001 604 667 2002 603 667 2003 709 668 2004 691 668 2005 698 668 2006 697 669 2007 606 669 2008 605 669 2009 707 670 2010 690 670 2011 697 670 2012 696 671 2013 608 671 2014 607 671 2015 705 672 2016 689 672 2017 696 672 2018 695 673 2019 610 673 2020 609 673 2021 703 674 2022 688 674 2023 695 674 2024 722 675 2025 714 675 2026 715 675 2027 660 676 2028 729 676 2029 722 676 2030 720 677 2031 715 677 2032 710 677 2033 655 678 2034 722 678 2035 720 678 2036 721 679 2037 711 679 2038 712 679 2039 657 680 2040 727 680 2041 721 680 2042 716 681 2043 713 681 2044 702 681 2045 719 682 2046 707 682 2047 708 682 2048 653 683 2049 725 683 2050 719 683 2051 718 684 2052 703 684 2053 706 684 2054 651 685 2055 723 685 2056 718 685 2057 729 686 2058 709 686 2059 714 686 2060 659 687 2061 726 687 2062 729 687 2063 728 688 2064 712 688 2065 713 688 2066 658 689 2067 721 689 2068 728 689 2069 727 690 2070 705 690 2071 711 690 2072 656 691 2073 724 691 2074 727 691 2075 717 692 2076 710 692 2077 704 692 2078 649 693 2079 720 693 2080 717 693 2081 726 694 2082 708 694 2083 709 694 2084 654 695 2085 719 695 2086 726 695 2087 725 696 2088 706 696 2089 707 696 2090 652 697 2091 718 697 2092 725 697 2093 724 698 2094 704 698 2095 705 698 2096 650 699 2097 717 699 2098 724 699 2099 723 700 2100 702 700 2101 703 700 2102 648 701 2103 716 701 2104 723 701 2105 932 702 2106 659 702 2107 660 702 2108 34 703 2109 383 703 2110 37 703 2111 934 704 2112 660 704 2113 655 704 2114 951 705 2115 950 705 2116 952 705 2117 933 706 2118 656 706 2119 657 706 2120 385 707 2121 951 707 2122 39 707 2123 938 708 2124 658 708 2125 647 708 2126 935 709 2127 652 709 2128 653 709 2129 953 710 2130 952 710 2131 954 710 2132 936 711 2133 648 711 2134 651 711 2135 36 712 2136 40 712 2137 33 712 2138 828 713 2139 654 713 2140 659 713 2141 32 714 2142 385 714 2143 39 714 2144 829 715 2145 657 715 2146 658 715 2147 36 716 2148 948 716 2149 382 716 2150 830 717 2151 650 717 2152 656 717 2153 32 718 2154 945 718 2155 946 718 2156 937 719 2157 655 719 2158 649 719 2159 381 720 2160 940 720 2161 42 720 2162 831 721 2163 653 721 2164 654 721 2165 36 722 2166 951 722 2167 386 722 2168 832 723 2169 651 723 2170 652 723 2171 826 724 2172 943 724 2173 393 724 2174 833 725 2175 649 725 2176 650 725 2177 6 726 2178 953 726 2179 31 726 2180 834 727 2181 647 727 2182 648 727 2183 389 728 2184 944 728 2185 392 728 2186 740 729 2187 644 729 2188 741 729 2189 741 730 2190 739 730 2191 740 730 2192 742 731 2193 734 731 2194 739 731 2195 732 732 2196 735 732 2197 734 732 2198 746 733 2199 735 733 2200 733 733 2201 746 734 2202 744 734 2203 745 734 2204 747 735 2205 737 735 2206 744 735 2207 738 736 2208 736 736 2209 737 736 2210 743 737 2211 781 737 2212 736 737 2213 632 738 2214 737 738 2215 558 738 2216 627 739 2217 746 739 2218 619 739 2219 503 740 2220 742 740 2221 577 740 2222 618 741 2223 744 741 2224 632 741 2225 780 742 2226 738 742 2227 559 742 2228 619 743 2229 733 743 2230 589 743 2231 559 744 2232 747 744 2233 627 744 2234 427 745 2235 736 745 2236 424 745 2237 426 746 2238 425 746 2239 740 746 2240 424 747 2241 737 747 2242 748 747 2243 748 748 2244 744 748 2245 749 748 2246 749 749 2247 745 749 2248 750 749 2249 745 750 2250 751 750 2251 750 750 2252 735 751 2253 752 751 2254 751 751 2255 734 752 2256 753 752 2257 752 752 2258 739 753 2259 425 753 2260 753 753 2261 743 754 2262 427 754 2263 428 754 2264 428 755 2265 429 755 2266 743 755 2267 738 756 2268 429 756 2269 759 756 2270 747 757 2271 759 757 2272 758 757 2273 746 758 2274 758 758 2275 757 758 2276 756 759 2277 746 759 2278 757 759 2279 755 760 2280 733 760 2281 756 760 2282 754 761 2283 732 761 2284 755 761 2285 423 762 2286 742 762 2287 754 762 2288 423 763 2289 422 763 2290 741 763 2291 426 764 2292 741 764 2293 422 764 2294 757 765 2295 776 765 2296 756 765 2297 429 766 2298 779 766 2299 759 766 2300 424 767 2301 765 767 2302 427 767 2303 751 768 2304 770 768 2305 750 768 2306 758 769 2307 777 769 2308 757 769 2309 426 770 2310 763 770 2311 425 770 2312 752 771 2313 771 771 2314 751 771 2315 759 772 2316 778 772 2317 758 772 2318 753 773 2319 772 773 2320 752 773 2321 422 774 2322 764 774 2323 426 774 2324 423 775 2325 760 775 2326 422 775 2327 754 776 2328 761 776 2329 423 776 2330 428 777 2331 767 777 2332 429 777 2333 748 778 2334 762 778 2335 424 778 2336 755 779 2337 774 779 2338 754 779 2339 427 780 2340 766 780 2341 428 780 2342 749 781 2343 768 781 2344 748 781 2345 756 782 2346 775 782 2347 755 782 2348 425 783 2349 773 783 2350 753 783 2351 750 784 2352 769 784 2353 749 784 2354 782 785 2355 781 785 2356 780 785 2357 644 786 2358 669 786 2359 670 786 2360 301 787 2361 432 787 2362 313 787 2363 825 788 2364 827 788 2365 820 788 2366 145 789 2367 573 789 2368 136 789 2369 148 790 2370 661 790 2371 125 790 2372 411 791 2373 1555 791 2374 412 791 2375 789 792 2376 1549 792 2377 790 792 2378 794 793 2379 1556 793 2380 411 793 2381 788 794 2382 1546 794 2383 789 794 2384 417 795 2385 1543 795 2386 418 795 2387 787 796 2388 1545 796 2389 788 796 2390 405 797 2391 1562 797 2392 406 797 2393 1538 798 2394 1573 798 2395 1539 798 2396 1541 799 2397 1558 799 2398 402 799 2399 404 800 2400 1561 800 2401 405 800 2402 43 801 2403 610 801 2404 111 801 2405 71 802 2406 713 802 2407 83 802 2408 208 803 2409 502 803 2410 218 803 2411 30 804 2412 728 804 2413 716 804 2414 287 805 2415 512 805 2416 273 805 2417 184 806 2418 526 806 2419 195 806 2420 97 807 2421 702 807 2422 71 807 2423 271 808 2424 538 808 2425 184 808 2426 180 809 2427 595 809 2428 205 809 2429 220 810 2430 570 810 2431 230 810 2432 69 811 2433 728 811 2434 19 811 2435 256 812 2436 540 812 2437 246 812 2438 195 813 2439 444 813 2440 259 813 2441 205 814 2442 585 814 2443 196 814 2444 30 815 2445 647 815 2446 57 815 2447 158 816 2448 560 816 2449 168 816 2450 57 817 2451 658 817 2452 69 817 2453 218 818 2454 583 818 2455 145 818 2456 136 819 2457 511 819 2458 208 819 2459 806 820 2460 391 820 2461 807 820 2462 134 821 2463 645 821 2464 155 821 2465 170 822 2466 620 822 2467 180 822 2468 54 823 2469 674 823 2470 43 823 2471 111 824 2472 599 824 2473 123 824 2474 196 825 2475 611 825 2476 170 825 2477 168 826 2478 633 826 2479 87 826 2480 87 827 2481 623 827 2482 96 827 2483 285 828 2484 498 828 2485 298 828 2486 287 829 2487 498 829 2488 486 829 2489 96 830 2490 551 830 2491 158 830 2492 232 831 2493 443 831 2494 301 831 2495 123 832 2496 686 832 2497 54 832 2498 273 833 2499 523 833 2500 285 833 2501 230 834 2502 549 834 2503 256 834 2504 313 835 2505 484 835 2506 243 835 2507 246 836 2508 563 836 2509 220 836 2510 97 837 2511 700 837 2512 688 837 2513 259 838 2514 455 838 2515 271 838 2516 823 839 2517 821 839 2518 826 839 2519 155 840 2520 635 840 2521 148 840 2522 125 841 2523 671 841 2524 134 841 2525 83 842 2526 700 842 2527 108 842 2528 232 843 2529 484 843 2530 472 843 2531 805 844 2532 392 844 2533 812 844 2534 823 845 2535 393 845 2536 813 845 2537 813 846 2538 390 846 2539 806 846 2540 812 847 2541 827 847 2542 824 847 2543 811 848 2544 397 848 2545 803 848 2546 810 849 2547 797 849 2548 818 849 2549 802 850 2550 796 850 2551 810 850 2552 803 851 2553 396 851 2554 802 851 2555 819 852 2556 730 852 2557 816 852 2558 811 853 2559 420 853 2560 799 853 2561 801 854 2562 398 854 2563 800 854 2564 796 855 2565 397 855 2566 799 855 2567 730 856 2568 421 856 2569 731 856 2570 798 857 2571 420 857 2572 730 857 2573 420 858 2574 419 858 2575 421 858 2576 797 859 2577 799 859 2578 798 859 2579 815 860 2580 394 860 2581 395 860 2582 813 861 2583 802 861 2584 810 861 2585 815 862 2586 800 862 2587 808 862 2588 800 863 2589 420 863 2590 808 863 2591 804 864 2592 389 864 2593 805 864 2594 811 865 2595 807 865 2596 814 865 2597 805 866 2598 800 866 2599 804 866 2600 807 867 2601 802 867 2602 806 867 2603 815 868 2604 388 868 2605 804 868 2606 817 869 2607 812 869 2608 824 869 2609 816 870 2610 731 870 2611 817 870 2612 807 871 2613 394 871 2614 814 871 2615 817 872 2616 421 872 2617 809 872 2618 809 873 2619 419 873 2620 801 873 2621 809 874 2622 805 874 2623 812 874 2624 814 875 2625 808 875 2626 811 875 2627 818 876 2628 798 876 2629 819 876 2630 825 877 2631 821 877 2632 822 877 2633 823 878 2634 810 878 2635 818 878 2636 827 879 2637 1226 879 2638 1233 879 2639 818 880 2640 1227 880 2641 1234 880 2642 817 881 2643 1228 881 2644 1235 881 2645 730 882 2646 1229 882 2647 1236 882 2648 797 883 2649 1230 883 2650 1227 883 2651 823 884 2652 1234 884 2653 1237 884 2654 821 885 2655 1231 885 2656 1238 885 2657 1239 886 2658 730 886 2659 1236 886 2660 824 887 2661 1233 887 2662 1228 887 2663 731 888 2664 1235 888 2665 1229 888 2666 826 889 2667 1237 889 2668 1231 889 2669 798 890 2670 1232 890 2671 1230 890 2672 819 891 2673 1239 891 2674 1232 891 2675 856 892 2676 877 892 2677 853 892 2678 848 893 2679 875 893 2680 836 893 2681 841 894 2682 864 894 2683 842 894 2684 852 895 2685 869 895 2686 870 895 2687 848 896 2688 872 896 2689 840 896 2690 852 897 2691 837 897 2692 845 897 2693 848 898 2694 844 898 2695 851 898 2696 877 899 2697 876 899 2698 878 899 2699 837 900 2700 875 900 2701 845 900 2702 875 901 2703 874 901 2704 876 901 2705 850 902 2706 839 902 2707 847 902 2708 838 903 2709 873 903 2710 837 903 2711 835 904 2712 875 904 2713 877 904 2714 852 905 2715 863 905 2716 841 905 2717 844 906 2718 839 906 2719 843 906 2720 880 907 2721 836 907 2722 835 907 2723 842 908 2724 837 908 2725 841 908 2726 847 909 2727 880 909 2728 855 909 2729 853 910 2730 1507 910 2731 856 910 2732 877 911 2733 1506 911 2734 853 911 2735 1509 912 2736 861 912 2737 882 912 2738 853 913 2739 878 913 2740 854 913 2741 862 914 2742 857 914 2743 883 914 2744 1513 915 2745 855 915 2746 880 915 2747 854 916 2748 876 916 2749 846 916 2750 1515 917 2751 881 917 2752 860 917 2753 1507 918 2754 835 918 2755 856 918 2756 1508 919 2757 882 919 2758 857 919 2759 851 920 2760 845 920 2761 848 920 2762 1510 921 2763 854 921 2764 861 921 2765 846 922 2766 874 922 2767 838 922 2768 878 923 2769 1511 923 2770 877 923 2771 860 924 2772 847 924 2773 855 924 2774 835 925 2775 1513 925 2776 880 925 2777 855 926 2778 835 926 2779 856 926 2780 1514 927 2781 860 927 2782 855 927 2783 846 928 2784 842 928 2785 849 928 2786 1516 929 2787 878 929 2788 854 929 2789 844 930 2790 869 930 2791 851 930 2792 1518 931 2793 858 931 2794 881 931 2795 862 932 2796 882 932 2797 857 932 2798 843 933 2799 866 933 2800 844 933 2801 860 934 2802 858 934 2803 881 934 2804 842 935 2805 867 935 2806 849 935 2807 860 936 2808 868 936 2809 850 936 2810 850 937 2811 865 937 2812 843 937 2813 849 938 2814 882 938 2815 861 938 2816 854 939 2817 849 939 2818 861 939 2819 840 940 2820 871 940 2821 839 940 2822 839 941 2823 879 941 2824 847 941 2825 879 942 2826 872 942 2827 836 942 2828 870 943 2829 928 943 2830 863 943 2831 868 944 2832 930 944 2833 865 944 2834 892 945 2835 1450 945 2836 1457 945 2837 913 946 2838 1457 946 2839 1459 946 2840 885 947 2841 1452 947 2842 1458 947 2843 916 948 2844 1454 948 2845 1460 948 2846 887 949 2847 1456 949 2848 1461 949 2849 1450 950 2850 917 950 2851 1453 950 2852 890 951 2853 1458 951 2854 1451 951 2855 888 952 2856 1455 952 2857 1452 952 2858 914 953 2859 1459 953 2860 1462 953 2861 917 954 2862 1460 954 2863 1453 954 2864 894 955 2865 1461 955 2866 1454 955 2867 893 956 2868 1462 956 2869 1455 956 2870 884 957 2871 1463 957 2872 1456 957 2873 867 958 2874 885 958 2875 882 958 2876 857 959 2877 1451 959 2878 1508 959 2879 1519 960 2880 1451 960 2881 1463 960 2882 881 961 2883 927 961 2884 868 961 2885 888 962 2886 901 962 2887 893 962 2888 886 963 2889 890 963 2890 889 963 2891 893 964 2892 913 964 2893 892 964 2894 897 965 2895 903 965 2896 900 965 2897 902 966 2898 906 966 2899 899 966 2900 902 967 2901 920 967 2902 910 967 2903 894 968 2904 918 968 2905 902 968 2906 904 969 2907 925 969 2908 897 969 2909 895 970 2910 916 970 2911 894 970 2912 894 971 2913 899 971 2914 887 971 2915 896 972 2916 931 972 2917 907 972 2918 904 973 2919 909 973 2920 905 973 2921 906 974 2922 911 974 2923 907 974 2924 900 975 2925 904 975 2926 897 975 2927 907 976 2928 930 976 2929 906 976 2930 911 977 2931 919 977 2932 903 977 2933 896 978 2934 911 978 2935 903 978 2936 898 979 2937 909 979 2938 901 979 2939 896 980 2940 925 980 2941 924 980 2942 914 981 2943 912 981 2944 913 981 2945 919 982 2946 920 982 2947 918 982 2948 913 983 2949 919 983 2950 917 983 2951 917 984 2952 918 984 2953 916 984 2954 915 985 2955 922 985 2956 912 985 2957 910 986 2958 921 986 2959 911 986 2960 900 987 2961 919 987 2962 912 987 2963 892 988 2964 917 988 2965 895 988 2966 908 989 2967 923 989 2968 909 989 2969 909 990 2970 915 990 2971 901 990 2972 901 991 2973 914 991 2974 893 991 2975 900 992 2976 922 992 2977 908 992 2978 1519 993 2979 891 993 2980 858 993 2981 882 994 2982 890 994 2983 857 994 2984 899 995 2985 884 995 2986 887 995 2987 898 996 2988 929 996 2989 905 996 2990 888 997 2991 926 997 2992 898 997 2993 906 998 2994 927 998 2995 899 998 2996 888 999 2997 890 999 2998 885 999 2999 905 1000 3000 928 1000 3001 904 1000 3002 886 1001 3003 884 1001 3004 891 1001 3005 865 1002 3006 931 1002 3007 866 1002 3008 870 1003 3009 924 1003 3010 925 1003 3011 864 1004 3012 926 1004 3013 867 1004 3014 883 1005 3015 890 1005 3016 891 1005 3017 858 1006 3018 884 1006 3019 881 1006 3020 866 1007 3021 924 1007 3022 869 1007 3023 863 1008 3024 929 1008 3025 864 1008 3026 973 1009 3027 987 1009 3028 980 1009 3029 968 1010 3030 980 1010 3031 978 1010 3032 970 1011 3033 985 1011 3034 979 1011 3035 966 1012 3036 983 1012 3037 977 1012 3038 964 1013 3039 981 1013 3040 976 1013 3041 972 1014 3042 984 1014 3043 987 1014 3044 971 1015 3045 979 1015 3046 986 1015 3047 969 1016 3048 982 1016 3049 985 1016 3050 962 1017 3051 978 1017 3052 975 1017 3053 967 1018 3054 977 1018 3055 984 1018 3056 965 1019 3057 976 1019 3058 983 1019 3059 963 1020 3060 975 1020 3061 982 1020 3062 961 1021 3063 974 1021 3064 981 1021 3065 322 1022 3066 972 1022 3067 973 1022 3068 324 1023 3069 973 1023 3070 968 1023 3071 323 1024 3072 969 1024 3073 970 1024 3074 328 1025 3075 971 1025 3076 960 1025 3077 325 1026 3078 965 1026 3079 966 1026 3080 326 1027 3081 961 1027 3082 964 1027 3083 315 1028 3084 967 1028 3085 972 1028 3086 316 1029 3087 970 1029 3088 971 1029 3089 317 1030 3090 963 1030 3091 969 1030 3092 327 1031 3093 968 1031 3094 962 1031 3095 318 1032 3096 966 1032 3097 967 1032 3098 319 1033 3099 964 1033 3100 965 1033 3101 320 1034 3102 962 1034 3103 963 1034 3104 321 1035 3105 960 1035 3106 961 1035 3107 1036 1036 3108 1059 1036 3109 1058 1036 3110 1002 1037 3111 1043 1037 3112 1036 1037 3113 1034 1038 3114 1058 1038 3115 1063 1038 3116 1007 1039 3117 1036 1039 3118 1034 1039 3119 1035 1040 3120 1062 1040 3121 1061 1040 3122 1005 1041 3123 1041 1041 3124 1035 1041 3125 1030 1042 3126 1060 1042 3127 1071 1042 3128 1033 1043 3129 1066 1043 3130 1065 1043 3131 1009 1044 3132 1039 1044 3133 1033 1044 3134 1032 1045 3135 1070 1045 3136 1067 1045 3137 1011 1046 3138 1037 1046 3139 1032 1046 3140 1043 1047 3141 1064 1047 3142 1059 1047 3143 1003 1048 3144 1040 1048 3145 1043 1048 3146 1042 1049 3147 1061 1049 3148 1060 1049 3149 1004 1050 3150 1035 1050 3151 1042 1050 3152 1041 1051 3153 1068 1051 3154 1062 1051 3155 1006 1052 3156 1038 1052 3157 1041 1052 3158 1031 1053 3159 1063 1053 3160 1069 1053 3161 1013 1054 3162 1034 1054 3163 1031 1054 3164 1040 1055 3165 1065 1055 3166 1064 1055 3167 1008 1056 3168 1033 1056 3169 1040 1056 3170 1039 1057 3171 1067 1057 3172 1066 1057 3173 1010 1058 3174 1032 1058 3175 1039 1058 3176 1038 1059 3177 1069 1059 3178 1068 1059 3179 1012 1060 3180 1031 1060 3181 1038 1060 3182 1037 1061 3183 1071 1061 3184 1070 1061 3185 1014 1062 3186 1030 1062 3187 1037 1062 3188 974 1063 3189 1004 1063 3190 986 1063 3191 960 1064 3192 1015 1064 3193 974 1064 3194 986 1065 3195 1042 1065 3196 971 1065 3197 960 1066 3198 1042 1066 3199 1030 1066 3200 458 1067 3201 315 1067 3202 322 1067 3203 463 1068 3204 322 1068 3205 324 1068 3206 461 1069 3207 317 1069 3208 323 1069 3209 465 1070 3210 319 1070 3211 325 1070 3212 467 1071 3213 321 1071 3214 326 1071 3215 459 1072 3216 318 1072 3217 315 1072 3218 460 1073 3219 323 1073 3220 316 1073 3221 462 1074 3222 320 1074 3223 317 1074 3224 469 1075 3225 324 1075 3226 327 1075 3227 464 1076 3228 325 1076 3229 318 1076 3230 466 1077 3231 326 1077 3232 319 1077 3233 468 1078 3234 327 1078 3235 320 1078 3236 470 1079 3237 328 1079 3238 321 1079 3239 1022 1080 3240 459 1080 3241 458 1080 3242 1020 1081 3243 458 1081 3244 463 1081 3245 1021 1082 3246 462 1082 3247 461 1082 3248 1016 1083 3249 460 1083 3250 471 1083 3251 1019 1084 3252 466 1084 3253 465 1084 3254 1018 1085 3255 470 1085 3256 467 1085 3257 1029 1086 3258 464 1086 3259 459 1086 3260 1028 1087 3261 461 1087 3262 460 1087 3263 1027 1088 3264 468 1088 3265 462 1088 3266 1017 1089 3267 463 1089 3268 469 1089 3269 1026 1090 3270 465 1090 3271 464 1090 3272 1025 1091 3273 467 1091 3274 466 1091 3275 1024 1092 3276 469 1092 3277 468 1092 3278 1023 1093 3279 471 1093 3280 470 1093 3281 1092 1094 3282 1115 1094 3283 1114 1094 3284 1058 1095 3285 1099 1095 3286 1092 1095 3287 1090 1096 3288 1114 1096 3289 1119 1096 3290 1063 1097 3291 1092 1097 3292 1090 1097 3293 1091 1098 3294 1118 1098 3295 1117 1098 3296 1061 1099 3297 1097 1099 3298 1091 1099 3299 1086 1100 3300 1116 1100 3301 1127 1100 3302 1089 1101 3303 1122 1101 3304 1121 1101 3305 1065 1102 3306 1095 1102 3307 1089 1102 3308 1088 1103 3309 1126 1103 3310 1123 1103 3311 1067 1104 3312 1093 1104 3313 1088 1104 3314 1099 1105 3315 1120 1105 3316 1115 1105 3317 1059 1106 3318 1096 1106 3319 1099 1106 3320 1098 1107 3321 1117 1107 3322 1116 1107 3323 1060 1108 3324 1091 1108 3325 1098 1108 3326 1097 1109 3327 1124 1109 3328 1118 1109 3329 1062 1110 3330 1094 1110 3331 1097 1110 3332 1087 1111 3333 1119 1111 3334 1125 1111 3335 1069 1112 3336 1090 1112 3337 1087 1112 3338 1096 1113 3339 1121 1113 3340 1120 1113 3341 1064 1114 3342 1089 1114 3343 1096 1114 3344 1095 1115 3345 1123 1115 3346 1122 1115 3347 1066 1116 3348 1088 1116 3349 1095 1116 3350 1094 1117 3351 1125 1117 3352 1124 1117 3353 1068 1118 3354 1087 1118 3355 1094 1118 3356 1093 1119 3357 1127 1119 3358 1126 1119 3359 1070 1120 3360 1086 1120 3361 1093 1120 3362 328 1121 3363 1060 1121 3364 316 1121 3365 471 1122 3366 1071 1122 3367 328 1122 3368 316 1123 3369 1098 1123 3370 460 1123 3371 471 1124 3372 1098 1124 3373 1086 1124 3374 1001 1125 3375 1029 1125 3376 1022 1125 3377 996 1126 3378 1022 1126 3379 1020 1126 3380 998 1127 3381 1027 1127 3382 1021 1127 3383 994 1128 3384 1025 1128 3385 1019 1128 3386 992 1129 3387 1023 1129 3388 1018 1129 3389 1000 1130 3390 1026 1130 3391 1029 1130 3392 999 1131 3393 1021 1131 3394 1028 1131 3395 997 1132 3396 1024 1132 3397 1027 1132 3398 990 1133 3399 1020 1133 3400 1017 1133 3401 995 1134 3402 1019 1134 3403 1026 1134 3404 993 1135 3405 1018 1135 3406 1025 1135 3407 991 1136 3408 1017 1136 3409 1024 1136 3410 989 1137 3411 1016 1137 3412 1023 1137 3413 1106 1138 3414 1000 1138 3415 1001 1138 3416 1104 1139 3417 1001 1139 3418 996 1139 3419 1105 1140 3420 997 1140 3421 998 1140 3422 1100 1141 3423 999 1141 3424 988 1141 3425 1103 1142 3426 993 1142 3427 994 1142 3428 1102 1143 3429 989 1143 3430 992 1143 3431 1113 1144 3432 995 1144 3433 1000 1144 3434 1112 1145 3435 998 1145 3436 999 1145 3437 1111 1146 3438 991 1146 3439 997 1146 3440 1101 1147 3441 996 1147 3442 990 1147 3443 1110 1148 3444 994 1148 3445 995 1148 3446 1109 1149 3447 992 1149 3448 993 1149 3449 1108 1150 3450 990 1150 3451 991 1150 3452 1107 1151 3453 988 1151 3454 989 1151 3455 1148 1152 3456 1157 1152 3457 1156 1152 3458 1114 1153 3459 1155 1153 3460 1148 1153 3461 1146 1154 3462 1156 1154 3463 1161 1154 3464 1119 1155 3465 1148 1155 3466 1146 1155 3467 1147 1156 3468 1160 1156 3469 1159 1156 3470 1117 1157 3471 1153 1157 3472 1147 1157 3473 1142 1158 3474 1158 1158 3475 1169 1158 3476 1145 1159 3477 1164 1159 3478 1163 1159 3479 1121 1160 3480 1151 1160 3481 1145 1160 3482 1144 1161 3483 1168 1161 3484 1165 1161 3485 1123 1162 3486 1149 1162 3487 1144 1162 3488 1155 1163 3489 1162 1163 3490 1157 1163 3491 1115 1164 3492 1152 1164 3493 1155 1164 3494 1154 1165 3495 1159 1165 3496 1158 1165 3497 1116 1166 3498 1147 1166 3499 1154 1166 3500 1153 1167 3501 1166 1167 3502 1160 1167 3503 1118 1168 3504 1150 1168 3505 1153 1168 3506 1143 1169 3507 1161 1169 3508 1167 1169 3509 1125 1170 3510 1146 1170 3511 1143 1170 3512 1152 1171 3513 1163 1171 3514 1162 1171 3515 1120 1172 3516 1145 1172 3517 1152 1172 3518 1151 1173 3519 1165 1173 3520 1164 1173 3521 1122 1174 3522 1144 1174 3523 1151 1174 3524 1150 1175 3525 1167 1175 3526 1166 1175 3527 1124 1176 3528 1143 1176 3529 1150 1176 3530 1149 1177 3531 1169 1177 3532 1168 1177 3533 1126 1178 3534 1142 1178 3535 1149 1178 3536 1016 1179 3537 1116 1179 3538 1028 1179 3539 988 1180 3540 1127 1180 3541 1016 1180 3542 1028 1181 3543 1154 1181 3544 999 1181 3545 988 1182 3546 1154 1182 3547 1142 1182 3548 1072 1183 3549 1113 1183 3550 1106 1183 3551 1077 1184 3552 1106 1184 3553 1104 1184 3554 1075 1185 3555 1111 1185 3556 1105 1185 3557 1079 1186 3558 1109 1186 3559 1103 1186 3560 1081 1187 3561 1107 1187 3562 1102 1187 3563 1073 1188 3564 1110 1188 3565 1113 1188 3566 1074 1189 3567 1105 1189 3568 1112 1189 3569 1076 1190 3570 1108 1190 3571 1111 1190 3572 1083 1191 3573 1104 1191 3574 1101 1191 3575 1078 1192 3576 1103 1192 3577 1110 1192 3578 1080 1193 3579 1102 1193 3580 1109 1193 3581 1082 1194 3582 1101 1194 3583 1108 1194 3584 1084 1195 3585 1100 1195 3586 1107 1195 3587 1205 1196 3588 1073 1196 3589 1072 1196 3590 1207 1197 3591 1072 1197 3592 1077 1197 3593 1206 1198 3594 1076 1198 3595 1075 1198 3596 1211 1199 3597 1074 1199 3598 1085 1199 3599 1208 1200 3600 1080 1200 3601 1079 1200 3602 1209 1201 3603 1084 1201 3604 1081 1201 3605 1198 1202 3606 1078 1202 3607 1073 1202 3608 1199 1203 3609 1075 1203 3610 1074 1203 3611 1200 1204 3612 1082 1204 3613 1076 1204 3614 1210 1205 3615 1077 1205 3616 1083 1205 3617 1201 1206 3618 1079 1206 3619 1078 1206 3620 1202 1207 3621 1081 1207 3622 1080 1207 3623 1203 1208 3624 1083 1208 3625 1082 1208 3626 1204 1209 3627 1085 1209 3628 1084 1209 3629 1190 1210 3630 1241 1210 3631 1240 1210 3632 1156 1211 3633 1197 1211 3634 1190 1211 3635 1188 1212 3636 1240 1212 3637 1245 1212 3638 1161 1213 3639 1190 1213 3640 1188 1213 3641 1189 1214 3642 1244 1214 3643 1243 1214 3644 1159 1215 3645 1195 1215 3646 1189 1215 3647 1184 1216 3648 1242 1216 3649 1253 1216 3650 1187 1217 3651 1248 1217 3652 1247 1217 3653 1163 1218 3654 1193 1218 3655 1187 1218 3656 1186 1219 3657 1252 1219 3658 1249 1219 3659 1165 1220 3660 1191 1220 3661 1186 1220 3662 1197 1221 3663 1246 1221 3664 1241 1221 3665 1157 1222 3666 1194 1222 3667 1197 1222 3668 1196 1223 3669 1243 1223 3670 1242 1223 3671 1158 1224 3672 1189 1224 3673 1196 1224 3674 1195 1225 3675 1250 1225 3676 1244 1225 3677 1160 1226 3678 1192 1226 3679 1195 1226 3680 1185 1227 3681 1245 1227 3682 1251 1227 3683 1167 1228 3684 1188 1228 3685 1185 1228 3686 1194 1229 3687 1247 1229 3688 1246 1229 3689 1162 1230 3690 1187 1230 3691 1194 1230 3692 1193 1231 3693 1249 1231 3694 1248 1231 3695 1164 1232 3696 1186 1232 3697 1193 1232 3698 1192 1233 3699 1251 1233 3700 1250 1233 3701 1166 1234 3702 1185 1234 3703 1192 1234 3704 1191 1235 3705 1253 1235 3706 1252 1235 3707 1168 1236 3708 1184 1236 3709 1191 1236 3710 1100 1237 3711 1158 1237 3712 1112 1237 3713 1085 1238 3714 1169 1238 3715 1100 1238 3716 1112 1239 3717 1196 1239 3718 1074 1239 3719 1085 1240 3720 1196 1240 3721 1184 1240 3722 1212 1241 3723 1198 1241 3724 1205 1241 3725 1217 1242 3726 1205 1242 3727 1207 1242 3728 1215 1243 3729 1200 1243 3730 1206 1243 3731 1219 1244 3732 1202 1244 3733 1208 1244 3734 1221 1245 3735 1204 1245 3736 1209 1245 3737 1213 1246 3738 1201 1246 3739 1198 1246 3740 1214 1247 3741 1206 1247 3742 1199 1247 3743 1216 1248 3744 1203 1248 3745 1200 1248 3746 1223 1249 3747 1207 1249 3748 1210 1249 3749 1218 1250 3750 1208 1250 3751 1201 1250 3752 1220 1251 3753 1209 1251 3754 1202 1251 3755 1222 1252 3756 1210 1252 3757 1203 1252 3758 1224 1253 3759 1211 1253 3760 1204 1253 3761 1232 1254 3762 1213 1254 3763 1212 1254 3764 1230 1255 3765 1212 1255 3766 1217 1255 3767 1231 1256 3768 1216 1256 3769 1215 1256 3770 1226 1257 3771 1214 1257 3772 1225 1257 3773 1229 1258 3774 1220 1258 3775 1219 1258 3776 1228 1259 3777 1224 1259 3778 1221 1259 3779 1239 1260 3780 1218 1260 3781 1213 1260 3782 1238 1261 3783 1215 1261 3784 1214 1261 3785 1237 1262 3786 1222 1262 3787 1216 1262 3788 1227 1263 3789 1217 1263 3790 1223 1263 3791 1236 1264 3792 1219 1264 3793 1218 1264 3794 1235 1265 3795 1221 1265 3796 1220 1265 3797 1234 1266 3798 1223 1266 3799 1222 1266 3800 1233 1267 3801 1225 1267 3802 1224 1267 3803 1274 1268 3804 1266 1268 3805 1267 1268 3806 1240 1269 3807 1281 1269 3808 1274 1269 3809 1272 1270 3810 1267 1270 3811 1262 1270 3812 1245 1271 3813 1274 1271 3814 1272 1271 3815 1273 1272 3816 1263 1272 3817 1264 1272 3818 1243 1273 3819 1279 1273 3820 1273 1273 3821 1268 1274 3822 1265 1274 3823 1254 1274 3824 1271 1275 3825 1259 1275 3826 1260 1275 3827 1247 1276 3828 1277 1276 3829 1271 1276 3830 1270 1277 3831 1255 1277 3832 1258 1277 3833 1249 1278 3834 1275 1278 3835 1270 1278 3836 1281 1279 3837 1261 1279 3838 1266 1279 3839 1241 1280 3840 1278 1280 3841 1281 1280 3842 1280 1281 3843 1264 1281 3844 1265 1281 3845 1242 1282 3846 1273 1282 3847 1280 1282 3848 1279 1283 3849 1257 1283 3850 1263 1283 3851 1244 1284 3852 1276 1284 3853 1279 1284 3854 1269 1285 3855 1262 1285 3856 1256 1285 3857 1251 1286 3858 1272 1286 3859 1269 1286 3860 1278 1287 3861 1260 1287 3862 1261 1287 3863 1246 1288 3864 1271 1288 3865 1278 1288 3866 1277 1289 3867 1258 1289 3868 1259 1289 3869 1248 1290 3870 1270 1290 3871 1277 1290 3872 1276 1291 3873 1256 1291 3874 1257 1291 3875 1250 1292 3876 1269 1292 3877 1276 1292 3878 1275 1293 3879 1254 1293 3880 1255 1293 3881 1252 1294 3882 1268 1294 3883 1275 1294 3884 1211 1295 3885 1242 1295 3886 1199 1295 3887 1225 1296 3888 1253 1296 3889 1211 1296 3890 1199 1297 3891 1280 1297 3892 1214 1297 3893 1225 1298 3894 1280 1298 3895 1268 1298 3896 1135 1299 3897 1336 1299 3898 1337 1299 3899 1183 1300 3900 1128 1300 3901 1135 1300 3902 1137 1301 3903 1337 1301 3904 1332 1301 3905 1178 1302 3906 1135 1302 3907 1137 1302 3908 1136 1303 3909 1333 1303 3910 1334 1303 3911 1180 1304 3912 1130 1304 3913 1136 1304 3914 1141 1305 3915 1335 1305 3916 1324 1305 3917 1138 1306 3918 1329 1306 3919 1330 1306 3920 1176 1307 3921 1132 1307 3922 1138 1307 3923 1139 1308 3924 1325 1308 3925 1328 1308 3926 1174 1309 3927 1134 1309 3928 1139 1309 3929 1128 1310 3930 1331 1310 3931 1336 1310 3932 1182 1311 3933 1131 1311 3934 1128 1311 3935 1129 1312 3936 1334 1312 3937 1335 1312 3938 1181 1313 3939 1136 1313 3940 1129 1313 3941 1130 1314 3942 1327 1314 3943 1333 1314 3944 1179 1315 3945 1133 1315 3946 1130 1315 3947 1140 1316 3948 1332 1316 3949 1326 1316 3950 1172 1317 3951 1137 1317 3952 1140 1317 3953 1131 1318 3954 1330 1318 3955 1331 1318 3956 1177 1319 3957 1138 1319 3958 1131 1319 3959 1132 1320 3960 1328 1320 3961 1329 1320 3962 1175 1321 3963 1139 1321 3964 1132 1321 3965 1133 1322 3966 1326 1322 3967 1327 1322 3968 1173 1323 3969 1140 1323 3970 1133 1323 3971 1134 1324 3972 1324 1324 3973 1325 1324 3974 1171 1325 3975 1141 1325 3976 1134 1325 3977 1044 1326 3978 828 1326 3979 932 1326 3980 1049 1327 3981 932 1327 3982 934 1327 3983 1047 1328 3984 830 1328 3985 933 1328 3986 1051 1329 3987 832 1329 3988 935 1329 3989 1053 1330 3990 834 1330 3991 936 1330 3992 1045 1331 3993 831 1331 3994 828 1331 3995 1046 1332 3996 933 1332 3997 829 1332 3998 1048 1333 3999 833 1333 4000 830 1333 4001 1055 1334 4002 934 1334 4003 937 1334 4004 1050 1335 4005 935 1335 4006 831 1335 4007 1052 1336 4008 936 1336 4009 832 1336 4010 1054 1337 4011 937 1337 4012 833 1337 4013 1056 1338 4014 938 1338 4015 834 1338 4016 1289 1339 4017 1045 1339 4018 1044 1339 4019 1291 1340 4020 1044 1340 4021 1049 1340 4022 1290 1341 4023 1048 1341 4024 1047 1341 4025 1295 1342 4026 1046 1342 4027 1057 1342 4028 1292 1343 4029 1052 1343 4030 1051 1343 4031 1293 1344 4032 1056 1344 4033 1053 1344 4034 1282 1345 4035 1050 1345 4036 1045 1345 4037 1283 1346 4038 1047 1346 4039 1046 1346 4040 1284 1347 4041 1054 1347 4042 1048 1347 4043 1294 1348 4044 1049 1348 4045 1055 1348 4046 1285 1349 4047 1051 1349 4048 1050 1349 4049 1286 1350 4050 1053 1350 4051 1052 1350 4052 1287 1351 4053 1055 1351 4054 1054 1351 4055 1288 1352 4056 1057 1352 4057 1056 1352 4058 1170 1353 4059 829 1353 4060 938 1353 4061 1129 1354 4062 829 1354 4063 1181 1354 4064 1170 1355 4065 1057 1355 4066 1141 1355 4067 1141 1356 4068 1046 1356 4069 1129 1356 4070 1317 1357 4071 1392 1357 4072 1393 1357 4073 1337 1358 4074 1310 1358 4075 1317 1358 4076 1319 1359 4077 1393 1359 4078 1388 1359 4079 1332 1360 4080 1317 1360 4081 1319 1360 4082 1318 1361 4083 1389 1361 4084 1390 1361 4085 1334 1362 4086 1312 1362 4087 1318 1362 4088 1323 1363 4089 1391 1363 4090 1380 1363 4091 1320 1364 4092 1385 1364 4093 1386 1364 4094 1330 1365 4095 1314 1365 4096 1320 1365 4097 1321 1366 4098 1381 1366 4099 1384 1366 4100 1328 1367 4101 1316 1367 4102 1321 1367 4103 1310 1368 4104 1387 1368 4105 1392 1368 4106 1336 1369 4107 1313 1369 4108 1310 1369 4109 1311 1370 4110 1390 1370 4111 1391 1370 4112 1335 1371 4113 1318 1371 4114 1311 1371 4115 1312 1372 4116 1383 1372 4117 1389 1372 4118 1333 1373 4119 1315 1373 4120 1312 1373 4121 1322 1374 4122 1388 1374 4123 1382 1374 4124 1326 1375 4125 1319 1375 4126 1322 1375 4127 1313 1376 4128 1386 1376 4129 1387 1376 4130 1331 1377 4131 1320 1377 4132 1313 1377 4133 1314 1378 4134 1384 1378 4135 1385 1378 4136 1329 1379 4137 1321 1379 4138 1314 1379 4139 1315 1380 4140 1382 1380 4141 1383 1380 4142 1327 1381 4143 1322 1381 4144 1315 1381 4145 1316 1382 4146 1380 1382 4147 1381 1382 4148 1325 1383 4149 1323 1383 4150 1316 1383 4151 1296 1384 4152 1282 1384 4153 1289 1384 4154 1301 1385 4155 1289 1385 4156 1291 1385 4157 1299 1386 4158 1284 1386 4159 1290 1386 4160 1303 1387 4161 1286 1387 4162 1292 1387 4163 1305 1388 4164 1288 1388 4165 1293 1388 4166 1297 1389 4167 1285 1389 4168 1282 1389 4169 1298 1390 4170 1290 1390 4171 1283 1390 4172 1300 1391 4173 1287 1391 4174 1284 1391 4175 1307 1392 4176 1291 1392 4177 1294 1392 4178 1302 1393 4179 1292 1393 4180 1285 1393 4181 1304 1394 4182 1293 1394 4183 1286 1394 4184 1306 1395 4185 1294 1395 4186 1287 1395 4187 1308 1396 4188 1295 1396 4189 1288 1396 4190 1345 1397 4191 1297 1397 4192 1296 1397 4193 1347 1398 4194 1296 1398 4195 1301 1398 4196 1346 1399 4197 1300 1399 4198 1299 1399 4199 1351 1400 4200 1298 1400 4201 1309 1400 4202 1348 1401 4203 1304 1401 4204 1303 1401 4205 1349 1402 4206 1308 1402 4207 1305 1402 4208 1338 1403 4209 1302 1403 4210 1297 1403 4211 1339 1404 4212 1299 1404 4213 1298 1404 4214 1340 1405 4215 1306 1405 4216 1300 1405 4217 1350 1406 4218 1301 1406 4219 1307 1406 4220 1341 1407 4221 1303 1407 4222 1302 1407 4223 1342 1408 4224 1305 1408 4225 1304 1408 4226 1343 1409 4227 1307 1409 4228 1306 1409 4229 1344 1410 4230 1309 1410 4231 1308 1410 4232 1324 1411 4233 1283 1411 4234 1295 1411 4235 1311 1412 4236 1283 1412 4237 1335 1412 4238 1324 1413 4239 1309 1413 4240 1323 1413 4241 1323 1414 4242 1298 1414 4243 1311 1414 4244 1373 1415 4245 1448 1415 4246 1449 1415 4247 1393 1416 4248 1366 1416 4249 1373 1416 4250 1375 1417 4251 1449 1417 4252 1444 1417 4253 1388 1418 4254 1373 1418 4255 1375 1418 4256 1374 1419 4257 1445 1419 4258 1446 1419 4259 1390 1420 4260 1368 1420 4261 1374 1420 4262 1379 1421 4263 1447 1421 4264 1436 1421 4265 1376 1422 4266 1441 1422 4267 1442 1422 4268 1386 1423 4269 1370 1423 4270 1376 1423 4271 1377 1424 4272 1437 1424 4273 1440 1424 4274 1384 1425 4275 1372 1425 4276 1377 1425 4277 1366 1426 4278 1443 1426 4279 1448 1426 4280 1392 1427 4281 1369 1427 4282 1366 1427 4283 1367 1428 4284 1446 1428 4285 1447 1428 4286 1391 1429 4287 1374 1429 4288 1367 1429 4289 1368 1430 4290 1439 1430 4291 1445 1430 4292 1389 1431 4293 1371 1431 4294 1368 1431 4295 1378 1432 4296 1444 1432 4297 1438 1432 4298 1382 1433 4299 1375 1433 4300 1378 1433 4301 1369 1434 4302 1442 1434 4303 1443 1434 4304 1387 1435 4305 1376 1435 4306 1369 1435 4307 1370 1436 4308 1440 1436 4309 1441 1436 4310 1385 1437 4311 1377 1437 4312 1370 1437 4313 1371 1438 4314 1438 1438 4315 1439 1438 4316 1383 1439 4317 1378 1439 4318 1371 1439 4319 1372 1440 4320 1436 1440 4321 1437 1440 4322 1381 1441 4323 1379 1441 4324 1372 1441 4325 1352 1442 4326 1338 1442 4327 1345 1442 4328 1357 1443 4329 1345 1443 4330 1347 1443 4331 1355 1444 4332 1340 1444 4333 1346 1444 4334 1359 1445 4335 1342 1445 4336 1348 1445 4337 1361 1446 4338 1344 1446 4339 1349 1446 4340 1353 1447 4341 1341 1447 4342 1338 1447 4343 1354 1448 4344 1346 1448 4345 1339 1448 4346 1356 1449 4347 1343 1449 4348 1340 1449 4349 1363 1450 4350 1347 1450 4351 1350 1450 4352 1358 1451 4353 1348 1451 4354 1341 1451 4355 1360 1452 4356 1349 1452 4357 1342 1452 4358 1362 1453 4359 1350 1453 4360 1343 1453 4361 1364 1454 4362 1351 1454 4363 1344 1454 4364 1401 1455 4365 1353 1455 4366 1352 1455 4367 1403 1456 4368 1352 1456 4369 1357 1456 4370 1402 1457 4371 1356 1457 4372 1355 1457 4373 1407 1458 4374 1354 1458 4375 1365 1458 4376 1404 1459 4377 1360 1459 4378 1359 1459 4379 1405 1460 4380 1364 1460 4381 1361 1460 4382 1394 1461 4383 1358 1461 4384 1353 1461 4385 1395 1462 4386 1355 1462 4387 1354 1462 4388 1396 1463 4389 1362 1463 4390 1356 1463 4391 1406 1464 4392 1357 1464 4393 1363 1464 4394 1397 1465 4395 1359 1465 4396 1358 1465 4397 1398 1466 4398 1361 1466 4399 1360 1466 4400 1399 1467 4401 1363 1467 4402 1362 1467 4403 1400 1468 4404 1365 1468 4405 1364 1468 4406 1380 1469 4407 1339 1469 4408 1351 1469 4409 1367 1470 4410 1339 1470 4411 1391 1470 4412 1380 1471 4413 1365 1471 4414 1379 1471 4415 1379 1472 4416 1354 1472 4417 1367 1472 4418 1429 1473 4419 1532 1473 4420 1533 1473 4421 1449 1474 4422 1422 1474 4423 1429 1474 4424 1431 1475 4425 1533 1475 4426 1528 1475 4427 1444 1476 4428 1429 1476 4429 1431 1476 4430 1430 1477 4431 1529 1477 4432 1530 1477 4433 1446 1478 4434 1424 1478 4435 1430 1478 4436 1435 1479 4437 1531 1479 4438 1520 1479 4439 1432 1480 4440 1525 1480 4441 1526 1480 4442 1442 1481 4443 1426 1481 4444 1432 1481 4445 1433 1482 4446 1521 1482 4447 1524 1482 4448 1440 1483 4449 1428 1483 4450 1433 1483 4451 1422 1484 4452 1527 1484 4453 1532 1484 4454 1448 1485 4455 1425 1485 4456 1422 1485 4457 1423 1486 4458 1530 1486 4459 1531 1486 4460 1447 1487 4461 1430 1487 4462 1423 1487 4463 1424 1488 4464 1523 1488 4465 1529 1488 4466 1445 1489 4467 1427 1489 4468 1424 1489 4469 1434 1490 4470 1528 1490 4471 1522 1490 4472 1438 1491 4473 1431 1491 4474 1434 1491 4475 1425 1492 4476 1526 1492 4477 1527 1492 4478 1443 1493 4479 1432 1493 4480 1425 1493 4481 1426 1494 4482 1524 1494 4483 1525 1494 4484 1441 1495 4485 1433 1495 4486 1426 1495 4487 1427 1496 4488 1522 1496 4489 1523 1496 4490 1439 1497 4491 1434 1497 4492 1427 1497 4493 1428 1498 4494 1520 1498 4495 1521 1498 4496 1437 1499 4497 1435 1499 4498 1428 1499 4499 1408 1500 4500 1394 1500 4501 1401 1500 4502 1413 1501 4503 1401 1501 4504 1403 1501 4505 1411 1502 4506 1396 1502 4507 1402 1502 4508 1415 1503 4509 1398 1503 4510 1404 1503 4511 1417 1504 4512 1400 1504 4513 1405 1504 4514 1409 1505 4515 1397 1505 4516 1394 1505 4517 1410 1506 4518 1402 1506 4519 1395 1506 4520 1412 1507 4521 1399 1507 4522 1396 1507 4523 1419 1508 4524 1403 1508 4525 1406 1508 4526 1414 1509 4527 1404 1509 4528 1397 1509 4529 1416 1510 4530 1405 1510 4531 1398 1510 4532 1418 1511 4533 1406 1511 4534 1399 1511 4535 1420 1512 4536 1407 1512 4537 1400 1512 4538 1471 1513 4539 1409 1513 4540 1408 1513 4541 1473 1514 4542 1408 1514 4543 1413 1514 4544 1472 1515 4545 1412 1515 4546 1411 1515 4547 1477 1516 4548 1410 1516 4549 1421 1516 4550 1474 1517 4551 1416 1517 4552 1415 1517 4553 1475 1518 4554 1420 1518 4555 1417 1518 4556 1464 1519 4557 1414 1519 4558 1409 1519 4559 1465 1520 4560 1411 1520 4561 1410 1520 4562 1466 1521 4563 1418 1521 4564 1412 1521 4565 1476 1522 4566 1413 1522 4567 1419 1522 4568 1467 1523 4569 1415 1523 4570 1414 1523 4571 1468 1524 4572 1417 1524 4573 1416 1524 4574 1469 1525 4575 1419 1525 4576 1418 1525 4577 1470 1526 4578 1421 1526 4579 1420 1526 4580 1436 1527 4581 1395 1527 4582 1407 1527 4583 1423 1528 4584 1395 1528 4585 1447 1528 4586 1436 1529 4587 1421 1529 4588 1435 1529 4589 1435 1530 4590 1410 1530 4591 1423 1530 4592 1499 1531 4593 1507 1531 4594 1506 1531 4595 1533 1532 4596 1492 1532 4597 1499 1532 4598 1501 1533 4599 1506 1533 4600 1511 1533 4601 1528 1534 4602 1499 1534 4603 1501 1534 4604 1500 1535 4605 1510 1535 4606 1509 1535 4607 1530 1536 4608 1494 1536 4609 1500 1536 4610 1505 1537 4611 1508 1537 4612 1519 1537 4613 1502 1538 4614 1514 1538 4615 1513 1538 4616 1526 1539 4617 1496 1539 4618 1502 1539 4619 1503 1540 4620 1518 1540 4621 1515 1540 4622 1524 1541 4623 1498 1541 4624 1503 1541 4625 1492 1542 4626 1512 1542 4627 1507 1542 4628 1532 1543 4629 1495 1543 4630 1492 1543 4631 1493 1544 4632 1509 1544 4633 1508 1544 4634 1531 1545 4635 1500 1545 4636 1493 1545 4637 1494 1546 4638 1516 1546 4639 1510 1546 4640 1529 1547 4641 1497 1547 4642 1494 1547 4643 1504 1548 4644 1511 1548 4645 1517 1548 4646 1522 1549 4647 1501 1549 4648 1504 1549 4649 1495 1550 4650 1513 1550 4651 1512 1550 4652 1527 1551 4653 1502 1551 4654 1495 1551 4655 1496 1552 4656 1515 1552 4657 1514 1552 4658 1525 1553 4659 1503 1553 4660 1496 1553 4661 1497 1554 4662 1517 1554 4663 1516 1554 4664 1523 1555 4665 1504 1555 4666 1497 1555 4667 1498 1556 4668 1519 1556 4669 1518 1556 4670 1521 1557 4671 1505 1557 4672 1498 1557 4673 1478 1558 4674 1464 1558 4675 1471 1558 4676 1483 1559 4677 1471 1559 4678 1473 1559 4679 1481 1560 4680 1466 1560 4681 1472 1560 4682 1485 1561 4683 1468 1561 4684 1474 1561 4685 1487 1562 4686 1470 1562 4687 1475 1562 4688 1479 1563 4689 1467 1563 4690 1464 1563 4691 1480 1564 4692 1472 1564 4693 1465 1564 4694 1482 1565 4695 1469 1565 4696 1466 1565 4697 1489 1566 4698 1473 1566 4699 1476 1566 4700 1484 1567 4701 1474 1567 4702 1467 1567 4703 1486 1568 4704 1475 1568 4705 1468 1568 4706 1488 1569 4707 1476 1569 4708 1469 1569 4709 1490 1570 4710 1477 1570 4711 1470 1570 4712 1457 1571 4713 1479 1571 4714 1478 1571 4715 1459 1572 4716 1478 1572 4717 1483 1572 4718 1458 1573 4719 1482 1573 4720 1481 1573 4721 1463 1574 4722 1480 1574 4723 1491 1574 4724 1460 1575 4725 1486 1575 4726 1485 1575 4727 1461 1576 4728 1490 1576 4729 1487 1576 4730 1450 1577 4731 1484 1577 4732 1479 1577 4733 1451 1578 4734 1481 1578 4735 1480 1578 4736 1452 1579 4737 1488 1579 4738 1482 1579 4739 1462 1580 4740 1483 1580 4741 1489 1580 4742 1453 1581 4743 1485 1581 4744 1484 1581 4745 1454 1582 4746 1487 1582 4747 1486 1582 4748 1455 1583 4749 1489 1583 4750 1488 1583 4751 1456 1584 4752 1491 1584 4753 1490 1584 4754 1520 1585 4755 1465 1585 4756 1477 1585 4757 1493 1586 4758 1465 1586 4759 1531 1586 4760 1520 1587 4761 1491 1587 4762 1505 1587 4763 1505 1588 4764 1480 1588 4765 1493 1588 4766 1537 1589 4767 1567 1589 4768 1538 1589 4769 403 1590 4770 1560 1590 4771 404 1590 4772 1536 1591 4773 1568 1591 4774 1537 1591 4775 1545 1592 4776 1547 1592 4777 1546 1592 4778 1549 1593 4779 1551 1593 4780 1550 1593 4781 1553 1594 4782 1555 1594 4783 1554 1594 4784 1542 1595 4785 1544 1595 4786 1545 1595 4787 1546 1596 4788 1548 1596 4789 1549 1596 4790 1550 1597 4791 1552 1597 4792 1553 1597 4793 1554 1598 4794 1556 1598 4795 1557 1598 4796 790 1599 4797 1550 1599 4798 791 1599 4799 791 1600 4800 1553 1600 4801 792 1600 4802 413 1601 4803 1551 1601 4804 414 1601 4805 792 1602 4806 1554 1602 4807 793 1602 4808 414 1603 4809 1548 1603 4810 415 1603 4811 418 1604 4812 1542 1604 4813 787 1604 4814 793 1605 4815 1557 1605 4816 794 1605 4817 415 1606 4818 1547 1606 4819 416 1606 4820 416 1607 4821 1544 1607 4822 417 1607 4823 1561 1608 4824 1568 1608 4825 1562 1608 4826 1563 1609 4827 1570 1609 4828 1564 1609 4829 1558 1610 4830 1572 1610 4831 1559 1610 4832 1560 1611 4833 1567 1611 4834 1561 1611 4835 1562 1612 4836 1569 1612 4837 1563 1612 4838 1564 1613 4839 1571 1613 4840 1565 1613 4841 1559 1614 4842 1573 1614 4843 1560 1614 4844 409 1615 4845 1571 1615 4846 1534 1615 4847 1539 1616 4848 1572 1616 4849 1540 1616 4850 406 1617 4851 1563 1617 4852 407 1617 4853 1540 1618 4854 1566 1618 4855 1541 1618 4856 407 1619 4857 1564 1619 4858 408 1619 4859 408 1620 4860 1565 1620 4861 409 1620 4862 1534 1621 4863 1570 1621 4864 1535 1621 4865 1535 1622 4866 1569 1622 4867 1536 1622 4868 402 1623 4869 1559 1623 4870 403 1623 4871 392 1624 4872 944 1624 4873 957 1624 4874 821 1625 4875 5 1625 4876 958 1625 4877 955 1626 4878 947 1626 4879 948 1626 4880 390 1627 4881 940 1627 4882 939 1627 4883 1226 1628 4884 1254 1628 4885 1265 1628 4886 383 1629 4887 947 1629 4888 955 1629 4889 1238 1630 4890 1265 1630 4891 5 1630 4892 388 1631 4893 942 1631 4894 941 1631 4895 820 1632 4896 4 1632 4897 1254 1632 4898 382 1633 4899 948 1633 4900 947 1633 4901 393 1634 4902 943 1634 4903 940 1634 4904 8 1635 4905 38 1635 4906 35 1635 4907 35 1636 4908 943 1636 4909 958 1636 4910 34 1637 4911 944 1637 4912 941 1637 4913 2 1638 4914 957 1638 4915 944 1638 4916 42 1639 4917 940 1639 4918 943 1639 4919 2 1640 4920 3 1640 4921 4 1640 4922 41 1641 4923 941 1641 4924 942 1641 4925 0 1642 4926 1 1642 4927 958 1642 4928 395 1643 4929 945 1643 4930 942 1643 4931 391 1644 4932 939 1644 4933 946 1644 4934 395 1645 4935 394 1645 4936 946 1645 4937 1255 1646 4938 1254 1646 4939 4 1646 4940 40 1647 4941 942 1647 4942 945 1647 4943 1257 1648 4944 1256 1648 4945 954 1648 4946 38 1649 4947 384 1649 4948 42 1649 4949 1259 1650 4950 1258 1650 4951 2 1650 4952 7 1651 4953 956 1651 4954 387 1651 4955 387 1652 4956 1261 1652 4957 1260 1652 4958 2 1653 4959 34 1653 4960 37 1653 4961 954 1654 4962 1256 1654 4963 1262 1654 4964 38 1655 4965 952 1655 4966 950 1655 4967 1263 1656 4968 1257 1656 4969 8 1656 4970 33 1657 4971 32 1657 4972 39 1657 4973 1265 1658 4974 1264 1658 4975 958 1658 4976 1266 1659 4977 1261 1659 4978 387 1659 4979 827 1660 4980 957 1660 4981 4 1660 4982 1258 1661 4983 1255 1661 4984 957 1661 4985 8 1662 4986 954 1662 4987 952 1662 4988 1260 1663 4989 1259 1663 4990 7 1663 4991 63 1664 4992 70 1664 4993 1182 1664 4994 17 1665 4995 18 1665 4996 70 1665 4997 61 1666 4998 63 1666 4999 1183 1666 5000 22 1667 5001 17 1667 5002 63 1667 5003 62 1668 5004 68 1668 5005 1179 1668 5006 20 1669 5007 21 1669 5008 68 1669 5009 57 1670 5010 69 1670 5011 1181 1670 5012 60 1671 5013 66 1671 5014 1175 1671 5015 24 1672 5016 25 1672 5017 66 1672 5018 59 1673 5019 64 1673 5020 1171 1673 5021 26 1674 5022 29 1674 5023 64 1674 5024 70 1675 5025 67 1675 5026 1177 1675 5027 18 1676 5028 23 1676 5029 67 1676 5030 69 1677 5031 62 1677 5032 1180 1677 5033 19 1678 5034 20 1678 5035 62 1678 5036 68 1679 5037 65 1679 5038 1173 1679 5039 21 1680 5040 27 1680 5041 65 1680 5042 58 1681 5043 61 1681 5044 1178 1681 5045 28 1682 5046 22 1682 5047 61 1682 5048 67 1683 5049 60 1683 5050 1176 1683 5051 23 1684 5052 24 1684 5053 60 1684 5054 66 1685 5055 59 1685 5056 1174 1685 5057 25 1686 5058 26 1686 5059 59 1686 5060 65 1687 5061 58 1687 5062 1172 1687 5063 27 1688 5064 28 1688 5065 58 1688 5066 64 1689 5067 57 1689 5068 1170 1689 5069 29 1690 5070 30 1690 5071 57 1690 5072 77 1691 5073 84 1691 5074 18 1691 5075 110 1692 5076 109 1692 5077 84 1692 5078 75 1693 5079 77 1693 5080 17 1693 5081 105 1694 5082 110 1694 5083 77 1694 5084 76 1695 5085 82 1695 5086 21 1695 5087 107 1696 5088 106 1696 5089 82 1696 5090 71 1697 5091 83 1697 5092 19 1697 5093 74 1698 5094 80 1698 5095 25 1698 5096 103 1699 5097 102 1699 5098 80 1699 5099 73 1700 5100 78 1700 5101 29 1700 5102 101 1701 5103 98 1701 5104 78 1701 5105 84 1702 5106 81 1702 5107 23 1702 5108 109 1703 5109 104 1703 5110 81 1703 5111 83 1704 5112 76 1704 5113 20 1704 5114 108 1705 5115 107 1705 5116 76 1705 5117 82 1706 5118 79 1706 5119 27 1706 5120 106 1707 5121 100 1707 5122 79 1707 5123 72 1708 5124 75 1708 5125 22 1708 5126 99 1709 5127 105 1709 5128 75 1709 5129 81 1710 5130 74 1710 5131 24 1710 5132 104 1711 5133 103 1711 5134 74 1711 5135 80 1712 5136 73 1712 5137 26 1712 5138 102 1713 5139 101 1713 5140 73 1713 5141 79 1714 5142 72 1714 5143 28 1714 5144 100 1715 5145 99 1715 5146 72 1715 5147 78 1716 5148 71 1716 5149 30 1716 5150 98 1717 5151 97 1717 5152 71 1717 5153 117 1718 5154 124 1718 5155 109 1718 5156 56 1719 5157 55 1719 5158 124 1719 5159 115 1720 5160 117 1720 5161 110 1720 5162 51 1721 5163 56 1721 5164 117 1721 5165 116 1722 5166 122 1722 5167 106 1722 5168 53 1723 5169 52 1723 5170 122 1723 5171 111 1724 5172 123 1724 5173 108 1724 5174 114 1725 5175 120 1725 5176 102 1725 5177 49 1726 5178 48 1726 5179 120 1726 5180 113 1727 5181 118 1727 5182 98 1727 5183 47 1728 5184 44 1728 5185 118 1728 5186 124 1729 5187 121 1729 5188 104 1729 5189 55 1730 5190 50 1730 5191 121 1730 5192 123 1731 5193 116 1731 5194 107 1731 5195 54 1732 5196 53 1732 5197 116 1732 5198 122 1733 5199 119 1733 5200 100 1733 5201 52 1734 5202 46 1734 5203 119 1734 5204 112 1735 5205 115 1735 5206 105 1735 5207 45 1736 5208 51 1736 5209 115 1736 5210 121 1737 5211 114 1737 5212 103 1737 5213 50 1738 5214 49 1738 5215 114 1738 5216 120 1739 5217 113 1739 5218 101 1739 5219 48 1740 5220 47 1740 5221 113 1740 5222 119 1741 5223 112 1741 5224 99 1741 5225 46 1742 5226 45 1742 5227 112 1742 5228 118 1743 5229 111 1743 5230 97 1743 5231 44 1744 5232 43 1744 5233 111 1744 5234 130 1745 5235 135 1745 5236 55 1745 5237 157 1746 5238 156 1746 5239 135 1746 5240 129 1747 5241 130 1747 5242 56 1747 5243 154 1748 5244 157 1748 5245 130 1748 5246 255 1749 5247 254 1749 5248 52 1749 5249 179 1750 5250 332 1750 5251 342 1750 5252 125 1751 5253 134 1751 5254 54 1751 5255 128 1752 5256 132 1752 5257 48 1752 5258 152 1753 5259 151 1753 5260 132 1753 5261 44 1754 5262 47 1754 5263 400 1754 5264 47 1755 5265 127 1755 5266 400 1755 5267 127 1756 5268 1541 1756 5269 402 1756 5270 135 1757 5271 133 1757 5272 50 1757 5273 156 1758 5274 153 1758 5275 133 1758 5276 134 1759 5277 255 1759 5278 53 1759 5279 155 1760 5280 229 1760 5281 255 1760 5282 254 1761 5283 131 1761 5284 46 1761 5285 224 1762 5286 150 1762 5287 131 1762 5288 126 1763 5289 129 1763 5290 51 1763 5291 149 1764 5292 154 1764 5293 129 1764 5294 133 1765 5295 128 1765 5296 49 1765 5297 153 1766 5298 152 1766 5299 128 1766 5300 132 1767 5301 127 1767 5302 47 1767 5303 132 1768 5304 151 1768 5305 1541 1768 5306 131 1769 5307 126 1769 5308 45 1769 5309 150 1770 5310 149 1770 5311 126 1770 5312 43 1771 5313 44 1771 5314 400 1771 5315 400 1772 5316 401 1772 5317 125 1772 5318 402 1773 5319 148 1773 5320 125 1773 5321 163 1774 5322 169 1774 5323 156 1774 5324 85 1775 5325 86 1775 5326 169 1775 5327 161 1776 5328 163 1776 5329 157 1776 5330 90 1777 5331 85 1777 5332 163 1777 5333 224 1778 5334 337 1778 5335 336 1778 5336 162 1779 5337 339 1779 5338 338 1779 5339 158 1780 5340 168 1780 5341 155 1780 5342 160 1781 5343 165 1781 5344 151 1781 5345 92 1782 5346 93 1782 5347 165 1782 5348 169 1783 5349 166 1783 5350 153 1783 5351 86 1784 5352 91 1784 5353 166 1784 5354 168 1785 5355 162 1785 5356 229 1785 5357 87 1786 5358 88 1786 5359 162 1786 5360 167 1787 5361 164 1787 5362 150 1787 5363 89 1788 5364 94 1788 5365 164 1788 5366 159 1789 5367 161 1789 5368 154 1789 5369 95 1790 5370 90 1790 5371 161 1790 5372 166 1791 5373 160 1791 5374 152 1791 5375 91 1792 5376 92 1792 5377 160 1792 5378 151 1793 5379 165 1793 5380 1540 1793 5381 165 1794 5382 93 1794 5383 1539 1794 5384 164 1795 5385 159 1795 5386 149 1795 5387 94 1796 5388 95 1796 5389 159 1796 5390 403 1797 5391 158 1797 5392 148 1797 5393 404 1798 5394 96 1798 5395 158 1798 5396 175 1799 5397 181 1799 5398 86 1799 5399 207 1800 5400 206 1800 5401 181 1800 5402 173 1801 5403 175 1801 5404 85 1801 5405 202 1802 5406 207 1802 5407 175 1802 5408 174 1803 5409 330 1803 5410 329 1803 5411 167 1804 5412 336 1804 5413 331 1804 5414 170 1805 5415 180 1805 5416 87 1805 5417 172 1806 5418 177 1806 5419 93 1806 5420 200 1807 5421 199 1807 5422 177 1807 5423 181 1808 5424 178 1808 5425 91 1808 5426 206 1809 5427 201 1809 5428 178 1809 5429 180 1810 5430 174 1810 5431 88 1810 5432 205 1811 5433 204 1811 5434 174 1811 5435 179 1812 5436 176 1812 5437 94 1812 5438 203 1813 5439 198 1813 5440 176 1813 5441 171 1814 5442 173 1814 5443 90 1814 5444 197 1815 5445 202 1815 5446 173 1815 5447 178 1816 5448 172 1816 5449 92 1816 5450 201 1817 5451 200 1817 5452 172 1817 5453 93 1818 5454 177 1818 5455 1538 1818 5456 177 1819 5457 199 1819 5458 1537 1819 5459 176 1820 5460 171 1820 5461 95 1820 5462 198 1821 5463 197 1821 5464 171 1821 5465 405 1822 5466 170 1822 5467 96 1822 5468 406 1823 5469 196 1823 5470 170 1823 5471 213 1824 5472 219 1824 5473 206 1824 5474 147 1825 5475 146 1825 5476 219 1825 5477 211 1826 5478 213 1826 5479 207 1826 5480 142 1827 5481 147 1827 5482 213 1827 5483 208 1828 5484 218 1828 5485 205 1828 5486 210 1829 5487 215 1829 5488 199 1829 5489 140 1830 5490 139 1830 5491 215 1830 5492 219 1831 5493 216 1831 5494 201 1831 5495 146 1832 5496 141 1832 5497 216 1832 5498 218 1833 5499 212 1833 5500 204 1833 5501 145 1834 5502 144 1834 5503 212 1834 5504 217 1835 5505 214 1835 5506 198 1835 5507 143 1836 5508 138 1836 5509 214 1836 5510 209 1837 5511 211 1837 5512 202 1837 5513 137 1838 5514 142 1838 5515 211 1838 5516 216 1839 5517 210 1839 5518 200 1839 5519 141 1840 5520 140 1840 5521 210 1840 5522 199 1841 5523 215 1841 5524 1536 1841 5525 215 1842 5526 139 1842 5527 1535 1842 5528 214 1843 5529 209 1843 5530 197 1843 5531 138 1844 5532 137 1844 5533 209 1844 5534 407 1845 5535 208 1845 5536 196 1845 5537 408 1846 5538 136 1846 5539 208 1846 5540 225 1847 5541 231 1847 5542 146 1847 5543 258 1848 5544 257 1848 5545 231 1848 5546 223 1849 5547 225 1849 5548 147 1849 5549 253 1850 5550 258 1850 5551 225 1850 5552 89 1851 5553 331 1851 5554 332 1851 5555 143 1852 5556 334 1852 5557 333 1852 5558 220 1853 5559 230 1853 5560 145 1853 5561 222 1854 5562 227 1854 5563 139 1854 5564 251 1855 5565 250 1855 5566 227 1855 5567 1534 1856 5568 249 1856 5569 410 1856 5570 231 1857 5571 228 1857 5572 141 1857 5573 257 1858 5574 252 1858 5575 228 1858 5576 230 1859 5577 377 1859 5578 144 1859 5579 256 1860 5580 379 1860 5581 377 1860 5582 378 1861 5583 226 1861 5584 138 1861 5585 380 1862 5586 248 1862 5587 226 1862 5588 221 1863 5589 223 1863 5590 142 1863 5591 247 1864 5592 253 1864 5593 223 1864 5594 228 1865 5595 222 1865 5596 140 1865 5597 252 1866 5598 251 1866 5599 222 1866 5600 139 1867 5601 227 1867 5602 1534 1867 5603 227 1868 5604 250 1868 5605 249 1868 5606 226 1869 5607 221 1869 5608 137 1869 5609 248 1870 5610 247 1870 5611 221 1870 5612 409 1871 5613 220 1871 5614 136 1871 5615 410 1872 5616 246 1872 5617 220 1872 5618 265 1873 5619 272 1873 5620 257 1873 5621 182 1874 5622 183 1874 5623 272 1874 5624 263 1875 5625 265 1875 5626 258 1875 5627 187 1876 5628 182 1876 5629 265 1876 5630 264 1877 5631 270 1877 5632 380 1877 5633 185 1878 5634 186 1878 5635 270 1878 5636 259 1879 5637 271 1879 5638 256 1879 5639 262 1880 5640 268 1880 5641 250 1880 5642 189 1881 5643 190 1881 5644 268 1881 5645 410 1882 5646 249 1882 5647 399 1882 5648 249 1883 5649 261 1883 5650 399 1883 5651 191 1884 5652 194 1884 5653 266 1884 5654 272 1885 5655 269 1885 5656 252 1885 5657 183 1886 5658 188 1886 5659 269 1886 5660 271 1887 5661 264 1887 5662 379 1887 5663 184 1888 5664 185 1888 5665 264 1888 5666 270 1889 5667 267 1889 5668 248 1889 5669 186 1890 5670 192 1890 5671 267 1890 5672 260 1891 5673 263 1891 5674 253 1891 5675 193 1892 5676 187 1892 5677 263 1892 5678 269 1893 5679 262 1893 5680 251 1893 5681 188 1894 5682 189 1894 5683 262 1894 5684 268 1895 5685 261 1895 5686 249 1895 5687 190 1896 5688 191 1896 5689 261 1896 5690 267 1897 5691 260 1897 5692 247 1897 5693 192 1898 5694 193 1898 5695 260 1898 5696 246 1899 5697 410 1899 5698 399 1899 5699 399 1900 5700 266 1900 5701 259 1900 5702 194 1901 5703 195 1901 5704 259 1901 5705 279 1902 5706 286 1902 5707 183 1902 5708 300 1903 5709 299 1903 5710 286 1903 5711 277 1904 5712 279 1904 5713 182 1904 5714 295 1905 5715 300 1905 5716 279 1905 5717 278 1906 5718 284 1906 5719 186 1906 5720 297 1907 5721 296 1907 5722 284 1907 5723 273 1908 5724 285 1908 5725 184 1908 5726 276 1909 5727 282 1909 5728 190 1909 5729 293 1910 5730 292 1910 5731 282 1910 5732 275 1911 5733 280 1911 5734 194 1911 5735 291 1912 5736 288 1912 5737 280 1912 5738 286 1913 5739 283 1913 5740 188 1913 5741 299 1914 5742 294 1914 5743 283 1914 5744 285 1915 5745 278 1915 5746 185 1915 5747 298 1916 5748 297 1916 5749 278 1916 5750 284 1917 5751 281 1917 5752 192 1917 5753 296 1918 5754 290 1918 5755 281 1918 5756 274 1919 5757 277 1919 5758 187 1919 5759 289 1920 5760 295 1920 5761 277 1920 5762 283 1921 5763 276 1921 5764 189 1921 5765 294 1922 5766 293 1922 5767 276 1922 5768 282 1923 5769 275 1923 5770 191 1923 5771 292 1924 5772 291 1924 5773 275 1924 5774 281 1925 5775 274 1925 5776 193 1925 5777 290 1926 5778 289 1926 5779 274 1926 5780 280 1927 5781 273 1927 5782 195 1927 5783 288 1928 5784 287 1928 5785 273 1928 5786 307 1929 5787 314 1929 5788 299 1929 5789 245 1930 5790 244 1930 5791 314 1930 5792 305 1931 5793 307 1931 5794 300 1931 5795 240 1932 5796 245 1932 5797 307 1932 5798 306 1933 5799 312 1933 5800 296 1933 5801 242 1934 5802 241 1934 5803 312 1934 5804 301 1935 5805 313 1935 5806 298 1935 5807 304 1936 5808 310 1936 5809 292 1936 5810 238 1937 5811 237 1937 5812 310 1937 5813 303 1938 5814 308 1938 5815 288 1938 5816 236 1939 5817 233 1939 5818 308 1939 5819 314 1940 5820 311 1940 5821 294 1940 5822 244 1941 5823 239 1941 5824 311 1941 5825 313 1942 5826 306 1942 5827 297 1942 5828 243 1943 5829 242 1943 5830 306 1943 5831 312 1944 5832 309 1944 5833 290 1944 5834 241 1945 5835 235 1945 5836 309 1945 5837 302 1946 5838 305 1946 5839 295 1946 5840 234 1947 5841 240 1947 5842 305 1947 5843 311 1948 5844 304 1948 5845 293 1948 5846 239 1949 5847 238 1949 5848 304 1949 5849 310 1950 5850 303 1950 5851 291 1950 5852 237 1951 5853 236 1951 5854 303 1951 5855 309 1952 5856 302 1952 5857 289 1952 5858 235 1953 5859 234 1953 5860 302 1953 5861 308 1954 5862 301 1954 5863 287 1954 5864 233 1955 5865 232 1955 5866 301 1955 5867 980 1956 5868 987 1956 5869 244 1956 5870 978 1957 5871 980 1957 5872 245 1957 5873 979 1958 5874 985 1958 5875 241 1958 5876 974 1959 5877 986 1959 5878 243 1959 5879 977 1960 5880 983 1960 5881 237 1960 5882 976 1961 5883 981 1961 5884 233 1961 5885 987 1962 5886 984 1962 5887 239 1962 5888 986 1963 5889 979 1963 5890 242 1963 5891 985 1964 5892 982 1964 5893 235 1964 5894 975 1965 5895 978 1965 5896 240 1965 5897 984 1966 5898 977 1966 5899 238 1966 5900 983 1967 5901 976 1967 5902 236 1967 5903 982 1968 5904 975 1968 5905 234 1968 5906 981 1969 5907 974 1969 5908 232 1969 5909 337 1970 5910 224 1970 5911 229 1970 5912 339 1971 5913 336 1971 5914 337 1971 5915 329 1972 5916 331 1972 5917 336 1972 5918 330 1973 5919 332 1973 5920 331 1973 5921 343 1974 5922 342 1974 5923 332 1974 5924 344 1975 5925 341 1975 5926 342 1975 5927 335 1976 5928 334 1976 5929 341 1976 5930 340 1977 5931 333 1977 5932 334 1977 5933 340 1978 5934 377 1978 5935 378 1978 5936 217 1979 5937 341 1979 5938 334 1979 5939 212 1980 5940 344 1980 5941 343 1980 5942 88 1981 5943 329 1981 5944 339 1981 5945 203 1982 5946 342 1982 5947 341 1982 5948 377 1983 5949 340 1983 5950 335 1983 5951 204 1984 5952 343 1984 5953 330 1984 5954 144 1985 5955 335 1985 5956 344 1985 5957 11 1986 5958 333 1986 5959 334 1986 5960 345 1987 5961 334 1987 5962 341 1987 5963 346 1988 5964 341 1988 5965 342 1988 5966 342 1989 5967 332 1989 5968 348 1989 5969 332 1990 5970 331 1990 5971 349 1990 5972 331 1991 5973 336 1991 5974 350 1991 5975 336 1992 5976 337 1992 5977 12 1992 5978 340 1993 5979 333 1993 5980 14 1993 5981 335 1994 5982 340 1994 5983 16 1994 5984 344 1995 5985 335 1995 5986 356 1995 5987 343 1996 5988 344 1996 5989 355 1996 5990 353 1997 5991 330 1997 5992 343 1997 5993 352 1998 5994 329 1998 5995 330 1998 5996 351 1999 5997 339 1999 5998 329 1999 5999 10 2000 6000 338 2000 6001 339 2000 6002 13 2001 6003 337 2001 6004 338 2001 6005 354 2002 6006 374 2002 6007 373 2002 6008 16 2003 6009 364 2003 6010 376 2003 6011 11 2004 6012 359 2004 6013 362 2004 6014 348 2005 6015 368 2005 6016 367 2005 6017 355 2006 6018 375 2006 6019 374 2006 6020 13 2007 6021 361 2007 6022 360 2007 6023 349 2008 6024 369 2008 6025 368 2008 6026 356 2009 6027 376 2009 6028 375 2009 6029 350 2010 6030 370 2010 6031 369 2010 6032 9 2011 6033 357 2011 6034 361 2011 6035 10 2012 6036 358 2012 6037 357 2012 6038 351 2013 6039 371 2013 6040 358 2013 6041 15 2014 6042 363 2014 6043 364 2014 6044 345 2015 6045 365 2015 6046 359 2015 6047 352 2016 6048 372 2016 6049 371 2016 6050 14 2017 6051 362 2017 6052 363 2017 6053 346 2018 6054 366 2018 6055 365 2018 6056 353 2019 6057 373 2019 6058 372 2019 6059 12 2020 6060 360 2020 6061 370 2020 6062 347 2021 6063 367 2021 6064 366 2021 6065 379 2022 6066 380 2022 6067 378 2022 6068 229 2023 6069 224 2023 6070 254 2023 6071 4 2024 6072 3 2024 6073 959 2024 6074 3 2025 6075 0 2025 6076 959 2025 6077 31 2026 6078 953 2026 6079 954 2026 6080 1264 2027 6081 1263 2027 6082 1 2027 6083 953 2028 6084 1262 2028 6085 1267 2028 6086 5 2029 6087 821 2029 6088 959 2029 6089 821 2030 6090 820 2030 6091 959 2030 6092 31 2031 6093 1267 2031 6094 1266 2031 6095 37 2032 6096 955 2032 6097 956 2032 6098 42 2033 6099 384 2033 6100 385 2033 6101 956 2034 6102 955 2034 6103 386 2034 6104 40 2035 6105 382 2035 6106 383 2035 6107 32 2036 6108 946 2036 6109 939 2036 6110 387 2037 6111 386 2037 6112 951 2037 6113 384 2038 6114 950 2038 6115 949 2038 6116 412 2039 6117 1555 2039 6118 1552 2039 6119 478 2040 6120 485 2040 6121 1003 2040 6122 430 2041 6123 431 2041 6124 485 2041 6125 476 2042 6126 478 2042 6127 1002 2042 6128 435 2043 6129 430 2043 6130 478 2043 6131 477 2044 6132 483 2044 6133 1006 2044 6134 433 2045 6135 434 2045 6136 483 2045 6137 472 2046 6138 484 2046 6139 1004 2046 6140 475 2047 6141 481 2047 6142 1010 2047 6143 437 2048 6144 438 2048 6145 481 2048 6146 474 2049 6147 479 2049 6148 1014 2049 6149 439 2050 6150 442 2050 6151 479 2050 6152 485 2051 6153 482 2051 6154 1008 2051 6155 431 2052 6156 436 2052 6157 482 2052 6158 484 2053 6159 477 2053 6160 1005 2053 6161 432 2054 6162 433 2054 6163 477 2054 6164 483 2055 6165 480 2055 6166 1012 2055 6167 434 2056 6168 440 2056 6169 480 2056 6170 473 2057 6171 476 2057 6172 1007 2057 6173 441 2058 6174 435 2058 6175 476 2058 6176 482 2059 6177 475 2059 6178 1009 2059 6179 436 2060 6180 437 2060 6181 475 2060 6182 481 2061 6183 474 2061 6184 1011 2061 6185 438 2062 6186 439 2062 6187 474 2062 6188 480 2063 6189 473 2063 6190 1013 2063 6191 440 2064 6192 441 2064 6193 473 2064 6194 479 2065 6195 472 2065 6196 1015 2065 6197 442 2066 6198 443 2066 6199 472 2066 6200 492 2067 6201 499 2067 6202 431 2067 6203 525 2068 6204 524 2068 6205 499 2068 6206 490 2069 6207 492 2069 6208 430 2069 6209 520 2070 6210 525 2070 6211 492 2070 6212 491 2071 6213 497 2071 6214 434 2071 6215 522 2072 6216 521 2072 6217 497 2072 6218 486 2073 6219 498 2073 6220 432 2073 6221 489 2074 6222 495 2074 6223 438 2074 6224 518 2075 6225 517 2075 6226 495 2075 6227 488 2076 6228 493 2076 6229 442 2076 6230 516 2077 6231 513 2077 6232 493 2077 6233 499 2078 6234 496 2078 6235 436 2078 6236 524 2079 6237 519 2079 6238 496 2079 6239 498 2080 6240 491 2080 6241 433 2080 6242 523 2081 6243 522 2081 6244 491 2081 6245 497 2082 6246 494 2082 6247 440 2082 6248 521 2083 6249 515 2083 6250 494 2083 6251 487 2084 6252 490 2084 6253 435 2084 6254 514 2085 6255 520 2085 6256 490 2085 6257 496 2086 6258 489 2086 6259 437 2086 6260 519 2087 6261 518 2087 6262 489 2087 6263 495 2088 6264 488 2088 6265 439 2088 6266 517 2089 6267 516 2089 6268 488 2089 6269 494 2090 6270 487 2090 6271 441 2090 6272 515 2091 6273 514 2091 6274 487 2091 6275 493 2092 6276 486 2092 6277 443 2092 6278 513 2093 6279 512 2093 6280 486 2093 6281 532 2094 6282 539 2094 6283 524 2094 6284 457 2095 6285 456 2095 6286 539 2095 6287 520 2096 6288 530 2096 6289 532 2096 6290 452 2097 6291 457 2097 6292 532 2097 6293 531 2098 6294 537 2098 6295 521 2098 6296 454 2099 6297 453 2099 6298 537 2099 6299 526 2100 6300 538 2100 6301 523 2100 6302 518 2101 6303 529 2101 6304 535 2101 6305 450 2102 6306 449 2102 6307 535 2102 6308 528 2103 6309 533 2103 6310 513 2103 6311 448 2104 6312 445 2104 6313 533 2104 6314 539 2105 6315 536 2105 6316 519 2105 6317 456 2106 6318 451 2106 6319 536 2106 6320 538 2107 6321 531 2107 6322 522 2107 6323 455 2108 6324 454 2108 6325 531 2108 6326 537 2109 6327 534 2109 6328 515 2109 6329 453 2110 6330 447 2110 6331 534 2110 6332 527 2111 6333 530 2111 6334 520 2111 6335 446 2112 6336 452 2112 6337 530 2112 6338 536 2113 6339 529 2113 6340 518 2113 6341 451 2114 6342 450 2114 6343 529 2114 6344 535 2115 6345 528 2115 6346 516 2115 6347 449 2116 6348 448 2116 6349 528 2116 6350 534 2117 6351 527 2117 6352 514 2117 6353 447 2118 6354 446 2118 6355 527 2118 6356 533 2119 6357 526 2119 6358 512 2119 6359 445 2120 6360 444 2120 6361 526 2120 6362 545 2121 6363 550 2121 6364 456 2121 6365 572 2122 6366 571 2122 6367 550 2122 6368 544 2123 6369 545 2123 6370 457 2123 6371 569 2124 6372 572 2124 6373 545 2124 6374 670 2125 6375 669 2125 6376 453 2125 6377 594 2126 6378 735 2126 6379 745 2126 6380 540 2127 6381 549 2127 6382 455 2127 6383 543 2128 6384 547 2128 6385 449 2128 6386 567 2129 6387 566 2129 6388 547 2129 6389 445 2130 6390 448 2130 6391 785 2130 6392 448 2131 6393 542 2131 6394 785 2131 6395 542 2132 6396 418 2132 6397 787 2132 6398 550 2133 6399 548 2133 6400 451 2133 6401 571 2134 6402 568 2134 6403 548 2134 6404 549 2135 6405 670 2135 6406 454 2135 6407 570 2136 6408 644 2136 6409 670 2136 6410 669 2137 6411 546 2137 6412 447 2137 6413 639 2138 6414 565 2138 6415 546 2138 6416 541 2139 6417 544 2139 6418 452 2139 6419 564 2140 6420 569 2140 6421 544 2140 6422 548 2141 6423 543 2141 6424 450 2141 6425 568 2142 6426 567 2142 6427 543 2142 6428 547 2143 6429 542 2143 6430 448 2143 6431 547 2144 6432 566 2144 6433 418 2144 6434 546 2145 6435 541 2145 6436 446 2145 6437 565 2146 6438 564 2146 6439 541 2146 6440 444 2147 6441 445 2147 6442 785 2147 6443 785 2148 6444 786 2148 6445 540 2148 6446 787 2149 6447 563 2149 6448 540 2149 6449 578 2150 6450 584 2150 6451 571 2150 6452 500 2151 6453 501 2151 6454 584 2151 6455 576 2152 6456 578 2152 6457 572 2152 6458 505 2153 6459 500 2153 6460 578 2153 6461 639 2154 6462 740 2154 6463 739 2154 6464 577 2155 6465 742 2155 6466 741 2155 6467 573 2156 6468 583 2156 6469 570 2156 6470 575 2157 6471 580 2157 6472 566 2157 6473 507 2158 6474 508 2158 6475 580 2158 6476 584 2159 6477 581 2159 6478 568 2159 6479 501 2160 6480 506 2160 6481 581 2160 6482 583 2161 6483 577 2161 6484 644 2161 6485 502 2162 6486 503 2162 6487 577 2162 6488 582 2163 6489 579 2163 6490 565 2163 6491 504 2164 6492 509 2164 6493 579 2164 6494 574 2165 6495 576 2165 6496 569 2165 6497 510 2166 6498 505 2166 6499 576 2166 6500 581 2167 6501 575 2167 6502 567 2167 6503 506 2168 6504 507 2168 6505 575 2168 6506 566 2169 6507 580 2169 6508 417 2169 6509 580 2170 6510 508 2170 6511 416 2170 6512 579 2171 6513 574 2171 6514 564 2171 6515 509 2172 6516 510 2172 6517 574 2172 6518 788 2173 6519 573 2173 6520 563 2173 6521 789 2174 6522 511 2174 6523 573 2174 6524 590 2175 6525 596 2175 6526 501 2175 6527 622 2176 6528 621 2176 6529 596 2176 6530 588 2177 6531 590 2177 6532 500 2177 6533 617 2178 6534 622 2178 6535 590 2178 6536 589 2179 6537 733 2179 6538 732 2179 6539 582 2180 6540 739 2180 6541 734 2180 6542 585 2181 6543 595 2181 6544 502 2181 6545 587 2182 6546 592 2182 6547 508 2182 6548 615 2183 6549 614 2183 6550 592 2183 6551 501 2184 6552 596 2184 6553 593 2184 6554 596 2185 6555 621 2185 6556 616 2185 6557 595 2186 6558 589 2186 6559 503 2186 6560 620 2187 6561 619 2187 6562 589 2187 6563 594 2188 6564 591 2188 6565 509 2188 6566 594 2189 6567 618 2189 6568 613 2189 6569 586 2190 6570 588 2190 6571 505 2190 6572 612 2191 6573 617 2191 6574 588 2191 6575 593 2192 6576 587 2192 6577 507 2192 6578 616 2193 6579 615 2193 6580 587 2193 6581 508 2194 6582 592 2194 6583 415 2194 6584 592 2195 6585 614 2195 6586 414 2195 6587 509 2196 6588 591 2196 6589 586 2196 6590 591 2197 6591 613 2197 6592 612 2197 6593 790 2198 6594 585 2198 6595 511 2198 6596 791 2199 6597 611 2199 6598 585 2199 6599 628 2200 6600 634 2200 6601 621 2200 6602 562 2201 6603 561 2201 6604 634 2201 6605 626 2202 6606 628 2202 6607 622 2202 6608 557 2203 6609 562 2203 6610 628 2203 6611 623 2204 6612 633 2204 6613 620 2204 6614 625 2205 6615 630 2205 6616 614 2205 6617 555 2206 6618 554 2206 6619 630 2206 6620 621 2207 6621 634 2207 6622 631 2207 6623 561 2208 6624 556 2208 6625 631 2208 6626 633 2209 6627 627 2209 6628 619 2209 6629 560 2210 6630 559 2210 6631 627 2210 6632 632 2211 6633 629 2211 6634 613 2211 6635 558 2212 6636 553 2212 6637 629 2212 6638 624 2213 6639 626 2213 6640 617 2213 6641 552 2214 6642 557 2214 6643 626 2214 6644 631 2215 6645 625 2215 6646 615 2215 6647 556 2216 6648 555 2216 6649 625 2216 6650 614 2217 6651 630 2217 6652 413 2217 6653 630 2218 6654 554 2218 6655 412 2218 6656 613 2219 6657 629 2219 6658 624 2219 6659 553 2220 6660 552 2220 6661 624 2220 6662 792 2221 6663 623 2221 6664 611 2221 6665 793 2222 6666 551 2222 6667 623 2222 6668 640 2223 6669 646 2223 6670 561 2223 6671 673 2224 6672 672 2224 6673 646 2224 6674 638 2225 6675 640 2225 6676 562 2225 6677 668 2226 6678 673 2226 6679 640 2226 6680 504 2227 6681 734 2227 6682 735 2227 6683 558 2228 6684 737 2228 6685 736 2228 6686 635 2229 6687 645 2229 6688 560 2229 6689 637 2230 6690 642 2230 6691 554 2230 6692 666 2231 6693 665 2231 6694 642 2231 6695 411 2232 6696 664 2232 6697 795 2232 6698 646 2233 6699 643 2233 6700 556 2233 6701 672 2234 6702 667 2234 6703 643 2234 6704 645 2235 6705 780 2235 6706 559 2235 6707 671 2236 6708 782 2236 6709 780 2236 6710 781 2237 6711 641 2237 6712 553 2237 6713 783 2238 6714 663 2238 6715 641 2238 6716 636 2239 6717 638 2239 6718 557 2239 6719 662 2240 6720 668 2240 6721 638 2240 6722 643 2241 6723 637 2241 6724 555 2241 6725 667 2242 6726 666 2242 6727 637 2242 6728 554 2243 6729 642 2243 6730 411 2243 6731 642 2244 6732 665 2244 6733 664 2244 6734 641 2245 6735 636 2245 6736 552 2245 6737 663 2246 6738 662 2246 6739 636 2246 6740 794 2247 6741 635 2247 6742 551 2247 6743 795 2248 6744 661 2248 6745 635 2248 6746 680 2249 6747 687 2249 6748 672 2249 6749 597 2250 6750 598 2250 6751 687 2250 6752 678 2251 6753 680 2251 6754 673 2251 6755 602 2252 6756 597 2252 6757 680 2252 6758 679 2253 6759 685 2253 6760 783 2253 6761 600 2254 6762 601 2254 6763 685 2254 6764 674 2255 6765 686 2255 6766 671 2255 6767 677 2256 6768 683 2256 6769 665 2256 6770 604 2257 6771 605 2257 6772 683 2257 6773 795 2258 6774 664 2258 6775 784 2258 6776 664 2259 6777 676 2259 6778 784 2259 6779 606 2260 6780 609 2260 6781 681 2260 6782 687 2261 6783 684 2261 6784 667 2261 6785 598 2262 6786 603 2262 6787 684 2262 6788 686 2263 6789 679 2263 6790 782 2263 6791 599 2264 6792 600 2264 6793 679 2264 6794 685 2265 6795 682 2265 6796 663 2265 6797 601 2266 6798 607 2266 6799 682 2266 6800 675 2267 6801 678 2267 6802 668 2267 6803 608 2268 6804 602 2268 6805 678 2268 6806 684 2269 6807 677 2269 6808 666 2269 6809 603 2270 6810 604 2270 6811 677 2270 6812 683 2271 6813 676 2271 6814 664 2271 6815 605 2272 6816 606 2272 6817 676 2272 6818 682 2273 6819 675 2273 6820 662 2273 6821 607 2274 6822 608 2274 6823 675 2274 6824 661 2275 6825 795 2275 6826 784 2275 6827 784 2276 6828 681 2276 6829 674 2276 6830 609 2277 6831 610 2277 6832 674 2277 6833 694 2278 6834 701 2278 6835 598 2278 6836 715 2279 6837 714 2279 6838 701 2279 6839 692 2280 6840 694 2280 6841 597 2280 6842 710 2281 6843 715 2281 6844 694 2281 6845 693 2282 6846 699 2282 6847 601 2282 6848 712 2283 6849 711 2283 6850 699 2283 6851 688 2284 6852 700 2284 6853 599 2284 6854 691 2285 6855 697 2285 6856 605 2285 6857 708 2286 6858 707 2286 6859 697 2286 6860 606 2287 6861 690 2287 6862 695 2287 6863 706 2288 6864 703 2288 6865 695 2288 6866 701 2289 6867 698 2289 6868 603 2289 6869 714 2290 6870 709 2290 6871 698 2290 6872 700 2291 6873 693 2291 6874 600 2291 6875 713 2292 6876 712 2292 6877 693 2292 6878 699 2293 6879 696 2293 6880 607 2293 6881 711 2294 6882 705 2294 6883 696 2294 6884 689 2295 6885 692 2295 6886 602 2295 6887 704 2296 6888 710 2296 6889 692 2296 6890 698 2297 6891 691 2297 6892 604 2297 6893 709 2298 6894 708 2298 6895 691 2298 6896 697 2299 6897 690 2299 6898 606 2299 6899 707 2300 6900 706 2300 6901 690 2300 6902 696 2301 6903 689 2301 6904 608 2301 6905 705 2302 6906 704 2302 6907 689 2302 6908 695 2303 6909 688 2303 6910 610 2303 6911 703 2304 6912 702 2304 6913 688 2304 6914 722 2305 6915 729 2305 6916 714 2305 6917 660 2306 6918 659 2306 6919 729 2306 6920 720 2307 6921 722 2307 6922 715 2307 6923 655 2308 6924 660 2308 6925 722 2308 6926 721 2309 6927 727 2309 6928 711 2309 6929 657 2310 6930 656 2310 6931 727 2310 6932 716 2311 6933 728 2311 6934 713 2311 6935 719 2312 6936 725 2312 6937 707 2312 6938 653 2313 6939 652 2313 6940 725 2313 6941 718 2314 6942 723 2314 6943 703 2314 6944 651 2315 6945 648 2315 6946 723 2315 6947 729 2316 6948 726 2316 6949 709 2316 6950 659 2317 6951 654 2317 6952 726 2317 6953 728 2318 6954 721 2318 6955 712 2318 6956 658 2319 6957 657 2319 6958 721 2319 6959 727 2320 6960 724 2320 6961 705 2320 6962 656 2321 6963 650 2321 6964 724 2321 6965 717 2322 6966 720 2322 6967 710 2322 6968 649 2323 6969 655 2323 6970 720 2323 6971 726 2324 6972 719 2324 6973 708 2324 6974 654 2325 6975 653 2325 6976 719 2325 6977 725 2326 6978 718 2326 6979 706 2326 6980 652 2327 6981 651 2327 6982 718 2327 6983 724 2328 6984 717 2328 6985 704 2328 6986 650 2329 6987 649 2329 6988 717 2329 6989 723 2330 6990 716 2330 6991 702 2330 6992 648 2331 6993 647 2331 6994 716 2331 6995 932 2332 6996 828 2332 6997 659 2332 6998 34 2333 6999 41 2333 7000 383 2333 7001 934 2334 7002 932 2334 7003 660 2334 7004 951 2335 7005 949 2335 7006 950 2335 7007 933 2336 7008 830 2336 7009 656 2336 7010 385 2337 7011 949 2337 7012 951 2337 7013 938 2338 7014 829 2338 7015 658 2338 7016 935 2339 7017 832 2339 7018 652 2339 7019 953 2340 7020 951 2340 7021 952 2340 7022 936 2341 7023 834 2341 7024 648 2341 7025 36 2342 7026 382 2342 7027 40 2342 7028 828 2343 7029 831 2343 7030 654 2343 7031 32 2344 7032 381 2344 7033 385 2344 7034 829 2345 7035 933 2345 7036 657 2345 7037 36 2346 7038 386 2346 7039 948 2346 7040 830 2347 7041 833 2347 7042 650 2347 7043 32 2348 7044 33 2348 7045 945 2348 7046 937 2349 7047 934 2349 7048 655 2349 7049 381 2350 7050 939 2350 7051 940 2350 7052 831 2351 7053 935 2351 7054 653 2351 7055 36 2352 7056 39 2352 7057 951 2352 7058 832 2353 7059 936 2353 7060 651 2353 7061 826 2354 7062 958 2354 7063 943 2354 7064 833 2355 7065 937 2355 7066 649 2355 7067 6 2356 7068 387 2356 7069 953 2356 7070 834 2357 7071 938 2357 7072 647 2357 7073 389 2358 7074 941 2358 7075 944 2358 7076 740 2359 7077 639 2359 7078 644 2359 7079 741 2360 7080 742 2360 7081 739 2360 7082 742 2361 7083 732 2361 7084 734 2361 7085 732 2362 7086 733 2362 7087 735 2362 7088 746 2363 7089 745 2363 7090 735 2363 7091 746 2364 7092 747 2364 7093 744 2364 7094 747 2365 7095 738 2365 7096 737 2365 7097 738 2366 7098 743 2366 7099 736 2366 7100 743 2367 7101 780 2367 7102 781 2367 7103 632 2368 7104 744 2368 7105 737 2368 7106 627 2369 7107 747 2369 7108 746 2369 7109 503 2370 7110 732 2370 7111 742 2370 7112 618 2371 7113 745 2371 7114 744 2371 7115 780 2372 7116 743 2372 7117 738 2372 7118 619 2373 7119 746 2373 7120 733 2373 7121 559 2374 7122 738 2374 7123 747 2374 7124 424 2375 7125 736 2375 7126 737 2375 7127 748 2376 7128 737 2376 7129 744 2376 7130 749 2377 7131 744 2377 7132 745 2377 7133 745 2378 7134 735 2378 7135 751 2378 7136 735 2379 7137 734 2379 7138 752 2379 7139 734 2380 7140 739 2380 7141 753 2380 7142 739 2381 7143 740 2381 7144 425 2381 7145 743 2382 7146 736 2382 7147 427 2382 7148 738 2383 7149 743 2383 7150 429 2383 7151 747 2384 7152 738 2384 7153 759 2384 7154 746 2385 7155 747 2385 7156 758 2385 7157 756 2386 7158 733 2386 7159 746 2386 7160 755 2387 7161 732 2387 7162 733 2387 7163 754 2388 7164 742 2388 7165 732 2388 7166 423 2389 7167 741 2389 7168 742 2389 7169 426 2390 7170 740 2390 7171 741 2390 7172 757 2391 7173 777 2391 7174 776 2391 7175 429 2392 7176 767 2392 7177 779 2392 7178 424 2393 7179 762 2393 7180 765 2393 7181 751 2394 7182 771 2394 7183 770 2394 7184 758 2395 7185 778 2395 7186 777 2395 7187 426 2396 7188 764 2396 7189 763 2396 7190 752 2397 7191 772 2397 7192 771 2397 7193 759 2398 7194 779 2398 7195 778 2398 7196 753 2399 7197 773 2399 7198 772 2399 7199 422 2400 7200 760 2400 7201 764 2400 7202 423 2401 7203 761 2401 7204 760 2401 7205 754 2402 7206 774 2402 7207 761 2402 7208 428 2403 7209 766 2403 7210 767 2403 7211 748 2404 7212 768 2404 7213 762 2404 7214 755 2405 7215 775 2405 7216 774 2405 7217 427 2406 7218 765 2406 7219 766 2406 7220 749 2407 7221 769 2407 7222 768 2407 7223 756 2408 7224 776 2408 7225 775 2408 7226 425 2409 7227 763 2409 7228 773 2409 7229 750 2410 7230 770 2410 7231 769 2410 7232 782 2411 7233 783 2411 7234 781 2411 7235 644 2412 7236 639 2412 7237 669 2412 7238 301 2413 7239 443 2413 7240 432 2413 7241 825 2414 7242 824 2414 7243 827 2414 7244 145 2415 7245 583 2415 7246 573 2415 7247 148 2416 7248 635 2416 7249 661 2416 7250 411 2417 7251 1556 2417 7252 1555 2417 7253 789 2418 7254 1546 2418 7255 1549 2418 7256 794 2419 7257 1557 2419 7258 1556 2419 7259 788 2420 7260 1545 2420 7261 1546 2420 7262 417 2421 7263 1544 2421 7264 1543 2421 7265 787 2422 7266 1542 2422 7267 1545 2422 7268 405 2423 7269 1561 2423 7270 1562 2423 7271 1538 2424 7272 1567 2424 7273 1573 2424 7274 1541 2425 7275 1566 2425 7276 1558 2425 7277 404 2426 7278 1560 2426 7279 1561 2426 7280 43 2427 7281 674 2427 7282 610 2427 7283 71 2428 7284 702 2428 7285 713 2428 7286 208 2429 7287 511 2429 7288 502 2429 7289 30 2430 7290 19 2430 7291 728 2430 7292 287 2431 7293 486 2431 7294 512 2431 7295 184 2432 7296 538 2432 7297 526 2432 7298 97 2433 7299 688 2433 7300 702 2433 7301 271 2434 7302 455 2434 7303 538 2434 7304 180 2435 7305 620 2435 7306 595 2435 7307 220 2436 7308 563 2436 7309 570 2436 7310 69 2437 7311 658 2437 7312 728 2437 7313 256 2438 7314 549 2438 7315 540 2438 7316 195 2439 7317 526 2439 7318 444 2439 7319 205 2440 7320 595 2440 7321 585 2440 7322 30 2441 7323 716 2441 7324 647 2441 7325 158 2442 7326 551 2442 7327 560 2442 7328 57 2443 7329 647 2443 7330 658 2443 7331 218 2444 7332 502 2444 7333 583 2444 7334 136 2445 7335 573 2445 7336 511 2445 7337 806 2446 7338 390 2446 7339 391 2446 7340 134 2447 7341 671 2447 7342 645 2447 7343 170 2448 7344 611 2448 7345 620 2448 7346 54 2449 7347 686 2449 7348 674 2449 7349 111 2450 7350 610 2450 7351 599 2450 7352 196 2451 7353 585 2451 7354 611 2451 7355 168 2452 7356 560 2452 7357 633 2452 7358 87 2453 7359 633 2453 7360 623 2453 7361 285 2454 7362 523 2454 7363 498 2454 7364 287 2455 7365 298 2455 7366 498 2455 7367 96 2456 7368 623 2456 7369 551 2456 7370 232 2457 7371 472 2457 7372 443 2457 7373 123 2458 7374 599 2458 7375 686 2458 7376 273 2459 7377 512 2459 7378 523 2459 7379 230 2460 7380 570 2460 7381 549 2460 7382 313 2461 7383 432 2461 7384 484 2461 7385 246 2462 7386 540 2462 7387 563 2462 7388 97 2463 7389 108 2463 7390 700 2463 7391 259 2464 7392 444 2464 7393 455 2464 7394 823 2465 7395 822 2465 7396 821 2465 7397 155 2466 7398 645 2466 7399 635 2466 7400 125 2467 7401 661 2467 7402 671 2467 7403 83 2468 7404 713 2468 7405 700 2468 7406 232 2469 7407 243 2469 7408 484 2469 7409 805 2470 7410 389 2470 7411 392 2470 7412 823 2471 7413 826 2471 7414 393 2471 7415 813 2472 7416 393 2472 7417 390 2472 7418 812 2473 7419 392 2473 7420 827 2473 7421 811 2474 7422 799 2474 7423 397 2474 7424 810 2475 7425 796 2475 7426 797 2475 7427 802 2476 7428 396 2476 7429 796 2476 7430 803 2477 7431 397 2477 7432 396 2477 7433 819 2478 7434 798 2478 7435 730 2478 7436 811 2479 7437 808 2479 7438 420 2479 7439 801 2480 7440 419 2480 7441 398 2480 7442 796 2481 7443 396 2481 7444 397 2481 7445 730 2482 7446 420 2482 7447 421 2482 7448 798 2483 7449 799 2483 7450 420 2483 7451 420 2484 7452 398 2484 7453 419 2484 7454 797 2485 7455 796 2485 7456 799 2485 7457 815 2486 7458 814 2486 7459 394 2486 7460 813 2487 7461 806 2487 7462 802 2487 7463 815 2488 7464 804 2488 7465 800 2488 7466 800 2489 7467 398 2489 7468 420 2489 7469 804 2490 7470 388 2490 7471 389 2490 7472 811 2491 7473 803 2491 7474 807 2491 7475 805 2492 7476 801 2492 7477 800 2492 7478 807 2493 7479 803 2493 7480 802 2493 7481 815 2494 7482 395 2494 7483 388 2494 7484 817 2495 7485 809 2495 7486 812 2495 7487 816 2496 7488 730 2496 7489 731 2496 7490 807 2497 7491 391 2497 7492 394 2497 7493 817 2498 7494 731 2498 7495 421 2498 7496 809 2499 7497 421 2499 7498 419 2499 7499 809 2500 7500 801 2500 7501 805 2500 7502 814 2501 7503 815 2501 7504 808 2501 7505 818 2502 7506 797 2502 7507 798 2502 7508 825 2503 7509 820 2503 7510 821 2503 7511 823 2504 7512 813 2504 7513 810 2504 7514 827 2505 7515 820 2505 7516 1226 2505 7517 818 2506 7518 797 2506 7519 1227 2506 7520 817 2507 7521 824 2507 7522 1228 2507 7523 730 2508 7524 731 2508 7525 1229 2508 7526 797 2509 7527 798 2509 7528 1230 2509 7529 823 2510 7530 818 2510 7531 1234 2510 7532 821 2511 7533 826 2511 7534 1231 2511 7535 1239 2512 7536 816 2512 7537 730 2512 7538 824 2513 7539 827 2513 7540 1233 2513 7541 731 2514 7542 817 2514 7543 1235 2514 7544 826 2515 7545 823 2515 7546 1237 2515 7547 798 2516 7548 819 2516 7549 1232 2516 7550 819 2517 7551 816 2517 7552 1239 2517 7553 856 2518 7554 835 2518 7555 877 2518 7556 848 2519 7557 845 2519 7558 875 2519 7559 841 2520 7560 863 2520 7561 864 2520 7562 852 2521 7563 851 2521 7564 869 2521 7565 848 2522 7566 836 2522 7567 872 2522 7568 852 2523 7569 841 2523 7570 837 2523 7571 848 2524 7572 840 2524 7573 844 2524 7574 877 2525 7575 875 2525 7576 876 2525 7577 837 2526 7578 873 2526 7579 875 2526 7580 875 2527 7581 873 2527 7582 874 2527 7583 850 2528 7584 843 2528 7585 839 2528 7586 838 2529 7587 874 2529 7588 873 2529 7589 835 2530 7590 836 2530 7591 875 2530 7592 852 2531 7593 870 2531 7594 863 2531 7595 844 2532 7596 840 2532 7597 839 2532 7598 880 2533 7599 879 2533 7600 836 2533 7601 842 2534 7602 838 2534 7603 837 2534 7604 847 2535 7605 879 2535 7606 880 2535 7607 853 2536 7608 1506 2536 7609 1507 2536 7610 877 2537 7611 1511 2537 7612 1506 2537 7613 1509 2538 7614 1510 2538 7615 861 2538 7616 853 2539 7617 877 2539 7618 878 2539 7619 858 2540 7620 859 2540 7621 883 2540 7622 859 2541 7623 862 2541 7624 883 2541 7625 1513 2542 7626 1514 2542 7627 855 2542 7628 854 2543 7629 878 2543 7630 876 2543 7631 1515 2544 7632 1518 2544 7633 881 2544 7634 1507 2545 7635 1512 2545 7636 835 2545 7637 1508 2546 7638 1509 2546 7639 882 2546 7640 851 2547 7641 852 2547 7642 845 2547 7643 1510 2548 7644 1516 2548 7645 854 2548 7646 846 2549 7647 876 2549 7648 874 2549 7649 878 2550 7650 1517 2550 7651 1511 2550 7652 860 2551 7653 850 2551 7654 847 2551 7655 835 2552 7656 1512 2552 7657 1513 2552 7658 855 2553 7659 880 2553 7660 835 2553 7661 1514 2554 7662 1515 2554 7663 860 2554 7664 846 2555 7665 838 2555 7666 842 2555 7667 1516 2556 7668 1517 2556 7669 878 2556 7670 844 2557 7671 866 2557 7672 869 2557 7673 1518 2558 7674 1519 2558 7675 858 2558 7676 862 2559 7677 861 2559 7678 882 2559 7679 843 2560 7680 865 2560 7681 866 2560 7682 860 2561 7683 859 2561 7684 858 2561 7685 842 2562 7686 864 2562 7687 867 2562 7688 860 2563 7689 881 2563 7690 868 2563 7691 850 2564 7692 868 2564 7693 865 2564 7694 849 2565 7695 867 2565 7696 882 2565 7697 854 2566 7698 846 2566 7699 849 2566 7700 840 2567 7701 872 2567 7702 871 2567 7703 839 2568 7704 871 2568 7705 879 2568 7706 879 2569 7707 871 2569 7708 872 2569 7709 870 2570 7710 925 2570 7711 928 2570 7712 868 2571 7713 927 2571 7714 930 2571 7715 892 2572 7716 895 2572 7717 1450 2572 7718 913 2573 7719 892 2573 7720 1457 2573 7721 885 2574 7722 888 2574 7723 1452 2574 7724 916 2575 7725 894 2575 7726 1454 2575 7727 887 2576 7728 884 2576 7729 1456 2576 7730 1450 2577 7731 895 2577 7732 917 2577 7733 890 2578 7734 885 2578 7735 1458 2578 7736 888 2579 7737 893 2579 7738 1455 2579 7739 914 2580 7740 913 2580 7741 1459 2580 7742 917 2581 7743 916 2581 7744 1460 2581 7745 894 2582 7746 887 2582 7747 1461 2582 7748 893 2583 7749 914 2583 7750 1462 2583 7751 884 2584 7752 891 2584 7753 1463 2584 7754 867 2585 7755 926 2585 7756 885 2585 7757 857 2586 7758 890 2586 7759 1451 2586 7760 1519 2587 7761 1508 2587 7762 1451 2587 7763 881 2588 7764 884 2588 7765 927 2588 7766 888 2589 7767 898 2589 7768 901 2589 7769 886 2590 7770 891 2590 7771 890 2590 7772 893 2591 7773 914 2591 7774 913 2591 7775 897 2592 7776 896 2592 7777 903 2592 7778 902 2593 7779 910 2593 7780 906 2593 7781 902 2594 7782 918 2594 7783 920 2594 7784 894 2595 7785 916 2595 7786 918 2595 7787 904 2596 7788 928 2596 7789 925 2596 7790 895 2597 7791 917 2597 7792 916 2597 7793 894 2598 7794 902 2598 7795 899 2598 7796 896 2599 7797 924 2599 7798 931 2599 7799 904 2600 7800 908 2600 7801 909 2600 7802 906 2601 7803 910 2601 7804 911 2601 7805 900 2602 7806 908 2602 7807 904 2602 7808 907 2603 7809 931 2603 7810 930 2603 7811 911 2604 7812 921 2604 7813 919 2604 7814 896 2605 7815 907 2605 7816 911 2605 7817 898 2606 7818 905 2606 7819 909 2606 7820 896 2607 7821 897 2607 7822 925 2607 7823 914 2608 7824 915 2608 7825 912 2608 7826 919 2609 7827 921 2609 7828 920 2609 7829 913 2610 7830 912 2610 7831 919 2610 7832 917 2611 7833 919 2611 7834 918 2611 7835 915 2612 7836 923 2612 7837 922 2612 7838 910 2613 7839 920 2613 7840 921 2613 7841 900 2614 7842 903 2614 7843 919 2614 7844 892 2615 7845 913 2615 7846 917 2615 7847 908 2616 7848 922 2616 7849 923 2616 7850 909 2617 7851 923 2617 7852 915 2617 7853 901 2618 7854 915 2618 7855 914 2618 7856 900 2619 7857 912 2619 7858 922 2619 7859 1519 2620 7860 1463 2620 7861 891 2620 7862 882 2621 7863 885 2621 7864 890 2621 7865 899 2622 7866 927 2622 7867 884 2622 7868 898 2623 7869 926 2623 7870 929 2623 7871 888 2624 7872 885 2624 7873 926 2624 7874 906 2625 7875 930 2625 7876 927 2625 7877 888 2626 7878 889 2626 7879 890 2626 7880 905 2627 7881 929 2627 7882 928 2627 7883 886 2628 7884 887 2628 7885 884 2628 7886 865 2629 7887 930 2629 7888 931 2629 7889 870 2630 7890 869 2630 7891 924 2630 7892 864 2631 7893 929 2631 7894 926 2631 7895 891 2632 7896 858 2632 7897 883 2632 7898 883 2633 7899 857 2633 7900 890 2633 7901 858 2634 7902 891 2634 7903 884 2634 7904 866 2635 7905 931 2635 7906 924 2635 7907 863 2636 7908 928 2636 7909 929 2636 7910 973 2637 7911 972 2637 7912 987 2637 7913 968 2638 7914 973 2638 7915 980 2638 7916 970 2639 7917 969 2639 7918 985 2639 7919 966 2640 7920 965 2640 7921 983 2640 7922 964 2641 7923 961 2641 7924 981 2641 7925 972 2642 7926 967 2642 7927 984 2642 7928 971 2643 7929 970 2643 7930 979 2643 7931 969 2644 7932 963 2644 7933 982 2644 7934 962 2645 7935 968 2645 7936 978 2645 7937 967 2646 7938 966 2646 7939 977 2646 7940 965 2647 7941 964 2647 7942 976 2647 7943 963 2648 7944 962 2648 7945 975 2648 7946 961 2649 7947 960 2649 7948 974 2649 7949 322 2650 7950 315 2650 7951 972 2650 7952 324 2651 7953 322 2651 7954 973 2651 7955 323 2652 7956 317 2652 7957 969 2652 7958 328 2653 7959 316 2653 7960 971 2653 7961 325 2654 7962 319 2654 7963 965 2654 7964 326 2655 7965 321 2655 7966 961 2655 7967 315 2656 7968 318 2656 7969 967 2656 7970 316 2657 7971 323 2657 7972 970 2657 7973 317 2658 7974 320 2658 7975 963 2658 7976 327 2659 7977 324 2659 7978 968 2659 7979 318 2660 7980 325 2660 7981 966 2660 7982 319 2661 7983 326 2661 7984 964 2661 7985 320 2662 7986 327 2662 7987 962 2662 7988 321 2663 7989 328 2663 7990 960 2663 7991 1036 2664 7992 1043 2664 7993 1059 2664 7994 1002 2665 7995 1003 2665 7996 1043 2665 7997 1034 2666 7998 1036 2666 7999 1058 2666 8000 1007 2667 8001 1002 2667 8002 1036 2667 8003 1035 2668 8004 1041 2668 8005 1062 2668 8006 1005 2669 8007 1006 2669 8008 1041 2669 8009 1030 2670 8010 1042 2670 8011 1060 2670 8012 1033 2671 8013 1039 2671 8014 1066 2671 8015 1009 2672 8016 1010 2672 8017 1039 2672 8018 1032 2673 8019 1037 2673 8020 1070 2673 8021 1011 2674 8022 1014 2674 8023 1037 2674 8024 1043 2675 8025 1040 2675 8026 1064 2675 8027 1003 2676 8028 1008 2676 8029 1040 2676 8030 1042 2677 8031 1035 2677 8032 1061 2677 8033 1004 2678 8034 1005 2678 8035 1035 2678 8036 1041 2679 8037 1038 2679 8038 1068 2679 8039 1006 2680 8040 1012 2680 8041 1038 2680 8042 1031 2681 8043 1034 2681 8044 1063 2681 8045 1013 2682 8046 1007 2682 8047 1034 2682 8048 1040 2683 8049 1033 2683 8050 1065 2683 8051 1008 2684 8052 1009 2684 8053 1033 2684 8054 1039 2685 8055 1032 2685 8056 1067 2685 8057 1010 2686 8058 1011 2686 8059 1032 2686 8060 1038 2687 8061 1031 2687 8062 1069 2687 8063 1012 2688 8064 1013 2688 8065 1031 2688 8066 1037 2689 8067 1030 2689 8068 1071 2689 8069 1014 2690 8070 1015 2690 8071 1030 2690 8072 974 2691 8073 1015 2691 8074 1004 2691 8075 960 2692 8076 1030 2692 8077 1015 2692 8078 986 2693 8079 1004 2693 8080 1042 2693 8081 960 2694 8082 971 2694 8083 1042 2694 8084 458 2695 8085 459 2695 8086 315 2695 8087 463 2696 8088 458 2696 8089 322 2696 8090 461 2697 8091 462 2697 8092 317 2697 8093 465 2698 8094 466 2698 8095 319 2698 8096 467 2699 8097 470 2699 8098 321 2699 8099 459 2700 8100 464 2700 8101 318 2700 8102 460 2701 8103 461 2701 8104 323 2701 8105 462 2702 8106 468 2702 8107 320 2702 8108 469 2703 8109 463 2703 8110 324 2703 8111 464 2704 8112 465 2704 8113 325 2704 8114 466 2705 8115 467 2705 8116 326 2705 8117 468 2706 8118 469 2706 8119 327 2706 8120 470 2707 8121 471 2707 8122 328 2707 8123 1022 2708 8124 1029 2708 8125 459 2708 8126 1020 2709 8127 1022 2709 8128 458 2709 8129 1021 2710 8130 1027 2710 8131 462 2710 8132 1016 2711 8133 1028 2711 8134 460 2711 8135 1019 2712 8136 1025 2712 8137 466 2712 8138 1018 2713 8139 1023 2713 8140 470 2713 8141 1029 2714 8142 1026 2714 8143 464 2714 8144 1028 2715 8145 1021 2715 8146 461 2715 8147 1027 2716 8148 1024 2716 8149 468 2716 8150 1017 2717 8151 1020 2717 8152 463 2717 8153 1026 2718 8154 1019 2718 8155 465 2718 8156 1025 2719 8157 1018 2719 8158 467 2719 8159 1024 2720 8160 1017 2720 8161 469 2720 8162 1023 2721 8163 1016 2721 8164 471 2721 8165 1092 2722 8166 1099 2722 8167 1115 2722 8168 1058 2723 8169 1059 2723 8170 1099 2723 8171 1090 2724 8172 1092 2724 8173 1114 2724 8174 1063 2725 8175 1058 2725 8176 1092 2725 8177 1091 2726 8178 1097 2726 8179 1118 2726 8180 1061 2727 8181 1062 2727 8182 1097 2727 8183 1086 2728 8184 1098 2728 8185 1116 2728 8186 1089 2729 8187 1095 2729 8188 1122 2729 8189 1065 2730 8190 1066 2730 8191 1095 2730 8192 1088 2731 8193 1093 2731 8194 1126 2731 8195 1067 2732 8196 1070 2732 8197 1093 2732 8198 1099 2733 8199 1096 2733 8200 1120 2733 8201 1059 2734 8202 1064 2734 8203 1096 2734 8204 1098 2735 8205 1091 2735 8206 1117 2735 8207 1060 2736 8208 1061 2736 8209 1091 2736 8210 1097 2737 8211 1094 2737 8212 1124 2737 8213 1062 2738 8214 1068 2738 8215 1094 2738 8216 1087 2739 8217 1090 2739 8218 1119 2739 8219 1069 2740 8220 1063 2740 8221 1090 2740 8222 1096 2741 8223 1089 2741 8224 1121 2741 8225 1064 2742 8226 1065 2742 8227 1089 2742 8228 1095 2743 8229 1088 2743 8230 1123 2743 8231 1066 2744 8232 1067 2744 8233 1088 2744 8234 1094 2745 8235 1087 2745 8236 1125 2745 8237 1068 2746 8238 1069 2746 8239 1087 2746 8240 1093 2747 8241 1086 2747 8242 1127 2747 8243 1070 2748 8244 1071 2748 8245 1086 2748 8246 328 2749 8247 1071 2749 8248 1060 2749 8249 471 2750 8250 1086 2750 8251 1071 2750 8252 316 2751 8253 1060 2751 8254 1098 2751 8255 471 2752 8256 460 2752 8257 1098 2752 8258 1001 2753 8259 1000 2753 8260 1029 2753 8261 996 2754 8262 1001 2754 8263 1022 2754 8264 998 2755 8265 997 2755 8266 1027 2755 8267 994 2756 8268 993 2756 8269 1025 2756 8270 992 2757 8271 989 2757 8272 1023 2757 8273 1000 2758 8274 995 2758 8275 1026 2758 8276 999 2759 8277 998 2759 8278 1021 2759 8279 997 2760 8280 991 2760 8281 1024 2760 8282 990 2761 8283 996 2761 8284 1020 2761 8285 995 2762 8286 994 2762 8287 1019 2762 8288 993 2763 8289 992 2763 8290 1018 2763 8291 991 2764 8292 990 2764 8293 1017 2764 8294 989 2765 8295 988 2765 8296 1016 2765 8297 1106 2766 8298 1113 2766 8299 1000 2766 8300 1104 2767 8301 1106 2767 8302 1001 2767 8303 1105 2768 8304 1111 2768 8305 997 2768 8306 1100 2769 8307 1112 2769 8308 999 2769 8309 1103 2770 8310 1109 2770 8311 993 2770 8312 1102 2771 8313 1107 2771 8314 989 2771 8315 1113 2772 8316 1110 2772 8317 995 2772 8318 1112 2773 8319 1105 2773 8320 998 2773 8321 1111 2774 8322 1108 2774 8323 991 2774 8324 1101 2775 8325 1104 2775 8326 996 2775 8327 1110 2776 8328 1103 2776 8329 994 2776 8330 1109 2777 8331 1102 2777 8332 992 2777 8333 1108 2778 8334 1101 2778 8335 990 2778 8336 1107 2779 8337 1100 2779 8338 988 2779 8339 1148 2780 8340 1155 2780 8341 1157 2780 8342 1114 2781 8343 1115 2781 8344 1155 2781 8345 1146 2782 8346 1148 2782 8347 1156 2782 8348 1119 2783 8349 1114 2783 8350 1148 2783 8351 1147 2784 8352 1153 2784 8353 1160 2784 8354 1117 2785 8355 1118 2785 8356 1153 2785 8357 1142 2786 8358 1154 2786 8359 1158 2786 8360 1145 2787 8361 1151 2787 8362 1164 2787 8363 1121 2788 8364 1122 2788 8365 1151 2788 8366 1144 2789 8367 1149 2789 8368 1168 2789 8369 1123 2790 8370 1126 2790 8371 1149 2790 8372 1155 2791 8373 1152 2791 8374 1162 2791 8375 1115 2792 8376 1120 2792 8377 1152 2792 8378 1154 2793 8379 1147 2793 8380 1159 2793 8381 1116 2794 8382 1117 2794 8383 1147 2794 8384 1153 2795 8385 1150 2795 8386 1166 2795 8387 1118 2796 8388 1124 2796 8389 1150 2796 8390 1143 2797 8391 1146 2797 8392 1161 2797 8393 1125 2798 8394 1119 2798 8395 1146 2798 8396 1152 2799 8397 1145 2799 8398 1163 2799 8399 1120 2800 8400 1121 2800 8401 1145 2800 8402 1151 2801 8403 1144 2801 8404 1165 2801 8405 1122 2802 8406 1123 2802 8407 1144 2802 8408 1150 2803 8409 1143 2803 8410 1167 2803 8411 1124 2804 8412 1125 2804 8413 1143 2804 8414 1149 2805 8415 1142 2805 8416 1169 2805 8417 1126 2806 8418 1127 2806 8419 1142 2806 8420 1016 2807 8421 1127 2807 8422 1116 2807 8423 988 2808 8424 1142 2808 8425 1127 2808 8426 1028 2809 8427 1116 2809 8428 1154 2809 8429 988 2810 8430 999 2810 8431 1154 2810 8432 1072 2811 8433 1073 2811 8434 1113 2811 8435 1077 2812 8436 1072 2812 8437 1106 2812 8438 1075 2813 8439 1076 2813 8440 1111 2813 8441 1079 2814 8442 1080 2814 8443 1109 2814 8444 1081 2815 8445 1084 2815 8446 1107 2815 8447 1073 2816 8448 1078 2816 8449 1110 2816 8450 1074 2817 8451 1075 2817 8452 1105 2817 8453 1076 2818 8454 1082 2818 8455 1108 2818 8456 1083 2819 8457 1077 2819 8458 1104 2819 8459 1078 2820 8460 1079 2820 8461 1103 2820 8462 1080 2821 8463 1081 2821 8464 1102 2821 8465 1082 2822 8466 1083 2822 8467 1101 2822 8468 1084 2823 8469 1085 2823 8470 1100 2823 8471 1205 2824 8472 1198 2824 8473 1073 2824 8474 1207 2825 8475 1205 2825 8476 1072 2825 8477 1206 2826 8478 1200 2826 8479 1076 2826 8480 1211 2827 8481 1199 2827 8482 1074 2827 8483 1208 2828 8484 1202 2828 8485 1080 2828 8486 1209 2829 8487 1204 2829 8488 1084 2829 8489 1198 2830 8490 1201 2830 8491 1078 2830 8492 1199 2831 8493 1206 2831 8494 1075 2831 8495 1200 2832 8496 1203 2832 8497 1082 2832 8498 1210 2833 8499 1207 2833 8500 1077 2833 8501 1201 2834 8502 1208 2834 8503 1079 2834 8504 1202 2835 8505 1209 2835 8506 1081 2835 8507 1203 2836 8508 1210 2836 8509 1083 2836 8510 1204 2837 8511 1211 2837 8512 1085 2837 8513 1190 2838 8514 1197 2838 8515 1241 2838 8516 1156 2839 8517 1157 2839 8518 1197 2839 8519 1188 2840 8520 1190 2840 8521 1240 2840 8522 1161 2841 8523 1156 2841 8524 1190 2841 8525 1189 2842 8526 1195 2842 8527 1244 2842 8528 1159 2843 8529 1160 2843 8530 1195 2843 8531 1184 2844 8532 1196 2844 8533 1242 2844 8534 1187 2845 8535 1193 2845 8536 1248 2845 8537 1163 2846 8538 1164 2846 8539 1193 2846 8540 1186 2847 8541 1191 2847 8542 1252 2847 8543 1165 2848 8544 1168 2848 8545 1191 2848 8546 1197 2849 8547 1194 2849 8548 1246 2849 8549 1157 2850 8550 1162 2850 8551 1194 2850 8552 1196 2851 8553 1189 2851 8554 1243 2851 8555 1158 2852 8556 1159 2852 8557 1189 2852 8558 1195 2853 8559 1192 2853 8560 1250 2853 8561 1160 2854 8562 1166 2854 8563 1192 2854 8564 1185 2855 8565 1188 2855 8566 1245 2855 8567 1167 2856 8568 1161 2856 8569 1188 2856 8570 1194 2857 8571 1187 2857 8572 1247 2857 8573 1162 2858 8574 1163 2858 8575 1187 2858 8576 1193 2859 8577 1186 2859 8578 1249 2859 8579 1164 2860 8580 1165 2860 8581 1186 2860 8582 1192 2861 8583 1185 2861 8584 1251 2861 8585 1166 2862 8586 1167 2862 8587 1185 2862 8588 1191 2863 8589 1184 2863 8590 1253 2863 8591 1168 2864 8592 1169 2864 8593 1184 2864 8594 1100 2865 8595 1169 2865 8596 1158 2865 8597 1085 2866 8598 1184 2866 8599 1169 2866 8600 1112 2867 8601 1158 2867 8602 1196 2867 8603 1085 2868 8604 1074 2868 8605 1196 2868 8606 1212 2869 8607 1213 2869 8608 1198 2869 8609 1217 2870 8610 1212 2870 8611 1205 2870 8612 1215 2871 8613 1216 2871 8614 1200 2871 8615 1219 2872 8616 1220 2872 8617 1202 2872 8618 1221 2873 8619 1224 2873 8620 1204 2873 8621 1213 2874 8622 1218 2874 8623 1201 2874 8624 1214 2875 8625 1215 2875 8626 1206 2875 8627 1216 2876 8628 1222 2876 8629 1203 2876 8630 1223 2877 8631 1217 2877 8632 1207 2877 8633 1218 2878 8634 1219 2878 8635 1208 2878 8636 1220 2879 8637 1221 2879 8638 1209 2879 8639 1222 2880 8640 1223 2880 8641 1210 2880 8642 1224 2881 8643 1225 2881 8644 1211 2881 8645 1232 2882 8646 1239 2882 8647 1213 2882 8648 1230 2883 8649 1232 2883 8650 1212 2883 8651 1231 2884 8652 1237 2884 8653 1216 2884 8654 1226 2885 8655 1238 2885 8656 1214 2885 8657 1229 2886 8658 1235 2886 8659 1220 2886 8660 1228 2887 8661 1233 2887 8662 1224 2887 8663 1239 2888 8664 1236 2888 8665 1218 2888 8666 1238 2889 8667 1231 2889 8668 1215 2889 8669 1237 2890 8670 1234 2890 8671 1222 2890 8672 1227 2891 8673 1230 2891 8674 1217 2891 8675 1236 2892 8676 1229 2892 8677 1219 2892 8678 1235 2893 8679 1228 2893 8680 1221 2893 8681 1234 2894 8682 1227 2894 8683 1223 2894 8684 1233 2895 8685 1226 2895 8686 1225 2895 8687 1274 2896 8688 1281 2896 8689 1266 2896 8690 1240 2897 8691 1241 2897 8692 1281 2897 8693 1272 2898 8694 1274 2898 8695 1267 2898 8696 1245 2899 8697 1240 2899 8698 1274 2899 8699 1273 2900 8700 1279 2900 8701 1263 2900 8702 1243 2901 8703 1244 2901 8704 1279 2901 8705 1268 2902 8706 1280 2902 8707 1265 2902 8708 1271 2903 8709 1277 2903 8710 1259 2903 8711 1247 2904 8712 1248 2904 8713 1277 2904 8714 1270 2905 8715 1275 2905 8716 1255 2905 8717 1249 2906 8718 1252 2906 8719 1275 2906 8720 1281 2907 8721 1278 2907 8722 1261 2907 8723 1241 2908 8724 1246 2908 8725 1278 2908 8726 1280 2909 8727 1273 2909 8728 1264 2909 8729 1242 2910 8730 1243 2910 8731 1273 2910 8732 1279 2911 8733 1276 2911 8734 1257 2911 8735 1244 2912 8736 1250 2912 8737 1276 2912 8738 1269 2913 8739 1272 2913 8740 1262 2913 8741 1251 2914 8742 1245 2914 8743 1272 2914 8744 1278 2915 8745 1271 2915 8746 1260 2915 8747 1246 2916 8748 1247 2916 8749 1271 2916 8750 1277 2917 8751 1270 2917 8752 1258 2917 8753 1248 2918 8754 1249 2918 8755 1270 2918 8756 1276 2919 8757 1269 2919 8758 1256 2919 8759 1250 2920 8760 1251 2920 8761 1269 2920 8762 1275 2921 8763 1268 2921 8764 1254 2921 8765 1252 2922 8766 1253 2922 8767 1268 2922 8768 1211 2923 8769 1253 2923 8770 1242 2923 8771 1225 2924 8772 1268 2924 8773 1253 2924 8774 1199 2925 8775 1242 2925 8776 1280 2925 8777 1225 2926 8778 1214 2926 8779 1280 2926 8780 1135 2927 8781 1128 2927 8782 1336 2927 8783 1183 2928 8784 1182 2928 8785 1128 2928 8786 1137 2929 8787 1135 2929 8788 1337 2929 8789 1178 2930 8790 1183 2930 8791 1135 2930 8792 1136 2931 8793 1130 2931 8794 1333 2931 8795 1180 2932 8796 1179 2932 8797 1130 2932 8798 1141 2933 8799 1129 2933 8800 1335 2933 8801 1138 2934 8802 1132 2934 8803 1329 2934 8804 1176 2935 8805 1175 2935 8806 1132 2935 8807 1139 2936 8808 1134 2936 8809 1325 2936 8810 1174 2937 8811 1171 2937 8812 1134 2937 8813 1128 2938 8814 1131 2938 8815 1331 2938 8816 1182 2939 8817 1177 2939 8818 1131 2939 8819 1129 2940 8820 1136 2940 8821 1334 2940 8822 1181 2941 8823 1180 2941 8824 1136 2941 8825 1130 2942 8826 1133 2942 8827 1327 2942 8828 1179 2943 8829 1173 2943 8830 1133 2943 8831 1140 2944 8832 1137 2944 8833 1332 2944 8834 1172 2945 8835 1178 2945 8836 1137 2945 8837 1131 2946 8838 1138 2946 8839 1330 2946 8840 1177 2947 8841 1176 2947 8842 1138 2947 8843 1132 2948 8844 1139 2948 8845 1328 2948 8846 1175 2949 8847 1174 2949 8848 1139 2949 8849 1133 2950 8850 1140 2950 8851 1326 2950 8852 1173 2951 8853 1172 2951 8854 1140 2951 8855 1134 2952 8856 1141 2952 8857 1324 2952 8858 1171 2953 8859 1170 2953 8860 1141 2953 8861 1044 2954 8862 1045 2954 8863 828 2954 8864 1049 2955 8865 1044 2955 8866 932 2955 8867 1047 2956 8868 1048 2956 8869 830 2956 8870 1051 2957 8871 1052 2957 8872 832 2957 8873 1053 2958 8874 1056 2958 8875 834 2958 8876 1045 2959 8877 1050 2959 8878 831 2959 8879 1046 2960 8880 1047 2960 8881 933 2960 8882 1048 2961 8883 1054 2961 8884 833 2961 8885 1055 2962 8886 1049 2962 8887 934 2962 8888 1050 2963 8889 1051 2963 8890 935 2963 8891 1052 2964 8892 1053 2964 8893 936 2964 8894 1054 2965 8895 1055 2965 8896 937 2965 8897 1056 2966 8898 1057 2966 8899 938 2966 8900 1289 2967 8901 1282 2967 8902 1045 2967 8903 1291 2968 8904 1289 2968 8905 1044 2968 8906 1290 2969 8907 1284 2969 8908 1048 2969 8909 1295 2970 8910 1283 2970 8911 1046 2970 8912 1292 2971 8913 1286 2971 8914 1052 2971 8915 1293 2972 8916 1288 2972 8917 1056 2972 8918 1282 2973 8919 1285 2973 8920 1050 2973 8921 1283 2974 8922 1290 2974 8923 1047 2974 8924 1284 2975 8925 1287 2975 8926 1054 2975 8927 1294 2976 8928 1291 2976 8929 1049 2976 8930 1285 2977 8931 1292 2977 8932 1051 2977 8933 1286 2978 8934 1293 2978 8935 1053 2978 8936 1287 2979 8937 1294 2979 8938 1055 2979 8939 1288 2980 8940 1295 2980 8941 1057 2980 8942 1170 2981 8943 1181 2981 8944 829 2981 8945 1129 2982 8946 1046 2982 8947 829 2982 8948 1170 2983 8949 938 2983 8950 1057 2983 8951 1141 2984 8952 1057 2984 8953 1046 2984 8954 1317 2985 8955 1310 2985 8956 1392 2985 8957 1337 2986 8958 1336 2986 8959 1310 2986 8960 1319 2987 8961 1317 2987 8962 1393 2987 8963 1332 2988 8964 1337 2988 8965 1317 2988 8966 1318 2989 8967 1312 2989 8968 1389 2989 8969 1334 2990 8970 1333 2990 8971 1312 2990 8972 1323 2991 8973 1311 2991 8974 1391 2991 8975 1320 2992 8976 1314 2992 8977 1385 2992 8978 1330 2993 8979 1329 2993 8980 1314 2993 8981 1321 2994 8982 1316 2994 8983 1381 2994 8984 1328 2995 8985 1325 2995 8986 1316 2995 8987 1310 2996 8988 1313 2996 8989 1387 2996 8990 1336 2997 8991 1331 2997 8992 1313 2997 8993 1311 2998 8994 1318 2998 8995 1390 2998 8996 1335 2999 8997 1334 2999 8998 1318 2999 8999 1312 3000 9000 1315 3000 9001 1383 3000 9002 1333 3001 9003 1327 3001 9004 1315 3001 9005 1322 3002 9006 1319 3002 9007 1388 3002 9008 1326 3003 9009 1332 3003 9010 1319 3003 9011 1313 3004 9012 1320 3004 9013 1386 3004 9014 1331 3005 9015 1330 3005 9016 1320 3005 9017 1314 3006 9018 1321 3006 9019 1384 3006 9020 1329 3007 9021 1328 3007 9022 1321 3007 9023 1315 3008 9024 1322 3008 9025 1382 3008 9026 1327 3009 9027 1326 3009 9028 1322 3009 9029 1316 3010 9030 1323 3010 9031 1380 3010 9032 1325 3011 9033 1324 3011 9034 1323 3011 9035 1296 3012 9036 1297 3012 9037 1282 3012 9038 1301 3013 9039 1296 3013 9040 1289 3013 9041 1299 3014 9042 1300 3014 9043 1284 3014 9044 1303 3015 9045 1304 3015 9046 1286 3015 9047 1305 3016 9048 1308 3016 9049 1288 3016 9050 1297 3017 9051 1302 3017 9052 1285 3017 9053 1298 3018 9054 1299 3018 9055 1290 3018 9056 1300 3019 9057 1306 3019 9058 1287 3019 9059 1307 3020 9060 1301 3020 9061 1291 3020 9062 1302 3021 9063 1303 3021 9064 1292 3021 9065 1304 3022 9066 1305 3022 9067 1293 3022 9068 1306 3023 9069 1307 3023 9070 1294 3023 9071 1308 3024 9072 1309 3024 9073 1295 3024 9074 1345 3025 9075 1338 3025 9076 1297 3025 9077 1347 3026 9078 1345 3026 9079 1296 3026 9080 1346 3027 9081 1340 3027 9082 1300 3027 9083 1351 3028 9084 1339 3028 9085 1298 3028 9086 1348 3029 9087 1342 3029 9088 1304 3029 9089 1349 3030 9090 1344 3030 9091 1308 3030 9092 1338 3031 9093 1341 3031 9094 1302 3031 9095 1339 3032 9096 1346 3032 9097 1299 3032 9098 1340 3033 9099 1343 3033 9100 1306 3033 9101 1350 3034 9102 1347 3034 9103 1301 3034 9104 1341 3035 9105 1348 3035 9106 1303 3035 9107 1342 3036 9108 1349 3036 9109 1305 3036 9110 1343 3037 9111 1350 3037 9112 1307 3037 9113 1344 3038 9114 1351 3038 9115 1309 3038 9116 1324 3039 9117 1335 3039 9118 1283 3039 9119 1311 3040 9120 1298 3040 9121 1283 3040 9122 1324 3041 9123 1295 3041 9124 1309 3041 9125 1323 3042 9126 1309 3042 9127 1298 3042 9128 1373 3043 9129 1366 3043 9130 1448 3043 9131 1393 3044 9132 1392 3044 9133 1366 3044 9134 1375 3045 9135 1373 3045 9136 1449 3045 9137 1388 3046 9138 1393 3046 9139 1373 3046 9140 1374 3047 9141 1368 3047 9142 1445 3047 9143 1390 3048 9144 1389 3048 9145 1368 3048 9146 1379 3049 9147 1367 3049 9148 1447 3049 9149 1376 3050 9150 1370 3050 9151 1441 3050 9152 1386 3051 9153 1385 3051 9154 1370 3051 9155 1377 3052 9156 1372 3052 9157 1437 3052 9158 1384 3053 9159 1381 3053 9160 1372 3053 9161 1366 3054 9162 1369 3054 9163 1443 3054 9164 1392 3055 9165 1387 3055 9166 1369 3055 9167 1367 3056 9168 1374 3056 9169 1446 3056 9170 1391 3057 9171 1390 3057 9172 1374 3057 9173 1368 3058 9174 1371 3058 9175 1439 3058 9176 1389 3059 9177 1383 3059 9178 1371 3059 9179 1378 3060 9180 1375 3060 9181 1444 3060 9182 1382 3061 9183 1388 3061 9184 1375 3061 9185 1369 3062 9186 1376 3062 9187 1442 3062 9188 1387 3063 9189 1386 3063 9190 1376 3063 9191 1370 3064 9192 1377 3064 9193 1440 3064 9194 1385 3065 9195 1384 3065 9196 1377 3065 9197 1371 3066 9198 1378 3066 9199 1438 3066 9200 1383 3067 9201 1382 3067 9202 1378 3067 9203 1372 3068 9204 1379 3068 9205 1436 3068 9206 1381 3069 9207 1380 3069 9208 1379 3069 9209 1352 3070 9210 1353 3070 9211 1338 3070 9212 1357 3071 9213 1352 3071 9214 1345 3071 9215 1355 3072 9216 1356 3072 9217 1340 3072 9218 1359 3073 9219 1360 3073 9220 1342 3073 9221 1361 3074 9222 1364 3074 9223 1344 3074 9224 1353 3075 9225 1358 3075 9226 1341 3075 9227 1354 3076 9228 1355 3076 9229 1346 3076 9230 1356 3077 9231 1362 3077 9232 1343 3077 9233 1363 3078 9234 1357 3078 9235 1347 3078 9236 1358 3079 9237 1359 3079 9238 1348 3079 9239 1360 3080 9240 1361 3080 9241 1349 3080 9242 1362 3081 9243 1363 3081 9244 1350 3081 9245 1364 3082 9246 1365 3082 9247 1351 3082 9248 1401 3083 9249 1394 3083 9250 1353 3083 9251 1403 3084 9252 1401 3084 9253 1352 3084 9254 1402 3085 9255 1396 3085 9256 1356 3085 9257 1407 3086 9258 1395 3086 9259 1354 3086 9260 1404 3087 9261 1398 3087 9262 1360 3087 9263 1405 3088 9264 1400 3088 9265 1364 3088 9266 1394 3089 9267 1397 3089 9268 1358 3089 9269 1395 3090 9270 1402 3090 9271 1355 3090 9272 1396 3091 9273 1399 3091 9274 1362 3091 9275 1406 3092 9276 1403 3092 9277 1357 3092 9278 1397 3093 9279 1404 3093 9280 1359 3093 9281 1398 3094 9282 1405 3094 9283 1361 3094 9284 1399 3095 9285 1406 3095 9286 1363 3095 9287 1400 3096 9288 1407 3096 9289 1365 3096 9290 1380 3097 9291 1391 3097 9292 1339 3097 9293 1367 3098 9294 1354 3098 9295 1339 3098 9296 1380 3099 9297 1351 3099 9298 1365 3099 9299 1379 3100 9300 1365 3100 9301 1354 3100 9302 1429 3101 9303 1422 3101 9304 1532 3101 9305 1449 3102 9306 1448 3102 9307 1422 3102 9308 1431 3103 9309 1429 3103 9310 1533 3103 9311 1444 3104 9312 1449 3104 9313 1429 3104 9314 1430 3105 9315 1424 3105 9316 1529 3105 9317 1446 3106 9318 1445 3106 9319 1424 3106 9320 1435 3107 9321 1423 3107 9322 1531 3107 9323 1432 3108 9324 1426 3108 9325 1525 3108 9326 1442 3109 9327 1441 3109 9328 1426 3109 9329 1433 3110 9330 1428 3110 9331 1521 3110 9332 1440 3111 9333 1437 3111 9334 1428 3111 9335 1422 3112 9336 1425 3112 9337 1527 3112 9338 1448 3113 9339 1443 3113 9340 1425 3113 9341 1423 3114 9342 1430 3114 9343 1530 3114 9344 1447 3115 9345 1446 3115 9346 1430 3115 9347 1424 3116 9348 1427 3116 9349 1523 3116 9350 1445 3117 9351 1439 3117 9352 1427 3117 9353 1434 3118 9354 1431 3118 9355 1528 3118 9356 1438 3119 9357 1444 3119 9358 1431 3119 9359 1425 3120 9360 1432 3120 9361 1526 3120 9362 1443 3121 9363 1442 3121 9364 1432 3121 9365 1426 3122 9366 1433 3122 9367 1524 3122 9368 1441 3123 9369 1440 3123 9370 1433 3123 9371 1427 3124 9372 1434 3124 9373 1522 3124 9374 1439 3125 9375 1438 3125 9376 1434 3125 9377 1428 3126 9378 1435 3126 9379 1520 3126 9380 1437 3127 9381 1436 3127 9382 1435 3127 9383 1408 3128 9384 1409 3128 9385 1394 3128 9386 1413 3129 9387 1408 3129 9388 1401 3129 9389 1411 3130 9390 1412 3130 9391 1396 3130 9392 1415 3131 9393 1416 3131 9394 1398 3131 9395 1417 3132 9396 1420 3132 9397 1400 3132 9398 1409 3133 9399 1414 3133 9400 1397 3133 9401 1410 3134 9402 1411 3134 9403 1402 3134 9404 1412 3135 9405 1418 3135 9406 1399 3135 9407 1419 3136 9408 1413 3136 9409 1403 3136 9410 1414 3137 9411 1415 3137 9412 1404 3137 9413 1416 3138 9414 1417 3138 9415 1405 3138 9416 1418 3139 9417 1419 3139 9418 1406 3139 9419 1420 3140 9420 1421 3140 9421 1407 3140 9422 1471 3141 9423 1464 3141 9424 1409 3141 9425 1473 3142 9426 1471 3142 9427 1408 3142 9428 1472 3143 9429 1466 3143 9430 1412 3143 9431 1477 3144 9432 1465 3144 9433 1410 3144 9434 1474 3145 9435 1468 3145 9436 1416 3145 9437 1475 3146 9438 1470 3146 9439 1420 3146 9440 1464 3147 9441 1467 3147 9442 1414 3147 9443 1465 3148 9444 1472 3148 9445 1411 3148 9446 1466 3149 9447 1469 3149 9448 1418 3149 9449 1476 3150 9450 1473 3150 9451 1413 3150 9452 1467 3151 9453 1474 3151 9454 1415 3151 9455 1468 3152 9456 1475 3152 9457 1417 3152 9458 1469 3153 9459 1476 3153 9460 1419 3153 9461 1470 3154 9462 1477 3154 9463 1421 3154 9464 1436 3155 9465 1447 3155 9466 1395 3155 9467 1423 3156 9468 1410 3156 9469 1395 3156 9470 1436 3157 9471 1407 3157 9472 1421 3157 9473 1435 3158 9474 1421 3158 9475 1410 3158 9476 1499 3159 9477 1492 3159 9478 1507 3159 9479 1533 3160 9480 1532 3160 9481 1492 3160 9482 1501 3161 9483 1499 3161 9484 1506 3161 9485 1528 3162 9486 1533 3162 9487 1499 3162 9488 1500 3163 9489 1494 3163 9490 1510 3163 9491 1530 3164 9492 1529 3164 9493 1494 3164 9494 1505 3165 9495 1493 3165 9496 1508 3165 9497 1502 3166 9498 1496 3166 9499 1514 3166 9500 1526 3167 9501 1525 3167 9502 1496 3167 9503 1503 3168 9504 1498 3168 9505 1518 3168 9506 1524 3169 9507 1521 3169 9508 1498 3169 9509 1492 3170 9510 1495 3170 9511 1512 3170 9512 1532 3171 9513 1527 3171 9514 1495 3171 9515 1493 3172 9516 1500 3172 9517 1509 3172 9518 1531 3173 9519 1530 3173 9520 1500 3173 9521 1494 3174 9522 1497 3174 9523 1516 3174 9524 1529 3175 9525 1523 3175 9526 1497 3175 9527 1504 3176 9528 1501 3176 9529 1511 3176 9530 1522 3177 9531 1528 3177 9532 1501 3177 9533 1495 3178 9534 1502 3178 9535 1513 3178 9536 1527 3179 9537 1526 3179 9538 1502 3179 9539 1496 3180 9540 1503 3180 9541 1515 3180 9542 1525 3181 9543 1524 3181 9544 1503 3181 9545 1497 3182 9546 1504 3182 9547 1517 3182 9548 1523 3183 9549 1522 3183 9550 1504 3183 9551 1498 3184 9552 1505 3184 9553 1519 3184 9554 1521 3185 9555 1520 3185 9556 1505 3185 9557 1478 3186 9558 1479 3186 9559 1464 3186 9560 1483 3187 9561 1478 3187 9562 1471 3187 9563 1481 3188 9564 1482 3188 9565 1466 3188 9566 1485 3189 9567 1486 3189 9568 1468 3189 9569 1487 3190 9570 1490 3190 9571 1470 3190 9572 1479 3191 9573 1484 3191 9574 1467 3191 9575 1480 3192 9576 1481 3192 9577 1472 3192 9578 1482 3193 9579 1488 3193 9580 1469 3193 9581 1489 3194 9582 1483 3194 9583 1473 3194 9584 1484 3195 9585 1485 3195 9586 1474 3195 9587 1486 3196 9588 1487 3196 9589 1475 3196 9590 1488 3197 9591 1489 3197 9592 1476 3197 9593 1490 3198 9594 1491 3198 9595 1477 3198 9596 1457 3199 9597 1450 3199 9598 1479 3199 9599 1459 3200 9600 1457 3200 9601 1478 3200 9602 1458 3201 9603 1452 3201 9604 1482 3201 9605 1463 3202 9606 1451 3202 9607 1480 3202 9608 1460 3203 9609 1454 3203 9610 1486 3203 9611 1461 3204 9612 1456 3204 9613 1490 3204 9614 1450 3205 9615 1453 3205 9616 1484 3205 9617 1451 3206 9618 1458 3206 9619 1481 3206 9620 1452 3207 9621 1455 3207 9622 1488 3207 9623 1462 3208 9624 1459 3208 9625 1483 3208 9626 1453 3209 9627 1460 3209 9628 1485 3209 9629 1454 3210 9630 1461 3210 9631 1487 3210 9632 1455 3211 9633 1462 3211 9634 1489 3211 9635 1456 3212 9636 1463 3212 9637 1491 3212 9638 1520 3213 9639 1531 3213 9640 1465 3213 9641 1493 3214 9642 1480 3214 9643 1465 3214 9644 1520 3215 9645 1477 3215 9646 1491 3215 9647 1505 3216 9648 1491 3216 9649 1480 3216 9650 1537 3217 9651 1568 3217 9652 1567 3217 9653 403 3218 9654 1559 3218 9655 1560 3218 9656 1536 3219 9657 1569 3219 9658 1568 3219 9659 1545 3220 9660 1544 3220 9661 1547 3220 9662 1549 3221 9663 1548 3221 9664 1551 3221 9665 1553 3222 9666 1552 3222 9667 1555 3222 9668 1542 3223 9669 1543 3223 9670 1544 3223 9671 1546 3224 9672 1547 3224 9673 1548 3224 9674 1550 3225 9675 1551 3225 9676 1552 3225 9677 1554 3226 9678 1555 3226 9679 1556 3226 9680 790 3227 9681 1549 3227 9682 1550 3227 9683 791 3228 9684 1550 3228 9685 1553 3228 9686 413 3229 9687 1552 3229 9688 1551 3229 9689 792 3230 9690 1553 3230 9691 1554 3230 9692 414 3231 9693 1551 3231 9694 1548 3231 9695 418 3232 9696 1543 3232 9697 1542 3232 9698 793 3233 9699 1554 3233 9700 1557 3233 9701 415 3234 9702 1548 3234 9703 1547 3234 9704 416 3235 9705 1547 3235 9706 1544 3235 9707 1561 3236 9708 1567 3236 9709 1568 3236 9710 1563 3237 9711 1569 3237 9712 1570 3237 9713 1558 3238 9714 1566 3238 9715 1572 3238 9716 1560 3239 9717 1573 3239 9718 1567 3239 9719 1562 3240 9720 1568 3240 9721 1569 3240 9722 1564 3241 9723 1570 3241 9724 1571 3241 9725 1559 3242 9726 1572 3242 9727 1573 3242 9728 409 3243 9729 1565 3243 9730 1571 3243 9731 1539 3244 9732 1573 3244 9733 1572 3244 9734 406 3245 9735 1562 3245 9736 1563 3245 9737 1540 3246 9738 1572 3246 9739 1566 3246 9740 407 3247 9741 1563 3247 9742 1564 3247 9743 408 3248 9744 1564 3248 9745 1565 3248 9746 1534 3249 9747 1571 3249 9748 1570 3249 9749 1535 3250 9750 1570 3250 9751 1569 3250 9752 402 3251 9753 1558 3251 9754 1559 3251 9755</p>
        </triangles>
      </mesh>
    </geometry>
  </library_geometries>
  <library_visual_scenes>
    <visual_scene id="Scene" name="Scene">
      <node id="Cube_001" name="Cube.001" type="NODE">
        <matrix sid="transform">1 0 0 0 0 1 0 0 0 0 1 0 0 0 0 1</matrix>
        <instance_geometry url="#Cube_001-mesh" name="Cube.001">
          <bind_material>
            <technique_common>
              <instance_material symbol="paintable-0-material" target="#paintable-0-material">
                <bind_vertex_input semantic="UVMap" input_semantic="TEXCOORD" input_set="0"/>
              </instance_material>
              <instance_material symbol="paintable-1-material" target="#paintable-1-material">
                <bind_vertex_input semantic="UVMap" input_semantic="TEXCOORD" input_set="0"/>
              </instance_material>
              <instance_material symbol="lightgrey-material" target="#lightgrey-material">
                <bind_vertex_input semantic="UVMap" input_semantic="TEXCOORD" input_set="0"/>
              </instance_material>
              <instance_material symbol="darkgrey-material" target="#darkgrey-material">
                <bind_vertex_input semantic="UVMap" input_semantic="TEXCOORD" input_set="0"/>
              </instance_material>
              <instance_material symbol="Material-material" target="#Material-material">
                <bind_vertex_input semantic="UVMap" input_semantic="TEXCOORD" input_set="0"/>
              </instance_material>
              <instance_material symbol="Material_001-material" target="#Material_001-material">
                <bind_vertex_input semantic="UVMap" input_semantic="TEXCOORD" input_set="0"/>
              </instance_material>
            </technique_common>
          </bind_material>
        </instance_geometry>
      </node>
      <node id="Cube" name="Cube" type="NODE">
        <matrix sid="transform">1 0 0 0 0 1 0 0 0 0 1 0 0 0 0 1</matrix>
        <instance_geometry url="#Cube-mesh" name="Cube">
          <bind_material>
            <technique_common>
              <instance_material symbol="paintable-0-material" target="#paintable-0-material">
                <bind_vertex_input semantic="UVMap" input_semantic="TEXCOORD" input_set="0"/>
              </instance_material>
              <instance_material symbol="paintable-1-material" target="#paintable-1-material">
                <bind_vertex_input semantic="UVMap" input_semantic="TEXCOORD" input_set="0"/>
              </instance_material>
              <instance_material symbol="lightgrey-material" target="#lightgrey-material">
                <bind_vertex_input semantic="UVMap" input_semantic="TEXCOORD" input_set="0"/>
              </instance_material>
              <instance_material symbol="darkgrey-material" target="#darkgrey-material">
                <bind_vertex_input semantic="UVMap" input_semantic="TEXCOORD" input_set="0"/>
              </instance_material>
              <instance_material symbol="Material-material" target="#Material-material">
                <bind_vertex_input semantic="UVMap" input_semantic="TEXCOORD" input_set="0"/>
              </instance_material>
              <instance_material symbol="Material_001-material" target="#Material_001-material">
                <bind_vertex_input semantic="UVMap" input_semantic="TEXCOORD" input_set="0"/>
              </instance_material>
            </technique_common>
          </bind_material>
        </instance_geometry>
      </node>
    </visual_scene>
  </library_visual_scenes>
  <scene>
    <instance_visual_scene url="#Scene"/>
  </scene>
</COLLADA>