<?xml version="1.0" encoding="utf-8"?>
<COLLADA xmlns="http://www.collada.org/2005/11/COLLADASchema" version="1.4.1" xmlns:xsi="http://www.w3.org/2001/XMLSchema-instance">
  <asset>
    <contributor>
      <author>Blender User</author>
      <authoring_tool>Blender 4.2.23 LTS commit date:2026-07-20, commit time:13:44, hash:d0cbe84903e8</authoring_tool>
    </contributor>
    <created>2026-08-08T17:45:28</created>
    <modified>2026-08-08T17:45:28</modified>
    <unit name="meter" meter="1"/>
    <up_axis>Z_UP</up_axis>
  </asset>
  <library_effects>
    <effect id="paintable-0_002-effect">
      <profile_COMMON>
        <technique sid="common">
          <lambert>
            <emission>
              <color sid="emission">0 0 0 1</color>
            </emission>
            <diffuse>
              <color sid="diffuse">1 0.4969335 0 1</color>
            </diffuse>
            <index_of_refraction>
              <float sid="ior">1.45</float>
            </index_of_refraction>
          </lambert>
        </technique>
      </profile_COMMON>
    </effect>
    <effect id="paintable-1_002-effect">
      <profile_COMMON>
        <technique sid="common">
          <lambert>
            <emission>
              <color sid="emission">0 0 0 1</color>
            </emission>
            <diffuse>
              <color sid="diffuse">0.6104922 0.4910214 0 1</color>
            </diffuse>
            <index_of_refraction>
              <float sid="ior">1.5</float>
            </index_of_refraction>
          </lambert>
        </technique>
      </profile_COMMON>
    </effect>
    <effect id="lightgray_002-effect">
      <profile_COMMON>
        <technique sid="common">
          <lambert>
            <emission>
              <color sid="emission">0 0 0 1</color>
            </emission>
            <diffuse>
              <color sid="diffuse">0.7835327 0.7835385 0.7835382 1</color>
            </diffuse>
            <index_of_refraction>
              <float sid="ior">1.5</float>
            </index_of_refraction>
          </lambert>
        </technique>
      </profile_COMMON>
    </effect>
    <effect id="paintable-0-effect">
      <profile_COMMON>
        <technique sid="common">
          <lambert>
            <emission>
              <color sid="emission">0 0 0 1</color>
            </emission>
            <diffuse>
              <color sid="diffuse">1 0.4969335 0 1</color>
            </diffuse>
            <index_of_refraction>
              <float sid="ior">1.45</float>
            </index_of_refraction>
          </lambert>
        </technique>
      </profile_COMMON>
    </effect>
    <effect id="paintable-1-effect">
      <profile_COMMON>
        <technique sid="common">
          <lambert>
            <emission>
              <color sid="emission">0 0 0 1</color>
            </emission>
            <diffuse>
              <color sid="diffuse">0.6104922 0.4910214 0 1</color>
            </diffuse>
            <index_of_refraction>
              <float sid="ior">1.5</float>
            </index_of_refraction>
          </lambert>
        </technique>
      </profile_COMMON>
    </effect>
    <effect id="lightgray-effect">
      <profile_COMMON>
        <technique sid="common">
          <lambert>
            <emission>
              <color sid="emission">0 0 0 1</color>
            </emission>
            <diffuse>
              <color sid="diffuse">0.7835327 0.7835385 0.7835382 1</color>
            </diffuse>
            <index_of_refraction>
              <float sid="ior">1.5</float>
            </index_of_refraction>
          </lambert>
        </technique>
      </profile_COMMON>
    </effect>
    <effect id="paintable-0_001-effect">
      <profile_COMMON>
        <technique sid="common">
          <lambert>
            <emission>
              <color sid="emission">0 0 0 1</color>
            </emission>
            <diffuse>
              <color sid="diffuse">1 0.4969335 0 1</color>
            </diffuse>
            <index_of_refraction>
              <float sid="ior">1.45</float>
            </index_of_refraction>
          </lambert>
        </technique>
      </profile_COMMON>
    </effect>
    <effect id="paintable-1_001-effect">
      <profile_COMMON>
        <technique sid="common">
          <lambert>
            <emission>
              <color sid="emission">0 0 0 1</color>
            </emission>
            <diffuse>
              <color sid="diffuse">0.6104922 0.4910214 0 1</color>
            </diffuse>
            <index_of_refraction>
              <float sid="ior">1.5</float>
            </index_of_refraction>
          </lambert>
        </technique>
      </profile_COMMON>
    </effect>
    <effect id="lightgray_001-effect">
      <profile_COMMON>
        <technique sid="common">
          <lambert>
            <emission>
              <color sid="emission">0 0 0 1</color>
            </emission>
            <diffuse>
              <color sid="diffuse">0.7835327 0.7835385 0.7835382 1</color>
            </diffuse>
            <index_of_refraction>
              <float sid="ior">1.5</float>
            </index_of_refraction>
          </lambert>
        </technique>
      </profile_COMMON>
    </effect>
  </library_effects>
  <library_images/>
  <library_materials>
    <material id="paintable-0_002-material" name="paintable-0.002">
      <instance_effect url="#paintable-0_002-effect"/>
    </material>
    <material id="paintable-1_002-material" name="paintable-1.002">
      <instance_effect url="#paintable-1_002-effect"/>
    </material>
    <material id="lightgray_002-material" name="lightgray.002">
      <instance_effect url="#lightgray_002-effect"/>
    </material>
    <material id="paintable-0-material" name="paintable-0">
      <instance_effect url="#paintable-0-effect"/>
    </material>
    <material id="paintable-1-material" name="paintable-1">
      <instance_effect url="#paintable-1-effect"/>
    </material>
    <material id="lightgray-material" name="lightgray">
      <instance_effect url="#lightgray-effect"/>
    </material>
    <material id="paintable-0_001-material" name="paintable-0.001">
      <instance_effect url="#paintable-0_001-effect"/>
    </material>
    <material id="paintable-1_001-material" name="paintable-1.001">
      <instance_effect url="#paintable-1_001-effect"/>
    </material>
    <material id="lightgray_001-material" name="lightgray.001">
      <instance_effect url="#lightgray_001-effect"/>
    </material>
  </library_materials>
  <library_geometries>
    <geometry id="Cube_002-mesh" name="Cube.002">
      <mesh>
        <source id="Cube_002-mesh-positions">
          <float_array id="Cube_002-mesh-positions-array" count="1728">0.35 -0.157071 0.125 0.35 -0.157071 0.115 0.2065076 -0.145 0.125 0.2934924 -0.1449999 0.125 0.355 -0.2065075 0.125 0.355 -0.2934924 0.125 0.2934924 -0.355 0.125 0.2065076 -0.355 0.125 0.145 -0.2934924 0.125 0.145 -0.2065075 0.125 0.3017767 -0.125 0.125 0.1982233 -0.125 0.125 0.375 -0.1982232 0.125 0.375 -0.3017767 0.125 0.3017767 -0.375 0.125 0.1982233 -0.375 0.125 0.125 -0.3017767 0.125 0.125 -0.1982232 0.125 0.2934924 -0.355 0.115 0.2065076 -0.355 0.115 0.145 -0.2934924 0.115 0.145 -0.2065075 0.115 0.342929 -0.35 0.115 0.35 -0.3429289 0.125 0.35 -0.3429289 0.115 0.35 -0.3570711 0.125 0.35 -0.3570711 0.115 0.3570711 -0.35 0.125 0.3570711 -0.35 0.115 0.345 -0.125 0.115 0.375 -0.155 0.115 0.375 -0.155 0.07499998 0.345 -0.125 0.07499998 0.3017767 -0.125 0.115 0.375 -0.1982232 0.115 0.155 -0.125 0.115 0.15 -0.342929 0.125 0.1249999 0.3017767 0.07499998 0.3017767 -0.375 0.07499998 0.15 -0.342929 0.115 0.375 -0.3017767 0.07499998 0.125 -0.155 0.115 0.375 -0.1982232 0.07499998 0.2934924 -0.1449999 0.115 0.342929 -0.35 0.125 0.3017767 -0.375 0.115 0.1570711 -0.15 0.115 0.35 -0.1429288 0.115 0.35 -0.1429288 0.125 0.3570711 -0.1499999 0.115 0.3570711 -0.1499999 0.125 0.342929 -0.1499999 0.115 0.342929 -0.1499999 0.125 0.155 -0.375 0.115 0.125 -0.345 0.115 0.2065076 -0.145 0.115 0.355 -0.2934924 0.115 0.355 -0.2065075 0.115 0.375 -0.3017767 0.115 0.1570711 -0.15 0.125 0.2396447 -0.225 0.115 0.2396447 -0.225 0.125 0.2603554 -0.225 0.115 0.2603554 -0.225 0.125 0.275 -0.2396446 0.115 0.275 -0.2396446 0.125 0.275 -0.2603553 0.115 0.275 -0.2603553 0.125 0.2603554 -0.275 0.115 0.2603554 -0.275 0.125 0.2396447 -0.275 0.115 0.2396447 -0.275 0.125 0.225 -0.2603553 0.115 0.225 -0.2603553 0.125 0.225 -0.2396446 0.115 0.225 -0.2396446 0.125 0.375 -0.345 0.07499998 0.345 -0.375 0.07499998 0.345 -0.375 0.115 0.375 -0.345 0.115 0.1249999 0.1982233 0.07499998 0.125 -0.155 0.07499998 0.125 -0.1982232 0.115 0.1982233 -0.125 0.115 0.125 -0.1982232 0.07499998 0.1249999 0.155 0.07499998 0.1429289 -0.15 0.115 0.1429289 -0.15 0.125 0.15 -0.1429289 0.115 0.15 -0.1429289 0.125 0.15 -0.1570711 0.115 0.15 -0.1570711 0.125 0.125 -0.345 0.07499998 0.155 -0.375 0.07499998 0.1982233 -0.375 0.115 0.125 -0.3017767 0.115 0.1982233 -0.375 0.07499998 0.125 -0.3017767 0.07499998 0.15 -0.3570711 0.115 0.15 -0.3570711 0.125 0.142929 -0.35 0.115 0.142929 -0.35 0.125 0.1570711 -0.35 0.115 0.1570711 -0.35 0.125 0.3017767 -0.125 -0.08499979 0.3017767 0.125 -0.08499979 0.125 -0.3017767 -0.08499979 0.35 0.342929 0.125 0.35 0.342929 0.115 0.2065076 0.355 0.125 0.2934924 0.355 0.125 0.355 0.2934924 0.125 0.355 0.2065076 0.125 0.2934924 0.145 0.125 0.2065076 0.145 0.125 0.145 0.2065076 0.125 0.145 0.2934924 0.125 0.3017767 0.375 0.125 0.1982233 0.375 0.125 0.375 0.3017767 0.125 0.375 0.1982233 0.125 0.3017767 0.125 0.125 0.1982233 0.125 0.125 0.125 0.1982233 0.125 0.125 0.3017767 0.125 0.2934924 0.145 0.115 0.2065076 0.145 0.115 0.145 0.2065076 0.115 0.145 0.2934924 0.115 0.342929 0.15 0.115 0.35 0.1570711 0.125 0.35 0.1570711 0.115 0.35 0.1429289 0.125 0.35 0.1429289 0.115 0.3570711 0.15 0.125 0.3570711 0.15 0.115 0.345 0.375 0.115 0.375 0.345 0.115 0.375 0.345 0.07499998 0.345 0.375 0.07499998 0.3017767 0.375 0.115 0.375 0.3017767 0.115 0.155 0.375 0.115 0.15 0.157071 0.125 0.3017767 0.375 0.07499998 -0.125 0.3017767 -0.08499979 0.15 0.157071 0.115 0.375 0.1982233 0.07499998 0.125 0.345 0.115 0.375 0.3017767 0.07499998 0.2934924 0.355 0.115 0.342929 0.15 0.125 0.3017767 0.125 0.115 0.1570711 0.35 0.115 0.35 0.3570711 0.115 0.35 0.3570711 0.125 0.3570711 0.35 0.115 0.3570711 0.35 0.125 0.342929 0.35 0.115 0.342929 0.35 0.125 0.155 0.125 0.115 0.125 0.155 0.115 0.2065076 0.355 0.115 0.355 0.2065076 0.115 0.355 0.2934924 0.115 0.375 0.1982233 0.115 0.1570711 0.35 0.125 0.2396447 0.275 0.115 0.2396447 0.275 0.125 0.2603554 0.275 0.115 0.2603554 0.275 0.125 0.275 0.2603554 0.115 0.275 0.2603554 0.125 0.275 0.2396447 0.115 0.275 0.2396447 0.125 0.2603554 0.225 0.115 0.2603554 0.225 0.125 0.2396447 0.225 0.115 0.2396447 0.225 0.125 0.225 0.2396447 0.115 0.225 0.2396447 0.125 0.225 0.2603554 0.115 0.225 0.2603554 0.125 0.375 0.155 0.07499998 0.345 0.125 0.07499998 0.345 0.125 0.115 0.375 0.155 0.115 0.155 0.375 0.07499998 0.125 0.345 0.07499998 0.125 0.3017767 0.115 0.1982233 0.375 0.115 -0.155 -0.125 0.07499998 0.1982233 0.375 0.07499998 0.1429289 0.35 0.115 0.1429289 0.35 0.125 0.15 0.3570711 0.115 0.15 0.3570711 0.125 0.15 0.342929 0.115 0.15 0.342929 0.125 -0.1982232 -0.125 0.07499998 -0.125 0.3017767 0.07499998 0.1982233 0.125 0.115 0.125 0.1982233 0.115 -0.125 0.1982232 0.07499998 -0.3017767 -0.125 0.07499998 0.15 0.1429289 0.115 0.15 0.1429289 0.125 0.142929 0.15 0.115 0.142929 0.15 0.125 0.1570711 0.15 0.115 0.1570711 0.15 0.125 -0.155 0.1249999 0.07499998 0.125 0.3017767 -0.08499979 -0.125 0.155 0.07499998 -0.3017767 0.125 -0.08499979 -0.1499999 -0.157071 0.125 -0.1499999 -0.157071 0.115 -0.2934924 -0.145 0.125 -0.2065075 -0.1449999 0.125 -0.1449999 -0.2065075 0.125 -0.1449999 -0.2934924 0.125 -0.2065075 -0.355 0.125 -0.2934924 -0.355 0.125 -0.355 -0.2934924 0.125 -0.355 -0.2065075 0.125 -0.1982232 -0.125 0.125 -0.3017767 -0.125 0.125 -0.125 -0.1982232 0.125 -0.125 -0.3017767 0.125 -0.1982232 -0.375 0.125 -0.3017767 -0.375 0.125 -0.375 -0.3017767 0.125 -0.375 -0.1982232 0.125 -0.2065075 -0.355 0.115 -0.2934924 -0.355 0.115 -0.355 -0.2934924 0.115 -0.355 -0.2065075 0.115 -0.157071 -0.35 0.115 -0.1499999 -0.3429289 0.125 -0.1499999 -0.3429289 0.115 -0.1499999 -0.3570711 0.125 -0.1499999 -0.3570711 0.115 -0.1429288 -0.35 0.125 -0.1429288 -0.35 0.115 -0.155 -0.125 0.115 -0.125 -0.155 0.115 -0.125 -0.155 0.07499998 -0.1982232 -0.125 0.115 -0.125 -0.1982232 0.115 -0.345 -0.125 0.115 -0.3499999 -0.342929 0.125 -0.1982232 -0.375 0.07499998 -0.3499999 -0.342929 0.115 -0.375 -0.155 0.115 -0.125 -0.1982232 0.07499998 -0.2065075 -0.1449999 0.115 -0.157071 -0.35 0.125 -0.1982232 -0.375 0.115 -0.3429289 -0.15 0.115 -0.1499999 -0.1429288 0.115 -0.1499999 -0.1429288 0.125 -0.1429289 -0.1499999 0.115 -0.1429289 -0.1499999 0.125 -0.157071 -0.1499999 0.115 -0.157071 -0.1499999 0.125 -0.3449999 -0.375 0.115 -0.375 -0.345 0.115 -0.2934924 -0.145 0.115 -0.1449999 -0.2934924 0.115 -0.1449999 -0.2065075 0.115 -0.125 -0.3017767 0.115 -0.3429289 -0.15 0.125 -0.2603553 -0.225 0.115 -0.2603553 -0.225 0.125 -0.2396446 -0.225 0.115 -0.2396446 -0.225 0.125 -0.2249999 -0.2396446 0.115 -0.2249999 -0.2396446 0.125 -0.2249999 -0.2603553 0.115 -0.2249999 -0.2603553 0.125 -0.2396446 -0.275 0.115 -0.2396446 -0.275 0.125 -0.2603553 -0.275 0.115 -0.2603553 -0.275 0.125 -0.275 -0.2603553 0.115 -0.275 -0.2603553 0.125 -0.275 -0.2396446 0.115 -0.275 -0.2396446 0.125 -0.125 -0.345 0.07499998 -0.1549999 -0.375 0.07499998 -0.1549999 -0.375 0.115 -0.125 -0.345 0.115 -0.345 -0.125 0.07499998 -0.375 -0.155 0.07499998 -0.375 -0.1982232 0.115 -0.3017767 -0.125 0.115 -0.375 -0.1982232 0.07499998 -0.3570711 -0.15 0.115 -0.3570711 -0.15 0.125 -0.35 -0.1429289 0.115 -0.35 -0.1429289 0.125 -0.35 -0.1570711 0.115 -0.35 -0.1570711 0.125 -0.375 -0.345 0.07499998 -0.3449999 -0.375 0.07499998 -0.3017767 -0.375 0.115 -0.375 -0.3017767 0.115 -0.3017767 -0.375 0.07499998 -0.375 -0.3017767 0.07499998 -0.3499999 -0.3570711 0.115 -0.3499999 -0.3570711 0.125 -0.357071 -0.35 0.115 -0.357071 -0.35 0.125 -0.3429288 -0.35 0.115 -0.3429288 -0.35 0.125 -0.3017767 -0.125 -0.08499979 -0.1499999 0.342929 0.125 -0.1499999 0.342929 0.115 -0.2934924 0.355 0.125 -0.2065075 0.355 0.125 -0.1449999 0.2934924 0.125 -0.1449999 0.2065076 0.125 -0.2065075 0.145 0.125 -0.2934924 0.145 0.125 -0.355 0.2065076 0.125 -0.355 0.2934924 0.125 -0.1982232 0.375 0.125 -0.3017767 0.375 0.125 -0.125 0.3017767 0.125 -0.125 0.1982233 0.125 -0.1982232 0.125 0.125 -0.3017767 0.125 0.125 -0.375 0.1982233 0.125 -0.375 0.3017767 0.125 -0.2065075 0.145 0.115 -0.2934924 0.145 0.115 -0.355 0.2065076 0.115 -0.355 0.2934924 0.115 -0.157071 0.15 0.115 -0.1499999 0.1570711 0.125 -0.1499999 0.1570711 0.115 -0.1499999 0.1429289 0.125 -0.1499999 0.1429289 0.115 -0.1429288 0.15 0.125 -0.1429288 0.15 0.115 -0.155 0.375 0.115 -0.125 0.345 0.115 -0.125 0.345 0.07499998 -0.1549999 0.375 0.07499998 -0.1982232 0.375 0.115 -0.125 0.3017767 0.115 -0.345 0.375 0.115 -0.3499999 0.157071 0.125 -0.1982232 0.375 0.07499998 -0.3499999 0.157071 0.115 -0.1982233 0.1249999 0.07499998 -0.375 0.345 0.115 -0.2065075 0.355 0.115 -0.157071 0.15 0.125 -0.1982232 0.125 0.115 -0.3429289 0.35 0.115 -0.1499999 0.3570711 0.115 -0.1499999 0.3570711 0.125 -0.1429289 0.35 0.115 -0.1429289 0.35 0.125 -0.157071 0.35 0.115 -0.157071 0.35 0.125 -0.3449999 0.125 0.115 -0.375 0.155 0.115 -0.2934924 0.355 0.115 -0.1449999 0.2065076 0.115 -0.1449999 0.2934924 0.115 -0.125 0.1982233 0.115 -0.3429289 0.35 0.125 -0.2603553 0.275 0.115 -0.2603553 0.275 0.125 -0.2396446 0.275 0.115 -0.2396446 0.275 0.125 -0.2249999 0.2603554 0.115 -0.2249999 0.2603554 0.125 -0.2249999 0.2396447 0.115 -0.2249999 0.2396447 0.125 -0.2396446 0.225 0.115 -0.2396446 0.225 0.125 -0.2603553 0.225 0.115 -0.2603553 0.225 0.125 -0.275 0.2396447 0.115 -0.275 0.2396447 0.125 -0.275 0.2603554 0.115 -0.275 0.2603554 0.125 -0.3017767 0.1249999 0.07499998 -0.1549999 0.125 0.115 -0.125 0.155 0.115 -0.345 0.375 0.07499998 -0.375 0.345 0.07499998 -0.375 0.3017767 0.115 -0.3017767 0.375 0.115 -0.375 0.3017767 0.07499998 -0.3017767 0.375 0.07499998 -0.3570711 0.35 0.115 -0.3570711 0.35 0.125 -0.35 0.3570711 0.115 -0.35 0.3570711 0.125 -0.35 0.342929 0.115 -0.35 0.342929 0.125 -0.375 0.155 0.07499998 -0.3449999 0.125 0.07499998 -0.3017767 0.125 0.115 -0.375 0.1982233 0.115 -0.125 -0.3017767 -0.08499979 -0.375 0.1982233 0.07499998 -0.3499999 0.1429289 0.115 -0.3499999 0.1429289 0.125 -0.357071 0.15 0.115 -0.357071 0.15 0.125 -0.3429288 0.15 0.115 -0.3429288 0.15 0.125 -0.125 -0.3017767 0.07499998 -0.375 -0.3017767 -0.08499979 -0.375 0.3017767 -0.08499985 0.375 -0.3017767 -0.08499979 0.375 0.3017767 -0.08499979 -0.3017767 -0.375 -0.08499979 0.3017767 -0.375 -0.08499985 0.3017767 0.375 -0.08499974 -0.3017767 0.3750001 -0.08499974 0.3249999 0.355 -0.08499974 0.355 0.3250001 -0.08499979 0.355 -0.3249999 -0.08499979 0.3249999 -0.355 -0.08499979 0.355 -0.1782233 -0.08499979 0.355 0.1782233 -0.08499979 0.1782233 0.355 -0.08499974 0.1782233 -0.355 -0.08499979 -0.3549998 0.3250001 -0.08499979 -0.3249999 0.355 -0.08499974 -0.3249999 -0.355 -0.08499979 -0.3549998 -0.3249999 -0.08499979 -0.3549998 -0.1782231 -0.08499979 -0.3549998 0.1782232 -0.08499979 -0.1782231 0.355 -0.08499974 -0.1782231 -0.355 -0.08499979 0.305 0.25 -0.1249999 0.305 0.275 -0.1249999 0.25 0.305 -0.1249999 0.2749999 0.305 -0.1249999 0.2749999 -0.305 -0.125 0.305 -0.2749999 -0.1249999 0.305 -0.25 -0.1249999 0.25 -0.305 -0.125 -0.2499999 -0.305 -0.125 -0.2749999 -0.305 -0.125 -0.3049998 -0.25 -0.1249999 -0.3049998 -0.275 -0.1249999 -0.2749999 0.305 -0.1249999 -0.3049998 0.275 -0.1249999 -0.3049998 0.25 -0.1249999 -0.2499999 0.305 -0.1249999 0.02071064 -0.04999995 -0.1249999 0.1035534 -0.25 -0.0949999 -0.02071058 -0.04999995 -0.1249999 -0.1035533 -0.25 -0.0949999 -0.04999995 -0.02071064 -0.1249999 -0.2499999 -0.1035534 -0.0949999 -0.04999995 0.02071064 -0.1249999 -0.2499999 0.1035534 -0.0949999 -0.02071058 0.05000001 -0.1249999 -0.1035533 0.25 -0.0949999 0.02071064 0.05000001 -0.1249999 0.1035534 0.25 -0.0949999 0.05000001 0.02071064 -0.1249999 0.25 0.1035534 -0.0949999 0.05000001 -0.02071064 -0.1249999 0.25 -0.1035533 -0.0949999 0.1035534 -0.25 -0.1249999 -0.1035533 -0.25 -0.1249999 -0.2499999 -0.1035534 -0.1249999 -0.2499999 0.1035534 -0.1249999 -0.1035533 0.25 -0.1249999 0.1035534 0.25 -0.1249999 0.25 0.1035534 -0.1249999 0.25 -0.1035533 -0.1249999 0.0828427 -0.1999999 -0.1249999 -0.08284264 -0.1999999 -0.1249999 -0.1999999 -0.0828427 -0.1249999 -0.1999999 0.0828427 -0.1249999 -0.08284264 0.1999999 -0.1249999 0.0828427 0.1999999 -0.1249999 0.2 0.0828427 -0.1249999 0.2 -0.0828427 -0.1249999 0.0828427 -0.1999999 -0.0949999 -0.08284264 -0.1999999 -0.0949999 -0.1999999 -0.0828427 -0.0949999 -0.1999999 0.0828427 -0.0949999 -0.08284264 0.1999999 -0.0949999 0.0828427 0.1999999 -0.0949999 0.2 0.0828427 -0.0949999 0.2 -0.0828427 -0.0949999 0.02071064 -0.04999995 -0.0949999 -0.02071058 -0.04999995 -0.0949999 -0.04999995 -0.02071064 -0.0949999 -0.04999995 0.02071064 -0.0949999 -0.02071064 0.05000001 -0.0949999 0.02071064 0.05000001 -0.0949999 0.05000001 0.02071064 -0.0949999 0.05000001 -0.02071064 -0.0949999 0.355 0.1782233 -0.1249999 0.355 0.325 -0.1249999 0.1782233 0.355 -0.1249999 0.3249999 0.355 -0.1249999 0.3249999 -0.355 -0.125 0.355 -0.3249999 -0.1249999 0.355 -0.1782233 -0.1249999 0.1782233 -0.355 -0.125 -0.1782231 -0.355 -0.125 -0.3249999 -0.355 -0.125 -0.3549998 -0.1782231 -0.1249999 -0.3549998 -0.3249999 -0.1249999 -0.3249999 0.355 -0.1249999 -0.3549998 0.325 -0.1249999 -0.3549998 0.1782233 -0.1249999 -0.1782231 0.355 -0.1249999 0.305 0.25 -0.0949999 0.305 0.275 -0.0949999 0.25 0.305 -0.0949999 0.2749999 0.305 -0.0949999 0.2749999 -0.305 -0.09499984 0.305 -0.2749999 -0.0949999 0.305 -0.25 -0.0949999 0.25 -0.305 -0.09499984 -0.2499999 -0.305 -0.09499984 -0.2749999 -0.305 -0.09499984 -0.3049998 -0.25 -0.0949999 -0.3049998 -0.275 -0.0949999 -0.2749999 0.305 -0.0949999 -0.3049998 0.275 -0.0949999 -0.3049998 0.25 -0.0949999 -0.2499999 0.305 -0.0949999 -0.375 -0.1982232 -0.08499985 -0.375 0.1982233 -0.08499985 0.1982233 -0.375 -0.08499985 -0.1982232 -0.375 -0.08499985 0.375 -0.1982232 -0.08499979 0.375 0.1982233 -0.08499979 0.1982233 0.375 -0.08499979 -0.1982232 0.3750001 -0.08499974 0.155 0.125 0.07499998 0.1982232 0.125 0.07499998 0.3017767 0.125 0.07499998 0.155 -0.125 0.07499998 0.1982233 -0.125 0.07499998 0.3017767 -0.1249999 0.07499998 -0.05177664 0.125 0.07499998 -0.05177664 0.125 0.09499996 0.05177664 0.125 0.07499998 0.05177664 0.125 0.09499996 0.125 0.05177664 0.07499998 0.125 0.05177664 0.09499996 0.125 -0.05177664 0.07499998 0.125 -0.05177664 0.09499996 0.05177664 -0.125 0.07499998 0.05177664 -0.125 0.09499996 -0.05177664 -0.125 0.07499998 -0.05177664 -0.125 0.09499996 -0.125 -0.05177664 0.07499998 -0.125 -0.05177664 0.09499996 -0.125 0.05177664 0.07499998 -0.125 0.05177664 0.09499996 0.3217768 0.355 -0.08499974 -0.3549998 -0.3217768 -0.08499979 -0.3217767 -0.355 -0.08499979 0.3217768 -0.355 -0.08499979 0.355 -0.3217767 -0.08499979 -0.3549998 0.3217769 -0.08499979 -0.3217768 0.355 -0.08499974 0.355 0.3217768 -0.08499979</float_array>
          <technique_common>
            <accessor source="#Cube_002-mesh-positions-array" count="576" stride="3">
              <param name="X" type="float"/>
              <param name="Y" type="float"/>
              <param name="Z" type="float"/>
            </accessor>
          </technique_common>
        </source>
        <source id="Cube_002-mesh-normals">
          <float_array id="Cube_002-mesh-normals-array" count="3636">0 0 1 0 0 1 1 0 0 0 1 0 0.7071068 0.7071068 0 1 0 0 0.7071069 -0.7071067 0 0 -1 0 -0.7071067 -0.7071068 0 -0.7071067 -0.7071069 0 -1 0 0 -0.7071068 0.7071067 0 0 0 1 0 0 1 0 0 1 0 0 1 0 0 1 0 0 1 0 0 1 0 0 1 1 0 0 0 1 0 -1 0 0 1.71307e-7 -1 0 -0.7071068 0.7071068 0 0.7071083 -0.7071053 0 -0.7071068 -0.7071068 0 -0.7071068 0.7071068 0 0.7071083 0.7071053 0 0 0 -1 0 0 1 0 0 1 0.7071067 0.707107 0 0 0 1 0 0 -1 0 -1 0 1 0 0 -1.43898e-7 1 7.45058e-7 0 0 1 0 -1 0 1 0 0 1 0 0 -1 0 0 0.7071065 0.7071072 5.26836e-7 0 0 1 0 0 1 0 0 -1 -0.7071061 0.7071076 0 -0.7071068 -0.7071068 0 0.7071083 -0.7071053 0 0.7071076 0.707106 0 1.03424e-6 1 1.11759e-6 0.7071068 -0.7071068 0 0 0 1 0 1 0 0 0 1 0.7071064 0.7071072 0 0 0 1 1 0 0 0 0 1 0.7071076 -0.7071061 0 0 0 1 0 -1 0 0 0 1 -0.7071072 -0.7071064 0 0 0 1 0 0 1 -1 0 0 0 0 1 -0.7071068 0.7071068 0 0 0 -1 0.7071068 -0.7071068 0 0 -1 0 0 0 1 0 0 1 0 0 1 0 0 1 0 1 1.49012e-6 0 0 1 -0.707107 0.7071066 2.63418e-7 1.72374e-7 0 -1 0 0 1 0 0 1 0 0 -1 -0.7071061 -0.7071076 0 0.7071061 -0.7071076 0 0.7071061 0.7071076 0 -0.7071061 0.7071076 0 -1 0 0 0 0 1 0 0 1 -1 -6.89496e-7 0 0 0 1 -0.7071065 -0.7071071 0 0 0 1 0 0 1 0 0 -1 0.7071076 -0.7071061 0 0.707106 0.7071076 0 -0.7071053 0.7071083 0 -0.7071068 -0.7071068 0 0 -1 0 0 0 -1 0 0 -1 1 0 3.72529e-7 0.7071068 -0.7071068 0 -0.7071069 -0.7071067 0 0 0 1 0.7071071 0.7071065 0 0 0 1 0 0 1 1 0 0 0 1 0 0.7071068 0.7071068 0 1 0 0 0.7071069 -0.7071067 0 0 -1 0 -0.7071067 -0.7071068 0 -0.7071068 -0.7071068 0 -1 0 0 -0.7071068 0.7071068 0 0 0 1 0 0 1 0 0 1 0 0 1 0 0 1 0 0 1 0 0 1 0 0 1 1 0 0 0 1 0 -1 0 0 3.42615e-7 -1 0 -0.7071068 0.7071068 0 0.7071083 -0.7071053 0 -0.7071068 -0.7071068 0 -0.7071068 0.7071068 0 0.7071083 0.7071053 0 0 0 -1 0 0 1 0 0 1 0.7071067 0.707107 0 0 0 1 -1.41246e-7 3.44748e-7 -1 -1.43898e-7 -1 -3.72529e-7 1 0 0 0 1 0 0 0 1 0 0 1 -1 0 0 1 0 0 1 0 0 -1 -1.43898e-7 1.86265e-6 0.7071065 0.7071072 5.26836e-7 0 0 1 0 0 1 0 0 -1 -0.7071068 0.7071068 0 -0.7071068 -0.7071068 0 0.7071083 -0.7071053 0 0.7071083 0.7071053 0 0 1 0 0.7071067 -0.7071068 0 0 0 1 0 1 0 0 0 1 0.7071068 0.7071068 0 0 0 1 1 0 0 0 0 1 0.7071071 -0.7071064 0 0 0 1 0 -1 0 0 0 1 -0.7071068 -0.7071068 0 0 0 1 0 0 1 -1 0 0 0 0 1 -0.7071072 0.7071064 0 0 0 -1 0.7071068 -0.7071068 0 0 -1 0 0 0 1 0 0 1 0 0 1 0 0 1 0 1 0 0 0 1 -0.707107 0.7071066 0 0 0 -1 0 0 1 0 0 1 0 0 -1 -0.7071053 -0.7071083 0 0.7071053 -0.7071083 0 0.7071068 0.7071068 0 -0.7071068 0.7071068 0 -1 2.06849e-6 2.23517e-6 0 0 1 0 0 1 -1 0 2.6077e-6 0 0 1 -0.7071064 -0.7071071 5.26835e-7 0 0 1 0 0 1 0 0 -1 0.7071076 -0.7071061 0 0.707106 0.7071076 0 -0.7071053 0.7071083 0 -0.7071068 -0.7071068 0 0 -1 -3.72529e-7 0 0 -1 0 0 -1 0 1 0 0.7071068 -0.7071068 2.63418e-7 -0.7071068 0.7071068 0 0 0 1 0 -1 0 0 1 3.72529e-7 0.7071068 0.7071068 0 0 0 1 0 0 1 1 0 0 0 1 0 0.7071068 0.7071068 0 1 0 0 0.7071069 -0.7071067 0 0 -1 0 -0.7071068 -0.7071068 0 -0.7071067 -0.7071069 0 -1 0 0 -0.7071068 0.7071067 0 0 0 1 0 0 1 0 0 1 0 0 1 0 0 1 0 0 1 0 0 1 0 0 1 1 0 0 0 1 0 -1 0 0 1.71307e-7 -1 0 -0.7071068 0.7071068 0 0.7071083 -0.7071053 0 -0.7071068 -0.7071068 0 -0.7071068 0.7071068 0 0.7071083 0.7071053 0 0 0 -1 0 0 1 0 0 1 0.7071067 0.707107 0 0 0 1 -3.05255e-7 0 -1 0 -1 0 1 0 0 1.43898e-7 1 -7.45058e-7 -1 0 0 0 0 1 0 -1 1.86265e-7 1 0 0 -1 0 0 0.7071065 0.7071072 0 0 0 1 0 0 1 0 0 -1 -0.7071061 0.7071076 0 -0.7071068 -0.7071068 0 0.7071083 -0.7071053 0 0.7071076 0.707106 0 0 1 -1.11759e-6 0.7071067 -0.7071069 0 0 0 1 0 1 0 0 0 1 0.7071064 0.7071072 0 0 0 1 1 0 0 0 0 1 0.7071076 -0.7071061 0 0 0 1 0 -1 0 0 0 1 -0.7071068 -0.7071068 0 0 0 1 0 0 1 -1 0 0 0 0 1 -0.7071064 0.7071072 0 0 0 -1 0.7071068 -0.7071068 0 0 -1 0 0 0 1 0 0 1 0 0 1 0 0 1 3.44748e-7 1 -7.45058e-7 0 0 1 -0.7071071 0.7071065 2.63418e-7 0 -3.05255e-7 -1 0 0 1 0 0 1 0 0 -1 -0.7071061 -0.7071076 0 0.7071061 -0.7071076 0 0.7071061 0.7071076 0 -0.7071061 0.7071076 0 -1 0 0 0 0 1 0 0 1 -1 -6.89496e-7 0 0 0 1 -0.7071065 -0.7071071 0 0 0 1 0 0 1 0 0 -1 0.7071068 -0.7071068 0 0.7071053 0.7071083 0 -0.7071053 0.7071083 0 -0.7071068 -0.7071068 0 0 -1 0 0 0 -1 0 0 -1 0.707107 -0.7071065 1.31709e-7 -0.7071068 0.7071068 1.31709e-7 -0.707107 -0.7071066 0 0 0 1 0 0 1 1 0 -1.86265e-6 0 1 0 0.7071068 0.7071068 0 1 0 0 0.7071069 -0.7071067 0 0 -1 0 -0.7071068 -0.7071068 0 -0.7071068 -0.7071068 0 -1 0 0 -0.7071068 0.7071068 0 0 0 1 0 0 1 0 0 1 0 0 1 0 0 1 0 0 1 0 0 1 0 0 1 1 0 0 0 1 0 -1 0 0 3.42615e-7 -1 0 -0.7071068 0.7071068 0 0.7071083 -0.7071053 0 -0.7071068 -0.7071068 0 -0.7071068 0.7071068 0 0.7071083 0.7071053 0 0 0 -1 0 0 1 0 0 1 0.7071067 0.707107 0 0 0 1 0 0 -1 2.87797e-7 -1 2.6077e-6 1 -1.37899e-6 -1.49011e-6 0 1 0 -1 0 0 0 0 1 1 -1.43898e-7 -1.86265e-6 -1 0 0 0.7071065 0.7071072 5.26836e-7 0 0 1 0 0 1 0 0 -1 -0.7071068 0.7071068 0 -0.7071068 -0.7071068 0 0.7071083 -0.7071053 0 0.7071083 0.7071053 0 0 1 0 0.7071067 -0.707107 0 0 0 1 0 1 0 0 0 1 0.7071068 0.7071068 0 0 0 1 1 0 0 0 0 1 0.7071071 -0.7071064 0 0 0 1 0 -1 0 0 0 1 -0.7071064 -0.7071072 0 0 0 1 0 0 1 -1 0 0 0 0 1 -0.7071068 0.7071068 0 0 0 -1 0.7071068 -0.7071068 -1.05367e-6 0 -1 1.86265e-6 0 0 1 0 0 1 0 0 1 0 0 1 0 1 0 0 0 1 -0.7071071 0.7071065 0 0 0 -1 0 0 1 0 0 1 0 0 -1 -0.7071053 -0.7071083 0 0.7071053 -0.7071083 0 0.7071068 0.7071068 0 -0.7071068 0.7071068 0 -1 0 0 0 0 1 0 0 1 -1 -6.89496e-7 0 0 0 1 -0.7071065 -0.7071071 0 0 0 1 0 0 1 0 0 -1 0.7071068 -0.7071068 0 0.7071053 0.7071083 0 -0.7071053 0.7071083 0 -0.7071068 -0.7071068 0 -2.41324e-6 -1 2.6077e-6 -5.17124e-7 -5.17124e-7 -1 0 0 -1 0 1 3.7253e-7 -0.7071074 -0.7071061 -1.54578e-7 -0.7071071 0.7071065 0 0.7071071 0.7071065 5.26836e-7 1 0 0 0 -1 0 0.7071061 -0.7071075 0 0.7071064 0.7071072 -1.05367e-6 1 0 0 1 0 0 0 1 0 -1 0 0 0 -1 0 -0.7071078 0.7071058 0 -0.7071082 -0.7071053 0 -1 0 0 -1 0 0 0 1 0 0 1 0 0 -1 0 0.7071086 -0.7071051 -1.37197e-6 0 -1 4.96705e-7 -0.7071067 -0.7071069 2.99788e-7 -1 0 0 -0.7071069 0.7071067 -5.99576e-7 0 1 0 0.7071068 0.7071068 0 1 0 0 0.707107 -0.7071067 3.51223e-7 0 0 -1 0 0 -1 0 0 -1 0 0 -1 0 0 -1 0 0 -1 0 0 -1 0 0 -1 0 0 -1 -1 0 0 0.7071068 -0.7071068 0 -0.7071066 -0.7071069 0 1 0 0 0 -1 0 0.7071068 0.7071068 0 0.7071071 -0.7071065 0 0 1 0 0 0 -1 0 0 -1 0 0 -1 0 0 -1 0 0 -1 0 0 -1 0 0 -1 0 0 -1 0 -1 0 -0.7071071 0.7071065 0 -0.7071068 -0.7071068 0 0 1 0 -1 0 0 0.7071068 0.7071067 0 -0.7071068 0.7071068 0 1 -3.59746e-7 0 0 0 -1 0 5.96046e-7 -1 4.96705e-7 4.96705e-7 -1 -4.96704e-7 4.96705e-7 -1 0 0 -1 0 0 -1 0 0 -1 0 0 -1 0 0 -1 1.98682e-7 7.94728e-7 -1 -6.95389e-7 1.29144e-6 -1 0 0 -1 0 0 -1 0 5.96046e-7 -1 0 5.96046e-7 -1 0 0 -1 0 -1.98683e-6 -1 -0.7071057 0.7071079 0 0.7071068 0.7071068 0 -0.7071057 -0.7071079 0 1 0 0 -1 -1.19209e-6 0 1 0 0 -1 0 0 0 -1 0 0 1 0 0 -1 0 0 1 0 -1 0 0 0 1 0 1 -1.19209e-6 0 0 -1 0 0 0 -1 0 -5.41861e-7 -1 -9.93407e-7 0 -1 1.47942e-7 -1.47942e-7 -1 0 0 -1 0 0 -1 0 0 -1 0 0 -1 0 0 -1 0 0 -1 0 0 -1 0 0 1 0 0 1 0 0 1 0 0 1 0 0 1 0 0 1 0 1 0 0.7071067 0.7071069 0 1 0 0 0.7071069 -0.7071067 0 0 -1 0 -0.7071067 -0.7071069 0 0 0 1 -1 0 0 -0.7071069 0.7071067 0 0 0 1 -2.48352e-7 0 1 -2.48353e-7 0 1 0 3.20532e-7 1 0 4.96705e-7 1 -6.00699e-7 1.44358e-7 1 -2.48353e-7 0 1 9.93415e-7 0 1 -1.43898e-7 -1.43898e-7 -1 2.37906e-6 -1.43898e-7 -1 2.98021e-6 0 -1 0 -8.97036e-7 1 0 1.49011e-6 -1 0 1.49011e-6 -1 0 -9.93411e-7 1 -1.49012e-6 0 -1 -5.59949e-7 0 1 -8.88956e-7 1.43898e-7 -1 0 -9.93411e-7 1 8.6339e-7 2.35351e-6 -1 0 -1.1199e-6 1 5.5995e-7 0 1 0 0 1 0.7071071 -0.7071064 0 0.7071069 -0.7071066 0 -0.7071069 -0.7071067 0 -0.7071068 -0.7071068 0 0.7071068 -0.7071068 0 0.7071068 -0.7071068 0 0.7071068 -0.7071068 0 0.7071068 0.7071068 0 0.7071068 0.7071068 0 0.7071068 -0.7071068 0 0.7071065 -0.7071071 0 0.7071068 0.7071068 0 0.7071068 0.7071068 0 0.7071068 0.7071068 0 -0.7071067 0.707107 -1.31709e-7 -0.7071065 0.707107 0 0.707107 0.7071065 2.63418e-7 0.7071074 0.7071062 3.37262e-7 -0.7071073 0.7071062 0 -0.7071068 0.7071068 2.59973e-7 -0.7071068 0.7071068 2.63418e-7 -0.7071068 -0.7071068 0 -0.707107 -0.7071066 -4.60982e-7 -0.7071071 0.7071065 0 -0.7071067 0.7071068 0 -0.7071073 -0.7071062 0 -0.7071068 -0.7071068 1.39373e-7 -0.7071074 -0.7071063 1.31709e-7 0 0 1 0 0 1 1 0 0 0 1 0 0.7071068 0.7071068 0 1 0 0 0.7071069 -0.7071067 0 0 -1 0 -0.7071067 -0.7071068 0 -0.7071067 -0.7071069 0 -1 0 0 -0.7071068 0.7071067 0 0 0 1 0 0 1 0 0 1 0 0 1 0 0 1 0 0 1 0 0 1 0 0 1 1 0 0 0 1 0 -1 0 0 1.71307e-7 -1 0 -0.7071068 0.7071068 0 0.7071083 -0.7071053 0 -0.7071068 -0.7071068 0 -0.7071068 0.7071068 0 0.7071083 0.7071053 0 0 0 -1 0 0 1 0 0 1 0.7071067 0.707107 0 0 0 1 0 -2.48352e-7 -1 0 -1 0 1 0 0 0 1 1.11759e-6 0 0 1 0 -1 0 1 0 0 1 0 0 -1 0 0 0.7071068 0.7071068 0 0 0 1 0 0 1 0 0 -1 -0.7071061 0.7071076 0 -0.7071068 -0.7071068 0 0.7071083 -0.7071053 0 0.7071076 0.707106 0 0 1 0 0.7071068 -0.7071068 0 0 0 1 0 1 0 0 0 1 0.7071064 0.7071072 0 0 0 1 1 0 0 0 0 1 0.7071076 -0.7071061 0 0 0 1 0 -1 0 0 0 1 -0.7071072 -0.7071064 0 0 0 1 0 0 1 0 0 1 0 0 1 0 0 1 0 0 1 -1 0 0 0 0 1 -0.7071068 0.7071068 0 0 0 -1 0 0 -1 0 0 -1 0 0 -1 0 0 -1 0.7071068 -0.7071068 0 0 -1 0 0 0 1 0 0 1 0 0 1 0 0 1 -6.89497e-7 1 7.45058e-7 0 0 1 -0.7071077 0.7071059 1.31709e-6 0 0 -1 0 0 1 0 0 1 0 0 -1 -0.7071061 -0.7071076 0 0.7071061 -0.7071076 0 0.7071061 0.7071076 0 -0.7071061 0.7071076 0 -1 0 0 0 0 1 0 0 1 -1 -6.89496e-7 0 0 0 1 -0.7071068 -0.7071068 -5.26836e-7 0 0 1 0 0 1 0 0 -1 0.7071076 -0.7071061 0 0.707106 0.7071076 0 -0.7071053 0.7071083 0 -0.7071068 -0.7071068 0 0 -1 0 0 0 -1 0 0 -1 1 0 3.72529e-7 0 0 1 0 0 1 0 0 1 1 0 0 0 1 0 0.7071068 0.7071068 0 1 0 0 0.7071069 -0.7071067 0 0 -1 0 -0.7071067 -0.7071068 0 -0.7071068 -0.7071068 0 -1 0 0 -0.7071068 0.7071068 0 0 0 1 0 0 1 0 0 1 0 0 1 0 0 1 0 0 1 0 0 1 0 0 1 1 0 0 0 1 0 -1 0 0 3.42615e-7 -1 0 -0.7071068 0.7071068 0 0.7071083 -0.7071053 0 -0.7071068 -0.7071068 0 -0.7071068 0.7071068 0 0.7071083 0.7071053 0 0 0 -1 0 0 1 0 0 1 0.7071067 0.707107 0 0 0 1 0 0 -1 0 -1 0 1 0 0 0 1 0 0 0 1 0 0 1 -1 0 0 1 0 0 1 0 0 -1 0 2.23517e-6 0.7071068 0.7071068 0 0 0 1 0 0 1 0 0 -1 -0.7071068 0.7071068 0 -0.7071068 -0.7071068 0 0.7071083 -0.7071053 0 0.7071083 0.7071053 0 0 1 0 0.7071067 -0.7071068 0 0 0 1 0 1 0 0 0 1 0.7071068 0.7071068 0 0 0 1 1 0 0 0 0 1 0.7071071 -0.7071064 0 0 0 1 0 -1 0 0 0 1 -0.7071068 -0.7071068 0 0 0 1 0 0 1 0 0 1 0 0 1 0 0 1 0 0 1 -1 0 0 0 0 1 -0.7071072 0.7071064 0 0 0 -1 0 0 -1 0 0 -1 0 0 -1 0 0 -1 0.7071068 -0.7071068 0 0 -1 0 0 0 1 0 0 1 0 0 1 0 0 1 -6.89497e-7 1 7.45058e-7 0 0 1 -0.7071072 0.7071065 2.63418e-7 0 0 -1 0 0 1 0 0 1 0 0 -1 -0.7071053 -0.7071083 0 0.7071053 -0.7071083 0 0.7071068 0.7071068 0 -0.7071068 0.7071068 0 -1 0 0 0 0 1 0 0 1 -1 -6.89496e-7 1.86265e-6 0 0 1 -0.7071056 -0.707108 1.84392e-6 0 0 1 0 0 1 0 0 -1 0.7071076 -0.7071061 0 0.707106 0.7071076 0 -0.7071053 0.7071083 0 -0.7071068 -0.7071068 0 0 -1 -3.72529e-7 2.48352e-7 0 -1 1.72374e-7 0 -1 0 1 0 0 0 1 0 -1 0 0 1 3.72529e-7 0 0 1 0 0 1 1 0 0 0 1 0 0.7071068 0.7071068 0 1 0 0 0.7071069 -0.7071067 0 0 -1 0 -0.7071068 -0.7071068 0 -0.7071067 -0.7071069 0 -1 0 0 -0.7071068 0.7071067 0 0 0 1 0 0 1 0 0 1 0 0 1 0 0 1 0 0 1 0 0 1 0 0 1 1 0 0 0 1 0 -1 0 0 1.71307e-7 -1 0 -0.7071068 0.7071068 0 0.7071083 -0.7071053 0 -0.7071068 -0.7071068 0 -0.7071068 0.7071068 0 0.7071083 0.7071053 0 0 0 -1 0 0 1 0 0 1 0.7071067 0.707107 0 0 0 1 -5.17122e-7 5.17122e-7 -1 0 -1 0 1 0 0 0 1 -1.11759e-6 -1 0 0 0 0 1 0 -1 1.86265e-7 1 0 0 -1 0 0 0.7071058 0.7071079 -1.05367e-6 0 0 1 0 0 1 0 0 -1 -0.7071061 0.7071076 0 -0.7071068 -0.7071068 0 0.7071083 -0.7071053 0 0.7071076 0.707106 0 0 1 -1.11759e-6 0.7071067 -0.7071069 0 0 0 1 0 1 0 0 0 1 0.7071064 0.7071072 0 0 0 1 1 0 0 0 0 1 0.7071076 -0.7071061 0 0 0 1 0 -1 0 0 0 1 -0.7071068 -0.7071068 0 0 0 1 0 0 1 0 0 1 0 0 1 0 0 1 0 0 1 -1 0 0 0 0 1 -0.7071064 0.7071072 0 0 0 -1 0 0 -1 0 0 -1 0 0 -1 0 0 -1 0.7071068 -0.7071068 0 0 -1 0 0 0 1 0 0 1 0 0 1 0 0 1 -6.89496e-7 1 3.72529e-7 0 0 1 -0.7071068 0.7071068 -2.63418e-7 7.45057e-7 0 -1 0 0 1 0 0 1 0 0 -1 -0.7071061 -0.7071076 0 0.7071061 -0.7071076 0 0.7071061 0.7071076 0 -0.7071061 0.7071076 0 -1 0 0 0 0 1 0 0 1 -1 -6.89496e-7 0 0 0 1 -0.7071068 -0.7071068 -5.26836e-7 0 0 1 0 0 1 0 0 -1 0.7071068 -0.7071068 0 0.7071053 0.7071083 0 -0.7071053 0.7071083 0 -0.7071068 -0.7071068 0 0 -1 0 0 0 -1 0 0 -1 0 0 1 0 0 1 1 0 -1.86265e-6 0 1 0 0.7071068 0.7071068 0 1 0 0 0.7071069 -0.7071067 0 0 -1 0 -0.7071068 -0.7071068 0 -0.7071068 -0.7071068 0 -1 0 0 -0.7071068 0.7071068 0 0 0 1 0 0 1 0 0 1 0 0 1 0 0 1 0 0 1 0 0 1 0 0 1 1 0 0 0 1 0 -1 0 0 3.42615e-7 -1 0 -0.7071068 0.7071068 0 0.7071083 -0.7071053 0 -0.7071068 -0.7071068 0 -0.7071068 0.7071068 0 0.7071083 0.7071053 0 0 0 -1 0 0 1 0 0 1 0.7071067 0.707107 0 0 0 1 0 0 -1 0 -1 1.86265e-6 1 0 0 0 1 0 -1 0 0 0 0 1 1 0 -1.49012e-6 -1 0 0 0.7071068 0.7071068 0 0 0 1 0 0 1 0 0 -1 -0.7071068 0.7071068 0 -0.7071068 -0.7071068 0 0.7071083 -0.7071053 0 0.7071083 0.7071053 0 0 1 0 0.7071067 -0.707107 0 0 0 1 0 1 0 0 0 1 0.7071068 0.7071068 0 0 0 1 1 0 0 0 0 1 0.7071071 -0.7071064 0 0 0 1 0 -1 0 0 0 1 -0.7071064 -0.7071072 0 0 0 1 0 0 1 0 0 1 0 0 1 0 0 1 0 0 1 -1 0 0 0 0 1 -0.7071068 0.7071068 0 0 0 -1 0 0 -1 0 0 -1 0 0 -1 0 0 -1 0.707108 -0.7071055 7.9025e-7 0 -1 1.86265e-6 0 0 1 0 0 1 0 0 1 0 0 1 -6.89496e-7 1 7.45058e-7 0 0 1 -0.7071072 0.7071065 0 1.41245e-7 3.44748e-7 -1 0 0 1 0 0 1 0 0 -1 -0.7071053 -0.7071083 0 0.7071053 -0.7071083 0 0.7071068 0.7071068 0 -0.7071068 0.7071068 0 -1 0 0 0 0 1 0 0 1 -1 -6.89496e-7 0 0 0 1 -0.7071068 -0.7071068 -5.26836e-7 0 0 1 0 0 1 0 0 -1 0.7071068 -0.7071068 0 0.7071053 0.7071083 0 -0.7071053 0.7071083 0 -0.7071068 -0.7071068 0 0 -1 0 -3.05255e-7 0 -1 0 2.48352e-7 -1 0 1 3.7253e-7 1 0 0 1 0 0 0 -1 0 0 -1 0 0.7071061 -0.7071075 0 0.7071057 0.7071079 0 1 0 0 1 0 0 1 0 0 0 1 0 0 1 0 -1 0 0 -1 0 0 0 -1 0 0 -1 0 -0.7071086 0.707105 -1.05367e-6 -0.7071081 -0.7071053 0 -1 0 0 -1 0 0 -1 0 0 0 1 0 0 1 0 0 1 0 0 -1 0 0.7071079 -0.7071058 0 0 -1 4.96705e-7 -0.7071067 -0.7071068 7.02447e-7 -1 0 0 -0.7071068 0.7071068 0 0 1 0 0.7071068 0.7071068 0 1 0 0 0.7071069 -0.7071067 0 0 0 -1 0 0 -1 0 0 -1 0 0 -1 0 0 -1 0 0 -1 0 0 -1 0 0 -1 0 0 -1 0 0 -1 0 0 -1 0 0 -1 0 0 -1 -1 0 0 0.7071068 -0.7071068 0 -0.7071067 -0.7071069 0 1 0 0 0 -1 0 0.7071068 0.7071068 0 0.7071071 -0.7071065 0 0 1 0 0 0 -1 0 0 -1 0 0 -1 0 0 -1 0 0 -1 0 0 -1 0 0 -1 0 0 -1 0 -1 0 -0.7071071 0.7071065 0 -0.7071068 -0.7071068 0 0 1 0 -1 0 0 0.7071068 0.7071068 0 -0.7071068 0.7071068 0 1 -3.59746e-7 0 0 0 -1 0 5.96046e-7 -1 4.96705e-7 4.96705e-7 -1 2.98023e-7 2.98024e-7 -1 0 0 -1 0 0 -1 0 0 -1 0 0 -1 1.78814e-6 -1.19209e-6 -1 0 0 -1 -4.96706e-7 4.96706e-7 -1 0 0 -1 0 0 -1 0 5.96046e-7 -1 0 5.96046e-7 -1 0 0 -1 1.73395e-6 1.19209e-6 -1 -0.7071057 0.7071079 0 0.7071068 0.7071068 0 -0.7071064 -0.7071071 -1.40489e-6 1 0 0 -1 -1.19209e-6 0 1 0 0 -1 0 0 0 -1 0 0 1 0 0 -1 0 0 1 0 -1 0 0 0 1 0 1 -1.19209e-6 0 0 -1 0 0 -5.41861e-7 -1 0 -5.41861e-7 -1 0 -5.41861e-7 -1 -3.93919e-7 -1.47942e-7 -1 0 0 -1 0 0 -1 0 0 -1 0 0 -1 0 0 -1 0 0 -1 0 0 -1 0 0 1 0 0 1 0 0 1 0 0 1 0 0 1 0 0 1 0 1 0 0.7071067 0.7071069 0 1 0 0 0.7071069 -0.7071067 0 0 -1 0 -0.7071067 -0.7071069 0 0 0 1 0 0 1 0 0 1 0 0 1 0 0 1 -1 0 0 -0.7071069 0.7071067 0 0 -1.76173e-7 1 0 0 1 -2.48353e-7 0 1 0 0 1 0 4.96705e-7 1 1.44359e-7 1.44359e-7 1 -2.48353e-7 0 1 0 -8.97035e-7 1 0 7.45055e-7 -1 1.49011e-6 0 -1 2.98021e-6 0 -1 -9.93415e-7 0 1 0 1.49011e-6 -1 0 1.49011e-6 -1 -8.97032e-7 0 1 -1.49012e-6 0 -1 -5.59949e-7 0 1 0 0 -1 8.97032e-7 0 1 0 -2.98023e-6 -1 0 -1.1199e-6 1 5.5995e-7 0 1 0 0 1</float_array>
          <technique_common>
            <accessor source="#Cube_002-mesh-normals-array" count="1212" stride="3">
              <param name="X" type="float"/>
              <param name="Y" type="float"/>
              <param name="Z" type="float"/>
            </accessor>
          </technique_common>
        </source>
        <source id="Cube_002-mesh-map-0">
          <float_array id="Cube_002-mesh-map-0-array" count="7272">0 0 0 0 0 0 0 0 0 0 0 0 0.375 0.6666666 0.625 0.7158579 0.375 0.7158579 1 1 0.875 0.5 1 0.5 0.875 1 0.75 0.5 0.875 0.5 0.75 1 0.625 0.5 0.75 0.5 0.625 1 0.5 0.5 0.625 0.5 0.5 1 0.375 0.5 0.5 0.5 0.375 1 0.25 0.5 0.375 0.5 0.3925527 0.3925527 0.4516 0.25 0.4516 0.25 0.25 1 0.125 0.5 0.25 0.5 0.125 1 0 0.5 0.125 0.5 0.3925527 0.3925527 0.25 0.49 0.25 0.4516 0.3925527 0.3925527 0.49 0.25 0.4197056 0.4197056 0.3925527 0.1074473 0.49 0.25 0.4516 0.25 0.25 0.04839998 0.4197056 0.08029437 0.3925527 0.1074473 0.1074473 0.1074473 0.25 0.00999999 0.25 0.04839998 0.04839998 0.25 0.08029437 0.08029437 0.1074473 0.1074473 0.1074473 0.3925526 0.00999999 0.25 0.04839998 0.25 0.25 0.4516 0.08029437 0.4197056 0.1074473 0.3925526 0.04839998 0.25 0.1074473 0.3925526 0.1074473 0.3925526 0.25 0.04839998 0.1074473 0.1074473 0.1074473 0.1074473 0.4516 0.25 0.3925527 0.1074473 0.3925527 0.1074473 0.25 0.4516 0.3925527 0.3925527 0.3925527 0.3925527 0.3925527 0.1074473 0.25 0.04839998 0.25 0.04839998 0.625 0 0.375 0.25 0.375 0 0.625 0.25 0.375 0.5 0.375 0.25 0.625 0.5 0.375 0.75 0.375 0.5 0.625 0.75 0.375 1 0.375 0.75 0.375 0.5 0.125 0.75 0.125 0.5 0.625 0.5 0.875 0.75 0.625 0.75 0 0 0 0 0 0 0.1074473 0.1074473 0.04839998 0.25 0.04839998 0.25 0 0 0 0 0 0 0.375 0.7158579 0.375 0.8333333 0.125 0.5833333 0.625 0.8333333 0.375 0.9166666 0.375 0.8333333 0.375 0.7841421 0.625 0.8333333 0.375 0.8333333 0.625 0.3333333 0.375 0.4166666 0.375 0.3333333 0 0 0 0 0 0 0.375 0.9166666 0.375 0.8333333 0.375 0.8333333 0.375 0.6666666 0.375 0.5833333 0.375 0.5833333 0.375 0.5833333 0.625 0.6666666 0.375 0.6666666 0.375 0.08333331 0.625 0.1666666 0.375 0.1666666 0.625 0.7841421 0.375 0.7158579 0.625 0.7158579 0 0 0 0 0 0 0.875 0.5 0.625 0.75 0.625 0.5 0.125 0.5 0.375 0.75 0.125 0.75 0.625 0.75 0.375 1 0.375 0.75 0.625 0.5 0.375 0.75 0.375 0.5 0.625 0.25 0.375 0.5 0.375 0.25 0.625 0 0.375 0.25 0.375 0 0.625 0.6666666 0.375 0.7158579 0.375 0.6666666 0.1074473 0.3925526 0.25 0.4516 0.1074473 0.3925526 0 0 0 0 0 0 1 1 0.875 0.5 1 0.5 0 0 0 0 0 0 0.875 1 0.75 0.5 0.875 0.5 0 0 0 0 0 0 0.75 1 0.625 0.5 0.75 0.5 0 0 0 0 0 0 0.625 1 0.5 0.5 0.625 0.5 0 0 0 0 0 0 0.5 1 0.375 0.5 0.5 0.5 0 0 0 0 0 0 0.375 1 0.25 0.5 0.375 0.5 0.4197056 0.08029437 0.49 0.25 0.00999999 0.25 0.3925527 0.1074473 0.5 0.5 0.25 0.04839998 0.25 1 0.125 0.5 0.25 0.5 0 0 0 0 0 0 0.125 1 0 0.5 0.125 0.5 0.5802944 0.4197056 0.9197056 0.4197056 0.9197056 0.08029437 0.375 0.7841421 0.625 0.7158579 0.625 0.7841421 0.625 0.7841421 0.375 0.8333333 0.375 0.7841421 0 0 0 0 0 0 0 0 0 0 0 0 0 0 0 0 0 0 0 0 0 0 0 0 0.625 0.7841421 0.375 0.8333333 0.375 0.7841421 0 0 0 0 0 0 0.625 0.7841421 0.375 0.7158579 0.625 0.7158579 0.375 0.7158579 0.375 0.8333333 0.2916666 0.5 0 0 0 0 0 0 0.875 0.5 0.625 0.75 0.625 0.5 0.125 0.5 0.375 0.75 0.125 0.75 0.625 0.75 0.375 1 0.375 0.75 0.625 0.5 0.375 0.75 0.375 0.5 0.625 0.25 0.375 0.5 0.375 0.25 0.625 0 0.375 0.25 0.375 0 0.375 0.6666666 0.625 0.7158579 0.375 0.7158579 0 0 0 0 0 0 0 0 0 0 0 0 0.375 0.7841421 0.625 0.8333333 0.375 0.8333333 0 0 0 0 0 0 0.625 0.7841421 0.375 0.7158579 0.625 0.7158579 0 0 0 0 0 0 0.625 0.5 0.875 0.75 0.625 0.75 0.375 0.5 0.125 0.75 0.125 0.5 0.625 0.75 0.375 1 0.375 0.75 0.625 0.5 0.375 0.75 0.375 0.5 0.625 0.25 0.375 0.5 0.375 0.25 0.625 0 0.375 0.25 0.375 0 0.625 0.6666666 0.375 0.7158579 0.375 0.6666666 0.375 0.7841421 0.375 0.6666666 0.375 0.7158579 0.375 0.7841421 0.375 0.6666666 0.375 0.7158579 0.2916666 0.5 0.2916666 0.5 0.2916666 0.5 0.375 0.7878103 0.375 0.7121895 0.375 0.6666666 0.375 0.7121896 0.375 0.6666666 0.375 0.8333333 0 0 0 0 0 0 0.375 0.8333333 0.375 0.8333333 0.3522385 0.7422876 0 0 0 0 0 0 0 0 0 0 0 0 0.375 0.6666666 0.625 0.7158579 0.375 0.7158579 1 1 0.875 0.5 1 0.5 0.875 1 0.75 0.5 0.875 0.5 0.75 1 0.625 0.5 0.75 0.5 0.625 1 0.5 0.5 0.625 0.5 0.5 1 0.375 0.5 0.5 0.5 0.375 1 0.25 0.5 0.375 0.5 0.3925527 0.3925527 0.4516 0.25 0.4516 0.25 0.25 1 0.125 0.5 0.25 0.5 0.125 1 0 0.5 0.125 0.5 0.3925527 0.3925527 0.25 0.49 0.25 0.4516 0.4516 0.25 0.4197056 0.4197056 0.3925527 0.3925527 0.3925527 0.1074473 0.49 0.25 0.4516 0.25 0.25 0.04839998 0.4197056 0.08029437 0.3925527 0.1074473 0.1074473 0.1074473 0.25 0.00999999 0.25 0.04839998 0.04839998 0.25 0.08029437 0.08029437 0.1074473 0.1074473 0.1074473 0.3925526 0.00999999 0.25 0.04839998 0.25 0.25 0.4516 0.08029437 0.4197056 0.1074473 0.3925526 0.04839998 0.25 0.1074473 0.3925526 0.1074473 0.3925526 0.25 0.04839998 0.1074473 0.1074473 0.1074473 0.1074473 0.4516 0.25 0.3925527 0.1074473 0.3925527 0.1074473 0.25 0.4516 0.3925527 0.3925527 0.3925527 0.3925527 0.3925527 0.1074473 0.25 0.04839998 0.25 0.04839998 0.625 0 0.375 0.25 0.375 0 0.625 0.25 0.375 0.5 0.375 0.25 0.625 0.5 0.375 0.75 0.375 0.5 0.625 0.75 0.375 1 0.375 0.75 0.375 0.5 0.125 0.75 0.125 0.5 0.625 0.5 0.875 0.75 0.625 0.75 0 0 0 0 0 0 0.1074473 0.1074473 0.04839998 0.25 0.04839998 0.25 0 0 0 0 0 0 0.375 0.7158579 0.375 0.8333333 0.125 0.5833333 0.375 0.8333333 0.625 0.9166666 0.375 0.9166666 0.625 0.7841421 0.375 0.8333333 0.375 0.7841421 0.375 0.3333333 0.625 0.4166666 0.375 0.4166666 0 0 0 0 0 0 0 0 0 0 0 0 0.375 0.8333333 0.375 0.8333333 0.375 0.8333333 0.375 0.6666666 0.375 0.5833333 0.375 0.5833333 0.375 0.5833333 0.625 0.6666666 0.375 0.6666666 0.625 0.08333331 0.375 0.1666666 0.375 0.08333331 0.625 0.7841421 0.375 0.7158579 0.625 0.7158579 0 0 0 0 0 0 0.875 0.5 0.625 0.75 0.625 0.5 0.125 0.5 0.375 0.75 0.125 0.75 0.625 0.75 0.375 1 0.375 0.75 0.625 0.5 0.375 0.75 0.375 0.5 0.625 0.25 0.375 0.5 0.375 0.25 0.625 0 0.375 0.25 0.375 0 0.375 0.6666666 0.625 0.7158579 0.375 0.7158579 0.1074473 0.3925526 0.25 0.4516 0.1074473 0.3925526 0 0 0 0 0 0 1 1 0.875 0.5 1 0.5 0 0 0 0 0 0 0.875 1 0.75 0.5 0.875 0.5 0 0 0 0 0 0 0.75 1 0.625 0.5 0.75 0.5 0 0 0 0 0 0 0.625 1 0.5 0.5 0.625 0.5 0 0 0 0 0 0 0.5 1 0.375 0.5 0.5 0.5 0 0 0 0 0 0 0.375 1 0.25 0.5 0.375 0.5 0.25 0.00999999 0.4197056 0.08029437 0.49 0.25 0.625 0.5 0.25 0.04839998 0.3925527 0.1074473 0.25 1 0.125 0.5 0.25 0.5 0 0 0 0 0 0 0.125 1 0 0.5 0.125 0.5 0.9197056 0.08029437 0.5802944 0.08029437 0.5802944 0.4197056 0.375 0.7841421 0.625 0.7158579 0.625 0.7841421 0.375 0.7841421 0.625 0.8333333 0.375 0.8333333 0 0 0 0 0 0 0 0 0 0 0 0 0 0 0 0 0 0 0 0 0 0 0 0 0.375 0.7841421 0.625 0.8333333 0.375 0.8333333 0 0 0 0 0 0 0.625 0.7841421 0.375 0.7158579 0.625 0.7158579 0.375 0.7841421 0.2916666 0.5 0.375 0.7158579 0 0 0 0 0 0 0.875 0.5 0.625 0.75 0.625 0.5 0.125 0.5 0.375 0.75 0.125 0.75 0.625 0.75 0.375 1 0.375 0.75 0.625 0.5 0.375 0.75 0.375 0.5 0.625 0.25 0.375 0.5 0.375 0.25 0.625 0 0.375 0.25 0.375 0 0.625 0.6666666 0.375 0.7158579 0.375 0.6666666 0 0 0 0 0 0 0 0 0 0 0 0 0.625 0.7841421 0.375 0.8333333 0.375 0.7841421 0 0 0 0 0 0 0.625 0.7841421 0.375 0.7158579 0.625 0.7158579 0 0 0 0 0 0 0.625 0.5 0.875 0.75 0.625 0.75 0.375 0.5 0.125 0.75 0.125 0.5 0.625 0.75 0.375 1 0.375 0.75 0.625 0.5 0.375 0.75 0.375 0.5 0.625 0.25 0.375 0.5 0.375 0.25 0.625 0 0.375 0.25 0.375 0 0.375 0.6666666 0.625 0.7158579 0.375 0.7158579 0.375 0.7158579 0.375 0.8333333 0.375 0.6666666 0.375 0.7841421 0.375 0.6666666 0.375 0.7158579 0.375 0.3333333 0.375 0.4112131 0.375 0.3333333 0.375 0.8333333 0.375 0.8333333 0.375 0.7121895 0.375 0.8333333 0.375 0.8333333 0.3067157 0.765049 0.375 0.5833333 0.375 0.8333333 0.375 0.1666666 0.375 0.8333333 0.375 0.8333333 0.375 0.8333333 0.125 0.5833333 0.125 0.5833333 0.125 0.5833333 0.3522385 0.7422876 0.3144281 0.5910457 0.2916666 0.5 0 0 0 0 0 0 0 0 0 0 0 0 0.625 0.6666666 0.375 0.7158579 0.375 0.6666666 1 1 0.875 0.5 1 0.5 0.875 1 0.75 0.5 0.875 0.5 0.75 1 0.625 0.5 0.75 0.5 0.625 1 0.5 0.5 0.625 0.5 0.5 1 0.375 0.5 0.5 0.5 0.375 1 0.25 0.5 0.375 0.5 0.3925527 0.3925527 0.4516 0.25 0.4516 0.25 0.25 1 0.125 0.5 0.25 0.5 0.125 1 0 0.5 0.125 0.5 0.3925527 0.3925527 0.25 0.49 0.25 0.4516 0.3925527 0.3925527 0.49 0.25 0.4197056 0.4197056 0.3925527 0.1074473 0.49 0.25 0.4516 0.25 0.25 0.04839998 0.4197056 0.08029437 0.3925527 0.1074473 0.1074473 0.1074473 0.25 0.00999999 0.25 0.04839998 0.1074473 0.1074473 0.00999999 0.25 0.08029437 0.08029437 0.1074473 0.3925526 0.00999999 0.25 0.04839998 0.25 0.25 0.4516 0.08029437 0.4197056 0.1074473 0.3925526 0.04839998 0.25 0.1074473 0.3925526 0.1074473 0.3925526 0.25 0.04839998 0.1074473 0.1074473 0.1074473 0.1074473 0.4516 0.25 0.3925527 0.1074473 0.3925527 0.1074473 0.25 0.4516 0.3925527 0.3925527 0.3925527 0.3925527 0.3925527 0.1074473 0.25 0.04839998 0.25 0.04839998 0.625 0 0.375 0.25 0.375 0 0.625 0.25 0.375 0.5 0.375 0.25 0.625 0.5 0.375 0.75 0.375 0.5 0.625 0.75 0.375 1 0.375 0.75 0.375 0.5 0.125 0.75 0.125 0.5 0.625 0.5 0.875 0.75 0.625 0.75 0 0 0 0 0 0 0.1074473 0.1074473 0.04839998 0.25 0.04839998 0.25 0 0 0 0 0 0 0.375 0.7158579 0.375 0.8333333 0.125 0.5833333 0.625 0.8333333 0.375 0.9166666 0.375 0.8333333 0.375 0.7841421 0.625 0.8333333 0.375 0.8333333 0.625 0.3333333 0.375 0.4166666 0.375 0.3333333 0.375 0.1666666 0.375 0.08333331 0.375 0.08333331 0 0 0 0 0 0 0.375 0.8333333 0.375 0.9112132 0.375 0.8333333 0.375 0.5833333 0.625 0.6666666 0.375 0.6666666 0.375 0.08333331 0.625 0.1666666 0.375 0.1666666 0.375 0.7841421 0.625 0.7158579 0.625 0.7841421 0 0 0 0 0 0 0.875 0.5 0.625 0.75 0.625 0.5 0.125 0.5 0.375 0.75 0.125 0.75 0.625 0.75 0.375 1 0.375 0.75 0.625 0.5 0.375 0.75 0.375 0.5 0.625 0.25 0.375 0.5 0.375 0.25 0.625 0 0.375 0.25 0.375 0 0.625 0.6666666 0.375 0.7158579 0.375 0.6666666 0.1074473 0.3925526 0.25 0.4516 0.1074473 0.3925526 0 0 0 0 0 0 1 1 0.875 0.5 1 0.5 0 0 0 0 0 0 0.875 1 0.75 0.5 0.875 0.5 0 0 0 0 0 0 0.75 1 0.625 0.5 0.75 0.5 0 0 0 0 0 0 0.625 1 0.5 0.5 0.625 0.5 0 0 0 0 0 0 0.5 1 0.375 0.5 0.5 0.5 0 0 0 0 0 0 0.375 1 0.25 0.5 0.375 0.5 0.49 0.25 0.25 0.49 0.00999999 0.25 0.3925527 0.1074473 0.5 0.5 0.25 0.04839998 0.25 1 0.125 0.5 0.25 0.5 0 0 0 0 0 0 0.125 1 0 0.5 0.125 0.5 0.9197056 0.4197056 0.9197056 0.08029437 0.5802944 0.08029437 0.375 0.7841421 0.625 0.7158579 0.625 0.7841421 0.625 0.7841421 0.375 0.8333333 0.375 0.7841421 0 0 0 0 0 0 0 0 0 0 0 0 0 0 0 0 0 0 0 0 0 0 0 0 0.375 0.7841421 0.625 0.8333333 0.375 0.8333333 0 0 0 0 0 0 0.625 0.7841421 0.375 0.7158579 0.625 0.7158579 0.375 0.7158579 0.375 0.8333333 0.2916666 0.5 0 0 0 0 0 0 0.875 0.5 0.625 0.75 0.625 0.5 0.125 0.5 0.375 0.75 0.125 0.75 0.625 0.75 0.375 1 0.375 0.75 0.625 0.5 0.375 0.75 0.375 0.5 0.625 0.25 0.375 0.5 0.375 0.25 0.625 0 0.375 0.25 0.375 0 0.375 0.6666666 0.625 0.7158579 0.375 0.7158579 0 0 0 0 0 0 0 0 0 0 0 0 0.375 0.7841421 0.625 0.8333333 0.375 0.8333333 0 0 0 0 0 0 0.625 0.7841421 0.375 0.7158579 0.625 0.7158579 0 0 0 0 0 0 0.625 0.5 0.875 0.75 0.625 0.75 0.375 0.5 0.125 0.75 0.125 0.5 0.625 0.75 0.375 1 0.375 0.75 0.625 0.5 0.375 0.75 0.375 0.5 0.625 0.25 0.375 0.5 0.375 0.25 0.625 0 0.375 0.25 0.375 0 0.625 0.6666666 0.375 0.7158579 0.375 0.6666666 0.375 0.7841421 0.375 0.6666666 0.375 0.7158579 0.375 0.7158579 0.375 0.8333333 0.375 0.6666666 0.375 0.8333333 0.375 0.8333333 0.375 0.7878103 0.375 0.8333333 0.375 0.8333333 0.1932847 0.6516181 0.375 0.8333333 0.375 0.7121896 0.375 0.6666666 0 0 0 0 0 0 0 0 0 0 0 0 0.375 0.6666666 0.625 0.7158579 0.375 0.7158579 1 1 0.875 0.5 1 0.5 0.875 1 0.75 0.5 0.875 0.5 0.75 1 0.625 0.5 0.75 0.5 0.625 1 0.5 0.5 0.625 0.5 0.5 1 0.375 0.5 0.5 0.5 0.375 1 0.25 0.5 0.375 0.5 0.3925527 0.3925527 0.4516 0.25 0.4516 0.25 0.25 1 0.125 0.5 0.25 0.5 0.125 1 0 0.5 0.125 0.5 0.3925527 0.3925527 0.25 0.49 0.25 0.4516 0.4516 0.25 0.4197056 0.4197056 0.3925527 0.3925527 0.3925527 0.1074473 0.49 0.25 0.4516 0.25 0.25 0.04839998 0.4197056 0.08029437 0.3925527 0.1074473 0.1074473 0.1074473 0.25 0.00999999 0.25 0.04839998 0.1074473 0.1074473 0.00999999 0.25 0.08029437 0.08029437 0.1074473 0.3925526 0.00999999 0.25 0.04839998 0.25 0.25 0.4516 0.08029437 0.4197056 0.1074473 0.3925526 0.04839998 0.25 0.1074473 0.3925526 0.1074473 0.3925526 0.25 0.04839998 0.1074473 0.1074473 0.1074473 0.1074473 0.4516 0.25 0.3925527 0.1074473 0.3925527 0.1074473 0.25 0.4516 0.3925527 0.3925527 0.3925527 0.3925527 0.3925527 0.1074473 0.25 0.04839998 0.25 0.04839998 0.625 0 0.375 0.25 0.375 0 0.625 0.25 0.375 0.5 0.375 0.25 0.625 0.5 0.375 0.75 0.375 0.5 0.625 0.75 0.375 1 0.375 0.75 0.375 0.5 0.125 0.75 0.125 0.5 0.625 0.5 0.875 0.75 0.625 0.75 0 0 0 0 0 0 0.1074473 0.1074473 0.04839998 0.25 0.04839998 0.25 0 0 0 0 0 0 0.375 0.7841421 0.125 0.5833333 0.375 0.7158579 0.375 0.8333333 0.625 0.9166666 0.375 0.9166666 0.375 0.7841421 0.625 0.8333333 0.375 0.8333333 0.625 0.3333333 0.375 0.4166666 0.375 0.3333333 0.375 0.1666666 0.375 0.08333331 0.375 0.08333331 0 0 0 0 0 0 0.375 0.5833333 0.625 0.6666666 0.375 0.6666666 0.375 0.08333331 0.625 0.1666666 0.375 0.1666666 0.625 0.7841421 0.375 0.7158579 0.625 0.7158579 0 0 0 0 0 0 0.875 0.5 0.625 0.75 0.625 0.5 0.125 0.5 0.375 0.75 0.125 0.75 0.625 0.75 0.375 1 0.375 0.75 0.625 0.5 0.375 0.75 0.375 0.5 0.625 0.25 0.375 0.5 0.375 0.25 0.625 0 0.375 0.25 0.375 0 0.375 0.6666666 0.625 0.7158579 0.375 0.7158579 0.1074473 0.3925526 0.25 0.4516 0.1074473 0.3925526 0 0 0 0 0 0 1 1 0.875 0.5 1 0.5 0 0 0 0 0 0 0.875 1 0.75 0.5 0.875 0.5 0 0 0 0 0 0 0.75 1 0.625 0.5 0.75 0.5 0 0 0 0 0 0 0.625 1 0.5 0.5 0.625 0.5 0 0 0 0 0 0 0.5 1 0.375 0.5 0.5 0.5 0 0 0 0 0 0 0.375 1 0.25 0.5 0.375 0.5 0.25 0.00999999 0.4197056 0.08029437 0.49 0.25 0.625 0.5 0.25 0.04839998 0.3925527 0.1074473 0.25 1 0.125 0.5 0.25 0.5 0 0 0 0 0 0 0.125 1 0 0.5 0.125 0.5 0.9197056 0.4197056 0.9197056 0.08029437 0.5802944 0.08029437 0.625 0.7841421 0.375 0.7158579 0.625 0.7158579 0.375 0.7841421 0.625 0.8333333 0.375 0.8333333 0 0 0 0 0 0 0 0 0 0 0 0 0 0 0 0 0 0 0 0 0 0 0 0 0.375 0.7841421 0.625 0.8333333 0.375 0.8333333 0 0 0 0 0 0 0.625 0.7841421 0.375 0.7158579 0.625 0.7158579 0.375 0.7841421 0.2916666 0.5 0.375 0.7158579 0 0 0 0 0 0 0.875 0.5 0.625 0.75 0.625 0.5 0.125 0.5 0.375 0.75 0.125 0.75 0.625 0.75 0.375 1 0.375 0.75 0.625 0.5 0.375 0.75 0.375 0.5 0.625 0.25 0.375 0.5 0.375 0.25 0.625 0 0.375 0.25 0.375 0 0.625 0.6666666 0.375 0.7158579 0.375 0.6666666 0 0 0 0 0 0 0 0 0 0 0 0 0.375 0.7841421 0.625 0.8333333 0.375 0.8333333 0 0 0 0 0 0 0.625 0.7841421 0.375 0.7158579 0.625 0.7158579 0 0 0 0 0 0 0.625 0.5 0.875 0.75 0.625 0.75 0.375 0.5 0.125 0.75 0.125 0.5 0.625 0.75 0.375 1 0.375 0.75 0.625 0.5 0.375 0.75 0.375 0.5 0.625 0.25 0.375 0.5 0.375 0.25 0.625 0 0.375 0.25 0.375 0 0.625 0.6666666 0.375 0.7158579 0.375 0.6666666 0.375 0.7841421 0.375 0.6666666 0.375 0.7158579 0.375 0.7158579 0.375 0.8333333 0.375 0.6666666 0.375 0.4166666 0.375 0.3333333 0.375 0.3333333 0.375 0.7878102 0.375 0.6666666 0.375 0.8333333 0.3067155 0.7650489 0.1932847 0.6516181 0.125 0.5833333 0.375 0.8333333 0.375 0.8333333 0.3144282 0.591046 0.5398759 0.1666666 0.5416666 0.25 0.5138888 0.25 0.7916666 0.5 0.7916666 0.5833333 0.789876 0.5833333 0.625 0.1666666 0.5416666 0.25 0.5416666 0.1666666 0.2083332 0.5 0.125 0.5833333 0.125 0.5 0.460124 0.1666666 0.4861111 0.25 0.4583333 0.25 0.4909988 0.1666666 0.5138888 0.25 0.4861111 0.25 0.2361111 0.5 0.2361111 0.5833333 0.210124 0.5833333 0.5416666 0 0.5416666 0.08333331 0.539876 0.08333331 0.789876 0.6666666 0.7916666 0.75 0.7638888 0.75 0.2083333 0.75 0.125 0.6666666 0.2083332 0.6666666 0.625 0.08333331 0.5416666 0 0.625 0 0.4861111 0 0.4861111 0.08333331 0.460124 0.08333331 0.5138888 0 0.4861111 0.08333331 0.4861111 0 0.210124 0.6666666 0.2361111 0.75 0.2083333 0.75 0.2361111 0.75 0.2361111 0.5833333 0.2361111 0.5 0.7638888 0.5 0.7638888 0.6666666 0.7638888 0.75 0.3579229 0.3703945 0.3553084 0.378188 0.3579229 0.3703945 1 1 0.875 0.5 1 0.5 0.875 1 0.75 0.5 0.875 0.5 0.75 1 0.625 0.5 0.75 0.5 0.625 1 0.5 0.5 0.625 0.5 0.5 1 0.375 0.5 0.5 0.5 0.375 1 0.25 0.5 0.375 0.5 0.25 1 0.125 0.5 0.25 0.5 0.125 0.5 0 1 0 0.5 0.7839411 0.2160589 0.7160589 0.2160589 0.7160589 0.2839412 0.7500001 0.442 0.9197056 0.4197056 0.8857645 0.3857645 0.8857645 0.3857645 0.99 0.25 0.9420001 0.25 0.9420001 0.25 0.9197056 0.08029437 0.8857645 0.1142355 0.75 0.05799996 0.9197056 0.08029437 0.75 0.00999999 0.75 0.05799996 0.5802944 0.08029437 0.6142354 0.1142355 0.6142354 0.1142355 0.51 0.25 0.558 0.25 0.558 0.25 0.5802944 0.4197056 0.6142355 0.3857645 0.6142355 0.3857645 0.75 0.49 0.7500001 0.442 0.798 0.25 0.7839411 0.2160589 0.7839411 0.2160589 0.75 0.05799996 0.8857645 0.1142355 0.8857645 0.1142355 0.783941 0.2839411 0.798 0.25 0.798 0.25 0.8857645 0.1142355 0.9420001 0.25 0.9420001 0.25 0.783941 0.2839411 0.75 0.298 0.783941 0.2839411 0.9420001 0.25 0.8857645 0.3857645 0.8857645 0.3857645 0.7160589 0.2839412 0.75 0.298 0.75 0.298 0.8857645 0.3857645 0.7500001 0.442 0.7500001 0.442 0.75 0.298 0.8857645 0.3857645 0.783941 0.2839411 0.783941 0.2839411 0.9420001 0.25 0.798 0.25 0.798 0.25 0.8857645 0.1142355 0.7839411 0.2160589 0.75 0.202 0.8857645 0.1142355 0.75 0.05799996 0.75 0.202 0.6142354 0.1142355 0.7160589 0.2160589 0.7160589 0.2160589 0.558 0.25 0.702 0.25 0.7160589 0.2839412 0.558 0.25 0.6142355 0.3857645 0.75 0.298 0.6142355 0.3857645 0.7500001 0.442 0.6142354 0.1142355 0.75 0.05799996 0.75 0.05799996 0.7839411 0.2160589 0.75 0.202 0.75 0.202 0.558 0.25 0.6142354 0.1142355 0.6142354 0.1142355 0.75 0.202 0.7160589 0.2160589 0.7160589 0.2160589 0.6142355 0.3857645 0.558 0.25 0.558 0.25 0.7160589 0.2160589 0.702 0.25 0.702 0.25 0.7500001 0.442 0.6142355 0.3857645 0.6142355 0.3857645 0.702 0.25 0.7160589 0.2839412 0.7160589 0.2839412 0.3504641 0.3769644 0.125 0.5 0.4861111 0.25 0.2838775 0.4491374 0.2083333 0.5 0.2785913 0.4346407 0.602806 0.3169239 0.625 0.25 0.6048047 0.3186272 0.2799742 0.4329368 0.2083333 0.5 0.125 0.5 0.5739722 0.3063209 0.5416666 0.25 0.602806 0.3169239 0.3504641 0.3769644 0.5138888 0.25 0.5739722 0.3063209 0.6480047 0.3784566 0.625 0.25 0.7638888 0.5 0.6753306 0.4920897 0.7916666 0.75 0.6438232 0.378041 0.5938785 0.2522701 0.5416666 0 0.5138888 0 0.3553084 0.378188 0.4583333 0 0.2083333 0.75 0.6438232 0.378041 0.5416666 0 0.6412094 0.3702481 0.405023 0.2524518 0.4583333 0 0.3579229 0.3703945 0.405023 0.2524518 0.5138888 0 0.4861111 0 0.3235254 0.4923088 0.2083333 0.75 0.2361111 0.75 0.2838775 0.4491374 0.2361111 0.75 0.2361111 0.5 0.6480047 0.3784566 0.7638888 0.75 0.6753306 0.4920897 0.6412094 0.3702481 0.6753306 0.4920897 0.6438232 0.378041 0.6048047 0.3186272 0.602806 0.3169239 0.602806 0.3169239 0.6412094 0.3702481 0.6438232 0.378041 0.6438232 0.378041 0.2799742 0.4329368 0.2785913 0.4346407 0.2785913 0.4346407 0.405023 0.2524518 0.3579229 0.3703945 0.405023 0.2524518 0.602806 0.3169239 0.5739722 0.3063209 0.5739722 0.3063209 0.405023 0.2524518 0.5938785 0.2522701 0.5938785 0.2522701 0.5739722 0.3063209 0.3504641 0.3769644 0.3504641 0.3769644 0.3235254 0.4923088 0.3553084 0.378188 0.3553084 0.378188 0.6480047 0.3784566 0.6048047 0.3186272 0.6048047 0.3186272 0.2838775 0.4491374 0.3235254 0.4923088 0.3235254 0.4923088 0.6438232 0.378041 0.6753306 0.4920897 0.6753306 0.4920897 0.3504641 0.3769644 0.2799742 0.4329368 0.2799742 0.4329368 0.6753306 0.4920897 0.6480047 0.3784566 0.6480047 0.3784566 0.5938785 0.2522701 0.6412094 0.3702481 0.6412094 0.3702481 0.2785913 0.4346407 0.2838775 0.4491374 0.2838775 0.4491374 0.875 1 0.5938785 0.2522701 0.75 1 0.875 1 0.6480047 0.3784566 0.6753306 0.4920897 0.6048047 0.3186272 0.5739722 0.3063209 0.602806 0.3169239 0.125 1 0.6480047 0.3784566 1 1 0.3504641 0.3769644 0.125 1 0.25 1 0.2799742 0.4329368 0.2838775 0.4491374 0.2785913 0.4346407 0.2838775 0.4491374 0.25 1 0.375 1 0.5 1 0.2838775 0.4491374 0.375 1 0.3235254 0.4923088 0.3579229 0.3703945 0.3553084 0.378188 0.5 1 0.405023 0.2524518 0.3235254 0.4923088 0.75 1 0.405023 0.2524518 0.625 1 0.375 0.5833333 0.375 0.8333333 0.375 0.1666666 0 0 0 0 0 0 0.375 0.5833333 0.375 0.8333333 0.375 0.1666666 0 0 0 0 0 0 0.375 0.1666666 0.375 0.6666666 0.375 0.8333333 0 0 1 0.5 0.875 0.5 1 1 0.875 0.5 1 0.5 0.875 1 0.75 0.5 0.875 0.5 0.75 1 0.625 0.5 0.75 0.5 0.625 1 0.5 0.5 0.625 0.5 0.5 1 0.375 0.5 0.5 0.5 0.375 1 0.25 0.5 0.375 0.5 0.00999999 0.25 0.25 0.00999999 0.49 0.25 0.25 1 0.125 0.5 0.25 0.5 0.125 1 0 0.5 0.125 0.5 0 0.5 0.375 0.7841421 0.125 0.5 0 0 0 0 0 0 0 0 0.75 0.5 0.625 0.5 0 0 0 0 0 0 0 0 0.5 0.5 0.375 0.5 0 0 0 0 0 0 0.375 0.7841421 0.25 0.5 0.125 0.5 0.7916667 0.6666666 0.539876 0.08333331 0.5416666 0.08333331 0.375 0.7121896 0.375 0.8333333 0.375 0.6666666 0.1932847 0.6516181 0.375 0.8333333 0.125 0.5833333 0.125 0.5833333 0.375 0.7878102 0.375 0.8333333 0.2083332 0.6666666 0.460124 0.08333331 0.3067155 0.7650489 0.3144282 0.591046 0.375 0.8333333 0.2916666 0.5 0.375 0.7121896 0.375 0.8333333 0.375 0.6666666 0.5416666 0.1666666 0.789876 0.5833333 0.7916666 0.5833333 0.375 0.7121895 0.375 0.8333333 0.375 0.6666666 0.2916666 0.5 0.375 0.7121895 0.375 0.8333333 0.375 0.7121895 0.375 0.8333333 0.375 0.6666666 0.3144281 0.5910457 0.125 0.5833333 0.2083333 0.5833333 0.3144281 0.5910457 0.375 0.8333333 0.2916666 0.5 0.125 0.5833333 0.2361111 0.6520034 0.375 0.8333333 0.375 0.6666666 0.5090011 0.08333331 0.375 0.8333333 0.375 0.7878103 0.375 0.8333333 0.375 0.6666666 0.375 0.7878103 0.375 0.6666666 0.375 0.6666666 0.375 0.6666666 0.375 0.8333333 0.375 0.7878103 0.375 0.8333333 0.375 0.8333333 0.375 0.7121896 0.375 0.7121896 0.375 0.6666666 0.375 0.6666666 0.375 0.7121895 0.375 0.6666666 0.375 0.6666666 0.375 0.6666666 0.375 0.8333333 0.375 0.7878103 0.375 0.8333333 0.375 0.8333333 0.375 0.7878103 0.2916666 0.5 0.2916666 0.5 0.3522385 0.7422876 0.2916666 0.5 0.375 0.8333333 0.3522385 0.7422876 0.375 0.7121895 0.375 0.6666666 0.375 0.6666666 0.375 0.6666666 0.375 0.8333333 0.375 0.7121895 0.3144281 0.5910457 0.2916666 0.5 0.2916666 0.5 0.2916666 0.5 0.375 0.8333333 0.3522385 0.7422876 0.375 0.8333333 0.375 0.8333333 0.3522385 0.7422876 0.125 0.5833333 0.125 0.5833333 0.3067157 0.765049 0.125 0.5833333 0.375 0.8333333 0.3067157 0.765049 0.3144282 0.591046 0.2916666 0.5 0.2916666 0.5 0.2916666 0.5 0.375 0.8333333 0.3144282 0.591046 0.1932847 0.6516181 0.125 0.5833333 0.125 0.5833333 0.125 0.5833333 0.375 0.8333333 0.3067155 0.7650489 0.375 0.8333333 0.375 0.8333333 0.3067155 0.7650489 0.375 0.8333333 0.375 0.8333333 0.375 0.7878102 0.375 0.7878102 0.375 0.6666666 0.375 0.6666666 0.125 0.5833333 0.125 0.5833333 0.1932847 0.6516181 0.125 0.5833333 0.375 0.8333333 0.1932847 0.6516181 0.375 0.8333333 0.375 0.8333333 0.375 0.7878102 0.375 0.7878102 0.375 0.7121896 0.375 0.8333333 0.375 0.7121896 0.375 0.6666666 0.375 0.6666666 0 0 0 0 0 0 0 0 0 0 0 0 0.375 0.6666666 0.625 0.6666666 0.625 0.7158579 1 1 0.875 1 0.875 0.5 0.875 1 0.75 1 0.75 0.5 0.75 1 0.625 1 0.625 0.5 0.625 1 0.5 1 0.5 0.5 0.5 1 0.375 1 0.375 0.5 0.375 1 0.25 1 0.25 0.5 0.3925527 0.3925527 0.3925527 0.3925527 0.4516 0.25 0.25 1 0.125 1 0.125 0.5 0.125 1 0 1 0 0.5 0.3925527 0.3925527 0.4197056 0.4197056 0.25 0.49 0.3925527 0.3925527 0.4516 0.25 0.49 0.25 0.3925527 0.1074473 0.4197056 0.08029437 0.49 0.25 0.25 0.04839998 0.25 0.00999999 0.4197056 0.08029437 0.1074473 0.1074473 0.08029437 0.08029437 0.25 0.00999999 0.04839998 0.25 0.00999999 0.25 0.08029437 0.08029437 0.1074473 0.3925526 0.08029437 0.4197056 0.00999999 0.25 0.25 0.4516 0.25 0.49 0.08029437 0.4197056 0.04839998 0.25 0.04839998 0.25 0.1074473 0.3925526 0.25 0.04839998 0.25 0.04839998 0.1074473 0.1074473 0.4516 0.25 0.4516 0.25 0.3925527 0.1074473 0.25 0.4516 0.25 0.4516 0.3925527 0.3925527 0.3925527 0.1074473 0.3925527 0.1074473 0.25 0.04839998 0.625 0 0.625 0.25 0.375 0.25 0.625 0.25 0.625 0.5 0.375 0.5 0.625 0.5 0.625 0.75 0.375 0.75 0.625 0.75 0.625 1 0.375 1 0.375 0.5 0.375 0.75 0.125 0.75 0.625 0.5 0.875 0.5 0.875 0.75 0 0 0 0 0 0 0.1074473 0.1074473 0.1074473 0.1074473 0.04839998 0.25 0 0 0 0 0 0 0.375 0.7158579 0.375 0.7841421 0.375 0.8333333 0.625 0.8333333 0.625 0.9166666 0.375 0.9166666 0.375 0.7841421 0.625 0.7841421 0.625 0.8333333 0.625 0.3333333 0.625 0.4166666 0.375 0.4166666 0 0 0 0 0 0 0.375 0.9166666 0.375 0.9166666 0.375 0.8333333 0.375 0.6666666 0.375 0.6612132 0.375 0.5833333 0.375 0.5833333 0.625 0.5833333 0.625 0.6666666 0.375 0.08333331 0.625 0.08333331 0.625 0.1666666 0.625 0.7841421 0.375 0.7841421 0.375 0.7158579 0 0 0 0 0 0 0.875 0.5 0.875 0.75 0.625 0.75 0.125 0.5 0.375 0.5 0.375 0.75 0.625 0.75 0.625 1 0.375 1 0.625 0.5 0.625 0.75 0.375 0.75 0.625 0.25 0.625 0.5 0.375 0.5 0.625 0 0.625 0.25 0.375 0.25 0.625 0.6666666 0.625 0.7158579 0.375 0.7158579 0.1074473 0.3925526 0.25 0.4516 0.25 0.4516 0 0 0 0 0 0 1 1 0.875 1 0.875 0.5 0 0 0 0 0 0 0.875 1 0.75 1 0.75 0.5 0 0 0 0 0 0 0.75 1 0.625 1 0.625 0.5 0 0 0 0 0 0 0.625 1 0.5 1 0.5 0.5 0 0 0 0 0 0 0.5 1 0.375 1 0.375 0.5 0 0 0 0 0 0 0.375 1 0.25 1 0.25 0.5 0.49 0.25 0.4197056 0.4197056 0.00999999 0.25 0.4197056 0.4197056 0.25 0.49 0.00999999 0.25 0.25 0.49 0.08029437 0.4197056 0.00999999 0.25 0.00999999 0.25 0.08029437 0.08029437 0.25 0.00999999 0.25 0.00999999 0.4197056 0.08029437 0.00999999 0.25 0.3925527 0.1074473 0.625 0.5 0.5 0.5 0.25 1 0.125 1 0.125 0.5 0 0 0 0 0 0 0.125 1 0 1 0 0.5 0.5802944 0.4197056 0.75 0.49 0.9197056 0.4197056 0.9197056 0.4197056 0.99 0.25 0.9197056 0.08029437 0.9197056 0.08029437 0.75 0.00999999 0.5802944 0.08029437 0.5802944 0.08029437 0.51 0.25 0.9197056 0.08029437 0.51 0.25 0.5802944 0.4197056 0.9197056 0.08029437 0.375 0.7841421 0.375 0.7158579 0.625 0.7158579 0.625 0.7841421 0.625 0.8333333 0.375 0.8333333 0 0 0 0 0 0 0 0 0 0 0 0 0 0 0 0 0 0 0 0 0 0 0 0 0.625 0.7841421 0.625 0.8333333 0.375 0.8333333 0 0 0 0 0 0 0.625 0.7841421 0.375 0.7841421 0.375 0.7158579 0.375 0.7158579 0.375 0.7841421 0.375 0.8333333 0 0 0 0 0 0 0.875 0.5 0.875 0.75 0.625 0.75 0.125 0.5 0.375 0.5 0.375 0.75 0.625 0.75 0.625 1 0.375 1 0.625 0.5 0.625 0.75 0.375 0.75 0.625 0.25 0.625 0.5 0.375 0.5 0.625 0 0.625 0.25 0.375 0.25 0.375 0.6666666 0.625 0.6666666 0.625 0.7158579 0 0 0 0 0 0 0 0 0 0 0 0 0.375 0.7841421 0.625 0.7841421 0.625 0.8333333 0 0 0 0 0 0 0.625 0.7841421 0.375 0.7841421 0.375 0.7158579 0 0 0 0 0 0 0.625 0.5 0.875 0.5 0.875 0.75 0.375 0.5 0.375 0.75 0.125 0.75 0.625 0.75 0.625 1 0.375 1 0.625 0.5 0.625 0.75 0.375 0.75 0.625 0.25 0.625 0.5 0.375 0.5 0.625 0 0.625 0.25 0.375 0.25 0.625 0.6666666 0.625 0.7158579 0.375 0.7158579 0.375 0.7841421 0.375 0.8333333 0.375 0.6666666 0.375 0.7841421 0.375 0.8333333 0.375 0.6666666 0.2916666 0.5 0.2916666 0.5 0.2916666 0.5 0 0 0 0 0 0 0 0 0 0 0 0 0 0 0 0 0 0 0.375 0.6666666 0.625 0.6666666 0.625 0.7158579 1 1 0.875 1 0.875 0.5 0.875 1 0.75 1 0.75 0.5 0.75 1 0.625 1 0.625 0.5 0.625 1 0.5 1 0.5 0.5 0.5 1 0.375 1 0.375 0.5 0.375 1 0.25 1 0.25 0.5 0.3925527 0.3925527 0.3925527 0.3925527 0.4516 0.25 0.25 1 0.125 1 0.125 0.5 0.125 1 0 1 0 0.5 0.3925527 0.3925527 0.4197056 0.4197056 0.25 0.49 0.4516 0.25 0.49 0.25 0.4197056 0.4197056 0.3925527 0.1074473 0.4197056 0.08029437 0.49 0.25 0.25 0.04839998 0.25 0.00999999 0.4197056 0.08029437 0.1074473 0.1074473 0.08029437 0.08029437 0.25 0.00999999 0.04839998 0.25 0.00999999 0.25 0.08029437 0.08029437 0.1074473 0.3925526 0.08029437 0.4197056 0.00999999 0.25 0.25 0.4516 0.25 0.49 0.08029437 0.4197056 0.04839998 0.25 0.04839998 0.25 0.1074473 0.3925526 0.25 0.04839998 0.25 0.04839998 0.1074473 0.1074473 0.4516 0.25 0.4516 0.25 0.3925527 0.1074473 0.25 0.4516 0.25 0.4516 0.3925527 0.3925527 0.3925527 0.1074473 0.3925527 0.1074473 0.25 0.04839998 0.625 0 0.625 0.25 0.375 0.25 0.625 0.25 0.625 0.5 0.375 0.5 0.625 0.5 0.625 0.75 0.375 0.75 0.625 0.75 0.625 1 0.375 1 0.375 0.5 0.375 0.75 0.125 0.75 0.625 0.5 0.875 0.5 0.875 0.75 0 0 0 0 0 0 0.1074473 0.1074473 0.1074473 0.1074473 0.04839998 0.25 0 0 0 0 0 0 0.375 0.7158579 0.375 0.7841421 0.375 0.8333333 0.375 0.8333333 0.625 0.8333333 0.625 0.9166666 0.625 0.7841421 0.625 0.8333333 0.375 0.8333333 0.375 0.3333333 0.625 0.3333333 0.625 0.4166666 0 0 0 0 0 0 0 0 0 0 0 0 0.375 0.8333333 0.375 0.8333333 0.375 0.8333333 0.375 0.6666666 0.375 0.6666666 0.375 0.5833333 0.375 0.5833333 0.625 0.5833333 0.625 0.6666666 0.625 0.08333331 0.625 0.1666666 0.375 0.1666666 0.625 0.7841421 0.375 0.7841421 0.375 0.7158579 0 0 0 0 0 0 0.875 0.5 0.875 0.75 0.625 0.75 0.125 0.5 0.375 0.5 0.375 0.75 0.625 0.75 0.625 1 0.375 1 0.625 0.5 0.625 0.75 0.375 0.75 0.625 0.25 0.625 0.5 0.375 0.5 0.625 0 0.625 0.25 0.375 0.25 0.375 0.6666666 0.625 0.6666666 0.625 0.7158579 0.1074473 0.3925526 0.25 0.4516 0.25 0.4516 0 0 0 0 0 0 1 1 0.875 1 0.875 0.5 0 0 0 0 0 0 0.875 1 0.75 1 0.75 0.5 0 0 0 0 0 0 0.75 1 0.625 1 0.625 0.5 0 0 0 0 0 0 0.625 1 0.5 1 0.5 0.5 0 0 0 0 0 0 0.5 1 0.375 1 0.375 0.5 0 0 0 0 0 0 0.375 1 0.25 1 0.25 0.5 0.49 0.25 0.4197056 0.4197056 0.25 0.49 0.25 0.49 0.08029437 0.4197056 0.49 0.25 0.08029437 0.4197056 0.00999999 0.25 0.49 0.25 0.00999999 0.25 0.08029437 0.08029437 0.49 0.25 0.08029437 0.08029437 0.25 0.00999999 0.49 0.25 0.625 0.5 0.5 0.5 0.25 0.04839998 0.25 1 0.125 1 0.125 0.5 0 0 0 0 0 0 0.125 1 0 1 0 0.5 0.5802944 0.4197056 0.75 0.49 0.9197056 0.4197056 0.9197056 0.4197056 0.99 0.25 0.5802944 0.4197056 0.99 0.25 0.9197056 0.08029437 0.5802944 0.4197056 0.9197056 0.08029437 0.75 0.00999999 0.5802944 0.08029437 0.5802944 0.08029437 0.51 0.25 0.5802944 0.4197056 0.375 0.7841421 0.375 0.7158579 0.625 0.7158579 0.375 0.7841421 0.625 0.7841421 0.625 0.8333333 0 0 0 0 0 0 0 0 0 0 0 0 0 0 0 0 0 0 0 0 0 0 0 0 0.375 0.7841421 0.625 0.7841421 0.625 0.8333333 0 0 0 0 0 0 0.625 0.7841421 0.375 0.7841421 0.375 0.7158579 0.375 0.7841421 0.375 0.8333333 0.2916666 0.5 0 0 0 0 0 0 0.875 0.5 0.875 0.75 0.625 0.75 0.125 0.5 0.375 0.5 0.375 0.75 0.625 0.75 0.625 1 0.375 1 0.625 0.5 0.625 0.75 0.375 0.75 0.625 0.25 0.625 0.5 0.375 0.5 0.625 0 0.625 0.25 0.375 0.25 0.625 0.6666666 0.625 0.7158579 0.375 0.7158579 0 0 0 0 0 0 0 0 0 0 0 0 0.625 0.7841421 0.625 0.8333333 0.375 0.8333333 0 0 0 0 0 0 0.625 0.7841421 0.375 0.7841421 0.375 0.7158579 0 0 0 0 0 0 0.625 0.5 0.875 0.5 0.875 0.75 0.375 0.5 0.375 0.75 0.125 0.75 0.625 0.75 0.625 1 0.375 1 0.625 0.5 0.625 0.75 0.375 0.75 0.625 0.25 0.625 0.5 0.375 0.5 0.625 0 0.625 0.25 0.375 0.25 0.375 0.6666666 0.625 0.6666666 0.625 0.7158579 0.375 0.7158579 0.375 0.7841421 0.375 0.8333333 0.375 0.7841421 0.375 0.8333333 0.375 0.6666666 0.375 0.3333333 0.375 0.4166666 0.375 0.4112131 0.375 0.5833333 0.375 0.6666666 0.375 0.8333333 0.375 0.8333333 0.375 0.8333333 0.375 0.8333333 0.125 0.5833333 0.125 0.5833333 0.125 0.5833333 0 0 0 0 0 0 0 0 0 0 0 0 0.625 0.6666666 0.625 0.7158579 0.375 0.7158579 1 1 0.875 1 0.875 0.5 0.875 1 0.75 1 0.75 0.5 0.75 1 0.625 1 0.625 0.5 0.625 1 0.5 1 0.5 0.5 0.5 1 0.375 1 0.375 0.5 0.375 1 0.25 1 0.25 0.5 0.3925527 0.3925527 0.3925527 0.3925527 0.4516 0.25 0.25 1 0.125 1 0.125 0.5 0.125 1 0 1 0 0.5 0.3925527 0.3925527 0.4197056 0.4197056 0.25 0.49 0.3925527 0.3925527 0.4516 0.25 0.49 0.25 0.3925527 0.1074473 0.4197056 0.08029437 0.49 0.25 0.25 0.04839998 0.25 0.00999999 0.4197056 0.08029437 0.1074473 0.1074473 0.08029437 0.08029437 0.25 0.00999999 0.1074473 0.1074473 0.04839998 0.25 0.00999999 0.25 0.1074473 0.3925526 0.08029437 0.4197056 0.00999999 0.25 0.25 0.4516 0.25 0.49 0.08029437 0.4197056 0.04839998 0.25 0.04839998 0.25 0.1074473 0.3925526 0.25 0.04839998 0.25 0.04839998 0.1074473 0.1074473 0.4516 0.25 0.4516 0.25 0.3925527 0.1074473 0.25 0.4516 0.25 0.4516 0.3925527 0.3925527 0.3925527 0.1074473 0.3925527 0.1074473 0.25 0.04839998 0.625 0 0.625 0.25 0.375 0.25 0.625 0.25 0.625 0.5 0.375 0.5 0.625 0.5 0.625 0.75 0.375 0.75 0.625 0.75 0.625 1 0.375 1 0.375 0.5 0.375 0.75 0.125 0.75 0.625 0.5 0.875 0.5 0.875 0.75 0 0 0 0 0 0 0.1074473 0.1074473 0.1074473 0.1074473 0.04839998 0.25 0 0 0 0 0 0 0.375 0.7158579 0.375 0.7841421 0.375 0.8333333 0.625 0.8333333 0.625 0.9166666 0.375 0.9166666 0.375 0.7841421 0.625 0.7841421 0.625 0.8333333 0.625 0.3333333 0.625 0.4166666 0.375 0.4166666 0.375 0.1666666 0.375 0.1666666 0.375 0.08333331 0 0 0 0 0 0 0.375 0.8333333 0.375 0.9166666 0.375 0.9112132 0.375 0.5833333 0.625 0.5833333 0.625 0.6666666 0.375 0.08333331 0.625 0.08333331 0.625 0.1666666 0.375 0.7841421 0.375 0.7158579 0.625 0.7158579 0 0 0 0 0 0 0.875 0.5 0.875 0.75 0.625 0.75 0.125 0.5 0.375 0.5 0.375 0.75 0.625 0.75 0.625 1 0.375 1 0.625 0.5 0.625 0.75 0.375 0.75 0.625 0.25 0.625 0.5 0.375 0.5 0.625 0 0.625 0.25 0.375 0.25 0.625 0.6666666 0.625 0.7158579 0.375 0.7158579 0.1074473 0.3925526 0.25 0.4516 0.25 0.4516 0 0 0 0 0 0 1 1 0.875 1 0.875 0.5 0 0 0 0 0 0 0.875 1 0.75 1 0.75 0.5 0 0 0 0 0 0 0.75 1 0.625 1 0.625 0.5 0 0 0 0 0 0 0.625 1 0.5 1 0.5 0.5 0 0 0 0 0 0 0.5 1 0.375 1 0.375 0.5 0 0 0 0 0 0 0.375 1 0.25 1 0.25 0.5 0.49 0.25 0.4197056 0.4197056 0.25 0.49 0.25 0.49 0.08029437 0.4197056 0.00999999 0.25 0.00999999 0.25 0.08029437 0.08029437 0.25 0.00999999 0.25 0.00999999 0.4197056 0.08029437 0.00999999 0.25 0.4197056 0.08029437 0.49 0.25 0.00999999 0.25 0.3925527 0.1074473 0.625 0.5 0.5 0.5 0.25 1 0.125 1 0.125 0.5 0 0 0 0 0 0 0.125 1 0 1 0 0.5 0.5802944 0.4197056 0.75 0.49 0.9197056 0.4197056 0.9197056 0.4197056 0.99 0.25 0.9197056 0.08029437 0.9197056 0.08029437 0.75 0.00999999 0.5802944 0.08029437 0.5802944 0.08029437 0.51 0.25 0.5802944 0.4197056 0.5802944 0.4197056 0.9197056 0.4197056 0.5802944 0.08029437 0.375 0.7841421 0.375 0.7158579 0.625 0.7158579 0.625 0.7841421 0.625 0.8333333 0.375 0.8333333 0 0 0 0 0 0 0 0 0 0 0 0 0 0 0 0 0 0 0 0 0 0 0 0 0.375 0.7841421 0.625 0.7841421 0.625 0.8333333 0 0 0 0 0 0 0.625 0.7841421 0.375 0.7841421 0.375 0.7158579 0.375 0.7158579 0.375 0.7841421 0.375 0.8333333 0 0 0 0 0 0 0.875 0.5 0.875 0.75 0.625 0.75 0.125 0.5 0.375 0.5 0.375 0.75 0.625 0.75 0.625 1 0.375 1 0.625 0.5 0.625 0.75 0.375 0.75 0.625 0.25 0.625 0.5 0.375 0.5 0.625 0 0.625 0.25 0.375 0.25 0.375 0.6666666 0.625 0.6666666 0.625 0.7158579 0 0 0 0 0 0 0 0 0 0 0 0 0.375 0.7841421 0.625 0.7841421 0.625 0.8333333 0 0 0 0 0 0 0.625 0.7841421 0.375 0.7841421 0.375 0.7158579 0 0 0 0 0 0 0.625 0.5 0.875 0.5 0.875 0.75 0.375 0.5 0.375 0.75 0.125 0.75 0.625 0.75 0.625 1 0.375 1 0.625 0.5 0.625 0.75 0.375 0.75 0.625 0.25 0.625 0.5 0.375 0.5 0.625 0 0.625 0.25 0.375 0.25 0.625 0.6666666 0.625 0.7158579 0.375 0.7158579 0.375 0.7841421 0.375 0.8333333 0.375 0.6666666 0.375 0.7158579 0.375 0.7841421 0.375 0.8333333 0 0 0 0 0 0 0 0 0 0 0 0 0.375 0.6666666 0.625 0.6666666 0.625 0.7158579 1 1 0.875 1 0.875 0.5 0.875 1 0.75 1 0.75 0.5 0.75 1 0.625 1 0.625 0.5 0.625 1 0.5 1 0.5 0.5 0.5 1 0.375 1 0.375 0.5 0.375 1 0.25 1 0.25 0.5 0.3925527 0.3925527 0.3925527 0.3925527 0.4516 0.25 0.25 1 0.125 1 0.125 0.5 0.125 1 0 1 0 0.5 0.3925527 0.3925527 0.4197056 0.4197056 0.25 0.49 0.4516 0.25 0.49 0.25 0.4197056 0.4197056 0.3925527 0.1074473 0.4197056 0.08029437 0.49 0.25 0.25 0.04839998 0.25 0.00999999 0.4197056 0.08029437 0.1074473 0.1074473 0.08029437 0.08029437 0.25 0.00999999 0.1074473 0.1074473 0.04839998 0.25 0.00999999 0.25 0.1074473 0.3925526 0.08029437 0.4197056 0.00999999 0.25 0.25 0.4516 0.25 0.49 0.08029437 0.4197056 0.04839998 0.25 0.04839998 0.25 0.1074473 0.3925526 0.25 0.04839998 0.25 0.04839998 0.1074473 0.1074473 0.4516 0.25 0.4516 0.25 0.3925527 0.1074473 0.25 0.4516 0.25 0.4516 0.3925527 0.3925527 0.3925527 0.1074473 0.3925527 0.1074473 0.25 0.04839998 0.625 0 0.625 0.25 0.375 0.25 0.625 0.25 0.625 0.5 0.375 0.5 0.625 0.5 0.625 0.75 0.375 0.75 0.625 0.75 0.625 1 0.375 1 0.375 0.5 0.375 0.75 0.125 0.75 0.625 0.5 0.875 0.5 0.875 0.75 0 0 0 0 0 0 0.1074473 0.1074473 0.1074473 0.1074473 0.04839998 0.25 0 0 0 0 0 0 0.375 0.7841421 0.375 0.8333333 0.125 0.5833333 0.375 0.8333333 0.625 0.8333333 0.625 0.9166666 0.375 0.7841421 0.625 0.7841421 0.625 0.8333333 0.625 0.3333333 0.625 0.4166666 0.375 0.4166666 0.375 0.1666666 0.375 0.1612131 0.375 0.08333331 0 0 0 0 0 0 0.375 0.5833333 0.625 0.5833333 0.625 0.6666666 0.375 0.08333331 0.625 0.08333331 0.625 0.1666666 0.625 0.7841421 0.375 0.7841421 0.375 0.7158579 0 0 0 0 0 0 0.875 0.5 0.875 0.75 0.625 0.75 0.125 0.5 0.375 0.5 0.375 0.75 0.625 0.75 0.625 1 0.375 1 0.625 0.5 0.625 0.75 0.375 0.75 0.625 0.25 0.625 0.5 0.375 0.5 0.625 0 0.625 0.25 0.375 0.25 0.375 0.6666666 0.625 0.6666666 0.625 0.7158579 0.1074473 0.3925526 0.25 0.4516 0.25 0.4516 0 0 0 0 0 0 1 1 0.875 1 0.875 0.5 0 0 0 0 0 0 0.875 1 0.75 1 0.75 0.5 0 0 0 0 0 0 0.75 1 0.625 1 0.625 0.5 0 0 0 0 0 0 0.625 1 0.5 1 0.5 0.5 0 0 0 0 0 0 0.5 1 0.375 1 0.375 0.5 0 0 0 0 0 0 0.375 1 0.25 1 0.25 0.5 0.49 0.25 0.4197056 0.4197056 0.25 0.49 0.25 0.49 0.08029437 0.4197056 0.49 0.25 0.08029437 0.4197056 0.00999999 0.25 0.49 0.25 0.00999999 0.25 0.08029437 0.08029437 0.49 0.25 0.08029437 0.08029437 0.25 0.00999999 0.49 0.25 0.625 0.5 0.5 0.5 0.25 0.04839998 0.25 1 0.125 1 0.125 0.5 0 0 0 0 0 0 0.125 1 0 1 0 0.5 0.5802944 0.4197056 0.75 0.49 0.9197056 0.4197056 0.9197056 0.4197056 0.99 0.25 0.9197056 0.08029437 0.9197056 0.08029437 0.75 0.00999999 0.5802944 0.08029437 0.5802944 0.08029437 0.51 0.25 0.5802944 0.4197056 0.5802944 0.4197056 0.9197056 0.4197056 0.5802944 0.08029437 0.625 0.7841421 0.375 0.7841421 0.375 0.7158579 0.375 0.7841421 0.625 0.7841421 0.625 0.8333333 0 0 0 0 0 0 0 0 0 0 0 0 0 0 0 0 0 0 0 0 0 0 0 0 0.375 0.7841421 0.625 0.7841421 0.625 0.8333333 0 0 0 0 0 0 0.625 0.7841421 0.375 0.7841421 0.375 0.7158579 0.375 0.7841421 0.375 0.8333333 0.2916666 0.5 0 0 0 0 0 0 0.875 0.5 0.875 0.75 0.625 0.75 0.125 0.5 0.375 0.5 0.375 0.75 0.625 0.75 0.625 1 0.375 1 0.625 0.5 0.625 0.75 0.375 0.75 0.625 0.25 0.625 0.5 0.375 0.5 0.625 0 0.625 0.25 0.375 0.25 0.625 0.6666666 0.625 0.7158579 0.375 0.7158579 0 0 0 0 0 0 0 0 0 0 0 0 0.375 0.7841421 0.625 0.7841421 0.625 0.8333333 0 0 0 0 0 0 0.625 0.7841421 0.375 0.7841421 0.375 0.7158579 0 0 0 0 0 0 0.625 0.5 0.875 0.5 0.875 0.75 0.375 0.5 0.375 0.75 0.125 0.75 0.625 0.75 0.625 1 0.375 1 0.625 0.5 0.625 0.75 0.375 0.75 0.625 0.25 0.625 0.5 0.375 0.5 0.625 0 0.625 0.25 0.375 0.25 0.625 0.6666666 0.625 0.7158579 0.375 0.7158579 0.375 0.7841421 0.375 0.8333333 0.375 0.6666666 0.375 0.7158579 0.375 0.7841421 0.375 0.8333333 0.375 0.4166666 0.375 0.4166666 0.375 0.3333333 0.5138888 0.25 0.5138888 0.1666666 0.5398759 0.1666666 0.5398759 0.1666666 0.5416666 0.1666666 0.5416666 0.25 0.7638888 0.5833333 0.7638888 0.5 0.789876 0.5833333 0.7638888 0.5 0.7916666 0.5 0.789876 0.5833333 0.625 0.1666666 0.625 0.25 0.5416666 0.25 0.2083332 0.5 0.2083333 0.5833333 0.125 0.5833333 0.4583333 0.25 0.4583333 0.1666666 0.460124 0.1666666 0.460124 0.1666666 0.4861111 0.1666666 0.4861111 0.25 0.4909988 0.1666666 0.5138888 0.1666666 0.5138888 0.25 0.2083333 0.5833333 0.2083333 0.5 0.210124 0.5833333 0.2083333 0.5 0.2361111 0.5 0.210124 0.5833333 0.5138888 0.08333331 0.5138888 0 0.539876 0.08333331 0.5138888 0 0.5416666 0 0.539876 0.08333331 0.7638888 0.75 0.7638888 0.6666666 0.789876 0.6666666 0.789876 0.6666666 0.7916667 0.6666666 0.7916666 0.75 0.2083333 0.75 0.125 0.75 0.125 0.6666666 0.625 0.08333331 0.5416666 0.08333331 0.5416666 0 0.4583333 0.08333331 0.4583333 0 0.460124 0.08333331 0.4583333 0 0.4861111 0 0.460124 0.08333331 0.5138888 0 0.5090011 0.08333331 0.4861111 0.08333331 0.2083333 0.75 0.2083333 0.6666666 0.210124 0.6666666 0.210124 0.6666666 0.2361111 0.6666666 0.2361111 0.75 0.2361111 0.75 0.2361111 0.6520034 0.2361111 0.5833333 0.7638888 0.5 0.7638889 0.5979965 0.7638888 0.6666666 0.3579229 0.3703945 0.3553084 0.378188 0.3553084 0.378188 1 1 0.875 1 0.875 0.5 0.875 1 0.75 1 0.75 0.5 0.75 1 0.625 1 0.625 0.5 0.625 1 0.5 1 0.5 0.5 0.5 1 0.375 1 0.375 0.5 0.375 1 0.25 1 0.25 0.5 0.25 1 0.125 1 0.125 0.5 0.125 0.5 0.125 1 0 1 0.7160589 0.2839412 0.75 0.298 0.783941 0.2839411 0.783941 0.2839411 0.798 0.25 0.7839411 0.2160589 0.7839411 0.2160589 0.75 0.202 0.7160589 0.2160589 0.7160589 0.2160589 0.702 0.25 0.7160589 0.2839412 0.7160589 0.2839412 0.783941 0.2839411 0.7839411 0.2160589 0.7500001 0.442 0.75 0.49 0.9197056 0.4197056 0.8857645 0.3857645 0.9197056 0.4197056 0.99 0.25 0.9420001 0.25 0.99 0.25 0.9197056 0.08029437 0.75 0.05799996 0.8857645 0.1142355 0.9197056 0.08029437 0.75 0.05799996 0.75 0.00999999 0.5802944 0.08029437 0.6142354 0.1142355 0.5802944 0.08029437 0.51 0.25 0.558 0.25 0.51 0.25 0.5802944 0.4197056 0.6142355 0.3857645 0.5802944 0.4197056 0.75 0.49 0.798 0.25 0.798 0.25 0.7839411 0.2160589 0.75 0.05799996 0.75 0.05799996 0.8857645 0.1142355 0.783941 0.2839411 0.783941 0.2839411 0.798 0.25 0.8857645 0.1142355 0.8857645 0.1142355 0.9420001 0.25 0.783941 0.2839411 0.75 0.298 0.75 0.298 0.9420001 0.25 0.9420001 0.25 0.8857645 0.3857645 0.7160589 0.2839412 0.7160589 0.2839412 0.75 0.298 0.8857645 0.3857645 0.8857645 0.3857645 0.7500001 0.442 0.75 0.298 0.7500001 0.442 0.8857645 0.3857645 0.783941 0.2839411 0.8857645 0.3857645 0.9420001 0.25 0.798 0.25 0.9420001 0.25 0.8857645 0.1142355 0.75 0.202 0.7839411 0.2160589 0.8857645 0.1142355 0.75 0.202 0.75 0.05799996 0.6142354 0.1142355 0.7160589 0.2160589 0.6142354 0.1142355 0.558 0.25 0.7160589 0.2839412 0.702 0.25 0.558 0.25 0.75 0.298 0.7160589 0.2839412 0.6142355 0.3857645 0.6142354 0.1142355 0.6142354 0.1142355 0.75 0.05799996 0.7839411 0.2160589 0.7839411 0.2160589 0.75 0.202 0.558 0.25 0.558 0.25 0.6142354 0.1142355 0.75 0.202 0.75 0.202 0.7160589 0.2160589 0.6142355 0.3857645 0.6142355 0.3857645 0.558 0.25 0.7160589 0.2160589 0.7160589 0.2160589 0.702 0.25 0.7500001 0.442 0.7500001 0.442 0.6142355 0.3857645 0.702 0.25 0.702 0.25 0.7160589 0.2839412 0.3504641 0.3769644 0.2799742 0.4329368 0.125 0.5 0.2838775 0.4491374 0.2361111 0.5 0.2083333 0.5 0.602806 0.3169239 0.5416666 0.25 0.625 0.25 0.2799742 0.4329368 0.2785913 0.4346407 0.2083333 0.5 0.5739722 0.3063209 0.5138888 0.25 0.5416666 0.25 0.3504641 0.3769644 0.4861111 0.25 0.5138888 0.25 0.6480047 0.3784566 0.6048047 0.3186272 0.625 0.25 0.6753306 0.4920897 0.7638888 0.75 0.7916666 0.75 0.5938785 0.2522701 0.6412094 0.3702481 0.5416666 0 0.3553084 0.378188 0.3579229 0.3703945 0.4583333 0 0.6438232 0.378041 0.7916666 0.75 0.5416666 0 0.405023 0.2524518 0.4861111 0 0.4583333 0 0.405023 0.2524518 0.5938785 0.2522701 0.5138888 0 0.3235254 0.4923088 0.3553084 0.378188 0.2083333 0.75 0.2838775 0.4491374 0.3235254 0.4923088 0.2361111 0.75 0.6480047 0.3784566 0.7638888 0.5 0.7638888 0.75 0.6412094 0.3702481 0.5938785 0.2522701 0.6753306 0.4920897 0.6048047 0.3186272 0.6048047 0.3186272 0.602806 0.3169239 0.6412094 0.3702481 0.6412094 0.3702481 0.6438232 0.378041 0.2799742 0.4329368 0.2799742 0.4329368 0.2785913 0.4346407 0.405023 0.2524518 0.3579229 0.3703945 0.3579229 0.3703945 0.602806 0.3169239 0.602806 0.3169239 0.5739722 0.3063209 0.405023 0.2524518 0.405023 0.2524518 0.5938785 0.2522701 0.5739722 0.3063209 0.5739722 0.3063209 0.3504641 0.3769644 0.3235254 0.4923088 0.3235254 0.4923088 0.3553084 0.378188 0.6480047 0.3784566 0.6480047 0.3784566 0.6048047 0.3186272 0.2838775 0.4491374 0.2838775 0.4491374 0.3235254 0.4923088 0.6438232 0.378041 0.6438232 0.378041 0.6753306 0.4920897 0.3504641 0.3769644 0.3504641 0.3769644 0.2799742 0.4329368 0.6753306 0.4920897 0.6753306 0.4920897 0.6480047 0.3784566 0.5938785 0.2522701 0.5938785 0.2522701 0.6412094 0.3702481 0.2785913 0.4346407 0.2785913 0.4346407 0.2838775 0.4491374 0.875 1 0.6753306 0.4920897 0.5938785 0.2522701 0.875 1 1 1 0.6480047 0.3784566 0.6048047 0.3186272 0.6480047 0.3784566 0.5739722 0.3063209 0.125 1 0.5739722 0.3063209 0.6480047 0.3784566 0.3504641 0.3769644 0.5739722 0.3063209 0.125 1 0.2799742 0.4329368 0.3504641 0.3769644 0.2838775 0.4491374 0.2838775 0.4491374 0.3504641 0.3769644 0.25 1 0.5 1 0.3235254 0.4923088 0.2838775 0.4491374 0.3235254 0.4923088 0.405023 0.2524518 0.3579229 0.3703945 0.5 1 0.625 1 0.405023 0.2524518 0.75 1 0.5938785 0.2522701 0.405023 0.2524518 0.375 0.5833333 0.375 0.6666666 0.375 0.8333333 0 0 0 0 0 0 0.375 0.5833333 0.375 0.6666666 0.375 0.8333333 0 0 0 0 0 0 0.375 0.1666666 0.375 0.5833333 0.375 0.6666666 0 0 0.375 0.7158579 1 0.5 1 1 0.875 1 0.875 0.5 0.875 1 0.75 1 0.75 0.5 0.75 1 0.625 1 0.625 0.5 0.625 1 0.5 1 0.5 0.5 0.5 1 0.375 1 0.375 0.5 0.375 1 0.25 1 0.25 0.5 0.49 0.25 0.4197056 0.4197056 0.25 0.49 0.25 0.49 0.08029437 0.4197056 0.00999999 0.25 0.00999999 0.25 0.08029437 0.08029437 0.25 0.00999999 0.25 0.00999999 0.4197056 0.08029437 0.49 0.25 0.49 0.25 0.25 0.49 0.00999999 0.25 0.25 1 0.125 1 0.125 0.5 0.125 1 0 1 0 0.5 0 0.5 0.375 0.7158579 0.375 0.7841421 0 0 0 0 0 0 0 0 0 0 0.75 0.5 0 0 0 0 0 0 0 0 0 0 0.5 0.5 0 0 0 0 0 0 0.375 0.7841421 0 0 0.25 0.5 0.7916667 0.6666666 0.375 0.7121896 0.539876 0.08333331 0.375 0.7121896 0.375 0.7878103 0.375 0.8333333 0.1932847 0.6516181 0.375 0.7878102 0.375 0.8333333 0.125 0.5833333 0.1932847 0.6516181 0.375 0.7878102 0.2083332 0.6666666 0.125 0.6666666 0.460124 0.08333331 0.3144282 0.591046 0.3067155 0.7650489 0.375 0.8333333 0.375 0.7121896 0.375 0.7878103 0.375 0.8333333 0.5416666 0.1666666 0.375 0.7121895 0.789876 0.5833333 0.375 0.7121895 0.3522385 0.7422876 0.375 0.8333333 0.2916666 0.5 0.5090011 0.1666666 0.375 0.7121895 0.375 0.7121895 0.3522385 0.7422876 0.375 0.8333333 0.3144281 0.5910457 0.460124 0.1666666 0.125 0.5833333 0.3144281 0.5910457 0.3067157 0.765049 0.375 0.8333333 0.125 0.5833333 0.3067157 0.765049 0.2361111 0.6520034 0.375 0.6666666 0.375 0.7878102 0.5090011 0.08333331 0.375 0.7878103 0.7638889 0.5979965 0.375 0.8333333</float_array>
          <technique_common>
            <accessor source="#Cube_002-mesh-map-0-array" count="3636" stride="2">
              <param name="S" type="float"/>
              <param name="T" type="float"/>
            </accessor>
          </technique_common>
        </source>
        <vertices id="Cube_002-mesh-vertices">
          <input semantic="POSITION" source="#Cube_002-mesh-positions"/>
        </vertices>
        <triangles material="paintable-0_002-material" count="800">
          <input semantic="VERTEX" source="#Cube_002-mesh-vertices" offset="0"/>
          <input semantic="NORMAL" source="#Cube_002-mesh-normals" offset="1"/>
          <input semantic="TEXCOORD" source="#Cube_002-mesh-map-0" offset="2" set="0"/>
          <p>49 0 0 29 0 1 47 0 2 22 1 3 78 1 4 26 1 5 40 2 6 79 2 7 76 2 8 11 3 9 33 3 10 83 3 11 10 4 12 34 4 13 33 4 14 12 5 15 58 5 16 34 5 17 13 6 18 45 6 19 58 6 20 14 7 21 94 7 22 45 7 23 15 8 24 95 8 25 94 8 26 3 9 27 57 9 28 4 9 29 16 10 30 82 10 31 95 10 32 17 11 33 83 11 34 82 11 35 3 12 36 11 12 37 2 12 38 3 13 39 12 13 40 10 13 41 5 14 42 12 14 43 4 14 44 6 15 45 13 15 46 5 15 47 7 16 48 14 16 49 6 16 50 8 17 51 15 17 52 7 17 53 9 18 54 16 18 55 8 18 56 2 19 57 17 19 58 9 19 59 8 20 60 21 20 61 9 20 62 6 21 63 19 21 64 7 21 65 4 22 66 56 22 67 5 22 68 2 23 69 43 23 70 3 23 71 5 24 72 18 24 73 6 24 74 58 31 93 22 31 94 24 31 95 7 32 96 20 32 97 8 32 98 29 33 99 51 33 100 47 33 101 81 34 102 550 34 103 84 34 104 45 35 105 96 35 106 38 35 107 31 36 108 34 36 109 42 36 110 83 37 111 551 37 112 550 37 113 1 38 114 30 38 115 49 38 116 96 39 117 423 39 118 38 39 119 40 40 120 542 40 121 42 40 122 42 41 123 58 41 124 40 41 125 97 42 126 82 42 127 84 42 128 30 43 129 32 43 130 29 43 131 33 44 132 1 44 133 51 44 134 33 51 153 32 51 154 551 51 155 21 52 156 2 52 157 9 52 158 19 53 159 72 53 160 20 53 161 61 54 162 62 54 163 60 54 164 21 55 165 72 55 166 74 55 167 63 56 168 64 56 169 62 56 170 55 57 171 74 57 172 60 57 173 65 58 174 66 58 175 64 58 176 55 59 177 62 59 178 43 59 179 67 60 180 68 60 181 66 60 182 43 61 183 64 61 184 57 61 185 69 62 186 70 62 187 68 62 188 56 63 189 64 63 190 66 63 191 71 64 192 72 64 193 70 64 194 67 65 195 65 65 196 73 65 197 56 66 198 68 66 199 18 66 200 73 67 201 74 67 202 72 67 203 18 68 204 70 68 205 19 68 206 75 69 207 60 69 208 74 69 209 74 70 210 62 70 211 66 70 212 77 71 213 79 71 214 78 71 215 78 72 216 38 72 217 77 72 218 26 73 219 79 73 220 28 73 221 79 74 222 24 74 223 28 74 224 88 75 225 41 75 226 86 75 227 41 76 228 90 76 229 86 76 230 35 77 231 550 77 232 549 77 233 46 78 234 35 78 235 88 78 236 35 79 237 81 79 238 41 79 239 32 80 240 42 80 241 551 80 242 82 81 243 46 81 244 90 81 245 84 88 264 41 88 265 81 88 266 100 89 267 53 89 268 98 89 269 53 90 270 102 90 271 98 90 272 92 91 273 95 91 274 97 91 275 39 92 276 54 92 277 100 92 278 54 93 279 93 93 280 53 93 281 94 94 282 39 94 283 102 94 284 94 101 303 93 101 304 96 101 305 92 102 306 96 102 307 93 102 308 77 103 309 40 103 310 76 103 311 551 104 312 105 104 313 548 104 314 571 105 315 572 105 316 40 105 317 433 106 318 96 106 319 97 106 320 547 107 321 549 107 322 550 107 323 42 108 324 542 108 325 430 108 326 156 109 327 136 109 328 154 109 329 129 110 330 185 110 331 133 110 332 147 111 333 186 111 334 183 111 335 118 112 336 140 112 337 190 112 338 117 113 339 141 113 340 140 113 341 119 114 342 165 114 343 141 114 344 120 115 345 152 115 346 165 115 347 121 116 348 201 116 349 152 116 350 122 117 351 202 117 352 201 117 353 110 118 354 164 118 355 111 118 356 123 119 357 189 119 358 202 119 359 124 120 360 190 120 361 189 120 362 110 121 363 118 121 364 109 121 365 111 122 366 117 122 367 110 122 368 112 123 369 119 123 370 111 123 371 113 124 372 120 124 373 112 124 374 114 125 375 121 125 376 113 125 377 115 126 378 122 126 379 114 126 380 116 127 381 123 127 382 115 127 383 109 128 384 124 128 385 116 128 386 115 129 387 128 129 388 116 129 389 113 130 390 126 130 391 114 130 392 111 131 393 163 131 394 112 131 395 109 132 396 150 132 397 110 132 398 112 133 399 125 133 400 113 133 401 165 140 420 129 140 421 131 140 422 114 141 423 127 141 424 115 141 425 136 142 426 158 142 427 154 142 428 188 143 429 192 143 430 37 143 431 548 144 432 201 144 433 547 144 434 137 145 435 149 145 436 138 145 437 192 146 438 140 146 439 144 146 440 84 147 441 246 147 442 254 147 443 108 148 444 137 148 445 156 148 446 315 149 447 390 149 448 214 149 449 147 150 450 421 150 451 149 150 452 149 151 453 165 151 454 147 151 455 202 152 456 37 152 457 80 152 458 137 153 459 139 153 460 136 153 461 140 154 462 108 154 463 158 154 464 144 161 483 136 161 484 139 161 485 128 162 486 109 162 487 116 162 488 126 163 489 179 163 490 127 163 491 168 164 492 169 164 493 167 164 494 127 165 495 181 165 496 128 165 497 170 166 498 171 166 499 169 166 500 128 167 501 167 167 502 162 167 503 172 168 504 173 168 505 171 168 506 162 169 507 169 169 508 150 169 509 174 170 510 175 170 511 173 170 512 150 171 513 171 171 514 164 171 515 176 172 516 177 172 517 175 172 518 163 173 519 171 173 520 173 173 521 178 174 522 179 174 523 177 174 524 176 175 525 174 175 526 172 175 527 173 176 528 125 176 529 163 176 530 180 177 531 181 177 532 179 177 533 125 178 534 177 178 535 126 178 536 182 179 537 167 179 538 181 179 539 173 180 540 177 180 541 181 180 542 184 181 543 186 181 544 185 181 545 184 182 546 152 182 547 548 182 548 133 183 549 186 183 550 135 183 551 186 184 552 131 184 553 135 184 554 195 185 555 148 185 556 193 185 557 148 186 558 197 186 559 193 186 560 187 187 561 190 187 562 192 187 563 153 188 564 142 188 565 195 188 566 142 189 567 188 189 568 148 189 569 138 190 570 144 190 571 139 190 572 189 191 573 153 191 574 197 191 575 189 198 594 188 198 595 37 198 596 207 199 597 160 199 598 205 199 599 160 200 600 209 200 601 205 200 602 161 201 603 80 201 604 85 201 605 146 202 606 161 202 607 207 202 608 161 203 609 546 203 610 160 203 611 201 204 612 146 204 613 209 204 614 547 211 633 160 211 634 546 211 635 546 212 636 80 212 637 547 212 638 184 213 639 147 213 640 183 213 641 192 214 642 424 214 643 544 214 644 548 215 645 105 215 646 431 215 647 192 216 648 544 216 649 432 216 650 254 217 651 97 217 652 84 217 653 97 218 654 409 218 655 106 218 656 37 219 657 145 219 658 200 219 659 575 220 660 568 220 661 144 220 662 261 221 663 244 221 664 259 221 665 237 222 666 290 222 667 241 222 668 270 223 669 288 223 670 417 223 671 226 224 672 247 224 673 295 224 674 225 225 675 248 225 676 247 225 677 227 226 678 270 226 679 248 226 680 228 227 681 257 227 682 270 227 683 229 228 684 305 228 685 257 228 686 230 229 687 306 229 688 305 229 689 218 230 690 269 230 691 219 230 692 231 231 693 294 231 694 306 231 695 232 232 696 295 232 697 294 232 698 218 233 699 226 233 700 217 233 701 218 234 702 227 234 703 225 234 704 220 235 705 227 235 706 219 235 707 221 236 708 228 236 709 220 236 710 222 237 711 229 237 712 221 237 713 222 238 714 231 238 715 230 238 716 224 239 717 231 239 718 223 239 719 217 240 720 232 240 721 224 240 722 223 241 723 236 241 724 224 241 725 221 242 726 234 242 727 222 242 728 219 243 729 268 243 730 220 243 731 217 244 732 255 244 733 218 244 734 220 245 735 233 245 736 221 245 737 270 252 756 237 252 757 239 252 758 222 253 759 235 253 760 223 253 761 244 254 762 263 254 763 259 254 764 293 255 765 204 255 766 296 255 767 257 256 768 307 256 769 251 256 770 246 257 771 248 257 772 254 257 773 295 258 774 199 258 775 204 258 776 296 259 777 418 259 778 308 259 779 216 260 780 245 260 781 261 260 782 251 261 783 422 261 784 541 261 785 254 262 786 270 262 787 417 262 788 308 263 789 294 263 790 296 263 791 246 264 792 244 264 793 245 264 794 247 265 795 216 265 796 263 265 797 247 272 816 191 272 817 199 272 818 236 273 819 217 273 820 224 273 821 234 274 822 284 274 823 235 274 824 273 275 825 274 275 826 272 275 827 236 276 828 284 276 829 286 276 830 275 277 831 276 277 832 274 277 833 267 278 834 286 278 835 272 278 836 277 279 837 278 279 838 276 279 839 267 280 840 274 280 841 255 280 842 279 281 843 280 281 844 278 281 845 255 282 846 276 282 847 269 282 848 281 283 849 282 283 850 280 283 851 268 284 852 276 284 853 278 284 854 283 285 855 284 285 856 282 285 857 277 286 858 273 286 859 285 286 860 268 287 861 280 287 862 233 287 863 285 288 864 286 288 865 284 288 866 233 289 867 282 289 868 234 289 869 287 290 870 272 290 871 286 290 872 274 291 873 278 291 874 282 291 875 289 292 876 291 292 877 290 292 878 290 293 879 251 293 880 289 293 881 241 294 882 291 294 883 243 294 884 291 295 885 239 295 886 243 295 887 299 296 888 253 296 889 297 296 890 253 297 891 301 297 892 297 297 893 292 298 894 295 298 895 204 298 896 258 299 897 249 299 898 299 299 899 249 300 900 293 300 901 253 300 902 191 301 903 254 301 904 199 301 905 294 302 906 258 302 907 301 302 908 296 309 927 253 309 928 293 309 929 311 310 930 265 310 931 309 310 932 265 311 933 313 311 934 309 311 935 303 312 936 306 312 937 308 312 938 252 313 939 266 313 940 311 313 941 266 314 942 304 314 943 265 314 944 305 315 945 252 315 946 313 315 947 305 322 966 304 322 967 307 322 968 303 323 969 307 323 970 304 323 971 288 324 972 251 324 973 417 324 974 251 325 975 541 325 976 441 325 977 204 326 978 315 326 979 438 326 980 308 327 981 570 327 982 307 327 983 363 328 984 345 328 985 361 328 986 338 329 987 391 329 988 342 329 989 203 330 990 392 330 991 213 330 992 327 331 993 349 331 994 396 331 995 326 332 996 350 332 997 349 332 998 328 333 999 372 333 1000 350 333 1001 329 334 1002 359 334 1003 372 334 1004 330 335 1005 407 335 1006 359 335 1007 331 336 1008 408 336 1009 407 336 1010 319 337 1011 371 337 1012 320 337 1013 332 338 1014 395 338 1015 408 338 1016 333 339 1017 396 339 1018 395 339 1019 319 340 1020 327 340 1021 318 340 1022 320 341 1023 326 341 1024 319 341 1025 321 342 1026 328 342 1027 320 342 1028 322 343 1029 329 343 1030 321 343 1031 323 344 1032 330 344 1033 322 344 1034 323 345 1035 332 345 1036 331 345 1037 325 346 1038 332 346 1039 324 346 1040 318 347 1041 333 347 1042 325 347 1043 324 348 1044 337 348 1045 325 348 1046 322 349 1047 335 349 1048 323 349 1049 320 350 1050 370 350 1051 321 350 1052 318 351 1053 357 351 1054 319 351 1055 321 352 1056 334 352 1057 322 352 1058 372 359 1077 338 359 1078 340 359 1079 323 360 1080 336 360 1081 324 360 1082 345 361 1083 365 361 1084 361 361 1085 393 362 1086 397 362 1087 394 362 1088 355 363 1089 407 363 1090 390 363 1091 347 364 1092 350 364 1093 200 364 1094 396 365 1095 353 365 1096 398 365 1097 397 366 1098 539 366 1099 410 366 1100 317 367 1101 346 367 1102 363 367 1103 200 368 1104 372 368 1105 203 368 1106 410 369 1107 395 369 1108 397 369 1109 346 370 1110 348 370 1111 345 370 1112 349 371 1113 317 371 1114 365 371 1115 353 378 1134 345 378 1135 348 378 1136 337 379 1137 318 379 1138 325 379 1139 335 380 1140 386 380 1141 336 380 1142 375 381 1143 376 381 1144 374 381 1145 336 382 1146 388 382 1147 337 382 1148 377 383 1149 378 383 1150 376 383 1151 369 384 1152 388 384 1153 374 384 1154 379 385 1155 380 385 1156 378 385 1157 369 386 1158 376 386 1159 357 386 1160 381 387 1161 382 387 1162 380 387 1163 357 388 1164 378 388 1165 371 388 1166 383 389 1167 384 389 1168 382 389 1169 370 390 1170 378 390 1171 380 390 1172 385 391 1173 386 391 1174 384 391 1175 383 392 1176 381 392 1177 379 392 1178 380 393 1179 334 393 1180 370 393 1181 387 394 1182 388 394 1183 386 394 1184 334 395 1185 384 395 1186 335 395 1187 389 396 1188 374 396 1189 388 396 1190 376 397 1191 380 397 1192 384 397 1193 391 398 1194 213 398 1195 392 398 1196 211 399 1197 359 399 1198 355 399 1199 342 400 1200 392 400 1201 344 400 1202 392 401 1203 340 401 1204 344 401 1205 401 402 1206 356 402 1207 399 402 1208 356 403 1209 403 403 1210 399 403 1211 393 404 1212 396 404 1213 398 404 1214 360 405 1215 351 405 1216 401 405 1217 351 406 1218 394 406 1219 356 406 1220 347 407 1221 353 407 1222 348 407 1223 395 408 1224 360 408 1225 403 408 1226 395 415 1245 394 415 1246 397 415 1247 413 416 1248 367 416 1249 411 416 1250 367 417 1251 415 417 1252 411 417 1253 405 418 1254 408 418 1255 410 418 1256 354 419 1257 368 419 1258 413 419 1259 368 420 1260 406 420 1261 367 420 1262 407 421 1263 354 421 1264 415 421 1265 407 428 1284 406 428 1285 390 428 1286 405 429 1287 390 429 1288 406 429 1289 213 430 1290 355 430 1291 203 430 1292 353 431 1293 425 431 1294 398 431 1295 439 432 1296 390 432 1297 410 432 1298 574 433 1299 573 433 1300 397 433 1301 200 434 1302 145 434 1303 440 434 1304 550 536 1608 548 536 1609 547 536 1610 203 537 1611 85 537 1612 80 537 1613 80 538 1614 200 538 1615 203 538 1616 199 539 1617 211 539 1618 355 539 1619 199 540 1620 390 540 1621 204 540 1622 85 541 1623 552 541 1624 554 541 1625 553 542 1626 554 542 1627 552 542 1628 555 543 1629 556 543 1630 554 543 1631 557 544 1632 558 544 1633 556 544 1634 559 545 1635 560 545 1636 558 545 1637 561 546 1638 562 546 1639 560 546 1640 563 547 1641 564 547 1642 562 547 1643 565 548 1644 561 548 1645 557 548 1646 565 549 1647 566 549 1648 564 549 1649 567 550 1650 552 550 1651 566 550 1652 552 551 1653 211 551 1654 566 551 1655 85 552 1656 556 552 1657 546 552 1658 549 553 1659 556 553 1660 558 553 1661 549 554 1662 560 554 1663 81 554 1664 246 555 1665 560 555 1666 562 555 1667 246 556 1668 564 556 1669 191 556 1670 211 557 1671 564 557 1672 566 557 1673 570 559 1677 541 559 1678 422 559 1679 438 560 1680 418 560 1681 538 560 1682 419 561 1683 439 561 1684 539 561 1685 435 562 1686 573 562 1687 574 562 1688 440 563 1689 425 563 1690 545 563 1691 433 564 1692 423 564 1693 540 564 1694 572 566 1698 542 566 1699 420 566 1700 104 567 1701 431 567 1702 105 567 1703 431 568 1704 421 568 1705 543 568 1706 568 570 1710 544 570 1711 424 570 1712 212 571 1713 440 571 1714 145 571 1715 214 572 1716 438 572 1717 315 572 1718 441 573 1719 106 573 1720 409 573 1721 441 574 1722 409 574 1723 417 574 1724 417 575 1725 251 575 1726 441 575 1727 97 576 1728 106 576 1729 433 576 1730 433 577 1731 540 577 1732 96 577 1733 572 578 1734 420 578 1735 40 578 1736 40 579 1737 38 579 1738 571 579 1739 38 580 1740 423 580 1741 571 580 1742 104 581 1743 551 581 1744 430 581 1745 551 582 1746 42 582 1747 430 582 1748 431 583 1749 543 583 1750 147 583 1751 147 584 1752 548 584 1753 431 584 1754 568 585 1755 424 585 1756 144 585 1757 144 586 1758 149 586 1759 575 586 1760 149 587 1761 421 587 1762 575 587 1763 212 588 1764 37 588 1765 432 588 1766 37 589 1767 192 589 1768 432 589 1769 440 590 1770 545 590 1771 353 590 1772 353 591 1773 200 591 1774 440 591 1775 573 592 1776 419 592 1777 397 592 1778 397 593 1779 398 593 1780 574 593 1781 398 594 1782 425 594 1783 574 594 1784 410 595 1785 539 595 1786 439 595 1787 439 596 1788 214 596 1789 390 596 1790 538 597 1791 296 597 1792 438 597 1793 296 598 1794 204 598 1795 438 598 1796 308 599 1797 418 599 1798 569 599 1799 569 600 1800 570 600 1801 308 600 1802 570 601 1803 422 601 1804 307 601 1805 49 602 1806 30 602 1807 29 602 1808 22 603 1809 45 603 1810 78 603 1811 40 604 1812 58 604 1813 79 604 1814 11 605 1815 10 605 1816 33 605 1817 10 606 1818 12 606 1819 34 606 1820 12 607 1821 13 607 1822 58 607 1823 13 608 1824 14 608 1825 45 608 1826 14 609 1827 15 609 1828 94 609 1829 15 610 1830 16 610 1831 95 610 1832 3 611 1833 43 611 1834 57 611 1835 16 612 1836 17 612 1837 82 612 1838 17 613 1839 11 613 1840 83 613 1841 3 614 1842 10 614 1843 11 614 1844 3 615 1845 4 615 1846 12 615 1847 5 616 1848 13 616 1849 12 616 1850 6 617 1851 14 617 1852 13 617 1853 7 618 1854 15 618 1855 14 618 1856 8 619 1857 16 619 1858 15 619 1859 9 620 1860 17 620 1861 16 620 1862 2 621 1863 11 621 1864 17 621 1865 8 622 1866 20 622 1867 21 622 1868 6 623 1869 18 623 1870 19 623 1871 4 624 1872 57 624 1873 56 624 1874 2 625 1875 55 625 1876 43 625 1877 5 626 1878 56 626 1879 18 626 1880 58 633 1899 45 633 1900 22 633 1901 7 634 1902 19 634 1903 20 634 1904 29 635 1905 33 635 1906 51 635 1907 81 636 1908 549 636 1909 550 636 1910 45 637 1911 94 637 1912 96 637 1913 31 638 1914 30 638 1915 34 638 1916 83 639 1917 33 639 1918 551 639 1919 1 640 1920 34 640 1921 30 640 1922 96 641 1923 540 641 1924 423 641 1925 40 642 1926 420 642 1927 542 642 1928 42 643 1929 34 643 1930 58 643 1931 97 644 1932 95 644 1933 82 644 1934 30 645 1935 31 645 1936 32 645 1937 33 646 1938 34 646 1939 1 646 1940 33 653 1959 29 653 1960 32 653 1961 21 654 1962 55 654 1963 2 654 1964 19 655 1965 70 655 1966 72 655 1967 61 656 1968 63 656 1969 62 656 1970 21 657 1971 20 657 1972 72 657 1973 63 658 1974 65 658 1975 64 658 1976 55 659 1977 21 659 1978 74 659 1979 65 660 1980 67 660 1981 66 660 1982 55 661 1983 60 661 1984 62 661 1985 67 662 1986 69 662 1987 68 662 1988 43 663 1989 62 663 1990 64 663 1991 69 664 1992 71 664 1993 70 664 1994 56 665 1995 57 665 1996 64 665 1997 71 666 1998 73 666 1999 72 666 2000 65 667 2001 63 667 2002 73 667 2003 63 668 2004 61 668 2005 73 668 2006 61 669 2007 75 669 2008 73 669 2009 73 670 2010 71 670 2011 69 670 2012 69 671 2013 67 671 2014 73 671 2015 56 672 2016 66 672 2017 68 672 2018 73 673 2019 75 673 2020 74 673 2021 18 674 2022 68 674 2023 70 674 2024 75 675 2025 61 675 2026 60 675 2027 74 676 2028 60 676 2029 62 676 2030 62 677 2031 64 677 2032 66 677 2033 66 678 2034 68 678 2035 70 678 2036 70 679 2037 72 679 2038 66 679 2039 72 680 2040 74 680 2041 66 680 2042 77 681 2043 76 681 2044 79 681 2045 78 682 2046 45 682 2047 38 682 2048 26 683 2049 78 683 2050 79 683 2051 79 684 2052 58 684 2053 24 684 2054 88 685 2055 35 685 2056 41 685 2057 41 686 2058 82 686 2059 90 686 2060 35 687 2061 83 687 2062 550 687 2063 46 688 2064 83 688 2065 35 688 2066 35 689 2067 549 689 2068 81 689 2069 32 690 2070 31 690 2071 42 690 2072 82 691 2073 83 691 2074 46 691 2075 84 698 2094 82 698 2095 41 698 2096 100 699 2097 54 699 2098 53 699 2099 53 700 2100 94 700 2101 102 700 2102 92 701 2103 54 701 2104 95 701 2105 39 702 2106 95 702 2107 54 702 2108 54 703 2109 92 703 2110 93 703 2111 94 704 2112 95 704 2113 39 704 2114 94 711 2133 53 711 2134 93 711 2135 92 712 2136 97 712 2137 96 712 2138 77 713 2139 38 713 2140 40 713 2141 551 714 2142 104 714 2143 105 714 2144 547 715 2145 546 715 2146 549 715 2147 156 716 2148 137 716 2149 136 716 2150 129 717 2151 152 717 2152 185 717 2153 147 718 2154 165 718 2155 186 718 2156 118 719 2157 117 719 2158 140 719 2159 117 720 2160 119 720 2161 141 720 2162 119 721 2163 120 721 2164 165 721 2165 120 722 2166 121 722 2167 152 722 2168 121 723 2169 122 723 2170 201 723 2171 122 724 2172 123 724 2173 202 724 2174 110 725 2175 150 725 2176 164 725 2177 123 726 2178 124 726 2179 189 726 2180 124 727 2181 118 727 2182 190 727 2183 110 728 2184 117 728 2185 118 728 2186 111 729 2187 119 729 2188 117 729 2189 112 730 2190 120 730 2191 119 730 2192 113 731 2193 121 731 2194 120 731 2195 114 732 2196 122 732 2197 121 732 2198 115 733 2199 123 733 2200 122 733 2201 116 734 2202 124 734 2203 123 734 2204 109 735 2205 118 735 2206 124 735 2207 115 736 2208 127 736 2209 128 736 2210 113 737 2211 125 737 2212 126 737 2213 111 738 2214 164 738 2215 163 738 2216 109 739 2217 162 739 2218 150 739 2219 112 740 2220 163 740 2221 125 740 2222 165 747 2241 152 747 2242 129 747 2243 114 748 2244 126 748 2245 127 748 2246 136 749 2247 140 749 2248 158 749 2249 188 750 2250 187 750 2251 192 750 2252 548 751 2253 152 751 2254 201 751 2255 137 752 2256 141 752 2257 149 752 2258 192 753 2259 190 753 2260 140 753 2261 84 754 2262 81 754 2263 246 754 2264 108 755 2265 141 755 2266 137 755 2267 315 756 2268 204 756 2269 390 756 2270 147 757 2271 543 757 2272 421 757 2273 149 758 2274 141 758 2275 165 758 2276 202 759 2277 189 759 2278 37 759 2279 137 760 2280 138 760 2281 139 760 2282 140 761 2283 141 761 2284 108 761 2285 144 768 2304 140 768 2305 136 768 2306 128 769 2307 162 769 2308 109 769 2309 126 770 2310 177 770 2311 179 770 2312 168 771 2313 170 771 2314 169 771 2315 127 772 2316 179 772 2317 181 772 2318 170 773 2319 172 773 2320 171 773 2321 128 774 2322 181 774 2323 167 774 2324 172 775 2325 174 775 2326 173 775 2327 162 776 2328 167 776 2329 169 776 2330 174 777 2331 176 777 2332 175 777 2333 150 778 2334 169 778 2335 171 778 2336 176 779 2337 178 779 2338 177 779 2339 163 780 2340 164 780 2341 171 780 2342 178 781 2343 180 781 2344 179 781 2345 172 782 2346 170 782 2347 168 782 2348 168 783 2349 182 783 2350 172 783 2351 182 784 2352 180 784 2353 172 784 2354 180 785 2355 178 785 2356 172 785 2357 178 786 2358 176 786 2359 172 786 2360 173 787 2361 175 787 2362 125 787 2363 180 788 2364 182 788 2365 181 788 2366 125 789 2367 175 789 2368 177 789 2369 182 790 2370 168 790 2371 167 790 2372 181 791 2373 167 791 2374 169 791 2375 169 792 2376 171 792 2377 181 792 2378 171 793 2379 173 793 2380 181 793 2381 173 794 2382 175 794 2383 177 794 2384 177 795 2385 179 795 2386 181 795 2387 184 796 2388 183 796 2389 186 796 2390 184 797 2391 185 797 2392 152 797 2393 133 798 2394 185 798 2395 186 798 2396 186 799 2397 165 799 2398 131 799 2399 195 800 2400 142 800 2401 148 800 2402 148 801 2403 189 801 2404 197 801 2405 187 802 2406 142 802 2407 190 802 2408 153 803 2409 190 803 2410 142 803 2411 142 804 2412 187 804 2413 188 804 2414 138 805 2415 149 805 2416 144 805 2417 189 806 2418 190 806 2419 153 806 2420 189 813 2439 148 813 2440 188 813 2441 207 814 2442 161 814 2443 160 814 2444 160 815 2445 201 815 2446 209 815 2447 161 816 2448 202 816 2449 80 816 2450 146 817 2451 202 817 2452 161 817 2453 161 818 2454 85 818 2455 546 818 2456 201 819 2457 202 819 2458 146 819 2459 547 826 2478 201 826 2479 160 826 2480 546 827 2481 85 827 2482 80 827 2483 184 828 2484 548 828 2485 147 828 2486 192 829 2487 144 829 2488 424 829 2489 254 830 2490 417 830 2491 97 830 2492 97 831 2493 417 831 2494 409 831 2495 37 832 2496 212 832 2497 145 832 2498 261 833 2499 245 833 2500 244 833 2501 237 834 2502 257 834 2503 290 834 2504 270 835 2505 291 835 2506 288 835 2507 226 836 2508 225 836 2509 247 836 2510 225 837 2511 227 837 2512 248 837 2513 227 838 2514 228 838 2515 270 838 2516 228 839 2517 229 839 2518 257 839 2519 229 840 2520 230 840 2521 305 840 2522 230 841 2523 231 841 2524 306 841 2525 218 842 2526 255 842 2527 269 842 2528 231 843 2529 232 843 2530 294 843 2531 232 844 2532 226 844 2533 295 844 2534 218 845 2535 225 845 2536 226 845 2537 218 846 2538 219 846 2539 227 846 2540 220 847 2541 228 847 2542 227 847 2543 221 848 2544 229 848 2545 228 848 2546 222 849 2547 230 849 2548 229 849 2549 222 850 2550 223 850 2551 231 850 2552 224 851 2553 232 851 2554 231 851 2555 217 852 2556 226 852 2557 232 852 2558 223 853 2559 235 853 2560 236 853 2561 221 854 2562 233 854 2563 234 854 2564 219 855 2565 269 855 2566 268 855 2567 217 856 2568 267 856 2569 255 856 2570 220 857 2571 268 857 2572 233 857 2573 270 864 2592 257 864 2593 237 864 2594 222 865 2595 234 865 2596 235 865 2597 244 866 2598 247 866 2599 263 866 2600 293 867 2601 292 867 2602 204 867 2603 257 868 2604 305 868 2605 307 868 2606 246 869 2607 245 869 2608 248 869 2609 295 870 2610 247 870 2611 199 870 2612 296 871 2613 538 871 2614 418 871 2615 216 872 2616 248 872 2617 245 872 2618 251 873 2619 307 873 2620 422 873 2621 254 874 2622 248 874 2623 270 874 2624 308 875 2625 306 875 2626 294 875 2627 246 876 2628 191 876 2629 244 876 2630 247 877 2631 248 877 2632 216 877 2633 247 884 2652 244 884 2653 191 884 2654 236 885 2655 267 885 2656 217 885 2657 234 886 2658 282 886 2659 284 886 2660 273 887 2661 275 887 2662 274 887 2663 236 888 2664 235 888 2665 284 888 2666 275 889 2667 277 889 2668 276 889 2669 267 890 2670 236 890 2671 286 890 2672 277 891 2673 279 891 2674 278 891 2675 267 892 2676 272 892 2677 274 892 2678 279 893 2679 281 893 2680 280 893 2681 255 894 2682 274 894 2683 276 894 2684 281 895 2685 283 895 2686 282 895 2687 268 896 2688 269 896 2689 276 896 2690 283 897 2691 285 897 2692 284 897 2693 277 898 2694 275 898 2695 273 898 2696 273 899 2697 287 899 2698 285 899 2699 285 900 2700 283 900 2701 281 900 2702 281 901 2703 279 901 2704 285 901 2705 279 902 2706 277 902 2707 285 902 2708 268 903 2709 278 903 2710 280 903 2711 285 904 2712 287 904 2713 286 904 2714 233 905 2715 280 905 2716 282 905 2717 287 906 2718 273 906 2719 272 906 2720 286 907 2721 272 907 2722 274 907 2723 274 908 2724 276 908 2725 278 908 2726 278 909 2727 280 909 2728 282 909 2729 282 910 2730 284 910 2731 286 910 2732 286 911 2733 274 911 2734 282 911 2735 289 912 2736 288 912 2737 291 912 2738 290 913 2739 257 913 2740 251 913 2741 241 914 2742 290 914 2743 291 914 2744 291 915 2745 270 915 2746 239 915 2747 299 916 2748 249 916 2749 253 916 2750 253 917 2751 294 917 2752 301 917 2753 292 918 2754 249 918 2755 295 918 2756 258 919 2757 295 919 2758 249 919 2759 249 920 2760 292 920 2761 293 920 2762 191 921 2763 246 921 2764 254 921 2765 294 922 2766 295 922 2767 258 922 2768 296 929 2787 294 929 2788 253 929 2789 311 930 2790 266 930 2791 265 930 2792 265 931 2793 305 931 2794 313 931 2795 303 932 2796 266 932 2797 306 932 2798 252 933 2799 306 933 2800 266 933 2801 266 934 2802 303 934 2803 304 934 2804 305 935 2805 306 935 2806 252 935 2807 305 942 2826 265 942 2827 304 942 2828 303 943 2829 308 943 2830 307 943 2831 288 944 2832 289 944 2833 251 944 2834 363 945 2835 346 945 2836 345 945 2837 338 946 2838 359 946 2839 391 946 2840 203 947 2841 372 947 2842 392 947 2843 327 948 2844 326 948 2845 349 948 2846 326 949 2847 328 949 2848 350 949 2849 328 950 2850 329 950 2851 372 950 2852 329 951 2853 330 951 2854 359 951 2855 330 952 2856 331 952 2857 407 952 2858 331 953 2859 332 953 2860 408 953 2861 319 954 2862 357 954 2863 371 954 2864 332 955 2865 333 955 2866 395 955 2867 333 956 2868 327 956 2869 396 956 2870 319 957 2871 326 957 2872 327 957 2873 320 958 2874 328 958 2875 326 958 2876 321 959 2877 329 959 2878 328 959 2879 322 960 2880 330 960 2881 329 960 2882 323 961 2883 331 961 2884 330 961 2885 323 962 2886 324 962 2887 332 962 2888 325 963 2889 333 963 2890 332 963 2891 318 964 2892 327 964 2893 333 964 2894 324 965 2895 336 965 2896 337 965 2897 322 966 2898 334 966 2899 335 966 2900 320 967 2901 371 967 2902 370 967 2903 318 968 2904 369 968 2905 357 968 2906 321 969 2907 370 969 2908 334 969 2909 372 976 2928 359 976 2929 338 976 2930 323 977 2931 335 977 2932 336 977 2933 345 978 2934 349 978 2935 365 978 2936 393 979 2937 398 979 2938 397 979 2939 355 980 2940 359 980 2941 407 980 2942 347 981 2943 346 981 2944 350 981 2945 396 982 2946 349 982 2947 353 982 2948 397 983 2949 419 983 2950 539 983 2951 317 984 2952 350 984 2953 346 984 2954 200 985 2955 350 985 2956 372 985 2957 410 986 2958 408 986 2959 395 986 2960 346 987 2961 347 987 2962 348 987 2963 349 988 2964 350 988 2965 317 988 2966 353 995 2985 349 995 2986 345 995 2987 337 996 2988 369 996 2989 318 996 2990 335 997 2991 384 997 2992 386 997 2993 375 998 2994 377 998 2995 376 998 2996 336 999 2997 386 999 2998 388 999 2999 377 1000 3000 379 1000 3001 378 1000 3002 369 1001 3003 337 1001 3004 388 1001 3005 379 1002 3006 381 1002 3007 380 1002 3008 369 1003 3009 374 1003 3010 376 1003 3011 381 1004 3012 383 1004 3013 382 1004 3014 357 1005 3015 376 1005 3016 378 1005 3017 383 1006 3018 385 1006 3019 384 1006 3020 370 1007 3021 371 1007 3022 378 1007 3023 385 1008 3024 387 1008 3025 386 1008 3026 379 1009 3027 377 1009 3028 375 1009 3029 375 1010 3030 389 1010 3031 379 1010 3032 389 1011 3033 387 1011 3034 379 1011 3035 387 1012 3036 385 1012 3037 379 1012 3038 385 1013 3039 383 1013 3040 379 1013 3041 380 1014 3042 382 1014 3043 334 1014 3044 387 1015 3045 389 1015 3046 388 1015 3047 334 1016 3048 382 1016 3049 384 1016 3050 389 1017 3051 375 1017 3052 374 1017 3053 388 1018 3054 374 1018 3055 376 1018 3056 376 1019 3057 378 1019 3058 380 1019 3059 380 1020 3060 382 1020 3061 384 1020 3062 384 1021 3063 386 1021 3064 388 1021 3065 388 1022 3066 376 1022 3067 384 1022 3068 391 1023 3069 211 1023 3070 213 1023 3071 211 1024 3072 391 1024 3073 359 1024 3074 342 1025 3075 391 1025 3076 392 1025 3077 392 1026 3078 372 1026 3079 340 1026 3080 401 1027 3081 351 1027 3082 356 1027 3083 356 1028 3084 395 1028 3085 403 1028 3086 393 1029 3087 351 1029 3088 396 1029 3089 360 1030 3090 396 1030 3091 351 1030 3092 351 1031 3093 393 1031 3094 394 1031 3095 347 1032 3096 200 1032 3097 353 1032 3098 395 1033 3099 396 1033 3100 360 1033 3101 395 1040 3120 356 1040 3121 394 1040 3122 413 1041 3123 368 1041 3124 367 1041 3125 367 1042 3126 407 1042 3127 415 1042 3128 405 1043 3129 368 1043 3130 408 1043 3131 354 1044 3132 408 1044 3133 368 1044 3134 368 1045 3135 405 1045 3136 406 1045 3137 407 1046 3138 408 1046 3139 354 1046 3140 407 1053 3159 367 1053 3160 406 1053 3161 405 1054 3162 410 1054 3163 390 1054 3164 213 1055 3165 211 1055 3166 355 1055 3167 353 1056 3168 545 1056 3169 425 1056 3170 550 1170 3510 551 1170 3511 548 1170 3512 203 1171 3513 213 1171 3514 85 1171 3515 80 1172 3516 37 1172 3517 200 1172 3518 199 1173 3519 191 1173 3520 211 1173 3521 199 1174 3522 355 1174 3523 390 1174 3524 85 1175 3525 213 1175 3526 552 1175 3527 553 1176 3528 555 1176 3529 554 1176 3530 555 1177 3531 557 1177 3532 556 1177 3533 557 1178 3534 559 1178 3535 558 1178 3536 559 1179 3537 561 1179 3538 560 1179 3539 561 1180 3540 563 1180 3541 562 1180 3542 563 1181 3543 565 1181 3544 564 1181 3545 557 1182 3546 555 1182 3547 553 1182 3548 553 1183 3549 567 1183 3550 565 1183 3551 565 1184 3552 563 1184 3553 561 1184 3554 561 1185 3555 559 1185 3556 557 1185 3557 557 1186 3558 553 1186 3559 565 1186 3560 565 1187 3561 567 1187 3562 566 1187 3563 567 1188 3564 553 1188 3565 552 1188 3566 552 1189 3567 213 1189 3568 211 1189 3569 85 1190 3570 554 1190 3571 556 1190 3572 549 1191 3573 546 1191 3574 556 1191 3575 549 1192 3576 558 1192 3577 560 1192 3578 246 1193 3579 81 1193 3580 560 1193 3581 246 1194 3582 562 1194 3583 564 1194 3584 211 1195 3585 191 1195 3586 564 1195 3587 570 1197 3591 441 1197 3592 541 1197 3593 438 1198 3594 569 1198 3595 418 1198 3596 419 1199 3597 573 1199 3598 439 1199 3599 435 1200 3600 434 1200 3601 573 1200 3602 440 1201 3603 574 1201 3604 425 1201 3605 433 1202 3606 571 1202 3607 423 1202 3608 572 1204 3612 430 1204 3613 542 1204 3614 104 1205 3615 430 1205 3616 431 1205 3617 431 1206 3618 575 1206 3619 421 1206 3620 568 1208 3624 432 1208 3625 544 1208 3626 212 1209 3627 432 1209 3628 440 1209 3629 214 1210 3630 439 1210 3631 438 1210 3632 441 1211 3633 433 1211 3634 106 1211 3635</p>
        </triangles>
        <triangles material="lightgray_002-material" count="192">
          <input semantic="VERTEX" source="#Cube_002-mesh-vertices" offset="0"/>
          <input semantic="NORMAL" source="#Cube_002-mesh-normals" offset="1"/>
          <input semantic="TEXCOORD" source="#Cube_002-mesh-map-0" offset="2" set="0"/>
          <p>27 25 75 26 25 76 28 25 77 25 26 78 22 26 79 26 26 80 44 27 81 24 27 82 22 27 83 23 28 84 28 28 85 24 28 86 22 29 87 28 29 88 26 29 89 44 30 90 27 30 91 23 30 92 50 45 135 52 45 136 0 45 137 49 46 138 51 46 139 47 46 140 52 47 141 47 47 142 51 47 143 0 48 144 51 48 145 1 48 146 50 49 147 1 49 148 49 49 149 48 50 150 49 50 151 47 50 152 89 82 246 91 82 247 59 82 248 88 83 249 90 83 250 86 83 251 91 84 252 86 84 253 90 84 254 59 85 255 90 85 256 46 85 257 89 86 258 46 86 259 88 86 260 87 87 261 88 87 262 86 87 263 36 95 285 99 95 286 103 95 287 39 96 288 98 96 289 100 96 290 103 97 291 98 97 292 102 97 293 36 98 294 102 98 295 39 98 296 101 99 297 39 99 298 100 99 299 99 100 300 100 100 301 98 100 302 134 134 402 133 134 403 135 134 404 132 135 405 129 135 406 133 135 407 151 136 408 131 136 409 129 136 410 130 137 411 135 137 412 131 137 413 129 138 414 135 138 415 133 138 416 151 139 417 134 139 418 130 139 419 157 155 465 159 155 466 107 155 467 156 156 468 158 156 469 154 156 470 159 157 471 154 157 472 158 157 473 107 158 474 158 158 475 108 158 476 157 159 477 108 159 478 156 159 479 155 160 480 156 160 481 154 160 482 196 192 576 198 192 577 166 192 578 195 193 579 197 193 580 193 193 581 198 194 582 193 194 583 197 194 584 166 195 585 197 195 586 153 195 587 196 196 588 153 196 589 195 196 590 194 197 591 195 197 592 193 197 593 143 205 615 206 205 616 210 205 617 146 206 618 205 206 619 207 206 620 210 207 621 205 207 622 209 207 623 143 208 624 209 208 625 146 208 626 208 209 627 146 209 628 207 209 629 206 210 630 207 210 631 205 210 632 242 246 738 241 246 739 243 246 740 240 247 741 237 247 742 241 247 743 256 248 744 239 248 745 237 248 746 238 249 747 243 249 748 239 249 749 237 250 750 243 250 751 241 250 752 256 251 753 242 251 754 238 251 755 262 266 798 264 266 799 215 266 800 261 267 801 263 267 802 259 267 803 264 268 804 259 268 805 263 268 806 215 269 807 263 269 808 216 269 809 262 270 810 216 270 811 261 270 812 260 271 813 261 271 814 259 271 815 300 303 909 302 303 910 271 303 911 299 304 912 301 304 913 297 304 914 302 305 915 297 305 916 301 305 917 271 306 918 301 306 919 258 306 920 300 307 921 258 307 922 299 307 923 298 308 924 299 308 925 297 308 926 250 316 948 310 316 949 314 316 950 252 317 951 309 317 952 311 317 953 314 318 954 309 318 955 313 318 956 250 319 957 313 319 958 252 319 959 312 320 960 252 320 961 311 320 962 310 321 963 311 321 964 309 321 965 343 353 1059 342 353 1060 344 353 1061 341 354 1062 338 354 1063 342 354 1064 358 355 1065 340 355 1066 338 355 1067 339 356 1068 344 356 1069 340 356 1070 338 357 1071 344 357 1072 342 357 1073 358 358 1074 343 358 1075 339 358 1076 364 372 1116 366 372 1117 316 372 1118 363 373 1119 365 373 1120 361 373 1121 366 374 1122 361 374 1123 365 374 1124 316 375 1125 365 375 1126 317 375 1127 364 376 1128 317 376 1129 363 376 1130 362 377 1131 363 377 1132 361 377 1133 402 409 1227 404 409 1228 373 409 1229 401 410 1230 403 410 1231 399 410 1232 404 411 1233 399 411 1234 403 411 1235 373 412 1236 403 412 1237 360 412 1238 402 413 1239 360 413 1240 401 413 1241 400 414 1242 401 414 1243 399 414 1244 352 422 1266 412 422 1267 416 422 1268 354 423 1269 411 423 1270 413 423 1271 416 424 1272 411 424 1273 415 424 1274 352 425 1275 415 425 1276 354 425 1277 414 426 1278 354 426 1279 413 426 1280 412 427 1281 413 427 1282 411 427 1283 27 627 1881 25 627 1882 26 627 1883 25 628 1884 44 628 1885 22 628 1886 44 629 1887 23 629 1888 24 629 1889 23 630 1890 27 630 1891 28 630 1892 22 631 1893 24 631 1894 28 631 1895 44 632 1896 25 632 1897 27 632 1898 50 647 1941 48 647 1942 52 647 1943 49 648 1944 1 648 1945 51 648 1946 52 649 1947 48 649 1948 47 649 1949 0 650 1950 52 650 1951 51 650 1952 50 651 1953 0 651 1954 1 651 1955 48 652 1956 50 652 1957 49 652 1958 89 692 2076 87 692 2077 91 692 2078 88 693 2079 46 693 2080 90 693 2081 91 694 2082 87 694 2083 86 694 2084 59 695 2085 91 695 2086 90 695 2087 89 696 2088 59 696 2089 46 696 2090 87 697 2091 89 697 2092 88 697 2093 36 705 2115 101 705 2116 99 705 2117 39 706 2118 102 706 2119 98 706 2120 103 707 2121 99 707 2122 98 707 2123 36 708 2124 103 708 2125 102 708 2126 101 709 2127 36 709 2128 39 709 2129 99 710 2130 101 710 2131 100 710 2132 134 741 2223 132 741 2224 133 741 2225 132 742 2226 151 742 2227 129 742 2228 151 743 2229 130 743 2230 131 743 2231 130 744 2232 134 744 2233 135 744 2234 129 745 2235 131 745 2236 135 745 2237 151 746 2238 132 746 2239 134 746 2240 157 762 2286 155 762 2287 159 762 2288 156 763 2289 108 763 2290 158 763 2291 159 764 2292 155 764 2293 154 764 2294 107 765 2295 159 765 2296 158 765 2297 157 766 2298 107 766 2299 108 766 2300 155 767 2301 157 767 2302 156 767 2303 196 807 2421 194 807 2422 198 807 2423 195 808 2424 153 808 2425 197 808 2426 198 809 2427 194 809 2428 193 809 2429 166 810 2430 198 810 2431 197 810 2432 196 811 2433 166 811 2434 153 811 2435 194 812 2436 196 812 2437 195 812 2438 143 820 2460 208 820 2461 206 820 2462 146 821 2463 209 821 2464 205 821 2465 210 822 2466 206 822 2467 205 822 2468 143 823 2469 210 823 2470 209 823 2471 208 824 2472 143 824 2473 146 824 2474 206 825 2475 208 825 2476 207 825 2477 242 858 2574 240 858 2575 241 858 2576 240 859 2577 256 859 2578 237 859 2579 256 860 2580 238 860 2581 239 860 2582 238 861 2583 242 861 2584 243 861 2585 237 862 2586 239 862 2587 243 862 2588 256 863 2589 240 863 2590 242 863 2591 262 878 2634 260 878 2635 264 878 2636 261 879 2637 216 879 2638 263 879 2639 264 880 2640 260 880 2641 259 880 2642 215 881 2643 264 881 2644 263 881 2645 262 882 2646 215 882 2647 216 882 2648 260 883 2649 262 883 2650 261 883 2651 300 923 2769 298 923 2770 302 923 2771 299 924 2772 258 924 2773 301 924 2774 302 925 2775 298 925 2776 297 925 2777 271 926 2778 302 926 2779 301 926 2780 300 927 2781 271 927 2782 258 927 2783 298 928 2784 300 928 2785 299 928 2786 250 936 2808 312 936 2809 310 936 2810 252 937 2811 313 937 2812 309 937 2813 314 938 2814 310 938 2815 309 938 2816 250 939 2817 314 939 2818 313 939 2819 312 940 2820 250 940 2821 252 940 2822 310 941 2823 312 941 2824 311 941 2825 343 970 2910 341 970 2911 342 970 2912 341 971 2913 358 971 2914 338 971 2915 358 972 2916 339 972 2917 340 972 2918 339 973 2919 343 973 2920 344 973 2921 338 974 2922 340 974 2923 344 974 2924 358 975 2925 341 975 2926 343 975 2927 364 989 2967 362 989 2968 366 989 2969 363 990 2970 317 990 2971 365 990 2972 366 991 2973 362 991 2974 361 991 2975 316 992 2976 366 992 2977 365 992 2978 364 993 2979 316 993 2980 317 993 2981 362 994 2982 364 994 2983 363 994 2984 402 1034 3102 400 1034 3103 404 1034 3104 401 1035 3105 360 1035 3106 403 1035 3107 404 1036 3108 400 1036 3109 399 1036 3110 373 1037 3111 404 1037 3112 403 1037 3113 402 1038 3114 373 1038 3115 360 1038 3116 400 1039 3117 402 1039 3118 401 1039 3119 352 1047 3141 414 1047 3142 412 1047 3143 354 1048 3144 415 1048 3145 411 1048 3146 416 1049 3147 412 1049 3148 411 1049 3149 352 1050 3150 416 1050 3151 415 1050 3152 414 1051 3153 352 1051 3154 354 1051 3155 412 1052 3156 414 1052 3157 413 1052 3158</p>
        </triangles>
        <triangles material="paintable-0_001-material" count="134">
          <input semantic="VERTEX" source="#Cube_002-mesh-vertices" offset="0"/>
          <input semantic="NORMAL" source="#Cube_002-mesh-normals" offset="1"/>
          <input semantic="TEXCOORD" source="#Cube_002-mesh-map-0" offset="2" set="0"/>
          <p>572 435 1305 511 435 1306 512 435 1307 510 436 1308 429 436 1309 571 436 1310 429 437 1311 511 437 1312 428 437 1313 509 438 1314 427 438 1315 507 438 1316 575 439 1317 506 439 1318 507 439 1319 431 440 1320 512 440 1321 506 440 1322 508 441 1323 432 441 1324 568 441 1325 517 442 1326 437 442 1327 569 442 1328 570 443 1329 515 443 1330 514 443 1331 518 444 1332 434 444 1333 435 444 1334 436 445 1335 517 445 1336 515 445 1337 520 446 1338 439 446 1339 573 446 1340 516 447 1341 439 447 1342 520 447 1343 574 448 1344 521 448 1345 518 448 1346 521 449 1347 432 449 1348 508 449 1349 513 450 1350 441 450 1351 514 450 1352 455 451 1353 534 451 1354 535 451 1355 442 493 1479 507 493 1480 506 493 1481 444 494 1482 509 494 1483 445 494 1484 447 495 1485 510 495 1486 446 495 1487 443 496 1488 509 496 1489 507 496 1490 448 497 1491 511 497 1492 447 497 1493 442 498 1494 512 498 1495 448 498 1496 449 499 1497 510 499 1498 513 499 1499 450 500 1500 515 500 1501 451 500 1502 452 501 1503 517 501 1504 516 501 1505 454 502 1506 519 502 1507 518 502 1508 451 503 1509 517 503 1510 453 503 1511 456 504 1512 519 504 1513 455 504 1514 456 505 1515 516 505 1516 520 505 1517 457 506 1518 518 506 1519 521 506 1520 444 507 1521 521 507 1522 508 507 1523 449 508 1524 514 508 1525 450 508 1526 533 509 1527 530 509 1528 531 509 1529 446 510 1530 527 510 1531 447 510 1532 453 511 1533 531 511 1534 451 511 1535 443 512 1536 525 512 1537 445 512 1538 456 513 1539 535 513 1540 536 513 1541 447 514 1542 528 514 1543 448 514 1544 456 515 1545 532 515 1546 452 515 1547 448 516 1548 522 516 1549 442 516 1550 457 517 1551 534 517 1552 454 517 1553 449 518 1554 526 518 1555 446 518 1556 444 519 1557 537 519 1558 457 519 1559 451 520 1560 530 520 1561 450 520 1562 442 521 1563 523 521 1564 443 521 1565 450 522 1566 529 522 1567 449 522 1568 452 523 1569 533 523 1570 453 523 1571 445 524 1572 524 524 1573 444 524 1574 461 525 1575 532 525 1576 463 525 1577 461 526 1578 529 526 1579 530 526 1580 526 527 1581 528 527 1582 527 527 1583 473 528 1584 529 528 1585 459 528 1586 522 529 1587 473 529 1588 471 529 1589 523 530 1590 524 530 1591 525 530 1592 524 531 1593 471 531 1594 469 531 1595 467 532 1596 524 532 1597 469 532 1598 537 533 1599 535 533 1600 534 533 1601 467 534 1602 536 534 1603 537 534 1604 463 535 1605 536 535 1606 465 535 1607 436 558 1674 569 558 1675 437 558 1676 428 565 1695 571 565 1696 429 565 1697 568 569 1707 427 569 1708 426 569 1709 512 1057 3171 430 1057 3172 572 1057 3173 572 1058 3174 428 1058 3175 511 1058 3176 433 1059 3177 513 1059 3178 571 1059 3179 513 1060 3180 510 1060 3181 571 1060 3182 429 1061 3183 510 1061 3184 511 1061 3185 509 1062 3186 426 1062 3187 427 1062 3188 507 1063 3189 427 1063 3190 575 1063 3191 575 1064 3192 431 1064 3193 506 1064 3194 431 1065 3195 430 1065 3196 512 1065 3197 426 1066 3198 509 1066 3199 568 1066 3200 509 1067 3201 508 1067 3202 568 1067 3203 438 1068 3204 516 1068 3205 569 1068 3206 516 1069 3207 517 1069 3208 569 1069 3209 514 1070 3210 441 1070 3211 570 1070 3212 570 1071 3213 436 1071 3214 515 1071 3215 518 1072 3216 519 1072 3217 434 1072 3218 436 1073 3219 437 1073 3220 517 1073 3221 434 1074 3222 519 1074 3223 573 1074 3224 519 1075 3225 520 1075 3226 573 1075 3227 516 1076 3228 438 1076 3229 439 1076 3230 518 1077 3231 435 1077 3232 574 1077 3233 574 1078 3234 440 1078 3235 521 1078 3236 521 1079 3237 440 1079 3238 432 1079 3239 513 1080 3240 433 1080 3241 441 1080 3242 455 1081 3243 454 1081 3244 534 1081 3245 442 1127 3381 443 1127 3382 507 1127 3383 444 1128 3384 508 1128 3385 509 1128 3386 447 1129 3387 511 1129 3388 510 1129 3389 443 1130 3390 445 1130 3391 509 1130 3392 448 1131 3393 512 1131 3394 511 1131 3395 442 1132 3396 506 1132 3397 512 1132 3398 449 1133 3399 446 1133 3400 510 1133 3401 450 1134 3402 514 1134 3403 515 1134 3404 452 1135 3405 453 1135 3406 517 1135 3407 454 1136 3408 455 1136 3409 519 1136 3410 451 1137 3411 515 1137 3412 517 1137 3413 456 1138 3414 520 1138 3415 519 1138 3416 456 1139 3417 452 1139 3418 516 1139 3419 457 1140 3420 454 1140 3421 518 1140 3422 444 1141 3423 457 1141 3424 521 1141 3425 449 1142 3426 513 1142 3427 514 1142 3428 533 1143 3429 532 1143 3430 530 1143 3431 446 1144 3432 526 1144 3433 527 1144 3434 453 1145 3435 533 1145 3436 531 1145 3437 443 1146 3438 523 1146 3439 525 1146 3440 456 1147 3441 455 1147 3442 535 1147 3443 447 1148 3444 527 1148 3445 528 1148 3446 456 1149 3447 536 1149 3448 532 1149 3449 448 1150 3450 528 1150 3451 522 1150 3452 457 1151 3453 537 1151 3454 534 1151 3455 449 1152 3456 529 1152 3457 526 1152 3458 444 1153 3459 524 1153 3460 537 1153 3461 451 1154 3462 531 1154 3463 530 1154 3464 442 1155 3465 522 1155 3466 523 1155 3467 450 1156 3468 530 1156 3469 529 1156 3470 452 1157 3471 532 1157 3472 533 1157 3473 445 1158 3474 525 1158 3475 524 1158 3476 461 1159 3477 530 1159 3478 532 1159 3479 461 1160 3480 459 1160 3481 529 1160 3482 526 1161 3483 529 1161 3484 528 1161 3485 473 1162 3486 528 1162 3487 529 1162 3488 522 1163 3489 528 1163 3490 473 1163 3491 523 1164 3492 522 1164 3493 524 1164 3494 524 1165 3495 522 1165 3496 471 1165 3497 467 1166 3498 537 1166 3499 524 1166 3500 537 1167 3501 536 1167 3502 535 1167 3503 467 1168 3504 465 1168 3505 536 1168 3506 463 1169 3507 532 1169 3508 536 1169 3509 436 1196 3588 570 1196 3589 569 1196 3590 428 1203 3609 572 1203 3610 571 1203 3611 568 1207 3621 575 1207 3622 427 1207 3623</p>
        </triangles>
        <triangles material="lightgray_001-material" count="86">
          <input semantic="VERTEX" source="#Cube_002-mesh-vertices" offset="0"/>
          <input semantic="NORMAL" source="#Cube_002-mesh-normals" offset="1"/>
          <input semantic="TEXCOORD" source="#Cube_002-mesh-map-0" offset="2" set="0"/>
          <p>459 452 1356 475 452 1357 474 452 1358 461 453 1359 476 453 1360 475 453 1361 463 454 1362 477 454 1363 476 454 1364 465 455 1365 478 455 1366 477 455 1367 467 456 1368 479 456 1369 478 456 1370 469 457 1371 480 457 1372 479 457 1373 471 458 1374 481 458 1375 480 458 1376 481 459 1377 459 459 1378 474 459 1379 464 460 1380 468 460 1381 472 460 1382 482 461 1383 475 461 1384 483 461 1385 483 462 1386 476 462 1387 484 462 1388 484 463 1389 477 463 1390 485 463 1391 486 464 1392 477 464 1393 478 464 1394 486 465 1395 479 465 1396 487 465 1397 487 466 1398 480 466 1399 488 466 1400 488 467 1401 481 467 1402 489 467 1403 489 468 1404 474 468 1405 482 468 1406 462 469 1407 501 469 1408 464 469 1409 486 470 1410 493 470 1411 485 470 1412 460 471 1413 500 471 1414 462 471 1415 485 472 1416 492 472 1417 484 472 1418 460 473 1419 498 473 1420 499 473 1421 484 474 1422 491 474 1423 483 474 1424 472 475 1425 498 475 1426 458 475 1427 483 476 1428 490 476 1429 482 476 1430 498 477 1431 491 477 1432 499 477 1433 499 478 1434 492 478 1435 500 478 1436 500 479 1437 493 479 1438 501 479 1439 502 480 1440 493 480 1441 494 480 1442 502 481 1443 495 481 1444 503 481 1445 503 482 1446 496 482 1447 504 482 1448 505 483 1449 496 483 1450 497 483 1451 498 484 1452 497 484 1453 490 484 1454 487 485 1455 494 485 1456 486 485 1457 464 486 1458 502 486 1459 466 486 1460 488 487 1461 495 487 1462 487 487 1463 466 488 1464 503 488 1465 468 488 1466 489 489 1467 496 489 1468 488 489 1469 468 490 1470 504 490 1471 470 490 1472 482 491 1473 497 491 1474 489 491 1475 470 492 1476 505 492 1477 472 492 1478 459 1082 3246 461 1082 3247 475 1082 3248 461 1083 3249 463 1083 3250 476 1083 3251 463 1084 3252 465 1084 3253 477 1084 3254 465 1085 3255 467 1085 3256 478 1085 3257 467 1086 3258 469 1086 3259 479 1086 3260 469 1087 3261 471 1087 3262 480 1087 3263 471 1088 3264 473 1088 3265 481 1088 3266 481 1089 3267 473 1089 3268 459 1089 3269 472 1090 3270 458 1090 3271 460 1090 3272 460 1091 3273 462 1091 3274 464 1091 3275 464 1092 3276 466 1092 3277 468 1092 3278 468 1093 3279 470 1093 3280 472 1093 3281 472 1094 3282 460 1094 3283 464 1094 3284 482 1095 3285 474 1095 3286 475 1095 3287 483 1096 3288 475 1096 3289 476 1096 3290 484 1097 3291 476 1097 3292 477 1097 3293 486 1098 3294 485 1098 3295 477 1098 3296 486 1099 3297 478 1099 3298 479 1099 3299 487 1100 3300 479 1100 3301 480 1100 3302 488 1101 3303 480 1101 3304 481 1101 3305 489 1102 3306 481 1102 3307 474 1102 3308 462 1103 3309 500 1103 3310 501 1103 3311 486 1104 3312 494 1104 3313 493 1104 3314 460 1105 3315 499 1105 3316 500 1105 3317 485 1106 3318 493 1106 3319 492 1106 3320 460 1107 3321 458 1107 3322 498 1107 3323 484 1108 3324 492 1108 3325 491 1108 3326 472 1109 3327 505 1109 3328 498 1109 3329 483 1110 3330 491 1110 3331 490 1110 3332 498 1111 3333 490 1111 3334 491 1111 3335 499 1112 3336 491 1112 3337 492 1112 3338 500 1113 3339 492 1113 3340 493 1113 3341 502 1114 3342 501 1114 3343 493 1114 3344 502 1115 3345 494 1115 3346 495 1115 3347 503 1116 3348 495 1116 3349 496 1116 3350 505 1117 3351 504 1117 3352 496 1117 3353 498 1118 3354 505 1118 3355 497 1118 3356 487 1119 3357 495 1119 3358 494 1119 3359 464 1120 3360 501 1120 3361 502 1120 3362 488 1121 3363 496 1121 3364 495 1121 3365 466 1122 3366 502 1122 3367 503 1122 3368 489 1123 3369 497 1123 3370 496 1123 3371 468 1124 3372 503 1124 3373 504 1124 3374 482 1125 3375 490 1125 3376 497 1125 3377 470 1126 3378 504 1126 3379 505 1126 3380</p>
        </triangles>
      </mesh>
    </geometry>
  </library_geometries>
  <library_visual_scenes>
    <visual_scene id="Scene" name="Scene">
      <node id="Cube_002" name="Cube.002" type="NODE">
        <matrix sid="transform">1 0 0 0 0 1 0 0 0 0 1 0 0 0 0 1</matrix>
        <instance_geometry url="#Cube_002-mesh" name="Cube.002">
          <bind_material>
            <technique_common>
              <instance_material symbol="paintable-0_002-material" target="#paintable-0_002-material">
                <bind_vertex_input semantic="UVMap" input_semantic="TEXCOORD" input_set="0"/>
              </instance_material>
              <instance_material symbol="paintable-1_002-material" target="#paintable-1_002-material">
                <bind_vertex_input semantic="UVMap" input_semantic="TEXCOORD" input_set="0"/>
              </instance_material>
              <instance_material symbol="lightgray_002-material" target="#lightgray_002-material">
                <bind_vertex_input semantic="UVMap" input_semantic="TEXCOORD" input_set="0"/>
              </instance_material>
              <instance_material symbol="paintable-0-material" target="#paintable-0-material">
                <bind_vertex_input semantic="UVMap" input_semantic="TEXCOORD" input_set="0"/>
              </instance_material>
              <instance_material symbol="paintable-1-material" target="#paintable-1-material">
                <bind_vertex_input semantic="UVMap" input_semantic="TEXCOORD" input_set="0"/>
              </instance_material>
              <instance_material symbol="lightgray-material" target="#lightgray-material">
                <bind_vertex_input semantic="UVMap" input_semantic="TEXCOORD" input_set="0"/>
              </instance_material>
              <instance_material symbol="paintable-0_001-material" target="#paintable-0_001-material">
                <bind_vertex_input semantic="UVMap" input_semantic="TEXCOORD" input_set="0"/>
              </instance_material>
              <instance_material symbol="paintable-1_001-material" target="#paintable-1_001-material">
                <bind_vertex_input semantic="UVMap" input_semantic="TEXCOORD" input_set="0"/>
              </instance_material>
              <instance_material symbol="lightgray_001-material" target="#lightgray_001-material">
                <bind_vertex_input semantic="UVMap" input_semantic="TEXCOORD" input_set="0"/>
              </instance_material>
            </technique_common>
          </bind_material>
        </instance_geometry>
      </node>
    </visual_scene>
  </library_visual_scenes>
  <scene>
    <instance_visual_scene url="#Scene"/>
  </scene>
</COLLADA>