<?xml version="1.0" encoding="utf-8"?>
<COLLADA xmlns="http://www.collada.org/2005/11/COLLADASchema" version="1.4.1" xmlns:xsi="http://www.w3.org/2001/XMLSchema-instance">
  <asset>
    <contributor>
      <author>Blender User</author>
      <authoring_tool>Blender 4.2.23 LTS commit date:2026-07-20, commit time:13:44, hash:d0cbe84903e8</authoring_tool>
    </contributor>
    <created>2026-08-09T12:26:37</created>
    <modified>2026-08-09T12:26:37</modified>
    <unit name="meter" meter="1"/>
    <up_axis>Z_UP</up_axis>
  </asset>
  <library_effects>
    <effect id="paintable-0-effect">
      <profile_COMMON>
        <technique sid="common">
          <lambert>
            <emission>
              <color sid="emission">0 0 0 1</color>
            </emission>
            <diffuse>
              <color sid="diffuse">1 0.4969335 0 1</color>
            </diffuse>
            <index_of_refraction>
              <float sid="ior">1.45</float>
            </index_of_refraction>
          </lambert>
        </technique>
      </profile_COMMON>
    </effect>
    <effect id="paintable-1-effect">
      <profile_COMMON>
        <technique sid="common">
          <lambert>
            <emission>
              <color sid="emission">0 0 0 1</color>
            </emission>
            <diffuse>
              <color sid="diffuse">0.6104922 0.4910214 0 1</color>
            </diffuse>
            <index_of_refraction>
              <float sid="ior">1.5</float>
            </index_of_refraction>
          </lambert>
        </technique>
      </profile_COMMON>
    </effect>
    <effect id="lightgray-effect">
      <profile_COMMON>
        <technique sid="common">
          <lambert>
            <emission>
              <color sid="emission">0 0 0 1</color>
            </emission>
            <diffuse>
              <color sid="diffuse">0.7835327 0.7835385 0.7835382 1</color>
            </diffuse>
            <index_of_refraction>
              <float sid="ior">1.5</float>
            </index_of_refraction>
          </lambert>
        </technique>
      </profile_COMMON>
    </effect>
    <effect id="darkgray-effect">
      <profile_COMMON>
        <technique sid="common">
          <lambert>
            <emission>
              <color sid="emission">0 0 0 1</color>
            </emission>
            <diffuse>
              <color sid="diffuse">0.3371614 0.3371639 0.3371637 1</color>
            </diffuse>
            <index_of_refraction>
              <float sid="ior">1.5</float>
            </index_of_refraction>
          </lambert>
        </technique>
      </profile_COMMON>
    </effect>
  </library_effects>
  <library_images/>
  <library_materials>
    <material id="paintable-0-material" name="paintable-0">
      <instance_effect url="#paintable-0-effect"/>
    </material>
    <material id="paintable-1-material" name="paintable-1">
      <instance_effect url="#paintable-1-effect"/>
    </material>
    <material id="lightgray-material" name="lightgray">
      <instance_effect url="#lightgray-effect"/>
    </material>
    <material id="darkgray-material" name="darkgray">
      <instance_effect url="#darkgray-effect"/>
    </material>
  </library_materials>
  <library_geometries>
    <geometry id="Cube_002-mesh" name="Cube.002">
      <mesh>
        <source id="Cube_002-mesh-positions">
          <float_array id="Cube_002-mesh-positions-array" count="5484">0.375 0.08499991 -0.08499997 0.375 -0.08499991 -0.08499997 0.375 -0.08499997 0.08499997 0.375 0.08499997 0.08499997 0.38 -0.07499998 -0.06499987 0.38 -0.06499999 -0.07499992 0.38 -0.06499999 0.07500004 0.38 -0.07499998 0.06500005 0.375 -0.06499999 -0.07499992 0.375 -0.07499998 -0.06499987 0.375 -0.07499998 0.06500005 0.375 -0.06499999 0.07500004 0.38 0.06499999 -0.07499992 0.38 0.07499998 -0.06499987 0.38 0.07499998 0.06500005 0.38 0.06499999 0.07500004 0.375 0.07499998 -0.06499987 0.375 0.06499999 -0.07499992 0.375 0.06499999 0.07500004 0.375 0.07499998 0.06500005 0.385 -0.07207101 0.06500005 0.385 -0.06499999 0.07207113 0.38 -0.07207101 0.06500005 0.38 -0.06499999 0.07207113 0.385 -0.06499999 0.05792897 0.385 -0.05792891 0.06500005 0.38 -0.06499999 0.05792897 0.38 -0.05792891 0.06500005 0.385 0.05792891 0.06500005 0.385 0.06499999 0.07207113 0.38 0.05792891 0.06500005 0.38 0.06499999 0.07207113 0.385 0.06499999 0.05792897 0.385 0.07207101 0.06500005 0.38 0.06499999 0.05792897 0.38 0.07207101 0.06500005 0.38 -0.05792891 -0.06499987 0.38 -0.06499999 -0.07207095 0.385 -0.05792891 -0.06499987 0.385 -0.06499999 -0.07207095 0.38 -0.06499999 -0.0579288 0.38 -0.07207101 -0.06499987 0.385 -0.06499999 -0.0579288 0.385 -0.07207101 -0.06499987 0.385 0.05792891 -0.06499987 0.385 0.06499999 -0.0579288 0.38 0.05792891 -0.06499987 0.38 0.06499999 -0.0579288 0.385 0.06499999 -0.07207095 0.385 0.07207101 -0.06499987 0.38 0.06499999 -0.07207095 0.38 0.07207101 -0.06499987 0.38 -0.04121315 0.05000007 0.385 -0.04121315 0.05000007 0.38 -0.02878677 0.05000007 0.385 -0.02878677 0.05000007 0.38 -0.01999998 0.04121327 0.385 -0.01999998 0.04121327 0.38 -0.01999998 0.02878689 0.385 -0.01999998 0.02878689 0.38 -0.02878677 0.02000004 0.385 -0.02878677 0.02000004 0.38 -0.04121315 0.02000004 0.385 -0.04121315 0.02000004 0.38 -0.04999995 0.02878689 0.385 -0.04999995 0.02878689 0.38 -0.04999995 0.04121327 0.385 -0.04999995 0.04121327 0.38 0.02878677 0.05000007 0.385 0.02878677 0.05000007 0.38 0.04121321 0.05000007 0.385 0.04121321 0.05000007 0.38 0.05000001 0.04121327 0.385 0.05000001 0.04121327 0.38 0.05000001 0.02878689 0.385 0.05000001 0.02878689 0.38 0.04121321 0.02000004 0.385 0.04121321 0.02000004 0.38 0.02878677 0.02000004 0.385 0.02878677 0.02000004 0.38 0.01999998 0.02878689 0.385 0.01999998 0.02878689 0.38 0.01999998 0.04121327 0.385 0.01999998 0.04121327 0.38 -0.04121315 -0.01999986 0.385 -0.04121315 -0.01999986 0.38 -0.02878677 -0.01999986 0.385 -0.02878677 -0.01999986 0.38 -0.01999998 -0.02878665 0.385 -0.01999998 -0.02878665 0.38 -0.01999998 -0.04121303 0.385 -0.01999998 -0.04121303 0.38 -0.02878677 -0.04999989 0.385 -0.02878677 -0.04999989 0.38 -0.04121315 -0.04999989 0.385 -0.04121315 -0.04999989 0.38 -0.04999995 -0.04121303 0.385 -0.04999995 -0.04121303 0.38 -0.04999995 -0.02878665 0.385 -0.04999995 -0.02878665 0.38 0.02878677 -0.01999986 0.385 0.02878677 -0.01999986 0.38 0.04121321 -0.01999986 0.385 0.04121321 -0.01999986 0.38 0.05000001 -0.02878665 0.385 0.05000001 -0.02878665 0.38 0.05000001 -0.04121303 0.385 0.05000001 -0.04121303 0.38 0.04121321 -0.04999989 0.385 0.04121321 -0.04999989 0.38 0.02878677 -0.04999989 0.385 0.02878677 -0.04999989 0.38 0.01999998 -0.04121303 0.385 0.01999998 -0.04121303 0.38 0.01999998 -0.02878665 0.385 0.01999998 -0.02878665 0.225 -0.04999995 0.08499991 0.225 -0.325 0.08499991 0.375 -0.2899999 -0.08499997 0.275 -0.375 0.08499991 0.275 -0.375 -0.08499997 0.225 -0.375 -0.08499997 0.275 -0.375 -0.375 0.2387499 -0.04999995 0.23 0.2387499 -0.325 0.23 0.275 -0.325 0.08499991 0.275 -0.04999995 0.08499991 0.275 -0.29 -0.08499997 0.275 -0.08499991 -0.08499997 0.375 -0.375 -0.08499997 0.2337499 -0.07299989 0.25 0.18875 -0.04999995 0.23 0.18875 -0.325 0.23 -0.18875 0.05000001 0.23 0.225 -0.375 0.08499991 0.275 -0.375 -0.105 0.275 -0.375 -0.345 0.275 -0.05000001 -0.105 -0.18875 -0.04999995 0.23 0.275 -0.325 -0.105 0.275 -0.3249999 -0.345 0.225 -0.375 -0.105 0.225 -0.375 -0.345 0.255 -0.375 -0.1349999 0.375 -0.375 0.08499991 0.375 -0.2899999 0.08499991 0.2337499 -0.04999995 0.25 0.2337499 -0.325 0.25 0.18375 -0.325 0.25 0.18375 -0.04999995 0.25 0.375 -0.1049999 -0.08499997 0.375 -0.27 -0.08499997 0.295 -0.325 -0.125 0.275 -0.1049999 -0.08499997 0.275 -0.2699999 -0.08499997 0.275 -0.06999993 0.08499991 0.275 -0.305 0.08499991 0.23875 -0.07299995 0.23 0.2387499 -0.3019999 0.23 -0.2337499 -0.07299989 0.25 0.275 -0.06999999 -0.105 0.275 -0.305 -0.105 0.295 -0.05000001 -0.1349999 0.295 -0.375 -0.1349999 0.225 -0.375 -0.1349999 0.375 -0.1049999 0.08499991 0.375 -0.27 0.08499991 0.255 -0.325 0.08499991 0.21875 -0.04999995 0.23 0.255 -0.375 -0.08499997 0.255 -0.04999995 0.08499991 0.21875 -0.325 0.23 0.255 -0.375 0.08499991 0.255 -0.375 -0.105 0.255 -0.375 -0.345 0.21375 -0.325 0.25 0.21375 -0.04999995 0.25 0.2337499 -0.3019999 0.25 0.275 -0.375 -0.1349999 0.275 -0.375 -0.125 0.275 -0.375 -0.325 0.225 -0.375 -0.125 0.225 -0.375 -0.325 0.295 -0.375 -0.125 0.295 -0.375 -0.325 0.295 -0.05000001 -0.125 0.275 -0.06999999 -0.345 0.295 -0.325 -0.325 0.295 -0.305 -0.325 0.295 -0.305 -0.1349999 0.295 -0.325 -0.315 0.275 -0.305 -0.345 0.255 -0.375 -0.125 0.255 -0.375 -0.325 0.275 -0.375 -0.315 0.225 -0.375 -0.315 0.295 -0.375 -0.315 0.295 -0.05000001 -0.315 0.295 -0.305 -0.315 0.295 -0.325 -0.1349999 0.255 -0.375 -0.315 0.23375 -0.2919999 0.25 0.375 -0.26 -0.08499997 0.275 -0.2599999 -0.08499997 0.275 -0.295 0.08499991 0.2387499 -0.2919999 0.23 0.295 -0.305 -0.125 0.275 -0.2949999 -0.105 0.375 -0.26 0.08499991 0.2337499 -0.08299994 0.25 0.375 -0.1149999 -0.08499997 0.275 -0.115 -0.08499997 0.275 -0.07999992 0.08499991 0.2387499 -0.08299994 0.23 0.275 -0.07999998 -0.105 0.375 -0.1149999 0.08499991 0.295 -0.2949999 -0.125 0.245 -0.375 -0.08499997 0.225 -0.375 -0.375 0.245 -0.04999995 0.08499991 0.20875 -0.325 0.23 0.20375 -0.04999995 0.25 0.245 -0.375 -0.1349999 0.245 -0.325 0.08499991 0.20875 -0.04999995 0.23 0.245 -0.375 0.08499991 0.245 -0.375 -0.105 0.245 -0.375 -0.345 0.20375 -0.325 0.25 0.245 -0.375 -0.125 0.245 -0.375 -0.325 0.245 -0.375 -0.315 0.1524999 -0.08299994 0.375 0.20375 -0.07299995 0.25 0.21375 -0.08299994 0.25 0.22375 -0.07299989 0.25 0.21375 -0.06299996 0.25 0.21375 -0.2919999 0.25 0.20375 -0.3019999 0.25 0.21375 -0.3119999 0.25 0.22375 -0.3019999 0.25 0.1525 -0.292 0.375 0.1725 -0.2919999 0.375 0.1725 -0.08299994 0.375 0.185 -0.08299994 0.365 0.1746923 -0.07299995 0.365 0.1746922 -0.3019999 0.365 0.185 -0.2919999 0.365 0.295 -0.2949999 -0.315 0.295 -0.2949999 -0.1349999 0.295 -0.07999998 -0.1349999 0.295 -0.07999998 -0.125 0.295 -0.07999998 -0.315 -0.375 -0.375 -0.08499997 -0.275 -0.08499991 -0.08499997 -0.275 -0.29 -0.08499997 -0.275 -0.04999995 0.08499991 -0.275 -0.325 0.08499991 -0.2387499 -0.325 0.23 -0.2387499 -0.04999995 0.23 -0.225 -0.375 -0.08499997 -0.275 -0.375 -0.08499997 -0.275 -0.375 0.08499991 0.295 -0.06999999 -0.315 0.08499997 -0.375 -0.08499991 0.295 -0.06999999 -0.125 0.295 -0.06999999 -0.1349999 0.275 -0.05000001 -0.345 0.275 -0.295 -0.345 0.275 -0.08000004 -0.345 0.295 -0.06999999 -0.325 0.295 -0.08000004 -0.325 0.295 -0.295 -0.325 0.295 -0.05000001 -0.325 0.08499991 0.3249999 -0.375 0.08499991 0.305 -0.375 0.08499991 0.2749998 -0.375 0.225 0.2749998 -0.375 0.225 0.305 -0.375 0.225 0.3249999 -0.375 0.225 0.375 -0.375 0.225 -0.275 -0.375 0.225 -0.305 -0.375 0.225 -0.3249999 -0.375 0.245 -0.375 -0.375 0.245 -0.3249999 -0.375 0.245 -0.305 -0.375 0.275 -0.3249999 -0.375 0.275 -0.305 -0.375 0.225 0.04999995 0.08499991 0.215 -0.2249999 -0.375 0.225 -0.2149999 -0.375 0.225 -0.2349999 -0.375 0.235 -0.2249999 -0.375 0.215 -0.2249999 -0.355 0.225 -0.2149999 -0.355 0.225 -0.2349999 -0.355 0.235 -0.2249999 -0.355 0.2249999 -0.175 -0.355 0.2249999 -0.175 -0.375 0.175 -0.2249999 -0.355 0.175 -0.2249999 -0.375 0.175 -0.175 -0.355 0.295 -0.375 -0.295 0.315 -0.07999998 -0.1349999 0.225 0.375 -0.08499997 0.275 0.375 -0.08499997 0.315 -0.305 -0.1349999 0.315 -0.2949999 -0.1349999 0.08499991 -0.375 -0.375 0.275 0.375 0.08499991 0.315 -0.325 -0.1349999 0.225 -0.375 -0.295 0.375 0.2899999 -0.08499997 0.315 -0.3149999 -0.1499999 0.315 -0.3199999 -0.1449999 0.315 -0.31 -0.1449999 0.315 -0.3149999 -0.1399999 0.3220711 -0.3149999 -0.1499999 0.3220711 -0.3199999 -0.1449999 0.3220711 -0.31 -0.1449999 0.3220711 -0.3149999 -0.1399999 0.295 -0.325 -0.155 -0.375 -0.2899999 -0.08499997 0.275 -0.375 -0.155 0.225 -0.375 -0.155 0.295 -0.375 -0.155 0.295 -0.05000001 -0.155 0.255 -0.375 -0.155 0.245 -0.375 -0.155 0.315 -0.07999998 -0.155 0.315 -0.325 -0.155 0.315 -0.305 -0.155 0.275 -0.375 -0.295 0.315 -0.2949999 -0.155 0.295 -0.325 -0.295 0.315 -0.05000001 -0.1349999 0.315 -0.07000005 -0.1349999 0.315 -0.06 -0.1499999 0.315 -0.06499999 -0.1449999 0.315 -0.055 -0.1449999 0.315 -0.06 -0.1399999 0.3220711 -0.06 -0.1499999 0.3220711 -0.06499999 -0.1449999 0.3220711 -0.055 -0.1449999 0.3220711 -0.06 -0.1399999 0.315 -0.07000005 -0.155 0.315 -0.05000001 -0.155 0.295 -0.05000001 -0.295 0.255 -0.375 -0.295 0.245 -0.375 -0.295 0.245 -0.275 -0.375 0.225 0.325 0.08499991 0.275 -0.08000004 -0.375 0.275 -0.275 -0.375 0.275 -0.05000001 -0.375 -0.225 -0.325 0.08499991 0.275 -0.06999999 -0.375 -0.225 -0.04999995 0.08499991 0.315 -0.07999998 -0.295 0.315 -0.305 -0.295 0.315 -0.2949999 -0.295 0.315 -0.325 -0.295 0.315 -0.3149999 -0.31 0.315 -0.3199999 -0.305 0.315 -0.31 -0.305 0.315 -0.3149999 -0.3 0.3220711 -0.3149999 -0.31 0.3220711 -0.3199999 -0.305 0.3220711 -0.31 -0.305 0.3220711 -0.3149999 -0.3 0.315 -0.07999998 -0.315 0.315 -0.325 -0.315 0.315 -0.305 -0.315 0.315 -0.2949999 -0.315 0.315 -0.05000001 -0.295 0.315 -0.07000005 -0.295 0.315 -0.06 -0.31 0.315 -0.06499999 -0.305 0.315 -0.055 -0.305 0.315 -0.06 -0.3 0.3220711 -0.06 -0.31 0.3220711 -0.06499999 -0.305 0.3220711 -0.055 -0.305 0.3220711 -0.06 -0.3 0.315 -0.07000005 -0.315 0.315 -0.05000001 -0.315 0.275 0.375 -0.375 0.2387499 0.04999995 0.23 0.2387499 0.325 0.23 0.275 0.325 0.08499991 0.275 0.04999995 0.08499991 0.275 0.29 -0.08499997 0.275 0.08499991 -0.08499997 0.375 0.375 -0.08499997 0.2337499 0.07299989 0.25 0.18875 0.325 0.23 0.225 0.375 0.08499991 0.275 0.375 -0.105 0.275 0.375 -0.345 0.275 0.05000001 -0.105 0.275 0.325 -0.105 0.275 0.3249999 -0.345 0.225 0.375 -0.105 0.225 0.375 -0.345 0.255 0.375 -0.1349999 0.375 0.375 0.08499991 0.375 0.2899999 0.08499991 0.2337499 0.04999995 0.25 0.2337499 0.325 0.25 0.18375 0.325 0.25 0.08499991 0.375 0.23 0.375 0.1049999 -0.08499997 0.375 0.27 -0.08499997 0.295 0.325 -0.125 0.275 0.1049999 -0.08499997 0.275 0.2699999 -0.08499997 0.275 0.06999993 0.08499991 0.275 0.305 0.08499991 0.23875 0.07299995 0.23 0.2387499 0.3019999 0.23 0.275 0.06999999 -0.105 0.275 0.305 -0.105 0.295 0.05000001 -0.1349999 0.17125 -0.07299995 0.3 0.295 0.375 -0.1349999 0.225 0.375 -0.1349999 0.375 0.1049999 0.08499991 0.375 0.27 0.08499991 0.255 0.325 0.08499991 0.21875 0.04999995 0.23 0.255 0.375 -0.08499997 0.255 0.04999995 0.08499991 0.21875 0.325 0.23 0.255 0.375 0.08499991 0.255 0.375 -0.105 0.255 0.375 -0.345 0.21375 0.325 0.25 0.21375 0.04999995 0.25 -0.1712499 0.07299995 0.3 0.2337499 0.3019999 0.25 0.275 0.375 -0.1349999 0.275 0.375 -0.125 0.275 0.375 -0.325 0.225 0.375 -0.125 0.225 0.375 -0.325 0.295 0.375 -0.125 0.295 0.375 -0.325 0.295 0.05000001 -0.125 0.275 0.06999999 -0.345 0.295 0.325 -0.325 0.295 0.305 -0.325 0.295 0.305 -0.1349999 0.295 0.325 -0.315 0.275 0.305 -0.345 0.255 0.375 -0.125 0.255 0.375 -0.325 0.275 0.375 -0.315 0.225 0.375 -0.315 0.295 0.375 -0.315 0.295 0.05000001 -0.315 0.295 0.305 -0.315 0.295 0.325 -0.1349999 0.255 0.375 -0.315 0.23375 0.2919999 0.25 0.375 0.26 -0.08499997 0.275 0.2599999 -0.08499997 0.275 0.295 0.08499991 0.2387499 0.2919999 0.23 0.295 0.305 -0.125 0.275 0.2949999 -0.105 0.375 0.26 0.08499991 0.2337499 0.08299994 0.25 0.375 0.1149999 -0.08499997 0.275 0.115 -0.08499997 0.275 0.07999992 0.08499991 0.2387499 0.08299994 0.23 0.275 0.07999998 -0.105 0.375 0.1149999 0.08499991 0.295 0.2949999 -0.125 0.245 0.375 -0.08499997 0.245 0.04999995 0.08499991 0.20875 0.325 0.23 0.20375 0.04999995 0.25 0.245 0.375 -0.1349999 0.245 0.325 0.08499991 0.20875 0.04999995 0.23 0.245 0.375 0.08499991 0.245 0.375 -0.105 0.245 0.375 -0.345 0.20375 0.325 0.25 0.245 0.375 -0.125 0.245 0.375 -0.325 0.245 0.375 -0.315 0.08499997 -0.07299989 0.365 0.1524999 0.08299994 0.375 0.20375 0.07299995 0.25 0.21375 0.08299994 0.25 0.22375 0.07299989 0.25 0.21375 0.06299996 0.25 0.21375 0.2919999 0.25 0.20375 0.3019999 0.25 0.21375 0.3119999 0.25 0.22375 0.3019999 0.25 -0.08499991 0.07299995 0.365 0.1525 0.292 0.375 0.1725 0.2919999 0.375 0.1725 0.08299994 0.375 0.185 0.08299994 0.365 0.1746923 0.07299995 0.365 0.1746922 0.3019999 0.365 0.185 0.2919999 0.365 0.295 0.2949999 -0.315 0.295 0.2949999 -0.1349999 0.295 0.07999998 -0.1349999 0.295 0.07999998 -0.125 0.295 0.07999998 -0.315 0.295 0.06999999 -0.315 0.295 0.06999999 -0.125 0.295 0.06999999 -0.1349999 0.275 0.05000001 -0.345 0.275 0.295 -0.345 0.275 0.08000004 -0.345 0.295 0.06999999 -0.325 0.295 0.08000004 -0.325 0.295 0.295 -0.325 0.295 0.05000001 -0.325 0.245 0.375 -0.375 0.245 0.3249999 -0.375 0.245 0.305 -0.375 0.245 0.2749998 -0.375 0.255 0.2749998 -0.375 0.255 0.305 -0.375 0.255 0.3249999 -0.375 0.255 0.375 -0.375 0.255 -0.275 -0.375 0.255 -0.305 -0.375 0.275 0.3249999 -0.375 0.275 0.305 -0.375 0.295 0.375 -0.295 0.315 0.07999998 -0.1349999 0.315 0.305 -0.1349999 0.315 0.2949999 -0.1349999 0.315 0.325 -0.1349999 0.225 0.375 -0.295 0.315 0.3149999 -0.1499999 0.315 0.3199999 -0.1449999 0.315 0.31 -0.1449999 0.315 0.3149999 -0.1399999 0.3220711 0.3149999 -0.1499999 0.3220711 0.3199999 -0.1449999 0.3220711 0.31 -0.1449999 0.3220711 0.3149999 -0.1399999 0.295 0.325 -0.155 0.275 0.375 -0.155 0.225 0.375 -0.155 0.295 0.375 -0.155 0.295 0.05000001 -0.155 0.255 0.375 -0.155 0.245 0.375 -0.155 0.255 -0.3249999 -0.375 0.315 0.07999998 -0.155 0.315 0.325 -0.155 0.315 0.305 -0.155 0.275 0.375 -0.295 0.315 0.2949999 -0.155 0.295 0.325 -0.295 0.315 0.05000001 -0.1349999 0.315 0.07000005 -0.1349999 0.315 0.06 -0.1499999 0.315 0.06499999 -0.1449999 0.315 0.055 -0.1449999 0.315 0.06 -0.1399999 0.3220711 0.06 -0.1499999 0.3220711 0.06499999 -0.1449999 0.3220711 0.055 -0.1449999 0.3220711 0.06 -0.1399999 0.315 0.07000005 -0.155 0.315 0.05000001 -0.155 0.295 0.05000001 -0.295 0.255 0.375 -0.295 0.245 0.375 -0.295 0.255 -0.375 -0.375 0.275 0.08000004 -0.375 0.275 0.2749998 -0.375 0.275 0.05000001 -0.375 0.275 0.06999999 -0.375 0.315 0.07999998 -0.295 0.315 0.305 -0.295 0.315 0.2949999 -0.295 0.315 0.325 -0.295 0.315 0.3149999 -0.31 0.315 0.3199999 -0.305 0.315 0.31 -0.305 0.315 0.3149999 -0.3 0.3220711 0.3149999 -0.31 0.3220711 0.3199999 -0.305 0.3220711 0.31 -0.305 0.3220711 0.3149999 -0.3 0.315 0.07999998 -0.315 0.315 0.325 -0.315 0.315 0.305 -0.315 0.315 0.2949999 -0.315 0.315 0.05000001 -0.295 0.315 0.07000005 -0.295 0.315 0.06 -0.31 0.315 0.06499999 -0.305 0.315 0.055 -0.305 0.315 0.06 -0.3 0.3220711 0.06 -0.31 0.3220711 0.06499999 -0.305 0.3220711 0.055 -0.305 0.3220711 0.06 -0.3 0.315 0.07000005 -0.315 0.315 0.05000001 -0.315 -0.18875 -0.325 0.23 -0.18375 0.05000001 0.25 -0.225 -0.375 0.08499991 -0.275 -0.375 -0.105 -0.275 -0.375 -0.345 -0.275 -0.05000001 -0.105 -0.275 -0.325 -0.105 -0.275 -0.3249999 -0.345 -0.225 -0.375 -0.105 -0.225 -0.375 -0.345 -0.255 -0.375 -0.1349999 -0.375 -0.375 0.08499991 -0.08499985 -0.375 -0.08499991 -0.375 -0.2899999 0.08499991 -0.2337499 -0.04999995 0.25 -0.2337499 -0.325 0.25 -0.18375 -0.325 0.25 -0.18375 -0.04999995 0.25 -0.375 -0.1049999 -0.08499997 -0.375 -0.27 -0.08499997 -0.295 -0.325 -0.125 -0.275 -0.1049999 -0.08499997 -0.275 -0.2699999 -0.08499997 -0.275 -0.06999993 0.08499991 -0.275 -0.305 0.08499991 -0.23875 -0.07299995 0.23 -0.2387499 -0.3019999 0.23 -0.275 -0.06999999 -0.105 -0.275 -0.305 -0.105 -0.295 -0.05000001 -0.1349999 -0.295 -0.375 -0.1349999 -0.225 -0.375 -0.1349999 -0.375 -0.1049999 0.08499991 -0.375 -0.27 0.08499991 -0.255 -0.325 0.08499991 -0.21875 -0.04999995 0.23 -0.255 -0.375 -0.08499997 -0.275 0.05000001 -0.375 -0.255 -0.04999995 0.08499991 -0.21875 -0.325 0.23 -0.255 -0.375 0.08499991 -0.255 -0.375 -0.105 -0.255 -0.375 -0.345 -0.21375 -0.325 0.25 -0.21375 -0.04999995 0.25 -0.2337499 -0.3019999 0.25 -0.275 -0.375 -0.1349999 -0.275 -0.375 -0.125 -0.275 -0.375 -0.325 -0.225 -0.375 -0.125 -0.225 -0.375 -0.325 -0.295 -0.375 -0.125 -0.295 -0.375 -0.325 -0.295 -0.05000001 -0.125 -0.275 -0.06999999 -0.345 -0.295 -0.325 -0.325 -0.295 -0.305 -0.325 -0.295 -0.305 -0.1349999 -0.295 -0.325 -0.315 -0.275 -0.305 -0.345 -0.255 -0.375 -0.125 -0.255 -0.375 -0.325 -0.275 -0.375 -0.315 -0.225 -0.375 -0.315 -0.295 -0.375 -0.315 -0.295 -0.05000001 -0.315 -0.295 -0.305 -0.315 -0.295 -0.325 -0.1349999 -0.255 -0.375 -0.315 -0.23375 -0.2919999 0.25 -0.375 -0.26 -0.08499997 -0.275 -0.2599999 -0.08499997 -0.275 -0.295 0.08499991 -0.2387499 -0.2919999 0.23 -0.295 -0.305 -0.125 -0.275 -0.2949999 -0.105 -0.375 -0.26 0.08499991 -0.2337499 -0.08299994 0.25 -0.375 -0.1149999 -0.08499997 -0.275 -0.115 -0.08499997 -0.275 -0.07999992 0.08499991 -0.2387499 -0.08299994 0.23 -0.275 -0.07999998 -0.105 -0.375 -0.1149999 0.08499991 -0.295 -0.2949999 -0.125 -0.245 -0.375 -0.08499997 -0.255 0.3249999 -0.375 -0.245 -0.04999995 0.08499991 -0.20875 -0.325 0.23 -0.20375 -0.04999995 0.25 -0.245 -0.375 -0.1349999 -0.245 -0.325 0.08499991 -0.20875 -0.04999995 0.23 -0.245 -0.375 0.08499991 -0.245 -0.375 -0.105 -0.245 -0.375 -0.345 -0.20375 -0.325 0.25 -0.245 -0.375 -0.125 -0.245 -0.375 -0.325 -0.245 -0.375 -0.315 -0.1524999 -0.08299994 0.375 -0.20375 -0.07299995 0.25 -0.21375 -0.08299994 0.25 -0.22375 -0.07299989 0.25 -0.21375 -0.06299996 0.25 -0.21375 -0.2919999 0.25 -0.20375 -0.3019999 0.25 -0.21375 -0.3119999 0.25 -0.22375 -0.3019999 0.25 -0.1525 -0.292 0.375 -0.1725 -0.2919999 0.375 -0.1725 -0.08299994 0.375 -0.185 -0.08299994 0.365 -0.1746923 -0.07299995 0.365 -0.1746922 -0.3019999 0.365 -0.185 -0.2919999 0.365 -0.295 -0.2949999 -0.315 -0.295 -0.2949999 -0.1349999 -0.295 -0.07999998 -0.1349999 -0.295 -0.07999998 -0.125 -0.295 -0.07999998 -0.315 -0.295 -0.06999999 -0.315 -0.295 -0.06999999 -0.125 -0.295 -0.06999999 -0.1349999 -0.275 -0.05000001 -0.345 -0.275 -0.295 -0.345 -0.275 -0.08000004 -0.345 -0.295 -0.06999999 -0.325 -0.295 -0.08000004 -0.325 -0.295 -0.295 -0.325 -0.295 -0.05000001 -0.325 0.08499991 -0.3750001 -0.1349999 -0.225 0.3249999 -0.375 0.18875 0.05000001 0.23 0.08499991 -0.3750001 -0.105 0.08499991 -0.3750001 -0.345 0.08499991 -0.3750001 -0.125 0.08499991 -0.3750001 -0.325 0.08499991 -0.3750001 -0.315 0.08499997 -0.08299994 0.375 0.08499997 -0.292 0.375 -0.225 0.04999995 0.08499991 -0.295 -0.375 -0.295 -0.315 -0.07999998 -0.1349999 -0.225 0.375 -0.08499997 -0.275 0.375 -0.08499997 -0.315 -0.305 -0.1349999 -0.315 -0.2949999 -0.1349999 -0.245 0.3249999 -0.375 -0.275 0.375 0.08499991 -0.315 -0.325 -0.1349999 -0.225 -0.375 -0.295 -0.08499991 -0.375 0.08499997 -0.375 0.2899999 -0.08499997 -0.315 -0.3149999 -0.1499999 -0.315 -0.3199999 -0.1449999 -0.315 -0.31 -0.1449999 -0.315 -0.3149999 -0.1399999 -0.3220711 -0.3149999 -0.1499999 -0.3220711 -0.3199999 -0.1449999 -0.3220711 -0.31 -0.1449999 -0.3220711 -0.3149999 -0.1399999 -0.295 -0.325 -0.155 -0.275 -0.375 -0.155 -0.225 -0.375 -0.155 -0.295 -0.375 -0.155 -0.295 -0.05000001 -0.155 -0.255 -0.375 -0.155 -0.245 -0.375 -0.155 0.08499991 -0.3750001 -0.155 -0.315 -0.07999998 -0.155 -0.315 -0.325 -0.155 -0.315 -0.305 -0.155 -0.275 -0.375 -0.295 -0.315 -0.2949999 -0.155 -0.295 -0.325 -0.295 -0.315 -0.05000001 -0.1349999 -0.315 -0.07000005 -0.1349999 -0.315 -0.06 -0.1499999 -0.315 -0.06499999 -0.1449999 -0.315 -0.055 -0.1449999 -0.315 -0.06 -0.1399999 -0.3220711 -0.06 -0.1499999 -0.3220711 -0.06499999 -0.1449999 -0.3220711 -0.055 -0.1449999 -0.3220711 -0.06 -0.1399999 -0.315 -0.07000005 -0.155 -0.315 -0.05000001 -0.155 -0.295 -0.05000001 -0.295 -0.255 -0.375 -0.295 -0.245 -0.375 -0.295 0.08499991 -0.3750001 -0.295 -0.225 0.325 0.08499991 -0.315 -0.07999998 -0.295 -0.315 -0.305 -0.295 -0.315 -0.2949999 -0.295 -0.315 -0.325 -0.295 -0.315 -0.3149999 -0.31 -0.315 -0.3199999 -0.305 -0.315 -0.31 -0.305 -0.315 -0.3149999 -0.3 -0.3220711 -0.3149999 -0.31 -0.3220711 -0.3199999 -0.305 -0.3220711 -0.31 -0.305 -0.3220711 -0.3149999 -0.3 -0.315 -0.07999998 -0.315 -0.315 -0.325 -0.315 -0.315 -0.305 -0.315 -0.315 -0.2949999 -0.315 -0.315 -0.05000001 -0.295 -0.315 -0.07000005 -0.295 -0.315 -0.06 -0.31 -0.315 -0.06499999 -0.305 -0.315 -0.055 -0.305 -0.315 -0.06 -0.3 -0.3220711 -0.06 -0.31 -0.3220711 -0.06499999 -0.305 -0.3220711 -0.055 -0.305 -0.3220711 -0.06 -0.3 -0.315 -0.07000005 -0.315 -0.315 -0.05000001 -0.315 -0.2387499 0.04999995 0.23 -0.2387499 0.325 0.23 -0.275 0.325 0.08499991 -0.275 0.04999995 0.08499991 -0.275 0.29 -0.08499997 -0.275 0.08499991 -0.08499997 -0.375 0.375 -0.08499997 -0.2337499 0.07299989 0.25 -0.08499997 0.375 0.23 -0.18875 0.325 0.23 -0.225 0.375 0.08499991 -0.275 0.375 -0.105 -0.275 0.375 -0.345 -0.275 0.05000001 -0.105 -0.275 0.325 -0.105 -0.275 0.3249999 -0.345 -0.225 0.375 -0.105 -0.225 0.375 -0.345 -0.255 0.375 -0.1349999 -0.375 0.375 0.08499991 0.08499997 -0.375 0.08499997 -0.375 0.2899999 0.08499991 -0.2337499 0.04999995 0.25 -0.2337499 0.325 0.25 -0.18375 0.325 0.25 -0.375 0.1049999 -0.08499997 -0.375 0.27 -0.08499997 -0.295 0.325 -0.125 -0.275 0.1049999 -0.08499997 -0.275 0.2699999 -0.08499997 -0.275 0.06999993 0.08499991 -0.275 0.305 0.08499991 -0.23875 0.07299995 0.23 -0.2387499 0.3019999 0.23 -0.275 0.06999999 -0.105 -0.275 0.305 -0.105 -0.295 0.05000001 -0.1349999 -0.1237025 -0.07299995 0.2901897 -0.295 0.375 -0.1349999 -0.225 0.375 -0.1349999 -0.375 0.1049999 0.08499991 -0.375 0.27 0.08499991 -0.255 0.325 0.08499991 -0.21875 0.04999995 0.23 -0.255 0.375 -0.08499997 -0.275 0.3249999 -0.375 -0.255 0.04999995 0.08499991 -0.21875 0.325 0.23 -0.255 0.375 0.08499991 -0.255 0.375 -0.105 -0.255 0.375 -0.345 -0.21375 0.325 0.25 -0.21375 0.04999995 0.25 -0.18375 0.3019999 0.25 -0.2337499 0.3019999 0.25 -0.275 0.375 -0.1349999 -0.275 0.375 -0.125 -0.275 0.375 -0.325 -0.225 0.375 -0.125 -0.225 0.375 -0.325 -0.295 0.375 -0.125 -0.295 0.375 -0.325 -0.295 0.05000001 -0.125 -0.275 0.06999999 -0.345 -0.295 0.325 -0.325 -0.295 0.305 -0.325 -0.295 0.305 -0.1349999 -0.295 0.325 -0.315 -0.275 0.305 -0.345 -0.255 0.375 -0.125 -0.255 0.375 -0.325 -0.275 0.375 -0.315 -0.225 0.375 -0.315 -0.295 0.375 -0.315 -0.295 0.05000001 -0.315 -0.295 0.305 -0.315 -0.295 0.325 -0.1349999 -0.255 0.375 -0.315 -0.23375 0.2919999 0.25 -0.375 0.26 -0.08499997 -0.275 0.2599999 -0.08499997 -0.275 0.295 0.08499991 -0.2387499 0.2919999 0.23 -0.295 0.305 -0.125 -0.275 0.2949999 -0.105 -0.375 0.26 0.08499991 -0.2337499 0.08299994 0.25 -0.375 0.1149999 -0.08499997 -0.275 0.115 -0.08499997 -0.275 0.07999992 0.08499991 -0.2387499 0.08299994 0.23 -0.275 0.07999998 -0.105 -0.375 0.1149999 0.08499991 -0.295 0.2949999 -0.125 -0.245 0.375 -0.08499997 -0.245 0.04999995 0.08499991 -0.20875 0.325 0.23 -0.20375 0.04999995 0.25 -0.245 0.375 -0.1349999 -0.245 0.325 0.08499991 -0.20875 0.04999995 0.23 -0.245 0.375 0.08499991 -0.245 0.375 -0.105 -0.245 0.375 -0.345 -0.20375 0.325 0.25 -0.245 0.375 -0.125 -0.245 0.375 -0.325 -0.245 0.375 -0.315 -0.11125 -0.07299995 0.3 -0.1524999 0.08299994 0.375 -0.20375 0.07299995 0.25 -0.21375 0.08299994 0.25 -0.22375 0.07299989 0.25 -0.21375 0.06299996 0.25 -0.21375 0.2919999 0.25 -0.20375 0.3019999 0.25 -0.21375 0.3119999 0.25 -0.22375 0.3019999 0.25 -0.155 0.302 0.365 -0.1525 0.292 0.375 -0.1725 0.2919999 0.375 -0.1725 0.08299994 0.375 -0.185 0.08299994 0.365 -0.1746923 0.07299995 0.365 -0.1746922 0.3019999 0.365 -0.185 0.2919999 0.365 -0.295 0.2949999 -0.315 -0.295 0.2949999 -0.1349999 -0.295 0.07999998 -0.1349999 -0.295 0.07999998 -0.125 -0.295 0.07999998 -0.315 -0.295 0.06999999 -0.315 -0.295 0.06999999 -0.125 -0.295 0.06999999 -0.1349999 -0.275 0.05000001 -0.345 -0.275 0.295 -0.345 -0.275 0.08000004 -0.345 -0.295 0.06999999 -0.325 -0.295 0.08000004 -0.325 -0.295 0.295 -0.325 -0.295 0.05000001 -0.325 -0.08499991 0.375 0.25 -0.18875 0.375 0.23 0.08499991 0.3750001 -0.1349999 -0.375 -0.08499997 0.08499997 -0.18375 0.375 0.25 -0.375 0.08499991 0.08499997 0.08499991 0.3750001 -0.105 0.08499991 0.3750001 -0.345 0.08499991 0.3750001 -0.125 0.08499991 0.3750001 -0.325 0.08499991 0.3750001 -0.315 0.18375 -0.07299995 0.25 0.08499997 0.08299994 0.375 0.1237026 0.07300001 0.2901897 0.08499997 0.292 0.375 -0.295 0.375 -0.295 -0.315 0.07999998 -0.1349999 -0.315 0.305 -0.1349999 -0.315 0.2949999 -0.1349999 -0.315 0.325 -0.1349999 -0.225 0.375 -0.295 -0.315 0.3149999 -0.1499999 -0.315 0.3199999 -0.1449999 -0.315 0.31 -0.1449999 -0.315 0.3149999 -0.1399999 -0.3220711 0.3149999 -0.1499999 -0.3220711 0.3199999 -0.1449999 -0.3220711 0.31 -0.1449999 -0.3220711 0.3149999 -0.1399999 -0.295 0.325 -0.155 -0.275 0.375 -0.155 -0.225 0.375 -0.155 -0.295 0.375 -0.155 -0.295 0.05000001 -0.155 -0.255 0.375 -0.155 -0.245 0.375 -0.155 0.08499991 0.3750001 -0.155 -0.315 0.07999998 -0.155 -0.315 0.325 -0.155 -0.315 0.305 -0.155 -0.275 0.375 -0.295 -0.315 0.2949999 -0.155 -0.295 0.325 -0.295 -0.315 0.05000001 -0.1349999 -0.315 0.07000005 -0.1349999 -0.315 0.06 -0.1499999 -0.315 0.06499999 -0.1449999 -0.315 0.055 -0.1449999 -0.315 0.06 -0.1399999 -0.3220711 0.06 -0.1499999 -0.3220711 0.06499999 -0.1449999 -0.3220711 0.055 -0.1449999 -0.3220711 0.06 -0.1399999 -0.315 0.07000005 -0.155 -0.315 0.05000001 -0.155 -0.295 0.05000001 -0.295 -0.255 0.375 -0.295 -0.245 0.375 -0.295 0.08499991 0.3750001 -0.295 -0.315 0.07999998 -0.295 -0.315 0.305 -0.295 -0.315 0.2949999 -0.295 -0.315 0.325 -0.295 -0.315 0.3149999 -0.31 -0.315 0.3199999 -0.305 -0.315 0.31 -0.305 -0.315 0.3149999 -0.3 -0.3220711 0.3149999 -0.31 -0.3220711 0.3199999 -0.305 -0.3220711 0.31 -0.305 -0.3220711 0.3149999 -0.3 -0.315 0.07999998 -0.315 -0.315 0.325 -0.315 -0.315 0.305 -0.315 -0.315 0.2949999 -0.315 -0.315 0.05000001 -0.295 -0.315 0.07000005 -0.295 -0.315 0.06 -0.31 -0.315 0.06499999 -0.305 -0.315 0.055 -0.305 -0.315 0.06 -0.3 -0.3220711 0.06 -0.31 -0.3220711 0.06499999 -0.305 -0.3220711 0.055 -0.305 -0.3220711 0.06 -0.3 -0.315 0.07000005 -0.315 -0.315 0.05000001 -0.315 0.08499991 0.375 -0.375 0.08499991 -0.275 -0.375 0.08499991 -0.305 -0.375 0.08499991 -0.3249999 -0.375 -0.225 0.305 -0.375 -0.225 0.2749998 -0.375 -0.225 -0.375 -0.375 -0.225 0.375 -0.375 -0.225 -0.275 -0.375 -0.225 -0.305 -0.375 -0.225 -0.3249999 -0.375 -0.245 0.305 -0.375 -0.245 0.2749998 -0.375 -0.245 -0.375 -0.375 -0.245 0.375 -0.375 -0.245 -0.275 -0.375 0.175 0.175 -0.355 -0.245 -0.305 -0.375 -0.245 -0.3249999 -0.375 0.2249999 0.175 -0.3749999 -0.255 0.305 -0.375 0.2249999 0.175 -0.355 -0.255 0.2749998 -0.375 -0.255 -0.375 -0.375 -0.255 0.375 -0.375 0.1749999 0.225 -0.375 0.1749999 0.225 -0.355 -0.255 -0.275 -0.375 0.2249999 0.235 -0.355 -0.255 -0.305 -0.375 -0.255 -0.3249999 -0.375 0.2349999 0.225 -0.355 -0.275 0.305 -0.375 -0.275 0.08000004 -0.375 -0.275 0.2749998 -0.375 -0.275 -0.375 -0.375 -0.275 0.375 -0.375 -0.275 -0.06999999 -0.375 -0.275 -0.05000001 -0.375 -0.275 -0.275 -0.375 -0.275 -0.08000004 -0.375 -0.275 -0.305 -0.375 -0.275 -0.3249999 -0.375 -0.275 0.06999999 -0.375 -0.08499997 -0.375 -0.1349999 -0.08499997 -0.375 -0.105 -0.08499997 -0.375 -0.345 -0.08499997 -0.375 -0.125 -0.08499997 -0.375 -0.325 -0.08499997 -0.375 -0.315 -0.08499991 -0.08299994 0.375 0.18375 0.05000001 0.25 -0.08499997 -0.292 0.375 -0.08499997 -0.375 -0.155 -0.08499997 -0.375 -0.295 0.375 -0.355 -0.08499997 -0.08499997 0.375 -0.1349999 0.18875 0.375 0.23 -0.375 0.08499985 -0.08499991 -0.08499997 0.375 -0.105 -0.08499997 0.375 -0.345 -0.08499997 0.375 -0.125 -0.08499997 0.375 -0.325 -0.08499997 0.375 -0.315 -0.08499991 0.08299994 0.375 -0.08499997 0.302 0.365 0.18375 0.375 0.25 -0.375 -0.08499997 -0.08499991 -0.13375 0.325 0.25 0.155 -0.07299989 0.365 -0.08499997 0.292 0.375 -0.08499997 0.375 -0.155 -0.08499997 0.375 -0.295 -0.08499997 0.2749998 -0.375 0.2149999 0.225 -0.355 -0.08499997 0.305 -0.375 -0.08499997 0.375 -0.375 -0.08499997 0.3249999 -0.375 -0.08499997 -0.275 -0.375 -0.08499997 -0.305 -0.375 0.2249999 0.215 -0.355 0.2249999 0.235 -0.375 0.2349999 0.225 -0.375 -0.08499997 -0.3249999 -0.375 -0.08499997 -0.375 -0.375 0.2149999 0.225 -0.375 0.2249999 0.215 -0.375 -0.08499997 0.375 -0.08499997 0.08499991 0.375 -0.08499997 0.08499997 0.375 0.08499997 -0.08499997 0.375 0.08499997 0.07499998 0.38 -0.06499987 0.06499993 0.38 -0.07499992 0.06499993 0.38 0.07500004 0.07499998 0.38 0.06500005 0.06499993 0.375 -0.07499992 0.07499998 0.375 -0.06499987 0.07499998 0.375 0.06500005 0.06499993 0.375 0.07500004 -0.06499999 0.38 -0.07499992 -0.07499998 0.38 -0.06499987 -0.07499998 0.38 0.06500005 -0.06499999 0.38 0.07500004 -0.07499998 0.375 -0.06499987 -0.06499999 0.375 -0.07499992 -0.06499999 0.375 0.07500004 -0.07499998 0.375 0.06500005 0.07207101 0.385 0.06500005 0.06499993 0.385 0.07207113 0.07207101 0.38 0.06500005 0.06499993 0.38 0.07207113 0.06499993 0.385 0.05792897 0.05792886 0.385 0.06500005 0.06499993 0.38 0.05792897 0.05792891 0.38 0.06500005 -0.05792891 0.385 0.06500005 -0.06499999 0.385 0.07207113 -0.05792891 0.38 0.06500005 -0.06499999 0.38 0.07207113 -0.06499999 0.385 0.05792897 -0.07207107 0.385 0.06500005 -0.06499999 0.38 0.05792897 -0.07207107 0.38 0.06500005 0.05792891 0.38 -0.06499987 0.06499993 0.38 -0.07207095 0.05792886 0.385 -0.06499987 0.06499993 0.385 -0.07207095 0.06499993 0.38 -0.0579288 0.07207101 0.38 -0.06499987 0.06499993 0.385 -0.0579288 0.07207101 0.385 -0.06499987 -0.05792891 0.385 -0.06499987 -0.06499999 0.385 -0.0579288 -0.05792891 0.38 -0.06499987 -0.06499999 0.38 -0.0579288 -0.06499999 0.385 -0.07207095 -0.07207107 0.385 -0.06499987 -0.06499999 0.38 -0.07207095 -0.07207107 0.38 -0.06499987 0.04121315 0.38 0.05000007 0.04121315 0.385 0.05000007 0.02878677 0.38 0.05000007 0.02878677 0.385 0.05000007 0.01999998 0.38 0.04121327 0.01999998 0.385 0.04121327 0.01999998 0.38 0.02878689 0.01999998 0.385 0.02878689 0.02878677 0.38 0.02000004 0.02878677 0.385 0.02000004 0.04121315 0.38 0.02000004 0.04121315 0.385 0.02000004 0.04999995 0.38 0.02878689 0.04999995 0.385 0.02878689 0.04999995 0.38 0.04121327 0.04999995 0.385 0.04121327 -0.02878677 0.38 0.05000007 -0.02878677 0.385 0.05000007 -0.04121321 0.38 0.05000007 -0.04121321 0.385 0.05000007 -0.05000001 0.38 0.04121327 -0.05000001 0.385 0.04121327 -0.05000001 0.38 0.02878689 -0.05000001 0.385 0.02878689 -0.04121321 0.38 0.02000004 -0.04121321 0.385 0.02000004 -0.02878677 0.38 0.02000004 -0.02878677 0.385 0.02000004 -0.01999998 0.38 0.02878689 -0.01999998 0.385 0.02878689 -0.01999998 0.38 0.04121327 -0.01999998 0.385 0.04121327 0.04121315 0.38 -0.01999986 0.04121315 0.385 -0.01999986 0.02878677 0.38 -0.01999986 0.02878677 0.385 -0.01999986 0.01999998 0.38 -0.02878665 0.01999998 0.385 -0.02878665 0.01999998 0.38 -0.04121303 0.01999998 0.385 -0.04121303 0.02878677 0.38 -0.04999989 0.02878677 0.385 -0.04999989 0.04121315 0.38 -0.04999989 0.04121315 0.385 -0.04999989 0.04999995 0.38 -0.04121303 0.04999995 0.385 -0.04121303 0.04999995 0.38 -0.02878665 0.04999995 0.385 -0.02878665 -0.02878677 0.38 -0.01999986 -0.02878677 0.385 -0.01999986 -0.04121321 0.38 -0.01999986 -0.04121321 0.385 -0.01999986 -0.05000001 0.38 -0.02878665 -0.05000001 0.385 -0.02878665 -0.05000001 0.38 -0.04121303 -0.05000001 0.385 -0.04121303 -0.04121321 0.38 -0.04999989 -0.04121321 0.385 -0.04999989 -0.02878677 0.38 -0.04999989 -0.02878677 0.385 -0.04999989 -0.01999998 0.38 -0.04121303 -0.01999998 0.385 -0.04121303 -0.01999998 0.38 -0.02878665 -0.01999998 0.385 -0.02878665 -0.38 0.07499998 -0.06499987 -0.38 0.06499993 -0.07499986 -0.38 0.06499993 0.07499998 -0.38 0.07499998 0.06499999 -0.375 0.06499993 -0.07499986 -0.375 0.07499992 -0.06499987 -0.375 0.07499992 0.06499999 -0.375 0.06499993 0.07499998 -0.38 -0.06500005 -0.07499986 -0.38 -0.07500004 -0.06499987 -0.38 -0.07500004 0.06499999 -0.38 -0.06500005 0.07499998 -0.375 -0.07499998 -0.06499987 -0.375 -0.06500005 -0.07499986 -0.375 -0.06500005 0.07499998 -0.375 -0.07499998 0.06499999 -0.385 0.07207101 0.06499999 -0.385 0.06499993 0.07207107 -0.38 0.07207101 0.06499999 -0.38 0.06499993 0.07207107 -0.385 0.06499993 0.05792891 -0.385 0.05792886 0.06499999 -0.38 0.06499993 0.05792891 -0.38 0.05792891 0.06499999 -0.385 -0.05792897 0.06499999 -0.385 -0.06500005 0.07207107 -0.38 -0.05792897 0.06499999 -0.38 -0.06500005 0.07207107 -0.385 -0.06500005 0.05792891 -0.385 -0.07207107 0.06499999 -0.38 -0.06500005 0.05792891 -0.38 -0.07207107 0.06499999 -0.38 0.05792891 -0.06499987 -0.38 0.06499993 -0.07207095 -0.385 0.05792886 -0.06499987 -0.385 0.06499993 -0.07207095 -0.38 0.06499993 -0.0579288 -0.38 0.07207101 -0.06499987 -0.385 0.06499993 -0.0579288 -0.385 0.07207101 -0.06499987 -0.385 -0.05792897 -0.06499987 -0.385 -0.06500005 -0.0579288 -0.38 -0.05792897 -0.06499987 -0.38 -0.06500005 -0.0579288 -0.385 -0.06500005 -0.07207095 -0.385 -0.07207107 -0.06499987 -0.38 -0.06500005 -0.07207095 -0.38 -0.07207107 -0.06499987 -0.38 0.04121315 0.05000007 -0.385 0.04121315 0.05000007 -0.38 0.02878671 0.05000007 -0.385 0.02878671 0.05000007 -0.38 0.01999992 0.04121327 -0.385 0.01999992 0.04121327 -0.38 0.01999992 0.02878689 -0.385 0.01999992 0.02878689 -0.38 0.02878671 0.02000004 -0.385 0.02878671 0.02000004 -0.38 0.04121315 0.02000004 -0.385 0.04121315 0.02000004 -0.38 0.04999995 0.02878689 -0.385 0.04999995 0.02878689 -0.38 0.04999995 0.04121327 -0.385 0.04999995 0.04121327 -0.38 -0.02878683 0.05000007 -0.385 -0.02878683 0.05000007 -0.38 -0.04121321 0.05000007 -0.385 -0.04121327 0.05000007 -0.38 -0.05000001 0.04121327 -0.385 -0.05000007 0.04121327 -0.38 -0.05000001 0.02878689 -0.385 -0.05000007 0.02878689 -0.38 -0.04121321 0.02000004 -0.385 -0.04121327 0.02000004 -0.38 -0.02878683 0.02000004 -0.385 -0.02878683 0.02000004 -0.38 -0.02000004 0.02878689 -0.385 -0.02000004 0.02878689 -0.38 -0.02000004 0.04121327 -0.385 -0.02000004 0.04121327 -0.38 0.04121315 -0.01999986 -0.385 0.04121315 -0.01999986 -0.38 0.02878671 -0.01999986 -0.385 0.02878671 -0.01999986 -0.38 0.01999992 -0.02878665 -0.385 0.01999992 -0.02878665 -0.38 0.01999992 -0.04121303 -0.385 0.01999992 -0.04121303 -0.38 0.02878671 -0.04999989 -0.385 0.02878671 -0.04999989 -0.38 0.04121315 -0.04999989 -0.385 0.04121315 -0.04999989 -0.38 0.04999995 -0.04121303 -0.385 0.04999995 -0.04121303 -0.38 0.04999995 -0.02878665 -0.385 0.04999995 -0.02878665 -0.38 -0.02878683 -0.01999986 -0.385 -0.02878683 -0.01999986 -0.38 -0.04121321 -0.01999986 -0.385 -0.04121327 -0.01999986 -0.38 -0.05000001 -0.02878665 -0.385 -0.05000007 -0.02878665 -0.38 -0.05000001 -0.04121303 -0.385 -0.05000007 -0.04121303 -0.38 -0.04121321 -0.04999989 -0.385 -0.04121327 -0.04999989 -0.38 -0.02878683 -0.04999989 -0.385 -0.02878683 -0.04999989 -0.38 -0.02000004 -0.04121303 -0.385 -0.02000004 -0.04121303 -0.38 -0.02000004 -0.02878665 -0.385 -0.02000004 -0.02878665 -0.07499998 -0.38 -0.06499987 -0.06499993 -0.38 -0.07499986 -0.06499993 -0.38 0.07499998 -0.07499998 -0.38 0.06499999 -0.06499993 -0.375 -0.07499986 -0.07499992 -0.375 -0.06499987 -0.07499992 -0.375 0.06499999 -0.06499993 -0.375 0.07499998 0.06500005 -0.38 -0.07499986 0.07500004 -0.38 -0.06499987 0.07500004 -0.38 0.06499999 0.06500005 -0.38 0.07499998 0.07499998 -0.375 -0.06499987 0.06500005 -0.375 -0.07499986 0.06500005 -0.375 0.07499998 0.07499998 -0.375 0.06499999 -0.07207101 -0.385 0.06499999 -0.06499993 -0.385 0.07207107 -0.07207101 -0.38 0.06499999 -0.06499993 -0.38 0.07207107 -0.06499993 -0.385 0.05792891 -0.0579288 -0.385 0.06499999 -0.06499993 -0.38 0.05792891 -0.05792891 -0.38 0.06499999 0.05792897 -0.385 0.06499999 0.06500005 -0.385 0.07207107 0.05792897 -0.38 0.06499999 0.06500005 -0.38 0.07207107 0.06500005 -0.385 0.05792891 0.07207107 -0.385 0.06499999 0.06500005 -0.38 0.05792891 0.07207107 -0.38 0.06499999 -0.05792891 -0.38 -0.06499987 -0.06499993 -0.38 -0.07207095 -0.0579288 -0.385 -0.06499987 -0.06499993 -0.385 -0.07207095 -0.06499993 -0.38 -0.0579288 -0.07207101 -0.38 -0.06499987 -0.06499993 -0.385 -0.0579288 -0.07207101 -0.385 -0.06499987 0.05792897 -0.385 -0.06499987 0.06500005 -0.385 -0.0579288 0.05792897 -0.38 -0.06499987 0.06500005 -0.38 -0.0579288 0.06500005 -0.385 -0.07207095 0.07207107 -0.385 -0.06499987 0.06500005 -0.38 -0.07207095 0.07207107 -0.38 -0.06499987 -0.04121315 -0.38 0.05000007 -0.04121309 -0.385 0.05000007 -0.02878671 -0.38 0.05000007 -0.02878671 -0.385 0.05000007 -0.01999992 -0.38 0.04121327 -0.01999992 -0.385 0.04121327 -0.01999992 -0.38 0.02878689 -0.01999992 -0.385 0.02878689 -0.02878671 -0.38 0.02000004 -0.02878671 -0.385 0.02000004 -0.04121315 -0.38 0.02000004 -0.04121309 -0.385 0.02000004 -0.04999995 -0.38 0.02878689 -0.04999989 -0.385 0.02878689 -0.04999995 -0.38 0.04121327 -0.04999989 -0.385 0.04121327 0.02878683 -0.38 0.05000007 0.02878683 -0.385 0.05000007 0.04121321 -0.38 0.05000007 0.04121327 -0.385 0.05000007 0.05000001 -0.38 0.04121327 0.05000007 -0.385 0.04121327 0.05000001 -0.38 0.02878689 0.05000007 -0.385 0.02878689 0.04121321 -0.38 0.02000004 0.04121327 -0.385 0.02000004 0.02878683 -0.38 0.02000004 0.02878683 -0.385 0.02000004 0.02000004 -0.38 0.02878689 0.02000004 -0.385 0.02878689 0.02000004 -0.38 0.04121327 0.02000004 -0.385 0.04121327 -0.04121315 -0.38 -0.01999986 -0.04121309 -0.385 -0.01999986 -0.02878671 -0.38 -0.01999986 -0.02878671 -0.385 -0.01999986 -0.01999992 -0.38 -0.02878665 -0.01999992 -0.385 -0.02878665 -0.01999992 -0.38 -0.04121303 -0.01999992 -0.385 -0.04121303 -0.02878671 -0.38 -0.04999989 -0.02878671 -0.385 -0.04999989 -0.04121315 -0.38 -0.04999989 -0.04121309 -0.385 -0.04999989 -0.04999995 -0.38 -0.04121303 -0.04999989 -0.385 -0.04121303 -0.04999995 -0.38 -0.02878665 -0.04999989 -0.385 -0.02878665 0.02878683 -0.38 -0.01999986 0.02878683 -0.385 -0.01999986 0.04121321 -0.38 -0.01999986 0.04121327 -0.385 -0.01999986 0.05000001 -0.38 -0.02878665 0.05000007 -0.385 -0.02878665 0.05000001 -0.38 -0.04121303 0.05000007 -0.385 -0.04121303 0.04121321 -0.38 -0.04999989 0.04121327 -0.385 -0.04999989 0.02878683 -0.38 -0.04999989 0.02878683 -0.385 -0.04999989 0.02000004 -0.38 -0.04121303 0.02000004 -0.385 -0.04121303 0.02000004 -0.38 -0.02878665 0.02000004 -0.385 -0.02878665 -0.175 0.1749999 -0.3549999 -0.175 0.2249999 -0.3749998 -0.175 0.2249999 -0.3549999 -0.225 0.1749999 -0.3749999 -0.225 0.1749999 -0.3549999 -0.235 0.2249999 -0.3549999 -0.225 0.2349999 -0.3549999 -0.225 0.2149999 -0.3549999 -0.215 0.2249999 -0.3549999 -0.235 0.2249999 -0.3749999 -0.225 0.2349999 -0.3749999 -0.225 0.2149999 -0.3749999 -0.215 0.2249999 -0.3749999 -0.1749999 -0.175 -0.3549998 -0.2249999 -0.175 -0.3749998 -0.2249999 -0.175 -0.3549998 -0.1749999 -0.225 -0.3749998 -0.1749999 -0.225 -0.3549998 -0.2249999 -0.235 -0.3549998 -0.2349998 -0.225 -0.3549998 -0.2149999 -0.225 -0.3549998 -0.2249999 -0.215 -0.3549998 -0.2249999 -0.235 -0.3749998 -0.2349998 -0.225 -0.3749998 -0.2149999 -0.225 -0.3749998 -0.2249999 -0.215 -0.3749998 0.18375 -0.375 0.25 0.18875 -0.375 0.23 -0.18375 -0.375 0.25 -0.18875 -0.375 0.23 -0.13375 -0.04999995 0.25 -0.08499997 -0.375 0.23 0.08499991 -0.375 0.23 0.13375 -0.04999995 0.25 0.08499997 -0.3019999 0.3 0.1911162 -0.3019999 0.3 0.1911162 -0.07299995 0.3 0.1955978 -0.07734775 0.3 0.20125 -0.08299994 0.3 0.1967684 -0.2963478 0.3 0.20125 -0.2919999 0.3 0.1911162 0.3019999 0.3 0.11125 0.07300001 0.3 0.1911162 0.07299995 0.3 0.13375 -0.3019999 0.25 0.1955978 0.07734775 0.3 0.20125 0.08299994 0.3 0.20125 0.2919999 0.3 0.1967684 0.2963478 0.3 -0.1837499 0.07300001 0.25 0.13375 0.325 0.25 -0.1911162 -0.3019999 0.3 -0.1911162 -0.07299995 0.3 -0.1955978 -0.07734775 0.3 -0.20125 -0.08299994 0.3 -0.1967684 -0.2963478 0.3 -0.20125 -0.2919999 0.3 -0.17125 0.302 0.3 -0.1911162 0.3019999 0.3 0.18375 -0.3019999 0.25 -0.1911162 0.07299995 0.3 -0.1955978 0.07734775 0.3 -0.20125 0.08299994 0.3 -0.1967684 0.2963478 0.3 -0.20125 0.2919999 0.3 -0.08499997 0.302 0.3 -0.08499997 0.325 0.3 -0.08499991 -0.375 0.25 0.175 -0.375 -0.1349999 0.175 -0.375 -0.105 0.175 -0.375 -0.345 0.175 -0.375 -0.125 0.175 -0.375 -0.325 0.175 -0.375 -0.315 0.1025 -0.08299994 0.375 0.1025 -0.292 0.375 0.175 -0.375 -0.155 0.175 -0.375 -0.295 0.275 -0.355 -0.105 0.175 0.375 -0.1349999 0.13875 0.375 0.23 0.175 0.375 -0.105 0.175 0.375 -0.345 -0.1549999 0.07299995 0.365 0.175 0.375 -0.125 0.175 0.375 -0.325 0.175 0.375 -0.315 0.1025 0.08299994 0.375 0.105 0.07299995 0.365 0.08499991 0.3250001 0.3 0.155 -0.3019999 0.365 0.1025 0.292 0.375 0.175 0.375 -0.155 0.175 0.375 -0.295 0.175 -0.275 -0.375 0.175 -0.305 -0.375 0.175 -0.3249999 -0.375 0.175 -0.375 -0.375 0.175 0.375 -0.375 0.175 0.3249999 -0.375 0.175 0.305 -0.375 0.175 0.2749998 -0.375 0.175 0.375 0.08499997 0.175 0.375 -0.08499997 0.175 -0.375 0.08499997 0.175 -0.375 -0.08499997 0.13875 -0.375 0.23 0.08499997 -0.3019999 0.365 0.08499997 -0.375 0.25 -0.175 -0.375 -0.1349999 -0.175 -0.375 -0.105 -0.175 -0.375 -0.345 -0.175 -0.375 -0.125 -0.175 -0.375 -0.325 -0.175 -0.375 -0.315 -0.1025 -0.08299994 0.375 -0.175 -0.375 -0.155 -0.175 -0.375 -0.295 -0.13375 0.375 0.25 -0.175 0.375 -0.1349999 -0.175 0.375 -0.105 -0.175 0.375 -0.345 -0.13375 0.302 0.25 -0.175 0.375 -0.125 -0.175 0.375 -0.325 -0.175 0.375 -0.315 -0.1025 0.08299994 0.375 -0.105 0.302 0.365 -0.175 0.375 -0.155 -0.175 0.375 -0.295 -0.13875 0.375 0.23 -0.175 0.3249999 -0.375 -0.175 -0.305 -0.375 -0.175 -0.375 -0.375 -0.1025 -0.292 0.375 0.17125 -0.3019999 0.3 -0.1025 0.292 0.375 -0.175 0.2749998 -0.375 -0.175 0.305 -0.375 -0.175 0.375 -0.375 -0.175 -0.275 -0.375 -0.175 -0.3249999 -0.375 -0.175 0.375 0.08499997 -0.175 0.375 -0.08499997 -0.175 -0.375 0.08499997 -0.1749999 -0.375 -0.08499997 -0.13875 -0.375 0.23 0.08499991 -0.3250001 0.3 -0.08499997 -0.325 0.3 0.13375 -0.325 0.25 -0.13375 -0.325 0.25 0.13375 -0.375 0.25 -0.13375 -0.375 0.25 0.08499997 -0.04999995 0.3 -0.08499997 -0.04999995 0.3 -0.13375 0.05000001 0.25 0.13375 0.05000001 0.25 0.08499991 0.04999995 0.3 -0.08499997 0.05000001 0.3 -0.105 -0.07299989 0.365 -0.13375 -0.07299995 0.25 0.13375 0.375 0.25 0.375 -0.355 0.08499991 0.08499997 0.375 0.25 0.275 -0.355 -0.345 -0.225 0.3549999 -0.375 0.225 0.3549999 -0.375 0.08499991 0.3549999 -0.375 0.295 0.3549999 -0.315 0.295 0.3549999 -0.125 0.295 0.3549999 -0.1349999 0.245 0.3549999 -0.375 0.225 0.3599999 0.08499991 0.275 0.3599999 0.08499991 0.275 0.3549999 -0.08499997 0.375 0.3549999 -0.08499997 0.275 0.3549999 -0.345 0.275 0.3549999 -0.105 0.375 0.3549999 0.08499991 0.255 0.3599999 0.08499991 0.295 0.3549999 -0.325 0.245 0.3599999 0.08499991 0.255 0.3549999 -0.375 0.275 0.3549999 -0.375 0.295 0.3549999 -0.155 0.295 0.3549999 -0.295 -0.255 0.3549999 -0.375 0.18875 0.3599999 0.23 -0.295 0.3549999 -0.315 -0.295 0.3549999 -0.125 -0.295 0.3549999 -0.1349999 0.275 -0.355 -0.08499997 -0.18375 0.3599999 0.25 -0.225 0.3599999 0.08499991 -0.275 0.3599999 0.08499991 -0.275 0.3549999 -0.08499997 -0.375 0.3549999 -0.08499997 -0.275 0.3549999 -0.345 -0.275 0.3549999 -0.105 -0.375 0.3549999 0.08499991 -0.255 0.3599999 0.08499991 -0.295 0.3549999 -0.325 -0.245 0.3599999 0.08499991 0.275 -0.355 0.08499991 0.18375 0.3599999 0.25 -0.295 0.3549999 -0.155 -0.295 0.3549999 -0.295 -0.245 0.3549999 -0.375 -0.275 0.3549999 -0.375 -0.08499997 0.3549999 -0.375 -0.18875 0.3599999 0.23 0.175 0.3549999 -0.375 -0.175 0.3549999 -0.375 0.225 -0.355 0.08499991 0.295 -0.355 -0.1349999 0.295 -0.355 -0.125 0.295 -0.355 -0.315 0.08499997 0.36 0.25 -0.08499991 0.3599999 0.25 0.13375 0.3599999 0.25 -0.13375 0.3599999 0.25 0.255 -0.355 0.08499991 0.295 -0.355 -0.325 0.245 -0.355 0.08499991 0.225 -0.355 -0.375 0.275 -0.355 -0.375 0.295 -0.355 -0.155 0.295 -0.355 -0.295 0.245 -0.355 -0.375 0.255 -0.355 -0.375 -0.295 -0.355 -0.315 -0.295 -0.355 -0.125 -0.295 -0.355 -0.1349999 -0.225 -0.355 0.08499991 -0.275 -0.355 0.08499991 -0.275 -0.355 -0.08499997 -0.375 -0.355 -0.08499997 -0.275 -0.355 -0.345 -0.275 -0.355 -0.105 -0.375 -0.355 0.08499991 -0.255 -0.355 0.08499991 -0.295 -0.355 -0.325 -0.245 -0.355 0.08499991 -0.295 -0.355 -0.155 -0.295 -0.355 -0.295 0.08499991 -0.355 -0.375 -0.225 -0.355 -0.375 -0.245 -0.355 -0.375 -0.255 -0.355 -0.375 -0.275 -0.355 -0.375 -0.08499997 -0.355 -0.375 -0.18375 -0.355 0.25 0.18375 -0.355 0.25 -0.18875 -0.355 0.23 0.18875 -0.355 0.23 0.175 -0.355 -0.375 -0.175 -0.355 -0.375 -0.13375 -0.355 0.25 -0.08499991 -0.355 0.25 0.13375 -0.355 0.25 0.08499997 -0.355 0.25 -0.1837499 -0.3019999 0.25 0.11125 -0.3019999 0.3 -0.08499997 -0.07299989 0.365 0.1237026 -0.3019999 0.2901897 -0.1237037 -0.325 0.2901853 -0.11125 -0.325 0.3 0.1237036 -0.325 0.2901853 0.11125 -0.325 0.3 -0.11125 -0.345 0.3 -0.123707 -0.355 0.2901719 0.11125 -0.345 0.3 0.123707 -0.355 0.2901719 0.08499997 -0.345 0.3 0.08499997 -0.355 0.2901592 -0.08499997 -0.345 0.3 -0.08499997 -0.355 0.2901592 -0.11125 0.325 0.3 -0.1237037 0.325 0.2901853 0.105 -0.3019999 0.365 -0.1549999 -0.302 0.365 0.17125 0.07300001 0.3 0.08499997 0.07299995 0.365 -0.08499997 -0.07299995 0.3 -0.17125 -0.07299995 0.3 0.155 0.07299995 0.365 0.18375 0.07300001 0.25 -0.155 -0.07299989 0.365 -0.18375 -0.07299995 0.25 0.13375 0.07300001 0.25 0.08499997 0.07300001 0.3 0.155 0.302 0.365 0.18375 0.3019999 0.25 0.1237036 0.325 0.2901853 0.11125 0.325 0.3 -0.11125 0.302 0.3 -0.1237025 0.302 0.2901897 -0.08499991 -0.3019999 0.365 -0.1712499 -0.3019999 0.3 -0.11125 -0.04999995 0.3 -0.1236754 -0.04999995 0.2902985 0.1236754 -0.04999995 0.2902985 0.11125 -0.04999995 0.3 -0.1236754 0.05000001 0.2902985 -0.11125 0.05000001 0.3 0.1236754 0.05000001 0.2902985 0.11125 0.04999995 0.3 0.11125 0.3499999 0.3 0.123707 0.3599999 0.2901719 0.08499997 0.36 0.2901592 0.08499997 0.35 0.3 -0.08499997 0.3599999 0.2901592 -0.08499997 0.3499999 0.3 -0.11125 0.3499999 0.3 -0.123707 0.3599999 0.2901719 0.08499997 0.302 0.365 0.17125 0.302 0.3 0.08499997 0.302 0.3 0.13375 0.302 0.25 0.105 0.302 0.365 0.11125 0.302 0.3 0.1237025 0.302 0.2901897 -0.08499997 0.07300001 0.3 -0.13375 0.07299995 0.25 -0.105 0.07299995 0.365 -0.11125 0.07300001 0.3 -0.1237025 0.07300001 0.2901897 0.08499997 -0.07299995 0.3 0.13375 -0.07299995 0.25 0.105 -0.07299989 0.365 0.11125 -0.07299995 0.3 0.1237025 -0.07299995 0.2901897 -0.08499997 -0.3019999 0.3 -0.13375 -0.3019999 0.25 -0.105 -0.3019999 0.365 -0.11125 -0.3019999 0.3 -0.1237025 -0.3019999 0.2901897</float_array>
          <technique_common>
            <accessor source="#Cube_002-mesh-positions-array" count="1828" stride="3">
              <param name="X" type="float"/>
              <param name="Y" type="float"/>
              <param name="Z" type="float"/>
            </accessor>
          </technique_common>
        </source>
        <source id="Cube_002-mesh-normals">
          <float_array id="Cube_002-mesh-normals-array" count="11340">0 0 1 0 -1 0 2.98025e-6 1 0 0 -0.7071071 -0.7071065 0 -0.7071066 0.7071071 0 0.7071073 -0.7071062 2.10736e-6 0.7071063 0.7071073 0 0 -1 0 -0.7071076 0.7071061 -1 0 0 0 0.7071071 -0.7071064 1 0 0 0 -0.7071076 -0.7071061 0 0.7071071 0.7071064 0 -0.7071068 0.7071068 -1 0 0 0 0.7071083 -0.7071053 1 0 0 0 -0.7071068 -0.7071068 0 0.7071083 0.7071053 0 -0.7071076 0.7071061 -1 0 0 0 0.7071071 -0.7071064 1 0 0 0 -0.7071076 -0.7071061 0 0.7071071 0.7071064 0 -0.7071068 0.7071068 -1 0 0 0 0.7071083 -0.7071053 1 0 0 0 -0.7071068 -0.7071068 0 0.7071083 0.7071053 1 0 2.98023e-6 1 0 0 1 0 -2.98024e-6 1 0 0 1 0 0 1 2.29249e-7 -1.01752e-5 1 0 0 1 0 0 1 0 0 1 0 0 1 2.29249e-7 1.01752e-5 1 0 0 0 0 1 0 0.7071068 0.7071068 0 1 0 0 0.707108 -0.7071056 0 0 -1 0 -0.707108 -0.7071056 1 0 0 0 -1 0 0 -0.7071068 0.7071068 1 0 0 0 0 1 0 0.7071068 0.7071068 0 1 0 0 0.707108 -0.7071056 0 0 -1 0 -0.707108 -0.7071056 1 0 0 0 -1 0 0 -0.7071068 0.7071068 -1 0 0 0 0 1 0 0.7071068 0.7071068 0 1 0 0 0.707108 -0.7071056 0 0 -1 0 -0.707108 -0.7071056 1 0 0 0 -1 0 0 -0.7071068 0.7071068 1 0 0 0 0 1 0 0.7071068 0.7071068 0 1 0 0 0.707108 -0.7071056 0 0 -1 0 -0.707108 -0.7071056 1 0 0 0 -1 0 0 -0.7071068 0.7071068 -1 0 0 1 0 0 1 0 0 1 0 0 1 0 0 1 0 0 1 0 0 1 0 0 1 0 0 1 0 0 1 0 0 1 0 0 1 0 0 1 0 0 1 0 0 1 0 0 1 0 0 1 0 0 1 0 0 1 0 0 1 0 0 1 0 0 1 0 0 1 0 0 1 0 0 1 0 0 1 0 0 1 0 0 1 0 0 1 0 0 1 0 0 1 0 0 1 0 0 1 2.62963e-6 -1.75309e-7 1 9.93411e-7 -9.93411e-7 1 1.75308e-7 -2.6296e-6 1 0 0 1 0 0 0 -1 2.05533e-7 1 1.49011e-6 -2.60769e-6 0 0 -1 1 0 0 0 0 -1 -2.98023e-7 -1 0 0 0 1 1 1.49012e-6 0 -7.82312e-7 -2.23518e-6 1 0.9701426 6.28532e-7 0.2425355 0 -1 0 0 1 0 1 0 0 0 0 1 0 -1 0 0 -1 0 0.9701426 0 0.2425355 0 0 -1 0 -1 0 0 -1 0 1 0 0 0 -1 0 0.9701425 0 0.2425355 1 0 0 1 0 0 0.7071065 1.08042e-6 0.7071071 0 -1 0 0.7071057 2.10734e-6 -0.7071079 0 0 1 0 -1 0 0.9701424 6.29146e-7 0.2425361 0 0 1 0 1 0 0 0 1 0 0 1 0.9701426 -1.68795e-7 0.2425352 0.9701429 0 0.2425341 0.7071065 0 0.7071071 0.7071065 0 0.7071071 0.7071074 0 -0.7071063 0.7071055 0 0.7071081 0 0 1 0.9701425 1.55778e-6 0.2425358 0.9701425 -4.33687e-6 0.2425357 0 0 1 0 0 1 1 0 0 1 0 0 0 3.72529e-7 -1 0 0 -1 1 -1.49012e-6 0 1 0 0 -1.11759e-6 1 -2.79397e-7 0 -1 0 0 -1 0 0 -1 0 1 0 0 0 -1 0 0 -1 0 0 0 1 -1.11759e-6 1 -2.79397e-7 0 -1 0 0 -1 0 0 -1 0 0 -1 0 0 -1 0 0 -1 0 0 -1 0 0 -1 0 0 -1 0 0 -1 0 1 0 -2.98024e-6 0.7071065 0 0.7071071 1 0 0 0 -1 0 1 0 0 0.7071073 0 -0.7071062 0 0 1 0.9701424 0 0.2425355 1 0 0 1 0 -2.98024e-6 0.9701426 -1.44563e-6 0.2425354 0.7071065 0 0.7071071 1 0 0 0 0 -1 1 0 0 1 0 0 0 0 1 0 0 1 0.9701426 1.38337e-7 0.2425355 0 0 1 0 -1 0 0 -1 0 0 -1 0 0 -1 0 0 -1 0 0 -1 0 0 0 1 0 1 0 0 0 1 0 -1 0 0 -1 0 0 -1 0 0 -1 0 0 0 1 0 1 0 0.9701427 1.38472e-7 0.2425348 0 0 1 0 0 1 0.5252252 -0.5413908 0.6565322 0.5252267 0.5413888 0.6565326 0 0 1 0 0 1 1.07118e-6 0.7071064 0.7071072 2.10735e-6 -0.7071097 0.7071039 1 0 0 1 0 0 1 0 0 1 0 0 1 0 -2.98024e-6 1 0 -2.98023e-6 0.7071073 0 -0.7071062 0.7071073 0 -0.7071062 0.7071073 0 -0.7071062 0.7071073 0 -0.7071063 0 0 -1 1 0 0 0.7071065 0 0.7071071 1 0 -2.98024e-6 0.6246946 0 0.7808692 0 0 1 1 0 -2.98024e-6 1 0 0 1 0 0 0 -1 0 -4.47035e-7 0 1 0 0 1 0 -0.7071089 0.7071047 0 0 1 6.62274e-7 -1 0 0 0 1 0 -1 0 0 0.7071046 0.7071089 0 0 -1 0 0 -1 6.62274e-7 -1 0 6.62274e-7 -1 0 6.62274e-7 -1 0 6.62274e-7 -1 0 0 -1 0 0 -1 -9.93412e-7 0 -1 0 1 0 0 1 0 0 -0.707107 0.7071067 0 -0.7071063 0.7071074 0 0 0 -1 0.7071063 -0.7071074 0 0.7071063 0.7071074 0 -0.7071063 -0.7071074 0 -1.49012e-6 2.98023e-7 -1 6.62273e-7 -6.62274e-7 -1 -1.98682e-6 -3.97363e-6 -1 1.98683e-6 3.97367e-7 -1 1.19209e-6 0 -1 0 0 -1 -1.27724e-7 1 0 -1 0 0 0 -1.70299e-7 -1 1 0 0 0 -0.7071068 -0.7071068 1 0 0 0 0.7071068 0.7071068 1 0 0 0 0 -1 1.86264e-7 1 0 0 0 -1 0 0 -1 0 0 1 0 0 1 0 0 1 1.86264e-7 1 0 0 0.7071068 0.7071068 1 0 0 0 -0.7071068 -0.7071068 0 0.7071068 -0.7071068 0 -0.7071068 0.7071068 1 0 0 1 0 0 1 0 0 0 0.7071068 0.7071068 1 0 0 0 -1 0 6.62274e-7 -1 0 0 -1 0 0 -1 0 0 -1 0 1 0 0 0 -1 0 0 0 1 1 0 0 1 0 0 1 0 0 1 0 0 1 0 0 1 0 0 1 0 0 1 0 0 0 -0.7071068 -0.7071068 0 0.7071068 -0.7071068 0 -0.7071068 0.7071068 1 0 0 1 0 0 1 0 0 1 0 0 1 0 0 1 0 0 1 0 0 1 0 0 1 0 0 1 0 0 1.86264e-7 1 0 1 0 0 1 0 0 1 0 0 0 -1 0 6.62274e-7 -1 0 0 -1 0 0 -1 0 0 -1 0 1 0 0 0 -1 0 1 0 0 0 0.7071068 -0.7071068 0 -0.7071068 0.7071068 1 0 0 1 0 0 0 0.7071068 0.7071068 1 0 0 1 0 0 1 0 0 1 0 0 1 0 0 1 0 0 1 0 0 1 0 0 0 -0.7071068 -0.7071068 0 0.7071068 -0.7071068 0 -0.7071068 0.7071068 1 0 0 1 0 0 1 0 0 1 0 0 1 0 0 1 0 0 1 0 0 1 0 0 1 0 0 1 0 0 0 0 1 1 0 0 5.96046e-7 1 1.49012e-7 1 -1.49011e-6 -2.60769e-6 0 0 -1 1 0 0 0 0 -1 -2.98023e-7 1 0 1 -1.49012e-6 0 -7.82313e-7 2.23518e-6 1 0.9701425 0 0.2425355 0 1 0 0 -1 0 1 0 0 0 0 1 0 1 0 0 1 0 0 1 0 0 1 0 0 1 0 0.9701426 0 0.2425355 1 0 0 1 -1.49011e-6 0 0.7071065 -1.05367e-6 0.707107 0 1 0 0.7071074 0 -0.7071062 0 0 1 0 1 0 0.9701424 -6.28532e-7 0.2425361 0 0 1 -2.23517e-6 -1 -5.58793e-7 0 0 1 0 0 1 0.9701426 1.57133e-7 0.2425352 0.9701424 4.3411e-6 0.2425361 0.7071065 0 0.7071071 0.7071065 0 0.7071071 0.7071073 0 -0.7071062 0.707106 0 0.7071076 0 0 1 0.9701425 -1.44562e-6 0.2425357 0.9701426 0 0.2425354 0 0 1 0 0 1 1 0 0 1 0 0 0 -3.72529e-7 -1 0 0 -1 1 1.49012e-6 -1.75308e-7 1 0 0 -1.11759e-6 -1 -2.79397e-7 0 1 0 0 1 0 0 1 0 0 1 0 0 1 0 0 0 1 -1.11759e-6 -1 -2.79397e-7 0 1 0 0 1 0 0 1 0 0 1 0 0 1 0 0 1 0 0 1 0 0 1 0 0 1 0 0 1 0 1 0 -2.98024e-6 1 -1.49011e-6 0 0 1 0 1 0 0 0 0 1 0.9701424 0 0.2425355 1 0 0 1 0 -2.98024e-6 0.9701427 0 0.2425348 0.7071065 0 0.7071071 1 0 0 0 0 -1 1 0 0 1 0 0 0 0 1 0 0 1 0.9701425 0 0.2425357 0 0 1 0 1 0 0 1 0 0 1 0 0 1 0 0 1 0 0 1 0 0 0 1 0 -1 0 0 0 1 0 1 0 0 1 0 0 1 0 0 1 0 0 0 1 0 -1 0 0.9701427 -1.38337e-7 0.2425348 0 0 1 0 0 1 0.5252252 0.5413907 0.6565322 0.5252267 -0.5413888 0.6565326 0 0 1 0 0 1 -1.60521e-6 -0.7071067 0.7071068 2.14237e-6 0.7071065 0.707107 1 0 0 1 0 0 1 0 -2.98024e-6 0.7071073 0 -0.7071062 0.7071073 0 -0.7071062 0.7071073 0 -0.7071062 0.7071073 0 -0.7071063 0 0 -1 1 0 0 0.7071065 0 0.7071071 1 0 -2.98024e-6 0.6246946 0 0.7808692 0 0 1 1 0 -2.98023e-6 1 0 0 1 -1.49011e-6 0 0 1 0 0 0 1 -0.9701426 0 0.2425354 0 0.7071068 0.7071068 0 0 1 6.62274e-7 1 0 0 0 1 0 1 0 0 -0.7071068 0.7071068 0 0 -1 0 0 -1 6.62274e-7 1 0 -3.90812e-7 1 -4.96075e-7 6.62274e-7 1 0 6.62274e-7 1 0 6.62274e-7 1 0 3.31137e-7 1 0 6.62274e-7 1 -9.93412e-7 3.31137e-7 1 1.49012e-6 1 0 0 1 0 0 1 0 0 0 0.7071068 -0.7071068 1 0 0 0 -0.7071068 0.7071068 1 0 0 0 0 -1 1.86264e-7 -1 0 0 0 -1 0 0 -1 0 0 1 0 0 1 0 0 1 1.86264e-7 -1 0 0 -0.7071068 0.7071068 1 0 0 0 0.7071068 -0.7071068 0 -0.7071068 -0.7071068 0 0.7071068 0.7071068 1 0 0 1 0 0 1 0 0 0 -0.7071068 0.7071068 1 0 0 0 1 0 6.62274e-7 1 0 0 1 0 0 1 0 0 1 0 1 -1.49011e-6 0 0 1 0 1 0 0 1 0 0 1 0 0 1 0 0 1 0 0 1 0 0 1 0 0 1 0 0 0 0.7071068 -0.7071068 0 -0.7071068 -0.7071068 0 0.7071068 0.7071068 1 0 0 1 0 0 1 0 0 1 0 0 1 0 0 1 0 0 1 0 0 1 0 0 1 0 0 1 0 0 1.86264e-7 -1 0 1 0 0 1 0 0 1 0 0 0 1 0 6.62274e-7 1 0 0 1 0 0 1 0 0 1 0 1 -1.49011e-6 0 0 1 0 0 -0.7071068 -0.7071068 0 0.7071068 0.7071068 1 0 0 1 0 0 0 -0.7071068 0.7071068 1 0 0 1 0 0 1 0 0 1 0 0 1 0 0 1 0 0 1 0 0 1 0 0 0 0.7071068 -0.7071068 0 -0.7071068 -0.7071068 0 0.7071068 0.7071068 1 0 0 1 0 0 1 0 0 1 0 0 1 0 0 1 0 0 1 0 0 1 0 0 1 0 0 1 0 0 1 0 0 -5.96046e-7 -1 1.49012e-7 -1 1.49011e-6 -2.60769e-6 -1 0 0 0 0 -1 -1 0 0 0 0 -1 2.98023e-7 -1 0 0 0 1 -1 1.49012e-6 0 5.21542e-7 -1.49012e-6 1 -0.9701425 0 0.2425355 0 -1 0 0 1 0 -1 0 0 0 0 1 0 -1 0 0 -1 0 -0.9701426 0 0.2425355 -2.23517e-7 0 -1 0 -1 0 0 -1 0 0 -1 0 -0.9701425 0 0.2425355 -1 0 0 -1 0 0 -0.7071065 1.05367e-6 0.707107 0 -1 0 -0.7071073 0 -0.7071063 0 0 1 0 -1 0 -0.9701424 6.28532e-7 0.2425361 0 0 1 0 1 0 0 0 1 0 0 1 -0.9701426 -1.57133e-7 0.2425352 -0.9701424 -4.3411e-6 0.2425361 -0.7071065 0 0.7071071 -0.7071065 0 0.7071071 -0.7071073 0 -0.7071062 -0.7071055 0 0.7071081 0 0 1 -0.9701425 1.44562e-6 0.2425357 -0.9701426 0 0.2425354 0 0 1 0 0 1 -1 0 0 -1 0 0 0 1.11759e-6 -1 0 0 -1 -1 -1.49012e-6 -1.75308e-7 -1 0 0 1.11759e-6 1 -2.79397e-7 0 -1 0 0 -1 0 0 -1 0 -1 0 0 0 -1 0 0 -1 0 0 0 1 1.11759e-6 1 -2.79397e-7 0 -1 0 0 -1 0 0 -1 0 0 -1 0 0 -1 0 0 -1 0 0 -1 0 0 -1 0 0 -1 0 0 -1 0 -1 0 -2.98024e-6 -0.7071065 0 0.7071071 -1 0 0 0 -1 0 -1 0 0 -0.7071073 0 -0.7071062 0 0 1 -0.9701424 0 0.2425355 -1 0 0 -1 0 -2.98024e-6 -0.9701427 0 0.2425348 -0.7071065 0 0.7071071 -1 0 0 0 0 -1 -1 0 0 -1 0 0 0 0 1 0 0 1 -0.9701425 0 0.2425357 0 0 1 0 -1 0 0 -1 0 0 -1 0 0 -1 0 0 -1 0 0 -1 0 0 0 1 0 1 0 0 0 1 0 -1 0 0 -1 0 0 -1 0 0 -1 0 0 0 1 0 1 0 -0.9701427 1.38337e-7 0.2425348 0 0 1 0 0 1 -0.5252252 -0.5413907 0.6565322 -0.5252267 0.5413888 0.6565326 0 0 1 0 0 1 -1.07014e-6 0.7071064 0.7071071 -1.07118e-6 -0.7071067 0.7071069 -1 0 0 -1 0 0 -1 0 0 -1 0 0 -1 0 0 -1 0 -2.98024e-6 -1 0 -2.98023e-6 -0.7071073 0 -0.7071062 -0.7071073 0 -0.7071062 -0.7071073 0 -0.7071062 -0.7071073 0 -0.7071063 0 0 -1 -1 0 0 -0.7071065 0 0.7071071 -1 0 -2.98024e-6 -0.6246946 0 0.7808692 0 0 1 -1 0 -2.98023e-6 -1 0 0 -1 0 0 0 -1 0 2.98023e-7 0 1 0 0 1 0 0 1 4.21881e-7 -0.7071079 0.7071057 0 0 1 -3.50616e-7 -1 0 0 0 1 0 -1 0 0 0.7071047 0.7071089 0 0 -1 0 0 -1 -3.50616e-7 -1 0 -3.50616e-7 -1 0 -3.50616e-7 -1 0 0.9701426 0 0.2425354 -3.50616e-7 -1 0 1 0 0 -3.50616e-7 -1 -9.93412e-7 1.75308e-7 -1 2.98023e-6 -1 0 0 -1 0 0 -1 0 0 0 -0.7071068 -0.7071068 -1 0 0 0 0.7071068 0.7071068 -1 0 0 0 0 -1 -1.86264e-7 1 0 0 0 -1 0 0 -1 0 0 1 0 0 1 0 0 1 -1.86264e-7 1 0 0 0.7071068 0.7071068 -1 0 0 0 -0.7071068 -0.7071068 0 0.7071068 -0.7071068 0 -0.7071068 0.7071068 -1 0 0 -1 0 0 -1 0 0 0 0.7071068 0.7071068 -1 0 0 0 -1 0 -3.50616e-7 -1 0 0 -1 0 0 -1 0 0 -1 0 -1 0 0 0 -1 0 -1 0 0 -1 0 0 -1 0 0 -1 0 0 -1 0 0 -1 0 0 -1 0 0 -1 0 0 0 -0.7071068 -0.7071068 0 0.7071068 -0.7071068 0 -0.7071068 0.7071068 -1 0 0 -1 0 0 -1 0 0 -1 0 0 -1 0 0 -1 0 0 -1 0 0 -1 0 0 -1 0 0 -1 0 0 -1.86264e-7 1 0 -1 0 0 -1 0 0 -1 0 0 0 -1 0 -3.50616e-7 -1 0 0 -1 0 0 -1 0 0 -1 0 -1 0 0 0 -1 0 -1 0 0 0 0.7071068 -0.7071068 0 -0.7071068 0.7071068 -1 0 0 -1 0 0 0 0.7071068 0.7071068 -1 0 0 -1 0 0 -1 0 0 -1 0 0 -1 0 0 -1 0 0 -1 0 0 -1 0 0 0 -0.7071068 -0.7071068 0 0.7071068 -0.7071068 0 -0.7071068 0.7071068 -1 0 0 -1 0 0 -1 0 0 -1 0 0 -1 0 0 -1 0 0 -1 0 0 -1 0 0 -1 0 0 -1 0 0 -1.75308e-7 1 -1.49012e-6 -1 0 0 0 1 2.05533e-7 0 0 1 -1 -1.49011e-6 -2.60769e-6 0 0 -1 -1 0 0 0 0 -1 2.98023e-7 1 0 -1 -1.49012e-6 0 5.2154e-7 1.49012e-6 1 -0.9701426 -6.28532e-7 0.2425355 0 1 0 0 -1 0 -1 0 0 0 0 1 0 1 0 0 1 0 0 1 0 0 1 0 0 1 0 -0.9701426 0 0.2425355 -1 0 0 -1 -1.49011e-6 0 -0.7071065 -1.08042e-6 0.7071071 0 1 0 -0.7071062 -1.4049e-6 -0.7071074 0 0 1 0 1 0 -0.9701424 -6.29146e-7 0.2425361 0 0 1 2.23517e-6 -1 -5.58793e-7 0 0 1 0 0 1 -0.9701426 1.68795e-7 0.2425352 -0.9701429 0 0.2425341 -0.7071065 0 0.7071071 -0.7071065 0 0.7071071 -0.7071074 0 -0.7071063 -0.707106 0 0.7071076 0 0 1 -0.9701425 -1.55778e-6 0.2425358 -0.9701425 4.33687e-6 0.2425357 0 0 1 0 0 1 -1 0 0 -1 0 0 -2.23517e-7 -1.11758e-6 -1 0 0 -1 -1 1.49011e-6 0 -1 0 0 1.11759e-6 -1 -2.79397e-7 0 1 0 0 1 0 0 1 0 0 1 0 0 1 0 0 0 1 1.11759e-6 -1 -2.79397e-7 0 1 0 0 1 0 0 1 0 0 1 0 0 1 0 0 1 0 0 1 0 0 1 0 0 1 0 0 1 0 -1 0 -2.98024e-6 -1 -1.49011e-6 0 0 1 0 -1 0 0 0 0 1 -0.9701424 0 0.2425355 -1 0 0 -1 0 -2.98024e-6 -0.9701426 1.44563e-6 0.2425354 -0.7071065 0 0.7071071 -1 0 0 0 0 -1 -1 0 0 -1 0 0 0 0 1 0 0 1 -0.9701426 -1.38337e-7 0.2425355 0 0 1 0 1 0 0 1 0 0 1 0 0 1 0 0 1 0 0 1 0 0 0 1 0 -1 0 0 0 1 0 1 0 0 1 0 0 1 0 0 1 0 0 0 1 0 -1 0 -0.9701427 -1.38472e-7 0.2425348 0 0 1 0 0 1 -0.5252252 0.5413908 0.6565322 -0.5252267 -0.5413888 0.6565326 0 0 1 0 0 1 5.22527e-7 -0.7071067 0.7071071 -2.10734e-6 0.7071065 0.7071071 -1 0 0 -1 0 0 -1 0 -2.98024e-6 -0.7071073 0 -0.7071062 -0.7071073 0 -0.7071062 -0.7071073 0 -0.7071062 -0.7071073 0 -0.7071063 0 0 -1 -1 0 0 -0.7071065 0 0.7071071 -1 0 -2.98024e-6 -0.6246946 0 0.7808692 0 0 1 -1 0 -2.98024e-6 -1 0 0 -1 -1.49011e-6 0 0 1 0 0 0 1 0 0 1 0 0.7071068 0.7071068 0 0 1 -3.50616e-7 1 0 0 0 1 0 1 0 0 -0.7071068 0.7071068 0 0 -1 0 0 -1 -3.50616e-7 1 0 -3.50616e-7 1 0 -3.50616e-7 1 0 0 1 0 -3.50616e-7 1 0 0 0 1 -3.50616e-7 1 -9.93412e-7 -1.75308e-7 1 0 -1 0 0 -1 0 0 -1 0 0 0 0.7071068 -0.7071068 -1 0 0 0 -0.7071068 0.7071068 -1 0 0 0 0 -1 -1.86264e-7 -1 0 0 0 -1 0 0 -1 0 0 1 0 0 1 0 0 1 -1.86264e-7 -1 0 0 -0.7071068 0.7071068 -1 0 0 0 0.7071068 -0.7071068 0 -0.7071068 -0.7071068 0 0.7071068 0.7071068 -1 0 0 -1 0 0 -1 0 0 0 -0.7071068 0.7071068 -1 0 0 0 1 0 -3.50616e-7 1 0 0 1 0 0 1 0 0 1 0 -1 -1.49011e-6 0 0 1 0 -1 0 0 -1 0 0 -1 0 0 -1 0 0 -1 0 0 -1 0 0 -1 0 0 -1 0 0 0 0.7071068 -0.7071068 0 -0.7071068 -0.7071068 0 0.7071068 0.7071068 -1 0 0 -1 0 0 -1 0 0 -1 0 0 -1 0 0 -1 0 0 -1 0 0 -1 0 0 -1 0 0 -1 0 0 -1.86264e-7 -1 0 -1 0 0 -1 0 0 -1 0 0 0 1 0 -3.50616e-7 1 0 0 1 0 0 1 0 0 1 0 -1 -1.49011e-6 0 0 1 0 0 -0.7071068 -0.7071068 0 0.7071068 0.7071068 -1 0 0 -1 0 0 0 -0.7071068 0.7071068 -1 0 0 -1 0 0 -1 0 0 -1 0 0 -1 0 0 -1 0 0 -1 0 0 -1 0 0 0 0.7071068 -0.7071068 0 -0.7071068 -0.7071068 0 0.7071068 0.7071068 -1 0 0 -1 0 0 -1 0 0 -1 0 0 -1 0 0 -1 0 0 -1 0 0 -1 0 0 -1 0 0 -1 0 0 -1 0 0 0 0 -1 1 0 0 0 0 -1 0 0 -1 0 0 -1 0 0 -1 0 0 -1 0 0 -1 0 0 -1 0 0 -1 0 0 -1 0 0 -1 0 0 -1 0 0 1 0 0 -1 0 0 -1 0 0 -1 0 0 -1 0 0 -1 0 0 -1 0 0 -1 0 0 -1 0 0 -1 0 0 -1 0 0 -1 0 0 -1 0 0 -1 0 0 -1 0 0 -1 0 0 -1 0 0 -1 0 0 -1 0 0 -1 0 0 -1 0 0 -1 0 0 -1 0 0 -1 0 0 -1 0 0 -1 0 0 -1 0 0 -1 0 0 -1 1.27724e-7 -1 0 0 0 -1 0 1.70299e-7 -1 0 0 -1 0 0 -1 0 0 -1 0 0 -1 -1 0 0 0 0 -1 0 0 -1 0 0 -1 0 0 -1 0 0 -1 0 0 -1 1.98681e-6 -1.58945e-6 -1 0 0 -1 0 0 -1 -2.98023e-7 -1.49012e-6 -1 0.7071078 -0.7071057 0 0 0 -1 -0.7071078 0.7071057 0 0 0 -1 0.7071078 0.7071057 0 0 0 -1 0 0 -1 0 0 -1 0 0 -1 0 1 0 0 1 0 0 1 0 0 1 -9.93412e-7 0 1 0 0 1 0 0 1 0 0 1 0 0 1 0 0 0 1 0 1 0 0 -0.707107 0.7071065 0 0 1 0 1 0 0 0.7071068 0.7071068 0 0 1 -0.7071078 -0.7071057 0 0 1 4.11067e-7 0 -1 0 0 -1 0 -3.31136e-7 -1 -1.49011e-6 0 -1 -9.93412e-7 -3.31137e-7 -1 0 0 -1 0 0 -1 0 0 -1 0 0 -1 0 0 0.707105 0.7071086 0 0 1 0 -1 0 0 -0.7071089 0.7071046 0 0 1 0 -1 4.11066e-7 -0.7071066 -0.707107 0 0.7071062 0 -0.7071073 0.7071057 0 0.7071078 -0.7071073 0 -0.7071062 -0.7071068 0 0.7071068 0 0 -1 0.7071068 0 0.7071068 0 -1 0 -0.7071081 0 -0.7071055 0 1 0 0.7071066 0 -0.707107 -0.7071068 -4.22005e-6 0.7071068 0.7071068 0 0.7071068 0 -1 0 -0.7071081 0 -0.7071055 0 1 0 0.7071066 0 -0.707107 -0.7071083 0 0.7071053 0.7071066 0 0.707107 0 -1 0 -0.7071083 0 -0.7071053 0 1 0 0.7071068 0 -0.7071068 -0.7071066 -4.22005e-6 0.707107 0.7071066 0 0.707107 0 -1 0 -0.7071083 0 -0.7071053 0 1 0 0.7071068 0 -0.7071068 -0.7071081 0 0.7071055 0 1 2.98023e-6 0 1 0 0 1 -2.98024e-6 0 1 0 0 1 0 -2.29249e-7 1 -1.01752e-5 0 1 0 0 1 0 0 1 0 0 1 0 -2.29249e-7 1 0 0 1 0 0 0 1 -0.7071068 0 0.7071068 -1 0 0 -0.707108 0 -0.7071056 0 0 -1 0.707108 0 -0.7071056 0 1 0 1 0 0 0.7071068 0 0.7071068 0 1 0 0 0 1 -0.7071068 -4.21577e-6 0.7071068 -1 -5.96047e-6 0 -0.707108 -4.2147e-6 -0.7071056 0 0 -1 0.707108 0 -0.7071056 0 1 0 1 0 0 0.7071068 0 0.7071068 0 -1 0 0 0 1 -0.7071068 0 0.7071068 -1 0 0 -0.707108 0 -0.7071056 0 0 -1 0.707108 0 -0.7071056 0 1 0 1 0 0 0.7071068 0 0.7071068 0 1 0 0 0 1 -0.7071068 -4.21577e-6 0.7071068 -1 -5.96047e-6 0 -0.707108 -4.2147e-6 -0.7071056 0 0 -1 0.707108 0 -0.7071056 0 1 0 1 0 0 0.7071068 0 0.7071068 0 -1 0 0 1 0 0 1 0 0 1 0 0 1 0 0 1 0 0 1 0 0 1 0 0 1 0 0 1 0 0 1 0 0 1 0 0 1 0 0 1 0 0 1 0 0 1 0 0 1 0 0 1 0 0 1 0 0 1 0 0 1 0 0 1 0 0 1 0 0 1 0 0 1 0 0 1 0 0 1 0 0 1 0 0 1 0 0 1 0 0 1 0 0 1 0 1.98682e-6 1 9.93413e-7 -2.62963e-6 1 -1.75308e-7 9.93416e-7 1 -1.98682e-6 -1.75308e-7 1 3.50613e-7 0 1 0 0 1 0 5.96051e-6 -1 0 5.96051e-6 1 0 0 0 1 0 0.7071074 -0.7071063 4.21471e-6 0.7071057 0.7071078 4.21472e-6 -0.7071073 -0.7071062 0 -0.7071079 0.7071058 0 0 -1 0 0.7071068 0.7071068 1 0 0 0 -0.7071095 -0.7071042 -1 0 0 0 0.7071064 -0.7071071 8.44011e-6 -0.7071068 0.7071068 0 0.7071068 0.7071068 1 0 0 0 -0.7071095 -0.7071042 -1 0 0 0 0.7071064 -0.7071071 0 -0.7071098 0.7071039 0 0.7071064 0.7071071 1 0 0 0 -0.7071098 -0.7071039 -1 0 0 0 0.7071068 -0.7071068 8.44011e-6 -0.7071064 0.7071071 0 0.7071064 0.7071071 1 0 0 0 -0.7071098 -0.7071039 -1 0 0 0 0.7071068 -0.7071068 0 -0.7071095 0.7071042 -1 0 2.98023e-6 -1 0 0 -1 0 -2.98023e-6 -1 0 0 -1 0 0 -1 -2.29249e-7 -1.01752e-5 -1 0 0 -1 0 0 -1 0 0 -1 0 0 -1 -2.29249e-7 1.01752e-5 -1 0 0 0 0 1 0 -0.7071068 0.7071068 0 -1 0 0 -0.707108 -0.7071056 0 0 -1 0 0.707108 -0.7071056 -1 0 0 0 1 0 0 0.7071068 0.7071068 -1 0 0 0 0 1 8.43155e-6 -0.7071068 0.7071068 1.19209e-5 -1 0 8.42939e-6 -0.707108 -0.7071056 0 0 -1 0 0.707108 -0.7071056 -1 0 0 0 1 0 0 0.7071068 0.7071068 1 0 0 0 0 1 0 -0.7071068 0.7071068 0 -1 0 0 -0.707108 -0.7071056 0 0 -1 0 0.707108 -0.7071056 -1 0 0 0 1 0 0 0.7071068 0.7071068 -1 0 0 0 0 1 8.43155e-6 -0.7071068 0.7071068 1.19209e-5 -1 0 8.42939e-6 -0.707108 -0.7071056 0 0 -1 0 0.707108 -0.7071056 -1 0 0 0 1 0 0 0.7071068 0.7071068 1 0 0 -1 0 0 -1 0 0 -1 0 0 -1 0 0 -1 0 0 -1 0 0 -1 0 0 -1 0 0 -1 0 0 -1 0 0 -1 0 0 -1 0 0 -1 0 0 -1 0 0 -1 0 0 -1 0 0 -1 0 0 -1 0 0 -1 0 0 -1 0 0 -1 0 0 -1 0 0 -1 0 0 -1 0 0 -1 0 0 -1 0 0 -1 0 0 -1 0 0 -1 0 0 -1 0 0 -1 0 0 -1 1.98683e-6 9.93415e-7 -1 -2.62963e-6 -1.75308e-7 -1 9.93418e-7 -1.98682e-6 -1 -1.75308e-7 3.50613e-7 -1 0 0 -1 0 0 1 5.96051e-6 0 -1 5.96051e-6 0 0 0 1 -0.7071074 0 -0.7071063 -0.7071057 4.21471e-6 0.7071078 0.7071073 4.21472e-6 -0.7071062 0.7071079 0 0.7071058 0 0 -1 -0.7071068 0 0.7071068 0 1 0 0.7071092 0 -0.7071043 0 -1 0 -0.7071062 0 -0.7071073 0.7071053 1.26601e-5 0.7071083 -0.7071068 -4.22005e-6 0.7071068 0 1 0 0.7071092 0 -0.7071043 0 -1 0 -0.7071062 -4.21469e-6 -0.7071073 0.7071098 0 0.7071039 -0.7071062 0 0.7071073 0 1 0 0.7071098 0 -0.7071039 0 -1 0 -0.7071068 0 -0.7071068 0.7071048 1.25874e-5 0.7071088 -0.7071062 -4.22006e-6 0.7071073 0 1 0 0.7071098 0 -0.7071039 0 -1 0 -0.7071068 -4.21469e-6 -0.7071068 0.7071092 0 0.7071043 0 -1 2.98023e-6 0 -1 0 0 -1 -2.98023e-6 0 -1 0 0 -1 0 2.29249e-7 -1 -1.01752e-5 0 -1 0 0 -1 0 0 -1 0 0 -1 0 2.29249e-7 -1 1.01752e-5 0 -1 0 0 0 1 0.7071068 0 0.7071068 1 0 0 0.707108 0 -0.7071056 0 0 -1 -0.707108 -4.2147e-6 -0.7071056 0 -1 0 -1 -5.96047e-6 0 -0.7071068 -4.21577e-6 0.7071068 0 -1 0 0 0 1 0.7071068 1.26473e-5 0.7071068 1 1.78814e-5 0 0.707108 1.26441e-5 -0.7071056 0 0 -1 -0.707108 0 -0.7071056 0 -1 0 -1 0 0 -0.7071068 0 0.7071068 0 1 0 0 0 1 0.7071068 0 0.7071068 1 0 0 0.707108 0 -0.7071056 0 0 -1 -0.707108 -4.2147e-6 -0.7071056 0 -1 0 -1 -5.96047e-6 0 -0.7071068 -4.21577e-6 0.7071068 0 -1 0 0 0 1 0.7071068 1.26473e-5 0.7071068 1 1.78814e-5 0 0.707108 1.26441e-5 -0.7071056 0 0 -1 -0.707108 0 -0.7071056 0 -1 0 -1 0 0 -0.7071068 0 0.7071068 0 1 0 0 -1 0 0 -1 0 0 -1 0 0 -1 0 0 -1 0 0 -1 0 0 -1 0 0 -1 0 0 -1 0 0 -1 0 0 -1 0 0 -1 0 0 -1 0 0 -1 0 0 -1 0 0 -1 0 0 -1 0 0 -1 0 0 -1 0 0 -1 0 0 -1 0 0 -1 0 0 -1 0 0 -1 0 0 -1 0 0 -1 0 0 -1 0 0 -1 0 0 -1 0 0 -1 0 0 -1 0 -1.98683e-6 -1 9.93415e-7 2.62963e-6 -1 -1.75308e-7 -9.93418e-7 -1 -1.98682e-6 1.75308e-7 -1 3.50613e-7 0 -1 0 0 -1 0 0 0 -1 1.98683e-6 3.97368e-7 -1 1.19209e-6 0 -1 6.62274e-7 -6.62276e-7 -1 1.49012e-6 -2.98023e-7 -1 0.7071057 0.7071078 0 -0.7071057 -0.7071078 0 -0.7071057 0.7071078 0 0 0 -1 0.7071057 -0.7071078 0 0.707107 -0.7071066 0 -1.70299e-7 0 -1 0 2.38419e-6 -1 1 2.12874e-7 0 1.19209e-6 0 -1 -1.70299e-7 -1.70299e-7 -1 0 0 -1 -5.10897e-7 0 -1 -7.94737e-7 3.97366e-6 -1 1.98682e-6 7.94731e-7 -1 1.32455e-6 1.32455e-6 -1 2.98023e-7 1.49012e-6 -1 -0.7071078 0.7071057 0 0.7071078 -0.7071057 0 -0.7071078 -0.7071057 0 0 0 -1 0.7071078 0.7071057 0 0.7071066 0.707107 0 0 -1 0 0 -1 0 0 -1 0 -0.9701426 0 0.2425354 0.9701426 0 0.2425354 0 0 1 -0.9701426 0 0.2425354 0.9701426 0 0.2425354 -1.50015e-6 -1 -1.56713e-6 -1.50015e-6 -1 -3.79053e-7 1.5134e-6 1 0 0 1 -5.96047e-7 0.6857789 0.7068815 0.1732798 0.6857789 0.7068815 0.1732797 0.6854919 -0.7065892 0.175592 0.696482 -0.6964856 0.1726869 0.9701425 1.38337e-7 0.2425356 0.9701426 1.38337e-7 0.2425355 0.9701426 -2.50497e-6 0.242535 3.90812e-7 1 -4.96075e-7 0 0 1 1.50015e-6 1 -2.21009e-7 3.02681e-6 1 2.98205e-7 -3.75038e-6 -1 -9.47631e-7 -3.75038e-6 -1 -1.53364e-6 0.6963106 -0.6963106 0.1740777 0.6857789 -0.7068815 0.1732797 0.6960819 0.6960855 0.1758832 0.696482 0.6964856 0.1726869 0.9701425 -1.38337e-7 0.2425356 0.9701426 -1.38337e-7 0.2425355 0 1 -3.98372e-7 0.9701427 -9.45772e-7 0.242535 -0.9701426 2.50471e-6 0.2425352 1.50015e-6 -1 -3.75037e-7 1.50015e-6 -1 -3.79052e-7 0 1 0 0 1 -5.96047e-7 -0.6963106 0.6963106 0.1740777 -0.6857789 0.7068815 0.1732797 -0.6960819 -0.6960855 0.1758832 -0.6859942 -0.707107 0.1714985 -0.9701425 1.4133e-7 0.2425356 -0.9701426 1.40499e-7 0.2425355 0 0 1 0 -1 0 0 -1 -4.58497e-7 -1.50015e-6 1 -2.21009e-7 -1.50015e-6 1 3.79052e-7 2.25022e-6 -1 -5.68577e-7 2.25022e-6 -1 -1.1586e-6 -0.6963106 -0.6963106 0.1740777 -0.6857789 -0.7068815 0.1732797 -0.6854919 0.7065892 0.175592 -0.696482 0.6964856 0.1726869 -0.9701425 -1.38337e-7 0.2425356 -0.9701426 -1.40499e-7 0.2425355 0 0 1 0 1 -4.58497e-7 -3.90812e-7 -1 -4.96075e-7 0 0 1 0 0 1 0 1 -4.58497e-7 0 0 1 -0.9701426 -6.28533e-7 0.2425355 0 -1 0 0 1 -4.36007e-7 0 1 0 3.87982e-7 -1 -3.61501e-7 0.9701426 3.14251e-7 0.2425355 0.9701426 -4.13278e-7 0.242535 0 -1 0 0 1 -4.58497e-7 0 0 1 6.11329e-7 -1 -1.49012e-6 0 1 0 0 0 -1 0 0 -1 0 0 -1 0 0 -1 0 0 -1 0 0 -1 5.96046e-7 1 0 5.96046e-7 1 0 5.96046e-7 1 0 5.96046e-7 1 0 5.96046e-7 1 0 5.96046e-7 1 0 5.96046e-7 1 0 5.96046e-7 1 0 0 0 1 5.96046e-7 1 0 2.10735e-7 -0.7071078 0.7071058 0 0 1 5.96046e-7 1 0 0 0.7071068 0.7071068 0 0 1 3.31137e-7 1 2.88317e-7 5.96046e-7 -1 0 5.96046e-7 -1 0 5.96046e-7 -1 0 0 -1 0 5.96046e-7 -1 0 5.96046e-7 -1 0 5.96046e-7 -1 0 5.96046e-7 -1 0 0 0 1 5.96046e-7 -1 0 0 0.7071052 0.7071084 0 0 1 5.96046e-7 -1 0 0 -0.7071089 0.7071046 0 0 1 0 0 1 0 -1 4.11066e-7 -3.90812e-7 -1 -4.96075e-7 0.9701427 -3.3509e-7 0.242535 3.7077e-7 -1 -2.78078e-7 -0.9701426 0 0.2425355 -0.9701426 6.28616e-7 0.2425352 0 1 -4.58497e-7 0 -1 0 -5.96046e-7 -1 0 0 0 1 0 0.7071052 0.7071084 -5.96046e-7 -1 0 0 0 1 -5.96046e-7 -1 0 -5.96046e-7 -1 0 0 0 1 -5.96046e-7 -1 0 -5.96046e-7 -1 0 -5.96046e-7 -1 0 -5.96046e-7 -1 0 -5.96046e-7 -1 0 -5.96046e-7 -1 0 -5.96046e-7 1 0 0 0 1 2.05795e-7 -0.7071068 0.7071068 -5.96046e-7 1 0 0 0 1 -5.96046e-7 1 0 -5.96046e-7 1 0 -5.96046e-7 1 0 -5.96046e-7 1 0 -5.96046e-7 1 0 -5.96046e-7 1 0 -5.96046e-7 1 0 -5.96046e-7 1 0 0 0 -1 0 0 -1 0 0 -1 0 0 -1 0 0 -1 0 0 -1 0 1 0 0 0.7071068 0.7071068 0 0 1 0 1 4.11067e-7 0 0 1 0 -0.7071089 0.7071047 6.11329e-7 1 1.52832e-7 0 0 1 -3.31137e-7 -1 2.88317e-7 0 0 1 3.90812e-7 -1 -4.96075e-7 0 0 1 5.96047e-7 -1 -5.47384e-7 0 0 1 -0.9701424 -1.44563e-7 0.2425358 0 0 1 0 1 -4.58497e-7 0 -1 -4.58497e-7 3.7077e-7 -1 2.78078e-7 0.9701427 1.40129e-7 0.242535 0 0 1 0 0 1 0 0 1 0 0 1 0 -1 -4.58497e-7 0 -1 -4.58497e-7 0 1 0 0 0 -1 0 -1 0 -0.9701426 -4.81837e-7 0.2425355 0 0 1 -1.75308e-7 1 0 0 0 1 0 0 1 0 0 -1 0 0 -1 -0.9701426 4.21711e-7 0.2425355 0.9701426 0 0.2425354 0 0 -1 0 0 -1 0 0 -1 0 0 -1 0 0 -1 0 0 -1 0 0 -1 0 0 -1 0 0 -1 -1 -9.93413e-7 0 -1 -9.93413e-7 0 0 0 1 0 0 1 -1 -9.93413e-7 0 0 0 1 -1 -9.93413e-7 0 0 0 1 -0.707107 7.20285e-7 0.7071065 -0.7071058 -1.05367e-6 -0.7071078 -1 -1.98683e-6 -2.98023e-6 -1 0 0 -0.9701426 0 0.2425355 0 0 1 -1 9.93413e-7 0 0 0 -1 -1 4.58497e-7 0 1 -9.93413e-7 0 1 -9.93413e-7 0 0 0 1 -0.9701426 0 0.2425354 1 -9.93413e-7 0 0 0 1 1 -9.93413e-7 0 0 0 1 0.707107 7.02449e-7 0.7071065 0.7071063 0 -0.7071073 1 -1.98683e-6 -2.98023e-6 1 0 0 0.9701426 0 0.2425355 0 0 1 1 4.58498e-7 8.0237e-7 0 0 -1 1 4.58497e-7 0 0 0 1 0 1 0 0.9701427 4.68568e-7 0.242535 0 0 1 0 0 -1 0.9701425 0 0.2425354 -0.9701425 0 0.2425354 0 0 -1 0 0 -1 0 0 -1 0 0 -1 0 0 -1 0 0 -1 0 0 -1 0 0 -1 0 0 -1 -1 1.98682e-6 0 -1 1.98682e-6 0 0 0 1 0 0 1 -1 1.98682e-6 0 0 0 1 -1 1.98682e-6 0 0 0 1 -0.707107 -7.02448e-7 0.7071065 -0.7071058 0 -0.7071079 -1 2.98023e-6 -2.98023e-6 -1 0 0 -0.9701425 0 0.2425355 0 0 1 -1 -4.58498e-7 8.0237e-7 0 0 -1 -1 -4.58497e-7 0 1 1.98682e-6 0 1 1.98682e-6 0 0 0 1 1 1.98682e-6 0 0 0 1 1 1.98682e-6 0 0 0 1 0.707107 -7.20284e-7 0.7071065 0.7071058 0 -0.7071079 1 2.98023e-6 -2.98023e-6 1 0 0 0.9701425 0 0.2425355 0 0 1 1 -9.93412e-7 0 0 0 -1 1 -4.58497e-7 0 -1.75308e-7 -1 0 0 0 1 7.69945e-7 -1 0 0 1 0 0 -1 -4.58497e-7 0.6192539 -2.81496e-4 0.7851907 -0.6189745 -1.18908e-4 0.7854112 0.6188385 -3.99106e-7 0.7855182 7.96325e-7 -0.7014082 0.7127599 -1.22024e-7 -0.7014082 0.7127599 2.34434e-4 -0.7010954 0.7130674 -0.6189745 -4.61173e-7 0.7854111 0 -1 -4.58497e-7 2.98023e-7 -1 -4.72878e-7 3.90812e-7 -1 -4.96075e-7 0 1 -3.98372e-7 0 1 -4.58497e-7 -3.90812e-7 1 -4.96075e-7 -0.6188357 0.002985 0.7855148 0.6188358 -0.002984404 0.7855148 -0.6189745 1.19306e-4 0.7854112 0.6189747 1.1951e-4 0.785411 -0.6192734 2.41798e-4 0.7851754 0.6154127 0 0.788205 -0.6188358 -0.002984166 0.7855148 -0.6154124 0 0.7882052 0.6188357 0.00298357 0.7855148 -2.33898e-4 0.7010951 0.7130677 -1.22024e-7 0.7014082 0.7127599 0 0.7014082 0.7127599 0.6189747 -3.68939e-7 0.7854109 0 0 1 0 1 0 0 1 -4.36007e-7 3.90812e-7 1 -4.96075e-7 0 0 1 0 -1 0 2.98025e-6 1 0 0 -0.7071071 -0.7071065 0 -0.7071065 0.707107 2.10736e-6 0.7071068 -0.7071068 0 0.7071068 0.7071068 0 0 -1 0 -0.7071076 0.7071061 -1 0 0 0 0.7071071 -0.7071064 1 0 0 0 -0.7071076 -0.7071061 0 0.7071071 0.7071064 0 -0.7071068 0.7071068 -1 0 0 0 0.7071083 -0.7071053 1 0 0 0 -0.7071068 -0.7071068 0 0.7071083 0.7071053 0 -0.7071076 0.7071061 -1 0 0 0 0.7071071 -0.7071064 1 0 0 0 -0.7071076 -0.7071061 0 0.7071071 0.7071064 0 -0.7071068 0.7071068 -1 0 0 0 0.7071083 -0.7071053 1 0 0 0 -0.7071068 -0.7071068 0 0.7071083 0.7071053 1 1.01752e-5 1.01751e-5 1 0 0 1 1.01752e-5 -1.01752e-5 1 0 0 1 0 0 1 0 0 1 0 0 1 0 0 1 0 0 1 0 0 1 0 0 1 0 0 0 0 1 0 0.7071068 0.7071068 0 1 0 0 0.707108 -0.7071056 0 0 -1 0 -0.707108 -0.7071056 1 0 0 1 0 0 1 0 0 1 0 0 1 0 0 0 -1 0 0 -0.7071068 0.7071068 1 0 0 1 0 0 1 0 0 1 0 0 1 0 0 0 0 1 0 0.7071068 0.7071068 0 1 0 0 0.707108 -0.7071056 0 0 -1 0 -0.707108 -0.7071056 1 0 0 1 0 0 1 0 0 1 0 0 1 0 0 0 -1 0 0 -0.7071068 0.7071068 -1 0 0 -1 0 0 -1 0 0 -1 0 0 -1 0 0 0 0 1 0 0.7071068 0.7071068 0 1 0 0 0.707108 -0.7071056 0 0 -1 0 -0.707108 -0.7071056 1 0 0 1 0 0 1 0 0 1 0 0 1 0 0 0 -1 0 0 -0.7071068 0.7071068 1 0 0 1 0 0 1 0 0 1 0 0 1 0 0 0 0 1 0 0.7071068 0.7071068 0 1 0 0 0.707108 -0.7071056 0 0 -1 0 -0.707108 -0.7071056 1 0 0 1 0 0 1 0 0 1 0 0 1 0 0 0 -1 0 0 -0.7071068 0.7071068 -1 0 0 -1 0 0 -1 0 0 -1 0 0 -1 0 0 1 0 0 1 0 0 1 0 0 1 0 0 1 0 0 1 0 0 1 0 0 1 0 0 1 0 0 1 0 0 1 0 0 1 0 0 1 0 0 1 0 0 1 0 0 1 0 0 1 0 0 1 0 0 1 0 0 1 0 0 1 0 0 5.96047e-7 -1 1.49012e-7 1 1.49011e-6 -2.60769e-6 0 0 -1 1 0 0 0 0 -1 -2.98023e-7 -1 0 0 0 1 1 1.49012e-6 0 -4.47035e-7 0 1 0.9701425 0 0.2425355 0 -1 0 0 1 0 1 0 0 0 0 1 0 -1 0 0 -1 0 0.9701426 0 0.2425355 0 0 -1 0 -1 0 0 -1 0 1 0 0 0.9701425 0 0.2425355 1 0 0 1 0 0 0.7071071 0 0.7071065 0 -1 0 0.7071073 0 -0.7071063 0 0 1 0 0 1 0 -1 0 0.9701426 0 0.2425354 0 0 1 0 1 0 0 0 1 0 0 1 0.9701426 0 0.2425354 0.9701424 -4.33687e-6 0.2425361 0.7071065 0 0.707107 0.7071065 0 0.7071071 0.7071073 0 -0.7071062 0.7071055 0 0.7071081 0 0 1 0.9701426 -1.57133e-7 0.2425355 0.9701425 0 0.2425354 0 0 1 0 0 1 1 0 0 1 0 0 0 0 -1 0 0 -1 1 -1.49012e-6 0 1 0 0 -1.11759e-6 1 -2.79397e-7 0 -1 0 0 -1 0 0 -1 0 1 0 0 0 -1 0 0 -1 0 0 0 1 -1.11759e-6 1 -2.79397e-7 0 -1 0 0 -1 0 0 -1 0 0 -1 0 0 -1 0 0 -1 0 0 -1 0 0 -1 0 0 -1 0 1 0 -2.98024e-6 0.7071065 0 0.7071071 1 0 0 0 -1 0 1 0 0 0.7071073 0 -0.7071062 0 0 1 0.9701424 0 0.2425355 1 0 0 1 0 -2.98024e-6 0.9701427 0 0.2425348 0.7071065 0 0.7071071 1 0 0 0 0 -1 1 0 0 1 0 0 0 0 1 0 0 1 0.9701424 0 0.2425357 0 0 1 0 -1 0 0 -1 0 0 -1 0 0 -1 0 0 -1 0 0 -1 0 0 0 1 0 0 1 0 1 0 0 0 1 0 -1 0 0 -1 0 0 -1 0 0 -1 0 0 0 1 0 1 0 0.9701429 0 0.2425341 0 0 1 0 0 1 0 0 1 0 0 1 -2.63417e-7 0.7071053 0.7071084 -1.07014e-6 -0.7071069 0.7071067 1 0 0 1 0 0 1 0 0 1 0 0 1 0 -2.98024e-6 1 0 -2.98023e-6 0.7071073 0 -0.7071062 0.7071073 0 -0.7071062 0.7071073 0 -0.7071062 0.7071073 0 -0.7071063 0 0 -1 1 0 0 0.7071065 0 0.7071071 1 0 -2.98024e-6 0.6246955 0 0.7808685 0 0 1 1 0 -2.98023e-6 1 0 0 1 0 0 0 -1 0 -4.47035e-7 0 1 0 0 1 4.2147e-7 -0.7071099 0.7071036 0 0 1 6.62274e-7 -1 0 0 0 1 0 -1 0 -3.01048e-7 0.7071044 0.7071092 0 0 -1 0 0 -1 6.62274e-7 -1 0 6.62274e-7 -1 0 6.62274e-7 -1 0 6.62274e-7 -1 0 3.31137e-7 -1 -1.75308e-7 6.62274e-7 -1 -2.98023e-6 6.62274e-7 -1 2.98023e-6 1 0 0 1 0 0 -0.7071068 0.7071068 -5.26838e-7 -0.7071063 0.7071074 0 0 0 -1 0.7071063 -0.7071074 0 0.7071063 0.7071074 0 -0.7071063 -0.7071074 0 0 0 -1 -1.49012e-6 -1.49012e-6 -1 0 0 -1 -3.40598e-7 3.40598e-7 -1 -1.19209e-6 0 -1 -1.19209e-6 0 -1 1.19209e-6 0 -1 1.19209e-6 0 -1 -1.19209e-6 0 -1 1.19209e-6 0 -1 -1.27724e-7 1 0 -1 0 0 0 -1.70299e-7 -1 1 0 0 0 -0.7071068 -0.7071068 1 0 0 0 0.7071068 0.7071068 1 0 0 0 0 -1 1.86264e-7 1 0 0 0 -1 0 0 -1 0 0 1 0 0 1 0 0 1 1.86264e-7 1 0 0 0.7071068 0.7071068 1 0 0 0 -0.7071068 -0.7071068 0 0.7071068 -0.7071068 0 -0.7071068 0.7071068 1 0 0 1 0 0 0 0.7071068 0.7071068 1 0 0 0 -1 0 6.62274e-7 -1 0 0 -1 0 0 -1 0 0 -1 0 1 0 0 0 -1 0 0 0 1 1 0 0 0 -0.7071068 -0.7071068 0 0.7071068 -0.7071068 0 -0.7071068 0.7071068 1 0 0 1 0 0 1.86264e-7 1 0 1 0 0 1 0 0 1 0 0 0 -1 0 6.62274e-7 -1 0 0 -1 0 0 -1 0 0 -1 0 1 0 0 0 -1 0 1 0 0 0 0.7071068 -0.7071068 0 -0.7071068 0.7071068 1 0 0 0 0.7071068 0.7071068 1 0 0 0 -0.7071068 -0.7071068 0 0.7071068 -0.7071068 0 -0.7071068 0.7071068 1 0 0 1 0 0 0 0 1 1 0 0 0 1 2.05533e-7 1 -1.49011e-6 -2.6077e-6 0 0 -1 1 0 0 0 0 -1 -2.98023e-7 1 0 1 -1.49012e-6 0 -4.47035e-7 0 1 0.9701426 -6.28532e-7 0.2425355 0 1 0 -2.23517e-6 -1 -2.50493e-7 1 0 0 0 0 1 0 1 0 0 1 0 0 1 0 0 1 0 0.9701426 0 0.2425355 1 0 0 1 -1.49011e-6 0 0.7071071 0 0.7071065 0 1 0 0.7071063 -1.4049e-6 -0.7071073 0 0 1 0 0 1 0 1 0 0.9701426 0 0.2425354 0 0 1 -2.23517e-6 -1 -5.58793e-7 0 0 1 0 0 1 0.9701426 0 0.2425354 0.9701429 0 0.2425341 0.7071065 0 0.707107 0.7071065 0 0.7071071 0.7071074 0 -0.7071063 0.7071055 -1.05367e-6 0.7071081 0 0 1 0.9701426 1.57133e-7 0.2425355 0.9701425 4.33687e-6 0.2425357 0 0 1 0 0 1 1 0 0 1 0 0 0 0 -1 0 0 -1 1 0 0 1 0 0 -1.11759e-6 -1 -2.79397e-7 0 1 0 0 1 0 0 1 0 0 1 0 0 1 0 0 0 1 -1.11759e-6 -1 -2.79397e-7 0 1 0 0 1 0 0 1 0 0 1 0 0 1 0 0 1 0 0 1 0 0 1 0 0 1 0 1 0 -2.98024e-6 1 -1.49011e-6 0 0 1 0 1 0 0 0 0 1 0.9701424 0 0.2425355 1 0 0 1 0 -2.98024e-6 0.9701426 1.44563e-6 0.2425354 0.7071065 0 0.7071071 1 0 0 0 0 -1 1 0 0 1 0 0 0 0 1 0 0 1 0.9701426 -1.38337e-7 0.2425355 0 0 1 0 1 0 0 1 0 0 1 0 0 1 0 0 1 0 0 1 0 0 0 1 0 0 1 0 -1 0 0 0 1 0 1 0 0 1 0 0 1 0 0 1 0 0 0 1 0 -1 0 0.9701429 0 0.2425341 0 0 1 0 0 1 0 0 1 0 0 1 -2.63417e-7 -0.7071079 0.7071057 2.10734e-6 0.7071065 0.7071071 1 0 0 1 0 0 1 0 -2.98024e-6 0.7071073 0 -0.7071062 0.7071073 0 -0.7071062 0.7071073 0 -0.7071062 0.7071073 0 -0.7071063 0 0 -1 1 0 0 0.7071065 0 0.7071071 1 0 -2.98024e-6 0.6246955 0 0.7808685 0 0 1 1 0 -2.98023e-6 1 0 0 1 -1.49011e-6 0 0 1 0 0 0 1 -0.9701426 0 0.2425354 0 0.7071068 0.7071068 0 0 1 6.62274e-7 1 0 0 0 1 0 1 0 -3.01049e-7 -0.7071065 0.7071071 0 0 -1 0 0 -1 6.62274e-7 1 0 6.62274e-7 1 0 6.62274e-7 1 0 6.62274e-7 1 0 3.31137e-7 1 0 0 1 -2.98023e-6 6.62274e-7 1 0 1 0 0 1 0 0 1 0 0 0 0.7071068 -0.7071068 1 0 0 0 -0.7071068 0.7071068 1 0 0 0 0 -1 1.86264e-7 -1 0 0 0 -1 0 0 -1 0 0 1 0 0 1 0 0 1 1.86264e-7 -1 0 0 -0.7071068 0.7071068 1 0 0 0 0.7071068 -0.7071068 0 -0.7071068 -0.7071068 0 0.7071068 0.7071068 1 0 0 1 0 0 0 -0.7071068 0.7071068 1 0 0 0 1 0 6.62274e-7 1 0 0 1 0 0 1 0 0 1 0 1 -1.49011e-6 0 0 1 0 1 0 0 0 0.7071068 -0.7071068 0 -0.7071068 -0.7071068 0 0.7071068 0.7071068 1 0 0 1 0 0 1.86264e-7 -1 0 1 0 0 1 0 0 1 0 0 0 1 0 6.62274e-7 1 0 0 1 0 0 1 0 0 1 0 1 -1.49011e-6 0 0 1 0 0 -0.7071068 -0.7071068 0 0.7071068 0.7071068 1 0 0 0 -0.7071068 0.7071068 1 0 0 0 0.7071068 -0.7071068 0 -0.7071068 -0.7071068 0 0.7071068 0.7071068 1 0 0 1 0 0 1 0 0 0 -1 2.05533e-7 -1 1.49011e-6 -2.6077e-6 -1 0 0 0 0 -1 -1 0 0 0 0 -1 2.98023e-7 -1 0 0 0 1 -1 1.49012e-6 0 2.98023e-7 0 1 -0.9701426 6.28532e-7 0.2425355 0 -1 0 0 1 0 -1 0 0 0 0 1 0 -1 0 0 -1 0 -0.9701426 0 0.2425355 -2.23517e-7 0 -1 0 -1 0 0 -1 0 -0.9701425 0 0.2425355 -1 0 0 -1 0 0 -0.7071071 0 0.7071065 0 -1 0 -0.7071057 2.10734e-6 -0.7071079 0 0 1 0 0 1 0 -1 0 -0.9701426 0 0.2425354 0 0 1 0 1 0 0 0 1 0 0 1 -0.9701426 0 0.2425354 -0.9701429 0 0.2425341 -0.7071065 0 0.707107 -0.7071065 0 0.7071071 -0.7071074 0 -0.7071063 -0.7071055 0 0.7071081 0 0 1 -0.9701426 -1.57133e-7 0.2425355 -0.9701425 -4.33687e-6 0.2425357 0 0 1 0 0 1 -1 0 0 -1 0 0 -2.23517e-7 0 -1 0 0 -1 -1 0 0 -1 0 0 1.11759e-6 1 -2.79397e-7 0 -1 0 0 -1 0 0 -1 0 -1 0 0 0 -1 0 0 -1 0 0 0 1 1.11759e-6 1 -2.79397e-7 0 -1 0 0 -1 0 0 -1 0 0 -1 0 0 -1 0 0 -1 0 0 -1 0 0 -1 0 0 -1 0 -1 0 -2.98024e-6 -0.7071065 0 0.7071071 -1 0 0 0 -1 0 -1 0 0 -0.7071073 0 -0.7071062 0 0 1 -0.9701424 0 0.2425355 -1 0 0 -1 0 -2.98024e-6 -0.9701426 -1.44563e-6 0.2425354 -0.7071065 0 0.7071071 -1 0 0 0 0 -1 -1 0 0 -1 0 0 0 0 1 0 0 1 -0.9701426 1.38337e-7 0.2425355 0 0 1 0 -1 0 0 -1 0 0 -1 0 0 -1 0 0 -1 0 0 -1 0 0 0 1 0 0 1 0 1 0 0 0 1 0 -1 0 0 -1 0 0 -1 0 0 -1 0 0 0 1 0 1 0 -0.9701429 0 0.2425341 0 0 1 0 0 1 0 0 1 0 0 1 2.63417e-7 0.7071053 0.7071084 -2.10734e-6 -0.7071076 0.707106 -1 0 0 -1 0 0 -1 0 0 -1 0 0 -1 0 0 -1 0 -2.98024e-6 -1 0 -2.98023e-6 -0.7071073 0 -0.7071062 -0.7071073 0 -0.7071062 -0.7071073 0 -0.7071062 -0.7071073 0 -0.7071063 0 0 -1 -1 0 0 -0.7071065 0 0.7071071 -1 0 -2.98024e-6 -0.6246955 0 0.7808685 0 0 1 -1 0 -2.98023e-6 -1 0 0 -1 0 0 0 -1 0 2.98023e-7 0 1 0 0 1 0 0 1 0 -0.7071089 0.7071047 0 0 1 -3.50616e-7 -1 0 0 0 1 0 -1 0 0 0.7071045 0.7071092 0 0 -1 0 0 -1 -3.50616e-7 -1 0 -3.50616e-7 -1 0 -3.50616e-7 -1 0 0.9701426 0 0.2425354 -3.50616e-7 -1 0 1 0 0 0 -1 -2.98024e-6 -3.50616e-7 -1 -1.49011e-6 -1 0 0 -1 0 0 -1 0 0 0 -0.7071068 -0.7071068 -1 0 0 0 0.7071068 0.7071068 -1 0 0 0 0 -1 -1.86264e-7 1 0 0 0 -1 0 0 -1 0 0 1 0 0 1 0 0 1 -1.86264e-7 1 0 0 0.7071068 0.7071068 -1 0 0 0 -0.7071068 -0.7071068 0 0.7071068 -0.7071068 0 -0.7071068 0.7071068 -1 0 0 -1 0 0 0 0.7071068 0.7071068 -1 0 0 0 -1 0 -3.50616e-7 -1 0 0 -1 0 0 -1 0 0 -1 0 -1 0 0 0 -1 0 -1 0 0 0 -0.7071068 -0.7071068 0 0.7071068 -0.7071068 0 -0.7071068 0.7071068 -1 0 0 -1 0 0 -1.86264e-7 1 0 -1 0 0 -1 0 0 -1 0 0 0 -1 0 -3.50616e-7 -1 0 0 -1 0 0 -1 0 0 -1 0 -1 0 0 0 -1 0 -1 0 0 0 0.7071068 -0.7071068 0 -0.7071068 0.7071068 -1 0 0 0 0.7071068 0.7071068 -1 0 0 0 -0.7071068 -0.7071068 0 0.7071068 -0.7071068 0 -0.7071068 0.7071068 -1 0 0 -1 0 0 0 1 0 -1 0 0 -5.96047e-7 1 1.49012e-7 0 0 1 -1 -1.49011e-6 -2.60769e-6 0 0 -1 -1 0 0 0 0 -1 2.98023e-7 1 0 -1 -1.49012e-6 0 2.98023e-7 0 1 -0.9701425 0 0.2425355 0 1 0 2.23517e-6 -1 -2.50493e-7 -1 0 0 0 0 1 0 1 0 0 1 0 0 1 0 0 1 0 -0.9701426 0 0.2425355 -1 0 0 -1 -1.49011e-6 0 -0.7071071 0 0.7071065 0 1 0 -0.7071073 0 -0.7071062 0 0 1 0 0 1 0 1 0 -0.9701426 0 0.2425354 0 0 1 2.23517e-6 -1 -5.58793e-7 0 0 1 0 0 1 -0.9701426 0 0.2425354 -0.9701424 4.33687e-6 0.2425361 -0.7071065 0 0.707107 -0.7071065 0 0.7071071 -0.7071073 0 -0.7071062 -0.7071055 -1.05367e-6 0.7071081 0 0 1 -0.9701426 1.57133e-7 0.2425355 -0.9701425 0 0.2425354 0 0 1 0 0 1 -1 0 0 -1 0 0 0 0 -1 0 0 -1 -1 1.49012e-6 0 -1 0 0 1.11759e-6 -1 -2.79397e-7 0 1 0 0 1 0 0 1 0 0 1 0 0 1 0 0 0 1 1.11759e-6 -1 -2.79397e-7 0 1 0 0 1 0 0 1 0 0 1 0 0 1 0 0 1 0 0 1 0 0 1 0 0 1 0 -1 0 -2.98024e-6 -1 -1.49011e-6 0 0 1 0 -1 0 0 0 0 1 -0.9701424 0 0.2425355 -1 0 0 -1 0 -2.98024e-6 -0.9701427 0 0.2425348 -0.7071065 0 0.7071071 -1 0 0 0 0 -1 -1 0 0 -1 0 0 0 0 1 0 0 1 -0.9701424 0 0.2425357 0 0 1 0 1 0 0 1 0 0 1 0 0 1 0 0 1 0 0 1 0 0 0 1 0 0 1 0 -1 0 0 0 1 0 1 0 0 1 0 0 1 0 0 1 0 0 0 1 0 -1 0 -0.9701429 0 0.2425341 0 0 1 0 0 1 0 0 1 0 0 1 2.63417e-7 -0.7071068 0.7071068 -2.14027e-6 0.7071065 0.707107 -1 0 0 -1 0 0 -1 0 -2.98024e-6 -0.7071073 0 -0.7071062 -0.7071073 0 -0.7071062 -0.7071073 0 -0.7071062 -0.7071073 0 -0.7071063 0 0 -1 -1 0 0 -0.7071065 0 0.7071071 -1 0 -2.98024e-6 -0.6246955 0 0.7808685 0 0 1 -1 0 -2.98023e-6 -1 0 0 -1 -1.49011e-6 0 0 1 0 0 0 1 0 0 1 0 0.7071068 0.7071068 0 0 1 -3.50616e-7 1 0 0 0 1 0 1 0 0 -0.7071065 0.7071071 0 0 -1 0 0 -1 -3.50616e-7 1 0 -3.50616e-7 1 0 -3.50616e-7 1 0 0 1 0 -3.50616e-7 1 0 0 0 1 0 1 -2.98024e-6 -3.50616e-7 1 1.49011e-6 -1 0 0 -1 0 0 -1 0 0 0 0.7071068 -0.7071068 -1 0 0 0 -0.7071068 0.7071068 -1 0 0 0 0 -1 -1.86264e-7 -1 0 0 0 -1 0 0 -1 0 0 1 0 0 1 0 0 1 -1.86264e-7 -1 0 0 -0.7071068 0.7071068 -1 0 0 0 0.7071068 -0.7071068 0 -0.7071068 -0.7071068 0 0.7071068 0.7071068 -1 0 0 -1 0 0 0 -0.7071068 0.7071068 -1 0 0 0 1 0 -3.50616e-7 1 0 0 1 0 0 1 0 0 1 0 -1 -1.49011e-6 0 0 1 0 -1 0 0 0 0.7071068 -0.7071068 0 -0.7071068 -0.7071068 0 0.7071068 0.7071068 -1 0 0 -1 0 0 -1.86264e-7 -1 0 -1 0 0 -1 0 0 -1 0 0 0 1 0 -3.50616e-7 1 0 0 1 0 0 1 0 0 1 0 -1 -1.49011e-6 0 0 1 0 0 -0.7071068 -0.7071068 0 0.7071068 0.7071068 -1 0 0 0 -0.7071068 0.7071068 -1 0 0 0 0.7071068 -0.7071068 0 -0.7071068 -0.7071068 0 0.7071068 0.7071068 -1 0 0 -1 0 0 -1 0 0 0 0 -1 1 0 0 0 0 -1 0 0 -1 0 0 -1 0 0 -1 0 0 -1 0 0 -1 0 0 -1 0 0 -1 0 0 -1 0 0 -1 0 0 -1 0 0 1 0 0 -1 0 0 -1 0 0 -1 0 0 -1 0 0 -1 0 0 -1 0 0 -1 0 0 -1 0 0 -1 0 0 -1 0 0 -1 0 0 -1 0 0 -1 0 0 -1 0 0 -1 0 0 -1 0 0 -1 0 0 -1 0 0 -1 0 0 -1 0 0 -1 0 0 -1 0 0 -1 0 0 -1 0 0 -1 0 0 -1 0 0 -1 0 0 -1 1.27724e-7 -1 0 0 0 -1 0 1.70299e-7 -1 0 0 -1 0 0 -1 0 0 -1 0 0 -1 -1 0 0 0 0 -1 0 0 -1 0 0 -1 -3.40598e-7 -1.77111e-6 -1 0 -2.38419e-6 -1 0 -2.38419e-6 -1 0 0 -1 0 0 -1 0 -2.38419e-6 -1 0 -2.38419e-6 -1 0 0 -1 0 0 -1 0 -2.38419e-6 -1 0 0 -1 0 0 -1 1.49012e-6 -1.49012e-6 -1 0 0 -1 0 0 -1 0.7071078 -0.7071057 0 0 0 -1 -0.7071078 0.7071057 0 0 0 -1 0.7071078 0.7071057 0 0 0 -1 0 0 -1 0 0 -1 0 0 -1 0 1 0 0 1 0 0 1 0 0 1 -9.93412e-7 -3.31137e-7 1 -1.75308e-7 0 1 0 0 1 0 0 1 0 0 1 0 0 0 1 0 1 0 3.01049e-7 -0.7071068 0.7071068 0 0 1 0 1 0 0 0.7071068 0.7071068 0 0 1 -0.7071078 -0.7071057 0 0 1 4.11067e-7 0 -1 0 0 -1 0 0 -1 0 0 -1 -9.93412e-7 -3.31137e-7 -1 0 0 -1 0 0 -1 0 0 -1 0 0 -1 0 3.01048e-7 0.7071048 0.707109 0 0 1 0 -1 0 0 -0.7071089 0.7071047 0 0 1 0 -1 4.11066e-7 -0.7071068 -0.7071068 -1.05368e-6 0.7071062 0 -0.7071073 0.7071057 0 0.7071078 -0.7071074 0 -0.7071063 -0.7071068 0 0.7071068 0 0 -1 0.7071068 0 0.7071068 0 -1 0 -0.7071066 -4.21469e-6 -0.707107 0 1 0 0.7071066 0 -0.707107 -0.7071083 0 0.7071053 0.7071068 0 0.7071068 0 -1 0 -0.7071081 0 -0.7071055 0 1 0 0.7071066 0 -0.707107 -0.7071083 0 0.7071053 0.7071066 0 0.707107 0 -1 0 -0.7071068 -4.21469e-6 -0.7071068 0 1 0 0.7071068 0 -0.7071068 -0.7071081 0 0.7071055 0.7071066 0 0.707107 0 -1 0 -0.7071083 0 -0.7071053 0 1 0 0.7071068 0 -0.7071068 -0.7071081 0 0.7071055 -1.01752e-5 1 1.01752e-5 0 1 0 -1.01752e-5 1 -1.01752e-5 0 1 0 0 1 0 0 1 0 0 1 0 0 1 0 0 1 0 0 1 0 0 1 1.01752e-5 0 1 0 0 0 1 -0.7071068 0 0.7071068 -1 0 0 -0.707108 0 -0.7071056 0 0 -1 0.707108 0 -0.7071056 0 1 0 0 1 0 0 1 0 0 1 0 0 1 0 1 0 0 0.7071068 0 0.7071068 0 1 0 0 1 0 0 1 0 0 1 0 0 1 0 0 0 1 -0.7071068 -4.21469e-6 0.7071068 -1 -5.96047e-6 0 -0.707108 -4.2147e-6 -0.7071056 0 0 -1 0.707108 0 -0.7071056 0 1 0 0 1 0 0 1 0 0 1 0 0 1 0 1 0 0 0.7071068 0 0.7071068 0 -1 0 0 -1 0 0 -1 0 0 -1 0 0 -1 0 0 0 1 -0.7071068 0 0.7071068 -1 0 0 -0.707108 0 -0.7071056 0 0 -1 0.707108 0 -0.7071056 0 1 0 0 1 0 0 1 0 0 1 0 0 1 0 1 0 0 0.7071068 0 0.7071068 0 1 0 0 1 0 0 1 0 0 1 0 0 1 0 0 0 1 -0.7071068 -4.21469e-6 0.7071068 -1 -5.96047e-6 0 -0.707108 -4.2147e-6 -0.7071056 0 0 -1 0.707108 0 -0.7071056 0 1 0 0 1 0 0 1 0 0 1 0 0 1 0 1 0 0 0.7071068 0 0.7071068 0 -1 0 0 -1 0 0 -1 0 0 -1 0 0 -1 0 0 1 0 0 1 0 0 1 0 0 1 0 0 1 0 0 1 0 0 1 0 0 1 0 0 1 0 0 1 0 0 1 0 0 1 0 0 1 0 0 1 0 0 1 0 0 1 0 0 1 0 -2.29249e-7 1 -3.43874e-6 0 1 0 -2.29249e-7 1 -4.58494e-7 0 1 0 5.96051e-6 -1 0 5.96051e-6 1 0 0 0 1 4.21471e-6 0.7071062 -0.7071073 0 0.7071068 0.7071068 0 -0.7071084 -0.7071052 4.21471e-6 -0.7071068 0.7071068 0 0 -1 0 0.7071068 0.7071068 1 0 0 8.42937e-6 -0.7071064 -0.7071071 -1 0 0 0 0.7071064 -0.7071071 0 -0.7071098 0.7071039 0 0.7071068 0.7071068 1 0 0 0 -0.7071095 -0.7071042 -1 0 0 0 0.7071064 -0.7071071 0 -0.7071098 0.7071039 0 0.7071064 0.7071071 1 0 0 8.42938e-6 -0.7071068 -0.7071068 -1 0 0 0 0.7071068 -0.7071068 0 -0.7071095 0.7071042 0 0.7071064 0.7071071 1 0 0 0 -0.7071098 -0.7071039 -1 0 0 0 0.7071068 -0.7071068 0 -0.7071095 0.7071042 -1 -1.01751e-5 1.01751e-5 -1 0 0 -1 -1.01751e-5 -1.01751e-5 -1 0 0 -1 0 0 -1 0 0 -1 0 0 -1 0 0 -1 0 0 -1 0 0 -1 0 0 -1 0 0 0 0 1 0 -0.7071068 0.7071068 0 -1 0 0 -0.707108 -0.7071056 0 0 -1 0 0.707108 -0.7071056 -1 0 0 -1 0 0 -1 0 0 -1 0 0 -1 0 0 0 1 0 0 0.7071068 0.7071068 -1 0 0 -1 0 0 -1 0 0 -1 0 0 -1 0 0 0 0 1 8.42938e-6 -0.7071068 0.7071068 1.19209e-5 -1 0 8.42939e-6 -0.707108 -0.7071056 0 0 -1 0 0.707108 -0.7071056 -1 0 0 -1 0 0 -1 0 0 -1 0 0 -1 0 0 0 1 0 0 0.7071068 0.7071068 1 0 0 1 0 0 1 0 0 1 0 0 1 0 0 0 0 1 0 -0.7071068 0.7071068 0 -1 0 0 -0.707108 -0.7071056 0 0 -1 0 0.707108 -0.7071056 -1 0 0 -1 0 0 -1 0 0 -1 0 0 -1 0 0 0 1 0 0 0.7071068 0.7071068 -1 0 0 -1 0 0 -1 0 0 -1 0 0 -1 0 0 0 0 1 8.42938e-6 -0.7071068 0.7071068 1.19209e-5 -1 0 8.42939e-6 -0.707108 -0.7071056 0 0 -1 0 0.707108 -0.7071056 -1 0 0 -1 0 0 -1 0 0 -1 0 0 -1 0 0 0 1 0 0 0.7071068 0.7071068 1 0 0 1 0 0 1 0 0 1 0 0 1 0 0 -1 0 0 -1 0 0 -1 0 0 -1 0 0 -1 0 0 -1 0 0 -1 0 0 -1 0 0 -1 0 0 -1 0 0 -1 0 0 -1 0 0 -1 0 0 -1 0 0 -1 0 0 -1 0 0 -1 0 0 -1 -2.29249e-7 -3.43874e-6 -1 0 0 -1 -2.29249e-7 -4.58493e-7 -1 0 0 1 5.96051e-6 0 -1 5.96051e-6 0 0 0 1 -0.7071062 4.21471e-6 -0.7071073 -0.7071068 0 0.7071068 0.7071084 0 -0.7071052 0.7071068 4.21471e-6 0.7071068 0 0 -1 -0.7071068 0 0.7071068 0 1 0 0.7071048 1.2644e-5 -0.7071088 0 -1 0 -0.7071062 0 -0.7071073 0.7071098 0 0.7071039 -0.7071083 0 0.7071053 0 1 0 0.7071092 0 -0.7071043 0 -1 0 -0.7071077 0 -0.7071058 0.7071098 0 0.7071039 -0.7071062 0 0.7071073 0 1 0 0.7071053 1.2644e-5 -0.7071083 0 -1 0 -0.7071068 0 -0.7071068 0.7071092 0 0.7071043 -0.7071077 0 0.7071058 0 1 0 0.7071098 0 -0.7071039 0 -1 0 -0.7071083 0 -0.7071053 0.7071092 0 0.7071043 1.01751e-5 -1 1.01751e-5 0 -1 0 1.01751e-5 -1 -1.01751e-5 0 -1 0 0 -1 0 0 -1 0 0 -1 0 0 -1 0 0 -1 0 0 -1 0 0 -1 0 0 -1 0 0 0 1 0.7071068 0 0.7071068 1 0 0 0.707108 0 -0.7071056 0 0 -1 -0.707108 -4.2147e-6 -0.7071056 0 -1 0 0 -1 0 0 -1 0 0 -1 0 0 -1 0 -1 -5.96047e-6 0 -0.7071068 -4.21469e-6 0.7071068 0 -1 0 0 -1 0 0 -1 0 0 -1 0 0 -1 0 0 0 1 0.7071068 1.26441e-5 0.7071068 1 1.78814e-5 0 0.707108 1.26441e-5 -0.7071056 0 0 -1 -0.707108 0 -0.7071056 0 -1 0 0 -1 0 0 -1 0 0 -1 0 0 -1 0 -1 0 0 -0.7071068 0 0.7071068 0 1 0 0 1 0 0 1 0 0 1 0 0 1 0 0 0 1 0.7071068 0 0.7071068 1 0 0 0.707108 0 -0.7071056 0 0 -1 -0.707108 -4.2147e-6 -0.7071056 0 -1 0 0 -1 0 0 -1 0 0 -1 0 0 -1 0 -1 -5.96047e-6 0 -0.7071068 -4.21469e-6 0.7071068 0 -1 0 0 -1 0 0 -1 0 0 -1 0 0 -1 0 0 0 1 0.7071068 1.26441e-5 0.7071068 1 1.78814e-5 0 0.707108 1.26441e-5 -0.7071056 0 0 -1 -0.707108 0 -0.7071056 0 -1 0 0 -1 0 0 -1 0 0 -1 0 0 -1 0 -1 0 0 -0.7071068 0 0.7071068 0 1 0 0 1 0 0 1 0 0 1 0 0 1 0 0 -1 0 0 -1 0 0 -1 0 0 -1 0 0 -1 0 0 -1 0 0 -1 0 0 -1 0 0 -1 0 0 -1 0 0 -1 0 0 -1 0 0 -1 0 0 -1 0 0 -1 0 0 -1 0 0 -1 0 2.29249e-7 -1 -3.43874e-6 0 -1 0 2.29249e-7 -1 -4.58493e-7 0 -1 0 0 0 -1 1.49012e-6 1.49012e-6 -1 0 0 -1 0.7071057 0.7071078 0 -0.7071057 -0.7071078 0 -0.7071057 0.7071078 0 0 0 -1 0.7071057 -0.7071078 0 0.7071068 -0.7071068 -1.05368e-6 -1.70299e-7 0 -1 0 2.38419e-6 -1 -3.40598e-7 6.13077e-7 -1 0 0 -1 0 0 -1 0 2.38419e-6 -1 0 2.38419e-6 -1 0 0 -1 0 0 -1 0 2.38419e-6 -1 0 2.38419e-6 -1 0 0 -1 1 2.12874e-7 0 1.19209e-6 0 -1 2.72478e-6 -3.40597e-7 -1 3.57627e-6 0 -1 3.57627e-6 0 -1 1.19209e-6 0 -1 1.19209e-6 0 -1 3.57627e-6 0 -1 -5.10897e-7 1.70299e-7 -1 -5.10897e-7 0 -1 0 0 -1 -1.49012e-6 1.49012e-6 -1 0 0 -1 -0.7071078 0.7071057 0 0.7071078 -0.7071057 0 -0.7071078 -0.7071057 0 0 0 -1 0.7071078 0.7071057 0 0.7071068 0.7071068 -1.05368e-6 0 -1 0 0 -1 0 -1.75308e-7 -1 -1.49012e-6 -0.9701426 0 0.2425354 0.9701426 0 0.2425354 0 0 1 -0.9701426 0 0.2425354 0.9701426 0 0.2425354 -4.47035e-6 -1 -1.12955e-6 -1.51341e-6 -1 -3.78351e-7 0 1 0 -1.49012e-6 1 -3.76516e-7 0.6963106 0.6963106 0.1740777 0.6963109 0.6963104 0.1740776 0.6857789 0.7068815 0.1732797 0.6963106 0.6963106 0.1740776 0.6960819 -0.6960855 0.1758832 0.6963096 -0.6963117 0.1740773 0.6859942 -0.707107 0.1714985 0.6857766 -0.7068837 0.1732793 0.9701425 1.38337e-7 0.2425356 0.9701426 1.38337e-7 0.2425355 0.9701424 -9.42844e-7 0.2425358 0 0 1 0 1 0 1.50015e-6 1 3.79052e-7 -2.2701e-6 -1 -1.02602e-6 -5.21541e-6 -1 -1.31781e-6 0.6857789 -0.7068815 0.1732798 0.6963109 -0.6963104 0.1740776 0.6963106 -0.6963106 0.1740776 0.6857789 -0.7068815 0.1732797 0.6854919 0.7065892 0.175592 0.6963096 0.6963117 0.1740773 0.6857766 0.7068837 0.1732793 0.6859942 0.707107 0.1714985 0.9701425 -1.38337e-7 0.2425356 0.9701426 -1.38337e-7 0.2425355 0 1 -4.36007e-7 0.9701424 -2.51413e-6 0.2425358 -0.9701425 1.25837e-6 0.2425358 1.49011e-6 -1 -3.76516e-7 -1.5134e-6 -1 -5.38643e-7 -1.5134e-6 1 0 1.49012e-6 1 -3.76516e-7 -0.6857789 0.7068815 0.1732798 -0.6963109 0.6963104 0.1740776 -0.6857789 0.7068815 0.1732797 -0.6963106 0.6963106 0.1740776 -0.6854919 -0.7065892 0.175592 -0.6963096 -0.6963117 0.1740773 -0.696482 -0.6964856 0.1726869 -0.6857766 -0.7068837 0.1732793 -0.9701425 1.38337e-7 0.2425356 -0.9701426 1.38337e-7 0.2425355 0 0 1 0 -1 0 0 -1 -4.58497e-7 0 1 0 -3.02681e-6 1 2.98205e-7 7.56699e-7 -1 -6.47672e-7 3.72528e-6 -1 -9.41289e-7 -0.6963109 -0.6963104 0.1740776 -0.6857789 -0.7068815 0.1732798 -0.6857789 -0.7068815 0.1732797 -0.6963106 -0.6963106 0.1740776 -0.6960819 0.6960855 0.1758832 -0.6963096 0.6963117 0.1740773 -0.6859942 0.707107 0.1714985 -0.6857766 0.7068837 0.1732793 -0.9701425 -1.38337e-7 0.2425356 -0.9701426 -1.38337e-7 0.2425355 0 0 1 0 1 -4.58497e-7 0 0 1 0 0 1 0 1 -4.58497e-7 0 0 1 -0.9701424 0 0.2425358 1.19209e-6 -1 -8.9407e-7 0 1 -3.98372e-7 -5.96046e-7 1 -4.47035e-7 2.98023e-7 -1 -3.23866e-7 0.9701427 1.25706e-6 0.242535 0.9701427 -4.13037e-7 0.242535 5.96046e-7 -1 -2.4936e-7 0 1 -4.58497e-7 0 0 1 0 -1 0 6.11329e-7 1 -1.49012e-6 0 0 -1 0 0 -1 0 0 -1 0 0 -1 0 0 -1 0 0 -1 5.96046e-7 1 0 5.96046e-7 1 0 5.96046e-7 1 0 0 1 -9.93412e-7 5.96046e-7 1 0 5.96046e-7 1 0 5.96046e-7 1 0 5.96046e-7 1 0 0 0 1 5.96046e-7 1 0 -2.10734e-7 -0.7071068 0.7071068 0 0 1 5.96046e-7 1 0 0 0.7071068 0.7071068 0 0 1 0 1 4.11067e-7 5.96046e-7 -1 0 5.96046e-7 -1 0 5.96046e-7 -1 0 5.96046e-7 -1 -9.93411e-7 5.96047e-7 -1 0 5.96046e-7 -1 0 5.96046e-7 -1 0 5.96046e-7 -1 0 0 0 1 5.96046e-7 -1 0 -2.10734e-7 0.7071048 0.7071089 0 0 1 5.96046e-7 -1 0 0 -0.7071089 0.7071047 0 0 1 0 0 1 3.31137e-7 -1 2.88317e-7 0.9701426 6.28533e-7 0.2425355 5.96046e-7 -1 -4.47035e-7 -0.9701426 0 0.2425355 -0.9701425 1.25706e-6 0.2425355 0 1 -4.58497e-7 0 -1 0 -5.96046e-7 -1 0 0 0 1 0 0.7071049 0.7071086 -5.96046e-7 -1 0 0 0 1 -5.96046e-7 -1 0 -5.96046e-7 -1 0 0 0 1 -5.96046e-7 -1 0 -5.96046e-7 -1 0 0 -1 -9.93412e-7 -5.96046e-7 -1 0 -5.96046e-7 -1 0 -5.96046e-7 -1 0 -5.96046e-7 1 0 0 0 1 0 -0.7071071 0.7071065 -5.96046e-7 1 0 0 0 1 -5.96046e-7 1 0 -5.96046e-7 1 0 -5.96046e-7 1 0 -5.96047e-7 1 0 0 1 -9.93412e-7 -5.96046e-7 1 0 -5.96046e-7 1 0 -5.96046e-7 1 0 0 0 -1 0 0 -1 0 0 -1 0 0 -1 0 0 -1 0 0 -1 0 1 0 0 0.7071068 0.7071068 0 0 1 -3.31137e-7 1 2.88318e-7 0 0 1 0 -0.7071089 0.7071047 7.69945e-7 1 0 0 0 1 0 -1 4.11066e-7 0 0 1 0 0 1 -1.79919e-7 -1 -8.72014e-7 0 0 1 -0.9701424 -1.44563e-7 0.2425358 0 0 1 0 1 -4.58497e-7 0 -1 -4.58497e-7 -5.96046e-7 -1 -4.47035e-7 0.9701427 1.44563e-7 0.242535 0 0 1 0 0 1 0 0 1 0 0 1 0 -1 -4.58497e-7 0 -1 -4.58497e-7 5.96046e-7 1 -4.47035e-7 0 0 -1 0 -1 0 -0.9701425 -4.81876e-7 0.2425355 0 0 1 -1.75308e-7 1 0 0 0 1 0 0 1 0 0 -1 0 0 -1 -0.9701425 4.13003e-7 0.2425355 0.9701426 0 0.2425354 0 0 -1 0 0 -1 0 0 -1 0 0 -1 0 0 -1 0 0 -1 0 0 -1 0 0 -1 0 0 -1 -1 -9.93413e-7 0 -1 -9.93413e-7 0 0 0 1 0 0 1 -1 -9.93413e-7 0 0 0 1 -1 -9.93413e-7 0 0 0 1 -0.707106 -7.02448e-7 0.7071076 -0.7071062 0 -0.7071073 -1 -9.93413e-7 0 -1 0 0 -0.9701426 0 0.2425355 0 0 1 -1 4.58498e-7 8.0237e-7 0 0 -1 -1 4.58497e-7 0 1 -9.93413e-7 0 1 -9.93413e-7 0 0 0 1 -0.9701426 0 0.2425354 1 -9.93413e-7 0 0 0 1 1 -9.93413e-7 0 0 0 1 0.707106 -7.02448e-7 0.7071076 0.7071058 -1.05367e-6 -0.7071079 1 -9.93413e-7 0 1 0 0 0.9701426 0 0.2425355 0 0 1 1 9.93413e-7 0 0 0 -1 1 4.58497e-7 0 0 0 1 0 1 0 0.9701426 4.82157e-7 0.242535 0 0 1 0 0 -1 0.9701425 0 0.2425354 -0.9701425 0 0.2425354 0 0 -1 0 0 -1 0 0 -1 0 0 -1 0 0 -1 0 0 -1 0 0 -1 0 0 -1 0 0 -1 -1 1.98682e-6 0 -1 1.98682e-6 0 0 0 1 0 0 1 -1 1.98682e-6 0 0 0 1 -1 1.98682e-6 0 0 0 1 -0.7071055 1.40489e-6 0.7071081 -0.7071058 0 -0.7071079 -1 1.98682e-6 0 -1 0 0 -0.9701425 0 0.2425355 0 0 1 -1 -9.93412e-7 0 0 0 -1 -1 -4.58497e-7 0 1 1.98682e-6 0 1 1.98682e-6 0 0 0 1 1 1.98682e-6 0 0 0 1 1 1.98682e-6 0 0 0 1 0.7071055 1.40489e-6 0.7071081 0.7071058 0 -0.7071079 1 1.98682e-6 0 1 0 0 0.9701425 0 0.2425355 0 0 1 1 -4.58498e-7 8.0237e-7 0 0 -1 1 -4.58497e-7 0 -1.75308e-7 -1 0 0 0 1 6.11329e-7 -1 1.52832e-7 5.96046e-7 1 -4.47035e-7 0 -1 -4.58497e-7 0.6189747 4.61173e-7 0.785411 -0.6188385 4.00929e-7 0.7855182 0.6189747 -1.19911e-4 0.785411 -2.33893e-4 -0.7010951 0.7130677 -1.22962e-7 -0.7014082 0.7127599 0 -0.7014082 0.7127599 -0.6192534 -2.82109e-4 0.7851911 0 -1 -4.58497e-7 2.08064e-7 -1 -5.10513e-7 0 1 -4.36007e-7 0 1 -4.58497e-7 -0.6154125 7.97422e-7 0.7882053 0.6154127 -3.98712e-7 0.788205 -0.6188385 0 0.7855182 0.6188385 0 0.7855182 -0.6189745 3.68939e-7 0.7854111 0.6154127 0 0.788205 -0.6154125 0 0.7882053 -0.6154124 0 0.7882052 0.6154127 -3.98711e-7 0.7882051 7.96325e-7 0.7014082 0.7127599 -1.22962e-7 0.7014082 0.7127599 2.34433e-4 0.7010954 0.7130674 0.6192739 2.41272e-4 0.785175 0 0 1 -5.96046e-7 1 -4.47035e-7 0 1 -3.98372e-7</float_array>
          <technique_common>
            <accessor source="#Cube_002-mesh-normals-array" count="3780" stride="3">
              <param name="X" type="float"/>
              <param name="Y" type="float"/>
              <param name="Z" type="float"/>
            </accessor>
          </technique_common>
        </source>
        <source id="Cube_002-mesh-map-0">
          <float_array id="Cube_002-mesh-map-0-array" count="22680">0.8583334 0.5 0.6416667 0.75 0.6416667 0.5 0.6083334 0 0.3916667 0.25 0.3916667 0 0.6083334 0.5 0.3916667 0.75 0.3916667 0.5 0.375 0.25 0.3916667 0 0.3916667 0.25 0.625 0.25 0.6083334 0 0.625 0 0.3583334 0.5 0.3916667 0.75 0.3583333 0.75 0.6416667 0.5 0.6083334 0.75 0.6083334 0.5 0.3583334 0.5 0.1416666 0.75 0.1416667 0.5 0.625 0 0.375 0.25 0.375 0 0.375 0.25 0.625 0.5 0.375 0.5 0.625 0.5 0.375 0.75 0.375 0.5 0.625 0.75 0.375 1 0.375 0.75 0.375 0.5 0.125 0.75 0.125 0.5 0.875 0.5 0.625 0.75 0.625 0.5 0.625 0 0.375 0.25 0.375 0 0.375 0.25 0.625 0.5 0.375 0.5 0.625 0.5 0.375 0.75 0.375 0.5 0.625 0.75 0.375 1 0.375 0.75 0.375 0.5 0.125 0.75 0.125 0.5 0.875 0.5 0.625 0.75 0.625 0.5 0.625 0 0.375 0.25 0.375 0 0.375 0.25 0.625 0.5 0.375 0.5 0.625 0.5 0.375 0.75 0.375 0.5 0.625 0.75 0.375 1 0.375 0.75 0.375 0.5 0.125 0.75 0.125 0.5 0.875 0.5 0.625 0.75 0.625 0.5 0.625 0 0.375 0.25 0.375 0 0.375 0.25 0.625 0.5 0.375 0.5 0.625 0.5 0.375 0.75 0.375 0.5 0.625 0.75 0.375 1 0.375 0.75 0.375 0.5 0.125 0.75 0.125 0.5 0.875 0.5 0.625 0.75 0.625 0.5 0.375 0 0.375 0.25 0.3916667 0 0.3583333 0.75 0.625 0.5 0.375 0.5 0.375 0.25 0.625 0 0.6083334 0 0.3916667 0 0.375 0.25 0.6083334 0 0 0 0 0 0 0 0.625 0.25 0.6416667 0.75 0.625 0 0 0 0 0 0 0 0 0 0 0 0 0 0 0 0.3916667 0.75 0 0 0 0 0 0 0 0 0.3583333 0.75 0.375 0.5 0.375 0 0 0 0 0 0 0 1 1 0.875 0.5 1 0.5 0.875 1 0.75 0.5 0.875 0.5 0.75 1 0.625 0.5 0.75 0.5 0.625 1 0.5 0.5 0.625 0.5 0.5 1 0.375 0.5 0.5 0.5 0.375 1 0.25 0.5 0.375 0.5 0.4197056 0.08029437 0.49 0.25 0.00999999 0.25 0.25 1 0.125 0.5 0.25 0.5 0.125 1 0 0.5 0.125 0.5 0.5802944 0.4197056 0.5802944 0.08029437 0.9197056 0.08029437 1 1 0.875 0.5 1 0.5 0.875 1 0.75 0.5 0.875 0.5 0.75 1 0.625 0.5 0.75 0.5 0.625 1 0.5 0.5 0.625 0.5 0.5 1 0.375 0.5 0.5 0.5 0.375 1 0.25 0.5 0.375 0.5 0.49 0.25 0.25 0.49 0.00999999 0.25 0.25 1 0.125 0.5 0.25 0.5 0.125 1 0 0.5 0.125 0.5 0.5802944 0.4197056 0.9197056 0.4197056 0.9197056 0.08029437 1 1 0.875 0.5 1 0.5 0.875 1 0.75 0.5 0.875 0.5 0.75 1 0.625 0.5 0.75 0.5 0.625 1 0.5 0.5 0.625 0.5 0.5 1 0.375 0.5 0.5 0.5 0.375 1 0.25 0.5 0.375 0.5 0.4197056 0.08029437 0.49 0.25 0.00999999 0.25 0.25 1 0.125 0.5 0.25 0.5 0.125 1 0 0.5 0.125 0.5 0.5802944 0.4197056 0.5802944 0.08029437 0.9197056 0.08029437 1 1 0.875 0.5 1 0.5 0.875 1 0.75 0.5 0.875 0.5 0.75 1 0.625 0.5 0.75 0.5 0.625 1 0.5 0.5 0.625 0.5 0.5 1 0.375 0.5 0.5 0.5 0.375 1 0.25 0.5 0.375 0.5 0.49 0.25 0.25 0.49 0.00999999 0.25 0.25 1 0.125 0.5 0.25 0.5 0.125 1 0 0.5 0.125 0.5 0.5802944 0.4197056 0.9197056 0.4197056 0.9197056 0.08029437 0.125 0.5 0.625 0.5 0.375 0.5 0 0.5 0.875 0.5 0.625 0.5 0.625 0.5 0 0 0 0 0.875 0.5 0 0 0 0 0 0 0 0 0 0 0.625 0.5 0 0 0 0 0 0 0 0 0 0 0.625 0.5 0 0 0 0 0 0 0 0 0 0 0 0 0.5 0.5 0.375 0.5 0.375 0.5 0 0 0 0 0 0 0.375 0.5 0 0 0 0 0 0 0 0 0 0 0.125 0.5 0 0 0.125 0.5 0 0 0 0 0 0 0 0 0 0 0 0 0 0 0 0 0 0 0 0 0 0 0 0 0 0 0 0 0 0 0 0 0 0 0 0 0 0 0 0 0 0 0 0 0 0 0 0 0 0 0 0 0 0 0 0 0 0 0 0 0.75 0.49 0 0 0.51 0.25 0 0 0 0 0.99 0.25 0 0 0 0 0 0 0.625 0.5 0.5 0.5 0.75 0.49 0.5 0.5 0 0 0 0 0.6083334 0.25 0.625 0.25 0.625 0.25 0.5769231 0.8333333 0 0 0.6416667 0.5 0.6083334 0.5 0.5769231 0.8333333 0.5769231 0.8333333 0.3916667 0.5 0.375 0.6388888 0.3916667 0.5 0.3583334 0.5 0.375 0.6388888 0.3583334 0.5 0.4134616 0.9166666 0.375 0.6388888 0.1416667 0.5 0.3916667 0.25 0.4134616 0.9166666 0.3916667 0.25 0 0 0.4134616 0.9166666 0.5416666 0.4166666 0.5416666 0.4166666 0.5416666 0.4166666 0.4305556 0.4166667 0.4583333 0.4166666 0.4305555 0.4166667 0.4583334 0.4166667 0.4583333 0.4166666 0.4583333 0.4166666 0.5367647 0.4166667 0.4583333 0.4166666 0.4583333 0.4166666 0.4583333 0.4166666 0.4583333 0.4166666 0.4583333 0.4166666 0.5416666 0.5509259 0.4583333 0.5 0.5416666 0.5050926 0.5416665 0.4166666 0.5416665 0.4166666 0.5416665 0.4166666 0.5367646 0.4166667 0.4583333 0.4166666 0.4583334 0.4166667 0.5416666 0.4166666 0.5416666 0.4166666 0.5416666 0.4166666 0.5416666 0.4166666 0.5416667 0.4166667 0.5416666 0.4166666 0.5416666 0.4166666 0.5416666 0.4166666 0.5416667 0.4166667 0.5416665 0.4166666 0.5416666 0.4166666 0.5416665 0.4166666 0.4583333 0.4166666 0.4305555 0.4166666 0.4305555 0.4166667 0.5416665 0.4166666 0.5416665 0.4166666 0.5416666 0.4166666 0.5416666 0.5763888 0.4583333 0.5763888 0.4583334 0.5763889 0.4027777 0.5763888 0.375 0.5763888 0.4027777 0.5763888 0.5416665 0.4166666 0.5416666 0.4166666 0.5416665 0.4166666 0.4583333 0.4166666 0.4583333 0.4166666 0.4583333 0.4166666 0.4583333 0.5763888 0.4305555 0.5763888 0.4583334 0.5763889 0.412037 0.5763888 0.4027777 0.5763888 0.412037 0.5763888 0.4027777 0.4166667 0.4027777 0.4166667 0.4027777 0.4166667 0.412037 0.5509259 0.4027777 0.5509259 0.412037 0.5509259 0.5416666 0.4166666 0.5416666 0.4166666 0.5416665 0.4166666 0.4027778 0.4166667 0.375 0.4166666 0.375 0.4166667 0.4143518 0.4166667 0.412037 0.4166666 0.412037 0.4166667 0.4305555 0.4166667 0.4305556 0.4166667 0.4305556 0.4166667 0.4212962 0.5763888 0.4166666 0.5509259 0.4212962 0.5509259 0.4027778 0.4166667 0.4027778 0.4166667 0.4027778 0.4166667 0.5416666 0.4166666 0.5416666 0.4166666 0.5416667 0.4166667 0.5416667 0.4166667 0.5416666 0.4166666 0.5416667 0.4166667 0.5416667 0.4166667 0.5416666 0.4166666 0.5416666 0.4166666 0.5416666 0.4166666 0.5416666 0.4166666 0.5416665 0.4166666 0.5416666 0.4166667 0.5416666 0.4166666 0.5416666 0.4166666 0.5416665 0.4166666 0.5416665 0.4166666 0.5416665 0.4166666 0.5416666 0.4166666 0.5416667 0.4166667 0.5416666 0.4166667 0.5416667 0.4166666 0.5416666 0.4166666 0.5416666 0.4166666 0.5416666 0.4166666 0.5416666 0.4166666 0.5416666 0.4166666 0.4305556 0.4166666 0.4305556 0.4166667 0.4305556 0.4166667 0.4305556 0.4166667 0.4305556 0.4166667 0.4305556 0.4166666 0.4027778 0.4166667 0.4027778 0.4166667 0.4027778 0.4166667 0.4305555 0.4166666 0.4305555 0.4166667 0.4305555 0.4166667 0.4166666 0.4166667 0.4166666 0.4166667 0.4166666 0.4166667 0.5416666 0.4166667 0.5416666 0.4166666 0.5416666 0.4166666 0.5416666 0.4166667 0.5416666 0.4166666 0.5416666 0.4166666 0.5416666 0.4166666 0.5416666 0.4166667 0.5416666 0.4166666 0.5416666 0.4166666 0.5416666 0.4166667 0.5416666 0.4166666 0.4583333 0.4166666 0.4305556 0.4166666 0.4305556 0.4166667 0.4305556 0.4166666 0.4583333 0.4166666 0.4305556 0.4166667 0.4583333 0.4166666 0.4583333 0.4166666 0.4583333 0.4166666 0.4583334 0.4166667 0.4583333 0.4166666 0.4583333 0.4166667 0.4583333 0.4166666 0.5367646 0.4166666 0.4583333 0.4166666 0.5367646 0.4166667 0.4583334 0.4166667 0.4583334 0.4166667 0.5416667 0.4166667 0.5416666 0.4166666 0.5416667 0.4166667 0.5416668 0.4166667 0.5416667 0.4166667 0.5416667 0.4166667 0.412037 0.5763888 0.4027777 0.5509259 0.412037 0.5509259 0.4583333 0.5763888 0.4305555 0.5509259 0.4583333 0.5509259 0.4212963 0.4166666 0.4166666 0.4166667 0.4166666 0.4166667 0.4027777 0.5763888 0.375 0.5509259 0.4027777 0.5509259 0.5416666 0.5763888 0.4583333 0.5509259 0.5416666 0.5509259 0.5416666 0.4166666 0.5416666 0.4166666 0.5416666 0.4166666 0.5416665 0.4166666 0.5416667 0.4166667 0.5416666 0.4166666 0.5416665 0.4166666 0.5416667 0.4166667 0.5416668 0.4166667 0.4305555 0.5763888 0.4212962 0.5509259 0.4305555 0.5509259 0.4143518 0.5763888 0.412037 0.5509259 0.4143518 0.5509259 0.4166666 0.5509259 0.4212962 0.5509259 0.4212962 0.5509259 0.4212962 0.5763888 0.4166666 0.5763888 0.4212962 0.5763888 0.4305555 0.5509259 0.4212962 0.5509259 0.4305555 0.5509259 0.412037 0.5509259 0.4143518 0.5509259 0.4143518 0.5509259 0.4305555 0.5763888 0.4212962 0.5763888 0.4305555 0.5763888 0.4143518 0.5763888 0.412037 0.5763888 0.4143518 0.5763888 0.4143518 0.5763888 0.4149279 0.5763888 0.4149279 0.5763888 0.4120371 0.4166667 0.4143519 0.4166667 0.412037 0.4166667 0.4305556 0.4166667 0.4305556 0.4166667 0.4305556 0.4166667 0.4149279 0.4166667 0.4143518 0.4166667 0.4149279 0.4166667 0.4143518 0.5509259 0.4149279 0.5509259 0.4149279 0.5509259 0.4212963 0.4166666 0.4166666 0.4166667 0.4166666 0.4166667 0.4027777 0.4166667 0.4027777 0.4166667 0.4027777 0.4166667 0.5416666 0.4166666 0.5416666 0.4166667 0.5416666 0.4166667 0.5416666 0.4166667 0.5416667 0.4166666 0.5416666 0.4166667 0.4212963 0.4166666 0.4166666 0.4166667 0.4166666 0.4166667 0.4143518 0.4166667 0.4143518 0.4166667 0.4143518 0.4166667 0.5416667 0.4166666 0.5416665 0.4166666 0.5416665 0.4166666 0.4305556 0.4166666 0.4305556 0.4166666 0.4305556 0.4166666 0.4583333 0.4166666 0.4305556 0.4166666 0.4305556 0.4166666 0.4583334 0.4166667 0.4583333 0.4166666 0.4583333 0.4166666 0.5367646 0.4166666 0.4583334 0.4166667 0.4583333 0.4166666 0.4212963 0.4166666 0.4166666 0.4166667 0.4166666 0.4166667 0.5416666 0.4166666 0.5416665 0.4166666 0.5416665 0.4166666 0.5416666 0.4166666 0.5416666 0.4166667 0.5416666 0.4166667 0.5416666 0.4166667 0.5416666 0.4166666 0.5416666 0.4166666 0.5416667 0.4166667 0.5416666 0.4166666 0.5416666 0.4166666 0.4143518 0.5763888 0.4149279 0.5509259 0.4149279 0.5763888 0.4143518 0.5763888 0.412037 0.5763888 0.4143518 0.5763888 0.4305555 0.5763888 0.4212962 0.5763888 0.4305555 0.5763888 0.4212962 0.5763888 0.4166666 0.5763888 0.4212962 0.5763888 0.5416666 0.4166666 0.5416668 0.4166667 0.5416666 0.4166666 0.5416666 0.4166666 0.5416667 0.4166667 0.5416666 0.4166666 0.5416667 0.4166667 0.5416667 0.4166667 0.5416667 0.4166667 0.5416667 0.4166667 0.5416666 0.4166666 0.5416666 0.4166667 0.5416666 0.4166666 0.5416666 0.4166666 0.5416666 0.4166666 0.412037 0.5763888 0.4027777 0.5763888 0.412037 0.5763888 0.4583334 0.5763889 0.4305555 0.5763888 0.4583333 0.5763888 0.4027777 0.5763888 0.375 0.5763888 0.4027777 0.5763888 0.5416666 0.5763888 0.4583333 0.5763888 0.5416666 0.5763888 0.5416666 0.4166666 0.5416666 0.4166666 0.5416666 0.4166666 0.5416665 0.4166666 0.5416666 0.4166666 0.5416665 0.4166666 0.5416666 0.4166666 0.5416665 0.4166666 0.5416666 0.4166666 0.5416667 0.4166667 0.5416667 0.4166667 0.5416666 0.4166666 0.5416666 0.4166667 0.5416667 0.4166667 0.5416667 0.4166667 0.5416666 0.4166666 0.5416666 0.4166666 0.5416667 0.4166667 0.5416666 0.4166666 0.5416667 0.4166667 0.5416666 0.4166666 0.5416667 0.4166667 0.5416667 0.4166667 0.5416667 0.4166667 0.5416665 0.4166666 0.5416667 0.4166667 0.5416666 0.4166666 0.5416666 0.4166666 0.5416666 0.4166666 0.5416666 0.4166666 0.5416666 0.4166666 0.5416667 0.4166667 0.5416666 0.4166666 0.4583333 0.4166666 0.4305556 0.4166667 0.4305556 0.4166667 0.4212963 0.4166666 0.4166666 0.4166667 0.4166666 0.4166667 0.4166666 0.4166667 0.4155092 0.4166667 0.4155092 0.4166667 0.4212963 0.4166666 0.4166666 0.4166667 0.4166666 0.4166667 0.4143518 0.4166667 0.4143518 0.4166667 0.4143518 0.4166667 0.4143518 0.4166667 0.412037 0.4166667 0.412037 0.4166667 0.4143518 0.4166667 0.4143518 0.4166667 0.4143518 0.4166667 0.4143518 0.4166667 0.4143518 0.4166667 0.4143518 0.4166667 0.4143518 0.4166667 0.4143518 0.4166667 0.4143518 0.4166667 0.4143518 0.4166667 0.4143518 0.4166667 0.4143518 0.4166667 0.4583334 0.4166667 0.4583333 0.4166668 0.4583334 0.4166667 0.4305556 0.4166666 0.4583333 0.4166668 0.4583333 0.4166667 0.4305556 0.4166667 0.4305556 0.4166666 0.4305556 0.4166666 0.4143518 0.4166667 0.4143518 0.4166667 0.4143518 0.4166667 0.5416666 0.4166666 0.5416666 0.4166666 0.5416667 0.4166667 0.4166666 0.4166667 0.4166666 0.4166667 0.4166666 0.4166667 0.4143518 0.4166667 0.4143518 0.4166667 0.4143518 0.4166667 0.4583334 0.4166667 0.5367646 0.4166667 0.5367646 0.4166667 0.4212962 0.4166666 0.4166666 0.4166666 0.4166666 0.4166667 0.4143518 0.5763888 0.4149279 0.5763888 0.4149279 0.5763888 0.5416666 0.4166666 0.5416666 0.4166666 0.5416666 0.4166666 0.5416666 0.4166666 0.5416666 0.4166666 0.5416666 0.4166666 0.5416666 0.4166666 0.5416666 0.4166666 0.5416666 0.4166666 0.5416666 0.4166666 0.5416666 0.4166666 0.5416666 0.4166666 0.4149279 0.5763889 0.4143518 0.5763888 0.4149279 0.5763888 0.5416666 0.4166666 0.5416666 0.4166666 0.5416666 0.4166666 0.4149279 0.4166667 0.4143518 0.4166667 0.4149279 0.4166667 0.5416666 0.4166666 0.5416666 0.4166666 0.5416667 0.4166667 0.4143519 0.4166667 0.4143519 0.4166667 0.4143519 0.4166667 0.4143518 0.4166667 0.4143518 0.4166667 0.4143518 0.4166667 0.4143518 0.5763888 0.412037 0.5763888 0.4143518 0.5763888 0.4212962 0.5763888 0.4166666 0.5763888 0.4212962 0.5763888 0.4305555 0.5763888 0.4212962 0.5763888 0.4305555 0.5763888 0.412037 0.5763888 0.4027778 0.5763888 0.412037 0.5763888 0.5416666 0.5763888 0.4583333 0.5763888 0.4583333 0.5763888 0.4027778 0.5763888 0.375 0.5763888 0.375 0.5763888 0.4583333 0.5763888 0.4305555 0.5763888 0.4583333 0.5763888 0.4027778 0.4166667 0.4027777 0.4166667 0.4027777 0.4166667 0.4143518 0.4166667 0.4143518 0.4166667 0.4143518 0.4166667 0.5088384 0.1363636 0.5113636 0.1338384 0.5113636 0.1338384 0.375 0.5 0.625 0.25 0.375 0.25 0.375 0.5 0.625 0.75 0.625 0.5 0.375 1 0.625 0.75 0.375 0.75 0.125 0.75 0.375 0.5 0.125 0.5 0.625 0.75 0.875 0.5 0.625 0.5 0.5113636 0.1338384 0.375 1 0.5088384 0.1363636 0.625 0.25 0 0 0.375 0.25 0.5088384 0.1363636 0.125 0.5 0 0 0.625 0.25 0.5113636 0.1338384 0 0 0.5008417 0.1388888 0.5138888 0.1258417 0.5113636 0.1279461 0.5113636 0.1338384 0.502946 0.1363636 0.5037879 0.1318742 0.5113636 0.1279461 0.502946 0.1363636 0.5029461 0.1363636 0.5029461 0.1363636 0.5113636 0.1279461 0.502946 0.1363636 0.5037879 0.1279461 0.502946 0.1363636 0.5113636 0.1279461 0.4166666 0.4166667 0.4155092 0.4166667 0.4155092 0.4166667 0.625 0.75 0.375 1 0.375 0.75 0.625 0.5 0.375 0.75 0.375 0.5 0.625 0.25 0.375 0.5 0.375 0.25 0.4166666 0.4166667 0.4155092 0.4166667 0.4155092 0.4166667 0.4143518 0.4166667 0.4143518 0.4166667 0.4143518 0.4166667 0.4166666 0.4166667 0.4155092 0.4166667 0.4155092 0.4166667 0.4143518 0.4166667 0.4143518 0.4166667 0.4143518 0.4166667 0.4143518 0.4166667 0.4143518 0.4166667 0.4143518 0.4166667 0.4166666 0.4166667 0.4166666 0.4166667 0.4166666 0.4166667 0.4166666 0.4166667 0.4166666 0.4166667 0.4166666 0.4166667 0.4166666 0.4166667 0.4166666 0.4166667 0.4166666 0.4166667 0.4155092 0.4166667 0.4149279 0.4166668 0.4149279 0.4166667 0.625 0.25 0.375 0.5 0.375 0.25 0.625 0.5 0.375 0.75 0.375 0.5 0.625 0.75 0.375 1 0.375 0.75 0.375 0.5 0.125 0.75 0.125 0.5 0.875 0.5 0.625 0.75 0.625 0.5 0.4155092 0.4166667 0.4149279 0.4166667 0.4149279 0.4166667 0.875 0.5 0 0 0.875 0.75 0.4166666 0.4166667 0.4155092 0.4166667 0.4166666 0.4166667 0.625 0.25 0.375 0.5 0.375 0.25 0.4155092 0.4166667 0.4149279 0.4166667 0.4149279 0.4166667 0.4155092 0.4166667 0.4166666 0.4166667 0.4166666 0.4166667 0.4166666 0.5763888 0.4155092 0.5763888 0.4166666 0.5763888 0.4155092 0.5763888 0.4166666 0.5763888 0.4166666 0.5763888 0.4155092 0.5763888 0.4166666 0.5509259 0.4166666 0.5763888 0.4155092 0.5509259 0.4166666 0.5509259 0.4166666 0.5509259 0.4166666 0.4166666 0.4155092 0.4166667 0.4166666 0.4166667 0.4155092 0.5763888 0.4166666 0.5763888 0.4166666 0.5763888 0.5416665 0.4166666 0.5416666 0.4166666 0.5416666 0.4166666 0 0 0.875 0.5 0.4166666 0.4166667 0.875 0.5 0.375 0.25 0.4166666 0.4166667 0.4166666 0.4166667 0.375 0.25 0.4155092 0.4166667 0.375 0.25 0.125 0.75 0.4155092 0.4166667 0.4155092 0.4166667 0.125 0.75 0.4155092 0.4166667 0.125 0.75 0.625 1 0.4155092 0.4166667 0.4155092 0.4166667 0.625 1 0 0 0.625 0.5 0.375 0.75 0.375 0.5 0.625 0.75 0.375 1 0.375 0.75 0.375 0.5 0.125 0.75 0.125 0.5 0.875 0.5 0.625 0.75 0.625 0.5 0.875 0.5 0 0 0.875 0.75 0 0 0.875 0.5 0.4166666 0.4166667 0.875 0.5 0.375 0.25 0.4166666 0.4166667 0.4166666 0.4166667 0.375 0.25 0.4155092 0.4166667 0.375 0.25 0.125 0.75 0.4155092 0.4166667 0.4155092 0.4166667 0.125 0.75 0.4155092 0.4166667 0.125 0.75 0.625 1 0.4155092 0.4166667 0.4155092 0.4166667 0.625 1 0 0 0.4166666 0.4166667 0.4155092 0.4166667 0.4155092 0.4166667 0.4166666 0.4166667 0.4155092 0.4166667 0.4155092 0.4166667 0.4149279 0.4166667 0.4143518 0.4166667 0.4143518 0.4166667 0.4155092 0.4166667 0.4149279 0.4166667 0.4155092 0.4166667 0.4155092 0.4166667 0.4149279 0.4166667 0.4155092 0.4166667 0.4155092 0.4166667 0.4149279 0.4166668 0.4155092 0.4166667 0.4155092 0.4166667 0.4149279 0.4166667 0.4155092 0.4166667 0.4155092 0.5763888 0.4149279 0.5763888 0.4155092 0.5763888 0.4149279 0.5763888 0.4155092 0.5763888 0.4155092 0.5763888 0.4149279 0.5763888 0.4155092 0.5509259 0.4155092 0.5763888 0.4149279 0.5509259 0.4155092 0.5509259 0.4155092 0.5509259 0.4155092 0.4166666 0.4149279 0.4166667 0.4155092 0.4166667 0.4149279 0.5763888 0.4155092 0.5763888 0.4155092 0.5763888 0.4149279 0.4166667 0.4143518 0.4166667 0.4143518 0.4166667 0.375 0.5 0.125 0.75 0.125 0.5 0.875 0.5 0.625 0.75 0.625 0.5 0.875 0.5 0 0 0.875 0.75 0.4166666 0.4166667 0.4155092 0.4166667 0.4166666 0.4166667 0.625 0.25 0.375 0.5 0.375 0.25 0 0 0.875 0.5 0.4166666 0.4166667 0.875 0.5 0.375 0.25 0.4166666 0.4166667 0.4166666 0.4166667 0.375 0.25 0.4155092 0.4166667 0.375 0.25 0.125 0.75 0.4155092 0.4166667 0.4155092 0.4166667 0.125 0.75 0.4155092 0.4166667 0.125 0.75 0.625 1 0.4155092 0.4166667 0.4155092 0.4166667 0.625 1 0 0 0.625 0.5 0.375 0.75 0.375 0.5 0.625 0.75 0.375 1 0.375 0.75 0.375 0.5 0.125 0.75 0.125 0.5 0.875 0.5 0.625 0.75 0.625 0.5 0.875 0.5 0 0 0.875 0.75 0 0 0.875 0.5 0.4166666 0.4166667 0.875 0.5 0.375 0.25 0.4166666 0.4166667 0.4166666 0.4166667 0.375 0.25 0.4155092 0.4166667 0.375 0.25 0.125 0.75 0.4155092 0.4166667 0.4155092 0.4166667 0.125 0.75 0.4155092 0.4166667 0.125 0.75 0.625 1 0.4155092 0.4166667 0.4155092 0.4166667 0.625 1 0 0 0.4143518 0.4166667 0.4143518 0.4166667 0.4143518 0.4166667 0.4143518 0.4166667 0.4143518 0.4166667 0.4143518 0.4166667 0.5416665 0.4166666 0.5416665 0.4166666 0.5416665 0.4166666 0.4143518 0.4166667 0.4143518 0.4166667 0.4143518 0.4166667 0.5416666 0.4166666 0.5416666 0.4166666 0.5416666 0.4166666 0.4305556 0.4166667 0.4583333 0.4166666 0.4583333 0.4166666 0.4583334 0.4166667 0.4583333 0.4166666 0.4583333 0.4166666 0.4583333 0.4166666 0.5367646 0.4166667 0.4583333 0.4166666 0.4583333 0.4166666 0.4583333 0.4166666 0.4583333 0.4166666 0.4583333 0.5 0.5416666 0.5509259 0.5416666 0.5050926 0.4583333 0.4166666 0.5367646 0.4166667 0.4583334 0.4166667 0.5416666 0.4166666 0.5416666 0.4166666 0.5416666 0.4166666 0.5416666 0.4166666 0.5416667 0.4166667 0.5416666 0.4166666 0.5416666 0.4166666 0.5416666 0.4166666 0.5416666 0.4166666 0.5416666 0.4166666 0.5416665 0.4166666 0.5416665 0.4166666 0.4305555 0.4166666 0.4583333 0.4166667 0.4305555 0.4166667 0.5416666 0.4166666 0.5416665 0.4166666 0.5416666 0.4166666 0.5416666 0.5763888 0.4583333 0.5763888 0.5416666 0.5763888 0.375 0.5763888 0.4027777 0.5763888 0.4027777 0.5763888 0.4305555 0.5763888 0.4583333 0.5763888 0.4583334 0.5763889 0.4027777 0.5763888 0.412037 0.5763888 0.412037 0.5763888 0.412037 0.5509259 0.412037 0.5509259 0.4027777 0.5509259 0.5416666 0.4166666 0.5416666 0.4166666 0.5416666 0.4166666 0.375 0.4166666 0.4027778 0.4166667 0.375 0.4166667 0.412037 0.4166666 0.4143518 0.4166667 0.412037 0.4166667 0.4305556 0.4166667 0.4305555 0.4166667 0.4305556 0.4166667 0.4166666 0.5509259 0.4212962 0.5763888 0.4212962 0.5509259 0.4027778 0.4166667 0.4027778 0.4166667 0.4027778 0.4166667 0.5416666 0.4166666 0.5416666 0.4166666 0.5416666 0.4166666 0.5416667 0.4166667 0.5416666 0.4166666 0.5416666 0.4166666 0.5416666 0.4166666 0.5416667 0.4166667 0.5416666 0.4166666 0.5416666 0.4166666 0.5416666 0.4166666 0.5416666 0.4166666 0.5416666 0.4166667 0.5416666 0.4166666 0.5416666 0.4166666 0.5416665 0.4166666 0.5416665 0.4166666 0.5416665 0.4166666 0.5416667 0.4166667 0.5416666 0.4166666 0.5416666 0.4166667 0.5416666 0.4166666 0.5416667 0.4166666 0.5416666 0.4166666 0.5416666 0.4166666 0.5416666 0.4166666 0.5416666 0.4166666 0.4305556 0.4166667 0.4305556 0.4166666 0.4305556 0.4166667 0.4305556 0.4166667 0.4305556 0.4166667 0.4305556 0.4166666 0.4027778 0.4166667 0.4027778 0.4166667 0.4027777 0.4166667 0.4305555 0.4166667 0.4305555 0.4166666 0.4305555 0.4166667 0.4166666 0.4166667 0.4166666 0.4166667 0.4166666 0.4166667 0.5416666 0.4166666 0.5416666 0.4166667 0.5416666 0.4166666 0.5416666 0.4166667 0.5416666 0.4166666 0.5416666 0.4166666 0.5416666 0.4166666 0.5416666 0.4166667 0.5416666 0.4166666 0.5416666 0.4166667 0.5416666 0.4166666 0.5416666 0.4166666 0.4305556 0.4166666 0.4583333 0.4166666 0.4305556 0.4166667 0.4305556 0.4166666 0.4583333 0.4166666 0.4583333 0.4166667 0.4583333 0.4166666 0.4583333 0.4166666 0.4583333 0.4166666 0.4583334 0.4166667 0.4583333 0.4166666 0.4583334 0.4166667 0.4583333 0.4166666 0.5367646 0.4166666 0.5367646 0.4166666 0.4583334 0.4166667 0.5367646 0.4166667 0.4583334 0.4166667 0.5416667 0.4166667 0.5416666 0.4166666 0.5416667 0.4166667 0.5416668 0.4166667 0.5416667 0.4166667 0.5416667 0.4166667 0.4027777 0.5509259 0.412037 0.5763888 0.412037 0.5509259 0.4305555 0.5509259 0.4583333 0.5763888 0.4583333 0.5509259 0.375 0.5509259 0.4027777 0.5763888 0.4027777 0.5509259 0.4583333 0.5509259 0.5416666 0.5763888 0.5416666 0.5509259 0.5416666 0.4166666 0.5416666 0.4166666 0.5416666 0.4166666 0.5416667 0.4166667 0.5416665 0.4166666 0.5416666 0.4166666 0.5416665 0.4166666 0.5416667 0.4166667 0.5416666 0.4166666 0.4212962 0.5509259 0.4305555 0.5763888 0.4305555 0.5509259 0.412037 0.5509259 0.4143518 0.5763888 0.4143518 0.5509259 0.4212962 0.5509259 0.4166666 0.5509259 0.4212962 0.5509259 0.4166666 0.5763888 0.4212962 0.5763888 0.4212962 0.5763888 0.4305555 0.5509259 0.4305555 0.5509259 0.4212962 0.5509259 0.4143518 0.5509259 0.412037 0.5509259 0.4143518 0.5509259 0.4212962 0.5763888 0.4305555 0.5763888 0.4305555 0.5763888 0.412037 0.5763888 0.4143518 0.5763888 0.4143518 0.5763888 0.4149279 0.5763888 0.4143518 0.5763888 0.4149279 0.5763888 0.4120371 0.4166667 0.4143519 0.4166667 0.4143519 0.4166667 0.4143518 0.4166667 0.4149279 0.4166667 0.4149279 0.4166667 0.4149279 0.5509259 0.4143518 0.5509259 0.4149279 0.5509259 0.4166666 0.4166667 0.4212963 0.4166666 0.4166666 0.4166667 0.5416666 0.4166666 0.5416666 0.4166667 0.5416666 0.4166666 0.5416667 0.4166666 0.5416666 0.4166667 0.5416666 0.4166667 0.4166666 0.4166667 0.4212963 0.4166666 0.4166666 0.4166667 0.4143518 0.4166667 0.4143518 0.4166667 0.4143518 0.4166667 0.5416667 0.4166666 0.5416665 0.4166666 0.5416666 0.4166666 0.4305556 0.4166666 0.4305556 0.4166666 0.4305556 0.4166666 0.4305556 0.4166666 0.4583333 0.4166666 0.4305556 0.4166666 0.4583333 0.4166666 0.4583334 0.4166667 0.4583333 0.4166666 0.4583334 0.4166667 0.5367646 0.4166666 0.4583333 0.4166666 0.4166666 0.4166667 0.4212963 0.4166666 0.4166666 0.4166667 0.5416665 0.4166666 0.5416666 0.4166666 0.5416665 0.4166666 0.5416666 0.4166666 0.5416666 0.4166667 0.5416666 0.4166666 0.5416666 0.4166667 0.5416666 0.4166666 0.5416666 0.4166667 0.5416667 0.4166667 0.5416666 0.4166666 0.5416666 0.4166666 0.4149279 0.5509259 0.4143518 0.5763888 0.4149279 0.5763888 0.412037 0.5763888 0.4143518 0.5763888 0.4143518 0.5763888 0.4212962 0.5763888 0.4305555 0.5763888 0.4305555 0.5763888 0.4166666 0.5763888 0.4212962 0.5763888 0.4212962 0.5763888 0.5416666 0.4166666 0.5416668 0.4166667 0.5416665 0.4166666 0.5416666 0.4166666 0.5416667 0.4166667 0.5416668 0.4166667 0.5416667 0.4166667 0.5416667 0.4166667 0.5416667 0.4166667 0.5416667 0.4166667 0.5416666 0.4166666 0.5416666 0.4166666 0.5416666 0.4166666 0.5416667 0.4166667 0.5416666 0.4166666 0.4027777 0.5763888 0.412037 0.5763888 0.412037 0.5763888 0.4305555 0.5763888 0.4583334 0.5763889 0.4583333 0.5763888 0.375 0.5763888 0.4027777 0.5763888 0.4027777 0.5763888 0.4583333 0.5763888 0.5416666 0.5763888 0.5416666 0.5763888 0.5416666 0.4166666 0.5416666 0.4166666 0.5416666 0.4166666 0.5416666 0.4166666 0.5416665 0.4166666 0.5416665 0.4166666 0.5416665 0.4166666 0.5416666 0.4166666 0.5416666 0.4166666 0.5416667 0.4166667 0.5416667 0.4166667 0.5416667 0.4166667 0.5416667 0.4166667 0.5416666 0.4166667 0.5416667 0.4166667 0.5416666 0.4166666 0.5416667 0.4166667 0.5416666 0.4166666 0.5416666 0.4166666 0.5416666 0.4166666 0.5416667 0.4166667 0.5416667 0.4166667 0.5416667 0.4166667 0.5416667 0.4166667 0.5416665 0.4166666 0.5416667 0.4166667 0.5416665 0.4166666 0.5416666 0.4166666 0.5416666 0.4166666 0.5416666 0.4166666 0.5416666 0.4166666 0.5416667 0.4166667 0.5416666 0.4166666 0.4166666 0.4166667 0.4212963 0.4166666 0.4166666 0.4166667 0.4166666 0.4166667 0.4212963 0.4166666 0.4166666 0.4166667 0.4143518 0.4166667 0.4143518 0.4166667 0.4143518 0.4166667 0.4143518 0.4166667 0.4143518 0.4166667 0.4143518 0.4166667 0.4143518 0.4166667 0.4143518 0.4166667 0.4143518 0.4166667 0.4143518 0.4166667 0.4143518 0.4166667 0.4143518 0.4166667 0.4143518 0.4166667 0.4143518 0.4166667 0.4143518 0.4166667 0.4583334 0.4166667 0.4583333 0.4166668 0.4583333 0.4166667 0.4583333 0.4166668 0.4305556 0.4166666 0.4583333 0.4166667 0.4305556 0.4166666 0.4305556 0.4166667 0.4305556 0.4166666 0.4143518 0.4166667 0.4143518 0.4166667 0.4143518 0.4166667 0.5416666 0.4166666 0.5416666 0.4166666 0.5416667 0.4166667 0.4166666 0.4166667 0.4166666 0.4166667 0.4166666 0.4166667 0.4143518 0.4166667 0.4143518 0.4166667 0.4143518 0.4166667 0.5367646 0.4166667 0.4583334 0.4166667 0.5367646 0.4166667 0.4166666 0.4166666 0.4212962 0.4166666 0.4166666 0.4166667 0.4149279 0.5763888 0.4143518 0.5763888 0.4149279 0.5763888 0.5416666 0.4166666 0.5416666 0.4166666 0.5416666 0.4166666 0.5416666 0.4166666 0.5416666 0.4166666 0.5416666 0.4166666 0.5416666 0.4166666 0.5416666 0.4166666 0.5416666 0.4166666 0.5416666 0.4166666 0.5416666 0.4166666 0.5416666 0.4166666 0.4143518 0.5763888 0.4149279 0.5763889 0.4149279 0.5763888 0.5416666 0.4166666 0.5416666 0.4166666 0.5416666 0.4166666 0.4149279 0.4166667 0.4143518 0.4166667 0.4143518 0.4166667 0.5416666 0.4166666 0.5416666 0.4166666 0.5416667 0.4166667 0.4143519 0.4166667 0.4143519 0.4166667 0.4143519 0.4166667 0.4143518 0.4166667 0.4143518 0.4166667 0.4143518 0.4166667 0.412037 0.5763888 0.4143518 0.5763888 0.4143518 0.5763888 0.5416666 0.4166666 0.5416666 0.4166666 0.5416665 0.4166666 0.4166666 0.5763888 0.4212962 0.5763888 0.4212962 0.5763888 0.4212962 0.5763888 0.4305555 0.5763888 0.4305555 0.5763888 0.4027778 0.5763888 0.412037 0.5763888 0.412037 0.5763888 0.4583333 0.5763888 0.5416666 0.5763888 0.5416666 0.5763888 0.375 0.5763888 0.4027777 0.5763888 0.4027778 0.5763888 0.4583333 0.5763888 0.4305555 0.5763888 0.4583333 0.5763888 0.4027777 0.4166667 0.4027778 0.4166667 0.4027777 0.4166667 0.4143518 0.4166667 0.4143518 0.4166667 0.4143518 0.4166667 0.4155092 0.4166667 0.4166666 0.4166667 0.4155092 0.4166667 0.375 1 0.625 0.75 0.375 0.75 0.375 0.75 0.625 0.5 0.375 0.5 0.375 0.5 0.625 0.25 0.375 0.25 0.4155092 0.4166667 0.4166666 0.4166667 0.4155092 0.4166667 0.4143518 0.4166667 0.4143518 0.4166667 0.4143518 0.4166667 0.4155092 0.4166667 0.4166666 0.4166667 0.4155092 0.4166667 0.4143518 0.4166667 0.4143518 0.4166667 0.4143518 0.4166667 0.4143518 0.4166667 0.4143518 0.4166667 0.4143518 0.4166667 0.4166666 0.4166667 0.4166666 0.4166667 0.4166666 0.4166667 0.4166666 0.4166667 0.4166666 0.4166667 0.4166666 0.4166667 0.4166666 0.4166667 0.4166666 0.4166667 0.4166666 0.4166667 0.4149279 0.4166668 0.4155092 0.4166667 0.4149279 0.4166667 0.375 0.5 0.625 0.25 0.375 0.25 0.375 0.75 0.625 0.5 0.375 0.5 0.375 1 0.625 0.75 0.375 0.75 0.125 0.75 0.375 0.5 0.125 0.5 0.625 0.75 0.875 0.5 0.625 0.5 0.4149279 0.4166667 0.4155092 0.4166667 0.4149279 0.4166667 0.875 0.5 0.875 0.75 0 0 0.4155092 0.4166667 0.4166666 0.4166667 0.4166666 0.4166667 0.375 0.5 0.625 0.25 0.375 0.25 0.4149279 0.4166667 0.4155092 0.4166667 0.4149279 0.4166667 0.4166666 0.4166667 0.4155092 0.4166667 0.4166666 0.4166667 0.4155092 0.5763888 0.4166666 0.5763888 0.4166666 0.5763888 0.4166666 0.5763888 0.4155092 0.5763888 0.4166666 0.5763888 0.4166666 0.5509259 0.4155092 0.5763888 0.4166666 0.5763888 0.4166666 0.5509259 0.4155092 0.5509259 0.4166666 0.5509259 0.4155092 0.4166667 0.4166666 0.4166666 0.4166666 0.4166667 0.4166666 0.5763888 0.4155092 0.5763888 0.4166666 0.5763888 0 0 0.4166666 0.4166667 0.875 0.5 0.875 0.5 0.4166666 0.4166667 0.375 0.25 0.4166666 0.4166667 0.4155092 0.4166667 0.375 0.25 0.375 0.25 0.4155092 0.4166667 0.125 0.75 0.4155092 0.4166667 0.4155092 0.4166667 0.125 0.75 0.125 0.75 0.4155092 0.4166667 0.625 1 0.4155092 0.4166667 0 0 0.625 1 0.375 0.75 0.625 0.5 0.375 0.5 0.375 1 0.625 0.75 0.375 0.75 0.125 0.75 0.375 0.5 0.125 0.5 0.625 0.75 0.875 0.5 0.625 0.5 0.875 0.5 0.875 0.75 0 0 0 0 0.4166666 0.4166667 0.875 0.5 0.875 0.5 0.4166666 0.4166667 0.375 0.25 0.4166666 0.4166667 0.4155092 0.4166667 0.375 0.25 0.375 0.25 0.4155092 0.4166667 0.125 0.75 0.4155092 0.4166667 0.4155092 0.4166667 0.125 0.75 0.125 0.75 0.4155092 0.4166667 0.625 1 0.4155092 0.4166667 0 0 0.625 1 0.4155092 0.4166667 0.4166666 0.4166667 0.4155092 0.4166667 0.4155092 0.4166667 0.4166666 0.4166667 0.4155092 0.4166667 0.4143518 0.4166667 0.4149279 0.4166667 0.4143518 0.4166667 0.4149279 0.4166667 0.4155092 0.4166667 0.4155092 0.4166667 0.4149279 0.4166667 0.4155092 0.4166667 0.4155092 0.4166667 0.4149279 0.4166668 0.4155092 0.4166667 0.4155092 0.4166667 0.4155092 0.4166667 0.4149279 0.4166667 0.4149279 0.4166667 0.4149279 0.5763888 0.4155092 0.5763888 0.4155092 0.5763888 0.4155092 0.5763888 0.4149279 0.5763888 0.4155092 0.5763888 0.4155092 0.5509259 0.4149279 0.5763888 0.4155092 0.5763888 0.4155092 0.5509259 0.4149279 0.5509259 0.4155092 0.5509259 0.4149279 0.4166667 0.4155092 0.4166666 0.4155092 0.4166667 0.4155092 0.5763888 0.4149279 0.5763888 0.4155092 0.5763888 0.125 0.75 0.375 0.5 0.125 0.5 0.625 0.75 0.875 0.5 0.625 0.5 0.875 0.5 0.875 0.75 0 0 0.4155092 0.4166667 0.4166666 0.4166667 0.4166666 0.4166667 0.375 0.5 0.625 0.25 0.375 0.25 0 0 0.4166666 0.4166667 0.875 0.5 0.875 0.5 0.4166666 0.4166667 0.375 0.25 0.4166666 0.4166667 0.4155092 0.4166667 0.375 0.25 0.375 0.25 0.4155092 0.4166667 0.125 0.75 0.4155092 0.4166667 0.4155092 0.4166667 0.125 0.75 0.125 0.75 0.4155092 0.4166667 0.625 1 0.4155092 0.4166667 0 0 0.625 1 0.375 0.75 0.625 0.5 0.375 0.5 0.375 1 0.625 0.75 0.375 0.75 0.125 0.75 0.375 0.5 0.125 0.5 0.625 0.75 0.875 0.5 0.625 0.5 0.875 0.5 0.875 0.75 0 0 0 0 0.4166666 0.4166667 0.875 0.5 0.875 0.5 0.4166666 0.4166667 0.375 0.25 0.4166666 0.4166667 0.4155092 0.4166667 0.375 0.25 0.375 0.25 0.4155092 0.4166667 0.125 0.75 0.4155092 0.4166667 0.4155092 0.4166667 0.125 0.75 0.125 0.75 0.4155092 0.4166667 0.625 1 0.4155092 0.4166667 0 0 0.625 1 0.4143518 0.4166667 0.4143518 0.4166667 0.4143518 0.4166667 0.4143518 0.4166667 0.4143518 0.4166667 0.4143518 0.4166667 0.4143518 0.4166667 0.4143518 0.4166667 0.4143518 0.4166667 0.5416665 0.4166666 0.5416666 0.4166666 0.5416666 0.4166666 0.4305556 0.4166667 0.4583333 0.4166666 0.4583333 0.4166666 0.6083334 0.5 0.3916667 0.75 0.3916667 0.5 0.4583334 0.4166667 0.4583333 0.4166666 0.4583333 0.4166666 0.4583333 0.4166666 0.5367646 0.4166667 0.4583333 0.4166666 0.4583333 0.4166666 0.4583333 0.4166666 0.4583333 0.4166666 0.4583333 0.5 0.5416666 0.5509259 0.5416666 0.5050926 0.5416665 0.4166666 0.5416665 0.4166666 0.5416665 0.4166666 0.4583333 0.4166666 0.5367646 0.4166667 0.4583334 0.4166667 0.5416666 0.4166666 0.5416666 0.4166666 0.5416666 0.4166666 0.5416666 0.4166666 0.5416667 0.4166667 0.5416666 0.4166666 0.5416666 0.4166666 0.5416666 0.4166666 0.5416666 0.4166666 0.5416666 0.4166666 0.5416665 0.4166666 0.5416665 0.4166666 0.4305555 0.4166666 0.4583333 0.4166666 0.4305555 0.4166667 0.5416665 0.4166666 0.5416665 0.4166666 0.5416666 0.4166666 0.5416666 0.5763888 0.4583333 0.5763888 0.5416666 0.5763888 0.375 0.5763888 0.4027777 0.5763888 0.4027777 0.5763888 0.5416665 0.4166666 0.5416666 0.4166666 0.5416666 0.4166666 0.4583333 0.4166666 0.4583333 0.4166666 0.4583333 0.4166666 0.4305555 0.5763888 0.4583333 0.5763888 0.4583334 0.5763889 0.4027777 0.5763888 0.412037 0.5763888 0.412037 0.5763888 0.412037 0.5509259 0.412037 0.5509259 0.4027777 0.5509259 0.5416666 0.4166666 0.5416666 0.4166666 0.5416665 0.4166666 0.375 0.4166666 0.4027778 0.4166667 0.375 0.4166667 0.412037 0.4166666 0.4143518 0.4166667 0.412037 0.4166667 0.4305556 0.4166667 0.4305555 0.4166667 0.4305556 0.4166667 0.4166666 0.5509259 0.4212962 0.5763888 0.4212962 0.5509259 0.4027778 0.4166667 0.4027778 0.4166667 0.4027778 0.4166667 0.5416666 0.4166666 0.5416666 0.4166666 0.5416666 0.4166666 0.5416667 0.4166667 0.5416666 0.4166666 0.5416666 0.4166666 0.5416666 0.4166666 0.5416667 0.4166667 0.5416666 0.4166666 0.5416666 0.4166666 0.5416666 0.4166666 0.5416666 0.4166666 0.5416666 0.4166667 0.5416666 0.4166666 0.5416666 0.4166666 0.5416665 0.4166666 0.5416665 0.4166666 0.5416665 0.4166666 0.5416667 0.4166667 0.5416666 0.4166666 0.5416666 0.4166667 0.5416666 0.4166666 0.5416667 0.4166666 0.5416666 0.4166666 0.5416666 0.4166666 0.5416666 0.4166666 0.5416666 0.4166666 0.4305556 0.4166667 0.4305556 0.4166666 0.4305556 0.4166667 0.4305556 0.4166667 0.4305556 0.4166667 0.4305556 0.4166666 0.4027778 0.4166667 0.4027778 0.4166667 0.4027777 0.4166667 0.4305555 0.4166667 0.4305555 0.4166666 0.4305555 0.4166667 0.4166666 0.4166667 0.4166666 0.4166667 0.4166666 0.4166667 0.5416666 0.4166666 0.5416666 0.4166667 0.5416666 0.4166666 0.5416666 0.4166667 0.5416666 0.4166666 0.5416666 0.4166666 0.5416666 0.4166666 0.5416666 0.4166667 0.5416666 0.4166666 0.5416666 0.4166667 0.5416666 0.4166666 0.5416666 0.4166666 0.4305556 0.4166666 0.4583333 0.4166666 0.4305556 0.4166667 0.4305556 0.4166666 0.4583333 0.4166666 0.4583333 0.4166667 0.4583333 0.4166666 0.4583333 0.4166666 0.4583333 0.4166666 0.4583334 0.4166667 0.4583333 0.4166666 0.4583334 0.4166667 0.4583333 0.4166666 0.5367646 0.4166666 0.5367646 0.4166666 0.4583334 0.4166667 0.5367646 0.4166667 0.4583334 0.4166667 0.5416667 0.4166667 0.5416666 0.4166666 0.5416667 0.4166667 0.5416668 0.4166667 0.5416667 0.4166667 0.5416667 0.4166667 0.4027777 0.5509259 0.412037 0.5763888 0.412037 0.5509259 0.4305555 0.5509259 0.4583333 0.5763888 0.4583333 0.5509259 0.4166666 0.4166667 0.4212963 0.4166666 0.4166666 0.4166667 0.375 0.5509259 0.4027777 0.5763888 0.4027777 0.5509259 0.4583333 0.5509259 0.5416666 0.5763888 0.5416666 0.5509259 0.5416666 0.4166666 0.5416666 0.4166666 0.5416666 0.4166666 0.5416667 0.4166667 0.5416665 0.4166666 0.5416666 0.4166666 0.5416665 0.4166666 0.5416667 0.4166667 0.5416666 0.4166666 0.4212962 0.5509259 0.4305555 0.5763888 0.4305555 0.5509259 0.412037 0.5509259 0.4143518 0.5763888 0.4143518 0.5509259 0.4212962 0.5509259 0.4166666 0.5509259 0.4212962 0.5509259 0.4166666 0.5763888 0.4212962 0.5763888 0.4212962 0.5763888 0.4305555 0.5509259 0.4305555 0.5509259 0.4212962 0.5509259 0.4143518 0.5509259 0.412037 0.5509259 0.4143518 0.5509259 0.4212962 0.5763888 0.4305555 0.5763888 0.4305555 0.5763888 0.412037 0.5763888 0.4143518 0.5763888 0.4143518 0.5763888 0.4149279 0.5763888 0.4143518 0.5763888 0.4149279 0.5763888 0.4120371 0.4166667 0.4143519 0.4166667 0.4143519 0.4166667 0.4305556 0.4166667 0.4305556 0.4166667 0.4305556 0.4166667 0.4143518 0.4166667 0.4149279 0.4166667 0.4149279 0.4166667 0.4149279 0.5509259 0.4143518 0.5509259 0.4149279 0.5509259 0.4166666 0.4166667 0.4212963 0.4166666 0.4166666 0.4166667 0.4027777 0.4166667 0.4027777 0.4166667 0.4027777 0.4166667 0.5416666 0.4166666 0.5416666 0.4166667 0.5416666 0.4166666 0.5416667 0.4166666 0.5416666 0.4166667 0.5416666 0.4166667 0.4166666 0.4166667 0.4212963 0.4166666 0.4166666 0.4166667 0.4143518 0.4166667 0.4143518 0.4166667 0.4143518 0.4166667 0.5416667 0.4166666 0.5416665 0.4166666 0.5416666 0.4166666 0.4305556 0.4166666 0.4305556 0.4166666 0.4305556 0.4166666 0.4305556 0.4166666 0.4583333 0.4166666 0.4305556 0.4166666 0.4583333 0.4166666 0.4583334 0.4166667 0.4583333 0.4166666 0.4583334 0.4166667 0.5367646 0.4166666 0.4583333 0.4166666 0.4166666 0.4166667 0.4212963 0.4166666 0.4166666 0.4166667 0.5416665 0.4166666 0.5416666 0.4166666 0.5416665 0.4166666 0.5416666 0.4166666 0.5416666 0.4166667 0.5416666 0.4166666 0.5416666 0.4166667 0.5416666 0.4166666 0.5416666 0.4166667 0.5416667 0.4166667 0.5416666 0.4166666 0.5416666 0.4166666 0.4149279 0.5509259 0.4143518 0.5763888 0.4149279 0.5763888 0.412037 0.5763888 0.4143518 0.5763888 0.4143518 0.5763888 0.4212962 0.5763888 0.4305555 0.5763888 0.4305555 0.5763888 0.4166666 0.5763888 0.4212962 0.5763888 0.4212962 0.5763888 0.5416666 0.4166666 0.5416668 0.4166667 0.5416665 0.4166666 0.5416666 0.4166666 0.5416667 0.4166667 0.5416668 0.4166667 0.5416667 0.4166667 0.5416667 0.4166667 0.5416667 0.4166667 0.5416667 0.4166667 0.5416666 0.4166666 0.5416666 0.4166666 0.5416666 0.4166666 0.5416666 0.4166666 0.5416667 0.4166667 0.4027777 0.5763888 0.412037 0.5763888 0.412037 0.5763888 0.4305555 0.5763888 0.4583334 0.5763889 0.4583333 0.5763888 0.375 0.5763888 0.4027777 0.5763888 0.4027777 0.5763888 0.4583333 0.5763888 0.5416666 0.5763888 0.5416666 0.5763888 0.5416666 0.4166666 0.5416666 0.4166666 0.5416666 0.4166666 0.5416666 0.4166666 0.5416665 0.4166666 0.5416665 0.4166666 0.5416665 0.4166666 0.5416666 0.4166666 0.5416666 0.4166666 0.5416667 0.4166667 0.5416667 0.4166667 0.5416667 0.4166667 0.5416667 0.4166667 0.5416666 0.4166667 0.5416667 0.4166667 0.5416666 0.4166666 0.5416667 0.4166667 0.5416666 0.4166666 0.5416666 0.4166666 0.5416666 0.4166666 0.5416667 0.4166667 0.5416667 0.4166667 0.5416667 0.4166667 0.5416667 0.4166667 0.5416665 0.4166666 0.5416667 0.4166667 0.5416665 0.4166666 0.5416666 0.4166666 0.5416666 0.4166666 0.5416666 0.4166666 0.5416666 0.4166666 0.5416667 0.4166667 0.5416666 0.4166666 0.4305556 0.4166667 0.4583333 0.4166666 0.4305556 0.4166667 0.4149279 0.4166667 0.4155092 0.4166667 0.4155092 0.4166667 0.4166666 0.4166667 0.4212963 0.4166666 0.4166666 0.4166667 0.4155092 0.4166667 0.4166666 0.4166667 0.4166666 0.4166667 0.4166666 0.4166667 0.4212963 0.4166666 0.4166666 0.4166667 0.4143518 0.4166667 0.4143518 0.4166667 0.4143518 0.4166667 0.412037 0.4166667 0.4143518 0.4166667 0.412037 0.4166667 0.4143518 0.4166667 0.4143518 0.4166667 0.4143518 0.4166667 0.4143518 0.4166667 0.4143518 0.4166667 0.4143518 0.4166667 0.4143518 0.4166667 0.4143518 0.4166667 0.4143518 0.4166667 0.4143518 0.4166667 0.4143518 0.4166667 0.4143518 0.4166667 0.4583334 0.4166667 0.4583333 0.4166668 0.4583333 0.4166667 0.4583333 0.4166668 0.4305556 0.4166666 0.4583333 0.4166667 0.4305556 0.4166666 0.4305556 0.4166667 0.4305556 0.4166666 0.4143518 0.4166667 0.4143518 0.4166667 0.4143518 0.4166667 0.5416666 0.4166666 0.5416666 0.4166666 0.5416667 0.4166667 0.4166666 0.4166667 0.4166666 0.4166667 0.4166666 0.4166667 0.4143518 0.4166667 0.4143518 0.4166667 0.4143518 0.4166667 0.5367646 0.4166667 0.4583334 0.4166667 0.5367646 0.4166667 0.4166666 0.4166666 0.4212962 0.4166667 0.4166666 0.4166667 0.4149279 0.5763888 0.4143518 0.5763888 0.4149279 0.5763888 0.5416666 0.4166666 0.5416666 0.4166666 0.5416666 0.4166666 0.5416666 0.4166666 0.5416666 0.4166666 0.5416666 0.4166666 0.5416666 0.4166666 0.5416666 0.4166666 0.5416666 0.4166666 0.5416666 0.4166666 0.5416666 0.4166666 0.5416666 0.4166666 0.5416666 0.4166666 0.5416666 0.4166666 0.5416666 0.4166666 0.4143518 0.5763888 0.4149279 0.5763889 0.4149279 0.5763888 0.5416666 0.4166666 0.5416666 0.4166666 0.5416666 0.4166666 0.4149279 0.4166667 0.4143518 0.4166667 0.4143518 0.4166667 0.5416666 0.4166666 0.5416666 0.4166666 0.5416666 0.4166666 0.4143519 0.4166667 0.4143519 0.4166667 0.4143519 0.4166667 0.4143518 0.4166667 0.4143518 0.4166667 0.4143518 0.4166667 0.412037 0.5763888 0.4143518 0.5763888 0.4143518 0.5763888 0.4166666 0.5763888 0.4212962 0.5763888 0.4212962 0.5763888 0.4212962 0.5763888 0.4305555 0.5763888 0.4305555 0.5763889 0.5416666 0.4166666 0.5416666 0.4166666 0.5416666 0.4166666 0.4027778 0.5763888 0.412037 0.5763888 0.412037 0.5763888 0.6083334 0 0.3916667 0.25 0.3916667 0 0.375 0.5763888 0.4027777 0.5763888 0.4027778 0.5763888 0.4583333 0.5763888 0.4305555 0.5763888 0.4583333 0.5763888 0.4027777 0.4166667 0.4027778 0.4166667 0.4027777 0.4166667 0.4143518 0.4166667 0.4143518 0.4166667 0.4143518 0.4166667 0.4155092 0.4166667 0.4166666 0.4166667 0.4155092 0.4166667 0.375 1 0.625 0.75 0.375 0.75 0.375 0.75 0.625 0.5 0.375 0.5 0.375 0.5 0.625 0.25 0.375 0.25 0.4155092 0.4166667 0.4166666 0.4166667 0.4155092 0.4166667 0.4143518 0.4166667 0.4143518 0.4166667 0.4143518 0.4166667 0.4155092 0.4166667 0.4166666 0.4166667 0.4155092 0.4166667 0.4143518 0.4166667 0.4143518 0.4166667 0.4143518 0.4166667 0.4143518 0.4166667 0.4143518 0.4166667 0.4143518 0.4166667 0.4166666 0.4166667 0.4166666 0.4166667 0.4166666 0.4166667 0.4166666 0.4166667 0.4166666 0.4166667 0.4166666 0.4166667 0.4166666 0.4166667 0.4166666 0.4166667 0.4166666 0.4166667 0.4149279 0.4166668 0.4155092 0.4166667 0.4149279 0.4166667 0.375 0.5 0.625 0.25 0.375 0.25 0.375 0.75 0.625 0.5 0.375 0.5 0.375 1 0.625 0.75 0.375 0.75 0.125 0.75 0.375 0.5 0.125 0.5 0.625 0.75 0.875 0.5 0.625 0.5 0.4149279 0.4166667 0.4155092 0.4166667 0.4149279 0.4166667 0.875 0.5 0.875 0.75 0 0 0.4155092 0.4166667 0.4166666 0.4166667 0.4166666 0.4166667 0.375 0.5 0.625 0.25 0.375 0.25 0.4149279 0.4166667 0.4155092 0.4166667 0.4149279 0.4166667 0.4166666 0.4166667 0.4155092 0.4166667 0.4166666 0.4166667 0.4155092 0.5763888 0.4166666 0.5763888 0.4166666 0.5763888 0.4166666 0.5763888 0.4155092 0.5763888 0.4166666 0.5763888 0.4166666 0.5509259 0.4155092 0.5763888 0.4166666 0.5763888 0.4166666 0.5509259 0.4155092 0.5509259 0.4166666 0.5509259 0.4155092 0.4166667 0.4166666 0.4166666 0.4166666 0.4166667 0.4166666 0.5763888 0.4155092 0.5763888 0.4166666 0.5763888 0 0 0.4166666 0.4166667 0.875 0.5 0.875 0.5 0.4166666 0.4166667 0.375 0.25 0.4166666 0.4166667 0.4155092 0.4166667 0.375 0.25 0.375 0.25 0.4155092 0.4166667 0.125 0.75 0.4155092 0.4166667 0.4155092 0.4166667 0.125 0.75 0.125 0.75 0.4155092 0.4166667 0.625 1 0.4155092 0.4166667 0 0 0.625 1 0.375 0.75 0.625 0.5 0.375 0.5 0.375 1 0.625 0.75 0.375 0.75 0.125 0.75 0.375 0.5 0.125 0.5 0.625 0.75 0.875 0.5 0.625 0.5 0.875 0.5 0.875 0.75 0 0 0 0 0.4166666 0.4166667 0.875 0.5 0.875 0.5 0.4166666 0.4166667 0.375 0.25 0.4166666 0.4166667 0.4155092 0.4166667 0.375 0.25 0.375 0.25 0.4155092 0.4166667 0.125 0.75 0.4155092 0.4166667 0.4155092 0.4166667 0.125 0.75 0.125 0.75 0.4155092 0.4166667 0.625 1 0.4155092 0.4166667 0 0 0.625 1 0.4155092 0.4166667 0.4166666 0.4166667 0.4155092 0.4166667 0.4155092 0.4166667 0.4166666 0.4166667 0.4155092 0.4166667 0.4143518 0.4166667 0.4149279 0.4166667 0.4143518 0.4166667 0.4149279 0.4166667 0.4155092 0.4166667 0.4155092 0.4166667 0.4149279 0.4166667 0.4155092 0.4166667 0.4155092 0.4166667 0.4149279 0.4166668 0.4155092 0.4166667 0.4155092 0.4166667 0.4155092 0.4166667 0.4149279 0.4166667 0.4149279 0.4166667 0.4149279 0.5763888 0.4155092 0.5763888 0.4155092 0.5763888 0.4155092 0.5763888 0.4149279 0.5763888 0.4155092 0.5763888 0.4155092 0.5509259 0.4149279 0.5763888 0.4155092 0.5763888 0.4155092 0.5509259 0.4149279 0.5509259 0.4155092 0.5509259 0.4149279 0.4166667 0.4155092 0.4166666 0.4155092 0.4166667 0.4155092 0.5763888 0.4149279 0.5763888 0.4155092 0.5763888 0.4143518 0.4166667 0.4149279 0.4166667 0.4149279 0.4166667 0.125 0.75 0.375 0.5 0.125 0.5 0.625 0.75 0.875 0.5 0.625 0.5 0.875 0.5 0.875 0.75 0 0 0.4155092 0.4166667 0.4166666 0.4166667 0.4166666 0.4166667 0.375 0.5 0.625 0.25 0.375 0.25 0 0 0.4166666 0.4166667 0.875 0.5 0.875 0.5 0.4166666 0.4166667 0.375 0.25 0.4166666 0.4166667 0.4155092 0.4166667 0.375 0.25 0.375 0.25 0.4155092 0.4166667 0.125 0.75 0.4155092 0.4166667 0.4155092 0.4166667 0.125 0.75 0.125 0.75 0.4155092 0.4166667 0.625 1 0.4155092 0.4166667 0 0 0.625 1 0.375 0.75 0.625 0.5 0.375 0.5 0.375 1 0.625 0.75 0.375 0.75 0.125 0.75 0.375 0.5 0.125 0.5 0.625 0.75 0.875 0.5 0.625 0.5 0.875 0.5 0.875 0.75 0 0 0 0 0.4166666 0.4166667 0.875 0.5 0.875 0.5 0.4166666 0.4166667 0.375 0.25 0.4166666 0.4166667 0.4155092 0.4166667 0.375 0.25 0.375 0.25 0.4155092 0.4166667 0.125 0.75 0.4155092 0.4166667 0.4155092 0.4166667 0.125 0.75 0.125 0.75 0.4155092 0.4166667 0.625 1 0.4155092 0.4166667 0 0 0.625 1 0.4143518 0.4166667 0.4143518 0.4166667 0.4143518 0.4166667 0.4143518 0.4166667 0.4143518 0.4166667 0.4143518 0.4166667 0.5416666 0.4166666 0.5416666 0.4166666 0.5416666 0.4166666 0.4143518 0.4166667 0.4143518 0.4166667 0.4143518 0.4166667 0.5416665 0.4166666 0.5416666 0.4166666 0.5416666 0.4166666 0.5416666 0.4166666 0.5416665 0.4166666 0.5416665 0.4166666 0.4305556 0.4166667 0.4583333 0.4166666 0.4305555 0.4166667 0.4583334 0.4166667 0.4583333 0.4166666 0.4583333 0.4166666 0.5367646 0.4166667 0.4583333 0.4166666 0.4583333 0.4166666 0.4583333 0.4166666 0.4583333 0.4166666 0.4583333 0.4166666 0.5416666 0.5509259 0.4583333 0.5 0.5416666 0.5050926 0.5367646 0.4166667 0.4583333 0.4166666 0.4583334 0.4166667 0.5416666 0.4166666 0.5416666 0.4166666 0.5416666 0.4166666 0.5416666 0.4166666 0.5416667 0.4166667 0.5416666 0.4166666 0.5416666 0.4166666 0.5416666 0.4166666 0.5416667 0.4166667 0.5416665 0.4166666 0.5416666 0.4166666 0.5416665 0.4166666 0.4583333 0.4166666 0.4305555 0.4166666 0.4305555 0.4166667 0.5416665 0.4166666 0.5416666 0.4166666 0.5416666 0.4166666 0.5416666 0.5763888 0.4583333 0.5763888 0.4583334 0.5763889 0.4027777 0.5763888 0.375 0.5763888 0.4027777 0.5763888 0.4583333 0.5763888 0.4305555 0.5763888 0.4583334 0.5763889 0.412037 0.5763888 0.4027777 0.5763888 0.412037 0.5763888 0.412037 0.5509259 0.4027777 0.5509259 0.412037 0.5509259 0.5416666 0.4166666 0.5416666 0.4166666 0.5416666 0.4166666 0.4027778 0.4166667 0.375 0.4166666 0.375 0.4166667 0.4143518 0.4166667 0.412037 0.4166666 0.412037 0.4166667 0.4305555 0.4166667 0.4305556 0.4166667 0.4305556 0.4166667 0.4212962 0.5763888 0.4166666 0.5509259 0.4212962 0.5509259 0.4027778 0.4166667 0.4027778 0.4166667 0.4027778 0.4166667 0.5416666 0.4166666 0.5416666 0.4166666 0.5416667 0.4166667 0.5416667 0.4166667 0.5416666 0.4166666 0.5416667 0.4166667 0.5416667 0.4166667 0.5416666 0.4166666 0.5416666 0.4166666 0.5416666 0.4166666 0.5416666 0.4166666 0.5416665 0.4166666 0.5416666 0.4166667 0.5416666 0.4166666 0.5416666 0.4166666 0.5416665 0.4166666 0.5416665 0.4166666 0.5416665 0.4166666 0.5416666 0.4166666 0.5416667 0.4166667 0.5416666 0.4166667 0.5416667 0.4166666 0.5416666 0.4166666 0.5416666 0.4166666 0.5416666 0.4166666 0.5416666 0.4166666 0.5416666 0.4166666 0.4305556 0.4166666 0.4305556 0.4166667 0.4305556 0.4166667 0.4305556 0.4166667 0.4305556 0.4166667 0.4305556 0.4166666 0.4027778 0.4166667 0.4027778 0.4166667 0.4027778 0.4166667 0.4305555 0.4166666 0.4305555 0.4166667 0.4305555 0.4166667 0.4166666 0.4166667 0.4166666 0.4166667 0.4166666 0.4166667 0.5416666 0.4166667 0.5416666 0.4166666 0.5416666 0.4166666 0.5416666 0.4166667 0.5416666 0.4166666 0.5416666 0.4166666 0.5416666 0.4166666 0.5416666 0.4166667 0.5416666 0.4166666 0.5416666 0.4166666 0.5416666 0.4166667 0.5416666 0.4166666 0.4583333 0.4166666 0.4305556 0.4166666 0.4305556 0.4166667 0.4305556 0.4166666 0.4583333 0.4166666 0.4305556 0.4166667 0.4583333 0.4166666 0.4583333 0.4166666 0.4583333 0.4166666 0.4583334 0.4166667 0.4583333 0.4166666 0.4583333 0.4166667 0.4583333 0.4166666 0.5367646 0.4166666 0.4583333 0.4166666 0.5367646 0.4166667 0.4583334 0.4166667 0.4583334 0.4166667 0.5416667 0.4166667 0.5416666 0.4166666 0.5416667 0.4166667 0.5416668 0.4166667 0.5416667 0.4166667 0.5416667 0.4166667 0.412037 0.5763888 0.4027777 0.5509259 0.412037 0.5509259 0.4583333 0.5763888 0.4305555 0.5509259 0.4583333 0.5509259 0.4027777 0.5763888 0.375 0.5509259 0.4027777 0.5509259 0.5416666 0.5763888 0.4583333 0.5509259 0.5416666 0.5509259 0.5416666 0.4166666 0.5416666 0.4166666 0.5416667 0.4166667 0.5416665 0.4166666 0.5416667 0.4166667 0.5416666 0.4166666 0.5416665 0.4166666 0.5416667 0.4166667 0.5416668 0.4166667 0.4305555 0.5763888 0.4212962 0.5509259 0.4305555 0.5509259 0.4143518 0.5763888 0.412037 0.5509259 0.4143518 0.5509259 0.4166666 0.5509259 0.4212962 0.5509259 0.4212962 0.5509259 0.4212962 0.5763888 0.4166666 0.5763888 0.4212962 0.5763888 0.4305555 0.5509259 0.4212962 0.5509259 0.4305555 0.5509259 0.412037 0.5509259 0.4143518 0.5509259 0.4143518 0.5509259 0.4305555 0.5763888 0.4212962 0.5763888 0.4305555 0.5763888 0.4143518 0.5763888 0.412037 0.5763888 0.4143518 0.5763888 0.4143518 0.5763888 0.4149279 0.5763888 0.4149279 0.5763888 0.4120371 0.4166667 0.4143519 0.4166667 0.412037 0.4166667 0.4149279 0.4166667 0.4143518 0.4166667 0.4149279 0.4166667 0.4143518 0.5509259 0.4149279 0.5509259 0.4149279 0.5509259 0.4212963 0.4166666 0.4166666 0.4166667 0.4166666 0.4166667 0.5416666 0.4166666 0.5416666 0.4166667 0.5416666 0.4166667 0.5416666 0.4166667 0.5416667 0.4166666 0.5416666 0.4166667 0.4212963 0.4166666 0.4166666 0.4166667 0.4166666 0.4166667 0.4143518 0.4166667 0.4143518 0.4166667 0.4143518 0.4166667 0.5416667 0.4166666 0.5416665 0.4166666 0.5416665 0.4166666 0.4305556 0.4166666 0.4305556 0.4166666 0.4305556 0.4166666 0.4583333 0.4166666 0.4305556 0.4166666 0.4305556 0.4166666 0.4583334 0.4166667 0.4583333 0.4166666 0.4583333 0.4166666 0.5367646 0.4166666 0.4583334 0.4166667 0.4583333 0.4166666 0.4212963 0.4166666 0.4166666 0.4166667 0.4166666 0.4166667 0.5416666 0.4166666 0.5416665 0.4166666 0.5416665 0.4166666 0.5416666 0.4166666 0.5416666 0.4166667 0.5416666 0.4166667 0.5416666 0.4166667 0.5416666 0.4166666 0.5416666 0.4166666 0.5416667 0.4166667 0.5416666 0.4166666 0.5416666 0.4166666 0.4143518 0.5763888 0.4149279 0.5509259 0.4149279 0.5763888 0.4143518 0.5763888 0.412037 0.5763888 0.4143518 0.5763888 0.4305555 0.5763888 0.4212962 0.5763888 0.4305555 0.5763888 0.4212962 0.5763888 0.4166666 0.5763888 0.4212962 0.5763888 0.5416666 0.4166666 0.5416668 0.4166667 0.5416666 0.4166666 0.5416666 0.4166666 0.5416667 0.4166667 0.5416666 0.4166666 0.5416667 0.4166667 0.5416667 0.4166667 0.5416667 0.4166667 0.5416667 0.4166667 0.5416666 0.4166666 0.5416666 0.4166667 0.5416667 0.4166667 0.5416666 0.4166666 0.5416666 0.4166666 0.412037 0.5763888 0.4027777 0.5763888 0.412037 0.5763888 0.4583334 0.5763889 0.4305555 0.5763888 0.4583333 0.5763888 0.4027777 0.5763888 0.375 0.5763888 0.4027777 0.5763888 0.5416666 0.5763888 0.4583333 0.5763888 0.5416666 0.5763888 0.5416667 0.4166667 0.5416666 0.4166666 0.5416666 0.4166666 0.5416665 0.4166666 0.5416666 0.4166666 0.5416665 0.4166666 0.5416666 0.4166666 0.5416665 0.4166666 0.5416666 0.4166666 0.5416667 0.4166667 0.5416667 0.4166667 0.5416666 0.4166666 0.5416666 0.4166667 0.5416667 0.4166667 0.5416667 0.4166667 0.5416666 0.4166666 0.5416666 0.4166666 0.5416667 0.4166667 0.5416666 0.4166666 0.5416667 0.4166667 0.5416666 0.4166666 0.5416667 0.4166667 0.5416667 0.4166667 0.5416667 0.4166667 0.5416665 0.4166666 0.5416667 0.4166667 0.5416666 0.4166666 0.5416666 0.4166666 0.5416666 0.4166666 0.5416666 0.4166666 0.5416666 0.4166666 0.5416667 0.4166667 0.5416666 0.4166666 0.4212963 0.4166666 0.4166666 0.4166667 0.4166666 0.4166667 0.4212963 0.4166666 0.4166666 0.4166667 0.4166666 0.4166667 0.4143518 0.4166667 0.4143518 0.4166667 0.4143518 0.4166667 0.4143518 0.4166667 0.4143518 0.4166667 0.4143518 0.4166667 0.4143518 0.4166667 0.4143518 0.4166667 0.4143518 0.4166667 0.4143518 0.4166667 0.4143518 0.4166667 0.4143518 0.4166667 0.4143518 0.4166667 0.4143518 0.4166667 0.4143518 0.4166667 0.4583334 0.4166667 0.4583333 0.4166668 0.4583334 0.4166667 0.4305556 0.4166666 0.4583333 0.4166668 0.4583333 0.4166667 0.4305556 0.4166667 0.4305556 0.4166666 0.4305556 0.4166666 0.4143518 0.4166667 0.4143518 0.4166667 0.4143518 0.4166667 0.5416666 0.4166666 0.5416666 0.4166666 0.5416667 0.4166667 0.4166666 0.4166667 0.4166666 0.4166667 0.4166666 0.4166667 0.4143518 0.4166667 0.4143518 0.4166667 0.4143518 0.4166667 0.4583334 0.4166667 0.5367646 0.4166667 0.5367646 0.4166667 0.4212962 0.4166666 0.4166666 0.4166666 0.4166666 0.4166667 0.4143518 0.5763888 0.4149279 0.5763888 0.4149279 0.5763888 0.5416666 0.4166666 0.5416666 0.4166667 0.5416666 0.4166667 0.5416666 0.4166666 0.5416666 0.4166666 0.5416666 0.4166666 0.5416666 0.4166666 0.5416666 0.4166666 0.5416666 0.4166666 0.5416666 0.4166666 0.5416666 0.4166666 0.5416666 0.4166666 0.4149279 0.5763889 0.4143518 0.5763888 0.4149279 0.5763888 0.5416666 0.4166666 0.5416666 0.4166666 0.5416666 0.4166666 0.4149279 0.4166667 0.4143518 0.4166667 0.4149279 0.4166667 0.5416666 0.4166667 0.5416666 0.4166666 0.5416666 0.4166666 0.4143519 0.4166667 0.4143519 0.4166667 0.4143519 0.4166667 0.4143518 0.4166667 0.4143518 0.4166667 0.4143518 0.4166667 0.4143518 0.5763888 0.412037 0.5763888 0.4143518 0.5763888 0.4212962 0.5763888 0.4166666 0.5763888 0.4212962 0.5763888 0.4305555 0.5763888 0.4212962 0.5763888 0.4305555 0.5763889 0.5416666 0.4166666 0.5416666 0.4166666 0.5416666 0.4166667 0.412037 0.5763888 0.4027777 0.5763888 0.412037 0.5763888 0.8583334 0.5 0.6416667 0.75 0.6416667 0.5 0.4027777 0.5763888 0.375 0.5763888 0.4027777 0.5763888 0.4583333 0.5763888 0.4305555 0.5763889 0.4583333 0.5763887 0.4027778 0.4166667 0.4027777 0.4166667 0.4027777 0.4166667 0.4143518 0.4166667 0.4143518 0.4166667 0.4143518 0.4166667 0.4166666 0.4166667 0.4155092 0.4166667 0.4155092 0.4166667 0.625 0.75 0.375 1 0.375 0.75 0.625 0.5 0.375 0.75 0.375 0.5 0.625 0.25 0.375 0.5 0.375 0.25 0.4166666 0.4166667 0.4155092 0.4166667 0.4155092 0.4166667 0.4143518 0.4166667 0.4143518 0.4166667 0.4143518 0.4166667 0.4166666 0.4166667 0.4155092 0.4166667 0.4155092 0.4166667 0.4143518 0.4166667 0.4143518 0.4166667 0.4143518 0.4166667 0.4143518 0.4166667 0.4143518 0.4166667 0.4143518 0.4166667 0.4166666 0.4166667 0.4166666 0.4166667 0.4166666 0.4166667 0.4166666 0.4166667 0.4166666 0.4166667 0.4166666 0.4166667 0.4166666 0.4166667 0.4166666 0.4166667 0.4166666 0.4166667 0.4155092 0.4166667 0.4149279 0.4166668 0.4149279 0.4166667 0.625 0.25 0.375 0.5 0.375 0.25 0.625 0.5 0.375 0.75 0.375 0.5 0.625 0.75 0.375 1 0.375 0.75 0.375 0.5 0.125 0.75 0.125 0.5 0.875 0.5 0.625 0.75 0.625 0.5 0.4155092 0.4166667 0.4149279 0.4166667 0.4149279 0.4166667 0.875 0.5 0 0 0.875 0.75 0.4166666 0.4166667 0.4155092 0.4166667 0.4166666 0.4166667 0.625 0.25 0.375 0.5 0.375 0.25 0.4155092 0.4166667 0.4149279 0.4166667 0.4149279 0.4166667 0.4155092 0.4166667 0.4166666 0.4166667 0.4166666 0.4166667 0.4166666 0.5763888 0.4155092 0.5763888 0.4166666 0.5763888 0.4155092 0.5763888 0.4166666 0.5763888 0.4166666 0.5763888 0.4155092 0.5763888 0.4166666 0.5509259 0.4166666 0.5763888 0.4155092 0.5509259 0.4166666 0.5509259 0.4166666 0.5509259 0.4166666 0.4166666 0.4155092 0.4166667 0.4166666 0.4166667 0.4155092 0.5763888 0.4166666 0.5763888 0.4166666 0.5763888 0 0 0.875 0.5 0.4166666 0.4166667 0.875 0.5 0.375 0.25 0.4166666 0.4166667 0.4166666 0.4166667 0.375 0.25 0.4155092 0.4166667 0.375 0.25 0.125 0.75 0.4155092 0.4166667 0.4155092 0.4166667 0.125 0.75 0.4155092 0.4166667 0.125 0.75 0.625 1 0.4155092 0.4166667 0.4155092 0.4166667 0.625 1 0 0 0.625 0.5 0.375 0.75 0.375 0.5 0.625 0.75 0.375 1 0.375 0.75 0.375 0.5 0.125 0.75 0.125 0.5 0.875 0.5 0.625 0.75 0.625 0.5 0.875 0.5 0 0 0.875 0.75 0 0 0.875 0.5 0.4166666 0.4166667 0.875 0.5 0.375 0.25 0.4166666 0.4166667 0.4166666 0.4166667 0.375 0.25 0.4155092 0.4166667 0.375 0.25 0.125 0.75 0.4155092 0.4166667 0.4155092 0.4166667 0.125 0.75 0.4155092 0.4166667 0.125 0.75 0.625 1 0.4155092 0.4166667 0.4155092 0.4166667 0.625 1 0 0 0.4166666 0.4166667 0.4155092 0.4166667 0.4155092 0.4166667 0.4166666 0.4166667 0.4155092 0.4166667 0.4155092 0.4166667 0.4149279 0.4166667 0.4143518 0.4166667 0.4143518 0.4166667 0.4155092 0.4166667 0.4149279 0.4166667 0.4155092 0.4166667 0.4155092 0.4166667 0.4149279 0.4166667 0.4155092 0.4166667 0.4155092 0.4166667 0.4149279 0.4166668 0.4155092 0.4166667 0.4155092 0.4166667 0.4149279 0.4166667 0.4155092 0.4166667 0.4155092 0.5763888 0.4149279 0.5763888 0.4155092 0.5763888 0.4149279 0.5763888 0.4155092 0.5763888 0.4155092 0.5763888 0.4149279 0.5763888 0.4155092 0.5509259 0.4155092 0.5763888 0.4149279 0.5509259 0.4155092 0.5509259 0.4155092 0.5509259 0.4155092 0.4166666 0.4149279 0.4166667 0.4155092 0.4166667 0.4149279 0.5763888 0.4155092 0.5763888 0.4155092 0.5763888 0.375 0.5 0.125 0.75 0.125 0.5 0.875 0.5 0.625 0.75 0.625 0.5 0.875 0.5 0 0 0.875 0.75 0.4166666 0.4166667 0.4155092 0.4166667 0.4166666 0.4166667 0.625 0.25 0.375 0.5 0.375 0.25 0 0 0.875 0.5 0.4166666 0.4166667 0.875 0.5 0.375 0.25 0.4166666 0.4166667 0.4166666 0.4166667 0.375 0.25 0.4155092 0.4166667 0.375 0.25 0.125 0.75 0.4155092 0.4166667 0.4155092 0.4166667 0.125 0.75 0.4155092 0.4166667 0.125 0.75 0.625 1 0.4155092 0.4166667 0.4155092 0.4166667 0.625 1 0 0 0.625 0.5 0.375 0.75 0.375 0.5 0.625 0.75 0.375 1 0.375 0.75 0.375 0.5 0.125 0.75 0.125 0.5 0.875 0.5 0.625 0.75 0.625 0.5 0.875 0.5 0 0 0.875 0.75 0 0 0.875 0.5 0.4166666 0.4166667 0.875 0.5 0.375 0.25 0.4166666 0.4166667 0.4166666 0.4166667 0.375 0.25 0.4155092 0.4166667 0.375 0.25 0.125 0.75 0.4155092 0.4166667 0.4155092 0.4166667 0.125 0.75 0.4155092 0.4166667 0.125 0.75 0.625 1 0.4155092 0.4166667 0.4155092 0.4166667 0.625 1 0 0 0.4143518 0.4166667 0.4143518 0.4166667 0.4143518 0.4166667 0.4143518 0.4166667 0.4143518 0.4166667 0.4143518 0.4166667 0.4143518 0.4166667 0.4143518 0.4166667 0.4143518 0.4166667 0.4027777 0.4166667 0.4027778 0.4166667 0.4027778 0.4166667 0.4155092 0.4166667 0.4149279 0.4166667 0.4149279 0.4166667 0.375 0.4166667 0.375 0.4166667 0.375 0.4166667 0.375 0.4166666 0.375 0.4166667 0.375 0.4166667 0.4143518 0.4166667 0.4143518 0.4166667 0.4143518 0.4166667 0.4143518 0.4166667 0.4143518 0.4166667 0.4143518 0.4166667 0.4027778 0.4166667 0.4027777 0.4166667 0.4027777 0.4166667 0.375 0.4166666 0.375 0.4166667 0.375 0.4166667 0.4143518 0.4166667 0.4143518 0.4166667 0.4143518 0.4166667 0.4027778 0.4166667 0.4027777 0.4166667 0.4027777 0.4166667 0.375 0.4166667 0.375 0.4166667 0.375 0.4166667 0.4027777 0.4166667 0.4027778 0.4166667 0.4027778 0.4166667 0.4143518 0.4166667 0.4143518 0.4166667 0.4143518 0.4166667 0.5416665 0.4166666 0.5416665 0.4166666 0.5416665 0.4166666 0.375 0.4166666 0.375 0.4166667 0.375 0.4166667 0.4143518 0.4166667 0.4143518 0.4166667 0.4143518 0.4166667 0.4027777 0.4166667 0.4027778 0.4166667 0.4027778 0.4166667 0.375 0.4166667 0.375 0.4166667 0.375 0.4166667 0.4143518 0.4166667 0.4143518 0.4166667 0.4143518 0.4166667 0.4027778 0.4166667 0.4027777 0.4166667 0.4027777 0.4166667 0.4143518 0.4166667 0.4143518 0.4166667 0.4143518 0.4166667 0.375 0.4166666 0.375 0.4166667 0.375 0.4166667 0.375 0.4166667 0.375 0.4166667 0.375 0.4166667 0.4027778 0.4166667 0.4027777 0.4166667 0.4027777 0.4166667 0.4027777 0.4166667 0.4027778 0.4166667 0.4027778 0.4166667 0.4143518 0.4166667 0.4143518 0.4166667 0.4143518 0.4166667 0.4143518 0.4166667 0.4143518 0.4166667 0.4143518 0.4166667 0.375 0.4166667 0.375 0.4166667 0.375 0.4166667 0.4143518 0.4166667 0.4143518 0.4166667 0.4143518 0.4166667 0.375 0.4166666 0.375 0.4166667 0.375 0.4166667 0.4027778 0.4166667 0.4027777 0.4166667 0.4027777 0.4166667 0.4027777 0.4166667 0.4027778 0.4166667 0.4027778 0.4166667 0.375 0.4166666 0.375 0.4166667 0.375 0.4166667 0.4027778 0.4166667 0.4027777 0.4166667 0.4027777 0.4166667 0.375 0.4166667 0.375 0.4166667 0.375 0.4166667 0.4027777 0.4166667 0.4027778 0.4166667 0.4027778 0.4166667 0.4143518 0.4166667 0.4143518 0.4166667 0.4143518 0.4166667 0.4143518 0.4166667 0.4143518 0.4166667 0.4143518 0.4166667 0.4027778 0.4166667 0.4027777 0.4166667 0.4027777 0.4166667 0.4027777 0.4166667 0.4027778 0.4166667 0.4027778 0.4166667 0.4143518 0.4166667 0.4143518 0.4166667 0.4143518 0.4166667 0.4143518 0.4166667 0.4143518 0.4166667 0.4143518 0.4166667 0.5029461 0.1363636 0.5113636 0.1279461 0.502946 0.1363636 0.375 0.4166667 0.375 0.4166667 0.375 0.4166667 0.502946 0.1363636 0.5037879 0.1279461 0.5037879 0.1318742 0.375 0.4166666 0.375 0.4166667 0.375 0.4166667 0.4143518 0.4166667 0.4143518 0.4166667 0.4143518 0.4166667 0.4143518 0.4166667 0.4143518 0.4166667 0.4143518 0.4166667 0.375 0.4166667 0.375 0.4166667 0.375 0.4166667 0.4027777 0.4166667 0.4027777 0.4166667 0.4027777 0.4166667 0.4027777 0.4166667 0.4027778 0.4166667 0.4027778 0.4166667 0.5113636 0.1338384 0.502946 0.1363636 0.5037879 0.1318742 0.375 0.4166666 0.375 0.4166667 0.375 0.4166667 0.4027778 0.4166667 0.4027777 0.4166667 0.4027777 0.4166667 0.5014309 0.1388888 0.5138888 0.1264309 0.5113636 0.1279461 0.625 0.25 0.5113636 0.1338384 0 0 0.5088384 0.1363636 0.125 0.5 0 0 0.625 0.25 0 0 0.375 0.25 0.4027777 0.4166667 0.4027778 0.4166667 0.4027778 0.4166667 0.5113636 0.1338384 0.375 1 0.5088384 0.1363636 0.625 0.75 0.875 0.5 0.625 0.5 0.4027778 0.4166667 0.4027777 0.4166667 0.4027777 0.4166667 0.125 0.75 0.375 0.5 0.125 0.5 0.375 0.4166666 0.375 0.4166667 0.375 0.4166667 0.375 1 0.625 0.75 0.375 0.75 0.4143518 0.4166667 0.4143518 0.4166667 0.4143518 0.4166667 0.375 0.4166667 0.375 0.4166668 0.375 0.4166667 0.4143518 0.4166667 0.4143518 0.4166667 0.4143518 0.4166667 0.375 0.5 0.625 0.75 0.625 0.5 0.4155092 0.5763888 0.4149279 0.5763888 0.4155092 0.5763888 0.4166666 0.5763888 0.4155092 0.5763888 0.4166666 0.5763888 0.4583333 0.5763887 0.4305555 0.5763889 0.4305555 0.5763888 0.4027777 0.5763888 0.375 0.5763888 0.4027777 0.5763888 0.5416666 0.5763888 0.4583333 0.5763887 0.4583333 0.5763887 0.412037 0.5763888 0.4027777 0.5763888 0.412037 0.5763888 0.5416666 0.4166666 0.5416666 0.4166666 0.5416666 0.4166666 0.4305555 0.5763889 0.4212962 0.5763888 0.4305555 0.5763888 0.4212962 0.5763888 0.4166666 0.5763888 0.4212962 0.5763888 0.5416666 0.4166667 0.5416666 0.4166666 0.5416666 0.4166667 0.4143518 0.5763888 0.412037 0.5763888 0.4143518 0.5763888 0.5416666 0.4166667 0.5416666 0.4166666 0.5416666 0.4166666 0.5416666 0.4166666 0.5416666 0.4166666 0.5416666 0.4166666 0.4149279 0.5763888 0.4143518 0.5763888 0.4149279 0.5763888 0.5416666 0.4166666 0.5416666 0.4166666 0.5416666 0.4166666 0.5416666 0.4166666 0.5416666 0.4166666 0.5416666 0.4166666 0.375 0.5 0.625 0.25 0.375 0.25 0.5416665 0.4166666 0.5416666 0.4166666 0.5416666 0.4166666 0.4149279 0.5763888 0.4155092 0.5763888 0.4155092 0.5763888 0.4155092 0.5763888 0.4166666 0.5763888 0.4166666 0.5763888 0.4583333 0.5763888 0.4305555 0.5763889 0.4583333 0.5763888 0.375 0.5763888 0.4027778 0.5763888 0.4027778 0.5763888 0.4583333 0.5763888 0.5416666 0.5763888 0.5416666 0.5763888 0.4027778 0.5763888 0.412037 0.5763888 0.412037 0.5763888 0.4212962 0.5763888 0.4305555 0.5763889 0.4305556 0.5763889 0.4166666 0.5763888 0.4212962 0.5763888 0.4212962 0.5763888 0.412037 0.5763888 0.4143518 0.5763888 0.4143518 0.5763888 0.5416666 0.4166666 0.5416666 0.4166666 0.5416666 0.4166666 0.5416666 0.4166666 0.5416666 0.4166666 0.5416666 0.4166666 0.4143518 0.5763888 0.4149279 0.5763888 0.4149279 0.5763888 0.5416666 0.4166666 0.5416666 0.4166666 0.5416666 0.4166666 0.5416666 0.4166666 0.5416666 0.4166666 0.5416666 0.4166666 0.5416666 0.4166666 0.5416665 0.4166666 0.5416666 0.4166666 0.5088384 0.1363636 0.5113636 0.1338384 0.5113636 0.1338384 0.375 0.25 0.3916667 0 0.3916667 0.25 0.625 0.25 0.6083334 0 0.625 0 0.3583333 0.75 0.3916667 0.5 0.3916667 0.75 0.6416667 0.75 0.6083334 0.5 0.6416667 0.5 0.3583334 0.5 0.1416666 0.75 0.1416667 0.5 0.625 0 0.375 0.25 0.375 0 0.375 0.25 0.625 0.5 0.375 0.5 0.625 0.5 0.375 0.75 0.375 0.5 0.375 0.75 0.625 1 0.375 1 0.375 0.5 0.125 0.75 0.125 0.5 0.625 0.5 0.875 0.75 0.625 0.75 0.625 0 0.375 0.25 0.375 0 0.375 0.25 0.625 0.5 0.375 0.5 0.625 0.5 0.375 0.75 0.375 0.5 0.625 0.75 0.375 1 0.375 0.75 0.375 0.5 0.125 0.75 0.125 0.5 0.875 0.5 0.625 0.75 0.625 0.5 0.625 0 0.375 0.25 0.375 0 0.375 0.25 0.625 0.5 0.375 0.5 0.625 0.5 0.375 0.75 0.375 0.5 0.375 0.75 0.625 1 0.375 1 0.375 0.5 0.125 0.75 0.125 0.5 0.625 0.5 0.875 0.75 0.625 0.75 0.625 0 0.375 0.25 0.375 0 0.375 0.25 0.625 0.5 0.375 0.5 0.625 0.5 0.375 0.75 0.375 0.5 0.625 0.75 0.375 1 0.375 0.75 0.375 0.5 0.125 0.75 0.125 0.5 0.875 0.5 0.625 0.75 0.625 0.5 0.375 0 0.375 0.25 0.3916667 0 0.3583333 0.75 0.625 0.5 0.375 0.5 0.375 0.25 0.625 0 0.6083334 0 0.3916667 0 0.375 0.25 0.6083334 0 0 0 0 0 0 0 0.625 0.25 0.6416667 0.75 0.625 0 0 0 0 0 0 0 0 0 0 0 0 0 0 0 0.3916667 0.75 0 0 0 0 0 0 0 0 0.375 0.5 0.375 0 0.3583333 0.75 0 0 0 0 0 0 1 1 0.875 0.5 1 0.5 0.875 1 0.75 0.5 0.875 0.5 0.75 1 0.625 0.5 0.75 0.5 0.625 1 0.5 0.5 0.625 0.5 0.5 1 0.375 0.5 0.5 0.5 0.375 1 0.25 0.5 0.375 0.5 0.4197056 0.08029437 0.49 0.25 0.00999999 0.25 0.25 1 0.125 0.5 0.25 0.5 0.125 1 0 0.5 0.125 0.5 0.5802944 0.4197056 0.5802944 0.08029437 0.9197056 0.08029437 1 1 0.875 0.5 1 0.5 0.875 1 0.75 0.5 0.875 0.5 0.75 1 0.625 0.5 0.75 0.5 0.625 0.5 0.5 1 0.5 0.5 0.5 0.5 0.375 1 0.375 0.5 0.375 1 0.25 0.5 0.375 0.5 0.49 0.25 0.25 0.49 0.00999999 0.25 0.25 1 0.125 0.5 0.25 0.5 0.125 1 0 0.5 0.125 0.5 0.51 0.25 0.5802944 0.4197056 0.9197056 0.08029437 1 1 0.875 0.5 1 0.5 0.875 1 0.75 0.5 0.875 0.5 0.75 1 0.625 0.5 0.75 0.5 0.625 1 0.5 0.5 0.625 0.5 0.5 1 0.375 0.5 0.5 0.5 0.375 1 0.25 0.5 0.375 0.5 0.4197056 0.08029437 0.49 0.25 0.00999999 0.25 0.25 1 0.125 0.5 0.25 0.5 0.125 1 0 0.5 0.125 0.5 0.5802944 0.4197056 0.5802944 0.08029437 0.9197056 0.08029437 1 1 0.875 0.5 1 0.5 0.875 1 0.75 0.5 0.875 0.5 0.75 1 0.625 0.5 0.75 0.5 0.625 0.5 0.5 1 0.5 0.5 0.5 0.5 0.375 1 0.375 0.5 0.375 1 0.25 0.5 0.375 0.5 0.49 0.25 0.25 0.49 0.00999999 0.25 0.25 1 0.125 0.5 0.25 0.5 0.125 1 0 0.5 0.125 0.5 0.51 0.25 0.5802944 0.4197056 0.9197056 0.08029437 0.125 0.5 0.625 0.5 0.375 0.5 0 0.5 0.875 0.5 0.625 0.5 0.875 0.5 0 0 0.625 0.5 0.875 0.5 0 0 0 0 0 0 0 0 0 0 0.625 0.5 0 0 0 0 0 0 0 0 0 0 0.625 0.5 0 0 0 0 0 0 0 0 0 0 0 0 0.5 0.5 0.375 0.5 0.375 0.5 0 0 0 0 0 0 0.375 0.5 0 0 0 0 0 0 0 0 0 0 0.125 0.5 0 0 0.125 0.5 0 0 0 0 0 0 0 0 0 0 0 0 0 0 0 0 0 0 0 0 0 0 0 0 0 0 0 0 0 0 0 0 0 0 0 0 0 0 0 0 0 0 0 0 0 0 0 0 0 0 0 0 0 0 0 0 0 0 0 0 0.75 0.49 0 0 0.51 0.25 0 0 0 0 0.99 0.25 0 0 0 0 0 0 0.625 0.5 0.5 0.5 0.75 0.49 0.5 0.5 0 0 0 0 0.6083334 0.25 0.625 0.25 0.625 0.25 0.5769231 0.8333333 0 0 0.6416667 0.5 0.6083334 0.5 0.5769231 0.8333333 0.5769231 0.8333333 0.3916667 0.5 0.375 0.6388888 0.3916667 0.5 0.3583334 0.5 0.375 0.6388888 0.3583334 0.5 0.4134616 0.9166666 0.375 0.6388888 0.1416667 0.5 0.3916667 0.25 0.4134616 0.9166666 0.3916667 0.25 0 0 0.4134616 0.9166666 0.6083334 0.5 0.3916667 0.75 0.3916667 0.5 0.6083334 0 0.3916667 0.25 0.3916667 0 0.8583334 0.5 0.6416667 0.75 0.6416667 0.5 0.375 0 0.3916667 0.25 0.375 0.25 0.625 0 0.6083334 0.25 0.6083334 0 0.3583333 0.75 0.3916667 0.5 0.3916667 0.75 0.6416667 0.75 0.6083334 0.5 0.6416667 0.5 0.3583334 0.5 0.1416666 0.75 0.1416667 0.5 0.625 0 0.375 0.25 0.375 0 0.375 0.25 0.625 0.5 0.375 0.5 0.625 0.5 0.375 0.75 0.375 0.5 0.375 0.75 0.625 1 0.375 1 0.375 0.5 0.125 0.75 0.125 0.5 0.625 0.5 0.875 0.75 0.625 0.75 0.625 0 0.375 0.25 0.375 0 0.375 0.25 0.625 0.5 0.375 0.5 0.625 0.5 0.375 0.75 0.375 0.5 0.625 0.75 0.375 1 0.375 0.75 0.375 0.5 0.125 0.75 0.125 0.5 0.875 0.5 0.625 0.75 0.625 0.5 0.625 0 0.375 0.25 0.375 0 0.375 0.25 0.625 0.5 0.375 0.5 0.625 0.5 0.375 0.75 0.375 0.5 0.375 0.75 0.625 1 0.375 1 0.375 0.5 0.125 0.75 0.125 0.5 0.625 0.5 0.875 0.75 0.625 0.75 0.625 0 0.375 0.25 0.375 0 0.375 0.25 0.625 0.5 0.375 0.5 0.625 0.5 0.375 0.75 0.375 0.5 0.625 0.75 0.375 1 0.375 0.75 0.375 0.5 0.125 0.75 0.125 0.5 0.875 0.5 0.625 0.75 0.625 0.5 0.375 0 0.375 0.25 0.3916667 0 0.3583333 0.75 0.625 0.5 0.375 0.5 0.375 0.25 0.625 0 0.6083334 0 0.3916667 0 0.375 0.25 0.6083334 0 0 0 0 0 0 0 0.625 0.25 0.6416667 0.75 0.625 0 0 0 0 0 0 0 0 0 0 0 0 0 0 0 0.3916667 0.75 0 0 0 0 0 0 0 0 0.3583333 0.75 0.375 0.5 0.375 0 0 0 0 0 0 0 1 1 0.875 0.5 1 0.5 0.875 1 0.75 0.5 0.875 0.5 0.75 1 0.625 0.5 0.75 0.5 0.625 1 0.5 0.5 0.625 0.5 0.5 1 0.375 0.5 0.5 0.5 0.375 1 0.25 0.5 0.375 0.5 0.49 0.25 0.25 0.49 0.00999999 0.25 0.25 1 0.125 0.5 0.25 0.5 0.125 1 0 0.5 0.125 0.5 0.5802944 0.4197056 0.5802944 0.08029437 0.9197056 0.08029437 1 1 0.875 0.5 1 0.5 0.875 1 0.75 0.5 0.875 0.5 0.75 1 0.625 0.5 0.75 0.5 0.625 0.5 0.5 1 0.5 0.5 0.5 0.5 0.375 1 0.375 0.5 0.375 1 0.25 0.5 0.375 0.5 0.4197056 0.08029437 0.49 0.25 0.00999999 0.25 0.25 1 0.125 0.5 0.25 0.5 0.125 1 0 0.5 0.125 0.5 0.5802944 0.4197056 0.9197056 0.4197056 0.9197056 0.08029437 1 1 0.875 0.5 1 0.5 0.875 1 0.75 0.5 0.875 0.5 0.75 1 0.625 0.5 0.75 0.5 0.625 1 0.5 0.5 0.625 0.5 0.5 1 0.375 0.5 0.5 0.5 0.375 1 0.25 0.5 0.375 0.5 0.4197056 0.08029437 0.49 0.25 0.00999999 0.25 0.25 1 0.125 0.5 0.25 0.5 0.125 1 0 0.5 0.125 0.5 0.5802944 0.4197056 0.5802944 0.08029437 0.9197056 0.08029437 1 1 0.875 0.5 1 0.5 0.875 1 0.75 0.5 0.875 0.5 0.75 1 0.625 0.5 0.75 0.5 0.625 0.5 0.5 1 0.5 0.5 0.5 0.5 0.375 1 0.375 0.5 0.375 1 0.25 0.5 0.375 0.5 0.4197056 0.08029437 0.49 0.25 0.00999999 0.25 0.25 1 0.125 0.5 0.25 0.5 0.125 1 0 0.5 0.125 0.5 0.5802944 0.4197056 0.9197056 0.4197056 0.9197056 0.08029437 0.125 0.5 0.625 0.5 0.375 0.5 0 0.5 0.875 0.5 0.625 0.5 0.875 0.5 0 0 0.625 0.5 0.875 0.5 0 0 0 0 0 0 0 0 0 0 0.625 0.5 0 0 0 0 0 0 0 0 0 0 0.625 0.5 0 0 0 0 0 0 0 0 0 0 0 0 0.5 0.5 0.375 0.5 0 0 0 0 0 0 0 0 0.375 0.5 0 0 0 0 0 0 0 0 0 0 0.125 0.5 0 0 0.125 0.5 0 0 0 0 0 0 0 0 0 0 0 0 0 0 0 0 0 0 0 0 0 0 0 0 0 0 0 0 0 0 0 0 0 0 0 0 0 0 0 0 0 0 0 0 0 0 0 0 0 0 0 0 0 0 0 0 0 0 0 0 0.75 0.49 0 0 0.51 0.25 0 0 0 0 0.99 0.25 0 0 0 0 0 0 0.625 0.5 0.5 0.5 0.75 0.49 0.5 0.5 0 0 0 0 0.6083334 0.25 0.625 0.25 0.625 0.25 0.5769231 0.8333333 0 0 0.6416667 0.5 0.6083334 0.5 0.5769231 0.8333333 0.5769231 0.8333333 0.3916667 0.5 0.375 0.6388888 0.3916667 0.5 0.3583334 0.5 0.375 0.6388888 0.3583334 0.5 0.4134616 0.9166666 0.375 0.6388888 0.1416667 0.5 0.3916667 0.25 0.4134616 0.9166666 0.3916667 0.25 0 0 0.4134616 0.9166666 0.6083334 0.5 0.3916667 0.75 0.3916667 0.5 0.6083334 0 0.3916667 0.25 0.3916667 0 0.8583334 0.5 0.6416667 0.75 0.6416667 0.5 0.375 0 0.3916667 0.25 0.375 0.25 0.625 0 0.6083334 0.25 0.6083334 0 0.3583333 0.75 0.3916667 0.5 0.3916667 0.75 0.6416667 0.75 0.6083334 0.5 0.6416667 0.5 0.3583334 0.5 0.1416666 0.75 0.1416667 0.5 0.625 0 0.375 0.25 0.375 0 0.375 0.25 0.625 0.5 0.375 0.5 0.625 0.5 0.375 0.75 0.375 0.5 0.375 0.75 0.625 1 0.375 1 0.375 0.5 0.125 0.75 0.125 0.5 0.625 0.5 0.875 0.75 0.625 0.75 0.375 0 0.625 0.25 0.375 0.25 0.375 0.25 0.625 0.5 0.375 0.5 0.625 0.5 0.375 0.75 0.375 0.5 0.625 0.75 0.375 1 0.375 0.75 0.375 0.5 0.125 0.75 0.125 0.5 0.875 0.5 0.625 0.75 0.625 0.5 0.625 0 0.375 0.25 0.375 0 0.375 0.25 0.625 0.5 0.375 0.5 0.625 0.5 0.375 0.75 0.375 0.5 0.375 0.75 0.625 1 0.375 1 0.375 0.5 0.125 0.75 0.125 0.5 0.625 0.5 0.875 0.75 0.625 0.75 0.375 0 0.625 0.25 0.375 0.25 0.375 0.25 0.625 0.5 0.375 0.5 0.625 0.5 0.375 0.75 0.375 0.5 0.625 0.75 0.375 1 0.375 0.75 0.375 0.5 0.125 0.75 0.125 0.5 0.875 0.5 0.625 0.75 0.625 0.5 0.375 0 0.375 0.25 0.3916667 0 0.3583333 0.75 0.625 0.5 0.375 0.5 0.375 0.25 0.625 0 0.6083334 0 0.3916667 0 0.375 0.25 0.6083334 0 0 0 0 0 0 0 0.625 0.25 0.6416667 0.75 0.625 0 0 0 0 0 0 0 0 0 0 0 0 0 0 0 0.3916667 0.75 0 0 0 0 0 0 0 0 0.3583333 0.75 0.375 0.5 0.375 0 0 0 0 0 0 0 1 1 0.875 0.5 1 0.5 0.875 1 0.75 0.5 0.875 0.5 0.75 1 0.625 0.5 0.75 0.5 0.625 1 0.5 0.5 0.625 0.5 0.5 0.5 0.375 1 0.375 0.5 0.375 0.5 0.25 1 0.25 0.5 0.49 0.25 0.25 0.49 0.00999999 0.25 0.25 1 0.125 0.5 0.25 0.5 0.125 1 0 0.5 0.125 0.5 0.5802944 0.08029437 0.9197056 0.08029437 0.9197056 0.4197056 1 1 0.875 0.5 1 0.5 0.875 1 0.75 0.5 0.875 0.5 0.75 1 0.625 0.5 0.75 0.5 0.625 0.5 0.5 1 0.5 0.5 0.5 0.5 0.375 1 0.375 0.5 0.375 1 0.25 0.5 0.375 0.5 0.4197056 0.08029437 0.49 0.25 0.00999999 0.25 0.25 1 0.125 0.5 0.25 0.5 0.125 1 0 0.5 0.125 0.5 0.51 0.25 0.5802944 0.4197056 0.9197056 0.08029437 1 1 0.875 0.5 1 0.5 0.875 1 0.75 0.5 0.875 0.5 0.75 1 0.625 0.5 0.75 0.5 0.625 1 0.5 0.5 0.625 0.5 0.5 0.5 0.375 1 0.375 0.5 0.375 0.5 0.25 1 0.25 0.5 0.49 0.25 0.25 0.49 0.00999999 0.25 0.25 1 0.125 0.5 0.25 0.5 0.125 1 0 0.5 0.125 0.5 0.5802944 0.08029437 0.9197056 0.08029437 0.9197056 0.4197056 1 1 0.875 0.5 1 0.5 0.875 1 0.75 0.5 0.875 0.5 0.75 1 0.625 0.5 0.75 0.5 0.625 0.5 0.5 1 0.5 0.5 0.5 0.5 0.375 1 0.375 0.5 0.375 1 0.25 0.5 0.375 0.5 0.4197056 0.08029437 0.49 0.25 0.00999999 0.25 0.25 1 0.125 0.5 0.25 0.5 0.125 1 0 0.5 0.125 0.5 0.51 0.25 0.5802944 0.4197056 0.9197056 0.08029437 0.125 0.5 0.625 0.5 0.375 0.5 0 0.5 0.875 0.5 0.625 0.5 0.875 0.5 0 0 0.625 0.5 0.875 0.5 0 0 0 0 0 0 0 0 0 0 0.625 0.5 0 0 0 0 0 0 0 0 0 0 0.625 0.5 0 0 0 0 0 0 0 0 0 0 0 0 0.5 0.5 0.375 0.5 0 0 0 0 0 0 0 0 0.375 0.5 0 0 0 0 0 0 0 0 0 0 0.125 0.5 0 0 0.125 0.5 0 0 0 0 0 0 0 0 0 0 0 0 0 0 0 0 0 0 0 0 0 0 0 0 0 0 0 0 0 0 0 0 0 0 0 0 0 0 0 0 0 0 0 0 0 0 0 0 0 0 0 0 0 0 0 0 0 0 0 0 0.75 0.49 0 0 0.51 0.25 0 0 0 0 0.99 0.25 0 0 0 0 0 0 0.625 0.5 0.5 0.5 0.75 0.49 0.5 0.5 0 0 0 0 0.6083334 0.25 0.625 0.25 0.625 0.25 0.5769231 0.8333333 0 0 0.6416667 0.5 0.6083334 0.5 0.5769231 0.8333333 0.5769231 0.8333333 0.3916667 0.5 0.375 0.6388888 0.3916667 0.5 0.3583334 0.5 0.375 0.6388888 0.3583334 0.5 0.4134616 0.9166666 0.375 0.6388888 0.1416667 0.5 0.3916667 0.25 0.4134616 0.9166666 0.3916667 0.25 0 0 0.4134616 0.9166666 0.5113636 0.1338384 0.502946 0.1363636 0.5037879 0.1318742 0.625 0.25 0.5113636 0.1338384 0 0 0.5088384 0.1363636 0.125 0.5 0 0 0.625 0.25 0 0 0.375 0.25 0.5113636 0.1338384 0.375 1 0.5088384 0.1363636 0.625 0.75 0.875 0.5 0.625 0.5 0.125 0.75 0.375 0.5 0.125 0.5 0.375 1 0.625 0.75 0.375 0.75 0.375 0.5 0.625 0.75 0.625 0.5 0.375 0.5 0.625 0.25 0.375 0.25 0.5088384 0.1363636 0.5113636 0.1338384 0.5113636 0.1338384 0.502946 0.1363636 0.5037879 0.1279461 0.5037879 0.1318742 0.5014309 0.1388888 0.5138888 0.1264309 0.5113636 0.1279461 0.5029461 0.1363636 0.5113636 0.1279461 0.502946 0.1363636 0.5008417 0.1388888 0.5138888 0.1258417 0.5113636 0.1279461 0.5037879 0.1279461 0.5037879 0.1279461 0.5037879 0.1279461 0.5113636 0.1338384 0.502946 0.1363636 0.5037879 0.1318742 0.502946 0.1363636 0.5037879 0.1279461 0.5037879 0.1318742 0.625 0.25 0.5113636 0.1338384 0 0 0.5088384 0.1363636 0.125 0.5 0 0 0.625 0.25 0 0 0.375 0.25 0.5113636 0.1338384 0.375 1 0.5088384 0.1363636 0.625 0.75 0.875 0.5 0.625 0.5 0.125 0.75 0.375 0.5 0.125 0.5 0.375 1 0.625 0.75 0.375 0.75 0.375 0.5 0.625 0.75 0.625 0.5 0.375 0.5 0.625 0.25 0.375 0.25 0.5088384 0.1363636 0.5113636 0.1338384 0.5113636 0.1338384 0.5416666 0.4166666 0.5416666 0.4166666 0.5416666 0.4166666 0.5416666 0.4166666 0.5416666 0.4166666 0.5416666 0.4166666 0.5416666 0.4166666 0.5416666 0.4166666 0.5416666 0.4166666 0.5416666 0.4166666 0.5416666 0.4166666 0.5416666 0.4166666 0.5416666 0.4166666 0.5416666 0.4166666 0.5416666 0.4166666 0.5416666 0.4166666 0.5416666 0.4166667 0.5416666 0.4166666 0.5416666 0.4166666 0.5416666 0.4166666 0.5416666 0.4166666 0.5416666 0.4166666 0.5416666 0.4166666 0.5416666 0.4166666 0.5416666 0.4166666 0.5416666 0.4166666 0.5416666 0.4166666 0.5416666 0.4166666 0.5416666 0.4166666 0.5416666 0.4166666 0.5416666 0.4166666 0.5416666 0.4166666 0.5416666 0.4166666 0.5416666 0.4166666 0.5416666 0.4166666 0.5416666 0.4166666 0.5416667 0.4166667 0.5416666 0.4166666 0.5416666 0.4166666 0.5416666 0.4166666 0.5416666 0.4166666 0.5416666 0.4166666 0.5416666 0.4166666 0.5416666 0.4166666 0.5416666 0.4166666 0.5416666 0.4166666 0.5416666 0.4166666 0.5416666 0.4166666 0.5416666 0.4166666 0.5416666 0.4166666 0.5416666 0.4166666 0.5416665 0.4166666 0.5416666 0.4166666 0.5416666 0.4166666 0.5416666 0.4166666 0.5416666 0.4166667 0.5416666 0.4166666 0.5416666 0.4166666 0.5416665 0.4166666 0.5416666 0.4166666 0.5416666 0.4166666 0.5416666 0.4166667 0.5416666 0.4166666 0.5416666 0.4166666 0.5416666 0.4166666 0.5416666 0.4166666 0.5416666 0.4166666 0.5416666 0.4166666 0.5416666 0.4166666 0.5416666 0.4166666 0.5416666 0.4166666 0.5416666 0.4166666 0.5416666 0.4166666 0.5416666 0.4166666 0.5416666 0.4166666 0.5416666 0.4166666 0.5416667 0.4166667 0.5416666 0.4166666 0.5416666 0.4166666 0.5416666 0.4166667 0.5416666 0.4166666 0.5416666 0.4166666 0.5416666 0.4166666 0.5416666 0.4166666 0.5416666 0.4166666 0.5416666 0.4166666 0.5416666 0.4166666 0.5416666 0.4166666 0.5416666 0.4166666 0.5416666 0.4166666 0.5416665 0.4166666 0.5416666 0.4166666 0.5416666 0.4166666 0.5416666 0.4166666 0.5416665 0.4166666 0.5416666 0.4166666 0.5416666 0.4166666 0.5416666 0.4166666 0.5416666 0.4166667 0.5416666 0.4166666 0.5416667 0.4166666 0.5416666 0.4166666 0.5416666 0.4166666 0.5416666 0.4166666 0.5416666 0.4166666 0.5416666 0.4166666 0.5416666 0.4166666 0.5416666 0.4166666 0.5416666 0.4166666 0.5416666 0.4166666 0.5416666 0.4166666 0.5416666 0.4166666 0.5416666 0.4166666 0.5416666 0.4166666 0.5416666 0.4166666 0.5416667 0.4166667 0.5416666 0.4166666 0.5416666 0.4166666 0.5416666 0.4166666 0.5416666 0.4166667 0.5416666 0.4166666 0.5416666 0.4166666 0.5416666 0.4166666 0.5416666 0.4166666 0.5416666 0.4166666 0.5416666 0.4166666 0.5416666 0.4166666 0.5416666 0.4166666 0.5416666 0.4166666 0.5416665 0.4166666 0.5416666 0.4166666 0.5416665 0.4166666 0.5416666 0.4166666 0.5416666 0.4166666 0.5416666 0.4166666 0.5416666 0.4166666 0.5416666 0.4166667 0.5416665 0.4166666 0.5416666 0.4166667 0.5416666 0.4166666 0.5416666 0.4166666 0.5416666 0.4166666 0.5416666 0.4166666 0.5416666 0.4166666 0.5416666 0.4166666 0.5416666 0.4166666 0.5416666 0.4166666 0.5416666 0.4166666 0.5416666 0.4166666 0.5416666 0.4166666 0.5416666 0.4166666 0.5416666 0.4166666 0.5416666 0.4166666 0.5416667 0.4166667 0.5416666 0.4166666 0.5416666 0.4166666 0.5416666 0.4166666 0.5416666 0.4166666 0.5416666 0.4166666 0.5416666 0.4166666 0.5416666 0.4166666 0.5416666 0.4166666 0.5416666 0.4166666 0.5416666 0.4166666 0.5416666 0.4166666 0.5416666 0.4166666 0.5416666 0.4166666 0.5416666 0.4166666 0.5416665 0.4166666 0.5416666 0.4166666 0.5416665 0.4166666 0.5416666 0.4166666 0.5416666 0.4166666 0.5416666 0.4166666 0.5416666 0.4166667 0.5416666 0.4166666 0.5416666 0.4166666 0.5416666 0.4166666 0.5416665 0.4166666 0.5416666 0.4166666 0.5416666 0.4166666 0.5416666 0.4166666 0.5416666 0.4166666 0.5416666 0.4166666 0.5416666 0.4166666 0.5416666 0.4166666 0.5416666 0.4166666 0.5416666 0.4166667 0.5416666 0.4166666 0.5416666 0.4166667 0.5416665 0.4166666 0.5416666 0.4166666 0.5416667 0.4166666 0.5416666 0.4166666 0.5416666 0.4166666 0.5416666 0.4166667 0.5416666 0.4166666 0.5416665 0.4166666 0.5416666 0.4166666 0.5416665 0.4166666 0.5416666 0.4166666 0.5416666 0.4166667 0.5416666 0.4166666 0.5416665 0.4166666 0.5416666 0.4166666 0.5416665 0.4166666 0.5416666 0.4166666 0.5416666 0.4166666 0.5416666 0.4166666 0.5416666 0.4166666 0.5416666 0.4166666 0.5416666 0.4166667 0.5416666 0.4166666 0.5416666 0.4166666 0.5416665 0.4166666 0.5416666 0.4166666 0.5416666 0.4166666 0.5416666 0.4166667 0.5416666 0.4166666 0.5416666 0.4166666 0.5416666 0.4166666 0.5416666 0.4166667 0.5416666 0.4166666 0.5416666 0.4166666 0.5416666 0.4166666 0.5416666 0.4166666 0.5416666 0.4166666 0.5416666 0.4166666 0.4143518 0.4166667 0.4143518 0.4166667 0.4143518 0.4166667 0.4027777 0.4166667 0.4027778 0.4166667 0.4027778 0.4166667 0.4027778 0.4166667 0.4027777 0.4166667 0.4027777 0.4166667 0.375 0.4166667 0.375 0.4166667 0.375 0.4166667 0.375 0.4166666 0.375 0.4166667 0.375 0.4166667 0.4143518 0.4166667 0.4143518 0.4166667 0.4143518 0.4166667 0.4149279 0.5763888 0.4155092 0.5763888 0.4155092 0.5763888 0.4155092 0.5763888 0.4166666 0.5763888 0.4166666 0.5763888 0.4583333 0.5763888 0.4305555 0.5763888 0.4583333 0.5763888 0.375 0.5763888 0.4027778 0.5763888 0.4027777 0.5763888 0.5416666 0.5763888 0.4583333 0.5763888 0.5416666 0.5763888 0.4027777 0.5763888 0.412037 0.5763888 0.412037 0.5763888 0.4212962 0.5763888 0.4305555 0.5763888 0.4305555 0.5763888 0.4166666 0.5763888 0.4212962 0.5763888 0.4212962 0.5763888 0.5416666 0.4166666 0.5416666 0.4166666 0.5416666 0.4166667 0.412037 0.5763888 0.4143518 0.5763888 0.4143518 0.5763888 0.5416666 0.4166666 0.5416667 0.4166667 0.5416666 0.4166666 0.5416666 0.4166666 0.5416666 0.4166666 0.5416666 0.4166666 0.4143518 0.5763888 0.4149279 0.5763888 0.4149279 0.5763888 0.5416666 0.4166666 0.5416666 0.4166666 0.5416666 0.4166666 0.5416666 0.4166666 0.5416666 0.4166666 0.5416666 0.4166666 0.5416666 0.4166666 0.5416666 0.4166666 0.5416666 0.4166666 0.4155092 0.5763888 0.4149279 0.5763888 0.4155092 0.5763888 0.4166666 0.5763888 0.4155092 0.5763888 0.4166666 0.5763888 0.4583333 0.5763888 0.4305555 0.5763888 0.4583333 0.5763888 0.4027777 0.5763888 0.375 0.5763888 0.375 0.5763888 0.5416666 0.5763888 0.4583333 0.5763888 0.4583333 0.5763888 0.412037 0.5763888 0.4027777 0.5763888 0.412037 0.5763888 0.4305555 0.5763888 0.4212962 0.5763888 0.4305555 0.5763888 0.4212962 0.5763888 0.4166666 0.5763888 0.4212962 0.5763888 0.5416666 0.4166666 0.5416666 0.4166666 0.5416666 0.4166666 0.4143518 0.5763888 0.412037 0.5763888 0.4143518 0.5763888 0.5416667 0.4166667 0.5416666 0.4166666 0.5416666 0.4166666 0.5416666 0.4166666 0.5416666 0.4166666 0.5416666 0.4166666 0.4149279 0.5763888 0.4143518 0.5763888 0.4149279 0.5763888 0.5416666 0.4166666 0.5416666 0.4166666 0.5416666 0.4166666 0.5416666 0.4166666 0.5416666 0.4166666 0.5416666 0.4166666 0.5416666 0.4166666 0.5416666 0.4166666 0.5416666 0.4166666 0.5416666 0.4166666 0.5416666 0.4166666 0.5416666 0.4166666 0.5416666 0.4166666 0.5416665 0.4166666 0.5416666 0.4166666 0.5416666 0.4166666 0.5416666 0.4166666 0.5416666 0.4166666 0.5416666 0.4166667 0.5416666 0.4166666 0.5416665 0.4166666 0.5416666 0.4166667 0.5416665 0.4166666 0.5416666 0.4166667 0.5416666 0.4166666 0.5416666 0.4166666 0.5416666 0.4166666 0.5416666 0.4166667 0.5416666 0.4166666 0.5416666 0.4166666 0.5416666 0.4166666 0.5416666 0.4166666 0.5416666 0.4166666 0.4143518 0.5763888 0.4149279 0.5763888 0.4149279 0.5763888 0.5416666 0.4166666 0.5416666 0.4166666 0.5416666 0.4166666 0.5416666 0.4166666 0.5416666 0.4166666 0.5416666 0.4166666 0.412037 0.5763888 0.4143518 0.5763888 0.4143518 0.5763888 0.5416666 0.4166666 0.5416666 0.4166666 0.5416666 0.4166666 0.4166666 0.5763888 0.4212962 0.5763888 0.4212962 0.5763888 0.4212962 0.5763888 0.4305556 0.5763889 0.4305555 0.5763888 0.5416666 0.4166666 0.5416666 0.4166666 0.5416666 0.4166666 0.4027777 0.5763888 0.412037 0.5763888 0.412037 0.5763888 0.5416666 0.5763888 0.4583333 0.5763888 0.5416666 0.5763888 0.375 0.5763888 0.4027778 0.5763888 0.4027777 0.5763888 0.4583333 0.5763888 0.4305556 0.5763889 0.4583333 0.5763888 0.4155092 0.5763888 0.4166666 0.5763888 0.4166666 0.5763888 0.4149279 0.5763888 0.4155092 0.5763888 0.4155092 0.5763888 0.4149279 0.5763888 0.4143518 0.5763888 0.4149279 0.5763888 0.5416666 0.4166666 0.5416666 0.4166666 0.5416666 0.4166666 0.5416666 0.4166666 0.5416666 0.4166666 0.5416666 0.4166666 0.4143518 0.5763888 0.412037 0.5763888 0.4143518 0.5763888 0.5416666 0.4166666 0.5416666 0.4166666 0.5416666 0.4166666 0.4212962 0.5763888 0.4166666 0.5763888 0.4212962 0.5763888 0.4305555 0.5763888 0.4212962 0.5763888 0.4305555 0.5763888 0.412037 0.5763888 0.4027777 0.5763888 0.412037 0.5763888 0.5416666 0.5763888 0.4583333 0.5763887 0.4583333 0.5763888 0.4027777 0.5763888 0.375 0.5763888 0.4027777 0.5763888 0.4583333 0.5763888 0.4305555 0.5763888 0.4305555 0.5763888 0.4166666 0.5763888 0.4155092 0.5763888 0.4166666 0.5763888 0.4155092 0.5763888 0.4149279 0.5763888 0.4155092 0.5763888 0.4027778 0.4166667 0.4027777 0.4166667 0.4027778 0.4166667 0.4027777 0.4166667 0.4027778 0.4166667 0.4027777 0.4166667 0.375 0.4166666 0.375 0.4166667 0.375 0.4166667 0.4143518 0.4166667 0.4143518 0.4166667 0.4143518 0.4166667 0.375 0.4166667 0.375 0.4166667 0.375 0.4166668 0.4143518 0.4166667 0.4143518 0.4166667 0.4143518 0.4166667 0.5416666 0.4166666 0.5416666 0.4166667 0.5416666 0.4166666 0.5416666 0.4166666 0.5416666 0.4166666 0.5416666 0.4166666 0.5416666 0.4166667 0.5416666 0.4166666 0.5416666 0.4166666 0.5416665 0.4166666 0.5416666 0.4166666 0.5416666 0.4166666 0.5416666 0.4166667 0.5416666 0.4166666 0.5416666 0.4166666 0.5416666 0.4166666 0.5416666 0.4166666 0.5416666 0.4166666 0.5416666 0.4166666 0.5416666 0.4166667 0.5416666 0.4166666 0.5416666 0.4166666 0.5416666 0.4166666 0.5416666 0.4166666 0.5416665 0.4166666 0.5416666 0.4166666 0.5416665 0.4166666 0.5416666 0.4166666 0.5416666 0.4166666 0.5416666 0.4166666 0.5416666 0.4166666 0.5416666 0.4166666 0.5416665 0.4166666 0.5416666 0.4166666 0.5416666 0.4166666 0.5416666 0.4166666 0.5416666 0.4166666 0.5416665 0.4166666 0.5416666 0.4166666 0.5416666 0.4166666 0.5416666 0.4166666 0.5416666 0.4166666 0.5416667 0.4166666 0.5416666 0.4166666 0.5416666 0.4166666 0.5416666 0.4166666 0.5416666 0.4166666 0.5416666 0.4166666 0.5416666 0.4166667 0.5416666 0.4166666 0.5416666 0.4166666 0.5416666 0.4166667 0.5416666 0.4166666 0.5416666 0.4166666 0.5416666 0.4166666 0.5416666 0.4166667 0.5416665 0.4166666 0.5416666 0.4166667 0.5416666 0.4166666 0.5416666 0.4166666 0.5416666 0.4166666 0.5416666 0.4166666 0.5416666 0.4166666 0.5416666 0.4166666 0.5416666 0.4166666 0.5416666 0.4166666 0.5416666 0.4166666 0.5416666 0.4166666 0.5416666 0.4166666 0.5416666 0.4166666 0.5416666 0.4166666 0.5416666 0.4166666 0.5416666 0.4166666 0.5416666 0.4166667 0.5416666 0.4166666 0.5416666 0.4166667 0.5416666 0.4166666 0.5416666 0.4166666 0.5416666 0.4166666 0.5416666 0.4166667 0.5416665 0.4166666 0.375 0.4166667 0.375 0.4166667 0.375 0.4166667 0.5416666 0.4166666 0.5416666 0.4166666 0.5416666 0.4166666 0.5416666 0.4166666 0.5416666 0.4166666 0.5416666 0.4166666 0.5416666 0.4166666 0.5416666 0.4166666 0.5416666 0.4166666 0.5416666 0.4166667 0.5416666 0.4166666 0.5416666 0.4166666 0.5416666 0.4166666 0.5416666 0.4166667 0.5416666 0.4166666 0.5416666 0.4166667 0.5416666 0.4166666 0.5416666 0.4166666 0.375 0.4166668 0.375 0.4166666 0.375 0.4166666 0.375 0.4166667 0.375 0.4166666 0.375 0.4166666 0.5416666 0.4166667 0.5416665 0.4166666 0.5416666 0.4166667 0.5416666 0.4166666 0.5416666 0.4166666 0.5416666 0.4166666 0.375 0.4166667 0.375 0.4166666 0.375 0.4166666 0.375 0.4166667 0.375 0.4166666 0.375 0.4166666 0.375 0.4166667 0.375 0.4166666 0.375 0.4166666 0.375 0.4166667 0.375 0.4166666 0.375 0.4166666 0.375 0.4166667 0.375 0.4166666 0.375 0.4166666 0.375 0.4166667 0.375 0.4166666 0.375 0.4166666 0.375 0.4166667 0.375 0.4166666 0.375 0.4166666 0.375 0.4166667 0.375 0.4166666 0.375 0.4166666 0.375 0.4166667 0.375 0.4166666 0.375 0.4166666 0.4155092 0.4166667 0.4149279 0.4166667 0.4155092 0.4166667 0.4166666 0.4166667 0.4155092 0.4166667 0.4166666 0.4166667 0.5416666 0.4166666 0.5416666 0.4166666 0.5416666 0.4166666 0.5416666 0.4166666 0.5416666 0.4166666 0.5416666 0.4166666 0.4212963 0.4166666 0.4166666 0.4166667 0.4166666 0.4166667 0.5416667 0.4166667 0.5416666 0.4166666 0.5416666 0.4166666 0.4149279 0.4166667 0.4143518 0.4166667 0.4149279 0.4166667 0.5416666 0.4166666 0.5416667 0.4166667 0.5416666 0.4166666 0.4305555 0.4166667 0.4305555 0.4166667 0.4305555 0.4166667 0.4027777 0.4166666 0.4027778 0.4166667 0.4027777 0.4166666 0.4143519 0.4166667 0.412037 0.4166667 0.412037 0.4166667 0.4027778 0.4166667 0.375 0.4166667 0.375 0.4166667 0.5416666 0.4166666 0.5416666 0.4166666 0.5416666 0.4166666 0.5416666 0.4166666 0.5416666 0.4166666 0.5416666 0.4166666 0.4305555 0.4166667 0.4583333 0.4166666 0.4305555 0.4166667 0.4583333 0.4166666 0.4583333 0.4166666 0.4583333 0.4166666 0.5367646 0.4166666 0.4583333 0.4166666 0.4583333 0.4166666 0.4149279 0.4166667 0.4155092 0.4166667 0.4155092 0.4166667 0.4155092 0.4166667 0.4166666 0.4166667 0.4166666 0.4166667 0.5416666 0.4166666 0.5416666 0.4166666 0.5416666 0.4166666 0.5416666 0.4166666 0.5416666 0.4166666 0.5416666 0.4166666 0.4166666 0.4166667 0.4212963 0.4166666 0.4166666 0.4166667 0.5416666 0.4166666 0.5416666 0.4166666 0.5416666 0.4166666 0.4143518 0.4166667 0.4149279 0.4166667 0.4149279 0.4166667 0.5416666 0.4166666 0.5416666 0.4166666 0.5416666 0.4166666 0.4305555 0.4166667 0.4305555 0.4166667 0.4305555 0.4166667 0.4027777 0.4166666 0.4027778 0.4166667 0.4027778 0.4166667 0.412037 0.4166667 0.4143519 0.4166667 0.412037 0.4166667 0.375 0.4166667 0.4027778 0.4166667 0.375 0.4166667 0.5416666 0.4166666 0.5416666 0.4166666 0.5416666 0.4166666 0.5416666 0.4166666 0.5416666 0.4166666 0.5416666 0.4166666 0.4305555 0.4166667 0.4583333 0.4166667 0.4583333 0.4166666 0.4583333 0.4166666 0.4583333 0.4166666 0.4583333 0.4166666 0.4583333 0.4166666 0.5367646 0.4166666 0.4583333 0.4166666 0.5416666 0.4166666 0.5416666 0.4166666 0.5416666 0.4166667 0.5416666 0.4166667 0.5416665 0.4166666 0.5416666 0.4166667 0.5416666 0.4166666 0.5416666 0.4166667 0.5416666 0.4166666 0.5416666 0.4166666 0.5416666 0.4166667 0.5416666 0.4166667 0.375 0.4166667 0.375 0.4166667 0.375 0.4166667 0.5416666 0.4166666 0.5416666 0.4166666 0.5416666 0.4166666 0.5416666 0.4166666 0.5416666 0.4166666 0.5416666 0.4166666 0.375 0.4166667 0.375 0.4166667 0.375 0.4166667 0.375 0.4166667 0.375 0.4166667 0.375 0.4166667 0.375 0.4166667 0.375 0.4166667 0.375 0.4166667 0.375 0.4166667 0.375 0.4166667 0.375 0.4166667 0.375 0.4166667 0.375 0.4166667 0.375 0.4166667 0.375 0.4166667 0.375 0.4166667 0.375 0.4166667 0.375 0.4166667 0.375 0.4166667 0.375 0.4166667 0.375 0.4166667 0.375 0.4166667 0.375 0.4166667 0.375 0.4166667 0.375 0.4166667 0.375 0.4166667 0.4149279 0.4166667 0.4155092 0.4166667 0.4155092 0.4166667 0.4155092 0.4166667 0.4166666 0.4166667 0.4166666 0.4166667 0.5416666 0.4166666 0.5416666 0.4166666 0.5416666 0.4166666 0.5416666 0.4166666 0.5416666 0.4166666 0.5416666 0.4166666 0.4166666 0.4166667 0.4212963 0.4166666 0.4166666 0.4166667 0.5416666 0.4166666 0.5416666 0.4166666 0.5416666 0.4166666 0.4143518 0.4166667 0.4149279 0.4166667 0.4149279 0.4166667 0.5416666 0.4166666 0.5416666 0.4166666 0.5416666 0.4166666 0.4305555 0.4166667 0.4305555 0.4166667 0.4305555 0.4166667 0.4027777 0.4166666 0.4027778 0.4166667 0.4027777 0.4166666 0.412037 0.4166667 0.4143519 0.4166667 0.412037 0.4166667 0.375 0.4166667 0.4027778 0.4166667 0.375 0.4166667 0.5416665 0.4166666 0.5416666 0.4166666 0.5416666 0.4166666 0.5416666 0.4166666 0.5416666 0.4166666 0.5416666 0.4166666 0.4305555 0.4166667 0.4583333 0.4166666 0.4583333 0.4166666 0.4583333 0.4166666 0.4583333 0.4166666 0.4583333 0.4166666 0.4583333 0.4166666 0.5367646 0.4166666 0.4583333 0.4166666 0.4155092 0.4166667 0.4149279 0.4166667 0.4155092 0.4166667 0.4166666 0.4166667 0.4155092 0.4166667 0.4166666 0.4166667 0.5416666 0.4166666 0.5416666 0.4166666 0.5416666 0.4166666 0.4212963 0.4166666 0.4166666 0.4166667 0.4166666 0.4166667 0.5416666 0.4166666 0.5416666 0.4166666 0.5416666 0.4166666 0.4149279 0.4166667 0.4143518 0.4166667 0.4149279 0.4166667 0.5416666 0.4166666 0.5416666 0.4166666 0.5416666 0.4166666 0.4305555 0.4166667 0.4305555 0.4166667 0.4305555 0.4166667 0.4027778 0.4166667 0.4027777 0.4166666 0.4027777 0.4166666 0.4143519 0.4166667 0.412037 0.4166667 0.412037 0.4166667 0.4027778 0.4166667 0.375 0.4166667 0.375 0.4166667 0.5416666 0.4166666 0.5416665 0.4166666 0.5416666 0.4166666 0.5416666 0.4166666 0.5416666 0.4166666 0.5416666 0.4166666 0.4305555 0.4166667 0.4583333 0.4166666 0.4305555 0.4166667 0.4583333 0.4166666 0.4583333 0.4166666 0.4583333 0.4166666 0.5367646 0.4166666 0.4583333 0.4166666 0.4583333 0.4166666 0.5416666 0.4166666 0.5416666 0.4166667 0.5416666 0.4166666 0.5416666 0.4166666 0.5416666 0.4166666 0.5416666 0.4166666 0.5416666 0.4166666 0.5416666 0.4166666 0.5416666 0.4166666 0.5416666 0.4166666 0.5416666 0.4166667 0.5416665 0.4166666 0.5416666 0.4166667 0.5416666 0.4166666 0.5416666 0.4166666 0.5416666 0.4166667 0.5416666 0.4166667 0.5416666 0.4166667 0.5416666 0.4166666 0.5416666 0.4166666 0.5416666 0.4166666 0.5416666 0.4166666 0.5416666 0.4166666 0.5416666 0.4166667 0.5416666 0.4166666 0.5416666 0.4166667 0.5416666 0.4166666 0.5416666 0.4166667 0.5416666 0.4166666 0.5416666 0.4166666 0.5416666 0.4166666 0.5416666 0.4166666 0.5416666 0.4166666 0.5416666 0.4166666 0.5416666 0.4166666 0.5416666 0.4166666 0.5416666 0.4166666 0.5416666 0.4166667 0.5416666 0.4166666 0.5416666 0.4166666 0.5416665 0.4166666 0.5416666 0.4166666 0.5416666 0.4166666 0.5416666 0.4166666 0.5416665 0.4166666 0.5416666 0.4166666 0.5416665 0.4166666 0.5416666 0.4166666 0.5416666 0.4166667 0.5416666 0.4166666 0.5416666 0.4166666 0.5416666 0.4166666 0.5416666 0.4166666 0.5416665 0.4166666 0.5416667 0.4166666 0.5416666 0.4166666 0.5416667 0.4166666 0.5416666 0.4166666 0.5416666 0.4166666 0.5416666 0.4166666 0.5416665 0.4166666 0.5416666 0.4166666 0.5416665 0.4166666 0.5416666 0.4166667 0.5416666 0.4166666 0.5416666 0.4166666 0.5416665 0.4166666 0.5416665 0.4166666 0.5416665 0.4166666 0.5416666 0.4166667 0.5416666 0.4166666 0.5416666 0.4166666 0.5416666 0.4166666 0.5416667 0.4166666 0.5416667 0.4166666 0.5416667 0.4166666 0.5416666 0.4166666 0.5416667 0.4166666 0.5416666 0.4166666 0.5416666 0.4166667 0.5416666 0.4166666 0.5416666 0.4166667 0.5416666 0.4166667 0.5416666 0.4166667 0.5416666 0.4166667 0.5416666 0.4166666 0.5416666 0.4166666 0.5416666 0.4166667 0.5416665 0.4166666 0.5416666 0.4166667 0.5416666 0.4166666 0.5416666 0.4166667 0.5416666 0.4166667 0.5416666 0.4166667 0.5416666 0.4166666 0.5416666 0.4166666 0.5416666 0.4166667 0.5416666 0.4166666 0.5416665 0.4166666 0.5416666 0.4166666 0.5416665 0.4166666 0.5416666 0.4166666 0.5416666 0.4166666 0.5416665 0.4166666 0.5416666 0.4166666 0.8583334 0.5 0.8583334 0.75 0.6416667 0.75 0.6083334 0 0.6083334 0.25 0.3916667 0.25 0.6083334 0.5 0.6083334 0.75 0.3916667 0.75 0.375 0.25 0.375 0 0.3916667 0 0.625 0.25 0.6083334 0.25 0.6083334 0 0.3583334 0.5 0.3916667 0.5 0.3916667 0.75 0.6416667 0.5 0.6416667 0.75 0.6083334 0.75 0.3583334 0.5 0.3583333 0.75 0.1416666 0.75 0.625 0 0.625 0.25 0.375 0.25 0.375 0.25 0.625 0.25 0.625 0.5 0.625 0.5 0.625 0.75 0.375 0.75 0.625 0.75 0.625 1 0.375 1 0.375 0.5 0.375 0.75 0.125 0.75 0.875 0.5 0.875 0.75 0.625 0.75 0.625 0 0.625 0.25 0.375 0.25 0.375 0.25 0.625 0.25 0.625 0.5 0.625 0.5 0.625 0.75 0.375 0.75 0.625 0.75 0.625 1 0.375 1 0.375 0.5 0.375 0.75 0.125 0.75 0.875 0.5 0.875 0.75 0.625 0.75 0.625 0 0.625 0.25 0.375 0.25 0.375 0.25 0.625 0.25 0.625 0.5 0.625 0.5 0.625 0.75 0.375 0.75 0.625 0.75 0.625 1 0.375 1 0.375 0.5 0.375 0.75 0.125 0.75 0.875 0.5 0.875 0.75 0.625 0.75 0.625 0 0.625 0.25 0.375 0.25 0.375 0.25 0.625 0.25 0.625 0.5 0.625 0.5 0.625 0.75 0.375 0.75 0.625 0.75 0.625 1 0.375 1 0.375 0.5 0.375 0.75 0.125 0.75 0.875 0.5 0.875 0.75 0.625 0.75 0.375 0 0.375 0.5 0.375 0.25 0.3583333 0.75 0.3916667 0.75 0.625 0.5 0.375 0.25 0.625 0.25 0.625 0 0.3916667 0 0.375 0.25 0.375 0.25 0 0 0 0 0 0 0.625 0.25 0 0 0.6416667 0.75 0 0 0 0 0 0 0 0 0 0 0 0 0 0 0.625 0.5 0.3916667 0.75 0 0 0 0 0 0 0.3583333 0.75 0.375 0.5 0.375 0.5 0 0 0 0 0 0 1 1 0.875 1 0.875 0.5 0.875 1 0.75 1 0.75 0.5 0.75 1 0.625 1 0.625 0.5 0.625 1 0.5 1 0.5 0.5 0.5 1 0.375 1 0.375 0.5 0.375 1 0.25 1 0.25 0.5 0.49 0.25 0.4197056 0.4197056 0.00999999 0.25 0.4197056 0.4197056 0.25 0.49 0.00999999 0.25 0.25 0.49 0.08029437 0.4197056 0.00999999 0.25 0.00999999 0.25 0.08029437 0.08029437 0.25 0.00999999 0.25 0.00999999 0.4197056 0.08029437 0.00999999 0.25 0.25 1 0.125 1 0.125 0.5 0.125 1 0 1 0 0.5 0.9197056 0.4197056 0.75 0.49 0.5802944 0.4197056 0.5802944 0.4197056 0.51 0.25 0.5802944 0.08029437 0.5802944 0.08029437 0.75 0.00999999 0.9197056 0.08029437 0.9197056 0.08029437 0.99 0.25 0.9197056 0.4197056 0.9197056 0.4197056 0.5802944 0.4197056 0.9197056 0.08029437 1 1 0.875 1 0.875 0.5 0.875 1 0.75 1 0.75 0.5 0.75 1 0.625 1 0.625 0.5 0.625 1 0.5 1 0.5 0.5 0.5 1 0.375 1 0.375 0.5 0.375 1 0.25 1 0.25 0.5 0.49 0.25 0.4197056 0.4197056 0.25 0.49 0.25 0.49 0.08029437 0.4197056 0.00999999 0.25 0.00999999 0.25 0.08029437 0.08029437 0.25 0.00999999 0.25 0.00999999 0.4197056 0.08029437 0.00999999 0.25 0.4197056 0.08029437 0.49 0.25 0.00999999 0.25 0.25 1 0.125 1 0.125 0.5 0.125 1 0 1 0 0.5 0.5802944 0.4197056 0.75 0.49 0.9197056 0.4197056 0.9197056 0.4197056 0.99 0.25 0.9197056 0.08029437 0.9197056 0.08029437 0.75 0.00999999 0.5802944 0.08029437 0.5802944 0.08029437 0.51 0.25 0.9197056 0.08029437 0.51 0.25 0.5802944 0.4197056 0.9197056 0.08029437 1 1 0.875 1 0.875 0.5 0.875 1 0.75 1 0.75 0.5 0.75 1 0.625 1 0.625 0.5 0.625 1 0.5 1 0.5 0.5 0.5 1 0.375 1 0.375 0.5 0.375 1 0.25 1 0.25 0.5 0.49 0.25 0.4197056 0.4197056 0.00999999 0.25 0.4197056 0.4197056 0.25 0.49 0.00999999 0.25 0.25 0.49 0.08029437 0.4197056 0.00999999 0.25 0.00999999 0.25 0.08029437 0.08029437 0.25 0.00999999 0.25 0.00999999 0.4197056 0.08029437 0.00999999 0.25 0.25 1 0.125 1 0.125 0.5 0.125 1 0 1 0 0.5 0.9197056 0.4197056 0.75 0.49 0.5802944 0.4197056 0.5802944 0.4197056 0.51 0.25 0.5802944 0.08029437 0.5802944 0.08029437 0.75 0.00999999 0.9197056 0.08029437 0.9197056 0.08029437 0.99 0.25 0.9197056 0.4197056 0.9197056 0.4197056 0.5802944 0.4197056 0.9197056 0.08029437 1 1 0.875 1 0.875 0.5 0.875 1 0.75 1 0.75 0.5 0.75 1 0.625 1 0.625 0.5 0.625 1 0.5 1 0.5 0.5 0.5 1 0.375 1 0.375 0.5 0.375 1 0.25 1 0.25 0.5 0.49 0.25 0.4197056 0.4197056 0.25 0.49 0.25 0.49 0.08029437 0.4197056 0.00999999 0.25 0.00999999 0.25 0.08029437 0.08029437 0.25 0.00999999 0.25 0.00999999 0.4197056 0.08029437 0.00999999 0.25 0.4197056 0.08029437 0.49 0.25 0.00999999 0.25 0.25 1 0.125 1 0.125 0.5 0.125 1 0 1 0 0.5 0.5802944 0.4197056 0.75 0.49 0.9197056 0.4197056 0.9197056 0.4197056 0.99 0.25 0.9197056 0.08029437 0.9197056 0.08029437 0.75 0.00999999 0.5802944 0.08029437 0.5802944 0.08029437 0.51 0.25 0.9197056 0.08029437 0.51 0.25 0.5802944 0.4197056 0.9197056 0.08029437 0.125 0.5 0 0.5 0.625 0.5 0.625 0.5 0.875 0.5 0 0 0 0 0 0 0 0 0 0 0.625 0.5 0 0 0 0 0 0 0 0 0.375 0.5 0 0 0 0 0 0 0 0 0 0 0.125 0.5 0 0 0 0 0 0 0 0 0 0 0 0 0 0 0 0 0 0 0 0 0 0 0 0 0 0 0 0 0 0 0 0 0 0 0 0 0 0 0 0 0 0 0 0 0 0 0 0 0 0 0 0 0.75 0.49 0.51 0.25 0.5 0.5 0.625 0.25 0.6416667 0.5 0.5769231 0.8333333 0.5769231 0.8333333 0.6083334 0.5 0.3916667 0.5 0.3583334 0.5 0.1416667 0.5 0.4134616 0.9166666 0.3916667 0.25 0.6083334 0.25 0 0 0.5416666 0.4166666 0.5416666 0.4166666 0.5416666 0.4166666 0.4305556 0.4166667 0.4583333 0.4166666 0.4583333 0.4166666 0.4583334 0.4166667 0.4583333 0.4166666 0.4583333 0.4166666 0.5367647 0.4166667 0.5367647 0.4166667 0.4583333 0.4166666 0.4583333 0.4166666 0.4583333 0.4166666 0.4583333 0.4166666 0.5416666 0.5509259 0.4583333 0.5509259 0.4583333 0.5 0.5416665 0.4166666 0.5416665 0.4166666 0.5416665 0.4166666 0.5367646 0.4166667 0.5367647 0.4166667 0.4583333 0.4166666 0.5416666 0.4166666 0.5416666 0.4166666 0.5416666 0.4166666 0.5416666 0.4166666 0.5416666 0.4166666 0.5416667 0.4166667 0.5416666 0.4166666 0.5416666 0.4166666 0.5416666 0.4166666 0.5416665 0.4166666 0.5416666 0.4166666 0.5416666 0.4166666 0.4583333 0.4166666 0.4583333 0.4166666 0.4305555 0.4166666 0.5416665 0.4166666 0.5416666 0.4166666 0.5416665 0.4166666 0.5416666 0.5763888 0.5416666 0.5763888 0.4583333 0.5763888 0.4027777 0.5763888 0.375 0.5763888 0.375 0.5763888 0.5416665 0.4166666 0.5416666 0.4166666 0.5416666 0.4166666 0.4583333 0.4166666 0.4583333 0.4166666 0.4583333 0.4166666 0.4583333 0.5763888 0.4305555 0.5763888 0.4305555 0.5763888 0.412037 0.5763888 0.4027777 0.5763888 0.4027777 0.5763888 0.4027777 0.4166667 0.4027777 0.4166667 0.4027777 0.4166667 0.5416666 0.4166666 0.5416666 0.4166666 0.5416666 0.4166666 0.4027778 0.4166667 0.4027777 0.4166666 0.375 0.4166666 0.4143518 0.4166667 0.4143518 0.4166666 0.412037 0.4166666 0.4305555 0.4166667 0.4305555 0.4166667 0.4305556 0.4166667 0.4212962 0.5763888 0.4166666 0.5763888 0.4166666 0.5509259 0.4027778 0.4166667 0.4027778 0.4166667 0.4027778 0.4166667 0.5416667 0.4166667 0.5416667 0.4166667 0.5416666 0.4166666 0.5416666 0.4166666 0.5416666 0.4166666 0.5416666 0.4166666 0.5416667 0.4166667 0.5416666 0.4166666 0.5416666 0.4166666 0.5416667 0.4166667 0.5416667 0.4166667 0.5416666 0.4166666 0.5416666 0.4166666 0.5416666 0.4166666 0.5416666 0.4166666 0.5416666 0.4166667 0.5416666 0.4166666 0.5416666 0.4166666 0.5416665 0.4166666 0.5416665 0.4166666 0.5416665 0.4166666 0.5416666 0.4166666 0.5416666 0.4166666 0.5416667 0.4166667 0.5416667 0.4166666 0.5416665 0.4166666 0.5416666 0.4166666 0.5416666 0.4166666 0.5416666 0.4166666 0.5416666 0.4166666 0.4305556 0.4166666 0.4305556 0.4166666 0.4305556 0.4166667 0.4305556 0.4166667 0.4305556 0.4166667 0.4305556 0.4166667 0.4027778 0.4166667 0.4027777 0.4166667 0.4027778 0.4166667 0.4305555 0.4166666 0.4305555 0.4166666 0.4305555 0.4166667 0.4166666 0.4166667 0.4166666 0.4166667 0.4166666 0.4166667 0.5416666 0.4166667 0.5416667 0.4166666 0.5416666 0.4166666 0.5416666 0.4166667 0.5416666 0.4166666 0.5416666 0.4166666 0.5416666 0.4166666 0.5416666 0.4166666 0.5416666 0.4166667 0.5416666 0.4166666 0.5416666 0.4166666 0.5416666 0.4166667 0.4583333 0.4166666 0.4583333 0.4166666 0.4305556 0.4166666 0.4305556 0.4166666 0.4583333 0.4166667 0.4583333 0.4166666 0.4583333 0.4166666 0.4583333 0.4166666 0.4583333 0.4166666 0.4583334 0.4166667 0.4583334 0.4166667 0.4583333 0.4166666 0.4583333 0.4166666 0.5367646 0.4166666 0.5367646 0.4166666 0.5367646 0.4166667 0.5367646 0.4166667 0.4583334 0.4166667 0.5416667 0.4166667 0.5416667 0.4166667 0.5416666 0.4166666 0.5416668 0.4166667 0.5416667 0.4166667 0.5416667 0.4166667 0.412037 0.5763888 0.4027777 0.5763888 0.4027777 0.5509259 0.4583333 0.5763888 0.4305555 0.5763888 0.4305555 0.5509259 0.4212963 0.4166666 0.4212963 0.4166666 0.4166666 0.4166667 0.4027777 0.5763888 0.375 0.5763888 0.375 0.5509259 0.5416666 0.5763888 0.4583333 0.5763888 0.4583333 0.5509259 0.5416666 0.4166666 0.5416666 0.4166666 0.5416666 0.4166666 0.5416665 0.4166666 0.5416666 0.4166666 0.5416667 0.4166667 0.5416665 0.4166666 0.5416666 0.4166666 0.5416667 0.4166667 0.4305555 0.5763888 0.4212962 0.5763888 0.4212962 0.5509259 0.4143518 0.5763888 0.412037 0.5763888 0.412037 0.5509259 0.4166666 0.5509259 0.4166666 0.5509259 0.4212962 0.5509259 0.4212962 0.5763888 0.4166666 0.5763888 0.4166666 0.5763888 0.412037 0.5509259 0.412037 0.5509259 0.4143518 0.5509259 0.4305555 0.5763888 0.4212962 0.5763888 0.4212962 0.5763888 0.4143518 0.5763888 0.412037 0.5763888 0.412037 0.5763888 0.4143518 0.5763888 0.4143518 0.5763888 0.4149279 0.5763888 0.4120371 0.4166667 0.4143519 0.4166667 0.4143519 0.4166667 0.4305556 0.4166667 0.4305556 0.4166667 0.4305556 0.4166667 0.4149279 0.4166667 0.4143518 0.4166666 0.4143518 0.4166667 0.4143518 0.5509259 0.4143518 0.5509259 0.4149279 0.5509259 0.4212963 0.4166666 0.4212963 0.4166666 0.4166666 0.4166667 0.4027777 0.4166667 0.4027777 0.4166667 0.4027777 0.4166667 0.5416666 0.4166666 0.5416666 0.4166666 0.5416666 0.4166667 0.5416666 0.4166667 0.5416666 0.4166666 0.5416667 0.4166666 0.4212963 0.4166666 0.4212963 0.4166666 0.4166666 0.4166667 0.4143518 0.4166667 0.4143518 0.4166667 0.4143518 0.4166667 0.5416667 0.4166666 0.5416666 0.4166666 0.5416665 0.4166666 0.4305556 0.4166666 0.4305556 0.4166667 0.4305556 0.4166666 0.4583333 0.4166666 0.4583333 0.4166668 0.4305556 0.4166666 0.4583334 0.4166667 0.4583333 0.4166668 0.4583333 0.4166666 0.5367646 0.4166666 0.5367646 0.4166667 0.4583334 0.4166667 0.4212963 0.4166666 0.4212963 0.4166666 0.4166666 0.4166667 0.5416666 0.4166666 0.5416665 0.4166666 0.5416665 0.4166666 0.5416666 0.4166666 0.5416666 0.4166666 0.5416666 0.4166667 0.5416666 0.4166667 0.5416666 0.4166667 0.5416666 0.4166666 0.5416667 0.4166667 0.5416666 0.4166666 0.5416666 0.4166666 0.4143518 0.5763888 0.4143518 0.5509259 0.4149279 0.5509259 0.4143518 0.5763888 0.412037 0.5763888 0.412037 0.5763888 0.4305555 0.5763888 0.4212962 0.5763888 0.4212962 0.5763888 0.4212962 0.5763888 0.4166666 0.5763888 0.4166666 0.5763888 0.5416666 0.4166666 0.5416665 0.4166666 0.5416668 0.4166667 0.5416666 0.4166666 0.5416668 0.4166667 0.5416667 0.4166667 0.5416667 0.4166667 0.5416667 0.4166667 0.5416667 0.4166667 0.5416667 0.4166667 0.5416667 0.4166667 0.5416667 0.4166667 0.5416667 0.4166667 0.5416666 0.4166666 0.5416666 0.4166666 0.5416666 0.4166666 0.5416667 0.4166667 0.5416666 0.4166666 0.412037 0.5763888 0.4027777 0.5763888 0.4027777 0.5763888 0.4583334 0.5763889 0.4305555 0.5763888 0.4305555 0.5763888 0.4027777 0.5763888 0.375 0.5763888 0.375 0.5763888 0.5416666 0.5763888 0.4583334 0.5763889 0.4583333 0.5763888 0.5416666 0.4166666 0.5416666 0.4166666 0.5416666 0.4166666 0.5416665 0.4166666 0.5416666 0.4166666 0.5416666 0.4166666 0.5416666 0.4166666 0.5416666 0.4166666 0.5416665 0.4166666 0.5416667 0.4166667 0.5416667 0.4166667 0.5416667 0.4166667 0.5416666 0.4166667 0.5416667 0.4166667 0.5416667 0.4166667 0.5416667 0.4166667 0.5416666 0.4166666 0.5416667 0.4166667 0.5416665 0.4166666 0.5416665 0.4166666 0.5416667 0.4166667 0.5416666 0.4166666 0.5416666 0.4166666 0.5416666 0.4166666 0.5416666 0.4166666 0.5416666 0.4166666 0.5416667 0.4166667 0.4583333 0.4166666 0.4583333 0.4166666 0.4305556 0.4166667 0.4212963 0.4166666 0.4212963 0.4166666 0.4166666 0.4166667 0.4166666 0.4166667 0.4166666 0.4166667 0.4155092 0.4166667 0.4212963 0.4166666 0.4212963 0.4166666 0.4166666 0.4166667 0.4143518 0.4166667 0.4143518 0.4166667 0.4143518 0.4166667 0.4143518 0.4166667 0.4143518 0.4166667 0.412037 0.4166667 0.4143518 0.4166667 0.4143518 0.4166667 0.4143518 0.4166667 0.4143518 0.4166667 0.4143518 0.4166667 0.4143518 0.4166667 0.4143518 0.4166667 0.4143518 0.4166667 0.4143518 0.4166667 0.4143518 0.4166667 0.4143518 0.4166667 0.4143518 0.4166667 0.4583334 0.4166667 0.4583333 0.4166667 0.4583333 0.4166668 0.4305556 0.4166666 0.4305556 0.4166666 0.4583333 0.4166668 0.4305556 0.4166667 0.4305556 0.4166667 0.4305556 0.4166666 0.4143518 0.4166667 0.4143518 0.4166667 0.4143518 0.4166667 0.5416666 0.4166666 0.5416666 0.4166666 0.5416666 0.4166666 0.4166666 0.4166667 0.4166666 0.4166667 0.4166666 0.4166667 0.4143518 0.4166667 0.4143518 0.4166667 0.4143518 0.4166667 0.4583334 0.4166667 0.4583334 0.4166667 0.5367646 0.4166667 0.4212962 0.4166666 0.4212962 0.4166666 0.4166666 0.4166666 0.4143518 0.5763888 0.4143518 0.5763888 0.4149279 0.5763888 0.5416666 0.4166666 0.5416666 0.4166666 0.5416666 0.4166666 0.5416666 0.4166666 0.5416666 0.4166666 0.5416666 0.4166666 0.5416666 0.4166666 0.5416666 0.4166666 0.5416666 0.4166666 0.5416666 0.4166666 0.5416665 0.4166666 0.5416666 0.4166666 0.4149279 0.5763889 0.4143518 0.5763888 0.4143518 0.5763888 0.5416666 0.4166666 0.5416666 0.4166666 0.5416666 0.4166666 0.4149279 0.4166667 0.4143518 0.4166667 0.4143518 0.4166667 0.5416666 0.4166666 0.5416666 0.4166666 0.5416666 0.4166666 0.4143519 0.4166667 0.4143519 0.4166667 0.4143519 0.4166667 0.4143518 0.4166667 0.4143518 0.4166667 0.4143518 0.4166667 0.4143518 0.5763888 0.412037 0.5763888 0.412037 0.5763888 0.4212962 0.5763888 0.4166666 0.5763888 0.4166666 0.5763888 0.4305555 0.5763888 0.4212962 0.5763888 0.4212962 0.5763888 0.412037 0.5763888 0.4027777 0.5763888 0.4027778 0.5763888 0.5416666 0.5763888 0.5416666 0.5763888 0.4583333 0.5763888 0.4027778 0.5763888 0.4027777 0.5763888 0.375 0.5763888 0.4583333 0.5763888 0.4305555 0.5763888 0.4305555 0.5763888 0.4027778 0.4166667 0.4027778 0.4166667 0.4027777 0.4166667 0.4143518 0.4166667 0.4143518 0.4166667 0.4143518 0.4166667 0.5088384 0.1363636 0.5088384 0.1363636 0.5113636 0.1338384 0.375 0.5 0.625 0.5 0.625 0.25 0.375 0.5 0.375 0.75 0.625 0.75 0.375 1 0.625 1 0.625 0.75 0.125 0.75 0.375 0.75 0.375 0.5 0.625 0.75 0.875 0.75 0.875 0.5 0.5113636 0.1338384 0.625 1 0.375 1 0.5088384 0.1363636 0.375 1 0.125 0.5 0.625 0.25 0.875 0.75 0.5113636 0.1338384 0.5113636 0.1279461 0.5029461 0.1363636 0.5008417 0.1388888 0.5029461 0.1363636 0.5046296 0.1388888 0.5013467 0.1388888 0.5029461 0.1363636 0.5013467 0.1388888 0.5011784 0.1388888 0.5138888 0.1263468 0.5138888 0.1296296 0.5113636 0.1279461 0.5138888 0.1261784 0.5138888 0.1263468 0.5113636 0.1279461 0.5029461 0.1363636 0.5011784 0.1388888 0.5008417 0.1388888 0.5138888 0.1258417 0.5138888 0.1261784 0.5113636 0.1279461 0.5113636 0.1279461 0.5113636 0.1279461 0.502946 0.1363636 0.5029461 0.1363636 0.5113636 0.1279461 0.5113636 0.1279461 0.5037879 0.1279461 0.5037879 0.1318742 0.502946 0.1363636 0.4166666 0.4166667 0.4166666 0.4166667 0.4155092 0.4166667 0.625 0.75 0.625 1 0.375 1 0.625 0.5 0.625 0.75 0.375 0.75 0.625 0.25 0.625 0.5 0.375 0.5 0.4166666 0.4166667 0.4166666 0.4166667 0.4155092 0.4166667 0.4143518 0.4166667 0.4143518 0.4166667 0.4143518 0.4166667 0.4166666 0.4166667 0.4166666 0.4166667 0.4155092 0.4166667 0.4143518 0.4166667 0.4143518 0.4166667 0.4143518 0.4166667 0.4143518 0.4166667 0.4143518 0.4166667 0.4143518 0.4166667 0.4166666 0.4166667 0.4166666 0.4166667 0.4166666 0.4166667 0.4166666 0.4166667 0.4166666 0.4166667 0.4166666 0.4166667 0.4166666 0.4166667 0.4166666 0.4166667 0.4166666 0.4166667 0.4155092 0.4166667 0.4155092 0.4166667 0.4149279 0.4166668 0.625 0.25 0.625 0.5 0.375 0.5 0.625 0.5 0.625 0.75 0.375 0.75 0.625 0.75 0.625 1 0.375 1 0.375 0.5 0.375 0.75 0.125 0.75 0.875 0.5 0.875 0.75 0.625 0.75 0.4155092 0.4166667 0.4155092 0.4166667 0.4149279 0.4166667 0.4166666 0.4166667 0.4155092 0.4166667 0.4155092 0.4166667 0.625 0.25 0.625 0.5 0.375 0.5 0.4155092 0.4166667 0.4155092 0.4166667 0.4149279 0.4166667 0.4155092 0.4166667 0.4155092 0.4166667 0.4166666 0.4166667 0.4166666 0.5763888 0.4155092 0.5763888 0.4155092 0.5763888 0.4155092 0.5763888 0.4155092 0.5763888 0.4166666 0.5763888 0.4155092 0.5763888 0.4155092 0.5509259 0.4166666 0.5509259 0.4155092 0.5509259 0.4155092 0.5509259 0.4166666 0.5509259 0.4166666 0.4166666 0.4155092 0.4166666 0.4155092 0.4166667 0.4155092 0.5763888 0.4155092 0.5763888 0.4166666 0.5763888 0.5416665 0.4166666 0.5416665 0.4166666 0.5416666 0.4166666 0.625 0.5 0.625 0.75 0.375 0.75 0.625 0.75 0.625 1 0.375 1 0.375 0.5 0.375 0.75 0.125 0.75 0.875 0.5 0.875 0.75 0.625 0.75 0.4166666 0.4166667 0.4166666 0.4166667 0.4155092 0.4166667 0.4166666 0.4166667 0.4166666 0.4166667 0.4155092 0.4166667 0.4149279 0.4166667 0.4149279 0.4166668 0.4143518 0.4166667 0.4155092 0.4166667 0.4149279 0.4166667 0.4149279 0.4166667 0.4155092 0.4166667 0.4149279 0.4166667 0.4149279 0.4166667 0.4155092 0.4166667 0.4149279 0.4166667 0.4149279 0.4166668 0.4155092 0.4166667 0.4149279 0.4166667 0.4149279 0.4166667 0.4155092 0.5763888 0.4149279 0.5763889 0.4149279 0.5763888 0.4149279 0.5763888 0.4149279 0.5763888 0.4155092 0.5763888 0.4149279 0.5763888 0.4149279 0.5509259 0.4155092 0.5509259 0.4149279 0.5509259 0.4149279 0.5509259 0.4155092 0.5509259 0.4155092 0.4166666 0.4149279 0.4166667 0.4149279 0.4166667 0.4149279 0.5763888 0.4149279 0.5763888 0.4155092 0.5763888 0.4149279 0.4166667 0.4149279 0.4166667 0.4143518 0.4166667 0.375 0.5 0.375 0.75 0.125 0.75 0.875 0.5 0.875 0.75 0.625 0.75 0.4166666 0.4166667 0.4155092 0.4166667 0.4155092 0.4166667 0.625 0.25 0.625 0.5 0.375 0.5 0.625 0.5 0.625 0.75 0.375 0.75 0.625 0.75 0.625 1 0.375 1 0.375 0.5 0.375 0.75 0.125 0.75 0.875 0.5 0.875 0.75 0.625 0.75 0.4143518 0.4166667 0.4143518 0.4166667 0.4143518 0.4166667 0.4143518 0.4166667 0.4143518 0.4166667 0.4143518 0.4166667 0.5416665 0.4166666 0.5416665 0.4166666 0.5416665 0.4166666 0.4143518 0.4166667 0.4143518 0.4166667 0.4143518 0.4166667 0.5416666 0.4166666 0.5416666 0.4166666 0.5416666 0.4166666 0.4305556 0.4166667 0.4305555 0.4166667 0.4583333 0.4166666 0.4583334 0.4166667 0.4583333 0.4166666 0.4583333 0.4166666 0.4583333 0.4166666 0.5367647 0.4166667 0.5367646 0.4166667 0.4583333 0.4166666 0.4583333 0.4166667 0.4583333 0.4166666 0.4583333 0.5 0.4583333 0.5509259 0.5416666 0.5509259 0.4583333 0.4166666 0.5367647 0.4166667 0.5367646 0.4166667 0.5416666 0.4166666 0.5416666 0.4166666 0.5416666 0.4166666 0.5416666 0.4166666 0.5416666 0.4166666 0.5416667 0.4166667 0.5416666 0.4166666 0.5416667 0.4166667 0.5416666 0.4166666 0.5416666 0.4166666 0.5416666 0.4166666 0.5416665 0.4166666 0.4305555 0.4166666 0.4583333 0.4166666 0.4583333 0.4166667 0.5416666 0.4166666 0.5416666 0.4166666 0.5416665 0.4166666 0.5416666 0.5763888 0.4583334 0.5763889 0.4583333 0.5763888 0.375 0.5763888 0.375 0.5763888 0.4027777 0.5763888 0.4305555 0.5763888 0.4305555 0.5763888 0.4583333 0.5763888 0.4027777 0.5763888 0.4027777 0.5763888 0.412037 0.5763888 0.5416666 0.4166666 0.5416666 0.4166666 0.5416666 0.4166666 0.375 0.4166666 0.4027777 0.4166666 0.4027778 0.4166667 0.412037 0.4166666 0.4143518 0.4166666 0.4143518 0.4166667 0.4305556 0.4166667 0.4305555 0.4166667 0.4305555 0.4166667 0.4166666 0.5509259 0.4166666 0.5763888 0.4212962 0.5763888 0.4027778 0.4166667 0.4027778 0.4166667 0.4027778 0.4166667 0.5416666 0.4166666 0.5416667 0.4166667 0.5416667 0.4166667 0.5416667 0.4166667 0.5416666 0.4166666 0.5416666 0.4166666 0.5416667 0.4166667 0.5416667 0.4166667 0.5416666 0.4166666 0.5416666 0.4166666 0.5416667 0.4166667 0.5416667 0.4166667 0.5416666 0.4166666 0.5416665 0.4166666 0.5416666 0.4166666 0.5416666 0.4166667 0.5416666 0.4166666 0.5416666 0.4166666 0.5416665 0.4166666 0.5416665 0.4166666 0.5416665 0.4166666 0.5416667 0.4166667 0.5416666 0.4166666 0.5416666 0.4166666 0.5416666 0.4166666 0.5416665 0.4166666 0.5416667 0.4166666 0.5416666 0.4166666 0.5416666 0.4166666 0.5416666 0.4166666 0.4305556 0.4166667 0.4305556 0.4166666 0.4305556 0.4166666 0.4305556 0.4166667 0.4305556 0.4166667 0.4305556 0.4166667 0.4027778 0.4166667 0.4027778 0.4166667 0.4027778 0.4166667 0.4305555 0.4166667 0.4305555 0.4166666 0.4305555 0.4166666 0.4166666 0.4166667 0.4166666 0.4166667 0.4166666 0.4166667 0.5416666 0.4166666 0.5416667 0.4166666 0.5416666 0.4166667 0.5416666 0.4166667 0.5416666 0.4166666 0.5416666 0.4166666 0.5416666 0.4166666 0.5416666 0.4166666 0.5416666 0.4166667 0.5416666 0.4166667 0.5416666 0.4166666 0.5416666 0.4166666 0.4305556 0.4166666 0.4583333 0.4166666 0.4583333 0.4166666 0.4305556 0.4166666 0.4305556 0.4166667 0.4583333 0.4166666 0.4583333 0.4166666 0.4583333 0.4166666 0.4583333 0.4166666 0.4583334 0.4166667 0.4583333 0.4166667 0.4583333 0.4166666 0.4583333 0.4166666 0.4583333 0.4166666 0.5367646 0.4166666 0.4583334 0.4166667 0.5367646 0.4166667 0.5367646 0.4166667 0.5416667 0.4166667 0.5416667 0.4166667 0.5416666 0.4166666 0.5416668 0.4166667 0.5416667 0.4166667 0.5416667 0.4166667 0.4027777 0.5509259 0.4027777 0.5763888 0.412037 0.5763888 0.4305555 0.5509259 0.4305555 0.5763888 0.4583333 0.5763888 0.375 0.5509259 0.375 0.5763888 0.4027777 0.5763888 0.4583333 0.5509259 0.4583333 0.5763888 0.5416666 0.5763888 0.5416666 0.4166666 0.5416666 0.4166666 0.5416666 0.4166666 0.5416667 0.4166667 0.5416666 0.4166666 0.5416665 0.4166666 0.5416665 0.4166666 0.5416668 0.4166667 0.5416667 0.4166667 0.4212962 0.5509259 0.4212962 0.5763888 0.4305555 0.5763888 0.412037 0.5509259 0.412037 0.5763888 0.4143518 0.5763888 0.4212962 0.5509259 0.4166666 0.5509259 0.4166666 0.5509259 0.4166666 0.5763888 0.4166666 0.5763888 0.4212962 0.5763888 0.4143518 0.5509259 0.412037 0.5509259 0.412037 0.5509259 0.4212962 0.5763888 0.4212962 0.5763888 0.4305555 0.5763888 0.412037 0.5763888 0.412037 0.5763888 0.4143518 0.5763888 0.4149279 0.5763888 0.4143518 0.5763888 0.4143518 0.5763888 0.4120371 0.4166667 0.412037 0.4166667 0.4143519 0.4166667 0.4143518 0.4166667 0.4143518 0.4166666 0.4149279 0.4166667 0.4149279 0.5509259 0.4143518 0.5509259 0.4143518 0.5509259 0.4166666 0.4166667 0.4212963 0.4166666 0.4212963 0.4166666 0.5416666 0.4166666 0.5416666 0.4166667 0.5416666 0.4166667 0.5416667 0.4166666 0.5416666 0.4166666 0.5416666 0.4166667 0.4166666 0.4166667 0.4212963 0.4166666 0.4212963 0.4166666 0.4143518 0.4166667 0.4143518 0.4166667 0.4143518 0.4166667 0.5416667 0.4166666 0.5416665 0.4166666 0.5416665 0.4166666 0.4305556 0.4166666 0.4305556 0.4166667 0.4305556 0.4166666 0.4305556 0.4166666 0.4583333 0.4166668 0.4583333 0.4166666 0.4583333 0.4166666 0.4583333 0.4166668 0.4583334 0.4166667 0.4583334 0.4166667 0.5367646 0.4166667 0.5367646 0.4166666 0.4166666 0.4166667 0.4212963 0.4166666 0.4212963 0.4166666 0.5416665 0.4166666 0.5416665 0.4166666 0.5416666 0.4166666 0.5416666 0.4166666 0.5416666 0.4166667 0.5416666 0.4166667 0.5416666 0.4166667 0.5416666 0.4166666 0.5416666 0.4166666 0.5416667 0.4166667 0.5416666 0.4166666 0.5416666 0.4166666 0.4149279 0.5509259 0.4143518 0.5509259 0.4143518 0.5763888 0.412037 0.5763888 0.412037 0.5763888 0.4143518 0.5763888 0.4212962 0.5763888 0.4212962 0.5763888 0.4305555 0.5763888 0.4166666 0.5763888 0.4166666 0.5763888 0.4212962 0.5763888 0.5416666 0.4166666 0.5416666 0.4166666 0.5416668 0.4166667 0.5416666 0.4166666 0.5416666 0.4166666 0.5416667 0.4166667 0.5416667 0.4166667 0.5416667 0.4166667 0.5416667 0.4166667 0.5416667 0.4166667 0.5416667 0.4166667 0.5416667 0.4166667 0.5416667 0.4166667 0.5416666 0.4166667 0.5416666 0.4166666 0.5416666 0.4166666 0.5416666 0.4166666 0.5416667 0.4166667 0.4027777 0.5763888 0.4027777 0.5763888 0.412037 0.5763888 0.4305555 0.5763888 0.4305555 0.5763888 0.4583334 0.5763889 0.375 0.5763888 0.375 0.5763888 0.4027777 0.5763888 0.4583333 0.5763888 0.4583334 0.5763889 0.5416666 0.5763888 0.5416666 0.4166666 0.5416666 0.4166666 0.5416666 0.4166666 0.5416666 0.4166666 0.5416666 0.4166666 0.5416665 0.4166666 0.5416665 0.4166666 0.5416666 0.4166666 0.5416666 0.4166666 0.5416667 0.4166667 0.5416666 0.4166666 0.5416667 0.4166667 0.5416667 0.4166667 0.5416667 0.4166667 0.5416666 0.4166667 0.5416667 0.4166667 0.5416666 0.4166666 0.5416667 0.4166667 0.5416665 0.4166666 0.5416666 0.4166666 0.5416667 0.4166667 0.5416666 0.4166666 0.5416666 0.4166666 0.5416666 0.4166666 0.5416666 0.4166666 0.5416666 0.4166666 0.5416667 0.4166667 0.4166666 0.4166667 0.4212963 0.4166666 0.4212963 0.4166666 0.4166666 0.4166667 0.4212963 0.4166666 0.4212963 0.4166666 0.4143518 0.4166667 0.4143518 0.4166667 0.4143518 0.4166667 0.4143518 0.4166667 0.4143518 0.4166667 0.4143518 0.4166667 0.4143518 0.4166667 0.4143518 0.4166667 0.4143518 0.4166667 0.4143518 0.4166667 0.4143518 0.4166667 0.4143518 0.4166667 0.4143518 0.4166667 0.4143518 0.4166667 0.4143518 0.4166667 0.4583334 0.4166667 0.4583334 0.4166667 0.4583333 0.4166668 0.4583333 0.4166668 0.4305556 0.4166666 0.4305556 0.4166666 0.4305556 0.4166666 0.4305556 0.4166667 0.4305556 0.4166667 0.4143518 0.4166667 0.4143518 0.4166667 0.4143518 0.4166667 0.5416666 0.4166666 0.5416666 0.4166666 0.5416666 0.4166666 0.4166666 0.4166667 0.4166666 0.4166667 0.4166666 0.4166667 0.4143518 0.4166667 0.4143518 0.4166667 0.4143518 0.4166667 0.5367646 0.4166667 0.4583334 0.4166667 0.4583334 0.4166667 0.4166666 0.4166666 0.4212962 0.4166666 0.4212962 0.4166666 0.4149279 0.5763888 0.4143518 0.5763888 0.4143518 0.5763888 0.5416666 0.4166666 0.5416666 0.4166666 0.5416666 0.4166666 0.5416666 0.4166666 0.5416666 0.4166666 0.5416666 0.4166666 0.5416666 0.4166666 0.5416666 0.4166666 0.5416666 0.4166666 0.5416666 0.4166666 0.5416665 0.4166666 0.5416666 0.4166666 0.4143518 0.5763888 0.4143518 0.5763888 0.4149279 0.5763889 0.5416666 0.4166666 0.5416666 0.4166666 0.5416666 0.4166666 0.4149279 0.4166667 0.4149279 0.4166667 0.4143518 0.4166667 0.5416666 0.4166666 0.5416666 0.4166666 0.5416666 0.4166666 0.4143519 0.4166667 0.4143519 0.4166667 0.4143519 0.4166667 0.4143518 0.4166667 0.4143518 0.4166667 0.4143518 0.4166667 0.412037 0.5763888 0.412037 0.5763888 0.4143518 0.5763888 0.4166666 0.5763888 0.4166666 0.5763888 0.4212962 0.5763888 0.4212962 0.5763888 0.4212962 0.5763888 0.4305555 0.5763888 0.4027778 0.5763888 0.4027777 0.5763888 0.412037 0.5763888 0.4583333 0.5763888 0.4583333 0.5763888 0.5416666 0.5763888 0.375 0.5763888 0.375 0.5763888 0.4027777 0.5763888 0.4583333 0.5763888 0.4305555 0.5763888 0.4305555 0.5763888 0.4027777 0.4166667 0.4027778 0.4166667 0.4027778 0.4166667 0.4143518 0.4166667 0.4143518 0.4166667 0.4143518 0.4166667 0.4155092 0.4166667 0.4166666 0.4166667 0.4166666 0.4166667 0.375 1 0.625 1 0.625 0.75 0.375 0.75 0.625 0.75 0.625 0.5 0.375 0.5 0.625 0.5 0.625 0.25 0.4155092 0.4166667 0.4166666 0.4166667 0.4166666 0.4166667 0.4143518 0.4166667 0.4143518 0.4166667 0.4143518 0.4166667 0.4155092 0.4166667 0.4166666 0.4166667 0.4166666 0.4166667 0.4143518 0.4166667 0.4143518 0.4166667 0.4143518 0.4166667 0.4143518 0.4166667 0.4143518 0.4166667 0.4143518 0.4166667 0.4166666 0.4166667 0.4166666 0.4166667 0.4166666 0.4166667 0.4166666 0.4166667 0.4166666 0.4166667 0.4166666 0.4166667 0.4166666 0.4166667 0.4166666 0.4166667 0.4166666 0.4166667 0.4149279 0.4166668 0.4155092 0.4166667 0.4155092 0.4166667 0.375 0.5 0.625 0.5 0.625 0.25 0.375 0.75 0.625 0.75 0.625 0.5 0.375 1 0.625 1 0.625 0.75 0.125 0.75 0.375 0.75 0.375 0.5 0.625 0.75 0.875 0.75 0.875 0.5 0.4149279 0.4166667 0.4155092 0.4166667 0.4155092 0.4166667 0.4155092 0.4166667 0.4155092 0.4166667 0.4166666 0.4166667 0.375 0.5 0.625 0.5 0.625 0.25 0.4149279 0.4166667 0.4155092 0.4166667 0.4155092 0.4166667 0.4166666 0.4166667 0.4155092 0.4166667 0.4155092 0.4166667 0.4155092 0.5763888 0.4155092 0.5763888 0.4166666 0.5763888 0.4166666 0.5763888 0.4155092 0.5763888 0.4155092 0.5763888 0.4166666 0.5509259 0.4155092 0.5509259 0.4155092 0.5763888 0.4166666 0.5509259 0.4155092 0.5509259 0.4155092 0.5509259 0.4155092 0.4166667 0.4155092 0.4166666 0.4166666 0.4166666 0.4166666 0.5763888 0.4155092 0.5763888 0.4155092 0.5763888 0.375 0.75 0.625 0.75 0.625 0.5 0.375 1 0.625 1 0.625 0.75 0.125 0.75 0.375 0.75 0.375 0.5 0.625 0.75 0.875 0.75 0.875 0.5 0.4155092 0.4166667 0.4166666 0.4166667 0.4166666 0.4166667 0.4155092 0.4166667 0.4166666 0.4166667 0.4166666 0.4166667 0.4143518 0.4166667 0.4149279 0.4166668 0.4149279 0.4166667 0.4149279 0.4166667 0.4149279 0.4166667 0.4155092 0.4166667 0.4149279 0.4166667 0.4149279 0.4166667 0.4155092 0.4166667 0.4149279 0.4166668 0.4149279 0.4166667 0.4155092 0.4166667 0.4155092 0.4166667 0.4155092 0.4166667 0.4149279 0.4166667 0.4149279 0.5763888 0.4149279 0.5763889 0.4155092 0.5763888 0.4155092 0.5763888 0.4149279 0.5763888 0.4149279 0.5763888 0.4155092 0.5509259 0.4149279 0.5509259 0.4149279 0.5763888 0.4155092 0.5509259 0.4149279 0.5509259 0.4149279 0.5509259 0.4149279 0.4166667 0.4149279 0.4166667 0.4155092 0.4166666 0.4155092 0.5763888 0.4149279 0.5763888 0.4149279 0.5763888 0.125 0.75 0.375 0.75 0.375 0.5 0.625 0.75 0.875 0.75 0.875 0.5 0.4155092 0.4166667 0.4155092 0.4166667 0.4166666 0.4166667 0.375 0.5 0.625 0.5 0.625 0.25 0.375 0.75 0.625 0.75 0.625 0.5 0.375 1 0.625 1 0.625 0.75 0.125 0.75 0.375 0.75 0.375 0.5 0.625 0.75 0.875 0.75 0.875 0.5 0.4143518 0.4166667 0.4143518 0.4166667 0.4143518 0.4166667 0.4143518 0.4166667 0.4143518 0.4166667 0.4143518 0.4166667 0.4143518 0.4166667 0.4143518 0.4166667 0.4143518 0.4166667 0.5416665 0.4166666 0.5416666 0.4166666 0.5416666 0.4166666 0.4305556 0.4166667 0.4305555 0.4166667 0.4583333 0.4166666 0.6083334 0.5 0.6083334 0.75 0.3916667 0.75 0.4583334 0.4166667 0.4583333 0.4166666 0.4583333 0.4166666 0.4583333 0.4166666 0.5367647 0.4166667 0.5367646 0.4166667 0.4583333 0.4166666 0.4583333 0.4166666 0.4583333 0.4166666 0.4583333 0.5 0.4583333 0.5509259 0.5416666 0.5509259 0.5416665 0.4166666 0.5416665 0.4166666 0.5416665 0.4166666 0.4583333 0.4166666 0.5367647 0.4166667 0.5367646 0.4166667 0.5416666 0.4166666 0.5416666 0.4166666 0.5416666 0.4166666 0.5416666 0.4166666 0.5416666 0.4166666 0.5416667 0.4166667 0.5416666 0.4166666 0.5416667 0.4166667 0.5416666 0.4166666 0.5416666 0.4166666 0.5416666 0.4166666 0.5416665 0.4166666 0.4305555 0.4166666 0.4583333 0.4166666 0.4583333 0.4166666 0.5416665 0.4166666 0.5416666 0.4166666 0.5416665 0.4166666 0.5416666 0.5763888 0.4583334 0.5763889 0.4583333 0.5763888 0.375 0.5763888 0.375 0.5763888 0.4027777 0.5763888 0.5416665 0.4166666 0.5416665 0.4166666 0.5416666 0.4166666 0.4583333 0.4166666 0.4583333 0.4166666 0.4583333 0.4166666 0.4305555 0.5763888 0.4305555 0.5763888 0.4583333 0.5763888 0.4027777 0.5763888 0.4027777 0.5763888 0.412037 0.5763888 0.5416666 0.4166666 0.5416666 0.4166666 0.5416666 0.4166666 0.375 0.4166666 0.4027777 0.4166666 0.4027778 0.4166667 0.412037 0.4166666 0.4143518 0.4166666 0.4143518 0.4166667 0.4305556 0.4166667 0.4305555 0.4166667 0.4305555 0.4166667 0.4166666 0.5509259 0.4166666 0.5763888 0.4212962 0.5763888 0.4027778 0.4166667 0.4027778 0.4166667 0.4027778 0.4166667 0.5416666 0.4166666 0.5416667 0.4166667 0.5416667 0.4166667 0.5416667 0.4166667 0.5416666 0.4166666 0.5416666 0.4166666 0.5416667 0.4166667 0.5416667 0.4166667 0.5416666 0.4166666 0.5416666 0.4166666 0.5416667 0.4166667 0.5416667 0.4166667 0.5416666 0.4166666 0.5416665 0.4166666 0.5416666 0.4166666 0.5416666 0.4166667 0.5416666 0.4166666 0.5416666 0.4166666 0.5416665 0.4166666 0.5416665 0.4166666 0.5416665 0.4166666 0.5416667 0.4166667 0.5416666 0.4166666 0.5416666 0.4166666 0.5416666 0.4166666 0.5416665 0.4166666 0.5416667 0.4166666 0.5416666 0.4166666 0.5416666 0.4166666 0.5416666 0.4166666 0.4305556 0.4166667 0.4305556 0.4166666 0.4305556 0.4166666 0.4305556 0.4166667 0.4305556 0.4166667 0.4305556 0.4166667 0.4027778 0.4166667 0.4027778 0.4166667 0.4027778 0.4166667 0.4305555 0.4166667 0.4305555 0.4166666 0.4305555 0.4166666 0.4166666 0.4166667 0.4166666 0.4166667 0.4166666 0.4166667 0.5416666 0.4166666 0.5416667 0.4166666 0.5416666 0.4166667 0.5416666 0.4166667 0.5416666 0.4166666 0.5416666 0.4166666 0.5416666 0.4166666 0.5416666 0.4166666 0.5416666 0.4166667 0.5416666 0.4166667 0.5416666 0.4166666 0.5416666 0.4166666 0.4305556 0.4166666 0.4583333 0.4166666 0.4583333 0.4166666 0.4305556 0.4166666 0.4305556 0.4166667 0.4583333 0.4166666 0.4583333 0.4166666 0.4583333 0.4166666 0.4583333 0.4166666 0.4583334 0.4166667 0.4583333 0.4166667 0.4583333 0.4166666 0.4583333 0.4166666 0.4583333 0.4166666 0.5367646 0.4166666 0.4583334 0.4166667 0.5367646 0.4166667 0.5367646 0.4166667 0.5416667 0.4166667 0.5416667 0.4166667 0.5416666 0.4166666 0.5416668 0.4166667 0.5416667 0.4166667 0.5416667 0.4166667 0.4027777 0.5509259 0.4027777 0.5763888 0.412037 0.5763888 0.4305555 0.5509259 0.4305555 0.5763888 0.4583333 0.5763888 0.4166666 0.4166667 0.4212963 0.4166666 0.4212963 0.4166666 0.375 0.5509259 0.375 0.5763888 0.4027777 0.5763888 0.4583333 0.5509259 0.4583333 0.5763888 0.5416666 0.5763888 0.5416666 0.4166666 0.5416666 0.4166666 0.5416666 0.4166666 0.5416667 0.4166667 0.5416666 0.4166666 0.5416665 0.4166666 0.5416665 0.4166666 0.5416668 0.4166667 0.5416667 0.4166667 0.4212962 0.5509259 0.4212962 0.5763888 0.4305555 0.5763888 0.412037 0.5509259 0.412037 0.5763888 0.4143518 0.5763888 0.4212962 0.5509259 0.4166666 0.5509259 0.4166666 0.5509259 0.4166666 0.5763888 0.4166666 0.5763888 0.4212962 0.5763888 0.4143518 0.5509259 0.412037 0.5509259 0.412037 0.5509259 0.4212962 0.5763888 0.4212962 0.5763888 0.4305555 0.5763888 0.412037 0.5763888 0.412037 0.5763888 0.4143518 0.5763888 0.4149279 0.5763888 0.4143518 0.5763888 0.4143518 0.5763888 0.4120371 0.4166667 0.412037 0.4166667 0.4143519 0.4166667 0.4305556 0.4166667 0.4305556 0.4166667 0.4305556 0.4166667 0.4143518 0.4166667 0.4143518 0.4166666 0.4149279 0.4166667 0.4149279 0.5509259 0.4143518 0.5509259 0.4143518 0.5509259 0.4166666 0.4166667 0.4212963 0.4166666 0.4212963 0.4166666 0.4027777 0.4166667 0.4027777 0.4166667 0.4027777 0.4166667 0.5416666 0.4166666 0.5416666 0.4166667 0.5416666 0.4166667 0.5416667 0.4166666 0.5416666 0.4166666 0.5416666 0.4166667 0.4166666 0.4166667 0.4212963 0.4166666 0.4212963 0.4166666 0.4143518 0.4166667 0.4143518 0.4166667 0.4143518 0.4166667 0.5416667 0.4166666 0.5416665 0.4166666 0.5416665 0.4166666 0.4305556 0.4166666 0.4305556 0.4166667 0.4305556 0.4166666 0.4305556 0.4166666 0.4583333 0.4166668 0.4583333 0.4166666 0.4583333 0.4166666 0.4583333 0.4166668 0.4583334 0.4166667 0.4583334 0.4166667 0.5367646 0.4166667 0.5367646 0.4166666 0.4166666 0.4166667 0.4212963 0.4166666 0.4212963 0.4166666 0.5416665 0.4166666 0.5416665 0.4166666 0.5416666 0.4166666 0.5416666 0.4166666 0.5416666 0.4166667 0.5416666 0.4166667 0.5416666 0.4166667 0.5416666 0.4166666 0.5416666 0.4166666 0.5416667 0.4166667 0.5416666 0.4166666 0.5416666 0.4166666 0.4149279 0.5509259 0.4143518 0.5509259 0.4143518 0.5763888 0.412037 0.5763888 0.412037 0.5763888 0.4143518 0.5763888 0.4212962 0.5763888 0.4212962 0.5763888 0.4305555 0.5763888 0.4166666 0.5763888 0.4166666 0.5763888 0.4212962 0.5763888 0.5416666 0.4166666 0.5416666 0.4166666 0.5416668 0.4166667 0.5416666 0.4166666 0.5416666 0.4166666 0.5416667 0.4166667 0.5416667 0.4166667 0.5416667 0.4166667 0.5416667 0.4166667 0.5416667 0.4166667 0.5416667 0.4166667 0.5416667 0.4166667 0.5416667 0.4166667 0.5416666 0.4166667 0.5416666 0.4166666 0.5416666 0.4166666 0.5416666 0.4166666 0.5416666 0.4166666 0.4027777 0.5763888 0.4027777 0.5763888 0.412037 0.5763888 0.4305555 0.5763888 0.4305555 0.5763888 0.4583334 0.5763889 0.375 0.5763888 0.375 0.5763888 0.4027777 0.5763888 0.4583333 0.5763888 0.4583334 0.5763889 0.5416666 0.5763888 0.5416666 0.4166666 0.5416666 0.4166666 0.5416666 0.4166666 0.5416666 0.4166666 0.5416666 0.4166666 0.5416665 0.4166666 0.5416665 0.4166666 0.5416666 0.4166666 0.5416666 0.4166666 0.5416667 0.4166667 0.5416666 0.4166666 0.5416667 0.4166667 0.5416667 0.4166667 0.5416667 0.4166667 0.5416666 0.4166667 0.5416667 0.4166667 0.5416666 0.4166666 0.5416667 0.4166667 0.5416665 0.4166666 0.5416666 0.4166666 0.5416667 0.4166667 0.5416666 0.4166666 0.5416666 0.4166666 0.5416666 0.4166666 0.5416666 0.4166666 0.5416666 0.4166666 0.5416667 0.4166667 0.4305556 0.4166667 0.4583333 0.4166666 0.4583333 0.4166666 0.4149279 0.4166667 0.4149279 0.4166667 0.4155092 0.4166667 0.4166666 0.4166667 0.4212963 0.4166666 0.4212963 0.4166666 0.4155092 0.4166667 0.4155092 0.4166667 0.4166666 0.4166667 0.4166666 0.4166667 0.4212963 0.4166666 0.4212963 0.4166666 0.4143518 0.4166667 0.4143518 0.4166667 0.4143518 0.4166667 0.412037 0.4166667 0.4143518 0.4166667 0.4143518 0.4166667 0.4143518 0.4166667 0.4143518 0.4166667 0.4143518 0.4166667 0.4143518 0.4166667 0.4143518 0.4166667 0.4143518 0.4166667 0.4143518 0.4166667 0.4143518 0.4166667 0.4143518 0.4166667 0.4143518 0.4166667 0.4143518 0.4166667 0.4143518 0.4166667 0.4583334 0.4166667 0.4583334 0.4166667 0.4583333 0.4166668 0.4583333 0.4166668 0.4305556 0.4166666 0.4305556 0.4166666 0.4305556 0.4166666 0.4305556 0.4166667 0.4305556 0.4166667 0.4143518 0.4166667 0.4143518 0.4166667 0.4143518 0.4166667 0.5416666 0.4166666 0.5416666 0.4166666 0.5416666 0.4166666 0.4166666 0.4166667 0.4166666 0.4166667 0.4166666 0.4166667 0.4143518 0.4166667 0.4143518 0.4166667 0.4143518 0.4166667 0.5367646 0.4166667 0.4583334 0.4166667 0.4583334 0.4166667 0.4166666 0.4166666 0.4212962 0.4166666 0.4212962 0.4166667 0.4149279 0.5763888 0.4143518 0.5763888 0.4143518 0.5763888 0.5416666 0.4166666 0.5416666 0.4166666 0.5416666 0.4166666 0.5416666 0.4166666 0.5416666 0.4166666 0.5416666 0.4166666 0.5416666 0.4166666 0.5416666 0.4166666 0.5416666 0.4166666 0.5416666 0.4166666 0.5416666 0.4166666 0.5416666 0.4166666 0.5416666 0.4166666 0.5416665 0.4166666 0.5416666 0.4166666 0.4143518 0.5763888 0.4143518 0.5763888 0.4149279 0.5763889 0.5416666 0.4166666 0.5416666 0.4166666 0.5416666 0.4166666 0.4149279 0.4166667 0.4149279 0.4166667 0.4143518 0.4166667 0.5416666 0.4166666 0.5416666 0.4166666 0.5416666 0.4166666 0.4143519 0.4166667 0.4143519 0.4166667 0.4143519 0.4166667 0.4143518 0.4166667 0.4143518 0.4166667 0.4143518 0.4166667 0.412037 0.5763888 0.412037 0.5763888 0.4143518 0.5763888 0.4166666 0.5763888 0.4166666 0.5763888 0.4212962 0.5763888 0.4212962 0.5763888 0.4212962 0.5763888 0.4305555 0.5763888 0.5416666 0.4166666 0.5416666 0.4166666 0.5416666 0.4166666 0.4027778 0.5763888 0.4027777 0.5763888 0.412037 0.5763888 0.6083334 0 0.6083334 0.25 0.3916667 0.25 0.375 0.5763888 0.375 0.5763888 0.4027777 0.5763888 0.4583333 0.5763888 0.4305555 0.5763889 0.4305555 0.5763888 0.4027777 0.4166667 0.4027778 0.4166667 0.4027778 0.4166667 0.4143518 0.4166667 0.4143518 0.4166667 0.4143518 0.4166667 0.4155092 0.4166667 0.4166666 0.4166667 0.4166666 0.4166667 0.375 1 0.625 1 0.625 0.75 0.375 0.75 0.625 0.75 0.625 0.5 0.375 0.5 0.625 0.5 0.625 0.25 0.4155092 0.4166667 0.4166666 0.4166667 0.4166666 0.4166667 0.4143518 0.4166667 0.4143518 0.4166667 0.4143518 0.4166667 0.4155092 0.4166667 0.4166666 0.4166667 0.4166666 0.4166667 0.4143518 0.4166667 0.4143518 0.4166667 0.4143518 0.4166667 0.4143518 0.4166667 0.4143518 0.4166667 0.4143518 0.4166667 0.4166666 0.4166667 0.4166666 0.4166667 0.4166666 0.4166667 0.4166666 0.4166667 0.4166666 0.4166667 0.4166666 0.4166667 0.4166666 0.4166667 0.4166666 0.4166667 0.4166666 0.4166667 0.4149279 0.4166668 0.4155092 0.4166667 0.4155092 0.4166667 0.375 0.5 0.625 0.5 0.625 0.25 0.375 0.75 0.625 0.75 0.625 0.5 0.375 1 0.625 1 0.625 0.75 0.125 0.75 0.375 0.75 0.375 0.5 0.625 0.75 0.875 0.75 0.875 0.5 0.4149279 0.4166667 0.4155092 0.4166667 0.4155092 0.4166667 0.4155092 0.4166667 0.4155092 0.4166667 0.4166666 0.4166667 0.375 0.5 0.625 0.5 0.625 0.25 0.4149279 0.4166667 0.4155092 0.4166667 0.4155092 0.4166667 0.4166666 0.4166667 0.4155092 0.4166667 0.4155092 0.4166667 0.4155092 0.5763888 0.4155092 0.5763888 0.4166666 0.5763888 0.4166666 0.5763888 0.4155092 0.5763888 0.4155092 0.5763888 0.4166666 0.5509259 0.4155092 0.5509259 0.4155092 0.5763888 0.4166666 0.5509259 0.4155092 0.5509259 0.4155092 0.5509259 0.4155092 0.4166667 0.4155092 0.4166666 0.4166666 0.4166666 0.4166666 0.5763888 0.4155092 0.5763888 0.4155092 0.5763888 0.375 0.75 0.625 0.75 0.625 0.5 0.375 1 0.625 1 0.625 0.75 0.125 0.75 0.375 0.75 0.375 0.5 0.625 0.75 0.875 0.75 0.875 0.5 0.4155092 0.4166667 0.4166666 0.4166667 0.4166666 0.4166667 0.4155092 0.4166667 0.4166666 0.4166667 0.4166666 0.4166667 0.4143518 0.4166667 0.4149279 0.4166668 0.4149279 0.4166667 0.4149279 0.4166667 0.4149279 0.4166667 0.4155092 0.4166667 0.4149279 0.4166667 0.4149279 0.4166667 0.4155092 0.4166667 0.4149279 0.4166668 0.4149279 0.4166667 0.4155092 0.4166667 0.4155092 0.4166667 0.4155092 0.4166667 0.4149279 0.4166667 0.4149279 0.5763888 0.4149279 0.5763889 0.4155092 0.5763888 0.4155092 0.5763888 0.4149279 0.5763888 0.4149279 0.5763888 0.4155092 0.5509259 0.4149279 0.5509259 0.4149279 0.5763888 0.4155092 0.5509259 0.4149279 0.5509259 0.4149279 0.5509259 0.4149279 0.4166667 0.4149279 0.4166667 0.4155092 0.4166666 0.4155092 0.5763888 0.4149279 0.5763888 0.4149279 0.5763888 0.4143518 0.4166667 0.4143518 0.4166667 0.4149279 0.4166667 0.125 0.75 0.375 0.75 0.375 0.5 0.625 0.75 0.875 0.75 0.875 0.5 0.4155092 0.4166667 0.4155092 0.4166667 0.4166666 0.4166667 0.375 0.5 0.625 0.5 0.625 0.25 0.375 0.75 0.625 0.75 0.625 0.5 0.375 1 0.625 1 0.625 0.75 0.125 0.75 0.375 0.75 0.375 0.5 0.625 0.75 0.875 0.75 0.875 0.5 0.4143518 0.4166667 0.4143518 0.4166667 0.4143518 0.4166667 0.4143518 0.4166667 0.4143518 0.4166667 0.4143518 0.4166667 0.5416666 0.4166666 0.5416666 0.4166666 0.5416666 0.4166666 0.4143518 0.4166667 0.4143518 0.4166667 0.4143518 0.4166667 0.5416665 0.4166666 0.5416666 0.4166666 0.5416666 0.4166666 0.5416666 0.4166666 0.5416666 0.4166666 0.5416665 0.4166666 0.4305556 0.4166667 0.4583333 0.4166666 0.4583333 0.4166666 0.4583334 0.4166667 0.4583333 0.4166666 0.4583333 0.4166666 0.5367646 0.4166667 0.5367647 0.4166667 0.4583333 0.4166666 0.4583333 0.4166666 0.4583333 0.4166666 0.4583333 0.4166666 0.5416666 0.5509259 0.4583333 0.5509259 0.4583333 0.5 0.5367646 0.4166667 0.5367647 0.4166667 0.4583333 0.4166666 0.5416666 0.4166666 0.5416666 0.4166666 0.5416666 0.4166666 0.5416666 0.4166666 0.5416666 0.4166666 0.5416667 0.4166667 0.5416666 0.4166666 0.5416666 0.4166666 0.5416666 0.4166666 0.5416665 0.4166666 0.5416666 0.4166666 0.5416666 0.4166666 0.4583333 0.4166666 0.4583333 0.4166666 0.4305555 0.4166666 0.5416665 0.4166666 0.5416666 0.4166666 0.5416666 0.4166666 0.5416666 0.5763888 0.5416666 0.5763888 0.4583333 0.5763888 0.4027777 0.5763888 0.375 0.5763888 0.375 0.5763888 0.4583333 0.5763888 0.4305555 0.5763888 0.4305555 0.5763888 0.412037 0.5763888 0.4027777 0.5763888 0.4027777 0.5763888 0.5416666 0.4166666 0.5416666 0.4166666 0.5416666 0.4166666 0.4027778 0.4166667 0.4027777 0.4166666 0.375 0.4166666 0.4143518 0.4166667 0.4143518 0.4166666 0.412037 0.4166666 0.4305555 0.4166667 0.4305555 0.4166667 0.4305556 0.4166667 0.4212962 0.5763888 0.4166666 0.5763888 0.4166666 0.5509259 0.4027778 0.4166667 0.4027778 0.4166667 0.4027778 0.4166667 0.5416667 0.4166667 0.5416667 0.4166667 0.5416666 0.4166666 0.5416666 0.4166666 0.5416666 0.4166666 0.5416666 0.4166666 0.5416667 0.4166667 0.5416666 0.4166666 0.5416666 0.4166666 0.5416667 0.4166667 0.5416667 0.4166667 0.5416666 0.4166666 0.5416666 0.4166666 0.5416666 0.4166666 0.5416666 0.4166666 0.5416666 0.4166667 0.5416666 0.4166666 0.5416666 0.4166666 0.5416665 0.4166666 0.5416665 0.4166666 0.5416665 0.4166666 0.5416666 0.4166666 0.5416666 0.4166666 0.5416667 0.4166667 0.5416667 0.4166666 0.5416665 0.4166666 0.5416666 0.4166666 0.5416666 0.4166666 0.5416666 0.4166666 0.5416666 0.4166666 0.4305556 0.4166666 0.4305556 0.4166666 0.4305556 0.4166667 0.4305556 0.4166667 0.4305556 0.4166667 0.4305556 0.4166667 0.4027778 0.4166667 0.4027777 0.4166667 0.4027778 0.4166667 0.4305555 0.4166666 0.4305555 0.4166666 0.4305555 0.4166667 0.4166666 0.4166667 0.4166666 0.4166667 0.4166666 0.4166667 0.5416666 0.4166667 0.5416667 0.4166666 0.5416666 0.4166666 0.5416666 0.4166667 0.5416666 0.4166666 0.5416666 0.4166666 0.5416666 0.4166666 0.5416666 0.4166666 0.5416666 0.4166667 0.5416666 0.4166666 0.5416666 0.4166666 0.5416666 0.4166667 0.4583333 0.4166666 0.4583333 0.4166666 0.4305556 0.4166666 0.4305556 0.4166666 0.4583333 0.4166667 0.4583333 0.4166666 0.4583333 0.4166666 0.4583333 0.4166666 0.4583333 0.4166666 0.4583334 0.4166667 0.4583334 0.4166667 0.4583333 0.4166666 0.4583333 0.4166666 0.5367646 0.4166666 0.5367646 0.4166666 0.5367646 0.4166667 0.5367646 0.4166667 0.4583334 0.4166667 0.5416667 0.4166667 0.5416667 0.4166667 0.5416666 0.4166666 0.5416668 0.4166667 0.5416667 0.4166667 0.5416667 0.4166667 0.412037 0.5763888 0.4027777 0.5763888 0.4027777 0.5509259 0.4583333 0.5763888 0.4305555 0.5763888 0.4305555 0.5509259 0.4027777 0.5763888 0.375 0.5763888 0.375 0.5509259 0.5416666 0.5763888 0.4583333 0.5763888 0.4583333 0.5509259 0.5416666 0.4166666 0.5416666 0.4166666 0.5416666 0.4166666 0.5416665 0.4166666 0.5416666 0.4166666 0.5416667 0.4166667 0.5416665 0.4166666 0.5416666 0.4166666 0.5416667 0.4166667 0.4305555 0.5763888 0.4212962 0.5763888 0.4212962 0.5509259 0.4143518 0.5763888 0.412037 0.5763888 0.412037 0.5509259 0.4166666 0.5509259 0.4166666 0.5509259 0.4212962 0.5509259 0.4212962 0.5763888 0.4166666 0.5763888 0.4166666 0.5763888 0.412037 0.5509259 0.412037 0.5509259 0.4143518 0.5509259 0.4305555 0.5763888 0.4212962 0.5763888 0.4212962 0.5763888 0.4143518 0.5763888 0.412037 0.5763888 0.412037 0.5763888 0.4143518 0.5763888 0.4143518 0.5763888 0.4149279 0.5763888 0.4120371 0.4166667 0.4143519 0.4166667 0.4143519 0.4166667 0.4149279 0.4166667 0.4143518 0.4166666 0.4143518 0.4166667 0.4143518 0.5509259 0.4143518 0.5509259 0.4149279 0.5509259 0.4212963 0.4166666 0.4212963 0.4166666 0.4166666 0.4166667 0.5416666 0.4166666 0.5416666 0.4166666 0.5416666 0.4166667 0.5416666 0.4166667 0.5416666 0.4166666 0.5416667 0.4166666 0.4212963 0.4166666 0.4212963 0.4166666 0.4166666 0.4166667 0.4143518 0.4166667 0.4143518 0.4166667 0.4143518 0.4166667 0.5416667 0.4166666 0.5416666 0.4166666 0.5416665 0.4166666 0.4305556 0.4166666 0.4305556 0.4166667 0.4305556 0.4166666 0.4583333 0.4166666 0.4583333 0.4166668 0.4305556 0.4166666 0.4583334 0.4166667 0.4583333 0.4166668 0.4583333 0.4166666 0.5367646 0.4166666 0.5367646 0.4166667 0.4583334 0.4166667 0.4212963 0.4166666 0.4212963 0.4166666 0.4166666 0.4166667 0.5416666 0.4166666 0.5416665 0.4166666 0.5416665 0.4166666 0.5416666 0.4166666 0.5416666 0.4166666 0.5416666 0.4166667 0.5416666 0.4166667 0.5416666 0.4166667 0.5416666 0.4166666 0.5416667 0.4166667 0.5416666 0.4166666 0.5416666 0.4166666 0.4143518 0.5763888 0.4143518 0.5509259 0.4149279 0.5509259 0.4143518 0.5763888 0.412037 0.5763888 0.412037 0.5763888 0.4305555 0.5763888 0.4212962 0.5763888 0.4212962 0.5763888 0.4212962 0.5763888 0.4166666 0.5763888 0.4166666 0.5763888 0.5416666 0.4166666 0.5416665 0.4166666 0.5416668 0.4166667 0.5416666 0.4166666 0.5416668 0.4166667 0.5416667 0.4166667 0.5416667 0.4166667 0.5416667 0.4166667 0.5416667 0.4166667 0.5416667 0.4166667 0.5416667 0.4166667 0.5416667 0.4166667 0.5416667 0.4166667 0.5416666 0.4166666 0.5416666 0.4166666 0.5416667 0.4166667 0.5416666 0.4166666 0.5416666 0.4166666 0.412037 0.5763888 0.4027777 0.5763888 0.4027777 0.5763888 0.4583334 0.5763889 0.4305555 0.5763888 0.4305555 0.5763888 0.4027777 0.5763888 0.375 0.5763888 0.375 0.5763888 0.5416666 0.5763888 0.4583334 0.5763889 0.4583333 0.5763888 0.5416667 0.4166667 0.5416666 0.4166666 0.5416666 0.4166666 0.5416665 0.4166666 0.5416666 0.4166666 0.5416666 0.4166666 0.5416666 0.4166666 0.5416666 0.4166666 0.5416665 0.4166666 0.5416667 0.4166667 0.5416667 0.4166667 0.5416667 0.4166667 0.5416666 0.4166667 0.5416667 0.4166667 0.5416667 0.4166667 0.5416667 0.4166667 0.5416666 0.4166666 0.5416667 0.4166667 0.5416665 0.4166666 0.5416665 0.4166666 0.5416667 0.4166667 0.5416666 0.4166666 0.5416666 0.4166666 0.5416666 0.4166666 0.5416666 0.4166666 0.5416666 0.4166666 0.5416667 0.4166667 0.4212963 0.4166666 0.4212963 0.4166666 0.4166666 0.4166667 0.4212963 0.4166666 0.4212963 0.4166666 0.4166666 0.4166667 0.4143518 0.4166667 0.4143518 0.4166667 0.4143518 0.4166667 0.4143518 0.4166667 0.4143518 0.4166667 0.4143518 0.4166667 0.4143518 0.4166667 0.4143518 0.4166667 0.4143518 0.4166667 0.4143518 0.4166667 0.4143518 0.4166667 0.4143518 0.4166667 0.4143518 0.4166667 0.4143518 0.4166667 0.4143518 0.4166667 0.4583334 0.4166667 0.4583333 0.4166667 0.4583333 0.4166668 0.4305556 0.4166666 0.4305556 0.4166666 0.4583333 0.4166668 0.4305556 0.4166667 0.4305556 0.4166667 0.4305556 0.4166666 0.4143518 0.4166667 0.4143518 0.4166667 0.4143518 0.4166667 0.5416666 0.4166666 0.5416666 0.4166666 0.5416666 0.4166666 0.4166666 0.4166667 0.4166666 0.4166667 0.4166666 0.4166667 0.4143518 0.4166667 0.4143518 0.4166667 0.4143518 0.4166667 0.4583334 0.4166667 0.4583334 0.4166667 0.5367646 0.4166667 0.4212962 0.4166666 0.4212962 0.4166666 0.4166666 0.4166666 0.4143518 0.5763888 0.4143518 0.5763888 0.4149279 0.5763888 0.5416666 0.4166666 0.5416666 0.4166666 0.5416666 0.4166667 0.5416666 0.4166666 0.5416666 0.4166666 0.5416666 0.4166666 0.5416666 0.4166666 0.5416666 0.4166666 0.5416666 0.4166666 0.5416666 0.4166666 0.5416665 0.4166666 0.5416666 0.4166666 0.4149279 0.5763889 0.4143518 0.5763888 0.4143518 0.5763888 0.5416666 0.4166666 0.5416666 0.4166666 0.5416666 0.4166666 0.4149279 0.4166667 0.4143518 0.4166667 0.4143518 0.4166667 0.5416666 0.4166667 0.5416666 0.4166666 0.5416666 0.4166666 0.4143519 0.4166667 0.4143519 0.4166667 0.4143519 0.4166667 0.4143518 0.4166667 0.4143518 0.4166667 0.4143518 0.4166667 0.4143518 0.5763888 0.412037 0.5763888 0.412037 0.5763888 0.4212962 0.5763888 0.4166666 0.5763888 0.4166666 0.5763888 0.4305555 0.5763888 0.4212962 0.5763888 0.4212962 0.5763888 0.5416666 0.4166666 0.5416666 0.4166666 0.5416666 0.4166666 0.412037 0.5763888 0.4027777 0.5763888 0.4027777 0.5763888 0.8583334 0.5 0.8583334 0.75 0.6416667 0.75 0.4027777 0.5763888 0.375 0.5763888 0.375 0.5763888 0.4583333 0.5763888 0.4305555 0.5763888 0.4305555 0.5763889 0.4027778 0.4166667 0.4027778 0.4166667 0.4027777 0.4166667 0.4143518 0.4166667 0.4143518 0.4166667 0.4143518 0.4166667 0.4166666 0.4166667 0.4166666 0.4166667 0.4155092 0.4166667 0.625 0.75 0.625 1 0.375 1 0.625 0.5 0.625 0.75 0.375 0.75 0.625 0.25 0.625 0.5 0.375 0.5 0.4166666 0.4166667 0.4166666 0.4166667 0.4155092 0.4166667 0.4143518 0.4166667 0.4143518 0.4166667 0.4143518 0.4166667 0.4166666 0.4166667 0.4166666 0.4166667 0.4155092 0.4166667 0.4143518 0.4166667 0.4143518 0.4166667 0.4143518 0.4166667 0.4143518 0.4166667 0.4143518 0.4166667 0.4143518 0.4166667 0.4166666 0.4166667 0.4166666 0.4166667 0.4166666 0.4166667 0.4166666 0.4166667 0.4166666 0.4166667 0.4166666 0.4166667 0.4166666 0.4166667 0.4166666 0.4166667 0.4166666 0.4166667 0.4155092 0.4166667 0.4155092 0.4166667 0.4149279 0.4166668 0.625 0.25 0.625 0.5 0.375 0.5 0.625 0.5 0.625 0.75 0.375 0.75 0.625 0.75 0.625 1 0.375 1 0.375 0.5 0.375 0.75 0.125 0.75 0.875 0.5 0.875 0.75 0.625 0.75 0.4155092 0.4166667 0.4155092 0.4166667 0.4149279 0.4166667 0.4166666 0.4166667 0.4155092 0.4166667 0.4155092 0.4166667 0.625 0.25 0.625 0.5 0.375 0.5 0.4155092 0.4166667 0.4155092 0.4166667 0.4149279 0.4166667 0.4155092 0.4166667 0.4155092 0.4166667 0.4166666 0.4166667 0.4166666 0.5763888 0.4155092 0.5763888 0.4155092 0.5763888 0.4155092 0.5763888 0.4155092 0.5763888 0.4166666 0.5763888 0.4155092 0.5763888 0.4155092 0.5509259 0.4166666 0.5509259 0.4155092 0.5509259 0.4155092 0.5509259 0.4166666 0.5509259 0.4166666 0.4166666 0.4155092 0.4166666 0.4155092 0.4166667 0.4155092 0.5763888 0.4155092 0.5763888 0.4166666 0.5763888 0.625 0.5 0.625 0.75 0.375 0.75 0.625 0.75 0.625 1 0.375 1 0.375 0.5 0.375 0.75 0.125 0.75 0.875 0.5 0.875 0.75 0.625 0.75 0.4166666 0.4166667 0.4166666 0.4166667 0.4155092 0.4166667 0.4166666 0.4166667 0.4166666 0.4166667 0.4155092 0.4166667 0.4149279 0.4166667 0.4149279 0.4166668 0.4143518 0.4166667 0.4155092 0.4166667 0.4149279 0.4166667 0.4149279 0.4166667 0.4155092 0.4166667 0.4149279 0.4166667 0.4149279 0.4166667 0.4155092 0.4166667 0.4149279 0.4166667 0.4149279 0.4166668 0.4155092 0.4166667 0.4149279 0.4166667 0.4149279 0.4166667 0.4155092 0.5763888 0.4149279 0.5763889 0.4149279 0.5763888 0.4149279 0.5763888 0.4149279 0.5763888 0.4155092 0.5763888 0.4149279 0.5763888 0.4149279 0.5509259 0.4155092 0.5509259 0.4149279 0.5509259 0.4149279 0.5509259 0.4155092 0.5509259 0.4155092 0.4166666 0.4149279 0.4166667 0.4149279 0.4166667 0.4149279 0.5763888 0.4149279 0.5763888 0.4155092 0.5763888 0.375 0.5 0.375 0.75 0.125 0.75 0.875 0.5 0.875 0.75 0.625 0.75 0.4166666 0.4166667 0.4155092 0.4166667 0.4155092 0.4166667 0.625 0.25 0.625 0.5 0.375 0.5 0.625 0.5 0.625 0.75 0.375 0.75 0.625 0.75 0.625 1 0.375 1 0.375 0.5 0.375 0.75 0.125 0.75 0.875 0.5 0.875 0.75 0.625 0.75 0.4143518 0.4166667 0.4143518 0.4166667 0.4143518 0.4166667 0.4143518 0.4166667 0.4143518 0.4166667 0.4143518 0.4166667 0.4143518 0.4166667 0.4143518 0.4166667 0.4143518 0.4166667 0.4027777 0.4166667 0.4027777 0.4166667 0.4027778 0.4166667 0.4155092 0.4166667 0.4155092 0.4166667 0.4149279 0.4166667 0.375 0.4166667 0.375 0.4166667 0.375 0.4166667 0.375 0.4166666 0.375 0.4166666 0.375 0.4166667 0.4143518 0.4166667 0.4143518 0.4166667 0.4143518 0.4166667 0.4143518 0.4166667 0.4143518 0.4166667 0.4143518 0.4166667 0.4027778 0.4166667 0.4027778 0.4166667 0.4027777 0.4166667 0.375 0.4166666 0.375 0.4166666 0.375 0.4166667 0.4143518 0.4166667 0.4143518 0.4166667 0.4143518 0.4166667 0.4027778 0.4166667 0.4027778 0.4166667 0.4027777 0.4166667 0.375 0.4166667 0.375 0.4166667 0.375 0.4166667 0.4027777 0.4166667 0.4027777 0.4166667 0.4027778 0.4166667 0.4143518 0.4166667 0.4143518 0.4166667 0.4143518 0.4166667 0.5416665 0.4166666 0.5416665 0.4166666 0.5416665 0.4166666 0.375 0.4166666 0.375 0.4166666 0.375 0.4166667 0.4143518 0.4166667 0.4143518 0.4166667 0.4143518 0.4166667 0.4027777 0.4166667 0.4027777 0.4166667 0.4027778 0.4166667 0.375 0.4166667 0.375 0.4166667 0.375 0.4166667 0.4143518 0.4166667 0.4143518 0.4166667 0.4143518 0.4166667 0.4027778 0.4166667 0.4027778 0.4166667 0.4027777 0.4166667 0.4143518 0.4166667 0.4143518 0.4166667 0.4143518 0.4166667 0.375 0.4166666 0.375 0.4166666 0.375 0.4166667 0.375 0.4166667 0.375 0.4166667 0.375 0.4166667 0.4027778 0.4166667 0.4027778 0.4166667 0.4027777 0.4166667 0.4027777 0.4166667 0.4027777 0.4166667 0.4027778 0.4166667 0.4143518 0.4166667 0.4143518 0.4166667 0.4143518 0.4166667 0.4143518 0.4166667 0.4143518 0.4166667 0.4143518 0.4166667 0.375 0.4166667 0.375 0.4166667 0.375 0.4166667 0.4143518 0.4166667 0.4143518 0.4166667 0.4143518 0.4166667 0.375 0.4166666 0.375 0.4166666 0.375 0.4166667 0.4027778 0.4166667 0.4027778 0.4166667 0.4027777 0.4166667 0.4027777 0.4166667 0.4027777 0.4166667 0.4027778 0.4166667 0.375 0.4166666 0.375 0.4166666 0.375 0.4166667 0.4027778 0.4166667 0.4027778 0.4166667 0.4027777 0.4166667 0.375 0.4166667 0.375 0.4166667 0.375 0.4166667 0.4027777 0.4166667 0.4027777 0.4166667 0.4027778 0.4166667 0.4143518 0.4166667 0.4143518 0.4166667 0.4143518 0.4166667 0.4143518 0.4166667 0.4143518 0.4166667 0.4143518 0.4166667 0.4027778 0.4166667 0.4027778 0.4166667 0.4027777 0.4166667 0.4027777 0.4166667 0.4027777 0.4166667 0.4027778 0.4166667 0.4143518 0.4166667 0.4143518 0.4166667 0.4143518 0.4166667 0.4143518 0.4166667 0.4143518 0.4166667 0.4143518 0.4166667 0.5029461 0.1363636 0.5113636 0.1279461 0.5113636 0.1279461 0.375 0.4166667 0.375 0.4166667 0.375 0.4166667 0.502946 0.1363636 0.5113636 0.1279461 0.5037879 0.1279461 0.375 0.4166666 0.375 0.4166666 0.375 0.4166667 0.4143518 0.4166667 0.4143518 0.4166667 0.4143518 0.4166667 0.4143518 0.4166667 0.4143518 0.4166667 0.4143518 0.4166667 0.375 0.4166667 0.375 0.4166667 0.375 0.4166667 0.4027777 0.4166667 0.4027777 0.4166667 0.4027777 0.4166667 0.4027777 0.4166667 0.4027777 0.4166667 0.4027778 0.4166667 0.375 0.4166666 0.375 0.4166666 0.375 0.4166667 0.4027778 0.4166667 0.4027778 0.4166667 0.4027777 0.4166667 0.5113636 0.1279461 0.5029461 0.1363636 0.5014309 0.1388888 0.5029461 0.1363636 0.5046296 0.1388888 0.5042929 0.1388888 0.5029461 0.1363636 0.5042929 0.1388888 0.5041245 0.1388888 0.5138888 0.1292929 0.5138888 0.1296296 0.5113636 0.1279461 0.5138888 0.1291245 0.5138888 0.1292929 0.5113636 0.1279461 0.5029461 0.1363636 0.5041245 0.1388888 0.5037878 0.1388888 0.5029461 0.1363636 0.5037878 0.1388888 0.5026094 0.1388888 0.5138888 0.1287878 0.5138888 0.1291245 0.5113636 0.1279461 0.5138888 0.1276094 0.5138888 0.1287878 0.5113636 0.1279461 0.5029461 0.1363636 0.5026094 0.1388888 0.5014309 0.1388888 0.5138888 0.1264309 0.5138888 0.1276094 0.5113636 0.1279461 0.625 0.25 0.875 0.75 0.5113636 0.1338384 0.5088384 0.1363636 0.375 1 0.125 0.5 0.4027777 0.4166667 0.4027777 0.4166667 0.4027778 0.4166667 0.5113636 0.1338384 0.625 1 0.375 1 0.625 0.75 0.875 0.75 0.875 0.5 0.4027778 0.4166667 0.4027778 0.4166667 0.4027777 0.4166667 0.125 0.75 0.375 0.75 0.375 0.5 0.375 0.4166666 0.375 0.4166666 0.375 0.4166667 0.375 1 0.625 1 0.625 0.75 0.4143518 0.4166667 0.4143518 0.4166667 0.4143518 0.4166667 0.375 0.4166667 0.375 0.4166667 0.375 0.4166668 0.4143518 0.4166667 0.4143518 0.4166667 0.4143518 0.4166667 0.375 0.5 0.375 0.75 0.625 0.75 0.4155092 0.5763888 0.4149279 0.5763888 0.4149279 0.5763888 0.4166666 0.5763888 0.4155092 0.5763888 0.4155092 0.5763888 0.4583333 0.5763887 0.4583333 0.5763887 0.4305555 0.5763889 0.4027777 0.5763888 0.375 0.5763888 0.375 0.5763888 0.5416666 0.5763888 0.5416666 0.5763888 0.4583333 0.5763887 0.412037 0.5763888 0.4027777 0.5763888 0.4027777 0.5763888 0.5416666 0.4166666 0.5416666 0.4166666 0.5416666 0.4166666 0.4305555 0.5763889 0.4212962 0.5763888 0.4212962 0.5763888 0.4212962 0.5763888 0.4166666 0.5763888 0.4166666 0.5763888 0.5416666 0.4166667 0.5416666 0.4166666 0.5416666 0.4166666 0.4143518 0.5763888 0.412037 0.5763888 0.412037 0.5763888 0.5416666 0.4166667 0.5416666 0.4166666 0.5416666 0.4166666 0.5416666 0.4166666 0.5416666 0.4166666 0.5416666 0.4166666 0.4149279 0.5763888 0.4143518 0.5763888 0.4143518 0.5763888 0.5416666 0.4166666 0.5416666 0.4166666 0.5416666 0.4166666 0.5416666 0.4166666 0.5416666 0.4166666 0.5416666 0.4166666 0.375 0.5 0.625 0.5 0.625 0.25 0.5416665 0.4166666 0.5416666 0.4166666 0.5416666 0.4166666 0.4149279 0.5763888 0.4149279 0.5763888 0.4155092 0.5763888 0.4155092 0.5763888 0.4155092 0.5763888 0.4166666 0.5763888 0.4583333 0.5763888 0.4305556 0.5763889 0.4305555 0.5763889 0.375 0.5763888 0.375 0.5763888 0.4027778 0.5763888 0.4583333 0.5763888 0.4583333 0.5763888 0.5416666 0.5763888 0.4027778 0.5763888 0.4027778 0.5763888 0.412037 0.5763888 0.4212962 0.5763888 0.4212962 0.5763888 0.4305555 0.5763889 0.4166666 0.5763888 0.4166666 0.5763888 0.4212962 0.5763888 0.412037 0.5763888 0.412037 0.5763888 0.4143518 0.5763888 0.5416666 0.4166666 0.5416666 0.4166666 0.5416666 0.4166666 0.5416666 0.4166666 0.5416666 0.4166666 0.5416666 0.4166666 0.4143518 0.5763888 0.4143518 0.5763888 0.4149279 0.5763888 0.5416666 0.4166666 0.5416666 0.4166666 0.5416666 0.4166666 0.5416666 0.4166666 0.5416666 0.4166666 0.5416666 0.4166666 0.5416666 0.4166666 0.5416666 0.4166666 0.5416665 0.4166666 0.5088384 0.1363636 0.5088384 0.1363636 0.5113636 0.1338384 0.375 0.25 0.375 0 0.3916667 0 0.625 0.25 0.6083334 0.25 0.6083334 0 0.3583333 0.75 0.3583334 0.5 0.3916667 0.5 0.6416667 0.75 0.6083334 0.75 0.6083334 0.5 0.3583334 0.5 0.3583333 0.75 0.1416666 0.75 0.625 0 0.625 0.25 0.375 0.25 0.375 0.25 0.625 0.25 0.625 0.5 0.625 0.5 0.625 0.75 0.375 0.75 0.375 0.75 0.625 0.75 0.625 1 0.375 0.5 0.375 0.75 0.125 0.75 0.625 0.5 0.875 0.5 0.875 0.75 0.625 0 0.625 0.25 0.375 0.25 0.375 0.25 0.625 0.25 0.625 0.5 0.625 0.5 0.625 0.75 0.375 0.75 0.625 0.75 0.625 1 0.375 1 0.375 0.5 0.375 0.75 0.125 0.75 0.875 0.5 0.875 0.75 0.625 0.75 0.625 0 0.625 0.25 0.375 0.25 0.375 0.25 0.625 0.25 0.625 0.5 0.625 0.5 0.625 0.75 0.375 0.75 0.375 0.75 0.625 0.75 0.625 1 0.375 0.5 0.375 0.75 0.125 0.75 0.625 0.5 0.875 0.5 0.875 0.75 0.625 0 0.625 0.25 0.375 0.25 0.375 0.25 0.625 0.25 0.625 0.5 0.625 0.5 0.625 0.75 0.375 0.75 0.625 0.75 0.625 1 0.375 1 0.375 0.5 0.375 0.75 0.125 0.75 0.875 0.5 0.875 0.75 0.625 0.75 0.375 0 0.375 0.5 0.375 0.25 0.3583333 0.75 0.3916667 0.75 0.625 0.5 0.375 0.25 0.625 0.25 0.625 0 0.3916667 0 0.375 0.25 0.375 0.25 0 0 0 0 0 0 0.625 0.25 0 0 0.6416667 0.75 0 0 0 0 0 0 0 0 0 0 0 0 0 0 0.625 0.5 0.3916667 0.75 0 0 0 0 0 0 0.375 0.5 0.375 0.5 0.375 0 0 0 0 0 0 0 1 1 0.875 1 0.875 0.5 0.875 1 0.75 1 0.75 0.5 0.75 1 0.625 1 0.625 0.5 0.625 1 0.5 1 0.5 0.5 0.5 1 0.375 1 0.375 0.5 0.375 1 0.25 1 0.25 0.5 0.49 0.25 0.4197056 0.4197056 0.25 0.49 0.25 0.49 0.08029437 0.4197056 0.49 0.25 0.08029437 0.4197056 0.00999999 0.25 0.49 0.25 0.00999999 0.25 0.08029437 0.08029437 0.25 0.00999999 0.25 0.00999999 0.4197056 0.08029437 0.00999999 0.25 0.25 1 0.125 1 0.125 0.5 0.125 1 0 1 0 0.5 0.9197056 0.4197056 0.75 0.49 0.5802944 0.4197056 0.5802944 0.4197056 0.51 0.25 0.5802944 0.08029437 0.5802944 0.08029437 0.75 0.00999999 0.9197056 0.08029437 0.9197056 0.08029437 0.99 0.25 0.9197056 0.4197056 0.9197056 0.4197056 0.5802944 0.4197056 0.9197056 0.08029437 1 1 0.875 1 0.875 0.5 0.875 1 0.75 1 0.75 0.5 0.75 1 0.625 1 0.625 0.5 0.625 0.5 0.625 1 0.5 1 0.5 0.5 0.5 1 0.375 1 0.375 1 0.25 1 0.25 0.5 0.49 0.25 0.4197056 0.4197056 0.25 0.49 0.25 0.49 0.08029437 0.4197056 0.00999999 0.25 0.00999999 0.25 0.08029437 0.08029437 0.25 0.00999999 0.25 0.00999999 0.4197056 0.08029437 0.00999999 0.25 0.4197056 0.08029437 0.49 0.25 0.00999999 0.25 0.25 1 0.125 1 0.125 0.5 0.125 1 0 1 0 0.5 0.5802944 0.4197056 0.75 0.49 0.9197056 0.4197056 0.9197056 0.4197056 0.99 0.25 0.5802944 0.4197056 0.99 0.25 0.9197056 0.08029437 0.5802944 0.4197056 0.9197056 0.08029437 0.75 0.00999999 0.5802944 0.08029437 0.5802944 0.08029437 0.51 0.25 0.9197056 0.08029437 1 1 0.875 1 0.875 0.5 0.875 1 0.75 1 0.75 0.5 0.75 1 0.625 1 0.625 0.5 0.625 1 0.5 1 0.5 0.5 0.5 1 0.375 1 0.375 0.5 0.375 1 0.25 1 0.25 0.5 0.49 0.25 0.4197056 0.4197056 0.25 0.49 0.25 0.49 0.08029437 0.4197056 0.49 0.25 0.08029437 0.4197056 0.00999999 0.25 0.49 0.25 0.00999999 0.25 0.08029437 0.08029437 0.25 0.00999999 0.25 0.00999999 0.4197056 0.08029437 0.00999999 0.25 0.25 1 0.125 1 0.125 0.5 0.125 1 0 1 0 0.5 0.9197056 0.4197056 0.75 0.49 0.5802944 0.4197056 0.5802944 0.4197056 0.51 0.25 0.5802944 0.08029437 0.5802944 0.08029437 0.75 0.00999999 0.9197056 0.08029437 0.9197056 0.08029437 0.99 0.25 0.9197056 0.4197056 0.9197056 0.4197056 0.5802944 0.4197056 0.9197056 0.08029437 1 1 0.875 1 0.875 0.5 0.875 1 0.75 1 0.75 0.5 0.75 1 0.625 1 0.625 0.5 0.625 0.5 0.625 1 0.5 1 0.5 0.5 0.5 1 0.375 1 0.375 1 0.25 1 0.25 0.5 0.49 0.25 0.4197056 0.4197056 0.25 0.49 0.25 0.49 0.08029437 0.4197056 0.00999999 0.25 0.00999999 0.25 0.08029437 0.08029437 0.25 0.00999999 0.25 0.00999999 0.4197056 0.08029437 0.00999999 0.25 0.4197056 0.08029437 0.49 0.25 0.00999999 0.25 0.25 1 0.125 1 0.125 0.5 0.125 1 0 1 0 0.5 0.5802944 0.4197056 0.75 0.49 0.9197056 0.4197056 0.9197056 0.4197056 0.99 0.25 0.5802944 0.4197056 0.99 0.25 0.9197056 0.08029437 0.5802944 0.4197056 0.9197056 0.08029437 0.75 0.00999999 0.5802944 0.08029437 0.5802944 0.08029437 0.51 0.25 0.9197056 0.08029437 0.125 0.5 0 0.5 0.625 0.5 0.875 0.5 0 0 0 0 0 0 0 0 0 0 0 0 0.625 0.5 0 0 0 0 0 0 0 0 0.375 0.5 0 0 0 0 0 0 0 0 0 0 0.125 0.5 0 0 0 0 0 0 0 0 0 0 0 0 0 0 0 0 0 0 0 0 0 0 0 0 0 0 0 0 0 0 0 0 0 0 0 0 0 0 0 0 0 0 0 0 0 0 0 0 0 0 0 0 0.75 0.49 0.51 0.25 0.5 0.5 0.625 0.25 0.6416667 0.5 0.5769231 0.8333333 0.5769231 0.8333333 0.6083334 0.5 0.3916667 0.5 0.3583334 0.5 0.1416667 0.5 0.4134616 0.9166666 0.3916667 0.25 0.6083334 0.25 0 0 0.6083334 0.5 0.6083334 0.75 0.3916667 0.75 0.6083334 0 0.6083334 0.25 0.3916667 0.25 0.8583334 0.5 0.8583334 0.75 0.6416667 0.75 0.375 0 0.3916667 0 0.3916667 0.25 0.625 0 0.625 0.25 0.6083334 0.25 0.3583333 0.75 0.3583334 0.5 0.3916667 0.5 0.6416667 0.75 0.6083334 0.75 0.6083334 0.5 0.3583334 0.5 0.3583333 0.75 0.1416666 0.75 0.625 0 0.625 0.25 0.375 0.25 0.375 0.25 0.625 0.25 0.625 0.5 0.625 0.5 0.625 0.75 0.375 0.75 0.375 0.75 0.625 0.75 0.625 1 0.375 0.5 0.375 0.75 0.125 0.75 0.625 0.5 0.875 0.5 0.875 0.75 0.625 0 0.625 0.25 0.375 0.25 0.375 0.25 0.625 0.25 0.625 0.5 0.625 0.5 0.625 0.75 0.375 0.75 0.625 0.75 0.625 1 0.375 1 0.375 0.5 0.375 0.75 0.125 0.75 0.875 0.5 0.875 0.75 0.625 0.75 0.625 0 0.625 0.25 0.375 0.25 0.375 0.25 0.625 0.25 0.625 0.5 0.625 0.5 0.625 0.75 0.375 0.75 0.375 0.75 0.625 0.75 0.625 1 0.375 0.5 0.375 0.75 0.125 0.75 0.625 0.5 0.875 0.5 0.875 0.75 0.625 0 0.625 0.25 0.375 0.25 0.375 0.25 0.625 0.25 0.625 0.5 0.625 0.5 0.625 0.75 0.375 0.75 0.625 0.75 0.625 1 0.375 1 0.375 0.5 0.375 0.75 0.125 0.75 0.875 0.5 0.875 0.75 0.625 0.75 0.375 0 0.375 0.5 0.375 0.25 0.3583333 0.75 0.3916667 0.75 0.625 0.5 0.375 0.25 0.625 0.25 0.625 0 0.3916667 0 0.375 0.25 0.375 0.25 0 0 0 0 0 0 0.625 0.25 0 0 0.6416667 0.75 0 0 0 0 0 0 0 0 0 0 0 0 0 0 0.625 0.5 0.3916667 0.75 0 0 0 0 0 0 0.3583333 0.75 0.375 0.5 0.375 0.5 0 0 0 0 0 0 1 1 0.875 1 0.875 0.5 0.875 1 0.75 1 0.75 0.5 0.75 1 0.625 1 0.625 0.5 0.625 1 0.5 1 0.5 0.5 0.5 1 0.375 1 0.375 0.5 0.375 1 0.25 1 0.25 0.5 0.49 0.25 0.4197056 0.4197056 0.25 0.49 0.25 0.49 0.08029437 0.4197056 0.00999999 0.25 0.00999999 0.25 0.08029437 0.08029437 0.25 0.00999999 0.25 0.00999999 0.4197056 0.08029437 0.00999999 0.25 0.4197056 0.08029437 0.49 0.25 0.00999999 0.25 0.25 1 0.125 1 0.125 0.5 0.125 1 0 1 0 0.5 0.9197056 0.4197056 0.75 0.49 0.5802944 0.4197056 0.5802944 0.4197056 0.51 0.25 0.5802944 0.08029437 0.5802944 0.08029437 0.75 0.00999999 0.9197056 0.08029437 0.9197056 0.08029437 0.99 0.25 0.9197056 0.4197056 0.9197056 0.4197056 0.5802944 0.4197056 0.9197056 0.08029437 1 1 0.875 1 0.875 0.5 0.875 1 0.75 1 0.75 0.5 0.75 1 0.625 1 0.625 0.5 0.625 0.5 0.625 1 0.5 1 0.5 0.5 0.5 1 0.375 1 0.375 1 0.25 1 0.25 0.5 0.49 0.25 0.4197056 0.4197056 0.00999999 0.25 0.4197056 0.4197056 0.25 0.49 0.00999999 0.25 0.25 0.49 0.08029437 0.4197056 0.00999999 0.25 0.00999999 0.25 0.08029437 0.08029437 0.25 0.00999999 0.25 0.00999999 0.4197056 0.08029437 0.00999999 0.25 0.25 1 0.125 1 0.125 0.5 0.125 1 0 1 0 0.5 0.5802944 0.4197056 0.75 0.49 0.9197056 0.4197056 0.9197056 0.4197056 0.99 0.25 0.9197056 0.08029437 0.9197056 0.08029437 0.75 0.00999999 0.5802944 0.08029437 0.5802944 0.08029437 0.51 0.25 0.9197056 0.08029437 0.51 0.25 0.5802944 0.4197056 0.9197056 0.08029437 1 1 0.875 1 0.875 0.5 0.875 1 0.75 1 0.75 0.5 0.75 1 0.625 1 0.625 0.5 0.625 1 0.5 1 0.5 0.5 0.5 1 0.375 1 0.375 0.5 0.375 1 0.25 1 0.25 0.5 0.49 0.25 0.4197056 0.4197056 0.25 0.49 0.25 0.49 0.08029437 0.4197056 0.49 0.25 0.08029437 0.4197056 0.00999999 0.25 0.49 0.25 0.00999999 0.25 0.08029437 0.08029437 0.25 0.00999999 0.25 0.00999999 0.4197056 0.08029437 0.00999999 0.25 0.25 1 0.125 1 0.125 0.5 0.125 1 0 1 0 0.5 0.9197056 0.4197056 0.75 0.49 0.5802944 0.4197056 0.5802944 0.4197056 0.51 0.25 0.5802944 0.08029437 0.5802944 0.08029437 0.75 0.00999999 0.9197056 0.08029437 0.9197056 0.08029437 0.99 0.25 0.9197056 0.4197056 0.9197056 0.4197056 0.5802944 0.4197056 0.9197056 0.08029437 1 1 0.875 1 0.875 0.5 0.875 1 0.75 1 0.75 0.5 0.75 1 0.625 1 0.625 0.5 0.625 0.5 0.625 1 0.5 1 0.5 0.5 0.5 1 0.375 1 0.375 1 0.25 1 0.25 0.5 0.49 0.25 0.4197056 0.4197056 0.00999999 0.25 0.4197056 0.4197056 0.25 0.49 0.00999999 0.25 0.25 0.49 0.08029437 0.4197056 0.00999999 0.25 0.00999999 0.25 0.08029437 0.08029437 0.25 0.00999999 0.25 0.00999999 0.4197056 0.08029437 0.00999999 0.25 0.25 1 0.125 1 0.125 0.5 0.125 1 0 1 0 0.5 0.5802944 0.4197056 0.75 0.49 0.9197056 0.4197056 0.9197056 0.4197056 0.99 0.25 0.9197056 0.08029437 0.9197056 0.08029437 0.75 0.00999999 0.5802944 0.08029437 0.5802944 0.08029437 0.51 0.25 0.9197056 0.08029437 0.51 0.25 0.5802944 0.4197056 0.9197056 0.08029437 0.125 0.5 0 0.5 0.625 0.5 0.875 0.5 0 0 0 0 0 0 0 0 0 0 0 0 0.625 0.5 0 0 0 0 0 0 0 0 0 0 0.375 0.5 0 0 0 0 0 0 0 0 0.125 0.5 0 0 0 0 0 0 0 0 0 0 0 0 0 0 0 0 0 0 0 0 0 0 0 0 0 0 0 0 0 0 0 0 0 0 0 0 0 0 0 0 0 0 0 0 0 0 0 0 0 0 0 0 0.75 0.49 0.51 0.25 0.5 0.5 0.625 0.25 0.6416667 0.5 0.5769231 0.8333333 0.5769231 0.8333333 0.6083334 0.5 0.3916667 0.5 0.3583334 0.5 0.1416667 0.5 0.4134616 0.9166666 0.3916667 0.25 0.6083334 0.25 0 0 0.6083334 0.5 0.6083334 0.75 0.3916667 0.75 0.6083334 0 0.6083334 0.25 0.3916667 0.25 0.8583334 0.5 0.8583334 0.75 0.6416667 0.75 0.375 0 0.3916667 0 0.3916667 0.25 0.625 0 0.625 0.25 0.6083334 0.25 0.3583333 0.75 0.3583334 0.5 0.3916667 0.5 0.6416667 0.75 0.6083334 0.75 0.6083334 0.5 0.3583334 0.5 0.3583333 0.75 0.1416666 0.75 0.625 0 0.625 0.25 0.375 0.25 0.375 0.25 0.625 0.25 0.625 0.5 0.625 0.5 0.625 0.75 0.375 0.75 0.375 0.75 0.625 0.75 0.625 1 0.375 0.5 0.375 0.75 0.125 0.75 0.625 0.5 0.875 0.5 0.875 0.75 0.375 0 0.625 0 0.625 0.25 0.375 0.25 0.625 0.25 0.625 0.5 0.625 0.5 0.625 0.75 0.375 0.75 0.625 0.75 0.625 1 0.375 1 0.375 0.5 0.375 0.75 0.125 0.75 0.875 0.5 0.875 0.75 0.625 0.75 0.625 0 0.625 0.25 0.375 0.25 0.375 0.25 0.625 0.25 0.625 0.5 0.625 0.5 0.625 0.75 0.375 0.75 0.375 0.75 0.625 0.75 0.625 1 0.375 0.5 0.375 0.75 0.125 0.75 0.625 0.5 0.875 0.5 0.875 0.75 0.375 0 0.625 0 0.625 0.25 0.375 0.25 0.625 0.25 0.625 0.5 0.625 0.5 0.625 0.75 0.375 0.75 0.625 0.75 0.625 1 0.375 1 0.375 0.5 0.375 0.75 0.125 0.75 0.875 0.5 0.875 0.75 0.625 0.75 0.375 0 0.375 0.5 0.375 0.25 0.3583333 0.75 0.3916667 0.75 0.625 0.5 0.375 0.25 0.625 0.25 0.625 0 0.3916667 0 0.375 0.25 0.375 0.25 0 0 0 0 0 0 0.625 0.25 0 0 0.6416667 0.75 0 0 0 0 0 0 0 0 0 0 0 0 0 0 0.625 0.5 0.3916667 0.75 0 0 0 0 0 0 0.3583333 0.75 0.375 0.5 0.375 0.5 0 0 0 0 0 0 1 1 0.875 1 0.875 0.5 0.875 1 0.75 1 0.75 0.5 0.75 1 0.625 1 0.625 0.5 0.625 1 0.5 1 0.5 0.5 0.5 0.5 0.5 1 0.375 1 0.375 0.5 0.375 1 0.25 1 0.49 0.25 0.4197056 0.4197056 0.25 0.49 0.25 0.49 0.08029437 0.4197056 0.00999999 0.25 0.00999999 0.25 0.08029437 0.08029437 0.25 0.00999999 0.25 0.00999999 0.4197056 0.08029437 0.00999999 0.25 0.4197056 0.08029437 0.49 0.25 0.00999999 0.25 0.25 1 0.125 1 0.125 0.5 0.125 1 0 1 0 0.5 0.9197056 0.4197056 0.75 0.49 0.5802944 0.4197056 0.5802944 0.4197056 0.51 0.25 0.9197056 0.4197056 0.51 0.25 0.5802944 0.08029437 0.9197056 0.4197056 0.5802944 0.08029437 0.75 0.00999999 0.9197056 0.08029437 0.9197056 0.08029437 0.99 0.25 0.9197056 0.4197056 1 1 0.875 1 0.875 0.5 0.875 1 0.75 1 0.75 0.5 0.75 1 0.625 1 0.625 0.5 0.625 0.5 0.625 1 0.5 1 0.5 0.5 0.5 1 0.375 1 0.375 1 0.25 1 0.25 0.5 0.49 0.25 0.4197056 0.4197056 0.00999999 0.25 0.4197056 0.4197056 0.25 0.49 0.00999999 0.25 0.25 0.49 0.08029437 0.4197056 0.00999999 0.25 0.00999999 0.25 0.08029437 0.08029437 0.25 0.00999999 0.25 0.00999999 0.4197056 0.08029437 0.00999999 0.25 0.25 1 0.125 1 0.125 0.5 0.125 1 0 1 0 0.5 0.5802944 0.4197056 0.75 0.49 0.9197056 0.4197056 0.9197056 0.4197056 0.99 0.25 0.5802944 0.4197056 0.99 0.25 0.9197056 0.08029437 0.5802944 0.4197056 0.9197056 0.08029437 0.75 0.00999999 0.5802944 0.08029437 0.5802944 0.08029437 0.51 0.25 0.9197056 0.08029437 1 1 0.875 1 0.875 0.5 0.875 1 0.75 1 0.75 0.5 0.75 1 0.625 1 0.625 0.5 0.625 1 0.5 1 0.5 0.5 0.5 0.5 0.5 1 0.375 1 0.375 0.5 0.375 1 0.25 1 0.49 0.25 0.4197056 0.4197056 0.25 0.49 0.25 0.49 0.08029437 0.4197056 0.00999999 0.25 0.00999999 0.25 0.08029437 0.08029437 0.25 0.00999999 0.25 0.00999999 0.4197056 0.08029437 0.00999999 0.25 0.4197056 0.08029437 0.49 0.25 0.00999999 0.25 0.25 1 0.125 1 0.125 0.5 0.125 1 0 1 0 0.5 0.9197056 0.4197056 0.75 0.49 0.5802944 0.4197056 0.5802944 0.4197056 0.51 0.25 0.9197056 0.4197056 0.51 0.25 0.5802944 0.08029437 0.9197056 0.4197056 0.5802944 0.08029437 0.75 0.00999999 0.9197056 0.08029437 0.9197056 0.08029437 0.99 0.25 0.9197056 0.4197056 1 1 0.875 1 0.875 0.5 0.875 1 0.75 1 0.75 0.5 0.75 1 0.625 1 0.625 0.5 0.625 0.5 0.625 1 0.5 1 0.5 0.5 0.5 1 0.375 1 0.375 1 0.25 1 0.25 0.5 0.49 0.25 0.4197056 0.4197056 0.00999999 0.25 0.4197056 0.4197056 0.25 0.49 0.00999999 0.25 0.25 0.49 0.08029437 0.4197056 0.00999999 0.25 0.00999999 0.25 0.08029437 0.08029437 0.25 0.00999999 0.25 0.00999999 0.4197056 0.08029437 0.00999999 0.25 0.25 1 0.125 1 0.125 0.5 0.125 1 0 1 0 0.5 0.5802944 0.4197056 0.75 0.49 0.9197056 0.4197056 0.9197056 0.4197056 0.99 0.25 0.5802944 0.4197056 0.99 0.25 0.9197056 0.08029437 0.5802944 0.4197056 0.9197056 0.08029437 0.75 0.00999999 0.5802944 0.08029437 0.5802944 0.08029437 0.51 0.25 0.9197056 0.08029437 0.125 0.5 0 0.5 0.625 0.5 0.875 0.5 0 0 0 0 0 0 0 0 0 0 0 0 0.625 0.5 0 0 0 0 0 0 0 0 0 0 0.375 0.5 0 0 0 0 0 0 0 0 0.125 0.5 0 0 0 0 0 0 0 0 0 0 0 0 0 0 0 0 0 0 0 0 0 0 0 0 0 0 0 0 0 0 0 0 0 0 0 0 0 0 0 0 0 0 0 0 0 0 0 0 0 0 0 0 0.75 0.49 0.51 0.25 0.5 0.5 0.625 0.25 0.6416667 0.5 0.5769231 0.8333333 0.5769231 0.8333333 0.6083334 0.5 0.3916667 0.5 0.3583334 0.5 0.1416667 0.5 0.4134616 0.9166666 0.3916667 0.25 0.6083334 0.25 0 0 0.625 0.25 0.875 0.75 0.5113636 0.1338384 0.5088384 0.1363636 0.375 1 0.125 0.5 0.5113636 0.1338384 0.625 1 0.375 1 0.625 0.75 0.875 0.75 0.875 0.5 0.125 0.75 0.375 0.75 0.375 0.5 0.375 1 0.625 1 0.625 0.75 0.375 0.5 0.375 0.75 0.625 0.75 0.375 0.5 0.625 0.5 0.625 0.25 0.5088384 0.1363636 0.5088384 0.1363636 0.5113636 0.1338384 0.502946 0.1363636 0.5113636 0.1279461 0.5037879 0.1279461 0.5138888 0.1292929 0.5138888 0.1296296 0.5113636 0.1279461 0.5113636 0.1279461 0.5029461 0.1363636 0.5014309 0.1388888 0.5029461 0.1363636 0.5046296 0.1388888 0.5042929 0.1388888 0.5029461 0.1363636 0.5042929 0.1388888 0.5041245 0.1388888 0.5138888 0.1291245 0.5138888 0.1292929 0.5113636 0.1279461 0.5138888 0.1287878 0.5138888 0.1291245 0.5113636 0.1279461 0.5029461 0.1363636 0.5041245 0.1388888 0.5037878 0.1388888 0.5029461 0.1363636 0.5037878 0.1388888 0.5026094 0.1388888 0.5138888 0.1276094 0.5138888 0.1287878 0.5113636 0.1279461 0.5138888 0.1264309 0.5138888 0.1276094 0.5113636 0.1279461 0.5029461 0.1363636 0.5026094 0.1388888 0.5014309 0.1388888 0.5029461 0.1363636 0.5113636 0.1279461 0.5113636 0.1279461 0.5138888 0.1263468 0.5138888 0.1296296 0.5113636 0.1279461 0.5113636 0.1279461 0.5029461 0.1363636 0.5008417 0.1388888 0.5029461 0.1363636 0.5046296 0.1388888 0.5013467 0.1388888 0.5029461 0.1363636 0.5013467 0.1388888 0.5011784 0.1388888 0.5138888 0.1261784 0.5138888 0.1263468 0.5113636 0.1279461 0.5138888 0.1258417 0.5138888 0.1261784 0.5113636 0.1279461 0.5029461 0.1363636 0.5011784 0.1388888 0.5008417 0.1388888 0.5037879 0.1279461 0.5037879 0.1279461 0.5037879 0.1279461 0.502946 0.1363636 0.5113636 0.1279461 0.5037879 0.1279461 0.625 0.25 0.875 0.75 0.5113636 0.1338384 0.5088384 0.1363636 0.375 1 0.125 0.5 0.5113636 0.1338384 0.625 1 0.375 1 0.625 0.75 0.875 0.75 0.875 0.5 0.125 0.75 0.375 0.75 0.375 0.5 0.375 1 0.625 1 0.625 0.75 0.375 0.5 0.375 0.75 0.625 0.75 0.375 0.5 0.625 0.5 0.625 0.25 0.5088384 0.1363636 0.5088384 0.1363636 0.5113636 0.1338384 0.5416666 0.4166666 0.5416666 0.4166666 0.5416666 0.4166666 0.5416666 0.4166666 0.5416666 0.4166666 0.5416666 0.4166666 0.5416666 0.4166666 0.5416666 0.4166666 0.5416666 0.4166666 0.5416666 0.4166666 0.5416666 0.4166666 0.5416666 0.4166666 0.5416666 0.4166666 0.5416666 0.4166666 0.5416666 0.4166666 0.5416666 0.4166666 0.5416666 0.4166666 0.5416666 0.4166667 0.5416666 0.4166666 0.5416666 0.4166666 0.5416666 0.4166666 0.5416666 0.4166666 0.5416666 0.4166666 0.5416666 0.4166666 0.5416666 0.4166666 0.5416666 0.4166666 0.5416666 0.4166666 0.5416666 0.4166666 0.5416666 0.4166666 0.5416666 0.4166666 0.5416666 0.4166666 0.5416666 0.4166666 0.5416666 0.4166666 0.5416666 0.4166666 0.5416667 0.4166667 0.5416666 0.4166666 0.5416666 0.4166666 0.5416666 0.4166666 0.5416667 0.4166667 0.5416666 0.4166666 0.5416665 0.4166666 0.5416667 0.4166667 0.5416666 0.4166666 0.5416666 0.4166666 0.5416666 0.4166666 0.5416666 0.4166666 0.5416666 0.4166666 0.5416666 0.4166666 0.5416666 0.4166666 0.5416666 0.4166666 0.5416666 0.4166666 0.5416666 0.4166666 0.5416665 0.4166666 0.5416666 0.4166666 0.5416666 0.4166666 0.5416666 0.4166666 0.5416666 0.4166666 0.5416666 0.4166666 0.5416666 0.4166666 0.5416666 0.4166666 0.5416666 0.4166666 0.5416666 0.4166666 0.5416666 0.4166666 0.5416665 0.4166666 0.5416665 0.4166666 0.5416666 0.4166666 0.5416666 0.4166666 0.5416666 0.4166666 0.5416666 0.4166667 0.5416666 0.4166666 0.5416666 0.4166667 0.5416666 0.4166667 0.5416666 0.4166666 0.5416666 0.4166666 0.5416666 0.4166666 0.5416666 0.4166666 0.5416666 0.4166666 0.5416666 0.4166666 0.5416666 0.4166666 0.5416666 0.4166666 0.5416666 0.4166666 0.5416666 0.4166666 0.5416667 0.4166667 0.5416666 0.4166666 0.5416666 0.4166666 0.5416666 0.4166667 0.5416667 0.4166667 0.5416667 0.4166667 0.5416665 0.4166666 0.5416666 0.4166666 0.5416666 0.4166666 0.5416666 0.4166666 0.5416666 0.4166666 0.5416666 0.4166666 0.5416666 0.4166666 0.5416666 0.4166667 0.5416666 0.4166666 0.5416666 0.4166666 0.5416666 0.4166666 0.5416666 0.4166666 0.5416665 0.4166666 0.5416666 0.4166666 0.5416666 0.4166666 0.5416666 0.4166666 0.5416666 0.4166666 0.5416666 0.4166666 0.5416666 0.4166666 0.5416666 0.4166666 0.5416666 0.4166666 0.5416666 0.4166666 0.5416666 0.4166666 0.5416665 0.4166666 0.5416665 0.4166666 0.5416666 0.4166666 0.5416666 0.4166666 0.5416666 0.4166666 0.5416665 0.4166666 0.5416666 0.4166666 0.5416666 0.4166666 0.5416666 0.4166666 0.5416666 0.4166666 0.5416667 0.4166666 0.5416667 0.4166666 0.5416666 0.4166666 0.5416666 0.4166666 0.5416666 0.4166666 0.5416666 0.4166666 0.5416666 0.4166666 0.5416666 0.4166666 0.5416666 0.4166666 0.5416666 0.4166666 0.5416666 0.4166666 0.5416666 0.4166666 0.5416667 0.4166667 0.5416666 0.4166666 0.5416666 0.4166666 0.5416666 0.4166667 0.5416667 0.4166667 0.5416667 0.4166667 0.5416665 0.4166666 0.5416666 0.4166666 0.5416666 0.4166667 0.5416666 0.4166666 0.5416666 0.4166666 0.5416666 0.4166666 0.5416666 0.4166666 0.5416666 0.4166666 0.5416666 0.4166666 0.5416666 0.4166666 0.5416666 0.4166666 0.5416666 0.4166666 0.5416665 0.4166666 0.5416666 0.4166666 0.5416666 0.4166666 0.5416666 0.4166666 0.5416666 0.4166666 0.5416666 0.4166666 0.5416666 0.4166666 0.5416666 0.4166666 0.5416666 0.4166666 0.5416666 0.4166666 0.5416666 0.4166666 0.5416665 0.4166666 0.5416666 0.4166666 0.5416666 0.4166666 0.5416666 0.4166666 0.5416666 0.4166666 0.5416666 0.4166666 0.5416666 0.4166666 0.5416666 0.4166666 0.5416666 0.4166667 0.5416666 0.4166667 0.5416666 0.4166666 0.5416666 0.4166666 0.5416666 0.4166666 0.5416666 0.4166666 0.5416666 0.4166666 0.5416666 0.4166666 0.5416666 0.4166666 0.5416666 0.4166666 0.5416666 0.4166666 0.5416666 0.4166666 0.5416666 0.4166666 0.5416666 0.4166666 0.5416667 0.4166667 0.5416666 0.4166666 0.5416666 0.4166666 0.5416665 0.4166666 0.5416667 0.4166667 0.5416667 0.4166667 0.5416666 0.4166666 0.5416666 0.4166666 0.5416666 0.4166666 0.5416666 0.4166666 0.5416666 0.4166666 0.5416666 0.4166666 0.5416666 0.4166666 0.5416666 0.4166666 0.5416666 0.4166666 0.5416666 0.4166666 0.5416666 0.4166666 0.5416666 0.4166666 0.5416665 0.4166666 0.5416666 0.4166666 0.5416666 0.4166666 0.5416666 0.4166666 0.5416666 0.4166666 0.5416666 0.4166666 0.5416666 0.4166666 0.5416666 0.4166666 0.5416666 0.4166666 0.5416666 0.4166666 0.5416666 0.4166666 0.5416665 0.4166666 0.5416666 0.4166666 0.5416666 0.4166666 0.5416666 0.4166666 0.5416666 0.4166666 0.5416666 0.4166666 0.5416666 0.4166667 0.5416666 0.4166666 0.5416666 0.4166666 0.5416666 0.4166666 0.5416666 0.4166666 0.5416666 0.4166666 0.5416666 0.4166666 0.5416666 0.4166666 0.5416666 0.4166666 0.5416666 0.4166666 0.5416666 0.4166666 0.5416666 0.4166667 0.5416666 0.4166667 0.5416666 0.4166667 0.5416665 0.4166666 0.5416667 0.4166666 0.5416667 0.4166666 0.5416666 0.4166666 0.5416666 0.4166667 0.5416666 0.4166666 0.5416666 0.4166666 0.5416666 0.4166666 0.5416666 0.4166666 0.5416665 0.4166666 0.5416666 0.4166667 0.5416666 0.4166666 0.5416666 0.4166666 0.5416666 0.4166666 0.5416666 0.4166666 0.5416665 0.4166666 0.5416666 0.4166666 0.5416666 0.4166666 0.5416666 0.4166666 0.5416666 0.4166666 0.5416666 0.4166666 0.5416666 0.4166667 0.5416666 0.4166666 0.5416666 0.4166666 0.5416665 0.4166666 0.5416666 0.4166666 0.5416666 0.4166666 0.5416666 0.4166667 0.5416666 0.4166666 0.5416666 0.4166666 0.5416666 0.4166666 0.5416666 0.4166666 0.5416666 0.4166666 0.5416666 0.4166666 0.5416666 0.4166666 0.5416666 0.4166666 0.5416666 0.4166666 0.4143518 0.4166667 0.4143518 0.4166667 0.4143518 0.4166667 0.4027777 0.4166667 0.4027777 0.4166667 0.4027778 0.4166667 0.4027778 0.4166667 0.4027778 0.4166667 0.4027777 0.4166667 0.375 0.4166667 0.375 0.4166667 0.375 0.4166667 0.375 0.4166666 0.375 0.4166666 0.375 0.4166667 0.4143518 0.4166667 0.4143518 0.4166667 0.4143518 0.4166667 0.4149279 0.5763888 0.4149279 0.5763888 0.4155092 0.5763888 0.4155092 0.5763888 0.4155092 0.5763888 0.4166666 0.5763888 0.4583333 0.5763888 0.4305555 0.5763888 0.4305555 0.5763888 0.375 0.5763888 0.375 0.5763888 0.4027778 0.5763888 0.5416666 0.5763888 0.4583333 0.5763888 0.4583333 0.5763888 0.4027777 0.5763888 0.4027778 0.5763888 0.412037 0.5763888 0.4212962 0.5763888 0.4212962 0.5763888 0.4305555 0.5763888 0.4166666 0.5763888 0.4166666 0.5763888 0.4212962 0.5763888 0.5416666 0.4166666 0.5416666 0.4166666 0.5416666 0.4166666 0.412037 0.5763888 0.412037 0.5763888 0.4143518 0.5763888 0.5416666 0.4166666 0.5416666 0.4166666 0.5416667 0.4166667 0.5416666 0.4166666 0.5416666 0.4166666 0.5416666 0.4166666 0.4143518 0.5763888 0.4143518 0.5763888 0.4149279 0.5763888 0.5416666 0.4166666 0.5416666 0.4166666 0.5416666 0.4166666 0.5416666 0.4166666 0.5416666 0.4166666 0.5416666 0.4166666 0.5416666 0.4166666 0.5416666 0.4166666 0.5416666 0.4166666 0.4155092 0.5763888 0.4149279 0.5763888 0.4149279 0.5763888 0.4166666 0.5763888 0.4155092 0.5763888 0.4155092 0.5763888 0.4583333 0.5763888 0.4305555 0.5763888 0.4305555 0.5763888 0.4027777 0.5763888 0.4027778 0.5763888 0.375 0.5763888 0.5416666 0.5763888 0.5416666 0.5763888 0.4583333 0.5763888 0.412037 0.5763888 0.4027778 0.5763888 0.4027777 0.5763888 0.4305555 0.5763888 0.4212962 0.5763888 0.4212962 0.5763888 0.4212962 0.5763888 0.4166666 0.5763888 0.4166666 0.5763888 0.5416666 0.4166666 0.5416666 0.4166666 0.5416666 0.4166666 0.4143518 0.5763888 0.412037 0.5763888 0.412037 0.5763888 0.5416667 0.4166667 0.5416666 0.4166666 0.5416666 0.4166666 0.5416666 0.4166666 0.5416666 0.4166666 0.5416666 0.4166666 0.4149279 0.5763888 0.4143518 0.5763888 0.4143518 0.5763888 0.5416666 0.4166666 0.5416666 0.4166666 0.5416666 0.4166666 0.5416666 0.4166666 0.5416666 0.4166666 0.5416666 0.4166666 0.5416666 0.4166666 0.5416666 0.4166666 0.5416666 0.4166666 0.5416666 0.4166666 0.5416666 0.4166666 0.5416666 0.4166666 0.5416666 0.4166666 0.5416666 0.4166666 0.5416666 0.4166666 0.5416666 0.4166667 0.5416666 0.4166666 0.5416666 0.4166666 0.5416666 0.4166667 0.5416665 0.4166666 0.5416665 0.4166666 0.5416666 0.4166666 0.5416666 0.4166666 0.5416666 0.4166666 0.5416666 0.4166667 0.5416666 0.4166666 0.5416666 0.4166666 0.5416666 0.4166666 0.5416666 0.4166666 0.5416666 0.4166666 0.4143518 0.5763888 0.4143518 0.5763888 0.4149279 0.5763888 0.5416666 0.4166666 0.5416666 0.4166666 0.5416666 0.4166666 0.5416666 0.4166666 0.5416666 0.4166666 0.5416666 0.4166666 0.412037 0.5763888 0.412037 0.5763888 0.4143518 0.5763888 0.5416666 0.4166666 0.5416666 0.4166666 0.5416666 0.4166666 0.4166666 0.5763888 0.4166666 0.5763888 0.4212962 0.5763888 0.4212962 0.5763888 0.4212962 0.5763888 0.4305556 0.5763889 0.5416666 0.4166666 0.5416666 0.4166666 0.5416666 0.4166666 0.4027777 0.5763888 0.4027778 0.5763888 0.412037 0.5763888 0.5416666 0.5763888 0.4583333 0.5763888 0.4583333 0.5763888 0.375 0.5763888 0.375 0.5763888 0.4027778 0.5763888 0.4583333 0.5763888 0.4305555 0.5763888 0.4305556 0.5763889 0.4155092 0.5763888 0.4155092 0.5763888 0.4166666 0.5763888 0.4149279 0.5763888 0.4149279 0.5763888 0.4155092 0.5763888 0.4149279 0.5763888 0.4143518 0.5763888 0.4143518 0.5763888 0.5416666 0.4166666 0.5416666 0.4166666 0.5416666 0.4166666 0.5416666 0.4166666 0.5416666 0.4166666 0.5416666 0.4166666 0.4143518 0.5763888 0.412037 0.5763888 0.412037 0.5763888 0.5416666 0.4166666 0.5416667 0.4166666 0.5416666 0.4166666 0.4212962 0.5763888 0.4166666 0.5763888 0.4166666 0.5763888 0.4305555 0.5763888 0.4212962 0.5763888 0.4212962 0.5763888 0.412037 0.5763888 0.4027777 0.5763888 0.4027777 0.5763888 0.5416666 0.5763888 0.5416666 0.5763888 0.4583333 0.5763887 0.4027777 0.5763888 0.375 0.5763888 0.375 0.5763888 0.4583333 0.5763888 0.4583333 0.5763887 0.4305555 0.5763888 0.4166666 0.5763888 0.4155092 0.5763888 0.4155092 0.5763888 0.4155092 0.5763888 0.4149279 0.5763888 0.4149279 0.5763888 0.4027778 0.4166667 0.4027777 0.4166667 0.4027777 0.4166667 0.4027777 0.4166667 0.4027778 0.4166667 0.4027778 0.4166667 0.375 0.4166666 0.375 0.4166666 0.375 0.4166667 0.4143518 0.4166667 0.4143518 0.4166667 0.4143518 0.4166667 0.375 0.4166667 0.375 0.4166667 0.375 0.4166667 0.4143518 0.4166667 0.4143518 0.4166667 0.4143518 0.4166667 0.5416666 0.4166666 0.5416666 0.4166666 0.5416666 0.4166667 0.5416666 0.4166666 0.5416666 0.4166666 0.5416666 0.4166666 0.5416666 0.4166667 0.5416666 0.4166667 0.5416666 0.4166666 0.5416665 0.4166666 0.5416665 0.4166666 0.5416666 0.4166666 0.5416666 0.4166667 0.5416666 0.4166667 0.5416666 0.4166666 0.5416666 0.4166666 0.5416666 0.4166666 0.5416666 0.4166666 0.5416666 0.4166666 0.5416666 0.4166667 0.5416666 0.4166667 0.5416666 0.4166666 0.5416666 0.4166666 0.5416666 0.4166666 0.5416665 0.4166666 0.5416666 0.4166666 0.5416666 0.4166666 0.5416666 0.4166666 0.5416666 0.4166666 0.5416666 0.4166666 0.5416666 0.4166666 0.5416666 0.4166666 0.5416666 0.4166666 0.5416666 0.4166666 0.5416666 0.4166666 0.5416665 0.4166666 0.5416666 0.4166666 0.5416666 0.4166666 0.5416666 0.4166666 0.5416667 0.4166666 0.5416667 0.4166666 0.5416666 0.4166666 0.5416666 0.4166666 0.5416666 0.4166666 0.5416666 0.4166666 0.5416666 0.4166667 0.5416666 0.4166666 0.5416666 0.4166666 0.5416666 0.4166667 0.5416666 0.4166666 0.5416666 0.4166666 0.5416666 0.4166666 0.5416666 0.4166666 0.5416666 0.4166667 0.5416666 0.4166667 0.5416666 0.4166666 0.5416666 0.4166666 0.5416666 0.4166666 0.5416666 0.4166666 0.5416666 0.4166666 0.5416666 0.4166666 0.5416666 0.4166666 0.5416666 0.4166666 0.5416666 0.4166666 0.5416666 0.4166666 0.5416666 0.4166666 0.5416666 0.4166666 0.5416666 0.4166666 0.5416666 0.4166666 0.5416666 0.4166666 0.5416666 0.4166666 0.5416666 0.4166667 0.5416666 0.4166667 0.5416666 0.4166666 0.5416666 0.4166666 0.5416666 0.4166666 0.5416666 0.4166666 0.5416666 0.4166667 0.375 0.4166667 0.375 0.4166667 0.375 0.4166667 0.5416666 0.4166666 0.5416666 0.4166666 0.5416666 0.4166666 0.5416666 0.4166666 0.5416666 0.4166666 0.5416666 0.4166666 0.5416666 0.4166666 0.5416666 0.4166666 0.5416666 0.4166666 0.5416666 0.4166667 0.5416666 0.4166667 0.5416666 0.4166666 0.5416666 0.4166666 0.5416666 0.4166667 0.5416666 0.4166667 0.5416666 0.4166667 0.5416666 0.4166667 0.5416666 0.4166666 0.375 0.4166668 0.375 0.4166667 0.375 0.4166666 0.375 0.4166667 0.375 0.4166667 0.375 0.4166666 0.5416666 0.4166667 0.5416665 0.4166666 0.5416665 0.4166666 0.5416666 0.4166666 0.5416666 0.4166666 0.5416666 0.4166666 0.375 0.4166667 0.375 0.4166668 0.375 0.4166666 0.375 0.4166667 0.375 0.4166667 0.375 0.4166666 0.375 0.4166667 0.375 0.4166667 0.375 0.4166666 0.375 0.4166667 0.375 0.4166667 0.375 0.4166666 0.375 0.4166667 0.375 0.4166667 0.375 0.4166666 0.375 0.4166667 0.375 0.4166667 0.375 0.4166666 0.375 0.4166667 0.375 0.4166667 0.375 0.4166666 0.375 0.4166667 0.375 0.4166667 0.375 0.4166666 0.375 0.4166667 0.375 0.4166667 0.375 0.4166666 0.4155092 0.4166667 0.4149279 0.4166667 0.4149279 0.4166667 0.4166666 0.4166667 0.4155092 0.4166667 0.4155092 0.4166667 0.5416666 0.4166666 0.5416666 0.4166666 0.5416666 0.4166666 0.5416666 0.4166666 0.5416666 0.4166666 0.5416666 0.4166666 0.4212963 0.4166666 0.4212962 0.4166666 0.4166666 0.4166667 0.5416667 0.4166667 0.5416666 0.4166666 0.5416666 0.4166666 0.4149279 0.4166667 0.4143518 0.4166667 0.4143518 0.4166667 0.5416666 0.4166666 0.5416666 0.4166666 0.5416667 0.4166667 0.4305555 0.4166667 0.4305555 0.4166667 0.4305555 0.4166667 0.4027777 0.4166666 0.4027778 0.4166667 0.4027778 0.4166667 0.4143519 0.4166667 0.4143518 0.4166667 0.412037 0.4166667 0.4027778 0.4166667 0.4027778 0.4166667 0.375 0.4166667 0.5416666 0.4166666 0.5416666 0.4166666 0.5416666 0.4166666 0.5416666 0.4166666 0.5416666 0.4166666 0.5416666 0.4166666 0.4305555 0.4166667 0.4583333 0.4166666 0.4583333 0.4166666 0.4583333 0.4166666 0.4583333 0.4166666 0.4583333 0.4166666 0.5367646 0.4166666 0.5367646 0.4166667 0.4583333 0.4166666 0.4149279 0.4166667 0.4149279 0.4166667 0.4155092 0.4166667 0.4155092 0.4166667 0.4155092 0.4166667 0.4166666 0.4166667 0.5416666 0.4166666 0.5416666 0.4166666 0.5416666 0.4166666 0.5416666 0.4166666 0.5416666 0.4166666 0.5416666 0.4166666 0.4166666 0.4166667 0.4212962 0.4166666 0.4212963 0.4166666 0.5416666 0.4166666 0.5416666 0.4166666 0.5416666 0.4166666 0.4143518 0.4166667 0.4143518 0.4166667 0.4149279 0.4166667 0.5416666 0.4166666 0.5416666 0.4166666 0.5416666 0.4166666 0.4305555 0.4166667 0.4305555 0.4166667 0.4305555 0.4166667 0.4027777 0.4166666 0.4027777 0.4166666 0.4027778 0.4166667 0.412037 0.4166667 0.4143518 0.4166667 0.4143519 0.4166667 0.375 0.4166667 0.4027778 0.4166667 0.4027778 0.4166667 0.5416666 0.4166666 0.5416666 0.4166666 0.5416666 0.4166666 0.5416666 0.4166666 0.5416666 0.4166666 0.5416666 0.4166666 0.4305555 0.4166667 0.4305555 0.4166667 0.4583333 0.4166667 0.4583333 0.4166666 0.4583333 0.4166667 0.4583333 0.4166666 0.4583333 0.4166666 0.5367646 0.4166667 0.5367646 0.4166666 0.5416666 0.4166666 0.5416666 0.4166666 0.5416666 0.4166666 0.5416666 0.4166667 0.5416666 0.4166667 0.5416665 0.4166666 0.5416666 0.4166666 0.5416666 0.4166667 0.5416666 0.4166667 0.5416666 0.4166666 0.5416666 0.4166666 0.5416666 0.4166667 0.375 0.4166667 0.375 0.4166667 0.375 0.4166667 0.5416666 0.4166666 0.5416666 0.4166666 0.5416666 0.4166666 0.5416666 0.4166666 0.5416666 0.4166666 0.5416666 0.4166666 0.375 0.4166667 0.375 0.4166667 0.375 0.4166667 0.375 0.4166667 0.375 0.4166667 0.375 0.4166667 0.375 0.4166667 0.375 0.4166667 0.375 0.4166667 0.375 0.4166667 0.375 0.4166667 0.375 0.4166667 0.375 0.4166667 0.375 0.4166667 0.375 0.4166667 0.375 0.4166667 0.375 0.4166667 0.375 0.4166667 0.375 0.4166667 0.375 0.4166667 0.375 0.4166667 0.375 0.4166667 0.375 0.4166667 0.375 0.4166667 0.375 0.4166667 0.375 0.4166667 0.375 0.4166667 0.4149279 0.4166667 0.4149279 0.4166667 0.4155092 0.4166667 0.4155092 0.4166667 0.4155092 0.4166667 0.4166666 0.4166667 0.5416666 0.4166666 0.5416666 0.4166666 0.5416666 0.4166666 0.5416666 0.4166666 0.5416666 0.4166666 0.5416666 0.4166666 0.4166666 0.4166667 0.4212962 0.4166667 0.4212963 0.4166666 0.5416666 0.4166666 0.5416666 0.4166666 0.5416666 0.4166666 0.4143518 0.4166667 0.4143518 0.4166667 0.4149279 0.4166667 0.5416666 0.4166666 0.5416666 0.4166666 0.5416666 0.4166666 0.4305555 0.4166667 0.4305555 0.4166667 0.4305555 0.4166667 0.4027777 0.4166666 0.4027778 0.4166667 0.4027778 0.4166667 0.412037 0.4166667 0.4143518 0.4166667 0.4143519 0.4166667 0.375 0.4166667 0.4027778 0.4166667 0.4027778 0.4166667 0.5416665 0.4166666 0.5416666 0.4166666 0.5416666 0.4166666 0.5416666 0.4166666 0.5416665 0.4166666 0.5416666 0.4166666 0.4305555 0.4166667 0.4305555 0.4166667 0.4583333 0.4166666 0.4583333 0.4166666 0.4583333 0.4166666 0.4583333 0.4166666 0.4583333 0.4166666 0.5367646 0.4166667 0.5367646 0.4166666 0.4155092 0.4166667 0.4149279 0.4166667 0.4149279 0.4166667 0.4166666 0.4166667 0.4155092 0.4166667 0.4155092 0.4166667 0.5416666 0.4166666 0.5416666 0.4166666 0.5416666 0.4166666 0.4212963 0.4166666 0.4212962 0.4166666 0.4166666 0.4166667 0.5416666 0.4166666 0.5416666 0.4166666 0.5416666 0.4166666 0.4149279 0.4166667 0.4143518 0.4166667 0.4143518 0.4166667 0.5416666 0.4166666 0.5416666 0.4166666 0.5416666 0.4166666 0.4305555 0.4166667 0.4305555 0.4166667 0.4305555 0.4166667 0.4027778 0.4166667 0.4027778 0.4166667 0.4027777 0.4166666 0.4143519 0.4166667 0.4143518 0.4166667 0.412037 0.4166667 0.4027778 0.4166667 0.4027778 0.4166667 0.375 0.4166667 0.5416666 0.4166666 0.5416666 0.4166666 0.5416665 0.4166666 0.5416666 0.4166666 0.5416665 0.4166666 0.5416666 0.4166666 0.4305555 0.4166667 0.4583333 0.4166666 0.4583333 0.4166666 0.4583333 0.4166666 0.4583333 0.4166666 0.4583333 0.4166666 0.5367646 0.4166666 0.5367647 0.4166667 0.4583333 0.4166666 0.5416666 0.4166666 0.5416666 0.4166666 0.5416666 0.4166667 0.5416666 0.4166666 0.5416666 0.4166666 0.5416666 0.4166666 0.5416666 0.4166666 0.5416666 0.4166666 0.5416666 0.4166666 0.5416666 0.4166666 0.5416666 0.4166666 0.5416666 0.4166667 0.5416666 0.4166667 0.5416666 0.4166666 0.5416666 0.4166666 0.5416666 0.4166667 0.5416666 0.4166667 0.5416666 0.4166667 0.5416666 0.4166666 0.5416666 0.4166666 0.5416666 0.4166666 0.5416666 0.4166666 0.5416666 0.4166667 0.5416666 0.4166666 0.5416666 0.4166666 0.5416666 0.4166666 0.5416666 0.4166667 0.5416666 0.4166667 0.5416666 0.4166666 0.5416666 0.4166666 0.5416666 0.4166666 0.5416666 0.4166666 0.5416666 0.4166666 0.5416666 0.4166666 0.5416666 0.4166666 0.5416666 0.4166666 0.5416666 0.4166666 0.5416666 0.4166666 0.5416666 0.4166667 0.5416666 0.4166666 0.5416666 0.4166666 0.5416665 0.4166666 0.5416666 0.4166666 0.5416666 0.4166666 0.5416665 0.4166666 0.5416666 0.4166667 0.5416666 0.4166666 0.5416666 0.4166666 0.5416667 0.4166666 0.5416666 0.4166666 0.5416666 0.4166666 0.5416666 0.4166666 0.5416666 0.4166666 0.5416666 0.4166666 0.5416665 0.4166666 0.5416666 0.4166666 0.5416666 0.4166666 0.5416666 0.4166667 0.5416666 0.4166667 0.5416666 0.4166666 0.5416665 0.4166666 0.5416666 0.4166666 0.5416665 0.4166666 0.5416666 0.4166667 0.5416666 0.4166666 0.5416666 0.4166666 0.5416666 0.4166666 0.5416666 0.4166666 0.5416667 0.4166666 0.5416667 0.4166666 0.5416666 0.4166666 0.5416666 0.4166666 0.5416666 0.4166666 0.5416666 0.4166666 0.5416666 0.4166667 0.5416666 0.4166667 0.5416666 0.4166666 0.5416666 0.4166667 0.5416666 0.4166667 0.5416666 0.4166666 0.5416666 0.4166666 0.5416666 0.4166667 0.5416665 0.4166666 0.5416665 0.4166666 0.5416666 0.4166666 0.5416666 0.4166667 0.5416666 0.4166667 0.5416666 0.4166667 0.5416666 0.4166667 0.5416666 0.4166666 0.5416666 0.4166667 0.5416666 0.4166666 0.5416666 0.4166666 0.5416666 0.4166666 0.5416666 0.4166666 0.5416665 0.4166666</float_array>
          <technique_common>
            <accessor source="#Cube_002-mesh-map-0-array" count="11340" stride="2">
              <param name="S" type="float"/>
              <param name="T" type="float"/>
            </accessor>
          </technique_common>
        </source>
        <vertices id="Cube_002-mesh-vertices">
          <input semantic="POSITION" source="#Cube_002-mesh-positions"/>
        </vertices>
        <triangles material="paintable-0-material" count="2734">
          <input semantic="VERTEX" source="#Cube_002-mesh-vertices" offset="0"/>
          <input semantic="NORMAL" source="#Cube_002-mesh-normals" offset="1"/>
          <input semantic="TEXCOORD" source="#Cube_002-mesh-map-0" offset="2" set="0"/>
          <p>11 0 0 15 0 1 18 0 2 7 1 3 9 1 4 4 1 5 19 2 6 13 2 7 16 2 8 8 3 9 4 3 10 9 3 11 11 4 12 7 4 13 6 4 14 17 5 15 13 5 16 12 5 17 18 6 18 14 6 19 19 6 20 17 7 21 5 7 22 8 7 23 5 32 96 41 32 97 4 32 98 12 33 99 51 33 100 50 33 101 22 34 102 6 34 103 7 34 104 4 35 105 22 35 106 7 35 107 26 36 108 41 36 109 40 36 110 23 37 111 15 37 112 6 37 113 23 38 114 30 38 115 31 38 116 15 39 117 35 39 118 14 39 119 35 40 120 13 40 121 14 40 122 35 41 123 47 41 124 51 41 125 12 42 126 37 42 127 5 42 128 46 43 129 37 43 130 50 43 131 53 44 132 54 44 133 52 44 134 55 45 135 56 45 136 54 45 137 57 46 138 58 46 139 56 46 140 59 47 141 60 47 142 58 47 143 61 48 144 62 48 145 60 48 146 63 49 147 64 49 148 62 49 149 59 50 150 57 50 151 65 50 152 65 51 153 66 51 154 64 51 155 67 52 156 52 52 157 66 52 158 66 53 159 62 53 160 58 53 161 69 54 162 70 54 163 68 54 164 71 55 165 72 55 166 70 55 167 73 56 168 74 56 169 72 56 170 75 57 171 76 57 172 74 57 173 77 58 174 78 58 175 76 58 176 79 59 177 80 59 178 78 59 179 73 60 180 69 60 181 81 60 182 81 61 183 82 61 184 80 61 185 83 62 186 68 62 187 82 62 188 82 63 189 70 63 190 74 63 191 85 64 192 86 64 193 84 64 194 87 65 195 88 65 196 86 65 197 89 66 198 90 66 199 88 66 200 91 67 201 92 67 202 90 67 203 93 68 204 94 68 205 92 68 206 95 69 207 96 69 208 94 69 209 91 70 210 89 70 211 97 70 212 97 71 213 98 71 214 96 71 215 99 72 216 84 72 217 98 72 218 98 73 219 94 73 220 90 73 221 101 74 222 102 74 223 100 74 224 103 75 225 104 75 226 102 75 227 105 76 228 106 76 229 104 76 230 107 77 231 108 77 232 106 77 233 109 78 234 110 78 235 108 78 236 111 79 237 112 79 238 110 79 239 105 80 240 101 80 241 113 80 242 113 81 243 114 81 244 112 81 245 115 82 246 100 82 247 114 82 248 114 83 249 102 83 250 106 83 251 66 84 252 27 84 253 26 84 254 52 85 255 54 85 256 27 85 257 27 86 258 68 86 259 30 86 260 70 87 261 30 87 262 68 87 263 72 88 264 30 88 265 70 88 266 74 89 267 34 89 268 72 89 269 34 90 270 104 90 271 47 90 272 106 91 273 47 91 274 104 91 275 108 92 276 47 92 277 106 92 278 46 93 279 108 93 280 110 93 281 110 94 282 36 94 283 46 94 284 92 95 285 94 95 286 36 95 287 40 96 288 94 96 289 96 96 290 96 97 291 98 97 292 40 97 293 98 98 294 26 98 295 40 98 296 26 99 297 64 99 298 66 99 299 62 100 300 98 100 301 84 100 302 60 101 303 84 101 304 86 101 305 56 102 306 68 102 307 54 102 308 58 103 309 82 103 310 56 103 311 92 104 312 112 104 313 90 104 314 90 105 315 114 105 316 88 105 317 76 106 318 104 106 319 74 106 320 78 107 321 102 107 322 76 107 323 114 108 324 100 108 325 88 108 326 80 109 327 100 109 328 78 109 329 88 110 330 60 110 331 86 110 332 80 111 333 58 111 334 60 111 335 100 112 336 60 112 337 88 112 338 2 113 339 10 113 340 11 113 341 11 114 342 3 114 343 2 114 344 18 115 345 19 115 346 3 115 347 3 116 348 16 116 349 0 116 350 16 117 351 17 117 352 0 117 353 17 118 354 1 118 355 0 118 356 8 119 357 9 119 358 1 119 359 9 120 360 2 120 361 1 120 362 1595 121 363 1518 121 364 1597 121 365 161 122 366 127 122 367 139 122 368 151 123 369 127 123 370 154 123 371 1653 124 372 129 124 373 1119 124 374 1119 125 375 120 125 376 1682 125 377 119 126 378 129 126 379 144 126 380 481 127 381 170 127 382 432 127 383 166 128 384 118 128 385 151 128 386 2 129 387 155 129 388 165 129 389 155 130 390 123 130 391 157 130 392 167 131 393 124 131 394 171 131 395 116 132 396 224 132 397 219 132 398 1682 133 399 135 133 400 1569 133 401 223 134 402 1704 134 403 1714 134 404 225 135 405 121 135 406 217 135 407 142 136 408 284 136 409 227 136 410 289 137 411 131 137 412 116 137 413 0 138 414 128 138 415 393 138 416 121 139 417 226 139 418 217 139 419 182 140 420 227 140 421 230 140 422 520 141 423 355 141 424 585 141 425 180 142 426 136 142 427 184 142 428 1745 143 429 134 143 430 1704 143 431 1655 144 432 122 144 433 1716 144 434 1707 145 435 184 145 436 1713 145 437 139 146 438 206 146 439 161 146 440 192 147 441 178 147 442 179 147 443 1655 148 444 187 148 445 1713 148 446 160 158 474 185 158 475 137 158 476 161 159 477 216 159 478 207 159 479 140 160 480 188 160 481 187 160 482 135 161 483 1706 161 484 1569 161 485 250 162 486 337 162 487 266 162 488 156 163 489 124 163 490 125 163 491 212 164 492 157 164 493 213 164 494 145 165 495 156 165 496 125 165 497 165 166 498 212 166 499 215 166 500 128 167 501 160 167 502 137 167 503 207 168 504 154 168 505 161 168 506 150 169 507 128 169 508 1 169 509 202 170 510 154 170 511 203 170 512 1 171 513 165 171 514 150 171 515 208 172 516 151 172 517 202 172 518 193 175 525 136 175 526 180 175 527 169 176 528 135 176 529 120 176 530 448 177 531 162 177 532 423 177 533 174 178 534 122 178 535 136 178 536 172 179 537 120 179 538 119 179 539 1653 180 540 125 180 541 1694 180 542 170 181 543 123 181 544 126 181 545 223 182 546 171 182 547 220 182 548 173 183 549 179 183 550 135 183 551 200 184 552 180 184 553 194 184 554 178 185 555 183 185 556 179 185 557 181 186 558 222 186 559 229 186 560 135 187 561 179 187 562 183 187 563 180 188 564 196 188 565 194 188 566 141 189 567 229 189 568 226 189 569 195 190 570 230 190 571 231 190 572 195 191 573 350 191 574 312 191 575 188 192 576 190 192 577 187 192 578 400 193 579 185 193 580 448 193 581 303 194 582 1707 194 583 1718 194 584 194 195 585 303 195 586 333 195 587 216 196 588 189 196 589 249 196 590 526 197 591 267 197 592 520 197 593 166 198 594 204 198 595 156 198 596 204 199 597 158 199 598 156 199 599 251 200 600 249 200 601 250 200 602 198 201 603 272 201 604 248 201 605 214 203 609 265 203 610 160 203 611 153 204 612 214 204 613 160 204 614 210 205 615 153 205 616 150 205 617 165 206 618 210 206 619 150 206 620 206 207 621 199 207 622 189 207 623 208 209 627 212 209 628 204 209 629 204 210 630 213 210 631 205 210 632 200 212 636 333 212 637 349 212 638 231 213 639 193 213 640 200 213 641 226 214 642 192 214 643 173 214 644 229 215 645 143 215 646 192 215 647 117 216 648 220 216 649 132 216 650 230 221 663 174 221 664 193 221 665 217 222 666 173 222 667 169 222 668 227 223 669 582 223 670 174 223 671 225 224 672 169 224 673 172 224 674 1694 225 675 167 225 676 1712 225 677 219 226 678 168 226 679 170 226 680 393 236 708 137 236 709 400 236 710 265 237 711 250 237 712 266 237 713 423 238 714 327 238 715 557 238 716 185 239 717 266 239 718 162 239 719 252 240 720 270 240 721 263 240 722 460 241 723 273 241 724 526 241 725 272 242 726 269 242 727 271 242 728 271 243 729 186 243 730 270 243 731 188 244 732 268 244 733 272 244 734 270 245 735 267 245 736 273 245 737 202 246 738 211 246 739 210 246 740 207 247 741 211 247 742 203 247 743 216 248 744 214 248 745 207 248 746 248 249 747 271 249 748 252 249 749 249 251 753 304 251 754 250 251 755 263 252 756 273 252 757 197 252 758 202 253 759 215 253 760 208 253 761 1706 254 762 163 254 763 1705 254 764 231 255 765 349 255 766 350 255 767 391 256 768 2 256 769 3 256 770 167 259 777 1714 259 778 1712 259 779 806 260 780 1564 260 781 1568 260 782 335 262 786 372 262 787 362 262 788 198 264 792 372 264 793 190 264 794 248 265 795 373 265 796 198 265 797 753 266 798 1563 266 799 1564 266 800 751 267 801 1559 267 802 1562 267 803 749 268 804 1562 268 805 1560 268 806 752 269 807 1561 269 808 1563 269 809 1595 270 810 264 270 811 1596 270 812 1561 271 813 309 271 814 1588 271 815 264 272 816 1560 272 817 1596 272 818 140 273 819 288 273 820 191 273 821 268 274 822 288 274 823 354 274 824 301 275 825 298 275 826 299 275 827 299 281 843 290 281 844 301 281 845 293 282 846 354 282 847 292 282 848 301 283 849 292 283 850 354 283 851 293 284 852 299 284 853 354 284 854 585 285 855 355 285 856 299 285 857 298 286 858 300 286 859 302 286 860 1507 287 861 300 287 862 301 287 863 1083 288 864 298 288 865 1085 288 866 1491 289 867 1506 289 868 1495 289 869 304 290 870 334 290 871 330 290 872 308 294 882 332 294 883 334 294 884 252 295 885 374 295 886 248 295 887 162 296 888 347 296 889 327 296 890 252 297 891 385 297 892 371 297 893 263 298 894 386 298 895 385 298 896 199 299 897 307 299 898 189 299 899 189 300 900 308 300 901 249 300 902 266 301 903 336 301 904 162 301 905 327 302 906 375 302 907 348 302 908 334 308 924 360 308 925 361 308 926 317 309 927 311 309 928 315 309 929 304 310 930 346 310 931 337 310 932 330 312 936 361 312 937 359 312 938 322 313 939 311 313 940 199 313 941 746 314 942 1567 314 943 1559 314 944 329 315 945 143 315 946 222 315 947 328 316 948 178 316 949 143 316 950 324 317 951 163 317 952 178 317 953 163 318 954 1717 318 955 1705 318 956 325 319 957 222 319 958 164 319 959 432 320 960 126 320 961 391 320 962 311 321 963 317 321 964 307 321 965 317 322 966 316 322 967 307 322 968 307 323 969 316 323 970 332 323 971 316 324 972 314 324 973 332 324 974 332 325 975 314 325 976 331 325 977 314 326 978 315 326 979 331 326 980 331 327 981 315 327 982 311 327 983 341 332 996 337 332 997 339 332 998 337 333 999 341 333 1000 336 333 1001 341 334 1002 340 334 1003 336 334 1004 336 335 1005 340 335 1006 347 335 1007 340 336 1008 338 336 1009 347 336 1010 347 337 1011 338 337 1012 346 337 1013 338 338 1014 339 338 1015 346 338 1016 346 339 1017 339 339 1018 337 339 1019 361 340 1020 373 340 1021 374 340 1022 359 341 1023 374 341 1024 371 341 1025 348 342 1026 386 342 1027 197 342 1028 331 343 1029 360 343 1030 332 343 1031 330 344 1032 376 344 1033 346 344 1034 346 345 1035 375 345 1036 347 345 1037 322 346 1038 362 346 1039 331 346 1040 784 347 1041 1568 347 1042 1567 347 1043 350 348 1044 328 348 1045 329 348 1046 349 349 1047 324 349 1048 328 349 1049 333 350 1050 326 350 1051 324 350 1052 326 351 1053 1718 351 1054 1717 351 1055 312 352 1056 329 352 1057 325 352 1058 579 353 1059 197 353 1060 460 353 1061 366 356 1068 362 356 1069 364 356 1070 359 357 1071 385 357 1072 376 357 1073 362 359 1077 366 359 1078 360 359 1079 366 360 1080 365 360 1081 360 360 1082 360 361 1083 365 361 1084 373 361 1085 365 362 1086 363 362 1087 373 362 1088 373 363 1089 363 363 1090 372 363 1091 363 364 1092 364 364 1093 372 364 1094 372 365 1095 364 365 1096 362 365 1097 380 370 1110 376 370 1111 378 370 1112 376 371 1113 380 371 1114 375 371 1115 380 372 1116 379 372 1117 375 372 1118 375 373 1119 379 373 1120 386 373 1121 379 374 1122 377 374 1123 386 374 1124 386 375 1125 377 375 1126 385 375 1127 377 376 1128 378 376 1129 385 376 1130 385 377 1131 378 377 1132 376 377 1133 186 378 1134 355 378 1135 267 378 1136 269 379 1137 354 379 1138 353 379 1139 931 380 1140 358 380 1141 756 380 1142 269 381 1143 357 381 1144 186 381 1145 1593 382 1146 1121 382 1147 397 382 1148 422 383 1149 392 383 1150 416 383 1151 413 384 1152 392 384 1153 313 384 1154 394 385 1155 1669 385 1156 1666 385 1157 1666 386 1158 306 386 1159 394 386 1160 394 387 1161 310 387 1162 406 387 1163 313 388 1164 428 388 1165 413 388 1166 417 389 1167 3 389 1168 427 389 1169 417 390 1170 388 390 1171 391 390 1172 429 391 1173 389 391 1174 390 391 1175 486 392 1176 289 392 1177 481 392 1178 398 393 1179 1665 393 1180 1668 393 1181 1663 394 1182 485 394 1183 1672 394 1184 487 395 1185 305 395 1186 397 395 1187 527 396 1188 404 396 1189 489 396 1190 488 397 1191 305 397 1192 480 397 1193 489 398 1194 445 398 1195 492 398 1196 443 399 1197 447 399 1198 399 399 1199 397 400 1200 1678 400 1201 1663 400 1202 387 401 1203 1667 401 1204 1674 401 1205 447 402 1206 1659 402 1207 1671 402 1208 469 403 1209 401 403 1210 422 403 1211 441 404 1212 455 404 1213 442 404 1214 1667 405 1215 450 405 1216 402 405 1217 448 415 1245 421 415 1246 400 415 1247 479 416 1248 422 416 1249 470 416 1250 402 417 1251 451 417 1252 454 417 1253 1660 418 1254 398 418 1255 1668 418 1256 568 419 1257 514 419 1258 519 419 1259 389 420 1260 418 420 1261 390 420 1262 475 421 1263 419 421 1264 417 421 1265 407 422 1266 418 422 1267 428 422 1268 475 423 1269 427 423 1270 478 423 1271 421 424 1272 393 424 1273 400 424 1274 470 425 1275 416 425 1276 466 425 1277 393 426 1278 412 426 1279 0 426 1280 465 427 1281 416 427 1282 413 427 1283 0 428 1284 427 428 1285 3 428 1286 413 429 1287 471 429 1288 465 429 1289 399 432 1296 456 432 1297 443 432 1298 398 433 1299 431 433 1300 306 433 1301 387 434 1302 436 434 1303 399 434 1304 306 435 1305 434 435 1306 310 435 1307 1669 436 1308 390 436 1309 407 436 1310 388 437 1311 432 437 1312 391 437 1313 485 438 1314 433 438 1315 429 438 1316 442 439 1317 435 439 1318 398 439 1319 443 440 1320 463 440 1321 457 440 1322 446 441 1323 441 441 1324 442 441 1325 484 442 1326 444 442 1327 491 442 1328 398 443 1329 446 443 1330 442 443 1331 459 444 1332 443 444 1333 457 444 1334 491 445 1335 403 445 1336 488 445 1337 492 446 1338 458 446 1339 493 446 1340 581 447 1341 458 447 1342 544 447 1343 451 448 1344 453 448 1345 461 448 1346 1659 449 1347 539 449 1348 1676 449 1349 539 450 1350 457 450 1351 564 450 1352 452 451 1353 479 451 1354 513 451 1355 428 452 1356 467 452 1357 471 452 1358 420 453 1359 467 453 1360 418 453 1361 513 454 1362 515 454 1363 514 454 1364 525 455 1365 461 455 1366 512 455 1367 518 457 1371 477 457 1372 421 457 1373 477 458 1374 415 458 1375 421 458 1376 415 459 1377 473 459 1378 412 459 1379 473 460 1380 427 460 1381 412 460 1382 462 461 1383 469 461 1384 452 461 1385 471 463 1389 475 463 1390 478 463 1391 467 464 1392 476 464 1393 475 464 1394 564 466 1398 463 466 1399 580 466 1400 456 467 1401 493 467 1402 463 467 1403 455 468 1404 488 468 1405 435 468 1406 405 469 1407 491 469 1408 455 469 1409 352 470 1410 482 470 1411 485 470 1412 436 475 1425 492 475 1426 456 475 1427 435 476 1428 480 476 1429 431 476 1430 534 477 1431 489 477 1432 436 477 1433 431 478 1434 487 478 1435 434 478 1436 1664 479 1437 429 479 1438 390 479 1439 430 480 1440 481 480 1441 432 480 1442 514 490 1470 518 490 1471 519 490 1472 519 491 1473 448 491 1474 423 491 1475 523 492 1476 516 492 1477 517 492 1478 522 493 1479 525 493 1480 524 493 1481 449 494 1482 524 494 1483 523 494 1484 521 495 1485 451 495 1486 525 495 1487 520 496 1488 523 496 1489 526 496 1490 465 497 1491 474 497 1492 466 497 1493 474 498 1494 470 498 1495 466 498 1496 477 499 1497 479 499 1498 470 499 1499 524 500 1500 512 500 1501 516 500 1502 540 502 1506 513 502 1507 514 502 1508 526 503 1509 517 503 1510 460 503 1511 478 504 1512 465 504 1513 471 504 1514 425 505 1515 1660 505 1516 1661 505 1517 580 506 1518 493 506 1519 581 506 1520 1672 510 1530 429 510 1531 1670 510 1532 1577 511 1533 1035 511 1534 1584 511 1535 566 513 1539 600 513 1540 453 513 1541 600 515 1545 461 515 1546 453 515 1547 601 516 1548 512 516 1549 461 516 1550 1576 517 1551 987 517 1552 1577 517 1553 1570 519 1557 985 519 1558 1575 519 1559 1575 520 1560 983 520 1561 1572 520 1562 1573 521 1563 986 521 1564 1576 521 1565 1594 522 1566 1153 522 1567 1593 522 1568 1589 523 1569 984 523 1570 1573 523 1571 1594 524 1572 983 524 1573 1152 524 1574 538 525 1575 402 525 1576 454 525 1577 521 526 1578 538 526 1579 454 526 1580 565 527 1581 540 527 1582 561 527 1583 563 531 1593 542 531 1594 565 531 1595 602 532 1596 516 532 1597 512 532 1598 578 533 1599 423 533 1600 557 533 1601 516 534 1602 613 534 1603 517 534 1604 517 535 1605 614 535 1606 460 535 1607 541 536 1608 462 536 1609 452 536 1610 542 537 1611 452 537 1612 513 537 1613 567 538 1614 519 538 1615 423 538 1616 603 539 1617 557 539 1618 579 539 1619 588 545 1635 565 545 1636 589 545 1637 548 546 1638 546 546 1639 543 546 1640 577 547 1641 540 547 1642 568 547 1643 589 549 1647 561 549 1648 587 549 1649 543 550 1650 553 550 1651 462 550 1652 1583 551 1653 979 551 1654 1570 551 1655 405 552 1656 559 552 1657 484 552 1658 441 553 1659 558 553 1660 405 553 1661 425 554 1662 554 554 1663 441 554 1664 1675 555 1665 425 555 1666 1661 555 1667 484 556 1668 555 556 1669 426 556 1670 543 557 1671 541 557 1672 548 557 1673 548 558 1674 541 558 1675 547 558 1676 541 559 1677 563 559 1678 547 559 1679 547 560 1680 563 560 1681 545 560 1682 563 561 1683 562 561 1684 545 561 1685 545 562 1686 562 562 1687 546 562 1688 562 563 1689 543 563 1690 546 563 1691 572 568 1704 570 568 1705 568 568 1706 568 569 1707 567 569 1708 572 569 1709 572 570 1710 567 570 1711 571 570 1712 567 571 1713 578 571 1714 571 571 1715 571 572 1716 578 572 1717 569 572 1718 578 573 1719 577 573 1720 569 573 1721 569 574 1722 577 574 1723 570 574 1724 577 575 1725 568 575 1726 570 575 1727 601 576 1728 589 576 1729 602 576 1730 602 577 1731 587 577 1732 599 577 1733 614 578 1734 579 578 1735 460 578 1736 588 579 1737 562 579 1738 563 579 1739 604 580 1740 561 580 1741 577 580 1742 603 581 1743 577 581 1744 578 581 1745 553 582 1746 590 582 1747 566 582 1748 1584 583 1749 1013 583 1750 1583 583 1751 558 584 1752 581 584 1753 559 584 1754 554 585 1755 580 585 1756 558 585 1757 556 586 1758 564 586 1759 554 586 1760 1676 587 1761 556 587 1762 1675 587 1763 559 588 1764 544 588 1765 555 588 1766 594 591 1773 592 591 1774 590 591 1775 613 592 1776 587 592 1777 604 592 1778 590 594 1782 588 594 1783 594 594 1784 594 595 1785 588 595 1786 593 595 1787 588 596 1788 601 596 1789 593 596 1790 593 597 1791 601 597 1792 591 597 1793 601 598 1794 600 598 1795 591 598 1796 591 599 1797 600 599 1798 592 599 1799 600 600 1800 590 600 1801 592 600 1802 608 605 1815 606 605 1816 604 605 1817 604 606 1818 603 606 1819 608 606 1820 608 607 1821 603 607 1822 607 607 1823 603 608 1824 614 608 1825 607 608 1826 607 609 1827 614 609 1828 605 609 1829 614 610 1830 613 610 1831 605 610 1832 605 611 1833 613 611 1834 606 611 1835 613 612 1836 604 612 1837 606 612 1838 585 613 1839 449 613 1840 520 613 1841 522 614 1842 584 614 1843 521 614 1844 586 615 1845 522 615 1846 449 615 1847 1635 616 1848 1520 616 1849 617 616 1850 643 617 1851 255 617 1852 637 617 1853 1170 618 1854 1164 618 1855 1167 618 1856 634 619 1857 255 619 1858 323 619 1859 253 620 1860 1730 620 1861 1727 620 1862 1727 621 1863 261 621 1864 253 621 1865 253 622 1866 262 622 1867 626 622 1868 882 623 1869 702 623 1870 931 623 1871 323 624 1872 648 624 1873 634 624 1874 638 625 1875 980 625 1876 647 625 1877 638 626 1878 259 626 1879 256 626 1880 649 627 1881 258 627 1882 257 627 1883 707 628 1884 358 628 1885 702 628 1886 618 629 1887 1726 629 1888 1729 629 1889 1724 630 1890 706 630 1891 1733 630 1892 708 631 1893 260 631 1894 617 631 1895 1077 632 1896 624 632 1897 710 632 1898 756 633 1899 138 633 1900 133 633 1901 254 634 1902 1122 634 1903 841 634 1904 709 635 1905 260 635 1906 700 635 1907 710 636 1908 665 636 1909 713 636 1910 663 637 1911 667 637 1912 619 637 1913 617 638 1914 1744 638 1915 1724 638 1916 1099 639 1917 1728 639 1918 1740 639 1919 667 640 1920 1721 640 1921 1732 640 1922 689 641 1923 621 641 1924 643 641 1925 661 642 1926 675 642 1927 662 642 1928 1728 643 1929 670 643 1930 622 643 1931 668 653 1959 642 653 1960 620 653 1961 699 654 1962 643 654 1963 690 654 1964 622 655 1965 671 655 1966 674 655 1967 1722 656 1968 618 656 1969 1729 656 1970 792 657 1971 733 657 1972 738 657 1973 258 658 1974 639 658 1975 257 658 1976 695 659 1977 640 659 1978 638 659 1979 628 660 1980 639 660 1981 648 660 1982 695 661 1983 647 661 1984 698 661 1985 642 662 1986 254 662 1987 620 662 1988 690 663 1989 637 663 1990 686 663 1991 1131 664 1992 636 664 1993 633 664 1994 685 665 1995 637 665 1996 634 665 1997 1131 666 1998 647 666 1999 980 666 2000 634 667 2001 691 667 2002 685 667 2003 619 670 2010 676 670 2011 663 670 2012 618 671 2013 651 671 2014 261 671 2015 644 672 2016 898 672 2017 872 672 2018 1099 673 2019 657 673 2020 619 673 2021 261 674 2022 655 674 2023 262 674 2024 1730 675 2025 257 675 2026 628 675 2027 259 676 2028 653 676 2029 256 676 2030 706 677 2031 654 677 2032 649 677 2033 662 678 2034 656 678 2035 618 678 2036 663 679 2037 683 679 2038 677 679 2039 666 680 2040 661 680 2041 662 680 2042 705 681 2043 664 681 2044 712 681 2045 618 682 2046 666 682 2047 662 682 2048 679 683 2049 663 683 2050 677 683 2051 712 684 2052 623 684 2053 709 684 2054 713 685 2055 678 685 2056 714 685 2057 805 686 2058 678 686 2059 766 686 2060 671 687 2061 673 687 2062 681 687 2063 668 688 2064 849 688 2065 898 688 2066 1721 689 2067 757 689 2068 1735 689 2069 757 690 2070 677 690 2071 788 690 2072 672 691 2073 699 691 2074 732 691 2075 970 692 2076 745 692 2077 976 692 2078 648 693 2079 687 693 2080 691 693 2081 641 694 2082 687 694 2083 639 694 2084 732 695 2085 734 695 2086 733 695 2087 744 696 2088 681 696 2089 731 696 2090 737 698 2094 697 698 2095 642 698 2096 697 699 2097 636 699 2098 642 699 2099 636 700 2100 693 700 2101 633 700 2102 693 701 2103 647 701 2104 633 701 2105 682 702 2106 689 702 2107 672 702 2108 691 704 2112 695 704 2113 698 704 2114 687 705 2115 696 705 2116 695 705 2117 788 707 2121 683 707 2122 804 707 2123 676 708 2124 714 708 2125 683 708 2126 675 709 2127 709 709 2128 656 709 2129 625 710 2130 712 710 2131 675 710 2132 356 711 2133 703 711 2134 706 711 2135 657 716 2148 713 716 2149 676 716 2150 656 717 2151 700 717 2152 651 717 2153 1087 718 2154 710 718 2155 657 718 2156 651 719 2157 708 719 2158 655 719 2159 1725 720 2160 649 720 2161 257 720 2162 650 721 2163 702 721 2164 653 721 2165 620 731 2193 841 731 2194 849 731 2195 1032 732 2196 781 732 2197 1010 732 2198 733 733 2199 737 733 2200 738 733 2201 1010 734 2202 644 734 2203 872 734 2204 738 735 2205 668 735 2206 644 735 2207 742 736 2208 735 736 2209 736 736 2210 745 737 2211 910 737 2212 976 737 2213 741 738 2214 744 738 2215 743 738 2216 669 739 2217 743 739 2218 742 739 2219 740 740 2220 671 740 2221 744 740 2222 739 741 2223 742 741 2224 745 741 2225 685 742 2226 694 742 2227 686 742 2228 694 743 2229 690 743 2230 686 743 2231 697 744 2232 699 744 2233 690 744 2234 743 745 2235 731 745 2236 735 745 2237 758 747 2241 732 747 2242 733 747 2243 745 748 2244 736 748 2245 680 748 2246 698 749 2247 685 749 2248 691 749 2249 645 750 2250 1722 750 2251 1723 750 2252 804 751 2253 714 751 2254 805 751 2255 982 752 2256 256 752 2257 839 752 2258 1733 756 2268 649 756 2269 1731 756 2270 1113 757 2271 806 757 2272 1118 757 2273 790 759 2277 821 759 2278 673 759 2279 821 761 2283 681 761 2284 673 761 2285 822 762 2286 731 762 2287 681 762 2288 1112 763 2289 753 763 2290 1113 763 2291 1108 764 2292 751 764 2293 1111 764 2294 1111 765 2295 749 765 2296 1109 765 2297 1110 767 2301 752 767 2302 1112 767 2303 1158 768 2304 1160 768 2305 1155 768 2306 1148 769 2307 750 769 2308 1110 769 2309 627 770 2310 749 770 2311 264 770 2312 1105 771 2313 622 771 2314 674 771 2315 740 772 2316 1105 772 2317 674 772 2318 789 773 2319 758 773 2320 785 773 2321 787 777 2331 762 777 2332 789 777 2333 823 778 2334 735 778 2335 731 778 2336 802 779 2337 644 779 2338 781 779 2339 735 780 2340 834 780 2341 736 780 2342 736 781 2343 835 781 2344 680 781 2345 761 782 2346 682 782 2347 672 782 2348 762 783 2349 672 783 2350 732 783 2351 791 784 2352 738 784 2353 644 784 2354 824 785 2355 781 785 2356 803 785 2357 809 791 2373 789 791 2374 810 791 2375 772 792 2376 770 792 2377 765 792 2378 801 793 2379 758 793 2380 792 793 2381 810 795 2385 785 795 2386 808 795 2387 765 796 2388 777 796 2389 682 796 2390 1117 797 2391 746 797 2392 1108 797 2393 625 798 2394 783 798 2395 705 798 2396 661 799 2397 782 799 2398 625 799 2399 645 800 2400 778 800 2401 661 800 2402 1734 801 2403 645 801 2404 1723 801 2405 705 802 2406 779 802 2407 646 802 2408 765 803 2409 761 803 2410 772 803 2411 772 804 2412 761 804 2413 771 804 2414 761 805 2415 787 805 2416 771 805 2417 771 806 2418 787 806 2419 769 806 2420 787 807 2421 786 807 2422 769 807 2423 769 808 2424 786 808 2425 770 808 2426 786 809 2427 765 809 2428 770 809 2429 796 814 2442 794 814 2443 792 814 2444 792 815 2445 791 815 2446 796 815 2447 796 816 2448 791 816 2449 795 816 2450 791 817 2451 802 817 2452 795 817 2453 795 818 2454 802 818 2455 793 818 2456 802 819 2457 801 819 2458 793 819 2459 793 820 2460 801 820 2461 794 820 2462 801 821 2463 792 821 2464 794 821 2465 822 822 2466 810 822 2467 823 822 2468 823 823 2469 808 823 2470 820 823 2471 835 824 2472 803 824 2473 680 824 2474 809 825 2475 786 825 2476 787 825 2477 825 826 2478 785 826 2479 801 826 2480 824 827 2481 801 827 2482 802 827 2483 777 828 2484 811 828 2485 790 828 2486 1118 829 2487 784 829 2488 1117 829 2489 782 830 2490 805 830 2491 783 830 2492 778 831 2493 804 831 2494 782 831 2495 780 832 2496 788 832 2497 778 832 2498 1735 833 2499 780 833 2500 1734 833 2501 783 834 2502 766 834 2503 779 834 2504 910 835 2505 803 835 2506 1032 835 2507 815 838 2514 813 838 2515 811 838 2516 834 839 2517 808 839 2518 825 839 2519 811 841 2523 809 841 2524 815 841 2525 815 842 2526 809 842 2527 814 842 2528 809 843 2529 822 843 2530 814 843 2531 814 844 2532 822 844 2533 812 844 2534 822 845 2535 821 845 2536 812 845 2537 812 846 2538 821 846 2539 813 846 2540 821 847 2541 811 847 2542 813 847 2543 829 852 2556 827 852 2557 825 852 2558 825 853 2559 824 853 2560 829 853 2561 829 854 2562 824 854 2563 828 854 2564 824 855 2565 835 855 2566 828 855 2567 828 856 2568 835 856 2569 826 856 2570 835 857 2571 834 857 2572 826 857 2573 826 858 2574 834 858 2575 827 858 2576 834 859 2577 825 859 2578 827 859 2579 1102 860 2580 669 860 2581 739 860 2582 741 861 2583 1103 861 2584 740 861 2585 1101 863 2589 741 863 2590 669 863 2591 1633 864 2592 978 864 2593 1621 864 2594 839 865 2595 653 865 2596 882 865 2597 871 866 2598 840 866 2599 850 866 2600 862 867 2601 840 867 2602 865 867 2603 1690 868 2604 842 868 2605 1687 868 2606 1687 869 2607 760 869 2608 1686 869 2609 764 870 2610 842 870 2611 855 870 2612 877 871 2613 768 871 2614 862 871 2615 982 872 2616 866 872 2617 876 872 2618 866 873 2619 836 873 2620 868 873 2621 878 874 2622 837 874 2623 883 874 2624 756 875 2625 936 875 2626 931 875 2627 1686 876 2628 847 876 2629 1689 876 2630 935 877 2631 1684 877 2632 1693 877 2633 937 878 2634 759 878 2635 930 878 2636 853 879 2637 1078 879 2638 939 879 2639 759 880 2640 938 880 2641 930 880 2642 895 881 2643 939 881 2644 942 881 2645 893 882 2646 848 882 2647 897 882 2648 1701 883 2649 846 883 2650 1684 883 2651 1688 884 2652 1100 884 2653 1699 884 2654 1679 885 2655 897 885 2656 1692 885 2657 850 886 2658 919 886 2659 871 886 2660 905 887 2661 891 887 2662 892 887 2663 1688 888 2664 900 888 2665 1692 888 2666 870 898 2694 898 898 2695 849 898 2696 871 899 2697 929 899 2698 920 899 2699 851 900 2700 901 900 2701 900 900 2702 847 901 2703 1680 901 2704 1689 901 2705 964 902 2706 1021 902 2707 969 902 2708 867 903 2709 837 903 2710 838 903 2711 925 904 2712 868 904 2713 926 904 2714 857 905 2715 867 905 2716 838 905 2717 876 906 2718 925 906 2719 928 906 2720 841 907 2721 870 907 2722 849 907 2723 920 908 2724 865 908 2725 871 908 2726 861 909 2727 841 909 2728 1122 909 2729 915 910 2730 865 910 2731 916 910 2732 1122 911 2733 876 911 2734 861 911 2735 921 912 2736 862 912 2737 915 912 2738 906 915 2745 848 915 2746 893 915 2747 880 916 2748 847 916 2749 760 916 2750 886 917 2751 1100 917 2752 848 917 2753 884 918 2754 760 918 2755 764 918 2756 1690 919 2757 838 919 2758 1685 919 2759 882 920 2760 836 920 2761 839 920 2762 935 921 2763 883 921 2764 932 921 2765 885 922 2766 892 922 2767 847 922 2768 913 923 2769 893 923 2770 907 923 2771 891 924 2772 896 924 2773 892 924 2774 894 925 2775 934 925 2776 941 925 2777 847 926 2778 892 926 2779 896 926 2780 893 927 2781 909 927 2782 907 927 2783 852 928 2784 941 928 2785 938 928 2786 908 929 2787 942 929 2788 943 929 2789 908 930 2790 1034 930 2791 997 930 2792 901 931 2793 903 931 2794 900 931 2795 992 932 2796 1679 932 2797 1697 932 2798 907 933 2799 992 933 2800 1017 933 2801 929 934 2802 902 934 2803 963 934 2804 877 935 2805 917 935 2806 867 935 2807 917 936 2808 869 936 2809 867 936 2810 965 937 2811 963 937 2812 964 937 2813 911 938 2814 975 938 2815 962 938 2816 927 940 2820 968 940 2821 870 940 2822 864 941 2823 927 941 2824 870 941 2825 923 942 2826 864 942 2827 861 942 2828 876 943 2829 923 943 2830 861 943 2831 919 944 2832 912 944 2833 902 944 2834 921 946 2838 925 946 2839 917 946 2840 917 947 2841 926 947 2842 918 947 2843 913 949 2847 1017 949 2848 1033 949 2849 943 950 2850 906 950 2851 913 950 2852 938 951 2853 905 951 2854 885 951 2855 941 952 2856 854 952 2857 905 952 2858 807 953 2859 932 953 2860 845 953 2861 942 958 2874 886 958 2875 906 958 2876 930 959 2877 885 959 2878 880 959 2879 939 960 2880 1088 960 2881 886 960 2882 937 961 2883 880 961 2884 884 961 2885 1685 962 2886 878 962 2887 1691 962 2888 931 963 2889 879 963 2890 882 963 2891 968 973 2919 964 973 2920 969 973 2921 898 974 2922 969 974 2923 872 974 2924 966 975 2925 973 975 2926 967 975 2927 975 976 2928 972 976 2929 974 976 2930 974 977 2931 899 977 2932 973 977 2933 901 978 2934 971 978 2935 975 978 2936 973 979 2937 970 979 2938 976 979 2939 915 980 2940 924 980 2941 923 980 2942 920 981 2943 924 981 2944 916 981 2945 929 982 2946 927 982 2947 920 982 2948 962 983 2949 974 983 2950 966 983 2951 963 985 2955 993 985 2956 964 985 2957 967 986 2958 976 986 2959 910 986 2960 915 987 2961 928 987 2962 921 987 2963 1680 988 2964 874 988 2965 1681 988 2966 943 989 2967 1033 989 2968 1034 989 2969 878 993 2979 1693 993 2980 1691 993 2981 1035 994 2982 1127 994 2983 1136 994 2984 1019 996 2988 1049 996 2989 1039 996 2990 911 998 2994 1049 998 2995 903 998 2996 962 999 2997 1050 999 2998 911 999 2999 987 1000 3000 1126 1000 3001 1127 1000 3002 985 1001 3003 1120 1001 3004 1125 1001 3005 983 1002 3006 1125 1002 3007 1123 1002 3008 986 1004 3012 1124 1004 3013 1126 1004 3014 1162 1005 3015 1166 1005 3016 1169 1005 3017 984 1006 3018 1140 1006 3019 1124 1006 3020 1152 1007 3021 1123 1007 3022 1151 1007 3023 851 1008 3024 1096 1008 3025 904 1008 3026 971 1009 3027 1096 1009 3028 1098 1009 3029 993 1010 3030 1018 1010 3031 1014 1010 3032 995 1014 3042 1016 1014 3043 1018 1014 3044 966 1015 3045 1051 1015 3046 962 1015 3047 872 1016 3048 1031 1016 3049 1010 1016 3050 966 1017 3051 1062 1017 3052 1048 1017 3053 967 1018 3054 1063 1018 3055 1062 1018 3056 912 1019 3057 994 1019 3058 902 1019 3059 902 1020 3060 995 1020 3061 963 1020 3062 969 1021 3063 1020 1021 3064 872 1021 3065 1010 1022 3066 1052 1022 3067 1032 1022 3068 1018 1028 3084 1037 1028 3085 1038 1028 3086 1001 1029 3087 996 1029 3088 999 1029 3089 993 1030 3090 1030 1030 3091 1021 1030 3092 1014 1032 3096 1038 1032 3097 1036 1032 3098 1006 1033 3099 996 1033 3100 912 1033 3101 979 1034 3102 1135 1034 3103 1120 1034 3104 1012 1035 3105 854 1035 3106 934 1035 3107 1011 1036 3108 891 1036 3109 854 1036 3110 1007 1037 3111 874 1037 3112 891 1037 3113 874 1038 3114 1696 1038 3115 1681 1038 3116 1008 1039 3117 934 1039 3118 875 1039 3119 996 1040 3120 1001 1040 3121 994 1040 3122 1001 1041 3123 1000 1041 3124 994 1041 3125 994 1042 3126 1000 1042 3127 1016 1042 3128 1000 1043 3129 998 1043 3130 1016 1043 3131 1016 1044 3132 998 1044 3133 1015 1044 3134 998 1045 3135 999 1045 3136 1015 1045 3137 1015 1046 3138 999 1046 3139 996 1046 3140 1025 1051 3153 1021 1051 3154 1023 1051 3155 1021 1052 3156 1025 1052 3157 1020 1052 3158 1025 1053 3159 1024 1053 3160 1020 1053 3161 1020 1054 3162 1024 1054 3163 1031 1054 3164 1024 1055 3165 1022 1055 3166 1031 1055 3167 1031 1056 3168 1022 1056 3169 1030 1056 3170 1022 1057 3171 1023 1057 3172 1030 1057 3173 1030 1058 3174 1023 1058 3175 1021 1058 3176 1038 1059 3177 1050 1059 3178 1051 1059 3179 1036 1060 3180 1051 1060 3181 1048 1060 3182 1032 1061 3183 1063 1061 3184 910 1061 3185 1015 1062 3186 1037 1062 3187 1016 1062 3188 1014 1063 3189 1053 1063 3190 1030 1063 3191 1030 1064 3192 1052 1064 3193 1031 1064 3194 1006 1065 3195 1039 1065 3196 1015 1065 3197 1013 1066 3198 1136 1066 3199 1135 1066 3200 1034 1067 3201 1011 1067 3202 1012 1067 3203 1033 1068 3204 1007 1068 3205 1011 1068 3206 1017 1069 3207 1009 1069 3208 1007 1069 3209 1009 1070 3210 1697 1070 3211 1696 1070 3212 997 1071 3213 1012 1071 3214 1008 1071 3215 1043 1074 3222 1039 1074 3223 1041 1074 3224 1036 1075 3225 1062 1075 3226 1053 1075 3227 1039 1077 3231 1043 1077 3232 1037 1077 3233 1043 1078 3234 1042 1078 3235 1037 1078 3236 1037 1079 3237 1042 1079 3238 1050 1079 3239 1042 1080 3240 1040 1080 3241 1050 1080 3242 1050 1081 3243 1040 1081 3244 1049 1081 3245 1040 1082 3246 1041 1082 3247 1049 1082 3248 1049 1083 3249 1041 1083 3250 1039 1083 3251 1057 1088 3264 1053 1088 3265 1055 1088 3266 1053 1089 3267 1057 1089 3268 1052 1089 3269 1057 1090 3270 1056 1090 3271 1052 1090 3272 1052 1091 3273 1056 1091 3274 1063 1091 3275 1056 1092 3276 1054 1092 3277 1063 1092 3278 1063 1093 3279 1054 1093 3280 1062 1093 3281 1054 1094 3282 1055 1094 3283 1062 1094 3284 1062 1095 3285 1055 1095 3286 1053 1095 3287 899 1096 3288 652 1096 3289 970 1096 3290 972 1097 3291 1098 1097 3292 1097 1097 3293 972 1098 3294 1107 1098 3295 899 1098 3296 538 1099 3297 533 1099 3298 537 1099 3299 557 1100 3300 348 1100 3301 579 1100 3302 537 1101 3303 1673 1101 3304 1674 1101 3305 122 1102 3306 1720 1102 3307 1716 1102 3308 584 1103 3309 532 1103 3310 538 1103 3311 288 1104 3312 535 1104 3313 354 1104 3314 287 1105 3315 536 1105 3316 288 1105 3317 582 1106 3318 1719 1106 3319 1720 1106 3320 531 1107 3321 529 1107 3322 532 1107 3323 560 1108 3324 286 1108 3325 536 1108 3326 533 1109 3327 1662 1109 3328 1673 1109 3329 532 1110 3330 528 1110 3331 533 1110 3332 536 1111 3333 351 1111 3334 535 1111 3335 289 1112 3336 219 1112 3337 481 1112 3338 284 1113 3339 1715 1113 3340 1719 1113 3341 286 1114 3342 281 1114 3343 351 1114 3344 529 1115 3345 279 1115 3346 528 1115 3347 528 1116 3348 1657 1116 3349 1662 1116 3350 530 1117 3351 278 1117 3352 529 1117 3353 285 1118 3354 282 1118 3355 286 1118 3356 1585 1119 3357 1066 1119 3358 1065 1119 3359 1588 1120 3360 1736 1120 3361 1746 1120 3362 1702 1121 3363 274 1121 3364 1658 1121 3365 1587 1122 3366 1066 1122 3367 1586 1122 3368 1591 1123 3369 274 1123 3370 1590 1123 3371 1592 1124 3372 275 1124 3373 1591 1124 3374 1628 1125 3375 1068 1125 3376 1629 1125 3377 1622 1126 3378 1656 1126 3379 1703 1126 3380 1623 1127 3381 1072 1127 3382 1631 1127 3383 1624 1128 3384 1737 1128 3385 1747 1128 3386 1632 1129 3387 1073 1129 3388 1623 1129 3389 1629 1130 3390 747 1130 3391 1622 1130 3392 1070 1131 3393 1738 1131 3394 1737 1131 3395 1074 1132 3396 1081 1132 3397 1073 1132 3398 747 1133 3399 1698 1133 3400 1656 1133 3401 1068 1134 3402 763 1134 3403 747 1134 3404 1073 1135 3405 1079 1135 3406 1072 1135 3407 1069 1136 3408 1075 1136 3409 1068 1136 3410 1082 1137 3411 1093 1137 3412 1081 1137 3413 1075 1138 3414 701 1138 3415 763 1138 3416 1081 1139 3417 1091 1139 3418 1079 1139 3419 1076 1140 3420 1084 1140 3421 1075 1140 3422 1492 1141 3423 1090 1141 3424 1493 1141 3425 763 1142 3426 1677 1142 3427 1698 1142 3428 1085 1143 3429 302 1143 3430 1080 1143 3431 1077 1144 3432 1739 1144 3433 1738 1144 3434 1093 1145 3435 1103 1145 3436 1091 1145 3437 1086 1146 3438 1096 1146 3439 1084 1146 3440 701 1147 3441 1699 1147 3442 1677 1147 3443 652 1148 3444 739 1148 3445 970 1148 3446 1084 1149 3447 881 1149 3448 701 1149 3449 1090 1150 3450 1085 1150 3451 1080 1150 3452 1087 1151 3453 1740 1151 3454 1739 1151 3455 1094 1152 3456 1105 1152 3457 1093 1152 3458 1137 1153 3459 276 1153 3460 1089 1153 3461 1145 1154 3462 1089 1154 3463 584 1154 3464 1083 1155 3465 1146 1155 3466 584 1155 3467 1145 1156 3468 584 1156 3469 1146 1156 3470 275 1157 3471 1141 1157 3472 274 1157 3473 1089 1158 3474 1150 1158 3475 1083 1158 3476 1067 1160 3480 1143 1160 3481 1066 1160 3482 309 1162 3486 1741 1162 3487 1736 1162 3488 1066 1164 3492 1142 1164 3493 1065 1164 3494 274 1165 3495 1700 1165 3496 1658 1165 3497 276 1166 3498 1139 1166 3499 275 1166 3500 1135 1168 3504 1620 1168 3505 1619 1168 3506 1120 1169 3507 1619 1169 3508 1610 1169 3509 1634 1170 3510 1123 1170 3511 1611 1170 3512 1124 1171 3513 1630 1171 3514 1612 1171 3515 1633 1172 3516 1151 1172 3517 1634 1172 3518 1126 1173 3519 1612 1173 3520 1615 1173 3521 1123 1175 3525 1614 1175 3526 1611 1175 3527 1125 1176 3528 1610 1176 3529 1614 1176 3530 1127 1178 3534 1615 1178 3535 1616 1178 3536 1136 1181 3543 1616 1181 3544 1620 1181 3545 1154 1185 3555 411 1185 3556 1153 1185 3557 1608 1186 3558 1117 1186 3559 1607 1186 3560 1607 1187 3561 1108 1187 3562 1600 1187 3563 1636 1188 3564 1109 1188 3565 627 1188 3566 1624 1189 3567 1110 1189 3568 1602 1189 3569 1636 1190 3570 767 1190 3571 1635 1190 3572 1602 1191 3573 1112 1191 3574 1604 1191 3575 1603 1192 3576 1109 1192 3577 1601 1192 3578 1600 1193 3579 1111 1193 3580 1603 1193 3581 1604 1194 3582 1113 1194 3583 1605 1194 3584 1605 1197 3591 1118 1197 3592 1608 1197 3593 1523 1200 3600 767 1200 3601 856 1200 3602 1083 1201 3603 1090 1201 3604 1089 1201 3605 1159 1202 3606 1155 1202 3607 1160 1202 3608 1162 1203 3609 1158 1203 3610 1157 1203 3611 1163 1204 3612 1167 1204 3613 1164 1204 3614 1166 1205 3615 1170 1205 3616 1169 1205 3617 1168 1206 3618 1156 1206 3619 1159 1206 3620 1156 1231 3693 1192 1231 3694 1155 1231 3695 1163 1232 3696 1202 1232 3697 1201 1232 3698 1173 1233 3699 1157 1233 3700 1158 1233 3701 1155 1234 3702 1173 1234 3703 1158 1234 3704 1177 1235 3705 1192 1235 3706 1191 1235 3707 1174 1236 3708 1166 1236 3709 1157 1236 3710 1174 1237 3711 1181 1237 3712 1182 1237 3713 1166 1238 3714 1186 1238 3715 1165 1238 3716 1186 1239 3717 1164 1239 3718 1165 1239 3719 1186 1240 3720 1198 1240 3721 1202 1240 3722 1201 1241 3723 1156 1241 3724 1163 1241 3725 1197 1242 3726 1188 1242 3727 1201 1242 3728 1204 1243 3729 1205 1243 3730 1203 1243 3731 1206 1244 3732 1207 1244 3733 1205 1244 3734 1208 1245 3735 1209 1245 3736 1207 1245 3737 1210 1246 3738 1211 1246 3739 1209 1246 3740 1212 1247 3741 1213 1247 3742 1211 1247 3743 1214 1248 3744 1215 1248 3745 1213 1248 3746 1210 1249 3747 1208 1249 3748 1216 1249 3749 1216 1250 3750 1217 1250 3751 1215 1250 3752 1218 1251 3753 1203 1251 3754 1217 1251 3755 1217 1252 3756 1213 1252 3757 1209 1252 3758 1220 1253 3759 1221 1253 3760 1219 1253 3761 1222 1254 3762 1223 1254 3763 1221 1254 3764 1224 1255 3765 1225 1255 3766 1223 1255 3767 1225 1256 3768 1228 1256 3769 1227 1256 3770 1227 1257 3771 1230 1257 3772 1229 1257 3773 1230 1258 3774 1231 1258 3775 1229 1258 3776 1224 1259 3777 1220 1259 3778 1232 1259 3779 1232 1260 3780 1233 1260 3781 1231 1260 3782 1234 1261 3783 1219 1261 3784 1233 1261 3785 1231 1262 3786 1233 1262 3787 1225 1262 3788 1236 1263 3789 1237 1263 3790 1235 1263 3791 1238 1264 3792 1239 1264 3793 1237 1264 3794 1240 1265 3795 1241 1265 3796 1239 1265 3797 1242 1266 3798 1243 1266 3799 1241 1266 3800 1244 1267 3801 1245 1267 3802 1243 1267 3803 1246 1268 3804 1247 1268 3805 1245 1268 3806 1242 1269 3807 1240 1269 3808 1248 1269 3809 1248 1270 3810 1249 1270 3811 1247 1270 3812 1250 1271 3813 1235 1271 3814 1249 1271 3815 1249 1272 3816 1245 1272 3817 1241 1272 3818 1252 1273 3819 1253 1273 3820 1251 1273 3821 1254 1274 3822 1255 1274 3823 1253 1274 3824 1256 1275 3825 1257 1275 3826 1255 1275 3827 1257 1276 3828 1260 1276 3829 1259 1276 3830 1259 1277 3831 1262 1277 3832 1261 1277 3833 1262 1278 3834 1263 1278 3835 1261 1278 3836 1256 1279 3837 1252 1279 3838 1264 1279 3839 1264 1280 3840 1265 1280 3841 1263 1280 3842 1266 1281 3843 1251 1281 3844 1265 1281 3845 1263 1282 3846 1265 1282 3847 1257 1282 3848 1217 1283 3849 1178 1283 3850 1177 1283 3851 1203 1284 3852 1205 1284 3853 1178 1284 3854 1205 1285 3855 1181 1285 3856 1178 1285 3857 1221 1286 3858 1181 1286 3859 1219 1286 3860 1223 1287 3861 1181 1287 3862 1221 1287 3863 1225 1288 3864 1185 1288 3865 1223 1288 3866 1185 1289 3867 1255 1289 3868 1198 1289 3869 1257 1290 3870 1198 1290 3871 1255 1290 3872 1259 1291 3873 1198 1291 3874 1257 1291 3875 1197 1292 3876 1259 1292 3877 1261 1292 3878 1261 1293 3879 1187 1293 3880 1197 1293 3881 1243 1294 3882 1245 1294 3883 1187 1294 3884 1191 1295 3885 1245 1295 3886 1247 1295 3887 1247 1296 3888 1249 1296 3889 1191 1296 3890 1249 1297 3891 1177 1297 3892 1191 1297 3893 1177 1298 3894 1215 1298 3895 1217 1298 3896 1213 1299 3897 1249 1299 3898 1235 1299 3899 1211 1300 3900 1235 1300 3901 1237 1300 3902 1207 1301 3903 1219 1301 3904 1205 1301 3905 1209 1302 3906 1233 1302 3907 1207 1302 3908 1243 1303 3909 1263 1303 3910 1241 1303 3911 1241 1304 3912 1265 1304 3913 1239 1304 3914 1227 1305 3915 1255 1305 3916 1225 1305 3917 1229 1306 3918 1253 1306 3919 1227 1306 3920 1265 1307 3921 1251 1307 3922 1239 1307 3923 1231 1308 3924 1251 1308 3925 1229 1308 3926 1239 1309 3927 1211 1309 3928 1237 1309 3929 1231 1310 3930 1209 1310 3931 1211 1310 3932 1251 1311 3933 1211 1311 3934 1239 1311 3935 1153 1312 3936 1161 1312 3937 1162 1312 3938 1162 1313 3939 1154 1313 3940 1153 1313 3941 1169 1314 3942 1170 1314 3943 1154 1314 3944 1154 1315 3945 1167 1315 3946 1151 1315 3947 1167 1316 3948 1168 1316 3949 1151 1316 3950 1168 1317 3951 1152 1317 3952 1151 1317 3953 1159 1318 3954 1160 1318 3955 1152 1318 3956 1160 1319 3957 1153 1319 3958 1152 1319 3959 1282 1320 3960 1276 1320 3961 1279 1320 3962 1270 1321 3963 1272 1321 3964 1267 1321 3965 1274 1322 3966 1278 1322 3967 1281 1322 3968 1268 1323 3969 1272 1323 3970 1271 1323 3971 1269 1324 3972 1273 1324 3973 1270 1324 3974 1275 1325 3975 1279 1325 3976 1276 1325 3977 1278 1326 3978 1282 1326 3979 1281 1326 3980 1280 1327 3981 1268 1327 3982 1271 1327 3983 1268 1352 4056 1304 1352 4057 1267 1352 4058 1275 1353 4059 1314 1353 4060 1313 1353 4061 1285 1354 4062 1269 1354 4063 1270 1354 4064 1267 1355 4065 1285 1355 4066 1270 1355 4067 1289 1356 4068 1304 1356 4069 1303 1356 4070 1286 1357 4071 1278 1357 4072 1269 1357 4073 1286 1358 4074 1293 1358 4075 1294 1358 4076 1278 1359 4077 1298 1359 4078 1277 1359 4079 1298 1360 4080 1276 1360 4081 1277 1360 4082 1298 1361 4083 1310 1361 4084 1314 1361 4085 1275 1362 4086 1300 1362 4087 1268 1362 4088 1309 1363 4089 1300 1363 4090 1313 1363 4091 1316 1364 4092 1317 1364 4093 1315 1364 4094 1318 1365 4095 1319 1365 4096 1317 1365 4097 1320 1366 4098 1321 1366 4099 1319 1366 4100 1322 1367 4101 1323 1367 4102 1321 1367 4103 1324 1368 4104 1325 1368 4105 1323 1368 4106 1326 1369 4107 1327 1369 4108 1325 1369 4109 1320 1370 4110 1316 1370 4111 1328 1370 4112 1328 1371 4113 1329 1371 4114 1327 1371 4115 1330 1372 4116 1315 1372 4117 1329 1372 4118 1329 1373 4119 1325 1373 4120 1321 1373 4121 1332 1374 4122 1333 1374 4123 1331 1374 4124 1334 1375 4125 1335 1375 4126 1333 1375 4127 1336 1376 4128 1337 1376 4129 1335 1376 4130 1337 1377 4131 1340 1377 4132 1339 1377 4133 1339 1378 4134 1342 1378 4135 1341 1378 4136 1342 1379 4137 1343 1379 4138 1341 1379 4139 1338 1380 4140 1336 1380 4141 1344 1380 4142 1344 1381 4143 1345 1381 4144 1343 1381 4145 1346 1382 4146 1331 1382 4147 1345 1382 4148 1345 1383 4149 1333 1383 4150 1337 1383 4151 1348 1384 4152 1349 1384 4153 1347 1384 4154 1350 1385 4155 1351 1385 4156 1349 1385 4157 1352 1386 4158 1353 1386 4159 1351 1386 4160 1354 1387 4161 1355 1387 4162 1353 1387 4163 1356 1388 4164 1357 1388 4165 1355 1388 4166 1358 1389 4167 1359 1389 4168 1357 1389 4169 1354 1390 4170 1352 1390 4171 1360 1390 4172 1360 1391 4173 1361 1391 4174 1359 1391 4175 1362 1392 4176 1347 1392 4177 1361 1392 4178 1361 1393 4179 1357 1393 4180 1353 1393 4181 1364 1394 4182 1365 1394 4183 1363 1394 4184 1366 1395 4185 1367 1395 4186 1365 1395 4187 1368 1396 4188 1369 1396 4189 1367 1396 4190 1369 1397 4191 1372 1397 4192 1371 1397 4193 1371 1398 4194 1374 1398 4195 1373 1398 4196 1374 1399 4197 1375 1399 4198 1373 1399 4199 1370 1400 4200 1368 1400 4201 1376 1400 4202 1376 1401 4203 1377 1401 4204 1375 1401 4205 1378 1402 4206 1363 1402 4207 1377 1402 4208 1377 1403 4209 1365 1403 4210 1369 1403 4211 1329 1404 4212 1290 1404 4213 1289 1404 4214 1315 1405 4215 1317 1405 4216 1290 1405 4217 1317 1406 4218 1293 1406 4219 1290 1406 4220 1333 1407 4221 1293 1407 4222 1331 1407 4223 1335 1408 4224 1293 1408 4225 1333 1408 4226 1337 1409 4227 1297 1409 4228 1335 1409 4229 1297 1410 4230 1367 1410 4231 1310 1410 4232 1369 1411 4233 1310 1411 4234 1367 1411 4235 1371 1412 4236 1310 1412 4237 1369 1412 4238 1309 1413 4239 1371 1413 4240 1373 1413 4241 1309 1414 4242 1355 1414 4243 1299 1414 4244 1355 1415 4245 1357 1415 4246 1299 1415 4247 1303 1416 4248 1357 1416 4249 1359 1416 4250 1359 1417 4251 1361 1417 4252 1303 1417 4253 1361 1418 4254 1289 1418 4255 1303 1418 4256 1289 1419 4257 1327 1419 4258 1329 1419 4259 1325 1420 4260 1361 1420 4261 1347 1420 4262 1323 1421 4263 1347 1421 4264 1349 1421 4265 1319 1422 4266 1331 1422 4267 1317 1422 4268 1321 1423 4269 1345 1423 4270 1319 1423 4271 1355 1424 4272 1375 1424 4273 1353 1424 4274 1353 1425 4275 1377 1425 4276 1351 1425 4277 1339 1426 4278 1367 1426 4279 1337 1426 4280 1341 1427 4281 1365 1427 4282 1339 1427 4283 1377 1428 4284 1363 1428 4285 1351 1428 4286 1343 1429 4287 1363 1429 4288 1341 1429 4289 1351 1430 4290 1323 1430 4291 1349 1430 4292 1343 1431 4293 1321 1431 4294 1323 1431 4295 1363 1432 4296 1323 1432 4297 1351 1432 4298 982 1433 4299 1273 1433 4300 1274 1433 4301 1274 1434 4302 980 1434 4303 982 1434 4304 1281 1435 4305 1282 1435 4306 980 1435 4307 980 1436 4308 1279 1436 4309 1131 1436 4310 1279 1437 4311 1280 1437 4312 1131 1437 4313 1280 1438 4314 1122 1438 4315 1131 1438 4316 1271 1439 4317 1272 1439 4318 1122 1439 4319 1272 1440 4320 982 1440 4321 1122 1440 4322 1394 1441 4323 1388 1441 4324 1391 1441 4325 1382 1442 4326 1384 1442 4327 1379 1442 4328 1386 1443 4329 1390 1443 4330 1393 1443 4331 1380 1444 4332 1384 1444 4333 1383 1444 4334 1381 1445 4335 1385 1445 4336 1382 1445 4337 1387 1446 4338 1391 1446 4339 1388 1446 4340 1390 1447 4341 1394 1447 4342 1393 1447 4343 1392 1448 4344 1380 1448 4345 1383 1448 4346 1380 1473 4419 1416 1473 4420 1379 1473 4421 1387 1474 4422 1426 1474 4423 1425 1474 4424 1397 1475 4425 1381 1475 4426 1382 1475 4427 1379 1476 4428 1397 1476 4429 1382 1476 4430 1401 1477 4431 1416 1477 4432 1415 1477 4433 1398 1478 4434 1390 1478 4435 1381 1478 4436 1398 1479 4437 1405 1479 4438 1406 1479 4439 1390 1480 4440 1410 1480 4441 1389 1480 4442 1410 1481 4443 1388 1481 4444 1389 1481 4445 1410 1482 4446 1422 1482 4447 1426 1482 4448 1387 1483 4449 1412 1483 4450 1380 1483 4451 1421 1484 4452 1412 1484 4453 1425 1484 4454 1428 1485 4455 1429 1485 4456 1427 1485 4457 1430 1486 4458 1431 1486 4459 1429 1486 4460 1432 1487 4461 1433 1487 4462 1431 1487 4463 1434 1488 4464 1435 1488 4465 1433 1488 4466 1435 1489 4467 1438 1489 4468 1437 1489 4469 1437 1490 4470 1440 1490 4471 1439 1490 4472 1432 1491 4473 1428 1491 4474 1440 1491 4475 1440 1492 4476 1441 1492 4477 1439 1492 4478 1442 1493 4479 1427 1493 4480 1441 1493 4481 1437 1494 4482 1433 1494 4483 1429 1494 4484 1444 1495 4485 1445 1495 4486 1443 1495 4487 1446 1496 4488 1447 1496 4489 1445 1496 4490 1448 1497 4491 1449 1497 4492 1447 1497 4493 1449 1498 4494 1452 1498 4495 1451 1498 4496 1451 1499 4497 1454 1499 4498 1453 1499 4499 1454 1500 4500 1455 1500 4501 1453 1500 4502 1450 1501 4503 1448 1501 4504 1456 1501 4505 1456 1502 4506 1457 1502 4507 1455 1502 4508 1458 1503 4509 1443 1503 4510 1457 1503 4511 1455 1504 4512 1457 1504 4513 1449 1504 4514 1460 1505 4515 1461 1505 4516 1459 1505 4517 1462 1506 4518 1463 1506 4519 1461 1506 4520 1464 1507 4521 1465 1507 4522 1463 1507 4523 1466 1508 4524 1467 1508 4525 1465 1508 4526 1467 1509 4527 1470 1509 4528 1469 1509 4529 1469 1510 4530 1472 1510 4531 1471 1510 4532 1464 1511 4533 1460 1511 4534 1472 1511 4535 1472 1512 4536 1473 1512 4537 1471 1512 4538 1474 1513 4539 1459 1513 4540 1473 1513 4541 1469 1514 4542 1465 1514 4543 1461 1514 4544 1476 1515 4545 1477 1515 4546 1475 1515 4547 1478 1516 4548 1479 1516 4549 1477 1516 4550 1480 1517 4551 1481 1517 4552 1479 1517 4553 1481 1518 4554 1484 1518 4555 1483 1518 4556 1483 1519 4557 1486 1519 4558 1485 1519 4559 1486 1520 4560 1487 1520 4561 1485 1520 4562 1482 1521 4563 1480 1521 4564 1488 1521 4565 1488 1522 4566 1489 1522 4567 1487 1522 4568 1490 1523 4569 1475 1523 4570 1489 1523 4571 1487 1524 4572 1489 1524 4573 1481 1524 4574 1441 1525 4575 1402 1525 4576 1401 1525 4577 1427 1526 4578 1429 1526 4579 1402 1526 4580 1429 1527 4581 1405 1527 4582 1402 1527 4583 1445 1528 4584 1405 1528 4585 1443 1528 4586 1447 1529 4587 1405 1529 4588 1445 1529 4589 1449 1530 4590 1409 1530 4591 1447 1530 4592 1409 1531 4593 1479 1531 4594 1422 1531 4595 1481 1532 4596 1422 1532 4597 1479 1532 4598 1481 1533 4599 1421 1533 4600 1422 1533 4601 1421 1534 4602 1483 1534 4603 1485 1534 4604 1421 1535 4605 1467 1535 4606 1411 1535 4607 1467 1536 4608 1469 1536 4609 1411 1536 4610 1415 1537 4611 1469 1537 4612 1471 1537 4613 1471 1538 4614 1473 1538 4615 1415 1538 4616 1473 1539 4617 1401 1539 4618 1415 1539 4619 1401 1540 4620 1439 1540 4621 1441 1540 4622 1437 1541 4623 1473 1541 4624 1459 1541 4625 1435 1542 4626 1459 1542 4627 1461 1542 4628 1431 1543 4629 1443 1543 4630 1429 1543 4631 1433 1544 4632 1457 1544 4633 1431 1544 4634 1467 1545 4635 1487 1545 4636 1465 1545 4637 1465 1546 4638 1489 1546 4639 1463 1546 4640 1451 1547 4641 1479 1547 4642 1449 1547 4643 1453 1548 4644 1477 1548 4645 1451 1548 4646 1489 1549 4647 1475 1549 4648 1463 1549 4649 1455 1550 4650 1475 1550 4651 1453 1550 4652 1463 1551 4653 1435 1551 4654 1461 1551 4655 1455 1552 4656 1433 1552 4657 1435 1552 4658 1475 1553 4659 1435 1553 4660 1463 1553 4661 767 1554 4662 1385 1554 4663 1386 1554 4664 1386 1555 4665 856 1555 4666 767 1555 4667 1393 1556 4668 1394 1556 4669 856 1556 4670 856 1557 4671 1391 1557 4672 264 1557 4673 1391 1558 4674 1392 1558 4675 264 1558 4676 1392 1559 4677 627 1559 4678 264 1559 4679 1383 1560 4680 1384 1560 4681 627 1560 4682 1384 1561 4683 767 1561 4684 627 1561 4685 1495 1562 4686 1493 1562 4687 1491 1562 4688 1500 1563 4689 1494 1563 4690 1098 1563 4691 1492 1564 4692 1501 1564 4693 1098 1564 4694 1500 1565 4695 1098 1565 4696 1501 1565 4697 1494 1566 4698 1503 1566 4699 1492 1566 4700 1492 1572 4716 1495 1572 4717 1494 1572 4718 1493 1573 4719 1080 1573 4720 1491 1573 4721 1065 1574 4722 1142 1574 4723 1507 1574 4724 1505 1575 4725 1495 1575 4726 1506 1575 4727 1102 1576 4728 652 1576 4729 1494 1576 4730 1080 1577 4731 1504 1577 4732 1491 1577 4733 1508 1578 4734 1506 1578 4735 1504 1578 4736 300 1579 4737 1504 1579 4738 302 1579 4739 1513 1580 4740 1507 1580 4741 1103 1580 4742 1505 1581 4743 1514 1581 4744 1103 1581 4745 1513 1582 4746 1103 1582 4747 1514 1582 4748 1507 1583 4749 1516 1583 4750 1505 1583 4751 1505 1589 4767 1508 1589 4768 1507 1589 4769 277 1666 4998 1591 1666 4999 278 1666 5000 278 1667 5001 1590 1667 5002 279 1667 5003 283 1668 5004 1586 1668 5005 282 1668 5006 1657 1669 5007 1590 1669 5008 1702 1669 5009 218 1670 5010 1746 1670 5011 1715 1670 5012 281 1671 5013 1586 1671 5014 1585 1671 5015 544 1672 5016 1583 1672 5017 555 1672 5018 555 1673 5019 1570 1673 5020 426 1673 5021 305 1674 5022 1572 1674 5023 1594 1674 5024 280 1675 5025 1573 1675 5026 404 1675 5027 397 1676 5028 1594 1676 5029 1593 1676 5030 404 1677 5031 1576 1677 5032 445 1677 5033 444 1678 5034 1572 1678 5035 403 1678 5036 426 1679 5037 1575 1679 5038 444 1679 5039 445 1681 5043 1577 1681 5044 458 1681 5045 458 1684 5052 1584 1684 5053 544 1684 5054 1153 1687 5061 1571 1687 5062 1593 1687 5063 1567 1688 5064 312 1688 5065 325 1688 5066 1559 1689 5067 325 1689 5068 164 1689 5069 1596 1690 5070 141 1690 5071 121 1690 5072 142 1691 5073 1588 1691 5074 218 1691 5075 134 1692 5076 1596 1692 5077 121 1692 5078 1563 1693 5079 142 1693 5080 182 1693 5081 1560 1694 5082 181 1694 5083 141 1694 5084 1562 1695 5085 164 1695 5086 181 1695 5087 1564 1697 5091 182 1697 5092 195 1697 5093 1568 1700 5100 195 1700 5101 312 1700 5102 856 1704 5112 1597 1704 5113 1523 1704 5114 678 1712 5136 1608 1712 5137 766 1712 5138 665 1715 5145 1605 1715 5146 678 1715 5147 646 1717 5151 1603 1717 5152 664 1717 5153 664 1718 5154 1601 1718 5155 623 1718 5156 624 1720 5160 1604 1720 5161 665 1720 5162 617 1721 5163 1636 1721 5164 1635 1721 5165 1070 1722 5166 1602 1722 5167 624 1722 5168 260 1723 5169 1601 1723 5170 1636 1723 5171 779 1724 5172 1600 1724 5173 646 1724 5174 766 1725 5175 1607 1725 5176 779 1725 5177 1620 1726 5178 908 1726 5179 997 1726 5180 1616 1729 5187 895 1729 5188 908 1729 5189 1614 1731 5193 875 1731 5194 894 1731 5195 1611 1732 5196 894 1732 5197 852 1732 5198 1615 1733 5199 853 1733 5200 895 1733 5201 846 1734 5202 1634 1734 5203 759 1734 5204 1612 1735 5205 1071 1735 5206 853 1735 5207 759 1736 5208 1611 1736 5209 852 1736 5210 1610 1737 5211 1008 1737 5212 875 1737 5213 1619 1738 5214 997 1738 5215 1008 1738 5216 1141 1739 5217 1629 1739 5218 1622 1739 5219 1143 1740 5220 1632 1740 5221 1623 1740 5222 1148 1741 5223 1747 1741 5224 1741 1741 5225 1143 1742 5226 1631 1742 5227 1142 1742 5228 1141 1743 5229 1703 1743 5230 1700 1743 5231 1137 1744 5232 1629 1744 5233 1139 1744 5234 1154 1748 5244 1621 1748 5245 844 1748 5246 767 1753 5259 1637 1753 5260 1635 1753 5261 1741 1772 5316 1632 1772 5317 1147 1772 5318 1700 1779 5337 1630 1779 5338 1140 1779 5339 1657 1780 5340 1589 1780 5341 280 1780 5342 1658 1783 5349 1140 1783 5350 1064 1783 5351 1677 1784 5352 1100 1784 5353 1088 1784 5354 1698 1785 5355 1088 1785 5356 1078 1785 5357 1656 1786 5358 1078 1786 5359 1071 1786 5360 1703 1787 5361 1071 1787 5362 1630 1787 5363 1702 1788 5364 1064 1788 5365 1589 1788 5366 1662 1789 5367 280 1789 5368 527 1789 5369 1673 1790 5370 527 1790 5371 534 1790 5372 1674 1791 5373 534 1791 5374 387 1791 5375 1696 1792 5376 1019 1792 5377 1006 1792 5378 1681 1793 5379 1006 1793 5380 912 1793 5381 1691 1794 5382 937 1794 5383 884 1794 5384 863 1796 5388 1681 1796 5389 912 1796 5390 1685 1797 5391 884 1797 5392 764 1797 5393 1697 1798 5394 903 1798 5395 1019 1798 5396 855 1799 5397 1685 1799 5398 764 1799 5399 1689 1800 5400 863 1800 5401 850 1800 5402 848 1801 5403 1692 1801 5404 897 1801 5405 903 1802 5406 1692 1802 5407 900 1802 5408 851 1803 5409 1699 1803 5410 881 1803 5411 845 1804 5412 1684 1804 5413 807 1804 5414 1693 1805 5415 846 1805 5416 937 1805 5417 850 1806 5418 1686 1806 5419 1689 1806 5420 1687 1807 5421 840 1807 5422 768 1807 5423 857 1808 5424 1687 1808 5425 768 1808 5426 566 1809 5427 1675 1809 5428 553 1809 5429 553 1810 5430 1661 1810 5431 462 1810 5432 487 1811 5433 1670 1811 5434 434 1811 5435 1661 1813 5439 414 1813 5440 462 1813 5441 434 1814 5442 1664 1814 5443 310 1814 5444 453 1815 5445 1676 1815 5446 566 1815 5447 406 1816 5448 1664 1816 5449 1669 1816 5450 414 1817 5451 1668 1817 5452 401 1817 5453 399 1818 5454 1671 1818 5455 1667 1818 5456 1671 1819 5457 453 1819 5458 450 1819 5459 1674 1820 5460 402 1820 5461 537 1820 5462 1663 1821 5463 396 1821 5464 352 1821 5465 397 1822 5466 1672 1822 5467 487 1822 5468 401 1823 5469 1665 1823 5470 392 1823 5471 392 1824 5472 1666 1824 5473 313 1824 5474 1666 1825 5475 407 1825 5476 313 1825 5477 283 1830 5490 1746 1830 5491 1587 1830 5492 1736 1833 5499 1147 1833 5500 1067 1833 5501 1739 1834 5502 1106 1834 5503 1094 1834 5504 1738 1835 5505 1094 1835 5506 1082 1835 5507 1737 1836 5508 1082 1836 5509 1074 1836 5510 1747 1837 5511 1074 1837 5512 1632 1837 5513 1587 1838 5514 1736 1838 5515 1067 1838 5516 1719 1839 5517 283 1839 5518 285 1839 5519 1720 1840 5520 285 1840 5521 560 1840 5522 1716 1841 5523 560 1841 5524 287 1841 5525 790 1842 5526 1734 1842 5527 777 1842 5528 777 1843 5529 1723 1843 5530 682 1843 5531 708 1844 5532 1731 1844 5533 655 1844 5534 1723 1846 5538 635 1846 5539 682 1846 5540 655 1847 5541 1725 1847 5542 262 1847 5543 673 1848 5544 1735 1848 5545 790 1848 5546 262 1849 5547 1730 1849 5548 626 1849 5549 635 1850 5550 1729 1850 5551 621 1850 5552 667 1851 5553 1728 1851 5554 619 1851 5555 1732 1852 5556 673 1852 5557 670 1852 5558 1740 1853 5559 622 1853 5560 1106 1853 5561 1724 1854 5562 615 1854 5563 356 1854 5564 617 1855 5565 1733 1855 5566 708 1855 5567 621 1856 5568 1726 1856 5569 255 1856 5570 255 1857 5571 1727 1857 5572 323 1857 5573 1727 1858 5574 628 1858 5575 323 1858 5576 1717 1859 5577 335 1859 5578 322 1859 5579 1705 1860 5580 322 1860 5581 199 1860 5582 1712 1861 5583 225 1861 5584 172 1861 5585 152 1862 5586 1705 1862 5587 199 1862 5588 1694 1863 5589 172 1863 5590 119 1863 5591 1718 1864 5592 190 1864 5593 335 1864 5594 1653 1865 5595 119 1865 5596 144 1865 5597 1569 1866 5598 152 1866 5599 139 1866 5600 1655 1867 5601 184 1867 5602 136 1867 5603 190 1868 5604 1713 1868 5605 187 1868 5606 140 1869 5607 1716 1869 5608 287 1869 5609 132 1870 5610 1704 1870 5611 117 1870 5612 1714 1871 5613 134 1871 5614 225 1871 5615 139 1872 5616 1682 1872 5617 1569 1872 5618 1119 1873 5619 127 1873 5620 118 1873 5621 145 1874 5622 1119 1874 5623 118 1874 5624 11 1910 5730 6 1910 5731 15 1910 5732 7 1911 5733 10 1911 5734 9 1911 5735 19 1912 5736 14 1912 5737 13 1912 5738 8 1913 5739 5 1913 5740 4 1913 5741 11 1914 5742 10 1914 5743 7 1914 5744 17 1915 5745 16 1915 5746 13 1915 5747 18 1916 5748 15 1916 5749 14 1916 5750 17 1917 5751 12 1917 5752 5 1917 5753 5 1942 5826 37 1942 5827 41 1942 5828 12 1943 5829 13 1943 5830 51 1943 5831 22 1944 5832 23 1944 5833 6 1944 5834 4 1945 5835 41 1945 5836 22 1945 5837 26 1946 5838 22 1946 5839 41 1946 5840 23 1947 5841 31 1947 5842 15 1947 5843 23 1948 5844 27 1948 5845 30 1948 5846 15 1949 5847 31 1949 5848 35 1949 5849 35 1950 5850 51 1950 5851 13 1950 5852 35 1951 5853 34 1951 5854 47 1951 5855 12 1952 5856 50 1952 5857 37 1952 5858 46 1953 5859 36 1953 5860 37 1953 5861 53 1954 5862 55 1954 5863 54 1954 5864 55 1955 5865 57 1955 5866 56 1955 5867 57 1956 5868 59 1956 5869 58 1956 5870 59 1957 5871 61 1957 5872 60 1957 5873 61 1958 5874 63 1958 5875 62 1958 5876 63 1959 5877 65 1959 5878 64 1959 5879 57 1960 5880 55 1960 5881 65 1960 5882 55 1961 5883 53 1961 5884 65 1961 5885 53 1962 5886 67 1962 5887 65 1962 5888 65 1963 5889 63 1963 5890 61 1963 5891 61 1964 5892 59 1964 5893 65 1964 5894 65 1965 5895 67 1965 5896 66 1965 5897 67 1966 5898 53 1966 5899 52 1966 5900 54 1967 5901 52 1967 5902 66 1967 5903 66 1968 5904 64 1968 5905 62 1968 5906 62 1969 5907 60 1969 5908 58 1969 5909 58 1970 5910 56 1970 5911 54 1970 5912 54 1971 5913 66 1971 5914 58 1971 5915 69 1972 5916 71 1972 5917 70 1972 5918 71 1973 5919 73 1973 5920 72 1973 5921 73 1974 5922 75 1974 5923 74 1974 5924 75 1975 5925 77 1975 5926 76 1975 5927 77 1976 5928 79 1976 5929 78 1976 5930 79 1977 5931 81 1977 5932 80 1977 5933 73 1978 5934 71 1978 5935 69 1978 5936 69 1979 5937 83 1979 5938 81 1979 5939 81 1980 5940 79 1980 5941 77 1980 5942 77 1981 5943 75 1981 5944 81 1981 5945 75 1982 5946 73 1982 5947 81 1982 5948 81 1983 5949 83 1983 5950 82 1983 5951 83 1984 5952 69 1984 5953 68 1984 5954 82 1985 5955 68 1985 5956 70 1985 5957 70 1986 5958 72 1986 5959 74 1986 5960 74 1987 5961 76 1987 5962 78 1987 5963 78 1988 5964 80 1988 5965 74 1988 5966 80 1989 5967 82 1989 5968 74 1989 5969 85 1990 5970 87 1990 5971 86 1990 5972 87 1991 5973 89 1991 5974 88 1991 5975 89 1992 5976 91 1992 5977 90 1992 5978 91 1993 5979 93 1993 5980 92 1993 5981 93 1994 5982 95 1994 5983 94 1994 5984 95 1995 5985 97 1995 5986 96 1995 5987 89 1996 5988 87 1996 5989 97 1996 5990 87 1997 5991 85 1997 5992 97 1997 5993 85 1998 5994 99 1998 5995 97 1998 5996 97 1999 5997 95 1999 5998 93 1999 5999 93 2000 6000 91 2000 6001 97 2000 6002 97 2001 6003 99 2001 6004 98 2001 6005 99 2002 6006 85 2002 6007 84 2002 6008 86 2003 6009 84 2003 6010 98 2003 6011 98 2004 6012 96 2004 6013 94 2004 6014 94 2005 6015 92 2005 6016 90 2005 6017 90 2006 6018 88 2006 6019 86 2006 6020 86 2007 6021 98 2007 6022 90 2007 6023 101 2008 6024 103 2008 6025 102 2008 6026 103 2009 6027 105 2009 6028 104 2009 6029 105 2010 6030 107 2010 6031 106 2010 6032 107 2011 6033 109 2011 6034 108 2011 6035 109 2012 6036 111 2012 6037 110 2012 6038 111 2013 6039 113 2013 6040 112 2013 6041 105 2014 6042 103 2014 6043 101 2014 6044 101 2015 6045 115 2015 6046 113 2015 6047 113 2016 6048 111 2016 6049 109 2016 6050 109 2017 6051 107 2017 6052 113 2017 6053 107 2018 6054 105 2018 6055 113 2018 6056 113 2019 6057 115 2019 6058 114 2019 6059 115 2020 6060 101 2020 6061 100 2020 6062 114 2021 6063 100 2021 6064 102 2021 6065 102 2022 6066 104 2022 6067 106 2022 6068 106 2023 6069 108 2023 6070 110 2023 6071 110 2024 6072 112 2024 6073 106 2024 6074 112 2025 6075 114 2025 6076 106 2025 6077 66 2026 6078 52 2026 6079 27 2026 6080 27 2027 6081 54 2027 6082 68 2027 6083 72 2028 6084 34 2028 6085 30 2028 6086 34 2029 6087 74 2029 6088 104 2029 6089 108 2030 6090 46 2030 6091 47 2030 6092 110 2031 6093 92 2031 6094 36 2031 6095 40 2032 6096 36 2032 6097 94 2032 6098 98 2033 6099 64 2033 6100 26 2033 6101 62 2034 6102 64 2034 6103 98 2034 6104 60 2035 6105 62 2035 6106 84 2035 6107 56 2036 6108 82 2036 6109 68 2036 6110 58 2037 6111 80 2037 6112 82 2037 6113 92 2038 6114 110 2038 6115 112 2038 6116 90 2039 6117 112 2039 6118 114 2039 6119 76 2040 6120 102 2040 6121 104 2040 6122 78 2041 6123 100 2041 6124 102 2041 6125 100 2042 6126 80 2042 6127 60 2042 6128 11 2043 6129 18 2043 6130 3 2043 6131 3 2044 6132 19 2044 6133 16 2044 6134 17 2045 6135 8 2045 6136 1 2045 6137 9 2046 6138 10 2046 6139 2 2046 6140 1595 2047 6141 134 2047 6142 1518 2047 6143 161 2048 6144 154 2048 6145 127 2048 6146 151 2049 6147 118 2049 6148 127 2049 6149 1653 2050 6150 144 2050 6151 129 2050 6152 1119 2051 6153 129 2051 6154 120 2051 6155 119 2052 6156 120 2052 6157 129 2052 6158 481 2053 6159 219 2053 6160 170 2053 6161 166 2054 6162 145 2054 6163 118 2054 6164 2 2055 6165 126 2055 6166 155 2055 6167 155 2056 6168 126 2056 6169 123 2056 6170 167 2057 6171 125 2057 6172 124 2057 6173 116 2058 6174 131 2058 6175 224 2058 6176 1682 2059 6177 120 2059 6178 135 2059 6179 223 2060 6180 117 2060 6181 1704 2060 6182 225 2061 6183 134 2061 6184 121 2061 6185 142 2062 6186 218 2062 6187 284 2062 6188 289 2063 6189 748 2063 6190 131 2063 6191 0 2064 6192 1 2064 6193 128 2064 6194 121 2065 6195 141 2065 6196 226 2065 6197 182 2066 6198 142 2066 6199 227 2066 6200 520 2067 6201 267 2067 6202 355 2067 6203 1745 2068 6204 1518 2068 6205 134 2068 6206 1655 2069 6207 136 2069 6208 122 2069 6209 1707 2070 6210 196 2070 6211 184 2070 6212 139 2071 6213 152 2071 6214 206 2071 6215 192 2072 6216 143 2072 6217 178 2072 6218 1655 2073 6219 140 2073 6220 187 2073 6221 160 2084 6252 265 2084 6253 185 2084 6254 161 2085 6255 206 2085 6256 216 2085 6257 140 2086 6258 191 2086 6259 188 2086 6260 135 2087 6261 183 2087 6262 1706 2087 6263 250 2088 6264 304 2088 6265 337 2088 6266 156 2089 6267 158 2089 6268 124 2089 6269 212 2090 6270 155 2090 6271 157 2090 6272 145 2091 6273 166 2091 6274 156 2091 6275 165 2092 6276 155 2092 6277 212 2092 6278 128 2093 6279 153 2093 6280 160 2093 6281 207 2094 6282 203 2094 6283 154 2094 6284 150 2095 6285 153 2095 6286 128 2095 6287 202 2096 6288 151 2096 6289 154 2096 6290 1 2097 6291 2 2097 6292 165 2097 6293 208 2098 6294 166 2098 6295 151 2098 6296 193 2101 6303 174 2101 6304 136 2101 6305 169 2102 6306 173 2102 6307 135 2102 6308 448 2103 6309 185 2103 6310 162 2103 6311 174 2104 6312 582 2104 6313 122 2104 6314 172 2105 6315 169 2105 6316 120 2105 6317 1653 2106 6318 145 2106 6319 125 2106 6320 170 2107 6321 168 2107 6322 123 2107 6323 223 2108 6324 167 2108 6325 171 2108 6326 173 2109 6327 192 2109 6328 179 2109 6329 200 2110 6330 193 2110 6331 180 2110 6332 178 2111 6333 163 2111 6334 183 2111 6335 181 2112 6336 164 2112 6337 222 2112 6338 180 2113 6339 184 2113 6340 196 2113 6341 141 2114 6342 181 2114 6343 229 2114 6344 195 2115 6345 182 2115 6346 230 2115 6347 195 2116 6348 231 2116 6349 350 2116 6350 188 2117 6351 198 2117 6352 190 2117 6353 400 2118 6354 137 2118 6355 185 2118 6356 303 2119 6357 196 2119 6358 1707 2119 6359 194 2120 6360 196 2120 6361 303 2120 6362 216 2121 6363 206 2121 6364 189 2121 6365 526 2122 6366 273 2122 6367 267 2122 6368 166 2123 6369 208 2123 6370 204 2123 6371 204 2124 6372 205 2124 6373 158 2124 6374 251 2125 6375 216 2125 6376 249 2125 6377 198 2126 6378 188 2126 6379 272 2126 6380 214 2128 6384 251 2128 6385 265 2128 6386 153 2129 6387 211 2129 6388 214 2129 6389 210 2130 6390 211 2130 6391 153 2130 6392 165 2131 6393 215 2131 6394 210 2131 6395 206 2132 6396 152 2132 6397 199 2132 6398 208 2134 6402 215 2134 6403 212 2134 6404 204 2135 6405 212 2135 6406 213 2135 6407 200 2137 6411 194 2137 6412 333 2137 6413 231 2138 6414 230 2138 6415 193 2138 6416 226 2139 6417 229 2139 6418 192 2139 6419 229 2140 6420 222 2140 6421 143 2140 6422 117 2141 6423 223 2141 6424 220 2141 6425 230 2147 6441 227 2147 6442 174 2147 6443 217 2148 6444 226 2148 6445 173 2148 6446 227 2149 6447 284 2149 6448 582 2149 6449 225 2150 6450 217 2150 6451 169 2150 6452 1694 2151 6453 125 2151 6454 167 2151 6455 219 2152 6456 224 2152 6457 168 2152 6458 393 2160 6480 128 2160 6481 137 2160 6482 265 2161 6483 251 2161 6484 250 2161 6485 423 2162 6486 162 2162 6487 327 2162 6488 185 2163 6489 265 2163 6490 266 2163 6491 252 2164 6492 271 2164 6493 270 2164 6494 460 2165 6495 197 2165 6496 273 2165 6497 272 2166 6498 268 2166 6499 269 2166 6500 271 2167 6501 269 2167 6502 186 2167 6503 188 2168 6504 191 2168 6505 268 2168 6506 270 2169 6507 186 2169 6508 267 2169 6509 202 2170 6510 203 2170 6511 211 2170 6512 207 2171 6513 214 2171 6514 211 2171 6515 216 2172 6516 251 2172 6517 214 2172 6518 248 2173 6519 272 2173 6520 271 2173 6521 249 2175 6525 308 2175 6526 304 2175 6527 263 2176 6528 270 2176 6529 273 2176 6530 202 2177 6531 210 2177 6532 215 2177 6533 1706 2178 6534 183 2178 6535 163 2178 6536 231 2179 6537 200 2179 6538 349 2179 6539 391 2180 6540 126 2180 6541 2 2180 6542 167 2183 6549 223 2183 6550 1714 2183 6551 806 2184 6552 753 2184 6553 1564 2184 6554 335 2186 6558 190 2186 6559 372 2186 6560 198 2188 6564 373 2188 6565 372 2188 6566 248 2189 6567 374 2189 6568 373 2189 6569 753 2190 6570 752 2190 6571 1563 2190 6572 751 2191 6573 746 2191 6574 1559 2191 6575 749 2192 6576 751 2192 6577 1562 2192 6578 752 2193 6579 750 2193 6580 1561 2193 6581 1595 2194 6582 856 2194 6583 264 2194 6584 1561 2195 6585 750 2195 6586 309 2195 6587 264 2196 6588 749 2196 6589 1560 2196 6590 140 2197 6591 287 2197 6592 288 2197 6593 268 2198 6594 191 2198 6595 288 2198 6596 301 2199 6597 300 2199 6598 298 2199 6599 299 2205 6615 291 2205 6616 290 2205 6617 301 2206 6618 290 2206 6619 292 2206 6620 293 2207 6621 291 2207 6622 299 2207 6623 299 2208 6624 1083 2208 6625 585 2208 6626 1083 2209 6627 584 2209 6628 583 2209 6629 1083 2210 6630 583 2210 6631 586 2210 6632 353 2211 6633 354 2211 6634 299 2211 6635 357 2212 6636 353 2212 6637 299 2212 6638 1083 2213 6639 586 2213 6640 585 2213 6641 355 2214 6642 357 2214 6643 299 2214 6644 1507 2215 6645 1508 2215 6646 300 2215 6647 1083 2216 6648 299 2216 6649 298 2216 6650 1491 2217 6651 1504 2217 6652 1506 2217 6653 304 2218 6654 308 2218 6655 334 2218 6656 308 2222 6666 307 2222 6667 332 2222 6668 252 2223 6669 371 2223 6670 374 2223 6671 162 2224 6672 336 2224 6673 347 2224 6674 252 2225 6675 263 2225 6676 385 2225 6677 263 2226 6678 197 2226 6679 386 2226 6680 199 2227 6681 311 2227 6682 307 2227 6683 189 2228 6684 307 2228 6685 308 2228 6686 266 2229 6687 337 2229 6688 336 2229 6689 327 2230 6690 347 2230 6691 375 2230 6692 334 2236 6708 332 2236 6709 360 2236 6710 304 2237 6711 330 2237 6712 346 2237 6713 330 2239 6717 334 2239 6718 361 2239 6719 322 2240 6720 331 2240 6721 311 2240 6722 746 2241 6723 784 2241 6724 1567 2241 6725 329 2242 6726 328 2242 6727 143 2242 6728 328 2243 6729 324 2243 6730 178 2243 6731 324 2244 6732 326 2244 6733 163 2244 6734 163 2245 6735 326 2245 6736 1717 2245 6737 325 2246 6738 329 2246 6739 222 2246 6740 432 2247 6741 170 2247 6742 126 2247 6743 361 2252 6756 360 2252 6757 373 2252 6758 359 2253 6759 361 2253 6760 374 2253 6761 348 2254 6762 375 2254 6763 386 2254 6764 331 2255 6765 362 2255 6766 360 2255 6767 330 2256 6768 359 2256 6769 376 2256 6770 346 2257 6771 376 2257 6772 375 2257 6773 322 2258 6774 335 2258 6775 362 2258 6776 784 2259 6777 806 2259 6778 1568 2259 6779 350 2260 6780 349 2260 6781 328 2260 6782 349 2261 6783 333 2261 6784 324 2261 6785 333 2262 6786 303 2262 6787 326 2262 6788 326 2263 6789 303 2263 6790 1718 2263 6791 312 2264 6792 350 2264 6793 329 2264 6794 579 2265 6795 348 2265 6796 197 2265 6797 359 2268 6804 371 2268 6805 385 2268 6806 186 2274 6822 357 2274 6823 355 2274 6824 269 2275 6825 268 2275 6826 354 2275 6827 931 2276 6828 702 2276 6829 358 2276 6830 269 2277 6831 353 2277 6832 357 2277 6833 1593 2278 6834 1571 2278 6835 1121 2278 6836 422 2279 6837 401 2279 6838 392 2279 6839 413 2280 6840 416 2280 6841 392 2280 6842 394 2281 6843 406 2281 6844 1669 2281 6845 1666 2282 6846 1665 2282 6847 306 2282 6848 394 2283 6849 306 2283 6850 310 2283 6851 313 2284 6852 407 2284 6853 428 2284 6854 417 2285 6855 391 2285 6856 3 2285 6857 417 2286 6858 419 2286 6859 388 2286 6860 429 2287 6861 433 2287 6862 389 2287 6863 486 2288 6864 748 2288 6865 289 2288 6866 398 2289 6867 306 2289 6868 1665 2289 6869 1663 2290 6870 352 2290 6871 485 2290 6872 487 2291 6873 480 2291 6874 305 2291 6875 527 2292 6876 280 2292 6877 404 2292 6878 488 2293 6879 403 2293 6880 305 2293 6881 489 2294 6882 404 2294 6883 445 2294 6884 397 2295 6885 1121 2295 6886 1678 2295 6887 387 2296 6888 399 2296 6889 1667 2296 6890 447 2297 6891 459 2297 6892 1659 2297 6893 469 2298 6894 414 2298 6895 401 2298 6896 441 2299 6897 405 2299 6898 455 2299 6899 1667 2300 6900 1671 2300 6901 450 2300 6902 448 2311 6933 518 2311 6934 421 2311 6935 479 2312 6936 469 2312 6937 422 2312 6938 402 2313 6939 450 2313 6940 451 2313 6941 1660 2314 6942 446 2314 6943 398 2314 6944 568 2315 6945 540 2315 6946 514 2315 6947 389 2316 6948 420 2316 6949 418 2316 6950 475 2317 6951 476 2317 6952 419 2317 6953 407 2318 6954 390 2318 6955 418 2318 6956 475 2319 6957 417 2319 6958 427 2319 6959 421 2320 6960 415 2320 6961 393 2320 6962 470 2321 6963 422 2321 6964 416 2321 6965 393 2322 6966 415 2322 6967 412 2322 6968 465 2323 6969 466 2323 6970 416 2323 6971 0 2324 6972 412 2324 6973 427 2324 6974 413 2325 6975 428 2325 6976 471 2325 6977 399 2328 6984 436 2328 6985 456 2328 6986 398 2329 6987 435 2329 6988 431 2329 6989 387 2330 6990 534 2330 6991 436 2330 6992 306 2331 6993 431 2331 6994 434 2331 6995 1669 2332 6996 1664 2332 6997 390 2332 6998 388 2333 6999 430 2333 7000 432 2333 7001 485 2334 7002 482 2334 7003 433 2334 7004 442 2335 7005 455 2335 7006 435 2335 7007 443 2336 7008 456 2336 7009 463 2336 7010 446 2337 7011 425 2337 7012 441 2337 7013 484 2338 7014 426 2338 7015 444 2338 7016 459 2339 7017 447 2339 7018 443 2339 7019 491 2340 7020 444 2340 7021 403 2340 7022 492 2341 7023 445 2341 7024 458 2341 7025 581 2342 7026 493 2342 7027 458 2342 7028 451 2343 7029 450 2343 7030 453 2343 7031 1659 2344 7032 459 2344 7033 539 2344 7034 539 2345 7035 459 2345 7036 457 2345 7037 452 2346 7038 469 2346 7039 479 2346 7040 428 2347 7041 418 2347 7042 467 2347 7043 420 2348 7044 468 2348 7045 467 2348 7046 513 2349 7047 479 2349 7048 515 2349 7049 525 2350 7050 451 2350 7051 461 2350 7052 518 2352 7056 515 2352 7057 477 2352 7058 477 2353 7059 474 2353 7060 415 2353 7061 415 2354 7062 474 2354 7063 473 2354 7064 473 2355 7065 478 2355 7066 427 2355 7067 462 2356 7068 414 2356 7069 469 2356 7070 471 2358 7074 467 2358 7075 475 2358 7076 467 2359 7077 468 2359 7078 476 2359 7079 564 2361 7083 457 2361 7084 463 2361 7085 456 2362 7086 492 2362 7087 493 2362 7088 455 2363 7089 491 2363 7090 488 2363 7091 405 2364 7092 484 2364 7093 491 2364 7094 352 2365 7095 396 2365 7096 482 2365 7097 436 2371 7113 489 2371 7114 492 2371 7115 435 2372 7116 488 2372 7117 480 2372 7118 534 2373 7119 527 2373 7120 489 2373 7121 431 2374 7122 480 2374 7123 487 2374 7124 1664 2375 7125 1670 2375 7126 429 2375 7127 430 2376 7128 486 2376 7129 481 2376 7130 514 2384 7152 515 2384 7153 518 2384 7154 519 2385 7155 518 2385 7156 448 2385 7157 523 2386 7158 524 2386 7159 516 2386 7160 522 2387 7161 521 2387 7162 525 2387 7163 449 2388 7164 522 2388 7165 524 2388 7166 521 2389 7167 454 2389 7168 451 2389 7169 520 2390 7170 449 2390 7171 523 2390 7172 465 2391 7173 473 2391 7174 474 2391 7175 474 2392 7176 477 2392 7177 470 2392 7178 477 2393 7179 515 2393 7180 479 2393 7181 524 2394 7182 525 2394 7183 512 2394 7184 540 2396 7188 542 2396 7189 513 2396 7190 526 2397 7191 523 2397 7192 517 2397 7193 478 2398 7194 473 2398 7195 465 2398 7196 425 2399 7197 446 2399 7198 1660 2399 7199 580 2400 7200 463 2400 7201 493 2400 7202 1672 2404 7212 485 2404 7213 429 2404 7214 1577 2405 7215 987 2405 7216 1035 2405 7217 566 2407 7221 590 2407 7222 600 2407 7223 600 2409 7227 601 2409 7228 461 2409 7229 601 2410 7230 602 2410 7231 512 2410 7232 1576 2411 7233 986 2411 7234 987 2411 7235 1570 2412 7236 979 2412 7237 985 2412 7238 1575 2413 7239 985 2413 7240 983 2413 7241 1573 2414 7242 984 2414 7243 986 2414 7244 1594 2415 7245 1152 2415 7246 1153 2415 7247 1589 2416 7248 1064 2416 7249 984 2416 7250 1594 2417 7251 1572 2417 7252 983 2417 7253 538 2418 7254 537 2418 7255 402 2418 7256 521 2419 7257 584 2419 7258 538 2419 7259 565 2420 7260 542 2420 7261 540 2420 7262 563 2424 7272 541 2424 7273 542 2424 7274 602 2425 7275 599 2425 7276 516 2425 7277 578 2426 7278 567 2426 7279 423 2426 7280 516 2427 7281 599 2427 7282 613 2427 7283 517 2428 7284 613 2428 7285 614 2428 7286 541 2429 7287 543 2429 7288 462 2429 7289 542 2430 7290 541 2430 7291 452 2430 7292 567 2431 7293 568 2431 7294 519 2431 7295 603 2432 7296 578 2432 7297 557 2432 7298 588 2438 7314 563 2438 7315 565 2438 7316 577 2439 7317 561 2439 7318 540 2439 7319 589 2441 7323 565 2441 7324 561 2441 7325 543 2442 7326 562 2442 7327 553 2442 7328 1583 2443 7329 1013 2443 7330 979 2443 7331 405 2444 7332 558 2444 7333 559 2444 7334 441 2445 7335 554 2445 7336 558 2445 7337 425 2446 7338 556 2446 7339 554 2446 7340 1675 2447 7341 556 2447 7342 425 2447 7343 484 2448 7344 559 2448 7345 555 2448 7346 601 2453 7359 588 2453 7360 589 2453 7361 602 2454 7362 589 2454 7363 587 2454 7364 614 2455 7365 603 2455 7366 579 2455 7367 588 2456 7368 590 2456 7369 562 2456 7370 604 2457 7371 587 2457 7372 561 2457 7373 603 2458 7374 604 2458 7375 577 2458 7376 553 2459 7377 562 2459 7378 590 2459 7379 1584 2460 7380 1035 2460 7381 1013 2460 7382 558 2461 7383 580 2461 7384 581 2461 7385 554 2462 7386 564 2462 7387 580 2462 7388 556 2463 7389 539 2463 7390 564 2463 7391 1676 2464 7392 539 2464 7393 556 2464 7394 559 2465 7395 581 2465 7396 544 2465 7397 613 2468 7404 599 2468 7405 587 2468 7406 585 2474 7422 586 2474 7423 449 2474 7424 522 2475 7425 583 2475 7426 584 2475 7427 586 2476 7428 583 2476 7429 522 2476 7430 1635 2477 7431 1637 2477 7432 1520 2477 7433 643 2478 7434 621 2478 7435 255 2478 7436 1170 2479 7437 1165 2479 7438 1164 2479 7439 634 2480 7440 637 2480 7441 255 2480 7442 253 2481 7443 626 2481 7444 1730 2481 7445 1727 2482 7446 1726 2482 7447 261 2482 7448 253 2483 7449 261 2483 7450 262 2483 7451 882 2484 7452 653 2484 7453 702 2484 7454 323 2485 7455 628 2485 7456 648 2485 7457 638 2486 7458 256 2486 7459 980 2486 7460 638 2487 7461 640 2487 7462 259 2487 7463 649 2488 7464 654 2488 7465 258 2488 7466 707 2489 7467 138 2489 7468 358 2489 7469 618 2490 7470 261 2490 7471 1726 2490 7472 1724 2491 7473 356 2491 7474 706 2491 7475 708 2492 7476 700 2492 7477 260 2492 7478 1077 2493 7479 1070 2493 7480 624 2493 7481 756 2494 7482 358 2494 7483 138 2494 7484 254 2495 7485 1131 2495 7486 1122 2495 7487 709 2496 7488 623 2496 7489 260 2496 7490 710 2497 7491 624 2497 7492 665 2497 7493 617 2498 7494 1520 2498 7495 1744 2498 7496 1099 2499 7497 619 2499 7498 1728 2499 7499 667 2500 7500 679 2500 7501 1721 2500 7502 689 2501 7503 635 2501 7504 621 2501 7505 661 2502 7506 625 2502 7507 675 2502 7508 1728 2503 7509 1732 2503 7510 670 2503 7511 668 2514 7542 737 2514 7543 642 2514 7544 699 2515 7545 689 2515 7546 643 2515 7547 622 2516 7548 670 2516 7549 671 2516 7550 1722 2517 7551 666 2517 7552 618 2517 7553 792 2518 7554 758 2518 7555 733 2518 7556 258 2519 7557 641 2519 7558 639 2519 7559 695 2520 7560 696 2520 7561 640 2520 7562 628 2521 7563 257 2521 7564 639 2521 7565 695 2522 7566 638 2522 7567 647 2522 7568 642 2523 7569 636 2523 7570 254 2523 7571 690 2524 7572 643 2524 7573 637 2524 7574 1131 2525 7575 254 2525 7576 636 2525 7577 685 2526 7578 686 2526 7579 637 2526 7580 1131 2527 7581 633 2527 7582 647 2527 7583 634 2528 7584 648 2528 7585 691 2528 7586 619 2531 7593 657 2531 7594 676 2531 7595 618 2532 7596 656 2532 7597 651 2532 7598 644 2533 7599 668 2533 7600 898 2533 7601 1099 2534 7602 1087 2534 7603 657 2534 7604 261 2535 7605 651 2535 7606 655 2535 7607 1730 2536 7608 1725 2536 7609 257 2536 7610 259 2537 7611 650 2537 7612 653 2537 7613 706 2538 7614 703 2538 7615 654 2538 7616 662 2539 7617 675 2539 7618 656 2539 7619 663 2540 7620 676 2540 7621 683 2540 7622 666 2541 7623 645 2541 7624 661 2541 7625 705 2542 7626 646 2542 7627 664 2542 7628 679 2543 7629 667 2543 7630 663 2543 7631 712 2544 7632 664 2544 7633 623 2544 7634 713 2545 7635 665 2545 7636 678 2545 7637 805 2546 7638 714 2546 7639 678 2546 7640 671 2547 7641 670 2547 7642 673 2547 7643 668 2548 7644 620 2548 7645 849 2548 7646 1721 2549 7647 679 2549 7648 757 2549 7649 757 2550 7650 679 2550 7651 677 2550 7652 672 2551 7653 689 2551 7654 699 2551 7655 970 2552 7656 739 2552 7657 745 2552 7658 648 2553 7659 639 2553 7660 687 2553 7661 641 2554 7662 688 2554 7663 687 2554 7664 732 2555 7665 699 2555 7666 734 2555 7667 744 2556 7668 671 2556 7669 681 2556 7670 737 2558 7674 734 2558 7675 697 2558 7676 697 2559 7677 694 2559 7678 636 2559 7679 636 2560 7680 694 2560 7681 693 2560 7682 693 2561 7683 698 2561 7684 647 2561 7685 682 2562 7686 635 2562 7687 689 2562 7688 691 2564 7692 687 2564 7693 695 2564 7694 687 2565 7695 688 2565 7696 696 2565 7697 788 2567 7701 677 2567 7702 683 2567 7703 676 2568 7704 713 2568 7705 714 2568 7706 675 2569 7707 712 2569 7708 709 2569 7709 625 2570 7710 705 2570 7711 712 2570 7712 356 2571 7713 615 2571 7714 703 2571 7715 657 2577 7731 710 2577 7732 713 2577 7733 656 2578 7734 709 2578 7735 700 2578 7736 1087 2579 7737 1077 2579 7738 710 2579 7739 651 2580 7740 700 2580 7741 708 2580 7742 1725 2581 7743 1731 2581 7744 649 2581 7745 650 2582 7746 707 2582 7747 702 2582 7748 620 2590 7770 254 2590 7771 841 2590 7772 1032 2591 7773 803 2591 7774 781 2591 7775 733 2592 7776 734 2592 7777 737 2592 7778 1010 2593 7779 781 2593 7780 644 2593 7781 738 2594 7782 737 2594 7783 668 2594 7784 742 2595 7785 743 2595 7786 735 2595 7787 745 2596 7788 680 2596 7789 910 2596 7790 741 2597 7791 740 2597 7792 744 2597 7793 669 2598 7794 741 2598 7795 743 2598 7796 740 2599 7797 674 2599 7798 671 2599 7799 739 2600 7800 669 2600 7801 742 2600 7802 685 2601 7803 693 2601 7804 694 2601 7805 694 2602 7806 697 2602 7807 690 2602 7808 697 2603 7809 734 2603 7810 699 2603 7811 743 2604 7812 744 2604 7813 731 2604 7814 758 2606 7818 762 2606 7819 732 2606 7820 745 2607 7821 742 2607 7822 736 2607 7823 698 2608 7824 693 2608 7825 685 2608 7826 645 2609 7827 666 2609 7828 1722 2609 7829 804 2610 7830 683 2610 7831 714 2610 7832 982 2611 7833 980 2611 7834 256 2611 7835 1733 2615 7845 706 2615 7846 649 2615 7847 1113 2616 7848 753 2616 7849 806 2616 7850 790 2618 7854 811 2618 7855 821 2618 7856 821 2620 7860 822 2620 7861 681 2620 7862 822 2621 7863 823 2621 7864 731 2621 7865 1112 2622 7866 752 2622 7867 753 2622 7868 1108 2623 7869 746 2623 7870 751 2623 7871 1111 2624 7872 751 2624 7873 749 2624 7874 1110 2626 7878 750 2626 7879 752 2626 7880 1158 2627 7881 1161 2627 7882 1160 2627 7883 1148 2628 7884 309 2628 7885 750 2628 7886 627 2629 7887 1109 2629 7888 749 2629 7889 1105 2630 7890 1106 2630 7891 622 2630 7892 740 2631 7893 1103 2631 7894 1105 2631 7895 789 2632 7896 762 2632 7897 758 2632 7898 787 2636 7908 761 2636 7909 762 2636 7910 823 2637 7911 820 2637 7912 735 2637 7913 802 2638 7914 791 2638 7915 644 2638 7916 735 2639 7917 820 2639 7918 834 2639 7919 736 2640 7920 834 2640 7921 835 2640 7922 761 2641 7923 765 2641 7924 682 2641 7925 762 2642 7926 761 2642 7927 672 2642 7928 791 2643 7929 792 2643 7930 738 2643 7931 824 2644 7932 802 2644 7933 781 2644 7934 809 2650 7950 787 2650 7951 789 2650 7952 801 2651 7953 785 2651 7954 758 2651 7955 810 2653 7959 789 2653 7960 785 2653 7961 765 2654 7962 786 2654 7963 777 2654 7964 1117 2655 7965 784 2655 7966 746 2655 7967 625 2656 7968 782 2656 7969 783 2656 7970 661 2657 7971 778 2657 7972 782 2657 7973 645 2658 7974 780 2658 7975 778 2658 7976 1734 2659 7977 780 2659 7978 645 2659 7979 705 2660 7980 783 2660 7981 779 2660 7982 822 2665 7995 809 2665 7996 810 2665 7997 823 2666 7998 810 2666 7999 808 2666 8000 835 2667 8001 824 2667 8002 803 2667 8003 809 2668 8004 811 2668 8005 786 2668 8006 825 2669 8007 808 2669 8008 785 2669 8009 824 2670 8010 825 2670 8011 801 2670 8012 777 2671 8013 786 2671 8014 811 2671 8015 1118 2672 8016 806 2672 8017 784 2672 8018 782 2673 8019 804 2673 8020 805 2673 8021 778 2674 8022 788 2674 8023 804 2674 8024 780 2675 8025 757 2675 8026 788 2675 8027 1735 2676 8028 757 2676 8029 780 2676 8030 783 2677 8031 805 2677 8032 766 2677 8033 910 2678 8034 680 2678 8035 803 2678 8036 834 2681 8043 820 2681 8044 808 2681 8045 1102 2687 8061 1101 2687 8062 669 2687 8063 741 2688 8064 1104 2688 8065 1103 2688 8066 1101 2690 8070 1104 2690 8071 741 2690 8072 1633 2691 8073 846 2691 8074 978 2691 8075 839 2692 8076 256 2692 8077 653 2692 8078 871 2693 8079 865 2693 8080 840 2693 8081 862 2694 8082 768 2694 8083 840 2694 8084 1690 2695 8085 855 2695 8086 842 2695 8087 1687 2696 8088 842 2696 8089 760 2696 8090 764 2697 8091 760 2697 8092 842 2697 8093 877 2698 8094 857 2698 8095 768 2698 8096 982 2699 8097 839 2699 8098 866 2699 8099 866 2700 8100 839 2700 8101 836 2700 8102 878 2701 8103 838 2701 8104 837 2701 8105 756 2702 8106 133 2702 8107 936 2702 8108 1686 2703 8109 760 2703 8110 847 2703 8111 935 2704 8112 807 2704 8113 1684 2704 8114 937 2705 8115 846 2705 8116 759 2705 8117 853 2706 8118 1071 2706 8119 1078 2706 8120 759 2707 8121 852 2707 8122 938 2707 8123 895 2708 8124 853 2708 8125 939 2708 8126 1701 2709 8127 978 2709 8128 846 2709 8129 1688 2710 8130 848 2710 8131 1100 2710 8132 1679 2711 8133 909 2711 8134 897 2711 8135 850 2712 8136 863 2712 8137 919 2712 8138 905 2713 8139 854 2713 8140 891 2713 8141 1688 2714 8142 851 2714 8143 900 2714 8144 870 2725 8175 968 2725 8176 898 2725 8177 871 2726 8178 919 2726 8179 929 2726 8180 851 2727 8181 904 2727 8182 901 2727 8183 847 2728 8184 896 2728 8185 1680 2728 8186 964 2729 8187 993 2729 8188 1021 2729 8189 867 2730 8190 869 2730 8191 837 2730 8192 925 2731 8193 866 2731 8194 868 2731 8195 857 2732 8196 877 2732 8197 867 2732 8198 876 2733 8199 866 2733 8200 925 2733 8201 841 2734 8202 864 2734 8203 870 2734 8204 920 2735 8205 916 2735 8206 865 2735 8207 861 2736 8208 864 2736 8209 841 2736 8210 915 2737 8211 862 2737 8212 865 2737 8213 1122 2738 8214 982 2738 8215 876 2738 8216 921 2739 8217 877 2739 8218 862 2739 8219 906 2742 8226 886 2742 8227 848 2742 8228 880 2743 8229 885 2743 8230 847 2743 8231 886 2744 8232 1088 2744 8233 1100 2744 8234 884 2745 8235 880 2745 8236 760 2745 8237 1690 2746 8238 857 2746 8239 838 2746 8240 882 2747 8241 879 2747 8242 836 2747 8243 935 2748 8244 878 2748 8245 883 2748 8246 885 2749 8247 905 2749 8248 892 2749 8249 913 2750 8250 906 2750 8251 893 2750 8252 891 2751 8253 874 2751 8254 896 2751 8255 894 2752 8256 875 2752 8257 934 2752 8258 893 2753 8259 897 2753 8260 909 2753 8261 852 2754 8262 894 2754 8263 941 2754 8264 908 2755 8265 895 2755 8266 942 2755 8267 908 2756 8268 943 2756 8269 1034 2756 8270 901 2757 8271 911 2757 8272 903 2757 8273 992 2758 8274 909 2758 8275 1679 2758 8276 907 2759 8277 909 2759 8278 992 2759 8279 929 2760 8280 919 2760 8281 902 2760 8282 877 2761 8283 921 2761 8284 917 2761 8285 917 2762 8286 918 2762 8287 869 2762 8288 965 2763 8289 929 2763 8290 963 2763 8291 911 2764 8292 901 2764 8293 975 2764 8294 927 2766 8298 965 2766 8299 968 2766 8300 864 2767 8301 924 2767 8302 927 2767 8303 923 2768 8304 924 2768 8305 864 2768 8306 876 2769 8307 928 2769 8308 923 2769 8309 919 2770 8310 863 2770 8311 912 2770 8312 921 2772 8316 928 2772 8317 925 2772 8318 917 2773 8319 925 2773 8320 926 2773 8321 913 2775 8325 907 2775 8326 1017 2775 8327 943 2776 8328 942 2776 8329 906 2776 8330 938 2777 8331 941 2777 8332 905 2777 8333 941 2778 8334 934 2778 8335 854 2778 8336 807 2779 8337 935 2779 8338 932 2779 8339 942 2785 8355 939 2785 8356 886 2785 8357 930 2786 8358 938 2786 8359 885 2786 8360 939 2787 8361 1078 2787 8362 1088 2787 8363 937 2788 8364 930 2788 8365 880 2788 8366 1685 2789 8367 838 2789 8368 878 2789 8369 931 2790 8370 936 2790 8371 879 2790 8372 968 2798 8394 965 2798 8395 964 2798 8396 898 2799 8397 968 2799 8398 969 2799 8399 966 2800 8400 974 2800 8401 973 2800 8402 975 2801 8403 971 2801 8404 972 2801 8405 974 2802 8406 972 2802 8407 899 2802 8408 901 2803 8409 904 2803 8410 971 2803 8411 973 2804 8412 899 2804 8413 970 2804 8414 915 2805 8415 916 2805 8416 924 2805 8417 920 2806 8418 927 2806 8419 924 2806 8420 929 2807 8421 965 2807 8422 927 2807 8423 962 2808 8424 975 2808 8425 974 2808 8426 963 2810 8430 995 2810 8431 993 2810 8432 967 2811 8433 973 2811 8434 976 2811 8435 915 2812 8436 923 2812 8437 928 2812 8438 1680 2813 8439 896 2813 8440 874 2813 8441 943 2814 8442 913 2814 8443 1033 2814 8444 878 2818 8454 935 2818 8455 1693 2818 8456 1035 2819 8457 987 2819 8458 1127 2819 8459 1019 2821 8463 903 2821 8464 1049 2821 8465 911 2823 8469 1050 2823 8470 1049 2823 8471 962 2824 8472 1051 2824 8473 1050 2824 8474 987 2825 8475 986 2825 8476 1126 2825 8477 985 2826 8478 979 2826 8479 1120 2826 8480 983 2827 8481 985 2827 8482 1125 2827 8483 986 2829 8487 984 2829 8488 1124 2829 8489 1162 2830 8490 1157 2830 8491 1166 2830 8492 984 2831 8493 1064 2831 8494 1140 2831 8495 1152 2832 8496 983 2832 8497 1123 2832 8498 851 2833 8499 881 2833 8500 1096 2833 8501 971 2834 8502 904 2834 8503 1096 2834 8504 993 2835 8505 995 2835 8506 1018 2835 8507 995 2839 8517 994 2839 8518 1016 2839 8519 966 2840 8520 1048 2840 8521 1051 2840 8522 872 2841 8523 1020 2841 8524 1031 2841 8525 966 2842 8526 967 2842 8527 1062 2842 8528 967 2843 8529 910 2843 8530 1063 2843 8531 912 2844 8532 996 2844 8533 994 2844 8534 902 2845 8535 994 2845 8536 995 2845 8537 969 2846 8538 1021 2846 8539 1020 2846 8540 1010 2847 8541 1031 2847 8542 1052 2847 8543 1018 2853 8559 1016 2853 8560 1037 2853 8561 993 2854 8562 1014 2854 8563 1030 2854 8564 1014 2856 8568 1018 2856 8569 1038 2856 8570 1006 2857 8571 1015 2857 8572 996 2857 8573 979 2858 8574 1013 2858 8575 1135 2858 8576 1012 2859 8577 1011 2859 8578 854 2859 8579 1011 2860 8580 1007 2860 8581 891 2860 8582 1007 2861 8583 1009 2861 8584 874 2861 8585 874 2862 8586 1009 2862 8587 1696 2862 8588 1008 2863 8589 1012 2863 8590 934 2863 8591 1038 2868 8604 1037 2868 8605 1050 2868 8606 1036 2869 8607 1038 2869 8608 1051 2869 8609 1032 2870 8610 1052 2870 8611 1063 2870 8612 1015 2871 8613 1039 2871 8614 1037 2871 8615 1014 2872 8616 1036 2872 8617 1053 2872 8618 1030 2873 8619 1053 2873 8620 1052 2873 8621 1006 2874 8622 1019 2874 8623 1039 2874 8624 1013 2875 8625 1035 2875 8626 1136 2875 8627 1034 2876 8628 1033 2876 8629 1011 2876 8630 1033 2877 8631 1017 2877 8632 1007 2877 8633 1017 2878 8634 992 2878 8635 1009 2878 8636 1009 2879 8637 992 2879 8638 1697 2879 8639 997 2880 8640 1034 2880 8641 1012 2880 8642 1036 2883 8649 1048 2883 8650 1062 2883 8651 899 2889 8667 1107 2889 8668 652 2889 8669 972 2890 8670 971 2890 8671 1098 2890 8672 972 2891 8673 1097 2891 8674 1107 2891 8675 538 2892 8676 532 2892 8677 533 2892 8678 557 2893 8679 327 2893 8680 348 2893 8681 537 2894 8682 533 2894 8683 1673 2894 8684 122 2895 8685 582 2895 8686 1720 2895 8687 584 2896 8688 531 2896 8689 532 2896 8690 288 2897 8691 536 2897 8692 535 2897 8693 287 2898 8694 560 2898 8695 536 2898 8696 582 2899 8697 284 2899 8698 1719 2899 8699 531 2900 8700 530 2900 8701 529 2900 8702 560 2901 8703 285 2901 8704 286 2901 8705 533 2902 8706 528 2902 8707 1662 2902 8708 532 2903 8709 529 2903 8710 528 2903 8711 536 2904 8712 286 2904 8713 351 2904 8714 289 2905 8715 116 2905 8716 219 2905 8717 284 2906 8718 218 2906 8719 1715 2906 8720 286 2907 8721 282 2907 8722 281 2907 8723 529 2908 8724 278 2908 8725 279 2908 8726 528 2909 8727 279 2909 8728 1657 2909 8729 530 2910 8730 277 2910 8731 278 2910 8732 285 2911 8733 283 2911 8734 282 2911 8735 1585 2912 8736 1586 2912 8737 1066 2912 8738 1588 2913 8739 309 2913 8740 1736 2913 8741 1702 2914 8742 1590 2914 8743 274 2914 8744 1587 2915 8745 1067 2915 8746 1066 2915 8747 1591 2916 8748 275 2916 8749 274 2916 8750 1592 2917 8751 276 2917 8752 275 2917 8753 1628 2918 8754 1069 2918 8755 1068 2918 8756 1622 2919 8757 747 2919 8758 1656 2919 8759 1623 2920 8760 1073 2920 8761 1072 2920 8762 1624 2921 8763 1070 2921 8764 1737 2921 8765 1632 2922 8766 1074 2922 8767 1073 2922 8768 1629 2923 8769 1068 2923 8770 747 2923 8771 1070 2924 8772 1077 2924 8773 1738 2924 8774 1074 2925 8775 1082 2925 8776 1081 2925 8777 747 2926 8778 763 2926 8779 1698 2926 8780 1068 2927 8781 1075 2927 8782 763 2927 8783 1073 2928 8784 1081 2928 8785 1079 2928 8786 1069 2929 8787 1076 2929 8788 1075 2929 8789 1082 2930 8790 1094 2930 8791 1093 2930 8792 1075 2931 8793 1084 2931 8794 701 2931 8795 1081 2932 8796 1093 2932 8797 1091 2932 8798 1076 2933 8799 1086 2933 8800 1084 2933 8801 1492 2934 8802 1089 2934 8803 1090 2934 8804 763 2935 8805 701 2935 8806 1677 2935 8807 1085 2936 8808 298 2936 8809 302 2936 8810 1077 2937 8811 1087 2937 8812 1739 2937 8813 1093 2938 8814 1105 2938 8815 1103 2938 8816 1086 2939 8817 1098 2939 8818 1096 2939 8819 701 2940 8820 881 2940 8821 1699 2940 8822 652 2941 8823 1102 2941 8824 739 2941 8825 1084 2942 8826 1096 2942 8827 881 2942 8828 1087 2943 8829 1099 2943 8830 1740 2943 8831 1094 2944 8832 1106 2944 8833 1105 2944 8834 1089 2945 8835 1492 2945 8836 1137 2945 8837 1492 2946 8838 1098 2946 8839 1086 2946 8840 1492 2947 8841 1086 2947 8842 1076 2947 8843 531 2948 8844 584 2948 8845 1089 2948 8846 530 2949 8847 531 2949 8848 1089 2949 8849 1492 2950 8850 1076 2950 8851 1069 2950 8852 1492 2951 8853 1069 2951 8854 1628 2951 8855 277 2952 8856 530 2952 8857 1089 2952 8858 1592 2953 8859 277 2953 8860 1089 2953 8861 1492 2954 8862 1628 2954 8863 1137 2954 8864 276 2955 8865 1592 2955 8866 1089 2955 8867 1145 2956 8868 1149 2956 8869 1089 2956 8870 1083 2957 8871 1150 2957 8872 1146 2957 8873 275 2958 8874 1139 2958 8875 1141 2958 8876 1089 2959 8877 1149 2959 8878 1150 2959 8879 1067 2961 8883 1147 2961 8884 1143 2961 8885 309 2963 8889 1148 2963 8890 1741 2963 8891 1066 2965 8895 1143 2965 8896 1142 2965 8897 274 2966 8898 1141 2966 8899 1700 2966 8900 276 2967 8901 1137 2967 8902 1139 2967 8903 1135 2969 8907 1136 2969 8908 1620 2969 8909 1120 2970 8910 1135 2970 8911 1619 2970 8912 1634 2971 8913 1151 2971 8914 1123 2971 8915 1124 2972 8916 1140 2972 8917 1630 2972 8918 1633 2973 8919 1154 2973 8920 1151 2973 8921 1126 2974 8922 1124 2974 8923 1612 2974 8924 1123 2976 8928 1125 2976 8929 1614 2976 8930 1125 2977 8931 1120 2977 8932 1610 2977 8933 1127 2979 8937 1126 2979 8938 1615 2979 8939 1136 2982 8946 1127 2982 8947 1616 2982 8948 1154 2986 8958 844 2986 8959 411 2986 8960 1608 2987 8961 1118 2987 8962 1117 2987 8963 1607 2988 8964 1117 2988 8965 1108 2988 8966 1636 2989 8967 1601 2989 8968 1109 2989 8969 1624 2990 8970 1148 2990 8971 1110 2990 8972 1636 2991 8973 627 2991 8974 767 2991 8975 1602 2992 8976 1110 2992 8977 1112 2992 8978 1603 2993 8979 1111 2993 8980 1109 2993 8981 1600 2994 8982 1108 2994 8983 1111 2994 8984 1604 2995 8985 1112 2995 8986 1113 2995 8987 1605 2998 8994 1113 2998 8995 1118 2998 8996 1523 3001 9003 1522 3001 9004 767 3001 9005 1083 3002 9006 1085 3002 9007 1090 3002 9008 1159 3003 9009 1156 3003 9010 1155 3003 9011 1162 3004 9012 1161 3004 9013 1158 3004 9014 1163 3005 9015 1168 3005 9016 1167 3005 9017 1166 3006 9018 1165 3006 9019 1170 3006 9020 1168 3007 9021 1163 3007 9022 1156 3007 9023 1156 3032 9096 1188 3032 9097 1192 3032 9098 1163 3033 9099 1164 3033 9100 1202 3033 9101 1173 3034 9102 1174 3034 9103 1157 3034 9104 1155 3035 9105 1192 3035 9106 1173 3035 9107 1177 3036 9108 1173 3036 9109 1192 3036 9110 1174 3037 9111 1182 3037 9112 1166 3037 9113 1174 3038 9114 1178 3038 9115 1181 3038 9116 1166 3039 9117 1182 3039 9118 1186 3039 9119 1186 3040 9120 1202 3040 9121 1164 3040 9122 1186 3041 9123 1185 3041 9124 1198 3041 9125 1201 3042 9126 1188 3042 9127 1156 3042 9128 1197 3043 9129 1187 3043 9130 1188 3043 9131 1204 3044 9132 1206 3044 9133 1205 3044 9134 1206 3045 9135 1208 3045 9136 1207 3045 9137 1208 3046 9138 1210 3046 9139 1209 3046 9140 1210 3047 9141 1212 3047 9142 1211 3047 9143 1212 3048 9144 1214 3048 9145 1213 3048 9146 1214 3049 9147 1216 3049 9148 1215 3049 9149 1208 3050 9150 1206 3050 9151 1204 3050 9152 1204 3051 9153 1218 3051 9154 1208 3051 9155 1218 3052 9156 1216 3052 9157 1208 3052 9158 1216 3053 9159 1214 3053 9160 1212 3053 9161 1212 3054 9162 1210 3054 9163 1216 3054 9164 1216 3055 9165 1218 3055 9166 1217 3055 9167 1218 3056 9168 1204 3056 9169 1203 3056 9170 1205 3057 9171 1203 3057 9172 1217 3057 9173 1217 3058 9174 1215 3058 9175 1213 3058 9176 1213 3059 9177 1211 3059 9178 1209 3059 9179 1209 3060 9180 1207 3060 9181 1205 3060 9182 1205 3061 9183 1217 3061 9184 1209 3061 9185 1220 3062 9186 1222 3062 9187 1221 3062 9188 1222 3063 9189 1224 3063 9190 1223 3063 9191 1224 3064 9192 1226 3064 9193 1225 3064 9194 1225 3065 9195 1226 3065 9196 1228 3065 9197 1227 3066 9198 1228 3066 9199 1230 3066 9200 1230 3067 9201 1232 3067 9202 1231 3067 9203 1224 3068 9204 1222 3068 9205 1220 3068 9206 1220 3069 9207 1234 3069 9208 1232 3069 9209 1232 3070 9210 1230 3070 9211 1228 3070 9212 1228 3071 9213 1226 3071 9214 1232 3071 9215 1226 3072 9216 1224 3072 9217 1232 3072 9218 1232 3073 9219 1234 3073 9220 1233 3073 9221 1234 3074 9222 1220 3074 9223 1219 3074 9224 1233 3075 9225 1219 3075 9226 1221 3075 9227 1221 3076 9228 1223 3076 9229 1233 3076 9230 1223 3077 9231 1225 3077 9232 1233 3077 9233 1225 3078 9234 1227 3078 9235 1229 3078 9236 1229 3079 9237 1231 3079 9238 1225 3079 9239 1236 3080 9240 1238 3080 9241 1237 3080 9242 1238 3081 9243 1240 3081 9244 1239 3081 9245 1240 3082 9246 1242 3082 9247 1241 3082 9248 1242 3083 9249 1244 3083 9250 1243 3083 9251 1244 3084 9252 1246 3084 9253 1245 3084 9254 1246 3085 9255 1248 3085 9256 1247 3085 9257 1240 3086 9258 1238 3086 9259 1236 3086 9260 1236 3087 9261 1250 3087 9262 1240 3087 9263 1250 3088 9264 1248 3088 9265 1240 3088 9266 1248 3089 9267 1246 3089 9268 1244 3089 9269 1244 3090 9270 1242 3090 9271 1248 3090 9272 1248 3091 9273 1250 3091 9274 1249 3091 9275 1250 3092 9276 1236 3092 9277 1235 3092 9278 1237 3093 9279 1235 3093 9280 1249 3093 9281 1249 3094 9282 1247 3094 9283 1245 3094 9284 1245 3095 9285 1243 3095 9286 1241 3095 9287 1241 3096 9288 1239 3096 9289 1237 3096 9290 1237 3097 9291 1249 3097 9292 1241 3097 9293 1252 3098 9294 1254 3098 9295 1253 3098 9296 1254 3099 9297 1256 3099 9298 1255 3099 9299 1256 3100 9300 1258 3100 9301 1257 3100 9302 1257 3101 9303 1258 3101 9304 1260 3101 9305 1259 3102 9306 1260 3102 9307 1262 3102 9308 1262 3103 9309 1264 3103 9310 1263 3103 9311 1256 3104 9312 1254 3104 9313 1252 3104 9314 1252 3105 9315 1266 3105 9316 1264 3105 9317 1264 3106 9318 1262 3106 9319 1260 3106 9320 1260 3107 9321 1258 3107 9322 1264 3107 9323 1258 3108 9324 1256 3108 9325 1264 3108 9326 1264 3109 9327 1266 3109 9328 1265 3109 9329 1266 3110 9330 1252 3110 9331 1251 3110 9332 1265 3111 9333 1251 3111 9334 1253 3111 9335 1253 3112 9336 1255 3112 9337 1265 3112 9338 1255 3113 9339 1257 3113 9340 1265 3113 9341 1257 3114 9342 1259 3114 9343 1261 3114 9344 1261 3115 9345 1263 3115 9346 1257 3115 9347 1217 3116 9348 1203 3116 9349 1178 3116 9350 1205 3117 9351 1219 3117 9352 1181 3117 9353 1223 3118 9354 1185 3118 9355 1181 3118 9356 1185 3119 9357 1225 3119 9358 1255 3119 9359 1259 3120 9360 1197 3120 9361 1198 3120 9362 1261 3121 9363 1243 3121 9364 1187 3121 9365 1191 3122 9366 1187 3122 9367 1245 3122 9368 1249 3123 9369 1215 3123 9370 1177 3123 9371 1213 3124 9372 1215 3124 9373 1249 3124 9374 1211 3125 9375 1213 3125 9376 1235 3125 9377 1207 3126 9378 1233 3126 9379 1219 3126 9380 1209 3127 9381 1231 3127 9382 1233 3127 9383 1243 3128 9384 1261 3128 9385 1263 3128 9386 1241 3129 9387 1263 3129 9388 1265 3129 9389 1227 3130 9390 1253 3130 9391 1255 3130 9392 1229 3131 9393 1251 3131 9394 1253 3131 9395 1251 3132 9396 1231 3132 9397 1211 3132 9398 1162 3133 9399 1169 3133 9400 1154 3133 9401 1154 3134 9402 1170 3134 9403 1167 3134 9404 1168 3135 9405 1159 3135 9406 1152 3135 9407 1160 3136 9408 1161 3136 9409 1153 3136 9410 1282 3137 9411 1277 3137 9412 1276 3137 9413 1270 3138 9414 1273 3138 9415 1272 3138 9416 1274 3139 9417 1269 3139 9418 1278 3139 9419 1268 3140 9420 1267 3140 9421 1272 3140 9422 1269 3141 9423 1274 3141 9424 1273 3141 9425 1275 3142 9426 1280 3142 9427 1279 3142 9428 1278 3143 9429 1277 3143 9430 1282 3143 9431 1280 3144 9432 1275 3144 9433 1268 3144 9434 1268 3169 9507 1300 3169 9508 1304 3169 9509 1275 3170 9510 1276 3170 9511 1314 3170 9512 1285 3171 9513 1286 3171 9514 1269 3171 9515 1267 3172 9516 1304 3172 9517 1285 3172 9518 1289 3173 9519 1285 3173 9520 1304 3173 9521 1286 3174 9522 1294 3174 9523 1278 3174 9524 1286 3175 9525 1290 3175 9526 1293 3175 9527 1278 3176 9528 1294 3176 9529 1298 3176 9530 1298 3177 9531 1314 3177 9532 1276 3177 9533 1298 3178 9534 1297 3178 9535 1310 3178 9536 1275 3179 9537 1313 3179 9538 1300 3179 9539 1309 3180 9540 1299 3180 9541 1300 3180 9542 1316 3181 9543 1318 3181 9544 1317 3181 9545 1318 3182 9546 1320 3182 9547 1319 3182 9548 1320 3183 9549 1322 3183 9550 1321 3183 9551 1322 3184 9552 1324 3184 9553 1323 3184 9554 1324 3185 9555 1326 3185 9556 1325 3185 9557 1326 3186 9558 1328 3186 9559 1327 3186 9560 1320 3187 9561 1318 3187 9562 1316 3187 9563 1316 3188 9564 1330 3188 9565 1328 3188 9566 1328 3189 9567 1326 3189 9568 1324 3189 9569 1324 3190 9570 1322 3190 9571 1328 3190 9572 1322 3191 9573 1320 3191 9574 1328 3191 9575 1328 3192 9576 1330 3192 9577 1329 3192 9578 1330 3193 9579 1316 3193 9580 1315 3193 9581 1317 3194 9582 1315 3194 9583 1329 3194 9584 1329 3195 9585 1327 3195 9586 1325 3195 9587 1325 3196 9588 1323 3196 9589 1321 3196 9590 1321 3197 9591 1319 3197 9592 1317 3197 9593 1317 3198 9594 1329 3198 9595 1321 3198 9596 1332 3199 9597 1334 3199 9598 1333 3199 9599 1334 3200 9600 1336 3200 9601 1335 3200 9602 1336 3201 9603 1338 3201 9604 1337 3201 9605 1337 3202 9606 1338 3202 9607 1340 3202 9608 1339 3203 9609 1340 3203 9610 1342 3203 9611 1342 3204 9612 1344 3204 9613 1343 3204 9614 1336 3205 9615 1334 3205 9616 1344 3205 9617 1334 3206 9618 1332 3206 9619 1344 3206 9620 1332 3207 9621 1346 3207 9622 1344 3207 9623 1344 3208 9624 1342 3208 9625 1340 3208 9626 1340 3209 9627 1338 3209 9628 1344 3209 9629 1344 3210 9630 1346 3210 9631 1345 3210 9632 1346 3211 9633 1332 3211 9634 1331 3211 9635 1345 3212 9636 1331 3212 9637 1333 3212 9638 1333 3213 9639 1335 3213 9640 1337 3213 9641 1337 3214 9642 1339 3214 9643 1341 3214 9644 1341 3215 9645 1343 3215 9646 1337 3215 9647 1343 3216 9648 1345 3216 9649 1337 3216 9650 1348 3217 9651 1350 3217 9652 1349 3217 9653 1350 3218 9654 1352 3218 9655 1351 3218 9656 1352 3219 9657 1354 3219 9658 1353 3219 9659 1354 3220 9660 1356 3220 9661 1355 3220 9662 1356 3221 9663 1358 3221 9664 1357 3221 9665 1358 3222 9666 1360 3222 9667 1359 3222 9668 1352 3223 9669 1350 3223 9670 1348 3223 9671 1348 3224 9672 1362 3224 9673 1352 3224 9674 1362 3225 9675 1360 3225 9676 1352 3225 9677 1360 3226 9678 1358 3226 9679 1356 3226 9680 1356 3227 9681 1354 3227 9682 1360 3227 9683 1360 3228 9684 1362 3228 9685 1361 3228 9686 1362 3229 9687 1348 3229 9688 1347 3229 9689 1349 3230 9690 1347 3230 9691 1361 3230 9692 1361 3231 9693 1359 3231 9694 1357 3231 9695 1357 3232 9696 1355 3232 9697 1353 3232 9698 1353 3233 9699 1351 3233 9700 1349 3233 9701 1349 3234 9702 1361 3234 9703 1353 3234 9704 1364 3235 9705 1366 3235 9706 1365 3235 9707 1366 3236 9708 1368 3236 9709 1367 3236 9710 1368 3237 9711 1370 3237 9712 1369 3237 9713 1369 3238 9714 1370 3238 9715 1372 3238 9716 1371 3239 9717 1372 3239 9718 1374 3239 9719 1374 3240 9720 1376 3240 9721 1375 3240 9722 1368 3241 9723 1366 3241 9724 1376 3241 9725 1366 3242 9726 1364 3242 9727 1376 3242 9728 1364 3243 9729 1378 3243 9730 1376 3243 9731 1376 3244 9732 1374 3244 9733 1372 3244 9734 1372 3245 9735 1370 3245 9736 1376 3245 9737 1376 3246 9738 1378 3246 9739 1377 3246 9740 1378 3247 9741 1364 3247 9742 1363 3247 9743 1377 3248 9744 1363 3248 9745 1365 3248 9746 1365 3249 9747 1367 3249 9748 1369 3249 9749 1369 3250 9750 1371 3250 9751 1373 3250 9752 1373 3251 9753 1375 3251 9754 1369 3251 9755 1375 3252 9756 1377 3252 9757 1369 3252 9758 1329 3253 9759 1315 3253 9760 1290 3253 9761 1317 3254 9762 1331 3254 9763 1293 3254 9764 1335 3255 9765 1297 3255 9766 1293 3255 9767 1297 3256 9768 1337 3256 9769 1367 3256 9770 1371 3257 9771 1309 3257 9772 1310 3257 9773 1309 3258 9774 1373 3258 9775 1355 3258 9776 1303 3259 9777 1299 3259 9778 1357 3259 9779 1361 3260 9780 1327 3260 9781 1289 3260 9782 1325 3261 9783 1327 3261 9784 1361 3261 9785 1323 3262 9786 1325 3262 9787 1347 3262 9788 1319 3263 9789 1345 3263 9790 1331 3263 9791 1321 3264 9792 1343 3264 9793 1345 3264 9794 1355 3265 9795 1373 3265 9796 1375 3265 9797 1353 3266 9798 1375 3266 9799 1377 3266 9800 1339 3267 9801 1365 3267 9802 1367 3267 9803 1341 3268 9804 1363 3268 9805 1365 3268 9806 1363 3269 9807 1343 3269 9808 1323 3269 9809 1274 3270 9810 1281 3270 9811 980 3270 9812 980 3271 9813 1282 3271 9814 1279 3271 9815 1280 3272 9816 1271 3272 9817 1122 3272 9818 1272 3273 9819 1273 3273 9820 982 3273 9821 1394 3274 9822 1389 3274 9823 1388 3274 9824 1382 3275 9825 1385 3275 9826 1384 3275 9827 1386 3276 9828 1381 3276 9829 1390 3276 9830 1380 3277 9831 1379 3277 9832 1384 3277 9833 1381 3278 9834 1386 3278 9835 1385 3278 9836 1387 3279 9837 1392 3279 9838 1391 3279 9839 1390 3280 9840 1389 3280 9841 1394 3280 9842 1392 3281 9843 1387 3281 9844 1380 3281 9845 1380 3306 9918 1412 3306 9919 1416 3306 9920 1387 3307 9921 1388 3307 9922 1426 3307 9923 1397 3308 9924 1398 3308 9925 1381 3308 9926 1379 3309 9927 1416 3309 9928 1397 3309 9929 1401 3310 9930 1397 3310 9931 1416 3310 9932 1398 3311 9933 1406 3311 9934 1390 3311 9935 1398 3312 9936 1402 3312 9937 1405 3312 9938 1390 3313 9939 1406 3313 9940 1410 3313 9941 1410 3314 9942 1426 3314 9943 1388 3314 9944 1410 3315 9945 1409 3315 9946 1422 3315 9947 1387 3316 9948 1425 3316 9949 1412 3316 9950 1421 3317 9951 1411 3317 9952 1412 3317 9953 1428 3318 9954 1430 3318 9955 1429 3318 9956 1430 3319 9957 1432 3319 9958 1431 3319 9959 1432 3320 9960 1434 3320 9961 1433 3320 9962 1434 3321 9963 1436 3321 9964 1435 3321 9965 1435 3322 9966 1436 3322 9967 1438 3322 9968 1437 3323 9969 1438 3323 9970 1440 3323 9971 1432 3324 9972 1430 3324 9973 1428 3324 9974 1428 3325 9975 1442 3325 9976 1440 3325 9977 1440 3326 9978 1438 3326 9979 1436 3326 9980 1436 3327 9981 1434 3327 9982 1440 3327 9983 1434 3328 9984 1432 3328 9985 1440 3328 9986 1440 3329 9987 1442 3329 9988 1441 3329 9989 1442 3330 9990 1428 3330 9991 1427 3330 9992 1429 3331 9993 1427 3331 9994 1441 3331 9995 1441 3332 9996 1439 3332 9997 1429 3332 9998 1439 3333 9999 1437 3333 10000 1429 3333 10001 1437 3334 10002 1435 3334 10003 1433 3334 10004 1433 3335 10005 1431 3335 10006 1429 3335 10007 1444 3336 10008 1446 3336 10009 1445 3336 10010 1446 3337 10011 1448 3337 10012 1447 3337 10013 1448 3338 10014 1450 3338 10015 1449 3338 10016 1449 3339 10017 1450 3339 10018 1452 3339 10019 1451 3340 10020 1452 3340 10021 1454 3340 10022 1454 3341 10023 1456 3341 10024 1455 3341 10025 1448 3342 10026 1446 3342 10027 1456 3342 10028 1446 3343 10029 1444 3343 10030 1456 3343 10031 1444 3344 10032 1458 3344 10033 1456 3344 10034 1456 3345 10035 1454 3345 10036 1452 3345 10037 1452 3346 10038 1450 3346 10039 1456 3346 10040 1456 3347 10041 1458 3347 10042 1457 3347 10043 1458 3348 10044 1444 3348 10045 1443 3348 10046 1457 3349 10047 1443 3349 10048 1445 3349 10049 1445 3350 10050 1447 3350 10051 1457 3350 10052 1447 3351 10053 1449 3351 10054 1457 3351 10055 1449 3352 10056 1451 3352 10057 1453 3352 10058 1453 3353 10059 1455 3353 10060 1449 3353 10061 1460 3354 10062 1462 3354 10063 1461 3354 10064 1462 3355 10065 1464 3355 10066 1463 3355 10067 1464 3356 10068 1466 3356 10069 1465 3356 10070 1466 3357 10071 1468 3357 10072 1467 3357 10073 1467 3358 10074 1468 3358 10075 1470 3358 10076 1469 3359 10077 1470 3359 10078 1472 3359 10079 1464 3360 10080 1462 3360 10081 1460 3360 10082 1460 3361 10083 1474 3361 10084 1472 3361 10085 1472 3362 10086 1470 3362 10087 1468 3362 10088 1468 3363 10089 1466 3363 10090 1472 3363 10091 1466 3364 10092 1464 3364 10093 1472 3364 10094 1472 3365 10095 1474 3365 10096 1473 3365 10097 1474 3366 10098 1460 3366 10099 1459 3366 10100 1461 3367 10101 1459 3367 10102 1473 3367 10103 1473 3368 10104 1471 3368 10105 1461 3368 10106 1471 3369 10107 1469 3369 10108 1461 3369 10109 1469 3370 10110 1467 3370 10111 1465 3370 10112 1465 3371 10113 1463 3371 10114 1461 3371 10115 1476 3372 10116 1478 3372 10117 1477 3372 10118 1478 3373 10119 1480 3373 10120 1479 3373 10121 1480 3374 10122 1482 3374 10123 1481 3374 10124 1481 3375 10125 1482 3375 10126 1484 3375 10127 1483 3376 10128 1484 3376 10129 1486 3376 10130 1486 3377 10131 1488 3377 10132 1487 3377 10133 1480 3378 10134 1478 3378 10135 1488 3378 10136 1478 3379 10137 1476 3379 10138 1488 3379 10139 1476 3380 10140 1490 3380 10141 1488 3380 10142 1488 3381 10143 1486 3381 10144 1484 3381 10145 1484 3382 10146 1482 3382 10147 1488 3382 10148 1488 3383 10149 1490 3383 10150 1489 3383 10151 1490 3384 10152 1476 3384 10153 1475 3384 10154 1489 3385 10155 1475 3385 10156 1477 3385 10157 1477 3386 10158 1479 3386 10159 1489 3386 10160 1479 3387 10161 1481 3387 10162 1489 3387 10163 1481 3388 10164 1483 3388 10165 1485 3388 10166 1485 3389 10167 1487 3389 10168 1481 3389 10169 1441 3390 10170 1427 3390 10171 1402 3390 10172 1429 3391 10173 1443 3391 10174 1405 3391 10175 1447 3392 10176 1409 3392 10177 1405 3392 10178 1409 3393 10179 1449 3393 10180 1479 3393 10181 1481 3394 10182 1483 3394 10183 1421 3394 10184 1421 3395 10185 1485 3395 10186 1467 3395 10187 1415 3396 10188 1411 3396 10189 1469 3396 10190 1473 3397 10191 1439 3397 10192 1401 3397 10193 1437 3398 10194 1439 3398 10195 1473 3398 10196 1435 3399 10197 1437 3399 10198 1459 3399 10199 1431 3400 10200 1457 3400 10201 1443 3400 10202 1433 3401 10203 1455 3401 10204 1457 3401 10205 1467 3402 10206 1485 3402 10207 1487 3402 10208 1465 3403 10209 1487 3403 10210 1489 3403 10211 1451 3404 10212 1477 3404 10213 1479 3404 10214 1453 3405 10215 1475 3405 10216 1477 3405 10217 1475 3406 10218 1455 3406 10219 1435 3406 10220 1386 3407 10221 1393 3407 10222 856 3407 10223 856 3408 10224 1394 3408 10225 1391 3408 10226 1392 3409 10227 1383 3409 10228 627 3409 10229 1384 3410 10230 1385 3410 10231 767 3410 10232 1500 3411 10233 1502 3411 10234 1494 3411 10235 1492 3412 10236 1503 3412 10237 1501 3412 10238 1494 3413 10239 1502 3413 10240 1503 3413 10241 1492 3419 10257 1493 3419 10258 1495 3419 10259 1493 3420 10260 1090 3420 10261 1080 3420 10262 1091 3421 10263 1103 3421 10264 1507 3421 10265 1507 3422 10266 301 3422 10267 1065 3422 10268 301 3423 10269 354 3423 10270 535 3423 10271 301 3424 10272 535 3424 10273 351 3424 10274 1079 3425 10275 1091 3425 10276 1507 3425 10277 1072 3426 10278 1079 3426 10279 1507 3426 10280 301 3427 10281 351 3427 10282 281 3427 10283 301 3428 10284 281 3428 10285 1585 3428 10286 1631 3429 10287 1072 3429 10288 1507 3429 10289 1142 3430 10290 1631 3430 10291 1507 3430 10292 301 3431 10293 1585 3431 10294 1065 3431 10295 1505 3432 10296 1494 3432 10297 1495 3432 10298 1097 3433 10299 1098 3433 10300 1494 3433 10301 1494 3434 10302 1505 3434 10303 1102 3434 10304 1505 3435 10305 1103 3435 10306 1104 3435 10307 1505 3436 10308 1104 3436 10309 1101 3436 10310 1107 3437 10311 1097 3437 10312 1494 3437 10313 652 3438 10314 1107 3438 10315 1494 3438 10316 1505 3439 10317 1101 3439 10318 1102 3439 10319 1080 3440 10320 302 3440 10321 1504 3440 10322 300 3441 10323 1508 3441 10324 1504 3441 10325 1513 3442 10326 1515 3442 10327 1507 3442 10328 1505 3443 10329 1516 3443 10330 1514 3443 10331 1507 3444 10332 1515 3444 10333 1516 3444 10334 1505 3450 10350 1506 3450 10351 1508 3450 10352 277 3541 10623 1592 3541 10624 1591 3541 10625 278 3542 10626 1591 3542 10627 1590 3542 10628 283 3543 10629 1587 3543 10630 1586 3543 10631 1657 3544 10632 279 3544 10633 1590 3544 10634 218 3545 10635 1588 3545 10636 1746 3545 10637 281 3546 10638 282 3546 10639 1586 3546 10640 544 3547 10641 1584 3547 10642 1583 3547 10643 555 3548 10644 1583 3548 10645 1570 3548 10646 305 3549 10647 403 3549 10648 1572 3549 10649 280 3550 10650 1589 3550 10651 1573 3550 10652 397 3551 10653 305 3551 10654 1594 3551 10655 404 3552 10656 1573 3552 10657 1576 3552 10658 444 3553 10659 1575 3553 10660 1572 3553 10661 426 3554 10662 1570 3554 10663 1575 3554 10664 445 3556 10668 1576 3556 10669 1577 3556 10670 458 3559 10677 1577 3559 10678 1584 3559 10679 1153 3562 10686 411 3562 10687 1571 3562 10688 1567 3563 10689 1568 3563 10690 312 3563 10691 1559 3564 10692 1567 3564 10693 325 3564 10694 1596 3565 10695 1560 3565 10696 141 3565 10697 142 3566 10698 1561 3566 10699 1588 3566 10700 134 3567 10701 1595 3567 10702 1596 3567 10703 1563 3568 10704 1561 3568 10705 142 3568 10706 1560 3569 10707 1562 3569 10708 181 3569 10709 1562 3570 10710 1559 3570 10711 164 3570 10712 1564 3572 10716 1563 3572 10717 182 3572 10718 1568 3575 10725 1564 3575 10726 195 3575 10727 856 3579 10737 1595 3579 10738 1597 3579 10739 678 3586 10758 1605 3586 10759 1608 3586 10760 665 3589 10767 1604 3589 10768 1605 3589 10769 646 3591 10773 1600 3591 10774 1603 3591 10775 664 3592 10776 1603 3592 10777 1601 3592 10778 624 3594 10782 1602 3594 10783 1604 3594 10784 617 3595 10785 260 3595 10786 1636 3595 10787 1070 3596 10788 1624 3596 10789 1602 3596 10790 260 3597 10791 623 3597 10792 1601 3597 10793 779 3598 10794 1607 3598 10795 1600 3598 10796 766 3599 10797 1608 3599 10798 1607 3599 10799 1620 3600 10800 1616 3600 10801 908 3600 10802 1616 3603 10809 1615 3603 10810 895 3603 10811 1614 3605 10815 1610 3605 10816 875 3605 10817 1611 3606 10818 1614 3606 10819 894 3606 10820 1615 3607 10821 1612 3607 10822 853 3607 10823 846 3608 10824 1633 3608 10825 1634 3608 10826 1612 3609 10827 1630 3609 10828 1071 3609 10829 759 3610 10830 1634 3610 10831 1611 3610 10832 1610 3611 10833 1619 3611 10834 1008 3611 10835 1619 3612 10836 1620 3612 10837 997 3612 10838 1141 3613 10839 1139 3613 10840 1629 3613 10841 1143 3614 10842 1147 3614 10843 1632 3614 10844 1148 3615 10845 1624 3615 10846 1747 3615 10847 1143 3616 10848 1623 3616 10849 1631 3616 10850 1141 3617 10851 1622 3617 10852 1703 3617 10853 1137 3618 10854 1628 3618 10855 1629 3618 10856 1154 3622 10866 1633 3622 10867 1621 3622 10868 767 3627 10881 1522 3627 10882 1637 3627 10883 1741 3645 10935 1747 3645 10936 1632 3645 10937 1700 3652 10956 1703 3652 10957 1630 3652 10958 1657 3653 10959 1702 3653 10960 1589 3653 10961 1658 3656 10968 1700 3656 10969 1140 3656 10970 1677 3657 10971 1699 3657 10972 1100 3657 10973 1698 3658 10974 1677 3658 10975 1088 3658 10976 1656 3659 10977 1698 3659 10978 1078 3659 10979 1703 3660 10980 1656 3660 10981 1071 3660 10982 1702 3661 10983 1658 3661 10984 1064 3661 10985 1662 3662 10986 1657 3662 10987 280 3662 10988 1673 3663 10989 1662 3663 10990 527 3663 10991 1674 3664 10992 1673 3664 10993 534 3664 10994 1696 3665 10995 1697 3665 10996 1019 3665 10997 1681 3666 10998 1696 3666 10999 1006 3666 11000 1691 3667 11001 1693 3667 11002 937 3667 11003 863 3669 11007 1680 3669 11008 1681 3669 11009 1685 3670 11010 1691 3670 11011 884 3670 11012 1697 3671 11013 1679 3671 11014 903 3671 11015 855 3672 11016 1690 3672 11017 1685 3672 11018 1689 3673 11019 1680 3673 11020 863 3673 11021 848 3674 11022 1688 3674 11023 1692 3674 11024 903 3675 11025 1679 3675 11026 1692 3675 11027 851 3676 11028 1688 3676 11029 1699 3676 11030 845 3677 11031 1701 3677 11032 1684 3677 11033 1693 3678 11034 1684 3678 11035 846 3678 11036 850 3679 11037 840 3679 11038 1686 3679 11039 1687 3680 11040 1686 3680 11041 840 3680 11042 857 3681 11043 1690 3681 11044 1687 3681 11045 566 3682 11046 1676 3682 11047 1675 3682 11048 553 3683 11049 1675 3683 11050 1661 3683 11051 487 3684 11052 1672 3684 11053 1670 3684 11054 1661 3686 11058 1660 3686 11059 414 3686 11060 434 3687 11061 1670 3687 11062 1664 3687 11063 453 3688 11064 1659 3688 11065 1676 3688 11066 406 3689 11067 310 3689 11068 1664 3689 11069 414 3690 11070 1660 3690 11071 1668 3690 11072 399 3691 11073 447 3691 11074 1671 3691 11075 1671 3692 11076 1659 3692 11077 453 3692 11078 1674 3693 11079 1667 3693 11080 402 3693 11081 1663 3694 11082 1678 3694 11083 396 3694 11084 397 3695 11085 1663 3695 11086 1672 3695 11087 401 3696 11088 1668 3696 11089 1665 3696 11090 392 3697 11091 1665 3697 11092 1666 3697 11093 1666 3698 11094 1669 3698 11095 407 3698 11096 283 3703 11109 1715 3703 11110 1746 3703 11111 1736 3706 11118 1741 3706 11119 1147 3706 11120 1739 3707 11121 1740 3707 11122 1106 3707 11123 1738 3708 11124 1739 3708 11125 1094 3708 11126 1737 3709 11127 1738 3709 11128 1082 3709 11129 1747 3710 11130 1737 3710 11131 1074 3710 11132 1587 3711 11133 1746 3711 11134 1736 3711 11135 1719 3712 11136 1715 3712 11137 283 3712 11138 1720 3713 11139 1719 3713 11140 285 3713 11141 1716 3714 11142 1720 3714 11143 560 3714 11144 790 3715 11145 1735 3715 11146 1734 3715 11147 777 3716 11148 1734 3716 11149 1723 3716 11150 708 3717 11151 1733 3717 11152 1731 3717 11153 1723 3719 11157 1722 3719 11158 635 3719 11159 655 3720 11160 1731 3720 11161 1725 3720 11162 673 3721 11163 1721 3721 11164 1735 3721 11165 262 3722 11166 1725 3722 11167 1730 3722 11168 635 3723 11169 1722 3723 11170 1729 3723 11171 667 3724 11172 1732 3724 11173 1728 3724 11174 1732 3725 11175 1721 3725 11176 673 3725 11177 1740 3726 11178 1728 3726 11179 622 3726 11180 1724 3727 11181 1744 3727 11182 615 3727 11183 617 3728 11184 1724 3728 11185 1733 3728 11186 621 3729 11187 1729 3729 11188 1726 3729 11189 255 3730 11190 1726 3730 11191 1727 3730 11192 1727 3731 11193 1730 3731 11194 628 3731 11195 1717 3732 11196 1718 3732 11197 335 3732 11198 1705 3733 11199 1717 3733 11200 322 3733 11201 1712 3734 11202 1714 3734 11203 225 3734 11204 152 3735 11205 1706 3735 11206 1705 3735 11207 1694 3736 11208 1712 3736 11209 172 3736 11210 1718 3737 11211 1707 3737 11212 190 3737 11213 1653 3738 11214 1694 3738 11215 119 3738 11216 1569 3739 11217 1706 3739 11218 152 3739 11219 1655 3740 11220 1713 3740 11221 184 3740 11222 190 3741 11223 1707 3741 11224 1713 3741 11225 140 3742 11226 1655 3742 11227 1716 3742 11228 132 3743 11229 1745 3743 11230 1704 3743 11231 1714 3744 11232 1704 3744 11233 134 3744 11234 139 3745 11235 127 3745 11236 1682 3745 11237 1119 3746 11238 1682 3746 11239 127 3746 11240 145 3747 11241 1653 3747 11242 1119 3747 11243</p>
        </triangles>
        <triangles material="lightgray-material" count="392">
          <input semantic="VERTEX" source="#Cube_002-mesh-vertices" offset="0"/>
          <input semantic="NORMAL" source="#Cube_002-mesh-normals" offset="1"/>
          <input semantic="TEXCOORD" source="#Cube_002-mesh-map-0" offset="2" set="0"/>
          <p>21 8 24 22 8 25 20 8 26 22 9 27 27 9 28 26 9 29 27 10 30 24 10 31 26 10 32 25 11 33 20 11 34 24 11 35 26 12 36 20 12 37 22 12 38 23 13 39 25 13 40 27 13 41 29 14 42 30 14 43 28 14 44 30 15 45 35 15 46 34 15 47 35 16 48 32 16 49 34 16 50 33 17 51 28 17 52 32 17 53 34 18 54 28 18 55 30 18 56 31 19 57 33 19 58 35 19 59 42 20 60 41 20 61 43 20 62 41 21 63 36 21 64 37 21 65 36 22 66 39 22 67 37 22 68 38 23 69 43 23 70 39 23 71 37 24 72 43 24 73 41 24 74 40 25 75 38 25 76 36 25 77 45 26 78 46 26 79 44 26 80 46 27 81 51 27 82 50 27 83 51 28 84 48 28 85 50 28 86 49 29 87 44 29 88 48 29 89 50 30 90 44 30 91 46 30 92 47 31 93 49 31 94 51 31 95 296 276 828 293 276 829 292 276 830 296 277 831 295 277 832 297 277 833 290 278 834 295 278 835 294 278 836 290 279 837 296 279 838 292 279 839 295 280 840 293 280 841 297 280 842 368 291 873 363 291 874 367 291 875 370 292 876 367 292 877 369 292 878 366 293 879 369 293 880 365 293 881 317 303 909 320 303 910 316 303 911 321 304 912 318 304 913 320 304 914 319 305 915 314 305 916 318 305 917 320 306 918 314 306 919 316 306 920 317 307 921 319 307 922 321 307 923 341 311 933 344 311 934 340 311 935 345 328 984 342 328 985 344 328 986 343 329 987 338 329 988 342 329 989 344 330 990 338 330 991 340 330 992 341 331 993 343 331 994 345 331 995 369 354 1062 363 354 1063 365 354 1064 366 355 1065 368 355 1066 370 355 1067 380 358 1074 383 358 1075 379 358 1076 384 366 1098 381 366 1099 383 366 1100 382 367 1101 377 367 1102 381 367 1103 383 368 1104 377 368 1105 379 368 1106 380 369 1107 382 369 1108 384 369 1109 591 528 1584 596 528 1585 595 528 1586 595 529 1587 598 529 1588 597 529 1589 597 530 1590 594 530 1591 593 530 1592 551 540 1620 548 540 1621 547 540 1622 549 541 1623 552 541 1624 551 541 1625 545 542 1626 550 542 1627 549 542 1628 545 543 1629 551 543 1630 547 543 1631 550 544 1632 548 544 1633 552 544 1634 575 548 1644 572 548 1645 571 548 1646 573 564 1692 576 564 1693 575 564 1694 569 565 1695 574 565 1696 573 565 1697 569 566 1698 575 566 1699 571 566 1700 574 567 1701 572 567 1702 576 567 1703 591 589 1767 597 589 1768 593 589 1769 596 590 1770 594 590 1771 598 590 1772 611 593 1779 608 593 1780 607 593 1781 609 601 1803 612 601 1804 611 601 1805 605 602 1806 610 602 1807 609 602 1808 605 603 1809 611 603 1810 607 603 1811 610 604 1812 608 604 1813 612 604 1814 812 774 2322 817 774 2323 816 774 2324 816 775 2325 819 775 2326 818 775 2327 818 776 2328 815 776 2329 814 776 2330 775 786 2358 772 786 2359 771 786 2360 773 787 2361 776 787 2362 775 787 2363 769 788 2364 774 788 2365 773 788 2366 769 789 2367 775 789 2368 771 789 2369 774 790 2370 772 790 2371 776 790 2372 799 794 2382 796 794 2383 795 794 2384 797 810 2430 800 810 2431 799 810 2432 793 811 2433 798 811 2434 797 811 2435 793 812 2436 799 812 2437 795 812 2438 798 813 2439 796 813 2440 800 813 2441 812 836 2508 818 836 2509 814 836 2510 817 837 2511 815 837 2512 819 837 2513 832 840 2520 829 840 2521 828 840 2522 830 848 2544 833 848 2545 832 848 2546 826 849 2547 831 849 2548 830 849 2549 826 850 2550 832 850 2551 828 850 2552 831 851 2553 829 851 2554 833 851 2555 1045 1011 3033 1040 1011 3034 1044 1011 3035 1047 1012 3036 1044 1012 3037 1046 1012 3038 1043 1013 3039 1046 1013 3040 1042 1013 3041 1001 1023 3069 1004 1023 3070 1000 1023 3071 1005 1024 3072 1002 1024 3073 1004 1024 3074 1003 1025 3075 998 1025 3076 1002 1025 3077 1004 1026 3078 998 1026 3079 1000 1026 3080 1001 1027 3081 1003 1027 3082 1005 1027 3083 1025 1031 3093 1028 1031 3094 1024 1031 3095 1029 1047 3141 1026 1047 3142 1028 1047 3143 1027 1048 3144 1022 1048 3145 1026 1048 3146 1028 1049 3147 1022 1049 3148 1024 1049 3149 1025 1050 3150 1027 1050 3151 1029 1050 3152 1046 1072 3216 1040 1072 3217 1042 1072 3218 1043 1073 3219 1045 1073 3220 1047 1073 3221 1057 1076 3228 1060 1076 3229 1056 1076 3230 1061 1084 3252 1058 1084 3253 1060 1084 3254 1059 1085 3255 1054 1085 3256 1058 1085 3257 1060 1086 3258 1054 1086 3259 1056 1086 3260 1057 1087 3261 1059 1087 3262 1061 1087 3263 1138 1159 3477 1145 1159 3478 1092 1159 3479 1150 1161 3483 1095 1161 3484 1146 1161 3485 1150 1163 3489 1138 1163 3490 1144 1163 3491 1095 1167 3501 1138 1167 3502 1092 1167 3503 1095 1184 3552 1145 1184 3553 1146 1184 3554 1172 1207 3621 1173 1207 3622 1171 1207 3623 1173 1208 3624 1178 1208 3625 1177 1208 3626 1178 1209 3627 1175 1209 3628 1177 1209 3629 1175 1210 3630 1172 1210 3631 1171 1210 3632 1177 1211 3633 1171 1211 3634 1173 1211 3635 1178 1212 3636 1172 1212 3637 1176 1212 3638 1180 1213 3639 1181 1213 3640 1179 1213 3641 1181 1214 3642 1186 1214 3643 1185 1214 3644 1186 1215 3645 1183 1215 3646 1185 1215 3647 1184 1216 3648 1179 1216 3649 1183 1216 3650 1185 1217 3651 1179 1217 3652 1181 1217 3653 1182 1218 3654 1184 1218 3655 1186 1218 3656 1193 1219 3657 1192 1219 3658 1194 1219 3659 1192 1220 3660 1187 1220 3661 1188 1220 3662 1187 1221 3663 1190 1221 3664 1188 1221 3665 1190 1222 3666 1193 1222 3667 1194 1222 3668 1188 1223 3669 1194 1223 3670 1192 1223 3671 1187 1224 3672 1193 1224 3673 1189 1224 3674 1196 1225 3675 1197 1225 3676 1195 1225 3677 1197 1226 3678 1202 1226 3679 1201 1226 3680 1202 1227 3681 1199 1227 3682 1201 1227 3683 1200 1228 3684 1195 1228 3685 1199 1228 3686 1201 1229 3687 1195 1229 3688 1197 1229 3689 1198 1230 3690 1200 1230 3691 1202 1230 3692 1284 1328 3984 1285 1328 3985 1283 1328 3986 1285 1329 3987 1290 1329 3988 1289 1329 3989 1290 1330 3990 1287 1330 3991 1289 1330 3992 1287 1331 3993 1284 1331 3994 1283 1331 3995 1289 1332 3996 1283 1332 3997 1285 1332 3998 1290 1333 3999 1284 1333 4000 1288 1333 4001 1292 1334 4002 1293 1334 4003 1291 1334 4004 1293 1335 4005 1298 1335 4006 1297 1335 4007 1298 1336 4008 1295 1336 4009 1297 1336 4010 1296 1337 4011 1291 1337 4012 1295 1337 4013 1297 1338 4014 1291 1338 4015 1293 1338 4016 1294 1339 4017 1296 1339 4018 1298 1339 4019 1305 1340 4020 1304 1340 4021 1306 1340 4022 1304 1341 4023 1299 1341 4024 1300 1341 4025 1299 1342 4026 1302 1342 4027 1300 1342 4028 1302 1343 4029 1305 1343 4030 1306 1343 4031 1300 1344 4032 1306 1344 4033 1304 1344 4034 1299 1345 4035 1305 1345 4036 1301 1345 4037 1308 1346 4038 1309 1346 4039 1307 1346 4040 1309 1347 4041 1314 1347 4042 1313 1347 4043 1314 1348 4044 1311 1348 4045 1313 1348 4046 1312 1349 4047 1307 1349 4048 1311 1349 4049 1313 1350 4050 1307 1350 4051 1309 1350 4052 1310 1351 4053 1312 1351 4054 1314 1351 4055 1396 1449 4347 1397 1449 4348 1395 1449 4349 1397 1450 4350 1402 1450 4351 1401 1450 4352 1402 1451 4353 1399 1451 4354 1401 1451 4355 1399 1452 4356 1396 1452 4357 1395 1452 4358 1401 1453 4359 1395 1453 4360 1397 1453 4361 1402 1454 4362 1396 1454 4363 1400 1454 4364 1403 1455 4365 1406 1455 4366 1405 1455 4367 1405 1456 4368 1410 1456 4369 1409 1456 4370 1410 1457 4371 1407 1457 4372 1409 1457 4373 1408 1458 4374 1403 1458 4375 1407 1458 4376 1409 1459 4377 1403 1459 4378 1405 1459 4379 1406 1460 4380 1408 1460 4381 1410 1460 4382 1417 1461 4383 1416 1461 4384 1418 1461 4385 1416 1462 4386 1411 1462 4387 1412 1462 4388 1411 1463 4389 1414 1463 4390 1412 1463 4391 1414 1464 4392 1417 1464 4393 1418 1464 4394 1412 1465 4395 1418 1465 4396 1416 1465 4397 1411 1466 4398 1417 1466 4399 1413 1466 4400 1419 1467 4401 1422 1467 4402 1421 1467 4403 1421 1468 4404 1426 1468 4405 1425 1468 4406 1426 1469 4407 1423 1469 4408 1425 1469 4409 1424 1470 4410 1419 1470 4411 1423 1470 4412 1425 1471 4413 1419 1471 4414 1421 1471 4415 1422 1472 4416 1424 1472 4417 1426 1472 4418 1498 1567 4701 1500 1567 4702 1496 1567 4703 1503 1568 4704 1497 1568 4705 1501 1568 4706 1503 1569 4707 1498 1569 4708 1499 1569 4709 1497 1570 4710 1498 1570 4711 1496 1570 4712 1497 1571 4713 1500 1571 4714 1501 1571 4715 1511 1584 4752 1513 1584 4753 1509 1584 4754 1516 1585 4755 1510 1585 4756 1514 1585 4757 1516 1586 4758 1511 1586 4759 1512 1586 4760 1510 1587 4761 1511 1587 4762 1509 1587 4763 1510 1588 4764 1513 1588 4765 1514 1588 4766 21 1918 5754 23 1918 5755 22 1918 5756 22 1919 5757 23 1919 5758 27 1919 5759 27 1920 5760 25 1920 5761 24 1920 5762 25 1921 5763 21 1921 5764 20 1921 5765 26 1922 5766 24 1922 5767 20 1922 5768 23 1923 5769 21 1923 5770 25 1923 5771 29 1924 5772 31 1924 5773 30 1924 5774 30 1925 5775 31 1925 5776 35 1925 5777 35 1926 5778 33 1926 5779 32 1926 5780 33 1927 5781 29 1927 5782 28 1927 5783 34 1928 5784 32 1928 5785 28 1928 5786 31 1929 5787 29 1929 5788 33 1929 5789 42 1930 5790 40 1930 5791 41 1930 5792 41 1931 5793 40 1931 5794 36 1931 5795 36 1932 5796 38 1932 5797 39 1932 5798 38 1933 5799 42 1933 5800 43 1933 5801 37 1934 5802 39 1934 5803 43 1934 5804 40 1935 5805 42 1935 5806 38 1935 5807 45 1936 5808 47 1936 5809 46 1936 5810 46 1937 5811 47 1937 5812 51 1937 5813 51 1938 5814 49 1938 5815 48 1938 5816 49 1939 5817 45 1939 5818 44 1939 5819 50 1940 5820 48 1940 5821 44 1940 5822 47 1941 5823 45 1941 5824 49 1941 5825 296 2200 6600 297 2200 6601 293 2200 6602 296 2201 6603 294 2201 6604 295 2201 6605 290 2202 6606 291 2202 6607 295 2202 6608 290 2203 6609 294 2203 6610 296 2203 6611 295 2204 6612 291 2204 6613 293 2204 6614 368 2219 6657 364 2219 6658 363 2219 6659 370 2220 6660 368 2220 6661 367 2220 6662 366 2221 6663 370 2221 6664 369 2221 6665 317 2231 6693 321 2231 6694 320 2231 6695 321 2232 6696 319 2232 6697 318 2232 6698 319 2233 6699 315 2233 6700 314 2233 6701 320 2234 6702 318 2234 6703 314 2234 6704 317 2235 6705 315 2235 6706 319 2235 6707 341 2238 6714 345 2238 6715 344 2238 6716 345 2248 6744 343 2248 6745 342 2248 6746 343 2249 6747 339 2249 6748 338 2249 6749 344 2250 6750 342 2250 6751 338 2250 6752 341 2251 6753 339 2251 6754 343 2251 6755 369 2266 6798 367 2266 6799 363 2266 6800 366 2267 6801 364 2267 6802 368 2267 6803 380 2269 6807 384 2269 6808 383 2269 6809 384 2270 6810 382 2270 6811 381 2270 6812 382 2271 6813 378 2271 6814 377 2271 6815 383 2272 6816 381 2272 6817 377 2272 6818 380 2273 6819 378 2273 6820 382 2273 6821 591 2421 7263 592 2421 7264 596 2421 7265 595 2422 7266 596 2422 7267 598 2422 7268 597 2423 7269 598 2423 7270 594 2423 7271 551 2433 7299 552 2433 7300 548 2433 7301 549 2434 7302 550 2434 7303 552 2434 7304 545 2435 7305 546 2435 7306 550 2435 7307 545 2436 7308 549 2436 7309 551 2436 7310 550 2437 7311 546 2437 7312 548 2437 7313 575 2440 7320 576 2440 7321 572 2440 7322 573 2449 7347 574 2449 7348 576 2449 7349 569 2450 7350 570 2450 7351 574 2450 7352 569 2451 7353 573 2451 7354 575 2451 7355 574 2452 7356 570 2452 7357 572 2452 7358 591 2466 7398 595 2466 7399 597 2466 7400 596 2467 7401 592 2467 7402 594 2467 7403 611 2469 7407 612 2469 7408 608 2469 7409 609 2470 7410 610 2470 7411 612 2470 7412 605 2471 7413 606 2471 7414 610 2471 7415 605 2472 7416 609 2472 7417 611 2472 7418 610 2473 7419 606 2473 7420 608 2473 7421 812 2633 7899 813 2633 7900 817 2633 7901 816 2634 7902 817 2634 7903 819 2634 7904 818 2635 7905 819 2635 7906 815 2635 7907 775 2645 7935 776 2645 7936 772 2645 7937 773 2646 7938 774 2646 7939 776 2646 7940 769 2647 7941 770 2647 7942 774 2647 7943 769 2648 7944 773 2648 7945 775 2648 7946 774 2649 7947 770 2649 7948 772 2649 7949 799 2652 7956 800 2652 7957 796 2652 7958 797 2661 7983 798 2661 7984 800 2661 7985 793 2662 7986 794 2662 7987 798 2662 7988 793 2663 7989 797 2663 7990 799 2663 7991 798 2664 7992 794 2664 7993 796 2664 7994 812 2679 8037 816 2679 8038 818 2679 8039 817 2680 8040 813 2680 8041 815 2680 8042 832 2682 8046 833 2682 8047 829 2682 8048 830 2683 8049 831 2683 8050 833 2683 8051 826 2684 8052 827 2684 8053 831 2684 8054 826 2685 8055 830 2685 8056 832 2685 8057 831 2686 8058 827 2686 8059 829 2686 8060 1045 2836 8508 1041 2836 8509 1040 2836 8510 1047 2837 8511 1045 2837 8512 1044 2837 8513 1043 2838 8514 1047 2838 8515 1046 2838 8516 1001 2848 8544 1005 2848 8545 1004 2848 8546 1005 2849 8547 1003 2849 8548 1002 2849 8549 1003 2850 8550 999 2850 8551 998 2850 8552 1004 2851 8553 1002 2851 8554 998 2851 8555 1001 2852 8556 999 2852 8557 1003 2852 8558 1025 2855 8565 1029 2855 8566 1028 2855 8567 1029 2864 8592 1027 2864 8593 1026 2864 8594 1027 2865 8595 1023 2865 8596 1022 2865 8597 1028 2866 8598 1026 2866 8599 1022 2866 8600 1025 2867 8601 1023 2867 8602 1027 2867 8603 1046 2881 8643 1044 2881 8644 1040 2881 8645 1043 2882 8646 1041 2882 8647 1045 2882 8648 1057 2884 8652 1061 2884 8653 1060 2884 8654 1061 2885 8655 1059 2885 8656 1058 2885 8657 1059 2886 8658 1055 2886 8659 1054 2886 8660 1060 2887 8661 1058 2887 8662 1054 2887 8663 1057 2888 8664 1055 2888 8665 1059 2888 8666 1138 2960 8880 1149 2960 8881 1145 2960 8882 1150 2962 8886 1144 2962 8887 1095 2962 8888 1150 2964 8892 1149 2964 8893 1138 2964 8894 1095 2968 8904 1144 2968 8905 1138 2968 8906 1095 2985 8955 1092 2985 8956 1145 2985 8957 1172 3008 9024 1174 3008 9025 1173 3008 9026 1173 3009 9027 1174 3009 9028 1178 3009 9029 1178 3010 9030 1176 3010 9031 1175 3010 9032 1175 3011 9033 1176 3011 9034 1172 3011 9035 1177 3012 9036 1175 3012 9037 1171 3012 9038 1178 3013 9039 1174 3013 9040 1172 3013 9041 1180 3014 9042 1182 3014 9043 1181 3014 9044 1181 3015 9045 1182 3015 9046 1186 3015 9047 1186 3016 9048 1184 3016 9049 1183 3016 9050 1184 3017 9051 1180 3017 9052 1179 3017 9053 1185 3018 9054 1183 3018 9055 1179 3018 9056 1182 3019 9057 1180 3019 9058 1184 3019 9059 1193 3020 9060 1191 3020 9061 1192 3020 9062 1192 3021 9063 1191 3021 9064 1187 3021 9065 1187 3022 9066 1189 3022 9067 1190 3022 9068 1190 3023 9069 1189 3023 9070 1193 3023 9071 1188 3024 9072 1190 3024 9073 1194 3024 9074 1187 3025 9075 1191 3025 9076 1193 3025 9077 1196 3026 9078 1198 3026 9079 1197 3026 9080 1197 3027 9081 1198 3027 9082 1202 3027 9083 1202 3028 9084 1200 3028 9085 1199 3028 9086 1200 3029 9087 1196 3029 9088 1195 3029 9089 1201 3030 9090 1199 3030 9091 1195 3030 9092 1198 3031 9093 1196 3031 9094 1200 3031 9095 1284 3145 9435 1286 3145 9436 1285 3145 9437 1285 3146 9438 1286 3146 9439 1290 3146 9440 1290 3147 9441 1288 3147 9442 1287 3147 9443 1287 3148 9444 1288 3148 9445 1284 3148 9446 1289 3149 9447 1287 3149 9448 1283 3149 9449 1290 3150 9450 1286 3150 9451 1284 3150 9452 1292 3151 9453 1294 3151 9454 1293 3151 9455 1293 3152 9456 1294 3152 9457 1298 3152 9458 1298 3153 9459 1296 3153 9460 1295 3153 9461 1296 3154 9462 1292 3154 9463 1291 3154 9464 1297 3155 9465 1295 3155 9466 1291 3155 9467 1294 3156 9468 1292 3156 9469 1296 3156 9470 1305 3157 9471 1303 3157 9472 1304 3157 9473 1304 3158 9474 1303 3158 9475 1299 3158 9476 1299 3159 9477 1301 3159 9478 1302 3159 9479 1302 3160 9480 1301 3160 9481 1305 3160 9482 1300 3161 9483 1302 3161 9484 1306 3161 9485 1299 3162 9486 1303 3162 9487 1305 3162 9488 1308 3163 9489 1310 3163 9490 1309 3163 9491 1309 3164 9492 1310 3164 9493 1314 3164 9494 1314 3165 9495 1312 3165 9496 1311 3165 9497 1312 3166 9498 1308 3166 9499 1307 3166 9500 1313 3167 9501 1311 3167 9502 1307 3167 9503 1310 3168 9504 1308 3168 9505 1312 3168 9506 1396 3282 9846 1398 3282 9847 1397 3282 9848 1397 3283 9849 1398 3283 9850 1402 3283 9851 1402 3284 9852 1400 3284 9853 1399 3284 9854 1399 3285 9855 1400 3285 9856 1396 3285 9857 1401 3286 9858 1399 3286 9859 1395 3286 9860 1402 3287 9861 1398 3287 9862 1396 3287 9863 1403 3288 9864 1404 3288 9865 1406 3288 9866 1405 3289 9867 1406 3289 9868 1410 3289 9869 1410 3290 9870 1408 3290 9871 1407 3290 9872 1408 3291 9873 1404 3291 9874 1403 3291 9875 1409 3292 9876 1407 3292 9877 1403 3292 9878 1406 3293 9879 1404 3293 9880 1408 3293 9881 1417 3294 9882 1415 3294 9883 1416 3294 9884 1416 3295 9885 1415 3295 9886 1411 3295 9887 1411 3296 9888 1413 3296 9889 1414 3296 9890 1414 3297 9891 1413 3297 9892 1417 3297 9893 1412 3298 9894 1414 3298 9895 1418 3298 9896 1411 3299 9897 1415 3299 9898 1417 3299 9899 1419 3300 9900 1420 3300 9901 1422 3300 9902 1421 3301 9903 1422 3301 9904 1426 3301 9905 1426 3302 9906 1424 3302 9907 1423 3302 9908 1424 3303 9909 1420 3303 9910 1419 3303 9911 1425 3304 9912 1423 3304 9913 1419 3304 9914 1422 3305 9915 1420 3305 9916 1424 3305 9917 1498 3414 10242 1502 3414 10243 1500 3414 10244 1503 3415 10245 1499 3415 10246 1497 3415 10247 1503 3416 10248 1502 3416 10249 1498 3416 10250 1497 3417 10251 1499 3417 10252 1498 3417 10253 1497 3418 10254 1496 3418 10255 1500 3418 10256 1511 3445 10335 1515 3445 10336 1513 3445 10337 1516 3446 10338 1512 3446 10339 1510 3446 10340 1516 3447 10341 1515 3447 10342 1511 3447 10343 1510 3448 10344 1512 3448 10345 1511 3448 10346 1510 3449 10347 1509 3449 10348 1513 3449 10349</p>
        </triangles>
        <triangles material="darkgray-material" count="654">
          <input semantic="VERTEX" source="#Cube_002-mesh-vertices" offset="0"/>
          <input semantic="NORMAL" source="#Cube_002-mesh-normals" offset="1"/>
          <input semantic="TEXCOORD" source="#Cube_002-mesh-map-0" offset="2" set="0"/>
          <p>147 149 447 240 149 448 239 149 449 171 150 450 147 150 451 175 150 452 123 151 453 130 151 454 157 151 455 209 152 456 235 152 457 234 152 458 221 153 459 131 153 460 149 153 461 201 154 462 240 154 463 177 154 464 149 155 465 233 155 466 221 155 467 158 156 468 147 156 469 124 156 470 213 157 471 130 157 472 209 157 473 146 173 519 168 173 520 176 173 521 220 174 522 175 174 523 228 174 524 158 202 606 201 202 607 177 202 608 209 208 624 237 208 625 201 208 626 242 211 633 232 211 634 241 211 635 132 217 651 228 217 652 148 217 653 235 218 654 146 218 655 236 218 656 176 219 657 224 219 658 221 219 659 148 220 660 238 220 661 1550 220 662 213 227 681 201 227 682 205 227 683 228 228 684 239 228 685 238 228 686 221 229 687 236 229 688 176 229 689 246 230 690 247 230 691 242 230 692 244 231 693 245 231 694 243 231 695 234 232 696 236 232 697 233 232 698 237 233 699 239 233 700 240 233 701 1133 234 702 243 234 703 245 234 704 1581 235 705 242 235 706 241 235 707 247 250 750 243 250 751 242 250 752 148 257 771 1535 257 772 1640 257 773 1770 258 774 241 258 775 1566 258 776 1565 261 783 755 261 784 1566 261 785 494 263 789 1565 263 790 1820 263 791 503 406 1218 440 406 1219 409 406 1220 433 407 1221 409 407 1222 389 407 1223 395 408 1224 388 408 1225 419 408 1226 472 409 1227 498 409 1228 395 409 1229 483 410 1230 748 410 1231 486 410 1232 503 411 1233 464 411 1234 440 411 1235 496 412 1236 1115 412 1237 483 412 1238 409 413 1239 420 413 1240 389 413 1241 476 414 1242 395 414 1243 419 414 1244 408 430 1290 430 430 1291 388 430 1292 482 431 1293 437 431 1294 433 431 1295 420 456 1368 464 456 1369 468 456 1370 500 462 1386 472 462 1387 464 462 1388 506 465 1395 495 465 1396 507 465 1397 396 471 1413 490 471 1414 482 471 1415 499 472 1416 408 472 1417 498 472 1418 438 473 1419 486 473 1420 430 473 1421 1783 474 1422 490 474 1423 410 474 1424 464 481 1443 476 481 1444 468 481 1445 490 482 1446 502 482 1447 437 482 1448 499 483 1449 483 483 1450 438 483 1451 510 484 1452 506 484 1453 511 484 1454 508 485 1455 507 485 1456 509 485 1457 499 486 1458 497 486 1459 496 486 1460 500 487 1461 502 487 1462 501 487 1463 507 488 1464 1776 488 1465 509 488 1466 1782 489 1467 506 489 1468 510 489 1469 507 501 1503 511 501 1504 506 501 1505 1809 507 1521 410 507 1522 1541 507 1523 1683 508 1524 978 508 1525 1701 508 1526 1810 509 1527 505 509 1528 1782 509 1529 991 512 1536 1578 512 1537 1582 512 1538 1578 514 1542 1773 514 1543 1579 514 1544 1811 518 1554 1810 518 1555 1812 518 1556 723 644 1932 660 644 1933 630 644 1934 654 645 1935 630 645 1936 258 645 1937 159 646 1938 259 646 1939 640 646 1940 692 647 1941 718 647 1942 159 647 1943 704 648 1944 138 648 1945 707 648 1946 723 649 1947 684 649 1948 660 649 1949 716 650 1950 632 650 1951 704 650 1952 630 651 1953 641 651 1954 258 651 1955 696 652 1956 159 652 1957 640 652 1958 629 668 2004 650 668 2005 259 668 2006 703 669 2007 658 669 2008 654 669 2009 641 697 2091 684 697 2092 688 697 2093 720 703 2109 692 703 2110 684 703 2111 725 706 2118 715 706 2119 726 706 2120 615 712 2136 711 712 2137 703 712 2138 719 713 2139 629 713 2140 718 713 2141 659 714 2142 707 714 2143 650 714 2144 631 715 2145 721 715 2146 711 715 2147 684 722 2166 696 722 2167 688 722 2168 711 723 2169 722 723 2170 658 723 2171 719 724 2172 704 724 2173 659 724 2174 729 725 2175 725 725 2176 730 725 2177 727 726 2178 726 726 2179 728 726 2180 719 727 2181 717 727 2182 716 727 2183 720 728 2184 722 728 2185 721 728 2186 726 729 2187 1778 729 2188 728 729 2189 1771 730 2190 725 730 2191 729 730 2192 726 746 2238 730 746 2239 725 746 2240 1641 753 2259 1752 753 2260 631 753 2261 1742 754 2262 1643 754 2263 1748 754 2264 1825 755 2265 724 755 2266 1771 755 2267 755 758 2274 1114 758 2275 1116 758 2276 1114 760 2280 494 760 2281 1754 760 2282 131 766 2298 1115 766 2299 149 766 2300 411 862 2586 977 862 2587 1654 862 2588 859 889 2667 953 889 2668 952 889 2669 883 890 2670 859 890 2671 887 890 2672 836 891 2673 843 891 2674 868 891 2675 922 892 2676 948 892 2677 947 892 2678 933 893 2679 133 893 2680 616 893 2681 914 894 2682 953 894 2683 890 894 2684 616 895 2685 946 895 2686 933 895 2687 869 896 2688 859 896 2689 837 896 2690 926 897 2691 843 897 2692 922 897 2693 858 913 2739 879 913 2740 888 913 2741 932 914 2742 887 914 2743 940 914 2744 869 939 2817 914 939 2818 890 939 2819 922 945 2835 950 945 2836 914 945 2837 956 948 2844 945 948 2845 955 948 2846 845 954 2862 940 954 2863 860 954 2864 948 955 2865 858 955 2866 949 955 2867 888 956 2868 936 956 2869 933 956 2870 940 957 2871 889 957 2872 860 957 2873 926 964 2892 914 964 2893 918 964 2894 940 965 2895 952 965 2896 951 965 2897 933 966 2898 949 966 2899 888 966 2900 960 967 2901 961 967 2902 956 967 2903 958 968 2904 959 968 2905 957 968 2906 947 969 2907 949 969 2908 946 969 2909 950 970 2910 952 970 2911 953 970 2912 1574 971 2913 957 971 2914 959 971 2915 954 972 2916 956 972 2917 955 972 2918 961 984 2952 957 984 2953 956 984 2954 860 990 2970 1613 990 2971 1132 990 2972 1695 991 2973 1652 991 2974 1710 991 2975 1618 992 2976 955 992 2977 1627 992 2978 1128 995 2985 991 995 2986 1134 995 2987 504 997 2991 989 997 2992 1128 997 2993 1621 1003 3009 981 1003 3010 1609 1003 3011 1571 1174 3522 1130 1174 3523 1121 1174 3524 1556 1177 3531 1580 1177 3532 1557 1177 3533 504 1179 3537 1617 1179 3538 1815 1179 3539 1617 1180 3540 1134 1180 3541 1627 1180 3542 1129 1182 3546 991 1182 3547 1806 1182 3548 1652 1183 3549 1708 1183 3550 1710 1183 3551 1606 1195 3585 1754 1195 3586 1650 1195 3587 1116 1196 3588 1606 1196 3589 1625 1196 3590 755 1198 3594 1788 1198 3595 1598 1198 3596 1558 1199 3597 1748 1199 3598 1643 1199 3599 1597 1590 4770 1517 1590 4771 1642 1590 4772 1637 1591 4773 1519 1591 4774 1520 1591 4775 1523 1592 4776 1558 1592 4777 1522 1592 4778 1744 1593 4779 1519 1593 4780 1742 1593 4781 1743 1594 4782 1518 1594 4783 1745 1594 4784 149 1595 4785 1647 1595 4786 1524 1595 4787 632 1596 4788 133 1596 4789 138 1596 4790 1678 1597 4791 1130 1597 4792 1695 1597 4793 1550 1598 4794 1526 1598 4795 1626 1598 4796 246 1599 4797 1626 1599 4798 1526 1599 4799 245 1600 4800 424 1600 4801 1133 1600 4802 1527 1601 4803 988 1601 4804 424 1601 4805 233 1602 4806 1527 1602 4807 1528 1602 4808 1527 1603 4809 244 1603 4810 1528 1603 4811 1530 1604 4812 238 1604 4813 1531 1604 4814 1530 1605 4815 247 1605 4816 1526 1605 4817 244 1606 4818 1531 1606 4819 1529 1606 4820 237 1607 4821 1529 1607 4822 1531 1607 4823 1535 1608 4824 1758 1608 4825 1640 1608 4826 944 1609 4827 873 1609 4828 1650 1609 4829 1808 1610 4830 1785 1610 4831 1580 1610 4832 1532 1611 4833 1783 1611 4834 1807 1611 4835 510 1612 4836 1807 1612 4837 1782 1612 4838 509 1613 4839 1772 1613 4840 1534 1613 4841 1777 1614 4842 1534 1614 4843 1772 1614 4844 1536 1615 4845 496 1615 4846 1537 1615 4847 508 1616 4848 1534 1616 4849 1536 1616 4850 501 1617 4851 1532 1617 4852 1539 1617 4853 511 1618 4854 1539 1618 4855 1532 1618 4856 511 1619 4857 1537 1619 4858 1538 1619 4859 497 1620 4860 1538 1620 4861 1537 1620 4862 1782 1621 4863 1812 1621 4864 1810 1621 4865 1647 1622 4866 990 1622 4867 1796 1622 4868 1646 1623 4869 1817 1623 4870 1814 1623 4871 1542 1624 4872 1752 1624 4873 1789 1624 4874 1789 1625 4875 729 1625 4876 1542 1625 4877 728 1626 4878 1775 1626 4879 1543 1626 4880 1779 1627 4881 1543 1627 4882 1775 1627 4883 1544 1628 4884 716 1628 4885 1545 1628 4886 727 1629 4887 728 1629 4888 1543 1629 4889 721 1630 4890 1542 1630 4891 1546 1630 4892 730 1631 4893 1547 1631 4894 1546 1631 4895 727 1632 4896 1547 1632 4897 730 1632 4898 720 1633 4899 1545 1633 4900 717 1633 4901 1639 1634 4902 1760 1634 4903 1766 1634 4904 1789 1635 4905 1824 1635 4906 1827 1635 4907 1823 1636 4908 1825 1636 4909 1826 1636 4910 889 1637 4911 1549 1637 4912 1548 1637 4913 960 1638 4914 1548 1638 4915 1549 1638 4916 439 1639 4917 959 1639 4918 1551 1639 4919 1551 1640 4920 1540 1640 4921 439 1640 4922 946 1641 4923 1552 1641 4924 1553 1641 4925 1551 1642 4926 958 1642 4927 1552 1642 4928 951 1643 4929 1555 1643 4930 1554 1643 4931 1554 1644 4932 961 1644 4933 1549 1644 4934 958 1645 4935 1555 1645 4936 1553 1645 4937 947 1646 4938 1555 1646 4939 950 1646 4940 1774 1647 4941 1790 1647 4942 944 1647 4943 1556 1648 4944 1618 1648 4945 1129 1648 4946 1533 1649 4947 990 1649 4948 1579 1649 4949 148 1650 4950 1750 1650 4951 1743 1650 4952 1649 1651 4953 1816 1651 4954 1795 1651 4955 1806 1652 4956 1556 1652 4957 1129 1652 4958 1557 1653 4959 1804 1653 4960 1768 1653 4961 873 1654 4962 1521 1654 4963 1651 1654 4964 1535 1655 4965 1626 1655 4966 1755 1655 4967 1778 1656 4968 873 1656 4969 1775 1656 4970 1651 1657 4971 1775 1657 4972 873 1657 4973 1776 1658 4974 990 1658 4975 1772 1658 4976 1809 1659 4977 1784 1659 4978 1812 1659 4979 1541 1660 4980 1799 1660 4981 1784 1660 4982 1581 1661 4983 1755 1661 4984 1626 1661 4985 494 1662 4986 1774 1662 4987 1754 1662 4988 1525 1663 4989 1759 1663 4990 1753 1663 4991 1523 1664 4992 1642 1664 4993 1599 1664 4994 411 1665 4995 1652 1665 4996 1571 1665 4997 1115 1680 5040 1780 1680 5041 1647 1680 5042 495 1682 5046 1579 1682 5047 1776 1682 5048 505 1683 5049 1578 1683 5050 495 1683 5051 1806 1685 5055 1582 1685 5056 1810 1685 5057 977 1686 5058 1708 1686 5059 1654 1686 5060 149 1696 5088 1819 1696 5089 988 1696 5090 1820 1698 5094 232 1698 5095 1133 1698 5096 241 1699 5097 1565 1699 5098 1566 1699 5099 1598 1701 5103 1566 1701 5104 755 1701 5105 1750 1702 5106 1517 1702 5107 1743 1702 5108 1558 1703 5109 1751 1703 5110 1749 1703 5111 1753 1705 5115 1755 1705 5116 1770 1705 5117 1822 1706 5118 1524 1706 5119 1792 1706 5120 1780 1707 5121 1772 1707 5122 990 1707 5123 1613 1708 5124 1769 1708 5125 1132 1708 5126 1824 1709 5127 1756 1709 5128 1827 1709 5129 1818 1710 5130 1820 1710 5131 1821 1710 5132 1522 1711 5133 1643 1711 5134 1637 1711 5135 724 1713 5139 1606 1713 5140 715 1713 5141 715 1714 5142 1650 1714 5143 1778 1714 5144 632 1716 5148 1651 1716 5149 1521 1716 5150 632 1719 5157 1646 1719 5158 616 1719 5159 955 1727 5181 1617 1727 5182 1627 1727 5183 1815 1728 5184 945 1728 5185 1574 1728 5186 1646 1730 5190 1540 1730 5191 616 1730 5192 844 1745 5235 1609 1745 5236 977 1745 5237 1129 1746 5238 1627 1746 5239 1134 1746 5240 1609 1747 5241 1709 1747 5242 977 1747 5243 1711 1749 5247 981 1749 5248 1683 1749 5249 1788 1750 5250 1625 1750 5251 1825 1750 5252 1708 1751 5253 1799 1751 5254 1710 1751 5255 1642 1752 5256 1751 1752 5257 1599 1752 5258 1826 1754 5262 1639 1754 5263 1823 1754 5264 1826 1755 5265 1825 1755 5266 1827 1755 5267 1823 1756 5268 1638 1756 5269 1525 1756 5270 1771 1757 5271 1827 1757 5272 1825 1757 5273 1818 1758 5274 1645 1758 5275 1774 1758 5276 1791 1759 5277 1646 1759 5278 1521 1759 5279 1821 1760 5280 1644 1760 5281 1818 1760 5282 1774 1761 5283 1650 1761 5284 1754 1761 5285 1813 1762 5286 1815 1762 5287 1816 1762 5288 439 1763 5289 1814 1763 5290 1817 1763 5291 1792 1764 5292 1647 1764 5293 1796 1764 5294 1645 1765 5295 1648 1765 5296 1649 1765 5297 1793 1766 5298 1648 1766 5299 1644 1766 5300 1790 1767 5301 1649 1767 5302 1795 1767 5303 1648 1768 5304 1813 1768 5305 1649 1768 5306 504 1769 5307 1781 1769 5308 1773 1769 5309 1781 1770 5310 1579 1770 5311 1773 1770 5312 1807 1771 5313 1809 1771 5314 1812 1771 5315 1761 1773 5319 1749 1773 5320 1767 1773 5321 1641 1774 5322 1761 1774 5323 1756 1774 5324 1797 1775 5325 1781 1775 5326 1648 1775 5327 1709 1776 5328 1800 1776 5329 1708 1776 5330 1580 1777 5331 1798 1777 5332 1801 1777 5333 1132 1778 5334 1683 1778 5335 860 1778 5336 1132 1781 5343 1805 1781 5344 1711 1781 5345 396 1782 5346 1695 1782 5347 410 1782 5348 410 1795 5385 1710 1795 5386 1541 1795 5387 860 1812 5436 1701 1812 5437 845 1812 5438 1580 1826 5478 1803 1826 5479 1557 1826 5480 1709 1827 5481 1805 1827 5482 1802 1827 5483 1640 1828 5484 1763 1828 5485 1750 1828 5486 1638 1829 5487 1762 1829 5488 1759 1829 5489 148 1831 5493 1745 1831 5494 132 1831 5495 615 1832 5496 1742 1832 5497 631 1832 5498 1641 1845 5535 1742 1845 5536 1748 1845 5537 1749 1875 5625 1765 1875 5626 1767 1875 5627 1638 1876 5628 1766 1876 5629 1764 1876 5630 1751 1877 5631 1763 1877 5632 1765 1877 5633 424 1878 5634 1819 1878 5635 1822 1878 5636 1525 1879 5637 1770 1879 5638 1598 1879 5639 1758 1880 5640 1762 1880 5641 1763 1880 5642 1757 1881 5643 1827 1881 5644 1756 1881 5645 1759 1882 5646 1755 1882 5647 1753 1882 5648 1765 1883 5649 1762 1883 5650 1764 1883 5651 1765 1884 5652 1766 1884 5653 1767 1884 5654 1767 1885 5655 1760 1885 5656 1761 1885 5657 1756 1886 5658 1760 1886 5659 1757 1886 5660 1788 1887 5661 1525 1887 5662 1598 1887 5663 1574 1888 5664 1817 1888 5665 1815 1888 5666 1816 1889 5667 1815 1889 5668 1817 1889 5669 1133 1890 5670 1822 1890 5671 1820 1890 5672 1808 1891 5673 1810 1891 5674 1811 1891 5675 1821 1892 5676 1820 1892 5677 1822 1892 5678 1794 1893 5679 1816 1893 5680 1817 1893 5681 1792 1894 5682 1821 1894 5683 1822 1894 5684 1787 1895 5685 1768 1895 5686 1769 1895 5687 1785 1896 5688 1812 1896 5689 1784 1896 5690 1769 1897 5691 1804 1897 5692 1805 1897 5693 1792 1898 5694 1797 1898 5695 1793 1898 5696 944 1899 5697 1791 1899 5698 873 1899 5699 1791 1900 5700 1795 1900 5701 1794 1900 5702 1533 1901 5703 1796 1901 5704 990 1901 5705 1800 1902 5706 1798 1902 5707 1799 1902 5708 1802 1903 5709 1801 1903 5710 1800 1903 5711 1802 1904 5712 1804 1904 5713 1803 1904 5714 1784 1905 5715 1798 1905 5716 1785 1905 5717 1556 1906 5718 1768 1906 5719 1786 1906 5720 1613 1907 5721 1548 1907 5722 1787 1907 5723 954 1908 5724 1787 1908 5725 1548 1908 5726 1786 1909 5727 1787 1909 5728 1618 1909 5729 239 2074 6222 175 2074 6223 147 2074 6224 147 2075 6225 177 2075 6226 240 2075 6227 171 2076 6228 124 2076 6229 147 2076 6230 123 2077 6231 146 2077 6232 130 2077 6233 209 2078 6234 130 2078 6235 235 2078 6236 221 2079 6237 224 2079 6238 131 2079 6239 201 2080 6240 237 2080 6241 240 2080 6242 149 2081 6243 988 2081 6244 233 2081 6245 158 2082 6246 177 2082 6247 147 2082 6248 213 2083 6249 157 2083 6250 130 2083 6251 146 2099 6297 123 2099 6298 168 2099 6299 220 2100 6300 171 2100 6301 175 2100 6302 158 2127 6381 205 2127 6382 201 2127 6383 209 2133 6399 234 2133 6400 237 2133 6401 242 2136 6408 243 2136 6409 232 2136 6410 132 2142 6426 220 2142 6427 228 2142 6428 130 2143 6429 146 2143 6430 235 2143 6431 146 2144 6432 176 2144 6433 236 2144 6434 176 2145 6435 168 2145 6436 224 2145 6437 148 2146 6438 228 2146 6439 238 2146 6440 213 2153 6459 209 2153 6460 201 2153 6461 228 2154 6462 175 2154 6463 239 2154 6464 221 2155 6465 233 2155 6466 236 2155 6467 234 2156 6468 235 2156 6469 236 2156 6470 237 2157 6471 238 2157 6472 239 2157 6473 1133 2158 6474 232 2158 6475 243 2158 6476 1581 2159 6477 246 2159 6478 242 2159 6479 247 2174 6522 244 2174 6523 243 2174 6524 148 2181 6543 1550 2181 6544 1535 2181 6545 1770 2182 6546 1581 2182 6547 241 2182 6548 1565 2185 6555 754 2185 6556 755 2185 6557 494 2187 6561 754 2187 6562 1565 2187 6563 409 2301 6903 437 2301 6904 502 2301 6905 502 2302 6906 503 2302 6907 409 2302 6908 433 2303 6909 437 2303 6910 409 2303 6911 395 2304 6912 408 2304 6913 388 2304 6914 472 2305 6915 497 2305 6916 498 2305 6917 483 2306 6918 1115 2306 6919 748 2306 6920 503 2307 6921 500 2307 6922 464 2307 6923 496 2308 6924 1777 2308 6925 1115 2308 6926 409 2309 6927 440 2309 6928 420 2309 6929 476 2310 6930 472 2310 6931 395 2310 6932 408 2326 6978 438 2326 6979 430 2326 6980 482 2327 6981 490 2327 6982 437 2327 6983 420 2351 7053 440 2351 7054 464 2351 7055 500 2357 7071 497 2357 7072 472 2357 7073 506 2360 7080 505 2360 7081 495 2360 7082 396 2366 7098 410 2366 7099 490 2366 7100 438 2367 7101 408 2367 7102 499 2367 7103 408 2368 7104 395 2368 7105 498 2368 7106 438 2369 7107 483 2369 7108 486 2369 7109 1783 2370 7110 501 2370 7111 490 2370 7112 464 2377 7131 472 2377 7132 476 2377 7133 490 2378 7134 501 2378 7135 502 2378 7136 499 2379 7137 496 2379 7138 483 2379 7139 499 2380 7140 498 2380 7141 497 2380 7142 500 2381 7143 503 2381 7144 502 2381 7145 507 2382 7146 495 2382 7147 1776 2382 7148 1782 2383 7149 505 2383 7150 506 2383 7151 507 2395 7185 508 2395 7186 511 2395 7187 1809 2401 7203 1783 2401 7204 410 2401 7205 1683 2402 7206 981 2402 7207 978 2402 7208 1810 2403 7209 1582 2403 7210 505 2403 7211 991 2406 7218 989 2406 7219 1578 2406 7220 1578 2408 7224 989 2408 7225 1773 2408 7226 630 2504 7512 658 2504 7513 722 2504 7514 722 2505 7515 723 2505 7516 630 2505 7517 654 2506 7518 658 2506 7519 630 2506 7520 159 2507 7521 629 2507 7522 259 2507 7523 692 2508 7524 717 2508 7525 718 2508 7526 704 2509 7527 632 2509 7528 138 2509 7529 723 2510 7530 720 2510 7531 684 2510 7532 716 2511 7533 1779 2511 7534 632 2511 7535 630 2512 7536 660 2512 7537 641 2512 7538 696 2513 7539 692 2513 7540 159 2513 7541 629 2529 7587 659 2529 7588 650 2529 7589 703 2530 7590 711 2530 7591 658 2530 7592 641 2557 7671 660 2557 7672 684 2557 7673 720 2563 7689 717 2563 7690 692 2563 7691 725 2566 7698 724 2566 7699 715 2566 7700 615 2572 7716 631 2572 7717 711 2572 7718 659 2573 7719 629 2573 7720 719 2573 7721 629 2574 7722 159 2574 7723 718 2574 7724 659 2575 7725 704 2575 7726 707 2575 7727 631 2576 7728 1752 2576 7729 721 2576 7730 684 2583 7749 692 2583 7750 696 2583 7751 711 2584 7752 721 2584 7753 722 2584 7754 719 2585 7755 716 2585 7756 704 2585 7757 719 2586 7758 718 2586 7759 717 2586 7760 720 2587 7761 723 2587 7762 722 2587 7763 726 2588 7764 715 2588 7765 1778 2588 7766 1771 2589 7767 724 2589 7768 725 2589 7769 726 2605 7815 727 2605 7816 730 2605 7817 1641 2612 7836 1824 2612 7837 1752 2612 7838 1742 2613 7839 1519 2613 7840 1643 2613 7841 1825 2614 7842 1625 2614 7843 724 2614 7844 755 2617 7851 754 2617 7852 1114 2617 7853 1114 2619 7857 754 2619 7858 494 2619 7859 131 2625 7875 748 2625 7876 1115 2625 7877 411 2689 8067 844 2689 8068 977 2689 8069 952 2715 8145 887 2715 8146 859 2715 8147 859 2716 8148 890 2716 8149 953 2716 8150 883 2717 8151 837 2717 8152 859 2717 8153 836 2718 8154 858 2718 8155 843 2718 8156 922 2719 8157 843 2719 8158 948 2719 8159 933 2720 8160 936 2720 8161 133 2720 8162 914 2721 8163 950 2721 8164 953 2721 8165 616 2722 8166 1540 2722 8167 946 2722 8168 869 2723 8169 890 2723 8170 859 2723 8171 926 2724 8172 868 2724 8173 843 2724 8174 858 2740 8220 836 2740 8221 879 2740 8222 932 2741 8223 883 2741 8224 887 2741 8225 869 2765 8295 918 2765 8296 914 2765 8297 922 2771 8313 947 2771 8314 950 2771 8315 956 2774 8322 957 2774 8323 945 2774 8324 845 2780 8340 932 2780 8341 940 2780 8342 843 2781 8343 858 2781 8344 948 2781 8345 858 2782 8346 888 2782 8347 949 2782 8348 888 2783 8349 879 2783 8350 936 2783 8351 940 2784 8352 951 2784 8353 889 2784 8354 926 2791 8373 922 2791 8374 914 2791 8375 940 2792 8376 887 2792 8377 952 2792 8378 933 2793 8379 946 2793 8380 949 2793 8381 947 2794 8382 948 2794 8383 949 2794 8384 950 2795 8385 951 2795 8386 952 2795 8387 1574 2796 8388 945 2796 8389 957 2796 8390 954 2797 8391 960 2797 8392 956 2797 8393 961 2809 8427 958 2809 8428 957 2809 8429 860 2815 8445 889 2815 8446 1613 2815 8447 1695 2816 8448 1130 2816 8449 1652 2816 8450 1618 2817 8451 954 2817 8452 955 2817 8453 1128 2820 8460 989 2820 8461 991 2820 8462 504 2822 8466 1773 2822 8467 989 2822 8468 1621 2828 8484 978 2828 8485 981 2828 8486 1571 2975 8925 1652 2975 8926 1130 2975 8927 1556 2978 8934 1808 2978 8935 1580 2978 8936 504 2980 8940 1128 2980 8941 1617 2980 8942 1617 2981 8943 1128 2981 8944 1134 2981 8945 1129 2983 8949 1134 2983 8950 991 2983 8951 1652 2984 8952 1654 2984 8953 1708 2984 8954 1606 2996 8988 1114 2996 8989 1754 2996 8990 1116 2997 8991 1114 2997 8992 1606 2997 8993 755 2999 8997 1116 2999 8998 1788 2999 8999 1558 3000 9000 1749 3000 9001 1748 3000 9002 1597 3451 10353 1518 3451 10354 1517 3451 10355 1637 3452 10356 1643 3452 10357 1519 3452 10358 1523 3453 10359 1599 3453 10360 1558 3453 10361 1744 3454 10362 1520 3454 10363 1519 3454 10364 1743 3455 10365 1517 3455 10366 1518 3455 10367 149 3456 10368 1115 3456 10369 1647 3456 10370 632 3457 10371 616 3457 10372 133 3457 10373 1678 3458 10374 1121 3458 10375 1130 3458 10376 1550 3459 10377 238 3459 10378 1526 3459 10379 246 3460 10380 1581 3460 10381 1626 3460 10382 245 3461 10383 1527 3461 10384 424 3461 10385 1527 3462 10386 233 3462 10387 988 3462 10388 1528 3463 10389 1529 3463 10390 233 3463 10391 1529 3464 10392 234 3464 10393 233 3464 10394 245 3465 10395 244 3465 10396 1527 3465 10397 244 3466 10398 1529 3466 10399 1528 3466 10400 1526 3467 10401 238 3467 10402 1530 3467 10403 238 3468 10404 237 3468 10405 1531 3468 10406 1530 3469 10407 1531 3469 10408 247 3469 10409 247 3470 10410 246 3470 10411 1526 3470 10412 244 3471 10413 247 3471 10414 1531 3471 10415 237 3472 10416 234 3472 10417 1529 3472 10418 1535 3473 10419 1755 3473 10420 1758 3473 10421 1808 3474 10422 1811 3474 10423 1785 3474 10424 1532 3475 10425 501 3475 10426 1783 3475 10427 510 3476 10428 1532 3476 10429 1807 3476 10430 509 3477 10431 1776 3477 10432 1772 3477 10433 1777 3478 10434 496 3478 10435 1534 3478 10436 1536 3479 10437 1534 3479 10438 496 3479 10439 496 3480 10440 497 3480 10441 1537 3480 10442 1536 3481 10443 1537 3481 10444 508 3481 10445 508 3482 10446 509 3482 10447 1534 3482 10448 1539 3483 10449 1538 3483 10450 501 3483 10451 1538 3484 10452 500 3484 10453 501 3484 10454 1532 3485 10455 510 3485 10456 511 3485 10457 511 3486 10458 1538 3486 10459 1539 3486 10460 511 3487 10461 508 3487 10462 1537 3487 10463 497 3488 10464 500 3488 10465 1538 3488 10466 1782 3489 10467 1807 3489 10468 1812 3489 10469 1647 3490 10470 1780 3490 10471 990 3490 10472 1646 3491 10473 1794 3491 10474 1817 3491 10475 1542 3492 10476 721 3492 10477 1752 3492 10478 1789 3493 10479 1771 3493 10480 729 3493 10481 728 3494 10482 1778 3494 10483 1775 3494 10484 1779 3495 10485 716 3495 10486 1543 3495 10487 1544 3496 10488 1543 3496 10489 716 3496 10490 716 3497 10491 717 3497 10492 1545 3497 10493 1543 3498 10494 1544 3498 10495 727 3498 10496 1544 3499 10497 1545 3499 10498 727 3499 10499 1546 3500 10500 1547 3500 10501 721 3500 10502 1547 3501 10503 720 3501 10504 721 3501 10505 1546 3502 10506 1542 3502 10507 730 3502 10508 1542 3503 10509 729 3503 10510 730 3503 10511 727 3504 10512 1545 3504 10513 1547 3504 10514 720 3505 10515 1547 3505 10516 1545 3505 10517 1639 3506 10518 1757 3506 10519 1760 3506 10520 1789 3507 10521 1752 3507 10522 1824 3507 10523 1823 3508 10524 1788 3508 10525 1825 3508 10526 889 3509 10527 951 3509 10528 1549 3509 10529 960 3510 10530 954 3510 10531 1548 3510 10532 439 3511 10533 1574 3511 10534 959 3511 10535 1551 3512 10536 946 3512 10537 1540 3512 10538 1553 3513 10539 947 3513 10540 946 3513 10541 946 3514 10542 1551 3514 10543 1552 3514 10544 959 3515 10545 958 3515 10546 1551 3515 10547 958 3516 10548 1553 3516 10549 1552 3516 10550 1554 3517 10551 1549 3517 10552 951 3517 10553 951 3518 10554 950 3518 10555 1555 3518 10556 1554 3519 10557 1555 3519 10558 961 3519 10559 961 3520 10560 960 3520 10561 1549 3520 10562 958 3521 10563 961 3521 10564 1555 3521 10565 947 3522 10566 1553 3522 10567 1555 3522 10568 1774 3523 10569 1645 3523 10570 1790 3523 10571 1556 3524 10572 1786 3524 10573 1618 3524 10574 148 3525 10575 1640 3525 10576 1750 3525 10577 1649 3526 10578 1813 3526 10579 1816 3526 10580 1806 3527 10581 1808 3527 10582 1556 3527 10583 1557 3528 10584 1803 3528 10585 1804 3528 10586 873 3529 10587 1791 3529 10588 1521 3529 10589 1535 3530 10590 1550 3530 10591 1626 3530 10592 1778 3531 10593 1650 3531 10594 873 3531 10595 1651 3532 10596 1779 3532 10597 1775 3532 10598 1776 3533 10599 1579 3533 10600 990 3533 10601 1809 3534 10602 1541 3534 10603 1784 3534 10604 1541 3535 10605 1710 3535 10606 1799 3535 10607 1581 3536 10608 1770 3536 10609 1755 3536 10610 494 3537 10611 1818 3537 10612 1774 3537 10613 1525 3538 10614 1638 3538 10615 1759 3538 10616 1523 3539 10617 1597 3539 10618 1642 3539 10619 411 3540 10620 1654 3540 10621 1652 3540 10622 1115 3555 10665 1777 3555 10666 1780 3555 10667 495 3557 10671 1578 3557 10672 1579 3557 10673 505 3558 10674 1582 3558 10675 1578 3558 10676 1806 3560 10680 991 3560 10681 1582 3560 10682 977 3561 10683 1709 3561 10684 1708 3561 10685 149 3571 10713 1524 3571 10714 1819 3571 10715 1820 3573 10719 1565 3573 10720 232 3573 10721 241 3574 10722 232 3574 10723 1565 3574 10724 1598 3576 10728 1770 3576 10729 1566 3576 10730 1750 3577 10731 1642 3577 10732 1517 3577 10733 1558 3578 10734 1599 3578 10735 1751 3578 10736 1822 3580 10740 1819 3580 10741 1524 3580 10742 1780 3581 10743 1777 3581 10744 1772 3581 10745 1613 3582 10746 1787 3582 10747 1769 3582 10748 1824 3583 10749 1641 3583 10750 1756 3583 10751 1818 3584 10752 494 3584 10753 1820 3584 10754 1522 3585 10755 1558 3585 10756 1643 3585 10757 724 3587 10761 1625 3587 10762 1606 3587 10763 715 3588 10764 1606 3588 10765 1650 3588 10766 632 3590 10770 1779 3590 10771 1651 3590 10772 632 3593 10779 1521 3593 10780 1646 3593 10781 955 3601 10803 945 3601 10804 1617 3601 10805 1815 3602 10806 1617 3602 10807 945 3602 10808 1646 3604 10812 1814 3604 10813 1540 3604 10814 844 3619 10857 1621 3619 10858 1609 3619 10859 1129 3620 10860 1618 3620 10861 1627 3620 10862 1609 3621 10863 1711 3621 10864 1709 3621 10865 1711 3623 10869 1609 3623 10870 981 3623 10871 1788 3624 10872 1116 3624 10873 1625 3624 10874 1708 3625 10875 1800 3625 10876 1799 3625 10877 1642 3626 10878 1750 3626 10879 1751 3626 10880 1826 3628 10884 1757 3628 10885 1639 3628 10886 1823 3629 10887 1639 3629 10888 1638 3629 10889 1771 3630 10890 1789 3630 10891 1827 3630 10892 1818 3631 10893 1644 3631 10894 1645 3631 10895 1791 3632 10896 1794 3632 10897 1646 3632 10898 1821 3633 10899 1793 3633 10900 1644 3633 10901 1774 3634 10902 944 3634 10903 1650 3634 10904 1813 3635 10905 504 3635 10906 1815 3635 10907 439 3636 10908 1540 3636 10909 1814 3636 10910 1792 3637 10911 1524 3637 10912 1647 3637 10913 1645 3638 10914 1644 3638 10915 1648 3638 10916 1793 3639 10917 1797 3639 10918 1648 3639 10919 1790 3640 10920 1645 3640 10921 1649 3640 10922 1648 3641 10923 1781 3641 10924 1813 3641 10925 504 3642 10926 1813 3642 10927 1781 3642 10928 1781 3643 10929 1533 3643 10930 1579 3643 10931 1807 3644 10932 1783 3644 10933 1809 3644 10934 1761 3646 10938 1748 3646 10939 1749 3646 10940 1641 3647 10941 1748 3647 10942 1761 3647 10943 1797 3648 10944 1533 3648 10945 1781 3648 10946 1709 3649 10947 1802 3649 10948 1800 3649 10949 1580 3650 10950 1785 3650 10951 1798 3650 10952 1132 3651 10953 1711 3651 10954 1683 3651 10955 1132 3654 10962 1769 3654 10963 1805 3654 10964 396 3655 10965 1678 3655 10966 1695 3655 10967 410 3668 11004 1695 3668 11005 1710 3668 11006 860 3685 11055 1683 3685 11056 1701 3685 11057 1580 3699 11097 1801 3699 11098 1803 3699 11099 1709 3700 11100 1711 3700 11101 1805 3700 11102 1640 3701 11103 1758 3701 11104 1763 3701 11105 1638 3702 11106 1764 3702 11107 1762 3702 11108 148 3704 11112 1743 3704 11113 1745 3704 11114 615 3705 11115 1744 3705 11116 1742 3705 11117 1641 3718 11154 631 3718 11155 1742 3718 11156 1749 3748 11244 1751 3748 11245 1765 3748 11246 1638 3749 11247 1639 3749 11248 1766 3749 11249 1751 3750 11250 1750 3750 11251 1763 3750 11252 424 3751 11253 988 3751 11254 1819 3751 11255 1525 3752 11256 1753 3752 11257 1770 3752 11258 1758 3753 11259 1759 3753 11260 1762 3753 11261 1757 3754 11262 1826 3754 11263 1827 3754 11264 1759 3755 11265 1758 3755 11266 1755 3755 11267 1765 3756 11268 1763 3756 11269 1762 3756 11270 1765 3757 11271 1764 3757 11272 1766 3757 11273 1767 3758 11274 1766 3758 11275 1760 3758 11276 1756 3759 11277 1761 3759 11278 1760 3759 11279 1788 3760 11280 1823 3760 11281 1525 3760 11282 1574 3761 11283 439 3761 11284 1817 3761 11285 1133 3762 11286 424 3762 11287 1822 3762 11288 1808 3763 11289 1806 3763 11290 1810 3763 11291 1794 3764 11292 1795 3764 11293 1816 3764 11294 1792 3765 11295 1793 3765 11296 1821 3765 11297 1787 3766 11298 1786 3766 11299 1768 3766 11300 1785 3767 11301 1811 3767 11302 1812 3767 11303 1769 3768 11304 1768 3768 11305 1804 3768 11306 1792 3769 11307 1796 3769 11308 1797 3769 11309 944 3770 11310 1790 3770 11311 1791 3770 11312 1791 3771 11313 1790 3771 11314 1795 3771 11315 1533 3772 11316 1797 3772 11317 1796 3772 11318 1800 3773 11319 1801 3773 11320 1798 3773 11321 1802 3774 11322 1803 3774 11323 1801 3774 11324 1802 3775 11325 1805 3775 11326 1804 3775 11327 1784 3776 11328 1799 3776 11329 1798 3776 11330 1556 3777 11331 1557 3777 11332 1768 3777 11333 1613 3778 11334 889 3778 11335 1548 3778 11336 954 3779 11337 1618 3779 11338 1787 3779 11339</p>
        </triangles>
      </mesh>
    </geometry>
  </library_geometries>
  <library_visual_scenes>
    <visual_scene id="Scene" name="Scene">
      <node id="Cube_001" name="Cube.001" type="NODE">
        <matrix sid="transform">1 0 0 0 0 1 0 0 0 0 1 0 0 0 0 1</matrix>
        <instance_geometry url="#Cube_002-mesh" name="Cube.001">
          <bind_material>
            <technique_common>
              <instance_material symbol="paintable-0-material" target="#paintable-0-material">
                <bind_vertex_input semantic="UVMap" input_semantic="TEXCOORD" input_set="0"/>
              </instance_material>
              <instance_material symbol="paintable-1-material" target="#paintable-1-material">
                <bind_vertex_input semantic="UVMap" input_semantic="TEXCOORD" input_set="0"/>
              </instance_material>
              <instance_material symbol="lightgray-material" target="#lightgray-material">
                <bind_vertex_input semantic="UVMap" input_semantic="TEXCOORD" input_set="0"/>
              </instance_material>
              <instance_material symbol="darkgray-material" target="#darkgray-material">
                <bind_vertex_input semantic="UVMap" input_semantic="TEXCOORD" input_set="0"/>
              </instance_material>
            </technique_common>
          </bind_material>
        </instance_geometry>
      </node>
    </visual_scene>
  </library_visual_scenes>
  <scene>
    <instance_visual_scene url="#Scene"/>
  </scene>
</COLLADA>