<?xml version="1.0" encoding="utf-8"?>
<COLLADA xmlns="http://www.collada.org/2005/11/COLLADASchema" version="1.4.1" xmlns:xsi="http://www.w3.org/2001/XMLSchema-instance">
  <asset>
    <contributor>
      <author>Blender User</author>
      <authoring_tool>Blender 4.2.23 LTS commit date:2026-07-20, commit time:13:44, hash:d0cbe84903e8</authoring_tool>
    </contributor>
    <created>2026-07-23T15:24:47</created>
    <modified>2026-07-23T15:24:47</modified>
    <unit name="meter" meter="1"/>
    <up_axis>Z_UP</up_axis>
  </asset>
  <library_effects>
    <effect id="paintable-0-effect">
      <profile_COMMON>
        <technique sid="common">
          <lambert>
            <emission>
              <color sid="emission">0 0 0 1</color>
            </emission>
            <diffuse>
              <color sid="diffuse">1 0.4969335 0 1</color>
            </diffuse>
            <index_of_refraction>
              <float sid="ior">1.45</float>
            </index_of_refraction>
          </lambert>
        </technique>
      </profile_COMMON>
    </effect>
    <effect id="paintable-1-effect">
      <profile_COMMON>
        <technique sid="common">
          <lambert>
            <emission>
              <color sid="emission">0 0 0 1</color>
            </emission>
            <diffuse>
              <color sid="diffuse">0.6104922 0.4910214 0 1</color>
            </diffuse>
            <index_of_refraction>
              <float sid="ior">1.5</float>
            </index_of_refraction>
          </lambert>
        </technique>
      </profile_COMMON>
    </effect>
    <effect id="lightgrey-effect">
      <profile_COMMON>
        <technique sid="common">
          <lambert>
            <emission>
              <color sid="emission">0 0 0 1</color>
            </emission>
            <diffuse>
              <color sid="diffuse">0.7835327 0.7835385 0.7835382 1</color>
            </diffuse>
            <index_of_refraction>
              <float sid="ior">1.5</float>
            </index_of_refraction>
          </lambert>
        </technique>
      </profile_COMMON>
    </effect>
    <effect id="darkgrey-effect">
      <profile_COMMON>
        <technique sid="common">
          <lambert>
            <emission>
              <color sid="emission">0 0 0 1</color>
            </emission>
            <diffuse>
              <color sid="diffuse">0.3371614 0.3371639 0.3371637 1</color>
            </diffuse>
            <index_of_refraction>
              <float sid="ior">1.5</float>
            </index_of_refraction>
          </lambert>
        </technique>
      </profile_COMMON>
    </effect>
  </library_effects>
  <library_images/>
  <library_materials>
    <material id="paintable-0-material" name="paintable-0">
      <instance_effect url="#paintable-0-effect"/>
    </material>
    <material id="paintable-1-material" name="paintable-1">
      <instance_effect url="#paintable-1-effect"/>
    </material>
    <material id="lightgrey-material" name="lightgrey">
      <instance_effect url="#lightgrey-effect"/>
    </material>
    <material id="darkgrey-material" name="darkgrey">
      <instance_effect url="#darkgrey-effect"/>
    </material>
  </library_materials>
  <library_geometries>
    <geometry id="Cube-mesh" name="Cube">
      <mesh>
        <source id="Cube-mesh-positions">
          <float_array id="Cube-mesh-positions-array" count="2199">-0.08499997 -0.08499997 -0.125 -0.125 -0.08500003 -0.125 -0.06999993 -0.125 0.1549999 0.105 0.125 0.165 0.05499994 -0.06499999 -0.125 0.06499999 -0.055 -0.125 0.06499999 -0.06 -0.125 0.05999994 -0.06499999 -0.125 0.06499999 -0.06999999 -0.125 0.06999999 -0.06499999 -0.125 0.06499999 0.055 -0.125 0.05499994 0.06499999 -0.125 0.05999994 0.06499999 -0.125 0.06499999 0.06 -0.125 0.06999999 0.06499999 -0.125 0.06499999 0.06999999 -0.125 -0.055 0.06499999 -0.125 -0.06499999 0.055 -0.125 -0.06499999 0.06 -0.125 -0.06 0.06499999 -0.125 -0.06499999 0.06999999 -0.125 -0.06999999 0.06499999 -0.125 -0.06499999 -0.05499994 -0.125 -0.055 -0.06499993 -0.125 -0.06 -0.06499993 -0.125 -0.06499999 -0.05999994 -0.125 -0.06999999 -0.06499993 -0.125 -0.06499999 -0.06999999 -0.125 0.06499999 -0.055 -0.12 0.05499994 -0.06499999 -0.12 0.05499994 0.06499999 -0.12 0.06499999 0.055 -0.12 -0.06499999 0.055 -0.12 -0.055 0.06499999 -0.12 -0.055 -0.06499993 -0.12 -0.06499999 -0.05499994 -0.12 0.05999994 -0.06499999 -0.105 0.06499999 -0.06 -0.105 0.06499999 -0.06999999 -0.105 0.06999999 -0.06499999 -0.105 0.06499999 0.06 -0.105 0.05999994 0.06499999 -0.105 0.06999999 0.06499999 -0.105 0.06499999 0.06999999 -0.105 -0.06 0.06499999 -0.105 -0.06499999 0.06 -0.105 -0.06499999 0.06999999 -0.105 -0.06999999 0.06499999 -0.105 -0.06499999 -0.05999994 -0.105 -0.06 -0.06499993 -0.105 -0.06999999 -0.06499993 -0.105 -0.06499999 -0.06999999 -0.105 0.125 -0.08499997 0.3549999 0.1079289 -0.115 0.3549999 0.115 -0.1079289 0.3549999 0.125 -0.125 0.3549999 0.125 -0.125 0.335 0.08499997 -0.125 0.3549999 0.115 0.08500003 0.1649999 0.08499997 -0.105 0.3549999 0.1079289 -0.115 0.3649999 0.1008579 -0.1079289 0.3649999 0.125 -0.125 0.3449999 0.115 -0.08499997 -0.105 0.08499997 -0.125 0.3449999 0.125 -0.08499997 0.3449999 0.125 0.125 0.155 0.05499994 0.08500003 0.1449999 -0.125 0.125 -0.105 -0.125 -0.125 -0.105 -0.115 0.08499997 -0.105 -0.08499997 0.115 -0.105 -0.055 0.08499997 -0.05499994 -0.08499997 0.055 -0.05499994 -0.08499997 -0.115 -0.105 -0.115 -0.08499997 -0.105 -0.08499997 -0.05499994 -0.05499994 -0.05499994 -0.08499997 -0.05499994 -0.105 0.125 -0.05499994 -0.105 0.125 -0.04499995 -0.105 -0.125 -0.05499994 -0.08499997 -0.125 -0.105 -0.05499994 -0.125 -0.05499994 -0.055 0.125 -0.05499994 -0.08499997 0.125 -0.105 -0.055 0.125 -0.04499995 -0.05499994 -0.125 -0.04499995 -0.105 -0.125 -0.04499995 -0.08499997 0.055 -0.04499995 -0.08499997 -0.05499994 -0.04499995 -0.05499994 -0.08499997 -0.04499995 -0.055 0.08499997 -0.04499995 0.08499997 -0.125 -0.125 -0.125 -0.08499997 -0.105 -0.125 0.08499997 -0.105 -0.125 0.125 -0.125 -0.125 -0.125 -0.125 -0.08499997 -0.125 -0.125 -0.08499997 0.125 -0.125 -0.105 0.055 -0.05499994 -0.105 -0.05499994 -0.05499994 -0.105 -0.05499994 -0.04499995 -0.105 0.055 -0.04499995 0.08499997 0.125 -0.125 -0.125 0.08499997 -0.125 -0.08499997 0.08499997 -0.125 0.125 0.08499997 0.3449999 0.125 0.125 0.3449999 -0.1008578 0.1079289 0.3549999 -0.08499997 0.07257354 0.375 -0.115 -0.1079289 0.3649998 -0.06499999 0.125 0.375 -0.08499997 -0.0725736 0.375 -0.06499999 -0.125 0.375 -0.1079289 -0.1008578 0.3649998 -0.1079289 0.1008578 0.3649999 -0.06499999 0.09257358 0.375 -0.06499999 -0.09257358 0.375 -0.115 0.1079289 0.3649999 -0.1079289 -0.115 0.3649998 -0.1008578 -0.1079289 0.3649998 -0.1079289 -0.1008578 0.3549998 -0.1008578 0.1079289 0.3649999 -0.1079289 0.115 0.3649999 0.1079289 0.1008578 0.3549998 0.1008578 0.1079289 0.3649998 0.1079289 0.115 0.3649998 0.115 -0.1079289 0.3649999 0.06499999 0.09257358 0.375 0.06499999 -0.09257358 0.375 0.1079289 -0.1008578 0.3649999 0.1079289 0.1008578 0.3649998 0.06499999 0.125 0.375 0.08499997 0.0725736 0.375 0.06499999 -0.125 0.375 0.115 0.1079289 0.3649998 0.08499997 -0.07257354 0.375 0.1008579 -0.1079289 0.3549999 -0.08499997 0.125 0.3349999 0.08499997 -0.08499997 -0.125 0.08499997 -0.055 -0.05499994 0.055 -0.08499997 -0.05499994 0.125 -0.08499991 -0.125 0.105 -0.055 -0.04499995 0.105 0.05499994 -0.04499995 0.105 0.05499994 -0.05499994 0.105 -0.055 -0.05499994 0.08499997 -0.115 -0.105 -0.08499997 0.105 0.3549999 -0.08499997 0.125 0.3549999 -0.125 0.125 0.3549999 -0.115 0.1079289 0.3549999 -0.1079289 0.115 0.3549999 -0.125 0.08499997 0.3549999 -0.105 0.08499997 0.3549999 -0.1079289 0.1008578 0.3549999 -0.105 -0.08499997 0.3549998 -0.125 -0.08499997 0.3549998 -0.125 -0.125 0.3549998 -0.1079289 -0.115 0.3549998 -0.115 -0.1079289 0.3549998 -0.08499997 -0.125 0.3549998 -0.08499997 -0.105 0.3549998 -0.1008578 -0.1079289 0.3549998 -0.08499991 -0.05499994 0.1449999 0.05499994 -0.125 0.1449999 0.125 0.08500003 -0.125 0.125 0.1250001 -0.105 0.125 0.08500003 0.1549999 0.08499997 0.125 0.3449999 -0.125 -0.08499997 0.1649999 0.125 0.125 0.335 0.05499994 0.125 0.1449999 0.125 -0.08499997 0.1449999 0.125 -0.125 0.1449999 0.105 0.105 0.165 0.105 0.125 0.155 0.125 0.08500003 0.1449999 0.08499991 -0.125 0.1649999 -0.125 -0.08500003 0.1549999 -0.05499994 -0.08499997 0.1449999 0.115 -0.08500003 0.1549999 -0.125 -0.125 0.155 0.125 0.125 0.1449999 -0.115 -0.08500003 0.1549999 -0.125 0.08499991 0.1649999 0.105 0.105 0.1549999 -0.08499991 -0.125 0.1649999 0.125 -0.125 0.155 0.05499994 -0.08499997 0.1449999 0.08499997 -0.125 -0.105 0.08499997 0.125 -0.105 0.08499991 0.05499994 0.1449999 0.1008578 0.1079289 0.3549998 0.08499997 0.105 0.3549998 0.08499997 0.125 0.3549998 0.115 0.1079289 0.3549998 0.1079289 0.115 0.3549998 0.125 0.125 0.3549998 0.125 0.08499997 0.3549998 0.105 0.08499997 0.3549998 0.1079289 -0.1008578 0.3549999 0.105 -0.08499997 0.3549999 0.1250001 -0.125 -0.105 0.06999993 0.125 0.1549999 0.08499997 0.08499997 -0.125 0.125 0.1250001 -0.125 0.1250001 -0.125 -0.125 0.125 -0.08499997 -0.105 0.125 0.08500003 -0.105 0.055 -0.08499997 -0.04499995 0.05499994 0.08500003 -0.04499995 0.08499997 0.05499994 -0.04499995 0.08499997 -0.055 -0.04499995 0.105 0.1250001 -0.04499995 0.05499994 0.125 -0.04499995 0.055 -0.125 -0.04499995 0.055 -0.125 -0.05499994 0.05499994 0.125 -0.05499994 0.105 0.1250001 -0.05499994 -0.125 -0.125 0.1449999 -0.125 -0.08499997 0.1449999 0.125 -0.08500003 0.1549999 0.105 -0.125 -0.04499995 0.105 -0.125 -0.05499994 0.05499994 0.08500003 -0.05499994 -0.05499994 -0.125 0.1449999 0.08499991 -0.05499994 0.1449999 -0.125 -0.125 0.335 -0.08499997 -0.125 0.3349999 0.08499997 0.05499994 -0.05499994 -0.08499997 -0.125 0.3449999 -0.125 -0.125 0.3449999 -0.125 -0.08499997 0.3449999 -0.125 0.08499997 0.3449999 -0.08499997 0.125 0.3449999 -0.125 0.125 0.3449999 0.115 0.08500003 -0.105 0.08499997 0.115 -0.105 0.115 0.08500003 0.1549999 0.08499997 0.125 0.3349999 0.06999993 -0.125 0.1549999 -0.115 -0.08500003 0.1649999 -0.105 -0.125 0.165 -0.105 -0.125 0.155 -0.105 -0.105 0.165 -0.105 -0.105 0.1549999 -0.125 -0.125 0.185 -0.125 -0.105 0.185 -0.06999993 0.125 0.1549999 -0.08499991 0.05499994 0.1449999 -0.125 0.08500003 0.1549999 -0.05499994 0.08499997 0.1449999 -0.125 0.125 0.155 -0.115 0.08500003 0.1549999 0.08499991 0.125 0.1649999 -0.125 0.08499997 0.3349999 -0.125 0.125 0.1449999 -0.125 0.08499997 0.1449999 -0.05499994 0.125 0.1449999 -0.125 0.125 0.335 -0.125 -0.08499997 0.3349999 -0.115 0.08500003 0.1649999 -0.105 0.125 0.165 -0.105 0.125 0.155 -0.105 0.105 0.165 -0.105 0.105 0.1549999 -0.125 0.125 0.185 -0.125 0.105 0.185 0.125 0.105 0.185 0.125 0.125 0.185 0.08499997 -0.125 0.3349999 0.115 -0.08500003 0.1649999 0.105 -0.125 0.165 0.105 -0.125 0.155 0.105 -0.105 0.165 0.105 -0.105 0.1549999 -0.08499997 0.125 0.1649999 0.125 -0.125 0.185 0.125 -0.105 0.185 -0.07499998 -0.1299999 0.185 -0.06499999 -0.1299999 0.175 -0.06499999 -0.1299999 0.325 -0.07499998 -0.1299999 0.315 -0.06499999 -0.125 0.175 -0.07499998 -0.125 0.185 -0.07499998 -0.125 0.315 -0.06499999 -0.125 0.325 0.06499999 -0.1299999 0.175 0.07499998 -0.1299999 0.185 0.07499998 -0.1299999 0.315 0.06499999 -0.1299999 0.325 0.07499998 -0.125 0.185 0.06499999 -0.125 0.175 0.06499999 -0.125 0.325 0.07499998 -0.125 0.315 -0.07207101 -0.1349999 0.315 -0.06499999 -0.1349999 0.3220711 -0.07207101 -0.1299999 0.315 -0.06499999 -0.1299999 0.3220711 -0.06499999 -0.1349999 0.3079289 -0.05792891 -0.1349999 0.315 -0.06499999 -0.1299999 0.3079289 -0.05792891 -0.1299999 0.315 0.05792891 -0.1349999 0.315 0.06499999 -0.1349999 0.3220711 0.05792891 -0.1299999 0.315 0.06499999 -0.1299999 0.3220711 0.06499999 -0.1349999 0.3079289 0.07207101 -0.1349999 0.315 0.06499999 -0.1299999 0.3079289 0.07207101 -0.1299999 0.315 -0.05792891 -0.1299999 0.185 -0.06499999 -0.1299999 0.1779289 -0.05792891 -0.1349999 0.185 -0.06499999 -0.1349999 0.1779289 -0.06499999 -0.1299999 0.192071 -0.07207101 -0.1299999 0.185 -0.06499999 -0.1349999 0.192071 -0.07207101 -0.1349999 0.185 0.05792891 -0.1349999 0.185 0.06499999 -0.1349999 0.192071 0.05792891 -0.1299999 0.185 0.06499999 -0.1299999 0.192071 0.06499999 -0.1349999 0.1779289 0.07207101 -0.1349999 0.185 0.06499999 -0.1299999 0.1779289 0.07207101 -0.1299999 0.185 -0.04121315 -0.1299999 0.3 -0.04121315 -0.1349999 0.3 -0.02878677 -0.1299999 0.3 -0.02878677 -0.1349999 0.3 -0.01999998 -0.1299999 0.2912132 -0.01999998 -0.1349999 0.2912132 -0.01999998 -0.1299999 0.2787868 -0.01999998 -0.1349999 0.2787868 -0.02878677 -0.1299999 0.27 -0.02878677 -0.1349999 0.27 -0.04121315 -0.1299999 0.27 -0.04121315 -0.1349999 0.27 -0.05000001 -0.1299999 0.2787868 -0.05000001 -0.1349999 0.2787868 -0.05000001 -0.1299999 0.2912132 -0.05000001 -0.1349999 0.2912132 0.02878677 -0.1299999 0.3 0.02878677 -0.1349999 0.3 0.04121315 -0.1299999 0.3 0.04121315 -0.1349999 0.3 0.05000001 -0.1299999 0.2912132 0.05000001 -0.1349999 0.2912132 0.05000001 -0.1299999 0.2787868 0.05000001 -0.1349999 0.2787868 0.04121315 -0.1299999 0.27 0.04121315 -0.1349999 0.27 0.02878677 -0.1299999 0.27 0.02878677 -0.1349999 0.27 0.01999998 -0.1299999 0.2787868 0.01999998 -0.1349999 0.2787868 0.01999998 -0.1299999 0.2912132 0.01999998 -0.1349999 0.2912132 -0.04121315 -0.1299999 0.23 -0.04121315 -0.1349999 0.23 -0.02878677 -0.1299999 0.23 -0.02878677 -0.1349999 0.23 -0.01999998 -0.1299999 0.2212132 -0.01999998 -0.1349999 0.2212132 -0.01999998 -0.1299999 0.2087868 -0.01999998 -0.1349999 0.2087868 -0.02878677 -0.1299999 0.2 -0.02878677 -0.1349999 0.2 -0.04121315 -0.1299999 0.2 -0.04121315 -0.1349999 0.2 -0.05000001 -0.1299999 0.2087868 -0.05000001 -0.1349999 0.2087868 -0.05000001 -0.1299999 0.2212132 -0.05000001 -0.1349999 0.2212132 0.02878677 -0.1299999 0.23 0.02878677 -0.1349999 0.23 0.04121315 -0.1299999 0.23 0.04121315 -0.1349999 0.23 0.05000001 -0.1299999 0.2212132 0.05000001 -0.1349999 0.2212132 0.05000001 -0.1299999 0.2087868 0.05000001 -0.1349999 0.2087868 0.04121315 -0.1299999 0.2 0.04121315 -0.1349999 0.2 0.02878677 -0.1299999 0.2 0.02878677 -0.1349999 0.2 0.01999998 -0.1299999 0.2087868 0.01999998 -0.1349999 0.2087868 0.01999998 -0.1299999 0.2212132 0.01999998 -0.1349999 0.2212132 0.125 0.08499991 0.1649999 0.125 -0.08499991 0.1649999 0.125 -0.08499997 0.3349999 0.125 0.08499997 0.3349999 0.1299999 -0.07499998 0.185 0.1299999 -0.06499999 0.175 0.1299999 -0.06499999 0.3249999 0.1299999 -0.07499998 0.3149999 0.125 -0.06499999 0.175 0.125 -0.07499998 0.185 0.125 -0.07499998 0.3149999 0.125 -0.06499999 0.3249999 0.1299999 0.06499999 0.175 0.1299999 0.07499998 0.185 0.1299999 0.07499998 0.3149999 0.1299999 0.06499999 0.3249999 0.125 0.07499998 0.185 0.125 0.06499999 0.175 0.125 0.06499999 0.3249999 0.125 0.07499998 0.3149999 0.1349999 -0.07207101 0.3149999 0.1349999 -0.06499999 0.322071 0.1299999 -0.07207101 0.3149999 0.1299999 -0.06499999 0.322071 0.1349999 -0.06499999 0.3079289 0.1349999 -0.05792891 0.3149999 0.1299999 -0.06499999 0.3079289 0.1299999 -0.05792891 0.3149999 0.1349999 0.05792891 0.3149999 0.1349999 0.06499999 0.322071 0.1299999 0.05792891 0.3149999 0.1299999 0.06499999 0.322071 0.1349999 0.06499999 0.3079289 0.1349999 0.07207101 0.3149999 0.1299999 0.06499999 0.3079289 0.1299999 0.07207101 0.3149999 0.1299999 -0.05792891 0.185 0.1299999 -0.06499999 0.1779289 0.1349999 -0.05792891 0.185 0.1349999 -0.06499999 0.1779289 0.1299999 -0.06499999 0.192071 0.1299999 -0.07207101 0.185 0.1349999 -0.06499999 0.192071 0.1349999 -0.07207101 0.185 0.1349999 0.05792891 0.185 0.1349999 0.06499999 0.192071 0.1299999 0.05792891 0.185 0.1299999 0.06499999 0.192071 0.1349999 0.06499999 0.1779289 0.1349999 0.07207101 0.185 0.1299999 0.06499999 0.1779289 0.1299999 0.07207101 0.185 0.1299999 -0.04121315 0.3 0.1349999 -0.04121315 0.3 0.1299999 -0.02878677 0.3 0.1349999 -0.02878677 0.3 0.1299999 -0.01999998 0.2912132 0.1349999 -0.01999998 0.2912132 0.1299999 -0.01999998 0.2787868 0.1349999 -0.01999998 0.2787868 0.1299999 -0.02878677 0.27 0.1349999 -0.02878677 0.27 0.1299999 -0.04121315 0.27 0.1349999 -0.04121315 0.27 0.1299999 -0.04999995 0.2787868 0.1349999 -0.04999995 0.2787868 0.1299999 -0.04999995 0.2912132 0.1349999 -0.04999995 0.2912132 0.1299999 0.02878677 0.3 0.1349999 0.02878677 0.3 0.1299999 0.04121321 0.3 0.1349999 0.04121321 0.3 0.1299999 0.05000001 0.2912132 0.1349999 0.05000001 0.2912132 0.1299999 0.05000001 0.2787868 0.1349999 0.05000001 0.2787868 0.1299999 0.04121321 0.27 0.1349999 0.04121321 0.27 0.1299999 0.02878677 0.27 0.1349999 0.02878677 0.27 0.1299999 0.01999998 0.2787868 0.1349999 0.01999998 0.2787868 0.1299999 0.01999998 0.2912132 0.1349999 0.01999998 0.2912132 0.1299999 -0.04121315 0.23 0.1349999 -0.04121315 0.23 0.1299999 -0.02878677 0.23 0.1349999 -0.02878677 0.23 0.1299999 -0.01999998 0.2212132 0.1349999 -0.01999998 0.2212132 0.1299999 -0.01999998 0.2087868 0.1349999 -0.01999998 0.2087868 0.1299999 -0.02878677 0.2 0.1349999 -0.02878677 0.2 0.1299999 -0.04121315 0.2 0.1349999 -0.04121315 0.2 0.1299999 -0.04999995 0.2087868 0.1349999 -0.04999995 0.2087868 0.1299999 -0.04999995 0.2212132 0.1349999 -0.04999995 0.2212132 0.1299999 0.02878677 0.23 0.1349999 0.02878677 0.23 0.1299999 0.04121321 0.23 0.1349999 0.04121321 0.23 0.1299999 0.05000001 0.2212132 0.1349999 0.05000001 0.2212132 0.1299999 0.05000001 0.2087868 0.1349999 0.05000001 0.2087868 0.1299999 0.04121321 0.2 0.1349999 0.04121321 0.2 0.1299999 0.02878677 0.2 0.1349999 0.02878677 0.2 0.1299999 0.01999998 0.2087868 0.1349999 0.01999998 0.2087868 0.1299999 0.01999998 0.2212132 0.1349999 0.01999998 0.2212132 0.07499998 0.1299999 0.185 0.06499999 0.1299999 0.175 0.06499999 0.1299999 0.3249999 0.07499998 0.1299999 0.3149999 0.06499999 0.125 0.175 0.07499998 0.125 0.185 0.07499998 0.125 0.3149999 0.06499999 0.125 0.3249999 -0.06499999 0.1299999 0.175 -0.07499998 0.1299999 0.185 -0.07499998 0.1299999 0.3149999 -0.06499999 0.1299999 0.3249999 -0.07499998 0.125 0.185 -0.06499999 0.125 0.175 -0.06499999 0.125 0.3249999 -0.07499998 0.125 0.3149999 0.07207101 0.1349999 0.3149999 0.06499993 0.1349999 0.322071 0.07207101 0.1299999 0.3149999 0.06499993 0.1299999 0.322071 0.06499993 0.1349999 0.3079289 0.05792886 0.1349999 0.3149999 0.06499993 0.1299999 0.3079289 0.05792886 0.1299999 0.3149999 -0.05792891 0.1349999 0.3149999 -0.06499999 0.1349999 0.322071 -0.05792891 0.1299999 0.3149999 -0.06499999 0.1299999 0.322071 -0.06499999 0.1349999 0.3079289 -0.07207101 0.1349999 0.3149999 -0.06499999 0.1299999 0.3079289 -0.07207101 0.1299999 0.3149999 0.05792886 0.1299999 0.185 0.06499993 0.1299999 0.1779289 0.05792886 0.1349999 0.185 0.06499993 0.1349999 0.1779289 0.06499993 0.1299999 0.192071 0.07207101 0.1299999 0.185 0.06499993 0.1349999 0.192071 0.07207101 0.1349999 0.185 -0.05792891 0.1349999 0.185 -0.06499999 0.1349999 0.192071 -0.05792891 0.1299999 0.185 -0.06499999 0.1299999 0.192071 -0.06499999 0.1349999 0.1779289 -0.07207101 0.1349999 0.185 -0.06499999 0.1299999 0.1779289 -0.07207101 0.1299999 0.185 0.04121315 0.1299999 0.3 0.04121315 0.1349999 0.3 0.02878677 0.1299999 0.3 0.02878677 0.1349999 0.3 0.01999998 0.1299999 0.2912132 0.01999998 0.1349999 0.2912132 0.01999998 0.1299999 0.2787868 0.01999998 0.1349999 0.2787868 0.02878677 0.1299999 0.2699999 0.02878677 0.1349999 0.2699999 0.04121315 0.1299999 0.2699999 0.04121315 0.1349999 0.2699999 0.04999995 0.1299999 0.2787868 0.04999995 0.1349999 0.2787868 0.04999995 0.1299999 0.2912132 0.04999995 0.1349999 0.2912132 -0.02878677 0.1299999 0.3 -0.02878677 0.1349999 0.3 -0.04121321 0.1299999 0.3 -0.04121321 0.1349999 0.3 -0.05000001 0.1299999 0.2912132 -0.05000001 0.1349999 0.2912132 -0.05000001 0.1299999 0.2787868 -0.05000001 0.1349999 0.2787868 -0.04121321 0.1299999 0.2699999 -0.04121321 0.1349999 0.2699999 -0.02878677 0.1299999 0.2699999 -0.02878677 0.1349999 0.2699999 -0.01999998 0.1299999 0.2787868 -0.01999998 0.1349999 0.2787868 -0.01999998 0.1299999 0.2912132 -0.01999998 0.1349999 0.2912132 0.04121315 0.1299999 0.23 0.04121315 0.1349999 0.23 0.02878677 0.1299999 0.23 0.02878677 0.1349999 0.23 0.01999998 0.1299999 0.2212132 0.01999998 0.1349999 0.2212132 0.01999998 0.1299999 0.2087868 0.01999998 0.1349999 0.2087868 0.02878677 0.1299999 0.1999999 0.02878677 0.1349999 0.1999999 0.04121315 0.1299999 0.1999999 0.04121315 0.1349999 0.1999999 0.04999995 0.1299999 0.2087868 0.04999995 0.1349999 0.2087868 0.04999995 0.1299999 0.2212132 0.04999995 0.1349999 0.2212132 -0.02878677 0.1299999 0.23 -0.02878677 0.1349999 0.23 -0.04121321 0.1299999 0.23 -0.04121321 0.1349999 0.23 -0.05000001 0.1299999 0.2212132 -0.05000001 0.1349999 0.2212132 -0.05000001 0.1299999 0.2087868 -0.05000001 0.1349999 0.2087868 -0.04121321 0.1299999 0.1999999 -0.04121321 0.1349999 0.1999999 -0.02878677 0.1299999 0.1999999 -0.02878677 0.1349999 0.1999999 -0.01999998 0.1299999 0.2087868 -0.01999998 0.1349999 0.2087868 -0.01999998 0.1299999 0.2212132 -0.01999998 0.1349999 0.2212132 -0.1299999 0.07499998 0.185 -0.1299999 0.06499993 0.1749999 -0.1299999 0.06499993 0.3249999 -0.1299999 0.07499998 0.3149999 -0.125 0.06499993 0.1749999 -0.125 0.07499998 0.185 -0.125 0.07499998 0.3149999 -0.125 0.06499993 0.3249999 -0.1299999 -0.06499999 0.1749999 -0.1299999 -0.07499998 0.185 -0.1299999 -0.07499998 0.3149999 -0.1299999 -0.06499999 0.3249999 -0.125 -0.07499998 0.185 -0.125 -0.06499999 0.1749999 -0.125 -0.06499999 0.3249999 -0.125 -0.07499998 0.3149999 -0.1349999 0.07207101 0.3149999 -0.1349999 0.06499993 0.322071 -0.1299999 0.07207101 0.3149999 -0.1299999 0.06499993 0.322071 -0.1349999 0.06499993 0.3079288 -0.1349999 0.05792886 0.3149999 -0.1299999 0.06499993 0.3079288 -0.1299999 0.05792886 0.3149999 -0.1349999 -0.05792891 0.3149999 -0.1349999 -0.06499999 0.322071 -0.1299999 -0.05792891 0.3149999 -0.1299999 -0.06499999 0.322071 -0.1349999 -0.06499999 0.3079288 -0.1349999 -0.07207101 0.3149999 -0.1299999 -0.06499999 0.3079288 -0.1299999 -0.07207101 0.3149999 -0.1299999 0.05792886 0.185 -0.1299999 0.06499993 0.1779289 -0.1349999 0.05792886 0.185 -0.1349999 0.06499993 0.1779289 -0.1299999 0.06499993 0.192071 -0.1299999 0.07207101 0.185 -0.1349999 0.06499993 0.192071 -0.1349999 0.07207101 0.185 -0.1349999 -0.05792891 0.185 -0.1349999 -0.06499999 0.192071 -0.1299999 -0.05792891 0.185 -0.1299999 -0.06499999 0.192071 -0.1349999 -0.06499999 0.1779289 -0.1349999 -0.07207101 0.185 -0.1299999 -0.06499999 0.1779289 -0.1299999 -0.07207101 0.185 -0.1299999 0.04121315 0.3 -0.1349999 0.04121315 0.3 -0.1299999 0.02878671 0.3 -0.1349999 0.02878671 0.3 -0.1299999 0.01999992 0.2912132 -0.1349999 0.01999998 0.2912132 -0.1299999 0.01999992 0.2787867 -0.1349999 0.01999998 0.2787867 -0.1299999 0.02878671 0.2699999 -0.1349999 0.02878671 0.2699999 -0.1299999 0.04121315 0.2699999 -0.1349999 0.04121315 0.2699999 -0.1299999 0.04999995 0.2787867 -0.1349999 0.04999995 0.2787867 -0.1299999 0.04999995 0.2912132 -0.1349999 0.04999995 0.2912132 -0.1299999 -0.02878677 0.3 -0.1349999 -0.02878677 0.3 -0.1299999 -0.04121321 0.3 -0.1349999 -0.04121321 0.3 -0.1299999 -0.05000001 0.2912132 -0.1349999 -0.05000001 0.2912132 -0.1299999 -0.05000001 0.2787867 -0.1349999 -0.05000001 0.2787867 -0.1299999 -0.04121321 0.2699999 -0.1349999 -0.04121321 0.2699999 -0.1299999 -0.02878677 0.2699999 -0.1349999 -0.02878677 0.2699999 -0.1299999 -0.01999998 0.2787867 -0.1349999 -0.01999998 0.2787867 -0.1299999 -0.01999998 0.2912132 -0.1349999 -0.01999998 0.2912132 -0.1299999 0.04121315 0.23 -0.1349999 0.04121315 0.23 -0.1299999 0.02878671 0.23 -0.1349999 0.02878671 0.23 -0.1299999 0.01999992 0.2212132 -0.1349999 0.01999998 0.2212132 -0.1299999 0.01999992 0.2087868 -0.1349999 0.01999998 0.2087868 -0.1299999 0.02878671 0.1999999 -0.1349999 0.02878671 0.1999999 -0.1299999 0.04121315 0.1999999 -0.1349999 0.04121315 0.1999999 -0.1299999 0.04999995 0.2087868 -0.1349999 0.04999995 0.2087868 -0.1299999 0.04999995 0.2212132 -0.1349999 0.04999995 0.2212132 -0.1299999 -0.02878677 0.23 -0.1349999 -0.02878677 0.23 -0.1299999 -0.04121321 0.23 -0.1349999 -0.04121321 0.23 -0.1299999 -0.05000001 0.2212132 -0.1349999 -0.05000001 0.2212132 -0.1299999 -0.05000001 0.2087868 -0.1349999 -0.05000001 0.2087868 -0.1299999 -0.04121321 0.1999999 -0.1349999 -0.04121321 0.1999999 -0.1299999 -0.02878677 0.1999999 -0.1349999 -0.02878677 0.1999999 -0.1299999 -0.01999998 0.2087868 -0.1349999 -0.01999998 0.2087868 -0.1299999 -0.01999998 0.2212132 -0.1349999 -0.01999998 0.2212132 -0.125 -0.08499997 0.314463</float_array>
          <technique_common>
            <accessor source="#Cube-mesh-positions-array" count="733" stride="3">
              <param name="X" type="float"/>
              <param name="Y" type="float"/>
              <param name="Z" type="float"/>
            </accessor>
          </technique_common>
        </source>
        <source id="Cube-mesh-normals">
          <float_array id="Cube-mesh-normals-array" count="4770">0 0 -1 0 0 1 -0.7071068 -0.7071068 0 0 -1 0 0.7071068 -0.7071068 0 -1 0 0 1 0 0 0.7071068 0.7071068 0 0.7071068 -0.7071068 0 0.7071068 0.7071068 0 -0.7071068 0.7071068 0 -0.7071068 -0.7071068 0 0 0 -1 -1.11759e-6 0 -1 0 -1.11759e-6 -1 0 1.11759e-6 -1 1.11759e-6 0 -1 -4.47032e-6 -2.23516e-6 -1 0 0 -1 -6.38621e-7 6.38621e-7 -1 0.7071068 0.7071068 0 -0.7071068 0.7071068 0 -0.7071068 -0.7071068 0 0.7071068 -0.7071068 0 0 0 -1 2.23517e-6 -4.47034e-6 -1 0 0 -1 -6.3862e-7 -6.3862e-7 -1 -0.7071068 0.7071068 0 -0.7071089 -0.7071046 0 0.7071089 -0.7071046 0 0.7071068 0.7071068 0 0 0 -1 4.47035e-6 2.23518e-6 -1 0 0 -1 6.38623e-7 -6.38619e-7 -1 -0.7071068 -0.7071068 0 0.7071068 -0.7071068 0 0.7071111 0.7071026 0 -0.7071111 0.7071026 0 0 0 -1 -2.23525e-6 4.47045e-6 -1 0 0 -1 6.38624e-7 6.38617e-7 -1 0 0 -1 0 0 -1 0 0 -1 0 0 -1 0 0 -1 0 0 -1 5.4186e-7 1 0 -0.7071068 0.7071068 0 0 0 -1 0 0 -1 0 0 -1 0 0 -1 0 0 1 1 0 0 0.7071071 0 -0.7071066 0.6666671 -0.3333337 -0.6666662 0 1 0 0 1 0 0 -1 0 0 1 0 1 7.4506e-7 0 0 -1 0 0 -1 0 0 0 1 0 0 1 -1.11758e-6 -1 0 0 0 1 0.7071053 -0.7071083 0 0.8944274 -0.4472134 1.62696e-6 0 7.45059e-7 1 0 -1 0 1 3.72529e-7 0 -0.7071068 -0.7071068 0 0 -1 0 0 1 0 0 -1 0 -0.7071083 0.7071053 0 5.96047e-6 0 -1 -2.16084e-6 -0.7071073 -0.7071063 0 0 -1 -1 0 0 -1 0 1.49011e-6 -0.857493 0 0.5144956 -0.8574929 0 0.5144957 0 0 -1 -5.96046e-7 1 0 -0.8574931 0 0.5144955 5.96046e-7 -1 0 -1 0 2.74495e-7 -0.7071071 -0.7071065 1.94097e-7 -1 0 2.74495e-7 -1 0 1.96068e-7 0.7071068 0.7071068 0 -0.5391637 0.5391643 0.6469964 -1 0 0 -1 -3.50616e-7 -1.49011e-6 0 0 1 0 0 1 0 0 1 0 0 1 0 0 1 -7.45057e-7 1 0 7.45059e-7 -1 0 0 0 1 0 0 1 0 0 -1 -1 0 0 0 0 1 0 0 -1 -1 0 0 0 0 -1 0 0 -1 -1.31481e-7 1 2.03796e-6 0 0 -1 0 0 -1 0 -1 2.1037e-6 -1 3.72524e-7 1.49011e-6 1.86265e-7 -1 0 0 -1 0 -1 0 -1.49012e-6 -1 0 1.49011e-6 0 1 0 0 0 -1 5.26834e-6 -0.7071065 -0.7071071 -1.86265e-7 1 7.45063e-7 0.7071062 -0.7071074 4.33254e-7 0.7071093 0 0.7071043 0.7071086 0 0.7071049 0 1 0 0 -1.75308e-7 1 -2.29249e-7 2.29249e-7 1 0 1 2.84874e-7 -0.7071086 0 0.707105 -0.4648076 0.4648067 0.7535971 0 -1 1.02993e-6 -0.4648071 -0.4648072 0.7535971 1 3.72529e-7 0 1 -9.86101e-7 -1.31481e-7 0.7071071 0 -0.7071066 -0.7071086 0 0.7071049 0.6666667 0.333334 -0.6666663 -0.707109 0 0.7071046 1 -7.4506e-7 0 0.4648075 0.4648073 0.7535968 0.4648073 -0.4648068 0.7535972 0 1 0 0.8944271 0.4472137 -1.3328e-6 0.7071085 1.54951e-7 0.7071049 -0.7071063 0.7071072 3.75486e-7 0 1.75308e-7 1 5.58794e-7 -1 2.23519e-6 1 0 1.49012e-6 1 0 -1.49012e-6 0 1 0 1 3.72529e-7 1.49012e-6 0 0 -1 0 0 -1 1 0 0 0 0 -1 0 -7.45059e-7 1 0 0 1 1 2.7093e-7 0 0 0 -1 0 0 1 0 0 1 -1.49012e-6 1 0 0.857493 1.50325e-7 0.5144957 7.45057e-7 -1 0 0 0 1 0 0 1 -0.7071068 -0.7071068 0 0.7071068 -0.7071068 0 0.7071068 0.7071068 0 -0.7071068 0.7071068 0 0 0 1 0 0 1 0 0 1 0 0 1 0 0 1 0 0 1 0 0 1 0 0 1 0 0 1 0 0 1 0.7071068 -0.7071068 0 0.7071068 0.7071068 0 -0.7071068 0.7071068 0 -0.7071068 -0.7071068 0 0 0 1 0 0 1 0 0 1 0 0 1 0 0 1 0 0 1 0 0 1 0 0 1 0 0 1 0 0 1 0 0 1 1 0 -7.45059e-7 0 0 1 0 0 1 0 0 1 1 3.72529e-7 -7.45059e-7 0 1 0 1 3.50616e-7 -1.49011e-6 1 3.72527e-7 1.49012e-6 1 0 -1.49012e-6 3.72529e-7 -1 -7.45059e-7 0 0 -1 1 7.45057e-7 1.49011e-6 0 0 1 0.7071053 0.7071083 0 1 0 0 0 1 0 1 0 1.49012e-6 6.27673e-6 0.7071063 -0.7071073 1 -3.72529e-7 0 0.7071068 -0.7071068 0 0 0 -1 0 0 -1 0 -1 0 1 0 0 0.5391635 -0.5391645 0.6469964 1 0 1.96068e-7 0 0 -1 1 2.7093e-7 3.52922e-7 0 1 0 0.5391643 0.5391635 0.6469967 -0.7071083 -0.7071053 0 -0.7071068 0.7071068 0 0 0 -1 0 1 0 0 0 1 0 0 1 0 0 -1 0 0 1 0 0 -1 0 0 1 0 0 1 0 0 1 0 0 1 -2.98023e-6 0 -1 0 0 1 -0.5391641 -0.5391637 0.6469967 0 -1 0 -1 3.72529e-7 0 -1 0 1.49012e-6 0 1 0 0 -1 0 0 0 1 0 0 1 0.7071073 0.7071063 1.38641e-7 1 0 2.74495e-7 -1.19209e-6 1 0 0.8574931 0 0.5144954 0 0 1 5.96046e-7 -1 0 0 -1 0 3.72528e-7 -1 0 0 -1 0 0 0 -1 -3.72529e-7 1 7.45059e-7 0 0 1 0 0 1 0 1 0 -1 1.31481e-7 -1.49012e-6 -1 -3.72525e-7 1.49011e-6 0 0 1 1.86265e-7 -1 0 -1 -5.58794e-7 7.45058e-7 0.8574929 0 0.5144958 -1 0 7.45059e-7 0 0 1 0 7.45059e-7 1 -0.8944273 -0.4472135 0 0 -1 7.4506e-7 1.2666e-6 -1 -1.49011e-7 -1 7.4506e-7 0 -0.6666669 -0.3333338 -0.6666663 -0.7071071 0 -0.7071066 1 -3.72529e-7 0 -1 0 0 -1 -3.72529e-7 0 -4.22199e-7 -1 0 -5.26834e-6 0.7071065 -0.707107 0 0 -1 0 1 0 0 0 -1 0 1 0 -1 -3.72529e-7 0 0 1 0 0 -7.45059e-7 1 -0.8944274 0.4472134 -3.25391e-7 1.11759e-6 1 0 -1 -7.4506e-7 0 -0.6666669 0.3333338 -0.6666662 -0.7071071 0 -0.7071066 -1 0 0 -1 3.72529e-7 0 -4.22199e-7 1 0 0 0 1 -1 0 0 1 0 0 -0.7071071 0 -0.7071065 -0.7071065 0 0.707107 0.7071071 0 -0.7071065 0.7071065 0 0.707107 0 0 -1 -0.7071076 0 0.7071061 0 1 0 0.7071073 0 -0.7071062 0 -1 0 -0.7071076 0 -0.7071061 0.7071073 0 0.7071062 -0.7071076 0 0.7071061 0 1 0 0.7071076 0 -0.7071061 0 -1 0 -0.7071076 0 -0.7071061 0.7071076 0 0.7071061 -0.7071076 0 0.7071061 0 1 0 0.7071073 0 -0.7071062 0 -1 0 -0.7071076 0 -0.7071061 0.7071073 0 0.7071062 -0.7071076 0 0.7071061 0 1 0 0.7071076 0 -0.7071061 0 -1 0 -0.7071076 0 -0.7071061 0.7071076 0 0.7071061 0 -1 0 0 -1 0 0 -1 0 0 -1 0 0 -1 0 0 -1 0 0 -1 0 0 -1 0 0 -1 0 0 -1 0 0 -1 0 0 -1 0 0 0 1 0.7071067 0 0.707107 1 0 0 0.7071079 0 -0.7071057 0 0 -1 -0.7071079 0 -0.7071057 0 -1 0 -1 0 0 -0.7071067 0 0.707107 0 1 0 0 0 1 0.7071067 0 0.707107 1 0 0 0.7071079 0 -0.7071057 0 0 -1 -0.7071079 0 -0.7071057 0 -1 0 -1 0 0 -0.7071067 0 0.707107 0 1 0 0 0 1 0.7071067 0 0.707107 1 0 0 0.7071079 0 -0.7071057 0 0 -1 -0.7071079 0 -0.7071057 0 -1 0 -1 0 0 -0.7071067 0 0.707107 0 1 0 0 0 1 0.7071067 0 0.707107 1 0 0 0.7071079 0 -0.7071057 0 0 -1 -0.7071079 0 -0.7071057 0 -1 0 -1 0 0 -0.7071067 0 0.707107 0 1 0 0 -1 0 0 -1 0 0 -1 0 0 -1 0 0 -1 0 0 -1 0 0 -1 0 0 -1 0 0 -1 0 0 -1 0 0 -1 0 0 -1 0 0 -1 0 0 -1 0 0 -1 0 0 -1 0 0 -1 0 0 -1 0 0 -1 0 0 -1 0 0 -1 0 0 -1 0 0 -1 0 0 -1 0 0 -1 0 0 -1 0 0 -1 0 0 -1 0 0 -1 0 0 -1 0 0 -1 0 0 -1 0 1.97222e-6 -1 -1.31481e-7 7.45058e-7 -1 -7.45058e-7 0 -1 -2.05986e-6 -2.48353e-7 -1 -2.48353e-7 -6.57407e-7 -1 0 0 0 1 0 -1 0 2.98024e-6 1 0 0 -0.7071071 -0.7071065 0 -0.7071065 0.7071071 0 0.7071074 -0.7071063 2.10735e-6 0.7071063 0.7071073 0 0 -1 0 -0.7071076 0.7071061 -1 0 0 0 0.7071071 -0.7071064 1 0 0 0 -0.7071076 -0.7071061 0 0.7071071 0.7071064 0 -0.7071068 0.7071068 -1 0 0 0 0.7071083 -0.7071053 1 0 0 0 -0.7071068 -0.7071068 0 0.7071083 0.7071053 0 -0.7071076 0.7071061 -1 0 0 0 0.7071071 -0.7071064 1 0 0 0 -0.7071076 -0.7071061 0 0.7071071 0.7071064 0 -0.7071068 0.7071068 -1 0 0 0 0.7071083 -0.7071053 1 0 0 0 -0.7071068 -0.7071068 0 0.7071083 0.7071053 1 0 1.49012e-6 1 0 0 1 0 -1.49012e-6 1 0 0 1 0 0 1 0 -5.08761e-6 1 0 0 1 0 0 1 0 0 1 0 0 1 0 5.08758e-6 1 0 0 0 0 1 0 0.7071068 0.7071068 0 1 0 0 0.707108 -0.7071056 0 0 -1 0 -0.707108 -0.7071056 1 0 0 0 -1 0 0 -0.7071068 0.7071068 1 -3.51223e-7 -8.47928e-7 0 0 1 0 0.7071068 0.7071068 0 1 0 0 0.707108 -0.7071056 0 0 -1 0 -0.707108 -0.7071056 1 0 0 0 -1 0 0 -0.7071068 0.7071068 -1 0 0 0 0 1 0 0.7071068 0.7071068 0 1 0 0 0.707108 -0.7071056 0 0 -1 0 -0.707108 -0.7071056 1 0 0 0 -1 0 0 -0.7071068 0.7071068 1 -3.51223e-7 -8.47928e-7 0 0 1 0 0.7071068 0.7071068 0 1 0 0 0.707108 -0.7071056 0 0 -1 0 -0.707108 -0.7071056 1 0 0 0 -1 0 0 -0.7071068 0.7071068 -1 0 0 1 0 0 1 -1.19915e-6 -2.32973e-6 1 0 0 1 0 0 1 0 0 1 0 0 1 0 0 1 0 0 1 0 0 1 0 0 1 0 0 1 -1.19915e-6 2.32972e-6 1 8.93799e-7 -8.02056e-7 1 0 0 1 0 0 1 0 0 1 1.69586e-6 0 1 -1.19915e-6 0 1 0 0 1 0 0 1 0 0 1 0 0 1 0 0 1 0 0 1 0 0 1 0 0 1 0 0 1 0 0 1 0 0 1 4.96705e-7 2.48353e-7 1 0 -7.45061e-7 1 0 0 1 1.97222e-6 -1.31481e-7 1 7.45058e-7 -7.45058e-7 1 1.31481e-7 -1.9722e-6 1 4.96707e-7 -2.48351e-7 1 0 0 0 0 1 1 0 0 -1 2.98024e-6 0 0.7071071 0 -0.7071065 0.7071066 0 0.7071071 -0.7071074 2.16086e-6 -0.7071063 -0.7071068 2.10735e-6 0.7071068 0 0 -1 0.7071076 0 0.7071061 -1.05367e-6 1 3.16101e-6 -0.7071071 0 -0.7071064 -1.05367e-6 1 -3.16101e-6 0.7071076 0 -0.7071061 -0.7071071 0 0.7071064 0.7071068 0 0.7071068 0 -1 0 -0.7071083 0 -0.7071053 0 1 0 0.7071068 0 -0.7071068 -0.7071083 0 0.7071053 0.7071076 0 0.7071061 1.05367e-6 -1 3.16101e-6 -0.7071071 0 -0.7071064 -1.05367e-6 1 -3.16101e-6 0.7071076 0 -0.7071061 -0.7071071 0 0.7071064 0.7071068 0 0.7071068 0 -1 0 -0.7071083 0 -0.7071053 0 1 0 0.7071068 0 -0.7071068 -0.7071083 0 0.7071053 0 1 0 0 1 0 0 1 0 0 1 0 -4.21469e-6 1 0 0 1 -1.01752e-5 0 1 0 0 1 0 0 1 0 0 1 0 0 1 0 0 1 0 0 0 1 -0.7071068 0 0.7071068 -1 0 0 -0.707108 0 -0.7071056 0 0 -1 0.707108 0 -0.7071056 4.96705e-7 1 0 1 0 0 0.7071068 0 0.7071068 9.50799e-7 1 -1.09628e-6 0 0 1 -0.7071068 0 0.7071068 -1 0 0 -0.707108 0 -0.7071056 0 0 -1 0.707108 0 -0.7071056 0 1 0 1 0 0 0.7071068 0 0.7071068 0 -1 0 0 0 1 -0.7071068 0 0.7071068 -1 0 0 -0.707108 0 -0.7071056 0 0 -1 0.707108 0 -0.7071056 4.96705e-7 1 0 1 0 0 0.7071068 0 0.7071068 9.50799e-7 1 -1.09628e-6 0 0 1 -0.7071068 0 0.7071068 -1 0 0 -0.707108 0 -0.7071056 0 0 -1 0.707108 0 -0.7071056 0 1 0 1 0 0 0.7071068 0 0.7071068 0 -1 0 1.58051e-6 1 -5.26836e-7 2.3983e-6 1 -3.66605e-6 0 1 0 0 1 0 0 1 0 0 1 0 0 1 0 0 1 0 0 1 0 0 1 0 0 1 0 2.3983e-6 1 3.66603e-6 -4.23964e-7 1 -1.27189e-6 9.93411e-7 1 0 9.93411e-7 1 0 9.93411e-7 1 0 -1.69586e-6 1 0 2.3983e-6 1 0 -2.58819e-7 1 2.58819e-7 -3.72529e-7 1 0 -3.72529e-7 1 -3.72528e-7 -3.72529e-7 1 0 0 1 0 0 1 0 -3.72529e-7 1 -3.72529e-7 0 1 0 0 1 0 -3.72529e-7 1 -3.72528e-7 -2.95838e-7 1 0 4.96705e-7 1 -2.48353e-7 0 1 6.57407e-7 0 1 0 -1.97222e-6 1 -1.31481e-7 -7.45059e-7 1 -7.45057e-7 -1.31481e-7 1 -1.9722e-6 2.48354e-7 1 4.96704e-7 -6.57407e-7 1 0 0 0 1 0 1 0 -2.98024e-6 -1 0 0 0.7071071 -0.7071065 0 0.7071066 0.7071071 -2.16086e-6 -0.7071074 -0.7071063 -2.10735e-6 -0.7071068 0.7071068 0 0 -1 0 0.7071076 0.7071061 -1 -2.10734e-6 2.10734e-6 0 -0.7071071 -0.7071064 -1 -2.10734e-6 -2.10734e-6 0 0.7071076 -0.7071061 0 -0.7071071 0.7071064 0 0.7071068 0.7071068 1 0 0 0 -0.7071083 -0.7071053 -1 0 0 0 0.7071068 -0.7071068 0 -0.7071083 0.7071053 0 0.7071076 0.7071061 1 2.10734e-6 2.10734e-6 0 -0.7071071 -0.7071064 -1 -2.10734e-6 -2.10734e-6 0 0.7071076 -0.7071061 0 -0.7071071 0.7071064 0 0.7071068 0.7071068 1 0 0 0 -0.7071083 -0.7071053 -1 0 0 0 0.7071068 -0.7071068 0 -0.7071083 0.7071053 -1 0 0 -1 0 0 -1 0 0 -1 0 0 -1 -4.21469e-6 0 -1 0 -1.01752e-5 -1 0 0 -1 0 0 -1 0 0 -1 0 0 -1 0 0 -1 0 0 0 0 1 -1.05367e-6 -0.7071068 0.7071068 -1.49012e-6 -1 0 -1.05394e-6 -0.707108 -0.7071056 0 0 -1 0 0.707108 -0.7071056 -1 7.02447e-7 1.69586e-6 0 1 0 0 0.7071068 0.7071068 1 0 0 0 0 1 0 -0.7071068 0.7071068 0 -1 0 0 -0.707108 -0.7071056 0 0 -1 0 0.707108 -0.7071056 -1 0 0 0 1 0 0 0.7071068 0.7071068 1 0 0 0 0 1 -1.05367e-6 -0.7071068 0.7071068 -1.49012e-6 -1 0 -1.05394e-6 -0.707108 -0.7071056 0 0 -1 0 0.707108 -0.7071056 -1 7.02447e-7 1.69586e-6 0 1 0 0 0.7071068 0.7071068 1 0 0 0 0 1 0 -0.7071068 0.7071068 0 -1 0 0 -0.707108 -0.7071056 0 0 -1 0 0.707108 -0.7071056 -1 0 0 0 1 0 0 0.7071068 0.7071068 1 0 0 -1 9.39672e-7 9.39671e-7 -1 2.3983e-6 -2.67263e-6 -1 1.28616e-7 2.49877e-7 -1 0 0 -1 0 0 -1 0 0 -1 0 0 -1 0 0 -1 0 0 -1 0 0 -1 1.28616e-7 -2.49876e-7 -1 2.3983e-6 2.67262e-6 -1 -8.47927e-7 -2.54378e-6 -1 1.98682e-6 0 -1 1.98682e-6 0 -1 1.98682e-6 0 -1 -3.39172e-6 0 -1 2.3983e-6 0 -1 -2.58819e-7 2.58819e-7 -1 -3.72529e-7 0 -1 -3.72529e-7 -3.72528e-7 -1 -3.72529e-7 0 -1 0 0 -1 0 0 -1 -3.72529e-7 -3.72529e-7 -1 0 0 -1 0 0 -1 -3.72529e-7 -3.72528e-7 -1 -2.95838e-7 0 -1 0 0 -1 0 0 -1 0 0 -1 -1.93609e-6 -1.49547e-7 -1 -7.45059e-7 -7.45057e-7 -1 -1.31481e-7 -1.9722e-6 -1 0 0 -1 0 0 0 0 -1 -0.7071068 -0.7071068 0 0 -1 0 0.7071068 -0.7071068 0 -1 0 0 1 0 0 0.7071068 0.7071068 0 0.7071068 -0.7071068 0 0.7071068 0.7071068 0 -0.7071068 0.7071068 0 -0.7071068 -0.7071068 0 0 0 -1 -1.11759e-6 0 -1 0 -1.11759e-6 -1 0 1.11758e-6 -1 1.11759e-6 0 -1 0 0 -1 2.23518e-6 4.47036e-6 -1 0.7071068 0.7071068 0 -0.7071068 0.7071068 0 -0.7071068 -0.7071068 0 0.7071068 -0.7071068 0 0 0 -1 0 0 -1 -4.47034e-6 2.23517e-6 -1 -0.7071068 0.7071068 0 -0.7071089 -0.7071046 0 0.7071089 -0.7071046 0 0.7071068 0.7071068 0 0 0 -1 0 0 -1 -2.23522e-6 -4.47042e-6 -1 -0.7071068 -0.7071068 0 0.7071068 -0.7071068 0 0.7071111 0.7071026 0 -0.7071111 0.7071026 0 0 0 -1 0 0 -1 4.47038e-6 -2.23519e-6 -1 5.4186e-7 1 0 -0.7071068 0.7071068 0 0 0 -1 0 0 -1 0 0 -1 0 0 -1 0.7071065 1.05367e-6 -0.7071071 0 1 0 0 1 0 0 -1 0 0 1 0 1 -3.72528e-7 2.23517e-6 0 -1 0 0 -1 0 0 -1 2.23518e-6 0 0 1 0.7071053 -0.7071083 0 0.8944274 -0.4472132 1.3328e-6 -3.7253e-7 3.72529e-7 1 0 0 1 -1.11758e-6 -1 -1.31481e-7 1 0 1.49012e-6 -0.7071068 -0.7071068 0 0 -1 0 0 1 0 0 -1 0 -0.7071083 0.7071053 0 5.96045e-6 0 -1 0 0 -1 -1 0 0 -1 -7.45058e-7 0 -0.8574931 0 0.5144956 -0.8574929 0 0.5144957 0 0 -1 0 0 -1 -5.96046e-7 1 0 -0.8574931 0 0.5144955 5.96046e-7 -1 0 -1 0 2.74495e-7 -0.7071072 -0.7071063 1.38641e-7 -1 0 2.74495e-7 -1 0 1.96068e-7 0.7071068 0.7071068 0 -0.5391643 0.5391641 0.6469962 -1 -7.45057e-7 -1.49011e-6 -1 0 1.49011e-6 0 0 1 0 0 1 0 0 1 -7.45057e-7 1 0 7.45059e-7 -1 0 0 0 1 0 0 1 0 0 1 0 0 1 0 0 -1 0 0 -1 -1 0 0 0 0 1 0 0 -1 -1 0 0 0 0 -1 0 0 -1 0 1 0 0 0 -1 0 0 -1 0 -1 7.4506e-7 -1 -3.72529e-7 -1.49013e-6 3.72529e-7 -1 7.45061e-7 -1 -5.58794e-7 7.45061e-7 -1 0 1.49011e-6 0 1 -7.45057e-7 0 1 0 0.7071073 -0.7071064 0 0.7071093 0 0.7071043 0.7071089 -5.26837e-7 0.7071047 0 -1.75308e-7 1 2.29249e-7 0 1 2.29249e-7 0 1 2.29249e-7 -2.29249e-7 1 1.75308e-7 -2.05325e-7 1 1.75308e-7 1.75308e-7 1 -2.29249e-7 0 1 -1.75308e-7 -1.75308e-7 1 -1.75308e-7 2.05325e-7 1 -2.29249e-7 0 1 0 1 -8.02366e-7 -0.7071092 -2.1778e-7 0.7071045 -0.4648069 0.4648069 0.7535974 1.71937e-7 -1 -9.1699e-7 -0.4648066 -0.4648075 0.7535973 1 7.4506e-7 0 0.7071076 1.05367e-6 -0.707106 -0.7071089 5.26837e-7 0.7071047 -0.707109 0 0.7071046 1 -1.11759e-6 -7.45056e-7 0.4648064 0.4648076 0.7535973 0.4648069 -0.4648069 0.7535974 0 1 0 0.8944274 0.4472134 -2.3324e-6 0.7071088 2.1778e-7 0.7071047 -0.7071072 0.7071063 0 0 1.75308e-7 1 0 -1 0 1 0 1.49012e-6 1 9.31323e-7 2.23518e-6 -3.72529e-7 1 1.49012e-6 1 -3.72531e-7 -1.49013e-6 0 0 -1 0 0 -1 1 0 0 0 0 -1 0 0 1 -3.72529e-7 -3.72529e-7 1 0 0 1 1 2.7093e-7 0 0 0 -1 0 0 -1 0 0 1 0 0 1 0 0 1 0 0 1 -1.49012e-6 1 0 0.8574931 2.32321e-7 0.5144954 7.45057e-7 -1 0 0 0 1 -0.7071068 -0.7071068 0 0.7071068 -0.7071068 0 0.7071068 0.7071068 0 -0.7071068 0.7071068 0 0 0 1 0.7071068 -0.7071068 0 0.7071068 0.7071068 0 -0.7071068 0.7071068 0 -0.7071068 -0.7071068 0 0 0 1 0 0 1 1 1.75308e-7 2.23518e-6 0 0 1 0 0 1 1 1.86265e-7 0 -1.86263e-7 1 -7.45056e-7 1 0 1.49011e-6 1 0 0 1 0 -7.45059e-7 5.58794e-7 -1 0 0 0 -1 1 1.49012e-6 0 0 0 1 0.7071053 0.7071083 0 1 0 0 -1.86265e-7 1 0 1 0 1.49012e-6 1 0 1.49012e-6 0.7071068 -0.7071068 0 0 0 -1 1 7.45057e-7 -1.49011e-6 0.5391641 -0.5391643 0.6469961 1 0 1.96068e-7 0 0 -1 1 0 1.96068e-7 0 1 0 0.5391641 0.5391637 0.6469966 -0.7071083 -0.7071053 0 -0.7071068 0.7071068 0 0 0 -1 0 0 -1 -2.98023e-6 0 -1 -0.539164 -0.5391638 0.6469964 0 -1 0 -1 0 1.49012e-6 -1 0 1.49012e-6 0 1 0 0 -1 0 0.7071073 0.7071063 1.38641e-7 1 0 2.74495e-7 -1.19209e-6 1 0 0.8574931 0 0.5144954 5.96046e-7 -1 0 0 -1 7.45061e-7 0 -1 0 0 -1 7.45061e-7 0 0 -1 0 0 -1 -1.86265e-7 1 0 0 1 1.49012e-6 -1 0 7.45059e-7 -1 0 0 0 -1 7.45061e-7 -1 -3.72529e-7 0 0.8574929 0 0.5144958 -1 0 7.45059e-7 0 0 1 0 0 1 3.72529e-7 3.72529e-7 1 -0.8944274 -0.4472134 -3.332e-7 3.72528e-7 -1 0 -1 3.7253e-7 7.45058e-7 -0.7071071 0 -0.7071066 1 2.23518e-6 3.97365e-7 -1 9.68036e-7 -1.49547e-7 -1 7.4506e-7 1.98682e-7 0 0 -1 0 1 0 -1 0 1.49012e-6 1.11758e-6 1 -1.31481e-7 3.72529e-7 -3.72529e-7 1 0 0 1 -0.8944272 0.4472134 0 0 1 2.23519e-6 -1 -3.7253e-7 7.45058e-7 -0.7071071 0 -0.7071066 -1 -7.4506e-7 1.98682e-7 0 0 1 -1 0 0 1 0 0 -0.7071071 0 -0.7071065 -0.7071065 0 0.707107 0.7071071 0 -0.7071065 0.7071065 0 0.707107 0 0 -1 -0.7071076 0 0.7071061 0 1 0 0.7071073 0 -0.7071062 0 -1 0 -0.7071076 0 -0.7071061 0.7071073 0 0.7071062 -0.7071076 0 0.7071061 0 1 0 0.7071076 0 -0.7071061 0 -1 0 -0.7071076 0 -0.7071061 0.7071076 0 0.7071061 -0.7071076 0 0.7071061 0 1 0 0.7071073 0 -0.7071062 0 -1 0 -0.7071076 0 -0.7071061 0.7071073 0 0.7071062 -0.7071076 0 0.7071061 0 1 0 0.7071076 0 -0.7071061 0 -1 0 -0.7071076 0 -0.7071061 0.7071076 0 0.7071061 0 -1 0 0 -1 0 0 -1 0 0 -1 0 0 -1 0 0 -1 0 0 -1 0 0 -1 0 0 -1 0 0 -1 0 0 -1 0 0 -1 0 0 0 1 0.7071067 0 0.707107 1 0 0 0.7071079 0 -0.7071057 0 0 -1 -0.7071079 0 -0.7071057 0 -1 0 0 -1 0 0 -1 0 0 -1 0 0 -1 0 -1 0 0 -0.7071067 0 0.707107 0 1 0 0 1 0 0 1 0 0 1 0 0 1 0 0 0 1 0.7071067 0 0.707107 1 0 0 0.7071079 0 -0.7071057 0 0 -1 -0.7071079 0 -0.7071057 0 -1 0 0 -1 0 0 -1 0 0 -1 0 0 -1 0 -1 0 0 -0.7071067 0 0.707107 0 1 0 0 1 0 0 1 0 0 1 0 0 1 0 0 0 1 0.7071067 0 0.707107 1 0 0 0.7071079 0 -0.7071057 0 0 -1 -0.7071079 0 -0.7071057 0 -1 0 0 -1 0 0 -1 0 0 -1 0 0 -1 0 -1 0 0 -0.7071067 0 0.707107 0 1 0 0 1 0 0 1 0 0 1 0 0 1 0 0 0 1 0.7071067 0 0.707107 1 0 0 0.7071079 0 -0.7071057 0 0 -1 -0.7071079 0 -0.7071057 0 -1 0 0 -1 0 0 -1 0 0 -1 0 0 -1 0 -1 0 0 -0.7071067 0 0.707107 0 1 0 0 1 0 0 1 0 0 1 0 0 1 0 0 -1 0 0 -1 0 0 -1 0 0 -1 0 0 -1 0 0 -1 0 0 -1 0 0 -1 0 0 -1 0 0 -1 0 0 -1 0 0 -1 0 0 -1 0 0 -1 0 0 -1 0 0 -1 0 0 -1 0 0 -1 0 0 -1 0 0 -1 -7.45054e-7 0 -1 0 0 0 1 0 -1 0 2.98024e-6 1 0 0 -0.7071071 -0.7071065 0 -0.7071065 0.707107 2.10735e-6 0.7071068 -0.7071068 0 0.7071068 0.7071068 0 0 -1 0 -0.7071076 0.7071061 -1 0 0 0 0.7071071 -0.7071064 1 0 0 0 -0.7071076 -0.7071061 0 0.7071071 0.7071064 0 -0.7071068 0.7071068 -1 0 0 0 0.7071083 -0.7071053 1 0 0 0 -0.7071068 -0.7071068 0 0.7071083 0.7071053 0 -0.7071076 0.7071061 -1 0 0 0 0.7071071 -0.7071064 1 0 0 0 -0.7071076 -0.7071061 0 0.7071071 0.7071064 0 -0.7071068 0.7071068 -1 0 0 0 0.7071083 -0.7071053 1 0 0 0 -0.7071068 -0.7071068 0 0.7071083 0.7071053 1 5.08758e-6 5.08757e-6 1 0 0 1 5.08761e-6 -5.0876e-6 1 0 0 1 0 0 1 0 0 1 0 0 1 0 0 1 0 0 1 0 0 1 0 0 1 0 0 0 0 1 0 0.7071068 0.7071068 0 1 0 0 0.707108 -0.7071056 0 0 -1 0 -0.707108 -0.7071056 1 -1.19915e-6 -1.19915e-6 1 0 1.69586e-6 1 0 0 1 -1.19915e-6 -2.895e-6 1 0 0 0 -1 0 0 -0.7071068 0.7071068 1 -1.19915e-6 2.89501e-6 1 1.69586e-6 0 1 -1.19915e-6 1.19915e-6 1 0 0 1 0 0 0 0 1 0 0.7071068 0.7071068 0 1 0 0 0.707108 -0.7071056 0 0 -1 0 -0.707108 -0.7071056 1 0 0 1 0 0 1 0 0 1 0 0 1 0 0 0 -1 0 0 -0.7071068 0.7071068 -1 0 0 -1 0 0 -1 0 0 -1 0 0 -1 0 0 0 0 1 0 0.7071068 0.7071068 0 1 0 0 0.707108 -0.7071056 0 0 -1 0 -0.707108 -0.7071056 1 -1.19915e-6 -1.19915e-6 1 0 1.69586e-6 1 0 0 1 -1.19915e-6 -2.895e-6 1 0 0 0 -1 0 0 -0.7071068 0.7071068 1 -1.19915e-6 2.89501e-6 1 1.69586e-6 0 1 -1.19915e-6 1.19915e-6 1 0 0 1 0 0 0 0 1 0 0.7071068 0.7071068 0 1 0 0 0.707108 -0.7071056 0 0 -1 0 -0.707108 -0.7071056 1 0 0 1 0 0 1 0 0 1 0 0 1 0 0 0 -1 0 0 -0.7071068 0.7071068 -1 0 0 -1 0 0 -1 0 0 -1 0 0 -1 0 0 1 1.27189e-6 4.23965e-7 1 0 0 1 0 0 1 0 0 1 0 0 1 0 0 1 4.69835e-7 4.69835e-7 1 0 0 1 1.69586e-6 0 1 -1.19915e-6 0 1 0 0 1 0 0 1 0 0 1 0 0 1 0 0 1 0 0 1 0 0 1 0 0 1 0 0 1 0 8.59678e-7 1 0 0 0 0 1 1 0 0 -1 2.98024e-6 0 0.7071071 0 -0.7071065 0.7071065 0 0.7071071 -0.7071074 2.10735e-6 -0.7071063 -0.7071068 2.10735e-6 0.7071068 0 0 -1 0.7071076 0 0.7071061 -1.05367e-6 1 -3.16101e-6 -0.7071071 0 -0.7071064 -1.05367e-6 1 3.16101e-6 0.7071076 0 -0.7071061 -0.7071071 0 0.7071064 0.7071068 0 0.7071068 0 -1 0 -0.7071083 0 -0.7071053 0 1 0 0.7071068 0 -0.7071068 -0.7071083 0 0.7071053 0.7071076 0 0.7071061 1.05367e-6 -1 -3.16101e-6 -0.7071071 0 -0.7071064 -1.05367e-6 1 3.16101e-6 0.7071076 0 -0.7071061 -0.7071071 0 0.7071064 0.7071068 0 0.7071068 0 -1 0 -0.7071083 0 -0.7071053 0 1 0 0.7071068 0 -0.7071068 -0.7071083 0 0.7071053 -1.43898e-5 1 1.01751e-5 0 1 0 -1.43899e-5 1 -1.01752e-5 0 1 0 -4.21469e-6 1 0 0 1 0 0 1 2.10734e-6 0 1 0 0 1 0 0 1 0 0 1 1.01752e-5 0 1 -2.10734e-6 0 0 1 -0.7071068 0 0.7071068 -1 0 0 -0.707108 0 -0.7071056 0 0 -1 0.707108 0 -0.7071056 2.3983e-6 1 -2.3983e-6 4.96705e-7 1 2.19256e-6 4.96705e-7 1 0 2.3983e-6 1 -4.09415e-6 4.96705e-7 1 4.96704e-7 1 0 0 0.7071068 0 0.7071068 2.3983e-6 1 4.09416e-6 -1.69586e-6 1 0 2.3983e-6 1 2.3983e-6 0 1 0 5.99576e-7 1 -2.48353e-7 0 0 1 -0.7071068 0 0.7071068 -1 0 0 -0.707108 0 -0.7071056 0 0 -1 0.707108 0 -0.7071056 0 1 0 0 1 0 0 1 0 0 1 0 0 1 0 1 0 0 0.7071068 0 0.7071068 0 -1 0 0 -1 0 0 -1 0 0 -1 0 0 -1 0 0 0 1 -0.7071068 0 0.7071068 -1 0 0 -0.707108 0 -0.7071056 0 0 -1 0.707108 0 -0.7071056 2.3983e-6 1 -2.3983e-6 4.96705e-7 1 2.19256e-6 4.96705e-7 1 0 2.3983e-6 1 -4.09415e-6 4.96705e-7 1 4.96704e-7 1 0 0 0.7071068 0 0.7071068 2.3983e-6 1 4.09416e-6 -1.69586e-6 1 0 2.3983e-6 1 2.3983e-6 0 1 0 5.99576e-7 1 -2.48353e-7 0 0 1 -0.7071068 0 0.7071068 -1 0 0 -0.707108 0 -0.7071056 0 0 -1 0.707108 0 -0.7071056 0 1 0 0 1 0 0 1 0 0 1 0 0 1 0 1 0 0 0.7071068 0 0.7071068 0 -1 0 0 -1 0 0 -1 0 0 -1 0 0 -1 0 -1.27189e-6 1 4.23965e-7 -2.58819e-7 1 1.49625e-6 0 1 0 0 1 0 0 1 0 -2.58819e-7 1 -1.49625e-6 5.26835e-7 1 1.5805e-6 9.93411e-7 1 0 -1.69586e-6 1 0 2.3983e-6 1 0 -3.72529e-7 1 -3.72529e-7 -3.72529e-7 1 0 -2.58819e-7 1 2.58819e-7 -3.72529e-7 1 0 0 1 0 0 1 0 -2.95838e-7 1 0 0 1 0 0 1 0 0 1 0 0 1 0 0 0 1 0 1 0 -2.98024e-6 -1 0 0 0.7071071 -0.7071065 0 0.7071066 0.7071071 -2.10735e-6 -0.7071074 -0.7071063 -2.10735e-6 -0.7071068 0.7071068 0 0 -1 0 0.7071076 0.7071061 -1 -2.10734e-6 -2.10734e-6 0 -0.7071071 -0.7071064 -1 -2.10734e-6 2.10734e-6 0 0.7071076 -0.7071061 0 -0.7071071 0.7071064 0 0.7071068 0.7071068 1 0 0 0 -0.7071083 -0.7071053 -1 0 0 0 0.7071068 -0.7071068 0 -0.7071083 0.7071053 0 0.7071076 0.7071061 1 2.10734e-6 -2.10734e-6 0 -0.7071071 -0.7071064 -1 -2.10734e-6 2.10734e-6 0 0.7071076 -0.7071061 0 -0.7071071 0.7071064 0 0.7071068 0.7071068 1 0 0 0 -0.7071083 -0.7071053 -1 0 0 0 0.7071068 -0.7071068 0 -0.7071083 0.7071053 -1 -1.43898e-5 1.01751e-5 -1 0 0 -1 -1.43899e-5 -1.01752e-5 -1 0 0 -1 -4.21469e-6 0 -1 0 0 -1 1.28616e-7 -1.28616e-7 -1 0 0 -1 0 0 -1 0 0 -1 0 1.01752e-5 -1 1.28616e-7 1.28616e-7 0 0 1 0 -0.7071071 0.7071065 -1.49012e-6 -1 0 0 -0.7071083 -0.7071053 0 0 -1 0 0.707108 -0.7071056 -1 2.3983e-6 -2.3983e-6 -1 -3.39172e-6 0 -1 2.3983e-6 -5.79e-6 -1 0 0 -1 0 0 0 1 0 0 0.7071068 0.7071068 1 -2.3983e-6 -5.79002e-6 1 0 0 1 0 0 1 -2.3983e-6 -2.3983e-6 1 0 3.3917e-6 0 0 1 0 -0.7071068 0.7071068 0 -1 0 0 -0.707108 -0.7071056 0 0 -1 0 0.707108 -0.7071056 -1 0 0 -1 0 0 -1 0 0 -1 0 0 -1 0 0 0 1 0 0 0.7071068 0.7071068 1 0 0 1 0 0 1 0 0 1 0 0 1 0 0 0 0 1 0 -0.7071071 0.7071065 -1.49012e-6 -1 0 0 -0.7071083 -0.7071053 0 0 -1 0 0.707108 -0.7071056 -1 2.3983e-6 -2.3983e-6 -1 -3.39172e-6 0 -1 2.3983e-6 -5.79e-6 -1 0 0 -1 0 0 0 1 0 0 0.7071068 0.7071068 1 -2.3983e-6 -5.79002e-6 1 0 0 1 0 0 1 -2.3983e-6 -2.3983e-6 1 0 3.3917e-6 0 0 1 0 -0.7071068 0.7071068 0 -1 0 0 -0.707108 -0.7071056 0 0 -1 0 0.707108 -0.7071056 -1 0 0 -1 0 0 -1 0 0 -1 0 0 -1 0 0 0 1 0 0 0.7071068 0.7071068 1 0 0 1 0 0 1 0 0 1 0 0 1 0 0 -1 -1.60412e-6 1.7876e-6 -1 -2.5882e-7 2.48967e-6 -1 0 0 -1 0 0 -1 0 0 -1 -2.5882e-7 -2.48966e-6 -1 0 0 -1 1.98682e-6 0 -1 -3.39172e-6 0 -1 2.3983e-6 0 -1 -3.72529e-7 -3.72529e-7 -1 -3.72529e-7 0 -1 -2.5882e-7 2.58819e-7 -1 -3.72529e-7 0 -1 0 0 -1 0 0 -1 -2.95838e-7 0 -1 0 0 -1 0 0 -1 0 0 -1 0 0 -1 0 0</float_array>
          <technique_common>
            <accessor source="#Cube-mesh-normals-array" count="1590" stride="3">
              <param name="X" type="float"/>
              <param name="Y" type="float"/>
              <param name="Z" type="float"/>
            </accessor>
          </technique_common>
        </source>
        <source id="Cube-mesh-map-0">
          <float_array id="Cube-mesh-map-0-array" count="9540">0.125 0.5833333 0.2083333 0.6666666 0.125 0.6666666 0.625 0.1111111 0.625 0.1111111 0.625 0.1000987 0.07692301 0 0 0.07692313 0 0.07692313 0.07692313 1 0.9230769 1 0.9230769 1 0.07692301 0 0 0.07692313 0 0.07692313 0 0 0 0.9230769 0 0.9230769 0 0 1 0.07692301 1 0.07692301 0.07692301 0 0 0.07692313 0 0.07692313 1 1 0.75 0.5 1 0.5 0.75 1 0.5 0.5 0.75 0.5 0.5 1 0.25 0.5 0.5 0.5 0.25 1 0 0.5 0.25 0.5 0 0.07692313 0.75 0.5 0.07692301 0 0 0 0 0.9230769 0.5376983 0.5221052 0.07692313 1 0.4623016 0.5221052 0.5376983 0.5221052 0 0 0.07692301 0 0 0 0 0 1 0.07692301 0 0 0.25 0.5 0 0 0 0 0.5 0.5 0.07692301 0 0.75 0.5 0.25 0.5 0 0 0.5 0.5 1 1 0.75 0.5 1 0.5 0.75 1 0.5 0.5 0.75 0.5 0.5 1 0.25 0.5 0.5 0.5 0.25 1 0 0.5 0.25 0.5 0 0.07692313 0.75 0.5 0.07692301 0 0.25 0.5 0 0 0 0 0.5 0.5 0.07692301 0 0.75 0.5 0.25 0.5 0 0 0.5 0.5 1 1 0.75 0.5 1 0.5 0.75 1 0.5 0.5 0.75 0.5 0.5 1 0.25 0.5 0.5 0.5 0.25 1 0 0.5 0.25 0.5 0 0.07692313 0.75 0.5 0.07692301 0 0.25 0.5 0 0 0 0 0.5 0.5 0.07692301 0 0.75 0.5 0.25 0.5 0 0 0.5 0.5 1 1 0.75 0.5 1 0.5 0.75 1 0.5 0.5 0.75 0.5 0.5 1 0.25 0.5 0.5 0.5 0.25 1 0 0.5 0.25 0.5 0 0.07692313 0.75 0.5 0.07692301 0 0.25 0.5 0 0 0 0 0.5 0.5 0.07692301 0 0.75 0.5 0.25 0.5 0 0 0.5 0.5 0 0.9230769 0 0.07692313 0.07692301 0 1 0.07692301 0.9230769 1 0 0.9230769 0.07692301 0 0.9230769 0 1 0.07692301 1 0.07692301 1 0.9230769 0.9230769 1 0.9230769 1 0.07692313 1 0 0.9230769 0 0.9230769 0.07692301 0 1 0.07692301 0 0 0.07692301 0 0.07692301 0 0.07692301 0 0 0.07692313 0 0.07692313 0.25 0.49 0.25 0.00999999 0.49 0.25 0.25 0.49 0.25 0.00999999 0.49 0.25 0.49 0.25 0.00999999 0.25 0.25 0.00999999 0.25 0.49 0.25 0.00999999 0.49 0.25 0.625 0.0951882 0.625 0.08333331 0.625 0.1111111 0 0 0 0 0.382353 0.6149557 0.375 0.5902778 0.375 0.5833333 0.375 0.5902778 0.375 0.5902778 0.375 0.615196 0.375 0.5902778 0.625 0.2857143 0.625 0.4642857 0.625 0.4642857 0.625 0.4642857 0.625 0.2857143 0.625 0.4642857 0.625 0.9642857 0.625 0.7857143 0.625 0.9642857 0.375 0.2857143 0.625 0.4642857 0.375 0.4642857 0.375 0.5833333 0.375 0.5902778 0.375 0.5833333 0.375 0.7857143 0.625 0.9642857 0.375 0.9642857 0.625 0.7857143 0.625 0.9642857 0.625 0.9642857 0.625 0.1000987 0.625 0.0951882 0.625 0.1111111 0.625 0.08333331 0.625 0.0951882 0.625 0.09027779 0 0 0.2386364 0.3712123 0.375 0.5833333 0.875 0.5 0.625 0.75 0.625 0.5 0.625 0.75 0.375 1 0.375 0.75 0.375 0.615196 0.375 0.615196 0.375 0.615196 0.375 0.5972222 0.375 0.5833333 0.375 0.5833333 0.5 0.6388888 0.375 0.5833333 0.625 0.08333331 0.3750001 0.5833333 0.375 0.5972222 0.375 0.5833333 0.625 0 0.375 0.25 0.375 0 0.375 0.9642857 0.375 0.7857143 0.375 0.7857143 0.375 0.4642857 0.375 0.2857143 0.375 0.2857143 0 0 0.2386364 0.3712123 0 0 0.625 0.25 0.375 0.5 0.375 0.25 0.375 0.6388888 0.375 0.615196 0.375 0.615196 0.375 0.615196 0 0 0.375 0.615196 0 0 0 0 0 0 0.625 0.6111111 0.375 0.5 0.625 0.5 0.625 0.6666666 0.375 0.75 0.375 0.6666666 0.625 0.5357143 0.375 0.7142857 0.375 0.5357143 0.375 0.4642857 0.625 0.4642857 0.625 0.4642857 0.375 0.75 0.375 0.8026316 0.625 0.7857143 0.625 0.75 0.375 0.8026316 0.375 0.75 0.375 0.7857143 0.625 0.7857143 0.375 0.7857143 0.625 0.4473684 0.375 0.5 0.375 0.4473684 0.625 0.7857143 0.625 0.7857143 0.625 0.7857143 0.625 0.4642857 0.625 0.5357143 0.625 0.5357143 0.625 0.5357143 0.625 0.7142857 0.625 0.7142857 0.625 0.4642857 0.625 0.4642857 0.625 0.4642857 0.625 0.5 0.375 0.75 0.375 0.5 0.375 0.7857143 0.625 0.7142857 0.3223684 0.7000001 0.625 0.5 0.375 0.5833333 0.375 0.5 0.625 0.5833333 0.375 0.6666666 0.375 0.5833333 0.375 0.7857143 0 0 0.375 0.7142857 0 0 0.625 0.6666666 0.375 0.7142857 0.625 0.6666666 0.375 0.5357143 0.375 0.7142857 0.625 0.5833333 0.625 0.5 0.375 0.5357143 0.375 0.4642857 0.625 0.5 0.375 0.4642857 0.375 0.7857143 0 0 0 0 0.625 0.5 0.375 0.4642857 0.375 0.4642857 0.625 0.5 0.625 0.4473684 0.625 0.4642857 0.625 0.7857143 0.625 0.75 0.625 0.7142857 0.375 0.5 0.375 0.6111111 0.625 0.5357143 0.625 0.6111111 0.375 0.6388888 0.375 0.6111111 0.625 0.6388888 0.625 0.5357143 0.625 0.7142857 0.375 0.6111111 0.625 0.7142857 0.625 0.5357143 0.625 0.6388888 0.375 0.75 0.375 0.6388888 0.375 0.2857143 0.375 0.4642857 0.375 0.2857143 0 0 0.375 0.7857143 0 0 0 0 0.175 0.5833334 0.175 0.5833333 0.375 0.7857143 0.375 0.9642857 0.375 0.7857143 0.375 0.4642857 0.625 0.5 0.375 0.4642857 0.4134616 0.9166666 0.4075558 0.8238109 0.4134616 0.8333333 0.625 0.1388888 0.625 0.1666666 0.625 0.1388888 0.5769231 0.9166666 0.5769231 1 0.576923 1 0.3750001 0.5833333 0.375 0.5833333 0.2386364 0.3712123 0.625 0.08333331 0.625 0.1111111 0.625 0.1111111 0.625 0.1111111 0.625 0.1388888 0.625 0.1111111 0.675 0.6666666 0 0 0.675 0.6666666 0.625 0.4642857 0.625 0.5357143 0 0 0.375 0.615196 0.375 0.615196 0 0 0.675 0.6666666 0.625 0.1666666 0.625 0.1666666 0.625 0.7142857 0.625 0.7857143 0.625 0.7142857 0.6191062 0.1883031 0.625 0.0972222 0.625 0.08333331 0.6243416 0.1639144 0.625 0.1527777 0.6242973 0.1635789 0.375 0.5833333 0.375 0.5833333 0.625 0.08333331 0.625 0.1111111 0.625 0.1388888 0.625 0.1388888 0.6046313 0.4151352 0.6172521 0.2286783 0.6192208 0.1875391 0.6243416 0.1639144 0.625 0.1666666 0.625 0.1666666 0.6225361 0.1462481 0.625 0.1388888 0.625 0.1111111 0.624288 0.1532969 0.625 0.1527777 0.625 0.1388888 0.6033788 0.4336502 0.625 0.08333331 0.5769231 0.8333333 0.6225361 0.1462481 0.625 0.0972222 0.6192208 0.1875391 0 0 0.625 0.08333331 0 0 0 0 0.382353 0.6149557 0 0 0.375 0.5833333 0.375 0.5902778 0.375 0.5902778 0.6243416 0.1639144 0.625 0.1527777 0.6242973 0.1635789 0.375 0.5902778 0.375 0.5902778 0.375 0.615196 0.6191062 0.1883031 0.625 0.0972222 0.625 0.08333331 0.375 0.5902778 0.375 0.5833333 0.375 0.5833333 0.6225361 0.1462481 0.625 0.0972222 0.6192208 0.1875391 0.624288 0.1532969 0.625 0.1527777 0.625 0.1388888 0 0 0.2386364 0.3712123 0 0 0.375 0.615196 0.375 0.615196 0.375 0.615196 0.6225361 0.1462481 0.625 0.1388888 0.625 0.1111111 0.625 0.7142857 0.625 0.7857143 0.625 0.7142857 0.625 0.1111111 0.625 0.1388888 0.625 0.1388888 0.675 0.6666666 0.625 0.1666666 0.625 0.1666666 0.625 0.1388888 0.625 0.1111111 0.625 0.1111111 0.625 0.08333331 0.625 0.1111111 0.625 0.1111111 0.5769231 0.9166666 0.5769231 1 0.576923 1 0.625 0.1666666 0.625 0.1388888 0.625 0.1388888 0.375 0.4642857 0.625 0.5 0.375 0.4642857 0 0 0.375 0.7857143 0 0 0.625 0.6388888 0.375 0.75 0.375 0.6388888 0.375 0.6111111 0.625 0.7142857 0.625 0.5357143 0.375 0.5833333 0.375 0.5833333 0.375 0.5972222 0.625 0.7142857 0.625 0.6111111 0.625 0.5357143 0.625 0.6111111 0.375 0.6388888 0.375 0.6111111 0.375 0.5 0.375 0.6111111 0.625 0.5357143 0.625 0.7857143 0.625 0.75 0.625 0.7142857 0.625 0.5 0.625 0.4473684 0.625 0.4642857 0.625 0.5 0.375 0.4642857 0.375 0.4642857 0.625 0.5357143 0.375 0.7142857 0.375 0.5357143 0.375 0.7857143 0 0 0 0 0.375 0.4642857 0.625 0.5 0.375 0.4642857 0.625 0.5833333 0.625 0.5 0.375 0.5357143 0.625 0.5 0.375 0.75 0.375 0.5 0.625 0.25 0.375 0.5 0.375 0.25 0.625 0 0.375 0.25 0.375 0 0.625 0.75 0.375 1 0.375 0.75 0.875 0.5 0.625 0.75 0.625 0.5 0.625 0.08333331 0.625 0.0951882 0.625 0.09027779 0.625 0.1000987 0.625 0.0951882 0.625 0.1111111 0.625 0.0951882 0.625 0.08333331 0.625 0.1111111 0.625 0.1111111 0.625 0.1111111 0.625 0.1000987 0.625 0.1111111 0.625 0.0972222 0.625 0.1000987 0.625 0.0972222 0.625 0.09518826 0.625 0.1000987 0.625 0.09027779 0.625 0.09518826 0.625 0.08333331 0.625 0.09518826 0.625 0.0972222 0.625 0.08333331 0.625 0.08333331 0.625 0.08333331 0.625 0.09027779 0.625 0.5 0.375 0.75 0.375 0.5 0.625 0.25 0.375 0.5 0.375 0.25 0.625 0 0.375 0.25 0.375 0 0.625 0.75 0.375 1 0.375 0.75 0.875 0.5 0.625 0.75 0.625 0.5 0.625 0.08333331 0.625 0.0951882 0.625 0.09027779 0.625 0.1000987 0.625 0.0951882 0.625 0.1111111 0.625 0.0951882 0.625 0.08333331 0.625 0.1111111 0.625 0.1111111 0.625 0.1111111 0.625 0.1000987 0.625 0.1111111 0.625 0.0972222 0.625 0.1000987 0.625 0.0972222 0.625 0.09518826 0.625 0.1000987 0.625 0.09027779 0.625 0.09518826 0.625 0.08333331 0.625 0.09518826 0.625 0.0972222 0.625 0.08333331 0.625 0.08333331 0.625 0.08333331 0.625 0.09027779 0.375 0.615196 0.4999998 0.6765872 0.4999998 0.6765872 0.4999998 0.6765872 0.375 0.615196 0.375 0.615196 0.625 0.6666666 0.375 0.5357143 0.375 0.7142857 0 0 0.625 0.6666666 0.375 0.7142857 0.375 0.7857143 0 0 0.375 0.7142857 0.625 0.1388888 0.625 0.1666666 0.625 0.1388888 0.576923 1 0.5769231 0.9166666 0.576923 1 0.625 0.5833333 0.375 0.6666666 0.375 0.5833333 0.625 0.08333331 0.625 0.1111111 0.625 0.1110252 0.625 0.1111111 0.625 0.1388888 0.625 0.1111111 0.675 0.6666666 0.625 0.1666666 0.625 0.1666666 0.125 0.5833333 0.2083333 0.6666666 0.125 0.6666666 0.625 0.6666666 0.375 0.75 0.375 0.6666666 0.875 0.5 0.625 0.75 0.625 0.5 0.625 0.75 0.375 1 0.375 0.75 0.625 0.6111111 0.375 0.5 0.625 0.5 0.5 0.6388888 0.375 0.5833333 0.375 0.6388888 0.375 0.615196 0.4999998 0.6765872 0.375 0.615196 0.375 0.615196 0 0 0.375 0.615196 0.375 0.5972222 0.3750001 0.5833333 0.375 0.5833333 0.625 0 0.375 0.25 0.375 0 0 0 0.625 0.7142857 0.625 0.5357143 0.625 0.4642857 0 0 0.625 0.5357143 0.3750001 0.5833333 0.2386364 0.3712123 0.375 0.5833333 0.625 0.5 0.375 0.5833333 0.375 0.5 0.375 0.7857143 0.625 0.7142857 0.3223684 0.7000001 0.625 0.4642857 0.625 0.4642857 0.625 0.4642857 0 0 0 0 0 0 0.625 0.5357143 0.625 0.7142857 0.625 0.7142857 0.2386364 0.3712123 0 0 0 0 0.375 0.5357143 0.3223684 0.55 0.625 0.5357143 0.625 0.25 0.375 0.5 0.375 0.25 0.625 0.5 0.375 0.75 0.375 0.5 0 0 0 0 0 0 0.3750001 0.5833333 0.2386364 0.3712123 0.375 0.5833333 0.625 0.08333331 0.625 0.08333331 0.625 0.09027779 0.625 0.09518826 0.625 0.0972222 0.625 0.08333331 0.625 0.4642857 0 0 0.625 0.5357143 0.625 0.09027779 0.625 0.09518826 0.625 0.08333331 0.625 0.5357143 0.4999998 0.6765872 0.625 0.7142857 0.625 0.08333331 0.625 0.08333331 0.625 0.09027779 0.625 0.0972222 0.625 0.09518826 0.625 0.1000987 0.625 0.1111111 0.625 0.0972222 0.625 0.1000987 0.625 0.09518826 0.625 0.0972222 0.625 0.08333331 0.375 0.615196 0.375 0.6388888 0.375 0.615196 0.625 0.09027779 0.625 0.09518826 0.625 0.08333331 0.375 0.5357143 0.3223684 0.55 0.625 0.5357143 0.2386364 0.3712123 0 0 0 0 0.375 0.5972222 0.3750001 0.5833333 0.375 0.5833333 0.4999998 0.6765872 0.375 0.615196 0.375 0.615196 -0.01071256 -0.01666402 0.175 0.5833333 0.175 0.5833334 0.4134616 0.9166666 0.4016502 0.8142886 0.4075558 0.8238109 0.625 0.0972222 0.625 0.09518826 0.625 0.1000987 0.625 0.1111111 0.625 0.0972222 0.625 0.1000987 0.625 0.4642857 0.625 0.5357143 0.625 0.5357143 0.625 0.7857143 0.625 0.7857143 0.625 0.7857143 0.625 0.4473684 0.375 0.5 0.375 0.4473684 0.375 0.7857143 0.625 0.7857143 0.375 0.7857143 0.625 0.1111111 0.625 0.1111111 0.625 0.1000987 0.625 0.75 0.375 0.8026316 0.375 0.75 0.5769231 0.75 0.5769231 0.8333333 0.5769231 0.8333333 0.5 0.6388888 0.375 0.5833333 0.375 0.6388888 0.5769231 0.75 0.5769231 0.8333333 0.5769231 0.8333333 0.375 0.75 0.375 0.8026316 0.625 0.7857143 0.675 0.6666666 0.625 0.1666666 0.625 0.1666666 0.625 0.0951882 0.625 0.08333331 0.625 0.1111111 0.625 0.1000987 0.625 0.0951882 0.625 0.1111111 0 0 0.675 0.6666666 0.675 0.6666666 0.625 0.1388888 0.625 0.1111111 0.625 0.1111111 0.625 0.08333331 0.625 0.1111111 0.625 0.1110252 0.625 0.08333331 0.625 0.0951882 0.625 0.09027779 0.576923 1 0.5769231 0.9166666 0.576923 1 0.625 0.1666666 0.625 0.1388888 0.625 0.1388888 0.375 0.4642857 0.625 0.4642857 0.625 0.4642857 0.4999998 0.6765872 0.375 0.615196 0.375 0.615196 0.375 0.615196 0.4999998 0.6765872 0.4999998 0.6765872 0.375 0.5833333 0.375 0.5833333 0.375 0.5972222 0.375 0.615196 0.375 0.615196 0.375 0.615196 0 0 0.2386364 0.3712123 0 0 0.375 0.5833333 0.625 0.08333331 0.375 0.5833333 0.375 0.5902778 0.375 0.5833333 0.375 0.5833333 0.375 0.5902778 0.375 0.5902778 0.375 0.615196 0.375 0.5833333 0.375 0.5902778 0.375 0.5902778 0.625 0.08333331 0 0 0 0 0.04619038 0.07429009 0 0 0 0 0 0 0.625 0.08333331 0 0 0.375 0.5833333 0.375 0.5833333 0.625 0.08333331 0.375 0.615196 0.375 0.615196 0 0 0.625 0.4642857 0.625 0.5357143 0 0 0.3750001 0.5833333 0.375 0.5833333 0.2386364 0.3712123 0 0 0 0 0 0 0 0 0.2386364 0.3712123 0 0 0.3750001 0.5833333 0.375 0.5972222 0.375 0.5833333 0.5 0.6388888 0.375 0.5833333 0.625 0.08333331 0.375 0.5972222 0.375 0.5833333 0.375 0.5833333 0.375 0.615196 0.375 0.615196 0.375 0.615196 0 0 0.2386364 0.3712123 0.375 0.5833333 0.375 0.5833333 0.375 0.5902778 0.375 0.5833333 0.375 0.5902778 0.375 0.615196 0.375 0.5902778 0.375 0.5902778 0.375 0.5833333 0.375 0.5902778 0 0 0 0 0.382353 0.6149557 0.625 0.08333331 0 0 0 0 0.375 0.5833333 0.625 0.08333331 0.375 0.5833333 0.8583334 0.5 0.6416667 0.75 0.6416667 0.5 0.6083334 0 0.3916667 0.25 0.3916667 0 0.6083334 0.5 0.3916667 0.75 0.3916667 0.5 0.375 0 0.3916667 0.25 0.375 0.25 0.625 0.25 0.6083334 0 0.625 0 0.3583334 0.5 0.3916667 0.75 0.3583333 0.75 0.6416667 0.75 0.6083334 0.5 0.6416667 0.5 0.3583334 0.5 0.1416666 0.75 0.1416667 0.5 0.625 0 0.375 0.25 0.375 0 0.375 0.25 0.625 0.5 0.375 0.5 0.625 0.5 0.375 0.75 0.375 0.5 0.625 0.75 0.375 1 0.375 0.75 0.375 0.5 0.125 0.75 0.125 0.5 0.875 0.5 0.625 0.75 0.625 0.5 0.625 0 0.375 0.25 0.375 0 0.375 0.25 0.625 0.5 0.375 0.5 0.625 0.5 0.375 0.75 0.375 0.5 0.625 0.75 0.375 1 0.375 0.75 0.375 0.5 0.125 0.75 0.125 0.5 0.875 0.5 0.625 0.75 0.625 0.5 0.625 0 0.375 0.25 0.375 0 0.375 0.25 0.625 0.5 0.375 0.5 0.625 0.5 0.375 0.75 0.375 0.5 0.625 0.75 0.375 1 0.375 0.75 0.375 0.5 0.125 0.75 0.125 0.5 0.875 0.5 0.625 0.75 0.625 0.5 0.625 0 0.375 0.25 0.375 0 0.375 0.25 0.625 0.5 0.375 0.5 0.625 0.5 0.375 0.75 0.375 0.5 0.625 0.75 0.375 1 0.375 0.75 0.375 0.5 0.125 0.75 0.125 0.5 0.875 0.5 0.625 0.75 0.625 0.5 0.375 0 0.375 0.25 0.3916667 0 0.3583333 0.75 0.625 0.5 0.375 0.5 0.375 0.25 0.625 0 0.6083334 0 0.3916667 0 0.375 0.25 0.6083334 0 0 0 0 0 0 0 0.625 0.25 0.6416667 0.75 0.625 0 0 0 0 0 0 0 0 0 0 0 0 0 0 0 0.3916667 0.75 0 0 0 0 0 0 0 0 0.375 0.5 0.375 0 0.3583333 0.75 0 0 0 0 0 0 1 1 0.875 0.5 1 0.5 0.875 1 0.75 0.5 0.875 0.5 0.75 1 0.625 0.5 0.75 0.5 0.625 1 0.5 0.5 0.625 0.5 0.5 1 0.375 0.5 0.5 0.5 0.375 1 0.25 0.5 0.375 0.5 0.49 0.25 0.25 0.49 0.00999999 0.25 0.25 1 0.125 0.5 0.25 0.5 0.125 1 0 0.5 0.125 0.5 0.5802944 0.4197056 0.9197056 0.4197056 0.9197056 0.08029437 1 1 0.875 0.5 1 0.5 0.875 1 0.75 0.5 0.875 0.5 0.75 1 0.625 0.5 0.75 0.5 0.625 1 0.5 0.5 0.625 0.5 0.5 1 0.375 0.5 0.5 0.5 0.375 1 0.25 0.5 0.375 0.5 0.49 0.25 0.25 0.49 0.00999999 0.25 0.25 1 0.125 0.5 0.25 0.5 0.125 1 0 0.5 0.125 0.5 0.5802944 0.4197056 0.9197056 0.4197056 0.9197056 0.08029437 1 1 0.875 0.5 1 0.5 0.875 1 0.75 0.5 0.875 0.5 0.75 1 0.625 0.5 0.75 0.5 0.625 1 0.5 0.5 0.625 0.5 0.5 1 0.375 0.5 0.5 0.5 0.375 1 0.25 0.5 0.375 0.5 0.49 0.25 0.25 0.49 0.00999999 0.25 0.25 1 0.125 0.5 0.25 0.5 0.125 1 0 0.5 0.125 0.5 0.5802944 0.4197056 0.9197056 0.4197056 0.9197056 0.08029437 1 1 0.875 0.5 1 0.5 0.875 1 0.75 0.5 0.875 0.5 0.75 1 0.625 0.5 0.75 0.5 0.625 1 0.5 0.5 0.625 0.5 0.5 1 0.375 0.5 0.5 0.5 0.375 1 0.25 0.5 0.375 0.5 0.49 0.25 0.25 0.49 0.00999999 0.25 0.25 1 0.125 0.5 0.25 0.5 0.125 1 0 0.5 0.125 0.5 0.5802944 0.4197056 0.9197056 0.4197056 0.9197056 0.08029437 0.125 0.5 0.625 0.5 0.375 0.5 0 0.5 0.875 0.5 0.625 0.5 0.875 0.5 0 0 0.625 0.5 0.875 0.5 0 0 0 0 0 0 0 0 0 0 0.625 0.5 0 0 0 0 0 0 0 0 0 0 0.625 0.5 0 0 0 0 0 0 0 0 0 0 0 0 0.5 0.5 0.375 0.5 0.375 0.5 0 0 0 0 0 0 0.375 0.5 0 0 0 0 0 0 0 0 0 0 0.125 0.5 0 0 0.125 0.5 0 0 0 0 0 0 0 0 0 0 0 0 0 0 0 0 0 0 0 0 0 0 0 0 0 0 0 0 0 0 0 0 0 0 0 0 0 0 0 0 0 0 0 0 0 0 0 0 0 0 0 0 0 0 0 0 0 0 0 0 0.75 0.49 0 0 0.51 0.25 0 0 0 0 0.99 0.25 0 0 0 0 0 0 0.625 0.5 0.5 0.5 0.75 0.49 0.5 0.5 0 0 0 0 0.6083334 0.25 0.625 0.25 0.625 0.25 0.5769231 0.8333333 0 0 0.6416667 0.5 0.6083334 0.5 0.5769231 0.8333333 0.5769231 0.8333333 0.3916667 0.5 0.375 0.6388888 0.3916667 0.5 0.3583334 0.5 0.375 0.6388888 0.3583334 0.5 0.4134616 0.9166666 0.375 0.6388888 0.1416667 0.5 0.3916667 0.25 0.4134616 0.9166666 0.3916667 0.25 0 0 0.4134616 0.9166666 0.8583334 0.5 0.6416667 0.75 0.6416667 0.5 0.6083334 0 0.3916667 0.25 0.3916667 0 0.6083334 0.5 0.3916667 0.75 0.3916667 0.5 0.375 0.25 0.3916667 0 0.3916667 0.25 0.625 0.25 0.6083334 0 0.625 0 0.3583334 0.5 0.3916667 0.75 0.3583333 0.75 0.6416667 0.5 0.6083334 0.75 0.6083334 0.5 0.3583334 0.5 0.1416666 0.75 0.1416667 0.5 0.625 0 0.375 0.25 0.375 0 0.375 0.25 0.625 0.5 0.375 0.5 0.625 0.5 0.375 0.75 0.375 0.5 0.625 0.75 0.375 1 0.375 0.75 0.375 0.5 0.125 0.75 0.125 0.5 0.875 0.5 0.625 0.75 0.625 0.5 0.625 0 0.375 0.25 0.375 0 0.375 0.25 0.625 0.5 0.375 0.5 0.625 0.5 0.375 0.75 0.375 0.5 0.625 0.75 0.375 1 0.375 0.75 0.375 0.5 0.125 0.75 0.125 0.5 0.875 0.5 0.625 0.75 0.625 0.5 0.625 0 0.375 0.25 0.375 0 0.375 0.25 0.625 0.5 0.375 0.5 0.625 0.5 0.375 0.75 0.375 0.5 0.625 0.75 0.375 1 0.375 0.75 0.375 0.5 0.125 0.75 0.125 0.5 0.875 0.5 0.625 0.75 0.625 0.5 0.625 0 0.375 0.25 0.375 0 0.375 0.25 0.625 0.5 0.375 0.5 0.625 0.5 0.375 0.75 0.375 0.5 0.625 0.75 0.375 1 0.375 0.75 0.375 0.5 0.125 0.75 0.125 0.5 0.875 0.5 0.625 0.75 0.625 0.5 0.375 0 0.375 0.25 0.3916667 0 0.3583333 0.75 0.625 0.5 0.375 0.5 0.375 0.25 0.625 0 0.6083334 0 0.3916667 0 0.375 0.25 0.6083334 0 0 0 0 0 0 0 0.625 0.25 0.6416667 0.75 0.625 0 0 0 0 0 0 0 0 0 0 0 0 0 0 0 0.3916667 0.75 0 0 0 0 0 0 0 0 0.3583333 0.75 0.375 0.5 0.375 0 0 0 0 0 0 0 1 1 0.875 0.5 1 0.5 0.875 1 0.75 0.5 0.875 0.5 0.75 1 0.625 0.5 0.75 0.5 0.625 1 0.5 0.5 0.625 0.5 0.5 0.5 0.375 1 0.375 0.5 0.375 1 0.25 0.5 0.375 0.5 0.4197056 0.08029437 0.49 0.25 0.00999999 0.25 0.25 1 0.125 0.5 0.25 0.5 0.125 0.5 0 1 0 0.5 0.5802944 0.4197056 0.5802944 0.08029437 0.9197056 0.08029437 1 1 0.875 0.5 1 0.5 0.875 1 0.75 0.5 0.875 0.5 0.75 1 0.625 0.5 0.75 0.5 0.625 1 0.5 0.5 0.625 0.5 0.5 1 0.375 0.5 0.5 0.5 0.375 1 0.25 0.5 0.375 0.5 0.4197056 0.08029437 0.49 0.25 0.00999999 0.25 0.25 1 0.125 0.5 0.25 0.5 0.125 1 0 0.5 0.125 0.5 0.51 0.25 0.5802944 0.4197056 0.9197056 0.08029437 1 1 0.875 0.5 1 0.5 0.875 1 0.75 0.5 0.875 0.5 0.75 1 0.625 0.5 0.75 0.5 0.625 1 0.5 0.5 0.625 0.5 0.5 0.5 0.375 1 0.375 0.5 0.375 1 0.25 0.5 0.375 0.5 0.4197056 0.08029437 0.49 0.25 0.00999999 0.25 0.25 1 0.125 0.5 0.25 0.5 0.125 0.5 0 1 0 0.5 0.5802944 0.4197056 0.5802944 0.08029437 0.9197056 0.08029437 1 1 0.875 0.5 1 0.5 0.875 1 0.75 0.5 0.875 0.5 0.75 1 0.625 0.5 0.75 0.5 0.625 1 0.5 0.5 0.625 0.5 0.5 1 0.375 0.5 0.5 0.5 0.375 1 0.25 0.5 0.375 0.5 0.4197056 0.08029437 0.49 0.25 0.00999999 0.25 0.25 1 0.125 0.5 0.25 0.5 0.125 1 0 0.5 0.125 0.5 0.51 0.25 0.5802944 0.4197056 0.9197056 0.08029437 0.125 0.5 0.625 0.5 0.375 0.5 0 0.5 0.875 0.5 0.625 0.5 0.625 0.5 0 0 0 0 0.875 0.5 0 0 0 0 0 0 0 0 0 0 0.625 0.5 0 0 0 0 0 0 0 0 0 0 0.625 0.5 0 0 0 0 0 0 0 0 0 0 0 0 0.5 0.5 0.375 0.5 0.375 0.5 0 0 0 0 0 0 0.375 0.5 0 0 0 0 0 0 0 0 0 0 0.125 0.5 0 0 0.125 0.5 0 0 0 0 0 0 0 0 0 0 0 0 0 0 0 0 0 0 0 0 0 0 0 0 0 0 0 0 0 0 0 0 0 0 0 0 0 0 0 0 0 0 0 0 0 0 0 0 0 0 0 0 0 0 0 0 0 0 0 0 0.75 0.49 0 0 0.51 0.25 0 0 0 0 0.99 0.25 0 0 0 0 0 0 0.625 0.5 0.5 0.5 0.75 0.49 0.5 0.5 0 0 0 0 0.6083334 0.25 0.625 0.25 0.625 0.25 0.5769231 0.8333333 0 0 0.6416667 0.5 0.6083334 0.5 0.5769231 0.8333333 0.5769231 0.8333333 0.3916667 0.5 0.375 0.6388888 0.3916667 0.5 0.3583334 0.5 0.375 0.6388888 0.3583334 0.5 0.4134616 0.9166666 0.375 0.6388888 0.1416667 0.5 0.3916667 0.25 0.4134616 0.9166666 0.3916667 0.25 0 0 0.4134616 0.9166666 0.8583334 0.5 0.6416667 0.75 0.6416667 0.5 0.6083334 0 0.3916667 0.25 0.3916667 0 0.6083334 0.5 0.3916667 0.75 0.3916667 0.5 0.375 0.25 0.3916667 0 0.3916667 0.25 0.625 0.25 0.6083334 0 0.625 0 0.3583334 0.5 0.3916667 0.75 0.3583333 0.75 0.6416667 0.5 0.6083334 0.75 0.6083334 0.5 0.1416667 0.5 0.3583333 0.75 0.1416666 0.75 0.625 0 0.375 0.25 0.375 0 0.375 0.25 0.625 0.5 0.625 0.25 0.625 0.5 0.375 0.75 0.375 0.5 0.625 0.75 0.375 1 0.375 0.75 0.125 0.5 0.375 0.75 0.125 0.75 0.625 0.5 0.875 0.75 0.625 0.75 0.625 0 0.375 0.25 0.375 0 0.375 0.25 0.625 0.5 0.375 0.5 0.625 0.5 0.375 0.75 0.375 0.5 0.625 0.75 0.375 1 0.375 0.75 0.375 0.5 0.125 0.75 0.125 0.5 0.875 0.5 0.625 0.75 0.625 0.5 0.625 0 0.375 0.25 0.375 0 0.375 0.25 0.625 0.5 0.375 0.5 0.625 0.5 0.375 0.75 0.375 0.5 0.625 0.75 0.375 1 0.375 0.75 0.125 0.5 0.375 0.75 0.125 0.75 0.625 0.5 0.875 0.75 0.625 0.75 0.625 0 0.375 0.25 0.375 0 0.375 0.25 0.625 0.5 0.375 0.5 0.625 0.5 0.375 0.75 0.375 0.5 0.625 0.75 0.375 1 0.375 0.75 0.375 0.5 0.125 0.75 0.125 0.5 0.875 0.5 0.625 0.75 0.625 0.5 0.375 0 0.375 0.25 0.3916667 0 0.3583333 0.75 0.625 0.5 0.375 0.5 0.375 0.25 0.625 0 0.6083334 0 0.3916667 0 0.375 0.25 0.6083334 0 0 0 0 0 0 0 0.625 0.25 0.6416667 0.75 0.625 0 0 0 0 0 0 0 0 0 0 0 0 0 0 0 0.3916667 0.75 0 0 0 0 0 0 0 0 0.375 0.5 0.375 0 0.3583333 0.75 0 0 0 0 0 0 1 1 0.875 0.5 1 0.5 0.875 1 0.75 0.5 0.875 0.5 0.75 1 0.625 0.5 0.75 0.5 0.625 1 0.5 0.5 0.625 0.5 0.5 0.5 0.375 1 0.375 0.5 0.375 1 0.25 0.5 0.375 0.5 0.4197056 0.08029437 0.49 0.25 0.00999999 0.25 0.25 1 0.125 0.5 0.25 0.5 0.125 0.5 0 1 0 0.5 0.5802944 0.4197056 0.5802944 0.08029437 0.9197056 0.08029437 1 1 0.875 0.5 1 0.5 0.875 1 0.75 0.5 0.875 0.5 0.75 1 0.625 0.5 0.75 0.5 0.625 1 0.5 0.5 0.625 0.5 0.5 1 0.375 0.5 0.5 0.5 0.375 1 0.25 0.5 0.375 0.5 0.49 0.25 0.25 0.49 0.00999999 0.25 0.25 1 0.125 0.5 0.25 0.5 0.125 1 0 0.5 0.125 0.5 0.5802944 0.4197056 0.9197056 0.4197056 0.9197056 0.08029437 1 1 0.875 0.5 1 0.5 0.875 1 0.75 0.5 0.875 0.5 0.75 1 0.625 0.5 0.75 0.5 0.625 1 0.5 0.5 0.625 0.5 0.5 0.5 0.375 1 0.375 0.5 0.375 1 0.25 0.5 0.375 0.5 0.4197056 0.08029437 0.49 0.25 0.00999999 0.25 0.25 1 0.125 0.5 0.25 0.5 0.125 0.5 0 1 0 0.5 0.5802944 0.4197056 0.5802944 0.08029437 0.9197056 0.08029437 1 1 0.875 0.5 1 0.5 0.875 1 0.75 0.5 0.875 0.5 0.75 1 0.625 0.5 0.75 0.5 0.625 1 0.5 0.5 0.625 0.5 0.5 1 0.375 0.5 0.5 0.5 0.375 1 0.25 0.5 0.375 0.5 0.49 0.25 0.25 0.49 0.00999999 0.25 0.25 1 0.125 0.5 0.25 0.5 0.125 1 0 0.5 0.125 0.5 0.5802944 0.4197056 0.9197056 0.4197056 0.9197056 0.08029437 0.125 0.5 0.625 0.5 0.375 0.5 0 0.5 0.875 0.5 0.625 0.5 0.625 0.5 0 0 0 0 0.875 0.5 0 0 0 0 0 0 0 0 0 0 0.625 0.5 0 0 0 0 0 0 0 0 0 0 0.625 0.5 0 0 0 0 0 0 0 0 0 0 0 0 0.5 0.5 0.375 0.5 0.375 0.5 0 0 0 0 0 0 0.375 0.5 0 0 0 0 0 0 0 0 0 0 0.125 0.5 0 0 0.125 0.5 0 0 0 0 0 0 0 0 0 0 0 0 0 0 0 0 0 0 0 0 0 0 0 0 0 0 0 0 0 0 0 0 0 0 0 0 0 0 0 0 0 0 0 0 0 0 0 0 0 0 0 0 0 0 0 0 0 0 0 0 0.75 0.49 0 0 0.51 0.25 0 0 0 0 0.99 0.25 0 0 0 0 0 0 0.625 0.5 0.5 0.5 0.75 0.49 0.5 0.5 0 0 0 0 0.6083334 0.25 0.625 0.25 0.625 0.25 0.5769231 0.8333333 0 0 0.6416667 0.5 0.6083334 0.5 0.5769231 0.8333333 0.5769231 0.8333333 0.3916667 0.5 0.375 0.6388888 0.3916667 0.5 0.3583334 0.5 0.375 0.6388888 0.3583334 0.5 0.4134616 0.9166666 0.375 0.6388888 0.1416667 0.5 0.3916667 0.25 0.4134616 0.9166666 0.3916667 0.25 0 0 0.4134616 0.9166666 0.8583334 0.5 0.6416667 0.75 0.6416667 0.5 0.6083334 0 0.3916667 0.25 0.3916667 0 0.6083334 0.5 0.3916667 0.75 0.3916667 0.5 0.375 0 0.3916667 0.25 0.375 0.25 0.625 0.25 0.6083334 0 0.625 0 0.3583334 0.5 0.3916667 0.75 0.3583333 0.75 0.6416667 0.5 0.6083334 0.75 0.6083334 0.5 0.1416667 0.5 0.3583333 0.75 0.1416666 0.75 0.625 0 0.375 0.25 0.375 0 0.375 0.25 0.625 0.5 0.625 0.25 0.625 0.5 0.375 0.75 0.375 0.5 0.625 0.75 0.375 1 0.375 0.75 0.125 0.5 0.375 0.75 0.125 0.75 0.875 0.5 0.625 0.75 0.625 0.5 0.625 0 0.375 0.25 0.375 0 0.375 0.25 0.625 0.5 0.375 0.5 0.625 0.5 0.375 0.75 0.375 0.5 0.625 0.75 0.375 1 0.375 0.75 0.375 0.5 0.125 0.75 0.125 0.5 0.875 0.5 0.625 0.75 0.625 0.5 0.625 0 0.375 0.25 0.375 0 0.375 0.25 0.625 0.5 0.375 0.5 0.625 0.5 0.375 0.75 0.375 0.5 0.625 0.75 0.375 1 0.375 0.75 0.125 0.5 0.375 0.75 0.125 0.75 0.875 0.5 0.625 0.75 0.625 0.5 0.625 0 0.375 0.25 0.375 0 0.375 0.25 0.625 0.5 0.375 0.5 0.625 0.5 0.375 0.75 0.375 0.5 0.625 0.75 0.375 1 0.375 0.75 0.375 0.5 0.125 0.75 0.125 0.5 0.875 0.5 0.625 0.75 0.625 0.5 0.375 0 0.375 0.25 0.3916667 0 0.3583333 0.75 0.625 0.5 0.375 0.5 0.375 0.25 0.625 0 0.6083334 0 0.3916667 0 0.375 0.25 0.6083334 0 0 0 0 0 0 0 0.625 0.25 0.6416667 0.75 0.625 0 0 0 0 0 0 0 0 0 0 0 0 0 0 0 0.3916667 0.75 0 0 0 0 0 0 0 0 0.375 0.5 0.375 0 0.3583333 0.75 0 0 0 0 0 0 1 1 0.875 0.5 1 0.5 0.875 0.5 0.75 1 0.75 0.5 0.75 1 0.625 0.5 0.75 0.5 0.625 1 0.5 0.5 0.625 0.5 0.5 0.5 0.375 1 0.375 0.5 0.375 1 0.25 0.5 0.375 0.5 0.49 0.25 0.25 0.49 0.00999999 0.25 0.25 1 0.125 0.5 0.25 0.5 0.125 0.5 0 1 0 0.5 0.51 0.25 0.5802944 0.4197056 0.9197056 0.08029437 1 1 0.875 0.5 1 0.5 0.875 1 0.75 0.5 0.875 0.5 0.75 1 0.625 0.5 0.75 0.5 0.625 1 0.5 0.5 0.625 0.5 0.5 1 0.375 0.5 0.5 0.5 0.375 1 0.25 0.5 0.375 0.5 0.49 0.25 0.25 0.49 0.00999999 0.25 0.25 1 0.125 0.5 0.25 0.5 0.125 1 0 0.5 0.125 0.5 0.5802944 0.4197056 0.9197056 0.4197056 0.9197056 0.08029437 1 1 0.875 0.5 1 0.5 0.875 0.5 0.75 1 0.75 0.5 0.75 1 0.625 0.5 0.75 0.5 0.625 1 0.5 0.5 0.625 0.5 0.5 0.5 0.375 1 0.375 0.5 0.375 1 0.25 0.5 0.375 0.5 0.49 0.25 0.25 0.49 0.00999999 0.25 0.25 1 0.125 0.5 0.25 0.5 0.125 0.5 0 1 0 0.5 0.51 0.25 0.5802944 0.4197056 0.9197056 0.08029437 1 1 0.875 0.5 1 0.5 0.875 1 0.75 0.5 0.875 0.5 0.75 1 0.625 0.5 0.75 0.5 0.625 1 0.5 0.5 0.625 0.5 0.5 1 0.375 0.5 0.5 0.5 0.375 1 0.25 0.5 0.375 0.5 0.49 0.25 0.25 0.49 0.00999999 0.25 0.25 1 0.125 0.5 0.25 0.5 0.125 1 0 0.5 0.125 0.5 0.5802944 0.4197056 0.9197056 0.4197056 0.9197056 0.08029437 0.125 0.5 0.625 0.5 0.375 0.5 0 0.5 0.875 0.5 0.625 0.5 0.625 0.5 0 0 0 0 0.875 0.5 0 0 0 0 0 0 0 0 0 0 0.625 0.5 0 0 0 0 0 0 0 0 0 0 0.625 0.5 0 0 0 0 0 0 0 0 0 0 0 0 0.5 0.5 0.375 0.5 0.375 0.5 0 0 0 0 0 0 0.375 0.5 0 0 0 0 0 0 0 0 0 0 0.125 0.5 0 0 0.125 0.5 0 0 0 0 0 0 0 0 0 0 0 0 0 0 0 0 0 0 0 0 0 0 0 0 0 0 0 0 0 0 0 0 0 0 0 0 0 0 0 0 0 0 0 0 0 0 0 0 0 0 0 0 0 0 0 0 0 0 0 0 0.75 0.49 0 0 0.51 0.25 0 0 0 0 0.99 0.25 0 0 0 0 0 0 0.625 0.5 0.5 0.5 0.75 0.49 0.5 0.5 0 0 0 0 0.6083334 0.25 0.625 0.25 0.625 0.25 0.5769231 0.8333333 0 0 0.6416667 0.5 0.6083334 0.5 0.5769231 0.8333333 0.3916667 0.5 0.375 0.6388888 0.5525298 0.8098434 0.3916667 0.5 0.3583334 0.5 0.375 0.6388888 0.3583334 0.5 0.4134616 0.9166666 0.375 0.6388888 0.1416667 0.5 0.3916667 0.25 0.4134616 0.9166666 0.3916667 0.25 0 0 0.4134616 0.9166666 0.125 0.5833333 0.2083333 0.5833333 0.2083333 0.6666666 0.07692301 0 0.07692301 0 0 0.07692313 0.07692313 1 0.07692313 1 0.9230769 1 0.07692301 0 0.07692301 0 0 0.07692313 0 0 0 0 0 0.9230769 0 0 0 0 1 0.07692301 0.07692301 0 0.07692301 0 0 0.07692313 1 1 0.75 1 0.75 0.5 0.75 1 0.5 1 0.5 0.5 0.5 1 0.25 1 0.25 0.5 0.25 1 0 1 0 0.5 0 0.07692313 1 0.5 0.75 0.5 0 0 0 0 0 0.9230769 0.07692313 1 0.9230769 1 0.4623016 0.5221052 0 0 0 0 0.07692301 0 0 0 0 0 1 0.07692301 0.25 0.5 1 0.5 0 0 0.5 0.5 0 0 0.07692301 0 1 1 0.75 1 0.75 0.5 0.75 1 0.5 1 0.5 0.5 0.5 1 0.25 1 0.25 0.5 0.25 1 0 1 0 0.5 0 0.07692313 1 0.5 0.75 0.5 0.25 0.5 1 0.5 0 0 0.5 0.5 0 0 0.07692301 0 1 1 0.75 1 0.75 0.5 0.75 1 0.5 1 0.5 0.5 0.5 1 0.25 1 0.25 0.5 0.25 1 0 1 0 0.5 0 0.07692313 1 0.5 0.75 0.5 0.25 0.5 1 0.5 0 0 0.5 0.5 0 0 0.07692301 0 1 1 0.75 1 0.75 0.5 0.75 1 0.5 1 0.5 0.5 0.5 1 0.25 1 0.25 0.5 0.25 1 0 1 0 0.5 0 0.07692313 1 0.5 0.75 0.5 0.25 0.5 1 0.5 0 0 0.5 0.5 0 0 0.07692301 0 0 0 0 0 0.07692301 0 0.07692301 0 0.07692301 0 0 0.07692313 0.25 0.49 0.00999999 0.25 0.25 0.00999999 0.25 0.49 0.00999999 0.25 0.25 0.00999999 0.49 0.25 0.25 0.49 0.00999999 0.25 0.25 0.49 0.00999999 0.25 0.25 0.00999999 0.375 0.5902778 0.375 0.5833333 0.375 0.5833333 0.625 0.2857143 0.625 0.2857143 0.625 0.4642857 0.625 0.4642857 0.625 0.2857143 0.625 0.2857143 0.625 0.9642857 0.625 0.7857143 0.625 0.7857143 0.375 0.2857143 0.625 0.2857143 0.625 0.4642857 0.375 0.5833333 0.375 0.5902777 0.375 0.5902778 0.375 0.7857143 0.625 0.7857143 0.625 0.9642857 0.625 0.7857143 0.625 0.7857143 0.625 0.9642857 0 0 0 0 0.2386364 0.3712123 0.875 0.5 0.875 0.75 0.625 0.75 0.625 0.75 0.625 1 0.375 1 0.375 0.615196 0.375 0.615196 0.375 0.615196 0.375 0.5833333 0.375 0.5972222 0.375 0.5972222 0.375 0.5972222 0.375 0.5972222 0.375 0.5972222 0.5 0.6388888 0.375 0.6388888 0.375 0.5833333 0.3750001 0.5833333 0.375 0.5972222 0.375 0.5972222 0.625 0 0.625 0.25 0.375 0.25 0.375 0.9642857 0.375 0.9642857 0.375 0.7857143 0.375 0.4642857 0.375 0.4642857 0.375 0.2857143 0 0 0.3750001 0.5833333 0.2386364 0.3712123 0.625 0.25 0.625 0.5 0.375 0.5 0.375 0.6388888 0.375 0.6388888 0.375 0.615196 0 0 0 0 0 0 0.625 0.6111111 0.375 0.6111111 0.375 0.5 0.625 0.6666666 0.625 0.75 0.375 0.75 0.625 0.5357143 0.625 0.7142857 0.375 0.7142857 0.375 0.4642857 0.375 0.4642857 0.625 0.4642857 0.625 0.7857143 0.625 0.7142857 0.375 0.75 0.625 0.7142857 0.375 0.6388888 0.375 0.75 0.625 0.75 0.625 0.8026316 0.375 0.8026316 0.375 0.7857143 0.625 0.7857143 0.625 0.7857143 0.625 0.4473684 0.625 0.5 0.375 0.5 0.625 0.7857143 0.625 0.7857143 0.625 0.7857143 0.625 0.4642857 0.625 0.4642857 0.625 0.5357143 0.625 0.5357143 0.625 0.5357143 0.625 0.7142857 0.625 0.4642857 0.625 0.4642857 0.625 0.4642857 0.625 0.5 0.625 0.75 0.375 0.75 0.375 0.7857143 0.375 0.7142857 0.625 0.7142857 0.625 0.5 0.625 0.5833333 0.375 0.5833333 0.625 0.5833333 0.625 0.6666666 0.375 0.6666666 0.375 0.7857143 0.375 0.7857143 0 0 0.625 0.6666666 0.625 0.5833333 0.375 0.5357143 0.375 0.4642857 0.375 0.5357143 0.625 0.5 0.375 0.7857143 0.375 0.7857143 0 0 0.625 0.5 0.625 0.5 0.375 0.4642857 0.625 0.4642857 0.625 0.5357143 0.625 0.5 0.625 0.5357143 0.625 0.6111111 0.625 0.5 0.625 0.8026316 0.625 0.75 0.625 0.7857143 0.625 0.75 0.625 0.6388888 0.625 0.7142857 0.625 0.5357143 0.3223684 0.55 0.375 0.5 0.3223684 0.55 0.625 0.4642857 0.375 0.5 0.625 0.6111111 0.625 0.6388888 0.375 0.6388888 0.625 0.6388888 0.625 0.6111111 0.625 0.5357143 0.375 0.6111111 0.375 0.6388888 0.625 0.7142857 0.625 0.6388888 0.625 0.75 0.375 0.75 0.375 0.2857143 0.375 0.4642857 0.375 0.4642857 0 0 0.375 0.7857143 0.375 0.7857143 0 0 -0.01071256 -0.01666402 0.175 0.5833334 0.375 0.7857143 0.375 0.9642857 0.375 0.9642857 0.375 0.4642857 0.625 0.5 0.625 0.5 0.4134616 0.9166666 0.4134616 0.9166666 0.4075558 0.8238109 0.625 0.1388888 0.625 0.1666666 0.625 0.1666666 0.5769231 0.9166666 0.5769231 0.9166666 0.5769231 1 0.625 0.08333331 0.625 0.08333331 0.625 0.1111111 0.625 0.1111111 0.625 0.1388888 0.625 0.1388888 0.675 0.6666666 0 0 0 0 0.675 0.6666666 0.675 0.6666666 0.625 0.1666666 0.625 0.7142857 0.625 0.7857143 0.625 0.7857143 0.6191062 0.1883031 0.6192208 0.1875391 0.625 0.0972222 0.6243416 0.1639144 0.625 0.1666666 0.625 0.1527777 0.625 0.1111111 0.625 0.1111111 0.625 0.1388888 0.6242572 0.1652304 0.6243416 0.1639144 0.624205 0.1650192 0.6243416 0.1639144 0.6242973 0.1635789 0.624205 0.1650192 0.6242973 0.1635789 0.624288 0.1532969 0.624205 0.1650192 0.624288 0.1532969 0.6225361 0.1462481 0.6241375 0.1556441 0.624205 0.1650192 0.624288 0.1532969 0.6241375 0.1556441 0.6192208 0.1875391 0.6191062 0.1883031 0.6033788 0.4336502 0.6225361 0.1462481 0.6192208 0.1875391 0.6172521 0.2286783 0.6172521 0.2286783 0.6241375 0.1556441 0.6225361 0.1462481 0.6192208 0.1875391 0.6033788 0.4336502 0.6046313 0.4151352 0.6243416 0.1639144 0.6242572 0.1652304 0.625 0.1666666 0.6225361 0.1462481 0.624288 0.1532969 0.625 0.1388888 0.624288 0.1532969 0.6242973 0.1635789 0.625 0.1527777 0.6033788 0.4336502 0.6191062 0.1883031 0.625 0.08333331 0.6225361 0.1462481 0.625 0.1111111 0.625 0.0972222 0 0 0.375 0.5833333 0.625 0.08333331 0.375 0.5833333 0.375 0.5833333 0.375 0.5902778 0.6243416 0.1639144 0.625 0.1666666 0.625 0.1527777 0.6191062 0.1883031 0.6192208 0.1875391 0.625 0.0972222 0.375 0.5902778 0.375 0.5902777 0.375 0.5833333 0.6225361 0.1462481 0.625 0.1111111 0.625 0.0972222 0.624288 0.1532969 0.6242973 0.1635789 0.625 0.1527777 0 0 0.375 0.5833333 0.2386364 0.3712123 0.375 0.615196 0.375 0.615196 0.375 0.615196 0.6225361 0.1462481 0.624288 0.1532969 0.625 0.1388888 0.625 0.7142857 0.625 0.7857143 0.625 0.7857143 0.625 0.1111111 0.625 0.1111111 0.625 0.1388888 0.675 0.6666666 0.675 0.6666666 0.625 0.1666666 0.625 0.1388888 0.625 0.1388888 0.625 0.1111111 0.625 0.08333331 0.625 0.08333331 0.625 0.1111111 0.5769231 0.9166666 0.5769231 0.9166666 0.5769231 1 0.625 0.1666666 0.625 0.1666666 0.625 0.1388888 0.375 0.4642857 0.625 0.5 0.625 0.5 0 0 0.375 0.7857143 0.375 0.7857143 0.625 0.6388888 0.625 0.75 0.375 0.75 0.375 0.6111111 0.375 0.6388888 0.625 0.7142857 0.375 0.5972222 0.375 0.5972222 0.375 0.5972222 0.375 0.5972222 0.375 0.5833333 0.375 0.5972222 0.625 0.7142857 0.625 0.6388888 0.625 0.6111111 0.625 0.6111111 0.625 0.6388888 0.375 0.6388888 0.625 0.5357143 0.3223684 0.55 0.375 0.5 0.3223684 0.55 0.625 0.4642857 0.375 0.5 0.625 0.8026316 0.625 0.75 0.625 0.7857143 0.625 0.75 0.625 0.6388888 0.625 0.7142857 0.625 0.4642857 0.625 0.5357143 0.625 0.5 0.625 0.5357143 0.625 0.6111111 0.625 0.5 0.625 0.5 0.625 0.5 0.375 0.4642857 0.625 0.5357143 0.625 0.7142857 0.375 0.7142857 0.375 0.7857143 0.375 0.7857143 0 0 0.375 0.4642857 0.375 0.5357143 0.625 0.5 0.625 0.5 0.625 0.75 0.375 0.75 0.625 0.25 0.625 0.5 0.375 0.5 0.625 0 0.625 0.25 0.375 0.25 0.625 0.75 0.625 1 0.375 1 0.875 0.5 0.875 0.75 0.625 0.75 0.625 0.5 0.625 0.75 0.375 0.75 0.625 0.25 0.625 0.5 0.375 0.5 0.625 0 0.625 0.25 0.375 0.25 0.625 0.75 0.625 1 0.375 1 0.875 0.5 0.875 0.75 0.625 0.75 0.375 0.615196 0.375 0.615196 0.4999998 0.6765872 0.4999998 0.6765872 0.4999998 0.6765872 0.375 0.615196 0.625 0.6666666 0.625 0.5833333 0.375 0.5357143 0.375 0.7857143 0.375 0.7857143 0 0 0.625 0.1388888 0.625 0.1666666 0.625 0.1666666 0.576923 1 0.5769231 0.9166666 0.5769231 0.9166666 0.625 0.5833333 0.625 0.6666666 0.375 0.6666666 0.625 0.08333331 0.625 0.08333331 0.625 0.1111111 0.625 0.1111111 0.625 0.1388888 0.625 0.1388888 0.675 0.6666666 0.675 0.6666666 0.625 0.1666666 0.125 0.5833333 0.2083333 0.5833333 0.2083333 0.6666666 0.625 0.6666666 0.625 0.75 0.375 0.75 0.875 0.5 0.875 0.75 0.625 0.75 0.625 0.75 0.625 1 0.375 1 0.625 0.6111111 0.375 0.6111111 0.375 0.5 0.5 0.6388888 0.625 0.08333331 0.375 0.5833333 0.375 0.615196 0.4999998 0.6765872 0.4999998 0.6765872 0.375 0.5972222 0.375 0.5972222 0.3750001 0.5833333 0.625 0 0.625 0.25 0.375 0.25 0 0 0.4999998 0.6765872 0.625 0.7142857 0.625 0.5 0.625 0.5833333 0.375 0.5833333 0.375 0.7857143 0.375 0.7142857 0.625 0.7142857 0.625 0.4642857 0.625 0.4642857 0.625 0.4642857 0 0 0 0 0 0 0.625 0.5357143 0.625 0.5357143 0.625 0.7142857 0.2386364 0.3712123 0.3750001 0.5833333 0 0 0.375 0.5357143 0.375 0.4642857 0.3223684 0.55 0.625 0.25 0.625 0.5 0.375 0.5 0.625 0.5 0.625 0.75 0.375 0.75 0 0 0 0 0 0 0.625 0.5357143 0 0 0.4999998 0.6765872 0.375 0.615196 0.375 0.6388888 0.375 0.6388888 0.375 0.5357143 0.375 0.4642857 0.3223684 0.55 0.2386364 0.3712123 0.3750001 0.5833333 0 0 0.375 0.5972222 0.375 0.5972222 0.3750001 0.5833333 0.4999998 0.6765872 0.4999998 0.6765872 0.375 0.615196 -0.01071256 -0.01666402 -0.02142518 -0.03332811 0.175 0.5833333 0.4134616 0.9166666 0.4134615 0.9166666 0.4016502 0.8142886 0.625 0.4642857 0.625 0.4642857 0.625 0.5357143 0.625 0.7857143 0.625 0.7857143 0.625 0.7857143 0.625 0.4473684 0.625 0.5 0.375 0.5 0.375 0.7857143 0.625 0.7857143 0.625 0.7857143 0.625 0.75 0.625 0.8026316 0.375 0.8026316 0.5769231 0.75 0.5769231 0.75 0.5769231 0.8333333 0.5 0.6388888 0.625 0.08333331 0.375 0.5833333 0.5769231 0.75 0.5769231 0.75 0.5769231 0.8333333 0.625 0.7857143 0.625 0.7142857 0.375 0.75 0.625 0.7142857 0.375 0.6388888 0.375 0.75 0.675 0.6666666 0.675 0.6666666 0.625 0.1666666 0 0 0 0 0.675 0.6666666 0.625 0.1388888 0.625 0.1388888 0.625 0.1111111 0.625 0.08333331 0.625 0.08333331 0.625 0.1111111 0.576923 1 0.5769231 0.9166666 0.5769231 0.9166666 0.625 0.1666666 0.625 0.1666666 0.625 0.1388888 0.375 0.4642857 0.375 0.4642857 0.625 0.4642857 0.4999998 0.6765872 0.4999998 0.6765872 0.375 0.615196 0.375 0.615196 0.375 0.615196 0.4999998 0.6765872 0.375 0.5972222 0.375 0.5972222 0.375 0.5972222 0.375 0.5972222 0.375 0.5833333 0.375 0.5972222 0.375 0.615196 0.375 0.615196 0.375 0.615196 0 0 0.375 0.5833333 0.2386364 0.3712123 0.375 0.5902778 0.375 0.5902777 0.375 0.5833333 0.375 0.5833333 0.375 0.5833333 0.375 0.5902778 0.625 0.08333331 0.375 0.5833333 0 0 0.04619038 0.07429009 0.382353 0.6149557 0 0 0 0 0.375 0.5833333 0.625 0.08333331 0 0 0 0 0 0 0 0 0.3750001 0.5833333 0.2386364 0.3712123 0.3750001 0.5833333 0.375 0.5972222 0.375 0.5972222 0.5 0.6388888 0.375 0.6388888 0.375 0.5833333 0.375 0.5833333 0.375 0.5972222 0.375 0.5972222 0.375 0.5972222 0.375 0.5972222 0.375 0.5972222 0.375 0.615196 0.375 0.615196 0.375 0.615196 0 0 0 0 0.2386364 0.3712123 0.375 0.5833333 0.375 0.5902777 0.375 0.5902778 0.375 0.5902778 0.375 0.5833333 0.375 0.5833333 0.625 0.08333331 0.375 0.5833333 0 0 0.8583334 0.5 0.8583334 0.75 0.6416667 0.75 0.6083334 0 0.6083334 0.25 0.3916667 0.25 0.6083334 0.5 0.6083334 0.75 0.3916667 0.75 0.375 0 0.3916667 0 0.3916667 0.25 0.625 0.25 0.6083334 0.25 0.6083334 0 0.3583334 0.5 0.3916667 0.5 0.3916667 0.75 0.6416667 0.75 0.6083334 0.75 0.6083334 0.5 0.3583334 0.5 0.3583333 0.75 0.1416666 0.75 0.625 0 0.625 0.25 0.375 0.25 0.375 0.25 0.625 0.25 0.625 0.5 0.625 0.5 0.625 0.75 0.375 0.75 0.625 0.75 0.625 1 0.375 1 0.375 0.5 0.375 0.75 0.125 0.75 0.875 0.5 0.875 0.75 0.625 0.75 0.625 0 0.625 0.25 0.375 0.25 0.375 0.25 0.625 0.25 0.625 0.5 0.625 0.5 0.625 0.75 0.375 0.75 0.625 0.75 0.625 1 0.375 1 0.375 0.5 0.375 0.75 0.125 0.75 0.875 0.5 0.875 0.75 0.625 0.75 0.625 0 0.625 0.25 0.375 0.25 0.375 0.25 0.625 0.25 0.625 0.5 0.625 0.5 0.625 0.75 0.375 0.75 0.625 0.75 0.625 1 0.375 1 0.375 0.5 0.375 0.75 0.125 0.75 0.875 0.5 0.875 0.75 0.625 0.75 0.625 0 0.625 0.25 0.375 0.25 0.375 0.25 0.625 0.25 0.625 0.5 0.625 0.5 0.625 0.75 0.375 0.75 0.625 0.75 0.625 1 0.375 1 0.375 0.5 0.375 0.75 0.125 0.75 0.875 0.5 0.875 0.75 0.625 0.75 0.375 0 0.375 0.5 0.375 0.25 0.3583333 0.75 0.3916667 0.75 0.625 0.5 0.375 0.25 0.625 0.25 0.625 0 0.3916667 0 0.375 0.25 0.375 0.25 0 0 0 0 0 0 0.625 0.25 0 0 0.6416667 0.75 0 0 0 0 0 0 0 0 0 0 0 0 0 0 0.625 0.5 0.3916667 0.75 0 0 0 0 0 0 0.375 0.5 0.375 0.5 0.375 0 0 0 0 0 0 0 1 1 0.875 1 0.875 0.5 0.875 1 0.75 1 0.75 0.5 0.75 1 0.625 1 0.625 0.5 0.625 1 0.5 1 0.5 0.5 0.5 1 0.375 1 0.375 0.5 0.375 1 0.25 1 0.25 0.5 0.49 0.25 0.4197056 0.4197056 0.25 0.49 0.25 0.49 0.08029437 0.4197056 0.00999999 0.25 0.00999999 0.25 0.08029437 0.08029437 0.25 0.00999999 0.25 0.00999999 0.4197056 0.08029437 0.00999999 0.25 0.4197056 0.08029437 0.49 0.25 0.00999999 0.25 0.25 1 0.125 1 0.125 0.5 0.125 1 0 1 0 0.5 0.5802944 0.4197056 0.75 0.49 0.9197056 0.4197056 0.9197056 0.4197056 0.99 0.25 0.9197056 0.08029437 0.9197056 0.08029437 0.75 0.00999999 0.5802944 0.08029437 0.5802944 0.08029437 0.51 0.25 0.9197056 0.08029437 0.51 0.25 0.5802944 0.4197056 0.9197056 0.08029437 1 1 0.875 1 0.875 0.5 0.875 1 0.75 1 0.75 0.5 0.75 1 0.625 1 0.625 0.5 0.625 1 0.5 1 0.5 0.5 0.5 1 0.375 1 0.375 0.5 0.375 1 0.25 1 0.25 0.5 0.49 0.25 0.4197056 0.4197056 0.25 0.49 0.25 0.49 0.08029437 0.4197056 0.00999999 0.25 0.00999999 0.25 0.08029437 0.08029437 0.25 0.00999999 0.25 0.00999999 0.4197056 0.08029437 0.00999999 0.25 0.4197056 0.08029437 0.49 0.25 0.00999999 0.25 0.25 1 0.125 1 0.125 0.5 0.125 1 0 1 0 0.5 0.5802944 0.4197056 0.75 0.49 0.9197056 0.4197056 0.9197056 0.4197056 0.99 0.25 0.9197056 0.08029437 0.9197056 0.08029437 0.75 0.00999999 0.5802944 0.08029437 0.5802944 0.08029437 0.51 0.25 0.9197056 0.08029437 0.51 0.25 0.5802944 0.4197056 0.9197056 0.08029437 1 1 0.875 1 0.875 0.5 0.875 1 0.75 1 0.75 0.5 0.75 1 0.625 1 0.625 0.5 0.625 1 0.5 1 0.5 0.5 0.5 1 0.375 1 0.375 0.5 0.375 1 0.25 1 0.25 0.5 0.49 0.25 0.4197056 0.4197056 0.25 0.49 0.25 0.49 0.08029437 0.4197056 0.00999999 0.25 0.00999999 0.25 0.08029437 0.08029437 0.25 0.00999999 0.25 0.00999999 0.4197056 0.08029437 0.00999999 0.25 0.4197056 0.08029437 0.49 0.25 0.00999999 0.25 0.25 1 0.125 1 0.125 0.5 0.125 1 0 1 0 0.5 0.5802944 0.4197056 0.75 0.49 0.9197056 0.4197056 0.9197056 0.4197056 0.99 0.25 0.9197056 0.08029437 0.9197056 0.08029437 0.75 0.00999999 0.5802944 0.08029437 0.5802944 0.08029437 0.51 0.25 0.9197056 0.08029437 0.51 0.25 0.5802944 0.4197056 0.9197056 0.08029437 1 1 0.875 1 0.875 0.5 0.875 1 0.75 1 0.75 0.5 0.75 1 0.625 1 0.625 0.5 0.625 1 0.5 1 0.5 0.5 0.5 1 0.375 1 0.375 0.5 0.375 1 0.25 1 0.25 0.5 0.49 0.25 0.4197056 0.4197056 0.25 0.49 0.25 0.49 0.08029437 0.4197056 0.00999999 0.25 0.00999999 0.25 0.08029437 0.08029437 0.25 0.00999999 0.25 0.00999999 0.4197056 0.08029437 0.00999999 0.25 0.4197056 0.08029437 0.49 0.25 0.00999999 0.25 0.25 1 0.125 1 0.125 0.5 0.125 1 0 1 0 0.5 0.5802944 0.4197056 0.75 0.49 0.9197056 0.4197056 0.9197056 0.4197056 0.99 0.25 0.9197056 0.08029437 0.9197056 0.08029437 0.75 0.00999999 0.5802944 0.08029437 0.5802944 0.08029437 0.51 0.25 0.9197056 0.08029437 0.51 0.25 0.5802944 0.4197056 0.9197056 0.08029437 0.125 0.5 0 0.5 0.625 0.5 0.875 0.5 0 0 0 0 0 0 0 0 0 0 0 0 0.625 0.5 0 0 0 0 0 0 0 0 0.375 0.5 0 0 0 0 0 0 0 0 0 0 0.125 0.5 0 0 0 0 0 0 0 0 0 0 0 0 0 0 0 0 0 0 0 0 0 0 0 0 0 0 0 0 0 0 0 0 0 0 0 0 0 0 0 0 0 0 0 0 0 0 0 0 0 0 0 0 0.75 0.49 0.51 0.25 0.5 0.5 0.625 0.25 0.6416667 0.5 0.5769231 0.8333333 0.5769231 0.8333333 0.6083334 0.5 0.3916667 0.5 0.3583334 0.5 0.1416667 0.5 0.4134616 0.9166666 0.3916667 0.25 0.6083334 0.25 0 0 0.8583334 0.5 0.8583334 0.75 0.6416667 0.75 0.6083334 0 0.6083334 0.25 0.3916667 0.25 0.6083334 0.5 0.6083334 0.75 0.3916667 0.75 0.375 0.25 0.375 0 0.3916667 0 0.625 0.25 0.6083334 0.25 0.6083334 0 0.3583334 0.5 0.3916667 0.5 0.3916667 0.75 0.6416667 0.5 0.6416667 0.75 0.6083334 0.75 0.3583334 0.5 0.3583333 0.75 0.1416666 0.75 0.625 0 0.625 0.25 0.375 0.25 0.375 0.25 0.625 0.25 0.625 0.5 0.625 0.5 0.625 0.75 0.375 0.75 0.625 0.75 0.625 1 0.375 1 0.375 0.5 0.375 0.75 0.125 0.75 0.875 0.5 0.875 0.75 0.625 0.75 0.625 0 0.625 0.25 0.375 0.25 0.375 0.25 0.625 0.25 0.625 0.5 0.625 0.5 0.625 0.75 0.375 0.75 0.625 0.75 0.625 1 0.375 1 0.375 0.5 0.375 0.75 0.125 0.75 0.875 0.5 0.875 0.75 0.625 0.75 0.625 0 0.625 0.25 0.375 0.25 0.375 0.25 0.625 0.25 0.625 0.5 0.625 0.5 0.625 0.75 0.375 0.75 0.625 0.75 0.625 1 0.375 1 0.375 0.5 0.375 0.75 0.125 0.75 0.875 0.5 0.875 0.75 0.625 0.75 0.625 0 0.625 0.25 0.375 0.25 0.375 0.25 0.625 0.25 0.625 0.5 0.625 0.5 0.625 0.75 0.375 0.75 0.625 0.75 0.625 1 0.375 1 0.375 0.5 0.375 0.75 0.125 0.75 0.875 0.5 0.875 0.75 0.625 0.75 0.375 0 0.375 0.5 0.375 0.25 0.3583333 0.75 0.3916667 0.75 0.625 0.5 0.375 0.25 0.625 0.25 0.625 0 0.3916667 0 0.375 0.25 0.375 0.25 0 0 0 0 0 0 0.625 0.25 0 0 0.6416667 0.75 0 0 0 0 0 0 0 0 0 0 0 0 0 0 0.625 0.5 0.3916667 0.75 0 0 0 0 0 0 0.3583333 0.75 0.375 0.5 0.375 0.5 0 0 0 0 0 0 1 1 0.875 1 0.875 0.5 0.875 1 0.75 1 0.75 0.5 0.75 1 0.625 1 0.625 0.5 0.625 1 0.5 1 0.5 0.5 0.5 0.5 0.5 1 0.375 1 0.375 1 0.25 1 0.25 0.5 0.49 0.25 0.4197056 0.4197056 0.25 0.49 0.25 0.49 0.08029437 0.4197056 0.49 0.25 0.08029437 0.4197056 0.00999999 0.25 0.49 0.25 0.00999999 0.25 0.08029437 0.08029437 0.25 0.00999999 0.25 0.00999999 0.4197056 0.08029437 0.00999999 0.25 0.25 1 0.125 1 0.125 0.5 0.125 0.5 0.125 1 0 1 0.9197056 0.4197056 0.75 0.49 0.5802944 0.4197056 0.5802944 0.4197056 0.51 0.25 0.5802944 0.08029437 0.5802944 0.08029437 0.75 0.00999999 0.9197056 0.08029437 0.9197056 0.08029437 0.99 0.25 0.9197056 0.4197056 0.9197056 0.4197056 0.5802944 0.4197056 0.9197056 0.08029437 1 1 0.875 1 0.875 0.5 0.875 1 0.75 1 0.75 0.5 0.75 1 0.625 1 0.625 0.5 0.625 1 0.5 1 0.5 0.5 0.5 1 0.375 1 0.375 0.5 0.375 1 0.25 1 0.25 0.5 0.49 0.25 0.4197056 0.4197056 0.00999999 0.25 0.4197056 0.4197056 0.25 0.49 0.00999999 0.25 0.25 0.49 0.08029437 0.4197056 0.00999999 0.25 0.00999999 0.25 0.08029437 0.08029437 0.25 0.00999999 0.25 0.00999999 0.4197056 0.08029437 0.00999999 0.25 0.25 1 0.125 1 0.125 0.5 0.125 1 0 1 0 0.5 0.5802944 0.4197056 0.75 0.49 0.9197056 0.08029437 0.75 0.49 0.9197056 0.4197056 0.9197056 0.08029437 0.9197056 0.4197056 0.99 0.25 0.9197056 0.08029437 0.9197056 0.08029437 0.75 0.00999999 0.5802944 0.08029437 0.5802944 0.08029437 0.51 0.25 0.9197056 0.08029437 1 1 0.875 1 0.875 0.5 0.875 1 0.75 1 0.75 0.5 0.75 1 0.625 1 0.625 0.5 0.625 1 0.5 1 0.5 0.5 0.5 0.5 0.5 1 0.375 1 0.375 1 0.25 1 0.25 0.5 0.49 0.25 0.4197056 0.4197056 0.25 0.49 0.25 0.49 0.08029437 0.4197056 0.49 0.25 0.08029437 0.4197056 0.00999999 0.25 0.49 0.25 0.00999999 0.25 0.08029437 0.08029437 0.25 0.00999999 0.25 0.00999999 0.4197056 0.08029437 0.00999999 0.25 0.25 1 0.125 1 0.125 0.5 0.125 0.5 0.125 1 0 1 0.9197056 0.4197056 0.75 0.49 0.5802944 0.4197056 0.5802944 0.4197056 0.51 0.25 0.5802944 0.08029437 0.5802944 0.08029437 0.75 0.00999999 0.9197056 0.08029437 0.9197056 0.08029437 0.99 0.25 0.9197056 0.4197056 0.9197056 0.4197056 0.5802944 0.4197056 0.9197056 0.08029437 1 1 0.875 1 0.875 0.5 0.875 1 0.75 1 0.75 0.5 0.75 1 0.625 1 0.625 0.5 0.625 1 0.5 1 0.5 0.5 0.5 1 0.375 1 0.375 0.5 0.375 1 0.25 1 0.25 0.5 0.49 0.25 0.4197056 0.4197056 0.00999999 0.25 0.4197056 0.4197056 0.25 0.49 0.00999999 0.25 0.25 0.49 0.08029437 0.4197056 0.00999999 0.25 0.00999999 0.25 0.08029437 0.08029437 0.25 0.00999999 0.25 0.00999999 0.4197056 0.08029437 0.00999999 0.25 0.25 1 0.125 1 0.125 0.5 0.125 1 0 1 0 0.5 0.5802944 0.4197056 0.75 0.49 0.9197056 0.08029437 0.75 0.49 0.9197056 0.4197056 0.9197056 0.08029437 0.9197056 0.4197056 0.99 0.25 0.9197056 0.08029437 0.9197056 0.08029437 0.75 0.00999999 0.5802944 0.08029437 0.5802944 0.08029437 0.51 0.25 0.9197056 0.08029437 0.125 0.5 0 0.5 0.625 0.5 0.625 0.5 0.875 0.5 0 0 0 0 0 0 0 0 0 0 0.625 0.5 0 0 0 0 0 0 0 0 0.375 0.5 0 0 0 0 0 0 0 0 0 0 0.125 0.5 0 0 0 0 0 0 0 0 0 0 0 0 0 0 0 0 0 0 0 0 0 0 0 0 0 0 0 0 0 0 0 0 0 0 0 0 0 0 0 0 0 0 0 0 0 0 0 0 0 0 0 0 0.75 0.49 0.51 0.25 0.5 0.5 0.625 0.25 0.6416667 0.5 0.5769231 0.8333333 0.5769231 0.8333333 0.6083334 0.5 0.3916667 0.5 0.3583334 0.5 0.1416667 0.5 0.4134616 0.9166666 0.3916667 0.25 0.6083334 0.25 0 0 0.8583334 0.5 0.8583334 0.75 0.6416667 0.75 0.6083334 0 0.6083334 0.25 0.3916667 0.25 0.6083334 0.5 0.6083334 0.75 0.3916667 0.75 0.375 0.25 0.375 0 0.3916667 0 0.625 0.25 0.6083334 0.25 0.6083334 0 0.3583334 0.5 0.3916667 0.5 0.3916667 0.75 0.6416667 0.5 0.6416667 0.75 0.6083334 0.75 0.1416667 0.5 0.3583334 0.5 0.3583333 0.75 0.625 0 0.625 0.25 0.375 0.25 0.375 0.25 0.375 0.5 0.625 0.5 0.625 0.5 0.625 0.75 0.375 0.75 0.625 0.75 0.625 1 0.375 1 0.125 0.5 0.375 0.5 0.375 0.75 0.625 0.5 0.875 0.5 0.875 0.75 0.625 0 0.625 0.25 0.375 0.25 0.375 0.25 0.625 0.25 0.625 0.5 0.625 0.5 0.625 0.75 0.375 0.75 0.625 0.75 0.625 1 0.375 1 0.375 0.5 0.375 0.75 0.125 0.75 0.875 0.5 0.875 0.75 0.625 0.75 0.625 0 0.625 0.25 0.375 0.25 0.375 0.25 0.625 0.25 0.625 0.5 0.625 0.5 0.625 0.75 0.375 0.75 0.625 0.75 0.625 1 0.375 1 0.125 0.5 0.375 0.5 0.375 0.75 0.625 0.5 0.875 0.5 0.875 0.75 0.625 0 0.625 0.25 0.375 0.25 0.375 0.25 0.625 0.25 0.625 0.5 0.625 0.5 0.625 0.75 0.375 0.75 0.625 0.75 0.625 1 0.375 1 0.375 0.5 0.375 0.75 0.125 0.75 0.875 0.5 0.875 0.75 0.625 0.75 0.375 0 0.375 0.5 0.375 0.25 0.3583333 0.75 0.3916667 0.75 0.625 0.5 0.375 0.25 0.625 0.25 0.625 0 0.3916667 0 0.375 0.25 0.375 0.25 0 0 0 0 0 0 0.625 0.25 0 0 0.6416667 0.75 0 0 0 0 0 0 0 0 0 0 0 0 0 0 0.625 0.5 0.3916667 0.75 0 0 0 0 0 0 0.375 0.5 0.375 0.5 0.375 0 0 0 0 0 0 0 1 1 0.875 1 0.875 0.5 0.875 1 0.75 1 0.75 0.5 0.75 1 0.625 1 0.625 0.5 0.625 1 0.5 1 0.5 0.5 0.5 0.5 0.5 1 0.375 1 0.375 1 0.25 1 0.25 0.5 0.49 0.25 0.4197056 0.4197056 0.25 0.49 0.25 0.49 0.08029437 0.4197056 0.49 0.25 0.08029437 0.4197056 0.00999999 0.25 0.49 0.25 0.00999999 0.25 0.08029437 0.08029437 0.25 0.00999999 0.25 0.00999999 0.4197056 0.08029437 0.00999999 0.25 0.25 1 0.125 1 0.125 0.5 0.125 0.5 0.125 1 0 1 0.9197056 0.4197056 0.75 0.49 0.5802944 0.4197056 0.5802944 0.4197056 0.51 0.25 0.5802944 0.08029437 0.5802944 0.08029437 0.75 0.00999999 0.9197056 0.08029437 0.9197056 0.08029437 0.99 0.25 0.9197056 0.4197056 0.9197056 0.4197056 0.5802944 0.4197056 0.9197056 0.08029437 1 1 0.875 1 0.875 0.5 0.875 1 0.75 1 0.75 0.5 0.75 1 0.625 1 0.625 0.5 0.625 1 0.5 1 0.5 0.5 0.5 1 0.375 1 0.375 0.5 0.375 1 0.25 1 0.25 0.5 0.49 0.25 0.4197056 0.4197056 0.25 0.49 0.25 0.49 0.08029437 0.4197056 0.00999999 0.25 0.00999999 0.25 0.08029437 0.08029437 0.25 0.00999999 0.25 0.00999999 0.4197056 0.08029437 0.00999999 0.25 0.4197056 0.08029437 0.49 0.25 0.00999999 0.25 0.25 1 0.125 1 0.125 0.5 0.125 1 0 1 0 0.5 0.5802944 0.4197056 0.75 0.49 0.9197056 0.4197056 0.9197056 0.4197056 0.99 0.25 0.9197056 0.08029437 0.9197056 0.08029437 0.75 0.00999999 0.5802944 0.08029437 0.5802944 0.08029437 0.51 0.25 0.9197056 0.08029437 0.51 0.25 0.5802944 0.4197056 0.9197056 0.08029437 1 1 0.875 1 0.875 0.5 0.875 1 0.75 1 0.75 0.5 0.75 1 0.625 1 0.625 0.5 0.625 1 0.5 1 0.5 0.5 0.5 0.5 0.5 1 0.375 1 0.375 1 0.25 1 0.25 0.5 0.49 0.25 0.4197056 0.4197056 0.25 0.49 0.25 0.49 0.08029437 0.4197056 0.49 0.25 0.08029437 0.4197056 0.00999999 0.25 0.49 0.25 0.00999999 0.25 0.08029437 0.08029437 0.25 0.00999999 0.25 0.00999999 0.4197056 0.08029437 0.00999999 0.25 0.25 1 0.125 1 0.125 0.5 0.125 0.5 0.125 1 0 1 0.9197056 0.4197056 0.75 0.49 0.5802944 0.4197056 0.5802944 0.4197056 0.51 0.25 0.5802944 0.08029437 0.5802944 0.08029437 0.75 0.00999999 0.9197056 0.08029437 0.9197056 0.08029437 0.99 0.25 0.9197056 0.4197056 0.9197056 0.4197056 0.5802944 0.4197056 0.9197056 0.08029437 1 1 0.875 1 0.875 0.5 0.875 1 0.75 1 0.75 0.5 0.75 1 0.625 1 0.625 0.5 0.625 1 0.5 1 0.5 0.5 0.5 1 0.375 1 0.375 0.5 0.375 1 0.25 1 0.25 0.5 0.49 0.25 0.4197056 0.4197056 0.25 0.49 0.25 0.49 0.08029437 0.4197056 0.00999999 0.25 0.00999999 0.25 0.08029437 0.08029437 0.25 0.00999999 0.25 0.00999999 0.4197056 0.08029437 0.00999999 0.25 0.4197056 0.08029437 0.49 0.25 0.00999999 0.25 0.25 1 0.125 1 0.125 0.5 0.125 1 0 1 0 0.5 0.5802944 0.4197056 0.75 0.49 0.9197056 0.4197056 0.9197056 0.4197056 0.99 0.25 0.9197056 0.08029437 0.9197056 0.08029437 0.75 0.00999999 0.5802944 0.08029437 0.5802944 0.08029437 0.51 0.25 0.9197056 0.08029437 0.51 0.25 0.5802944 0.4197056 0.9197056 0.08029437 0.125 0.5 0 0.5 0.625 0.5 0.625 0.5 0.875 0.5 0 0 0 0 0 0 0 0 0 0 0.625 0.5 0 0 0 0 0 0 0 0 0.375 0.5 0 0 0 0 0 0 0 0 0 0 0.125 0.5 0 0 0 0 0 0 0 0 0 0 0 0 0 0 0 0 0 0 0 0 0 0 0 0 0 0 0 0 0 0 0 0 0 0 0 0 0 0 0 0 0 0 0 0 0 0 0 0 0 0 0 0 0.75 0.49 0.51 0.25 0.5 0.5 0.625 0.25 0.6416667 0.5 0.5769231 0.8333333 0.5769231 0.8333333 0.6083334 0.5 0.3916667 0.5 0.3583334 0.5 0.1416667 0.5 0.4134616 0.9166666 0.3916667 0.25 0.6083334 0.25 0 0 0.8583334 0.5 0.8583334 0.75 0.6416667 0.75 0.6083334 0 0.6083334 0.25 0.3916667 0.25 0.6083334 0.5 0.6083334 0.75 0.3916667 0.75 0.375 0 0.3916667 0 0.3916667 0.25 0.625 0.25 0.6083334 0.25 0.6083334 0 0.3583334 0.5 0.3916667 0.5 0.3916667 0.75 0.6416667 0.5 0.6416667 0.75 0.6083334 0.75 0.1416667 0.5 0.3583334 0.5 0.3583333 0.75 0.625 0 0.625 0.25 0.375 0.25 0.375 0.25 0.375 0.5 0.625 0.5 0.625 0.5 0.625 0.75 0.375 0.75 0.625 0.75 0.625 1 0.375 1 0.125 0.5 0.375 0.5 0.375 0.75 0.875 0.5 0.875 0.75 0.625 0.75 0.625 0 0.625 0.25 0.375 0.25 0.375 0.25 0.625 0.25 0.625 0.5 0.625 0.5 0.625 0.75 0.375 0.75 0.625 0.75 0.625 1 0.375 1 0.375 0.5 0.375 0.75 0.125 0.75 0.875 0.5 0.875 0.75 0.625 0.75 0.625 0 0.625 0.25 0.375 0.25 0.375 0.25 0.625 0.25 0.625 0.5 0.625 0.5 0.625 0.75 0.375 0.75 0.625 0.75 0.625 1 0.375 1 0.125 0.5 0.375 0.5 0.375 0.75 0.875 0.5 0.875 0.75 0.625 0.75 0.625 0 0.625 0.25 0.375 0.25 0.375 0.25 0.625 0.25 0.625 0.5 0.625 0.5 0.625 0.75 0.375 0.75 0.625 0.75 0.625 1 0.375 1 0.375 0.5 0.375 0.75 0.125 0.75 0.875 0.5 0.875 0.75 0.625 0.75 0.375 0 0.375 0.5 0.375 0.25 0.3583333 0.75 0.3916667 0.75 0.625 0.5 0.375 0.25 0.625 0.25 0.625 0 0.3916667 0 0.375 0.25 0.375 0.25 0 0 0 0 0 0 0.625 0.25 0 0 0.6416667 0.75 0 0 0 0 0 0 0 0 0 0 0 0 0 0 0.625 0.5 0.3916667 0.75 0 0 0 0 0 0 0.375 0.5 0.375 0.5 0.375 0 0 0 0 0 0 0 1 1 0.875 1 0.875 0.5 0.875 0.5 0.875 1 0.75 1 0.75 1 0.625 1 0.625 0.5 0.625 1 0.5 1 0.5 0.5 0.5 0.5 0.5 1 0.375 1 0.375 1 0.25 1 0.25 0.5 0.49 0.25 0.4197056 0.4197056 0.25 0.49 0.25 0.49 0.08029437 0.4197056 0.00999999 0.25 0.00999999 0.25 0.08029437 0.08029437 0.25 0.00999999 0.25 0.00999999 0.4197056 0.08029437 0.00999999 0.25 0.4197056 0.08029437 0.49 0.25 0.00999999 0.25 0.25 1 0.125 1 0.125 0.5 0.125 0.5 0.125 1 0 1 0.5802944 0.4197056 0.75 0.49 0.9197056 0.4197056 0.9197056 0.4197056 0.99 0.25 0.5802944 0.4197056 0.99 0.25 0.9197056 0.08029437 0.5802944 0.4197056 0.9197056 0.08029437 0.75 0.00999999 0.5802944 0.08029437 0.5802944 0.08029437 0.51 0.25 0.9197056 0.08029437 1 1 0.875 1 0.875 0.5 0.875 1 0.75 1 0.75 0.5 0.75 1 0.625 1 0.625 0.5 0.625 1 0.5 1 0.5 0.5 0.5 1 0.375 1 0.375 0.5 0.375 1 0.25 1 0.25 0.5 0.49 0.25 0.4197056 0.4197056 0.25 0.49 0.25 0.49 0.08029437 0.4197056 0.00999999 0.25 0.00999999 0.25 0.08029437 0.08029437 0.25 0.00999999 0.25 0.00999999 0.4197056 0.08029437 0.00999999 0.25 0.4197056 0.08029437 0.49 0.25 0.00999999 0.25 0.25 1 0.125 1 0.125 0.5 0.125 1 0 1 0 0.5 0.5802944 0.4197056 0.75 0.49 0.9197056 0.4197056 0.9197056 0.4197056 0.99 0.25 0.9197056 0.08029437 0.9197056 0.08029437 0.75 0.00999999 0.5802944 0.08029437 0.5802944 0.08029437 0.51 0.25 0.9197056 0.08029437 0.51 0.25 0.5802944 0.4197056 0.9197056 0.08029437 1 1 0.875 1 0.875 0.5 0.875 0.5 0.875 1 0.75 1 0.75 1 0.625 1 0.625 0.5 0.625 1 0.5 1 0.5 0.5 0.5 0.5 0.5 1 0.375 1 0.375 1 0.25 1 0.25 0.5 0.49 0.25 0.4197056 0.4197056 0.25 0.49 0.25 0.49 0.08029437 0.4197056 0.00999999 0.25 0.00999999 0.25 0.08029437 0.08029437 0.25 0.00999999 0.25 0.00999999 0.4197056 0.08029437 0.00999999 0.25 0.4197056 0.08029437 0.49 0.25 0.00999999 0.25 0.25 1 0.125 1 0.125 0.5 0.125 0.5 0.125 1 0 1 0.5802944 0.4197056 0.75 0.49 0.9197056 0.4197056 0.9197056 0.4197056 0.99 0.25 0.5802944 0.4197056 0.99 0.25 0.9197056 0.08029437 0.5802944 0.4197056 0.9197056 0.08029437 0.75 0.00999999 0.5802944 0.08029437 0.5802944 0.08029437 0.51 0.25 0.9197056 0.08029437 1 1 0.875 1 0.875 0.5 0.875 1 0.75 1 0.75 0.5 0.75 1 0.625 1 0.625 0.5 0.625 1 0.5 1 0.5 0.5 0.5 1 0.375 1 0.375 0.5 0.375 1 0.25 1 0.25 0.5 0.49 0.25 0.4197056 0.4197056 0.25 0.49 0.25 0.49 0.08029437 0.4197056 0.00999999 0.25 0.00999999 0.25 0.08029437 0.08029437 0.25 0.00999999 0.25 0.00999999 0.4197056 0.08029437 0.00999999 0.25 0.4197056 0.08029437 0.49 0.25 0.00999999 0.25 0.25 1 0.125 1 0.125 0.5 0.125 1 0 1 0 0.5 0.5802944 0.4197056 0.75 0.49 0.9197056 0.4197056 0.9197056 0.4197056 0.99 0.25 0.9197056 0.08029437 0.9197056 0.08029437 0.75 0.00999999 0.5802944 0.08029437 0.5802944 0.08029437 0.51 0.25 0.9197056 0.08029437 0.51 0.25 0.5802944 0.4197056 0.9197056 0.08029437 0.125 0.5 0 0.5 0.625 0.5 0.625 0.5 0.875 0.5 0 0 0 0 0 0 0 0 0 0 0.625 0.5 0 0 0 0 0 0 0 0 0.375 0.5 0 0 0 0 0 0 0 0 0 0 0.125 0.5 0 0 0 0 0 0 0 0 0 0 0 0 0 0 0 0 0 0 0 0 0 0 0 0 0 0 0 0 0 0 0 0 0 0 0 0 0 0 0 0 0 0 0 0 0 0 0 0 0 0 0 0 0.75 0.49 0.51 0.25 0.5 0.5 0.625 0.25 0.6416667 0.5 0.5769231 0.8333333 0.5525298 0.8098434 0.5769231 0.8333333 0.6083334 0.5 0.6083334 0.5 0.3916667 0.5 0.5525298 0.8098434 0.3583334 0.5 0.1416667 0.5 0.4134616 0.9166666 0.3916667 0.25 0.6083334 0.25 0 0</float_array>
          <technique_common>
            <accessor source="#Cube-mesh-map-0-array" count="4770" stride="2">
              <param name="S" type="float"/>
              <param name="T" type="float"/>
            </accessor>
          </technique_common>
        </source>
        <vertices id="Cube-mesh-vertices">
          <input semantic="POSITION" source="#Cube-mesh-positions"/>
        </vertices>
        <triangles material="paintable-0-material" count="1318">
          <input semantic="VERTEX" source="#Cube-mesh-vertices" offset="0"/>
          <input semantic="NORMAL" source="#Cube-mesh-normals" offset="1"/>
          <input semantic="TEXCOORD" source="#Cube-mesh-map-0" offset="2" set="0"/>
          <p>104 0 0 0 0 1 1 0 2 52 1 3 202 1 4 201 1 5 10 2 6 30 2 7 11 2 8 11 3 9 33 3 10 16 3 11 16 4 12 32 4 13 17 4 14 5 5 15 31 5 16 10 5 17 17 6 18 35 6 19 22 6 20 22 7 21 34 7 22 23 7 23 5 12 36 7 12 37 4 12 38 139 13 39 10 13 40 205 13 41 11 14 42 105 14 43 205 14 44 0 15 45 4 15 46 139 15 47 105 16 48 22 16 49 0 16 50 9 17 51 5 17 52 139 17 53 8 18 54 4 18 55 7 18 56 9 19 57 139 19 58 8 19 59 11 24 72 13 24 73 10 24 74 15 25 75 11 25 76 205 25 77 14 26 78 10 26 79 13 26 80 15 27 81 205 27 82 14 27 83 17 32 96 19 32 97 16 32 98 21 33 99 17 33 100 105 33 101 20 34 102 16 34 103 19 34 104 21 35 105 105 35 106 20 35 107 23 40 120 25 40 121 22 40 122 27 41 123 23 41 124 0 41 125 26 42 126 22 42 127 25 42 128 27 43 129 0 43 130 26 43 131 31 44 132 28 44 133 29 44 134 35 45 135 33 45 136 31 45 137 29 46 138 34 46 139 35 46 140 35 47 141 32 47 142 33 47 143 33 48 144 30 48 145 31 48 146 31 49 147 29 49 148 35 49 149 23 50 150 29 50 151 4 50 152 4 51 153 28 51 154 5 51 155 54 56 168 55 56 169 52 56 170 394 57 171 279 57 172 393 57 173 279 58 174 273 58 175 275 58 176 275 59 177 272 59 178 279 59 179 83 60 180 215 60 181 218 60 182 215 61 183 259 61 184 172 61 185 86 62 186 165 62 187 226 62 188 84 63 189 218 63 190 191 63 191 274 64 192 275 64 193 273 64 194 190 65 195 82 65 196 81 65 197 217 66 198 86 66 199 82 66 200 201 67 201 54 67 202 52 67 203 55 68 204 54 68 205 53 68 206 178 69 207 274 69 208 273 69 209 272 72 216 276 72 217 181 72 218 276 73 219 274 73 220 188 73 221 271 74 222 273 74 223 56 74 224 174 75 225 222 75 226 188 75 227 81 77 231 92 77 232 190 77 233 191 78 234 98 78 235 84 78 236 165 79 237 274 79 238 241 79 239 185 81 243 242 81 244 170 81 245 242 82 246 248 82 247 170 82 248 173 83 249 165 83 250 189 83 251 101 84 252 80 84 253 87 84 254 94 85 255 95 85 256 104 85 257 76 86 258 70 86 259 75 86 260 74 87 261 82 87 262 77 87 263 78 88 264 83 88 265 72 88 266 79 89 267 83 89 268 78 89 269 71 90 270 83 90 271 84 90 272 86 91 273 80 91 274 82 91 275 85 92 276 252 92 277 259 92 278 90 93 279 164 93 280 89 93 281 89 94 282 250 94 283 88 94 284 226 95 285 90 95 286 86 95 287 71 97 291 73 97 292 72 97 293 69 98 294 1 98 295 96 98 296 93 99 297 104 99 298 1 99 299 71 100 300 68 100 301 70 100 302 68 101 303 94 101 304 70 101 305 94 102 306 75 102 307 70 102 308 93 103 309 69 103 310 75 103 311 74 104 312 69 104 313 81 104 314 84 105 315 95 105 316 68 105 317 69 106 318 97 106 319 81 106 320 87 107 321 86 107 322 90 107 323 91 108 324 79 108 325 88 108 326 80 109 327 100 109 328 76 109 329 101 110 330 99 110 331 100 110 332 102 111 333 89 111 334 88 111 335 100 112 336 73 112 337 76 112 338 102 113 339 78 113 340 99 113 341 98 114 342 205 114 343 105 114 344 95 115 345 105 115 346 104 115 347 255 116 348 249 116 349 277 116 350 92 117 351 0 117 352 139 117 353 97 118 354 1 118 355 0 118 356 187 119 357 241 119 358 178 119 359 234 120 360 260 120 361 256 120 362 231 121 363 158 121 364 232 121 365 174 122 366 188 122 367 274 122 368 232 123 369 157 123 370 233 123 371 233 124 372 256 124 373 261 124 374 235 125 375 240 125 376 138 125 377 189 126 378 227 126 379 173 126 380 272 127 381 393 127 382 279 127 383 235 128 384 260 128 385 236 128 386 227 129 387 210 129 388 213 129 389 132 130 390 194 130 391 195 130 392 134 131 393 59 131 394 129 131 395 270 132 396 3 132 397 171 132 398 157 133 399 154 133 400 153 133 401 129 134 402 136 134 403 117 134 404 111 135 405 195 135 406 149 135 407 112 136 408 154 136 409 156 136 410 109 137 411 148 137 412 154 137 413 134 138 414 161 138 415 57 138 416 112 139 417 162 139 418 117 139 419 269 140 420 171 140 421 395 140 422 395 141 423 392 141 424 269 141 425 3 142 426 269 142 427 175 142 428 111 143 429 148 143 430 116 143 431 175 144 432 269 144 433 58 144 434 113 145 435 162 145 436 161 145 437 175 146 438 176 146 439 3 146 440 133 147 441 194 147 442 128 147 443 136 148 444 59 148 445 202 148 446 255 149 447 176 149 448 204 149 449 58 150 450 186 150 451 175 150 452 133 151 453 202 151 454 200 151 455 250 152 456 91 152 457 88 152 458 199 153 459 202 153 460 52 153 461 64 154 462 56 154 463 62 154 464 65 155 465 395 155 466 106 155 467 107 156 468 199 156 469 106 156 470 169 157 471 198 157 472 107 157 473 62 158 474 394 158 475 65 158 476 103 159 477 166 159 478 205 159 479 207 160 480 139 160 481 142 160 482 143 161 483 224 161 484 146 161 485 145 162 486 140 162 487 230 162 488 66 163 489 176 163 490 186 163 491 213 164 492 144 164 493 212 164 494 144 165 495 146 165 496 145 165 497 219 166 498 145 166 499 230 166 500 210 167 501 223 167 502 213 167 503 214 168 504 215 168 505 211 168 506 167 169 507 103 169 508 191 169 509 230 170 510 63 170 511 237 170 512 190 171 513 207 171 514 203 171 515 238 172 516 167 172 517 191 172 518 209 173 519 167 173 520 237 173 521 150 179 537 151 179 538 152 179 539 155 180 540 151 180 541 153 180 542 151 181 543 150 181 544 153 181 545 153 182 546 154 182 547 155 182 548 154 183 549 148 183 550 155 183 551 148 184 552 108 184 553 155 184 554 152 185 555 108 185 556 149 185 557 108 186 558 148 186 559 149 186 560 149 187 561 150 187 562 152 187 563 158 193 579 159 193 580 160 193 581 163 194 582 159 194 583 161 194 584 159 195 585 158 195 586 161 195 587 161 196 588 162 196 589 163 196 590 162 197 591 156 197 592 163 197 593 156 198 594 121 198 595 163 198 596 160 199 597 121 199 598 157 199 599 121 200 600 156 200 601 157 200 602 157 201 603 158 201 604 160 201 605 168 202 606 181 202 607 222 202 608 272 203 609 239 203 610 58 203 611 208 204 612 237 204 613 63 204 614 203 205 615 208 205 616 63 205 617 147 206 618 203 206 619 63 206 620 52 207 621 62 207 622 65 207 623 171 208 624 169 208 625 107 208 626 209 209 627 142 209 628 166 209 629 171 210 630 106 210 631 395 210 632 199 211 633 65 211 634 106 211 635 57 212 636 62 212 637 55 212 638 142 213 639 205 213 640 166 213 641 208 214 642 207 214 643 142 214 644 144 217 651 219 217 652 214 217 653 240 218 654 3 218 655 255 218 656 168 219 657 173 219 658 177 219 659 58 220 660 269 220 661 392 220 662 168 221 663 183 221 664 66 221 665 221 223 669 250 223 670 164 223 671 180 224 672 221 224 673 164 224 674 220 225 675 244 225 676 182 225 677 167 226 678 166 226 679 206 226 680 147 227 681 140 227 682 141 227 683 172 228 684 211 228 685 215 228 686 226 229 687 221 229 688 180 229 689 212 230 690 227 230 691 213 230 692 176 231 693 172 231 694 204 231 695 237 232 696 225 232 697 230 232 698 172 235 705 177 235 706 67 235 707 183 236 708 176 236 709 66 236 710 57 237 711 55 237 712 53 237 713 137 238 714 59 238 715 57 238 716 67 239 717 177 239 718 192 239 719 53 240 720 137 240 721 57 240 722 192 241 723 173 241 724 227 241 725 199 242 726 198 242 727 196 242 728 59 243 729 137 243 730 201 243 731 202 244 732 59 244 733 201 244 734 124 245 735 200 245 736 199 245 737 392 246 738 272 246 739 58 246 740 196 247 741 124 247 742 199 247 743 75 248 744 77 248 745 76 248 746 244 249 747 226 249 748 2 249 749 179 250 750 220 250 751 182 250 752 251 251 753 221 251 754 179 251 755 204 252 756 259 252 757 249 252 758 2 253 759 165 253 760 241 253 761 200 254 762 124 254 763 193 254 764 194 255 765 200 255 766 193 255 767 211 256 768 192 256 769 212 256 770 216 257 771 189 257 772 165 257 773 215 258 774 219 258 775 218 258 776 147 259 777 217 259 778 190 259 779 195 260 780 194 260 781 193 260 782 223 261 783 217 261 784 224 261 785 231 262 786 271 262 787 64 262 788 229 263 789 243 263 790 187 263 791 161 264 792 64 264 793 57 264 794 224 265 795 217 265 796 141 265 797 149 266 798 236 266 799 150 266 800 197 267 801 198 267 802 195 267 803 193 268 804 197 268 805 195 268 806 195 269 807 235 269 808 149 269 809 153 270 810 233 270 811 157 270 812 228 271 813 233 271 814 261 271 815 198 272 816 197 272 817 196 272 818 228 273 819 231 273 820 232 273 821 150 274 822 234 274 823 153 274 824 238 275 825 218 275 826 225 275 827 262 276 828 184 276 829 242 276 830 179 277 831 254 277 832 251 277 833 182 278 834 244 278 835 246 278 836 242 279 837 246 279 838 245 279 839 187 280 840 244 280 841 2 280 842 278 281 843 56 281 844 273 281 845 245 282 846 244 282 847 243 282 848 245 283 849 248 283 850 242 283 851 243 284 852 248 284 853 245 284 854 56 285 855 279 285 856 394 285 857 732 286 858 248 286 859 261 286 860 248 287 861 228 287 862 261 287 863 247 288 864 243 288 865 228 288 866 262 289 867 185 289 868 268 289 869 252 290 870 250 290 871 258 290 872 257 291 873 253 291 874 264 291 875 258 292 876 259 292 877 252 292 878 259 293 879 264 293 880 249 293 881 257 294 882 251 294 883 253 294 884 138 295 885 263 295 886 260 295 887 266 296 888 264 296 889 253 296 890 262 297 891 266 297 892 254 297 893 277 298 894 264 298 895 263 298 896 264 299 897 265 299 898 263 299 899 265 300 900 262 300 901 268 300 902 268 301 903 263 301 904 265 301 905 256 302 906 268 302 907 185 302 908 260 303 909 268 303 910 256 303 911 267 304 912 260 304 913 263 304 914 287 305 915 291 305 916 294 305 917 283 306 918 285 306 919 280 306 920 295 307 921 289 307 922 292 307 923 281 308 924 285 308 925 284 308 926 287 309 927 283 309 928 282 309 929 293 310 930 289 310 931 288 310 932 291 311 933 295 311 934 294 311 935 293 312 936 281 312 937 284 312 938 281 337 1011 317 337 1012 280 337 1013 288 338 1014 327 338 1015 326 338 1016 298 339 1017 282 339 1018 283 339 1019 280 340 1020 298 340 1021 283 340 1022 302 341 1023 317 341 1024 316 341 1025 299 342 1026 291 342 1027 282 342 1028 299 343 1029 306 343 1030 307 343 1031 291 344 1032 311 344 1033 290 344 1034 311 345 1035 289 345 1036 290 345 1037 311 346 1038 323 346 1039 327 346 1040 326 347 1041 281 347 1042 288 347 1043 312 348 1044 326 348 1045 322 348 1046 329 349 1047 330 349 1048 328 349 1049 331 350 1050 332 350 1051 330 350 1052 333 351 1053 334 351 1054 332 351 1055 335 352 1056 336 352 1057 334 352 1058 337 353 1059 338 353 1060 336 353 1061 339 354 1062 340 354 1063 338 354 1064 333 355 1065 329 355 1066 341 355 1067 341 356 1068 342 356 1069 340 356 1070 343 357 1071 328 357 1072 342 357 1073 342 358 1074 330 358 1075 334 358 1076 345 359 1077 346 359 1078 344 359 1079 347 360 1080 348 360 1081 346 360 1082 349 361 1083 350 361 1084 348 361 1085 351 362 1086 352 362 1087 350 362 1088 353 363 1089 354 363 1090 352 363 1091 355 364 1092 356 364 1093 354 364 1094 349 365 1095 345 365 1096 357 365 1097 357 366 1098 358 366 1099 356 366 1100 359 367 1101 344 367 1102 358 367 1103 358 368 1104 346 368 1105 350 368 1106 361 369 1107 362 369 1108 360 369 1109 363 370 1110 364 370 1111 362 370 1112 365 371 1113 366 371 1114 364 371 1115 367 372 1116 368 372 1117 366 372 1118 369 373 1119 370 373 1120 368 373 1121 371 374 1122 372 374 1123 370 374 1124 365 375 1125 361 375 1126 373 375 1127 373 376 1128 374 376 1129 372 376 1130 375 377 1131 360 377 1132 374 377 1133 374 378 1134 362 378 1135 366 378 1136 377 379 1137 378 379 1138 376 379 1139 379 380 1140 380 380 1141 378 380 1142 381 381 1143 382 381 1144 380 381 1145 383 382 1146 384 382 1147 382 382 1148 385 383 1149 386 383 1150 384 383 1151 387 384 1152 388 384 1153 386 384 1154 381 385 1155 377 385 1156 389 385 1157 389 386 1158 390 386 1159 388 386 1160 391 387 1161 376 387 1162 390 387 1163 390 388 1164 378 388 1165 382 388 1166 342 389 1167 303 389 1168 302 389 1169 328 390 1170 330 390 1171 303 390 1172 330 391 1173 306 391 1174 303 391 1175 346 392 1176 306 392 1177 344 392 1178 348 393 1179 306 393 1180 346 393 1181 350 394 1182 310 394 1183 348 394 1184 310 395 1185 380 395 1186 323 395 1187 382 396 1188 323 396 1189 380 396 1190 384 397 1191 323 397 1192 382 397 1193 322 398 1194 384 398 1195 386 398 1196 386 399 1197 312 399 1198 322 399 1199 368 400 1200 370 400 1201 312 400 1202 316 401 1203 370 401 1204 372 401 1205 372 402 1206 374 402 1207 316 402 1208 374 403 1209 302 403 1210 316 403 1211 302 404 1212 340 404 1213 342 404 1214 338 405 1215 374 405 1216 360 405 1217 336 406 1218 360 406 1219 362 406 1220 332 407 1221 344 407 1222 330 407 1223 334 408 1224 358 408 1225 332 408 1226 368 409 1227 388 409 1228 366 409 1229 366 410 1230 390 410 1231 364 410 1232 352 411 1233 380 411 1234 350 411 1235 354 412 1236 378 412 1237 352 412 1238 390 413 1239 376 413 1240 364 413 1241 356 414 1242 376 414 1243 354 414 1244 364 415 1245 336 415 1246 362 415 1247 356 416 1248 334 416 1249 336 416 1250 376 417 1251 336 417 1252 364 417 1253 229 418 1254 286 418 1255 287 418 1256 287 419 1257 271 419 1258 229 419 1259 294 420 1260 295 420 1261 271 420 1262 271 421 1263 292 421 1264 178 421 1265 292 422 1266 293 422 1267 178 422 1268 293 423 1269 187 423 1270 178 423 1271 284 424 1272 285 424 1273 187 424 1274 285 425 1275 229 425 1276 187 425 1277 403 426 1278 407 426 1279 410 426 1280 399 427 1281 401 427 1282 396 427 1283 411 428 1284 405 428 1285 408 428 1286 400 429 1287 396 429 1288 401 429 1289 403 430 1290 399 430 1291 398 430 1292 409 431 1293 405 431 1294 404 431 1295 410 432 1296 406 432 1297 411 432 1298 409 433 1299 397 433 1300 400 433 1301 397 458 1374 433 458 1375 396 458 1376 404 459 1377 443 459 1378 442 459 1379 414 460 1380 398 460 1381 399 460 1382 396 461 1383 414 461 1384 399 461 1385 418 462 1386 433 462 1387 432 462 1388 415 463 1389 407 463 1390 398 463 1391 415 464 1392 422 464 1393 423 464 1394 407 465 1395 427 465 1396 406 465 1397 427 466 1398 405 466 1399 406 466 1400 427 467 1401 439 467 1402 443 467 1403 404 468 1404 429 468 1405 397 468 1406 438 469 1407 429 469 1408 442 469 1409 445 470 1410 446 470 1411 444 470 1412 447 471 1413 448 471 1414 446 471 1415 449 472 1416 450 472 1417 448 472 1418 451 473 1419 452 473 1420 450 473 1421 452 474 1422 455 474 1423 454 474 1424 455 475 1425 456 475 1426 454 475 1427 451 476 1428 449 476 1429 457 476 1430 457 477 1431 458 477 1432 456 477 1433 458 478 1434 445 478 1435 444 478 1436 458 479 1437 454 479 1438 450 479 1439 461 480 1440 462 480 1441 460 480 1442 463 481 1443 464 481 1444 462 481 1445 465 482 1446 466 482 1447 464 482 1448 467 483 1449 468 483 1450 466 483 1451 469 484 1452 470 484 1453 468 484 1454 471 485 1455 472 485 1456 470 485 1457 467 486 1458 465 486 1459 473 486 1460 473 487 1461 474 487 1462 472 487 1463 475 488 1464 460 488 1465 474 488 1466 472 489 1467 474 489 1468 466 489 1469 477 490 1470 478 490 1471 476 490 1472 479 491 1473 480 491 1474 478 491 1475 481 492 1476 482 492 1477 480 492 1478 483 493 1479 484 493 1480 482 493 1481 484 494 1482 487 494 1483 486 494 1484 487 495 1485 488 495 1486 486 495 1487 483 496 1488 481 496 1489 489 496 1490 489 497 1491 490 497 1492 488 497 1493 490 498 1494 477 498 1495 476 498 1496 490 499 1497 486 499 1498 482 499 1499 493 500 1500 494 500 1501 492 500 1502 495 501 1503 496 501 1504 494 501 1505 497 502 1506 498 502 1507 496 502 1508 499 503 1509 500 503 1510 498 503 1511 501 504 1512 502 504 1513 500 504 1514 503 505 1515 504 505 1516 502 505 1517 499 506 1518 497 506 1519 505 506 1520 505 507 1521 506 507 1522 504 507 1523 507 508 1524 492 508 1525 506 508 1526 504 509 1527 506 509 1528 498 509 1529 458 510 1530 419 510 1531 418 510 1532 444 511 1533 446 511 1534 419 511 1535 419 512 1536 460 512 1537 422 512 1538 462 513 1539 422 513 1540 460 513 1541 464 514 1542 422 514 1543 462 514 1544 466 515 1545 426 515 1546 464 515 1547 426 516 1548 496 516 1549 439 516 1550 498 517 1551 439 517 1552 496 517 1553 500 518 1554 439 518 1555 498 518 1556 438 519 1557 500 519 1558 502 519 1559 502 520 1560 428 520 1561 438 520 1562 484 521 1563 486 521 1564 428 521 1565 432 522 1566 486 522 1567 488 522 1568 488 523 1569 490 523 1570 432 523 1571 490 524 1572 418 524 1573 432 524 1574 418 525 1575 456 525 1576 458 525 1577 454 526 1578 490 526 1579 476 526 1580 452 527 1581 476 527 1582 478 527 1583 448 528 1584 460 528 1585 446 528 1586 450 529 1587 474 529 1588 448 529 1589 484 530 1590 504 530 1591 482 530 1592 482 531 1593 506 531 1594 480 531 1595 468 532 1596 496 532 1597 466 532 1598 470 533 1599 494 533 1600 468 533 1601 506 534 1602 492 534 1603 480 534 1604 472 535 1605 492 535 1606 470 535 1607 480 536 1608 452 536 1609 478 536 1610 472 537 1611 450 537 1612 452 537 1613 492 538 1614 452 538 1615 480 538 1616 394 539 1617 402 539 1618 403 539 1619 403 540 1620 395 540 1621 394 540 1622 410 541 1623 411 541 1624 395 541 1625 395 542 1626 408 542 1627 392 542 1628 408 543 1629 409 543 1630 392 543 1631 409 544 1632 393 544 1633 392 544 1634 400 545 1635 401 545 1636 393 545 1637 401 546 1638 394 546 1639 393 546 1640 515 547 1641 519 547 1642 522 547 1643 511 548 1644 513 548 1645 508 548 1646 523 549 1647 517 549 1648 520 549 1649 512 550 1650 508 550 1651 513 550 1652 515 551 1653 511 551 1654 510 551 1655 521 552 1656 517 552 1657 516 552 1658 522 553 1659 518 553 1660 523 553 1661 512 554 1662 516 554 1663 509 554 1664 509 579 1737 545 579 1738 508 579 1739 516 580 1740 555 580 1741 554 580 1742 526 581 1743 510 581 1744 511 581 1745 508 582 1746 526 582 1747 511 582 1748 530 583 1749 545 583 1750 544 583 1751 527 584 1752 519 584 1753 510 584 1754 527 585 1755 534 585 1756 535 585 1757 519 586 1758 539 586 1759 518 586 1760 539 587 1761 517 587 1762 518 587 1763 539 588 1764 551 588 1765 555 588 1766 554 589 1767 509 589 1768 516 589 1769 550 590 1770 541 590 1771 554 590 1772 557 591 1773 558 591 1774 556 591 1775 559 592 1776 560 592 1777 558 592 1778 561 593 1779 562 593 1780 560 593 1781 563 594 1782 564 594 1783 562 594 1784 564 595 1785 567 595 1786 566 595 1787 567 596 1788 568 596 1789 566 596 1790 563 597 1791 561 597 1792 569 597 1793 569 598 1794 570 598 1795 568 598 1796 570 599 1797 557 599 1798 556 599 1799 570 600 1800 566 600 1801 562 600 1802 573 601 1803 574 601 1804 572 601 1805 575 602 1806 576 602 1807 574 602 1808 577 603 1809 578 603 1810 576 603 1811 579 604 1812 580 604 1813 578 604 1814 581 605 1815 582 605 1816 580 605 1817 583 606 1818 584 606 1819 582 606 1820 577 607 1821 573 607 1822 585 607 1823 585 608 1824 586 608 1825 584 608 1826 587 609 1827 572 609 1828 586 609 1829 586 610 1830 574 610 1831 578 610 1832 589 611 1833 590 611 1834 588 611 1835 591 612 1836 592 612 1837 590 612 1838 593 613 1839 594 613 1840 592 613 1841 595 614 1842 596 614 1843 594 614 1844 596 615 1845 599 615 1846 598 615 1847 599 616 1848 600 616 1849 598 616 1850 595 617 1851 593 617 1852 601 617 1853 601 618 1854 602 618 1855 600 618 1856 602 619 1857 589 619 1858 588 619 1859 602 620 1860 598 620 1861 594 620 1862 605 621 1863 606 621 1864 604 621 1865 607 622 1866 608 622 1867 606 622 1868 609 623 1869 610 623 1870 608 623 1871 611 624 1872 612 624 1873 610 624 1874 613 625 1875 614 625 1876 612 625 1877 615 626 1878 616 626 1879 614 626 1880 609 627 1881 605 627 1882 617 627 1883 617 628 1884 618 628 1885 616 628 1886 619 629 1887 604 629 1888 618 629 1889 618 630 1890 606 630 1891 610 630 1892 570 631 1893 531 631 1894 530 631 1895 556 632 1896 558 632 1897 531 632 1898 531 633 1899 572 633 1900 534 633 1901 574 634 1902 534 634 1903 572 634 1904 576 635 1905 534 635 1906 574 635 1907 578 636 1908 538 636 1909 576 636 1910 538 637 1911 608 637 1912 551 637 1913 610 638 1914 551 638 1915 608 638 1916 612 639 1917 551 639 1918 610 639 1919 550 640 1920 612 640 1921 614 640 1922 614 641 1923 540 641 1924 550 641 1925 596 642 1926 598 642 1927 540 642 1928 544 643 1929 598 643 1930 600 643 1931 600 644 1932 602 644 1933 544 644 1934 602 645 1935 530 645 1936 544 645 1937 530 646 1938 568 646 1939 570 646 1940 566 647 1941 602 647 1942 588 647 1943 564 648 1944 588 648 1945 590 648 1946 560 649 1947 572 649 1948 558 649 1949 562 650 1950 586 650 1951 560 650 1952 596 651 1953 616 651 1954 594 651 1955 594 652 1956 618 652 1957 592 652 1958 580 653 1959 608 653 1960 578 653 1961 582 654 1962 606 654 1963 580 654 1964 618 655 1965 604 655 1966 592 655 1967 584 656 1968 604 656 1969 582 656 1970 592 657 1971 564 657 1972 590 657 1973 584 658 1974 562 658 1975 564 658 1976 604 659 1977 564 659 1978 592 659 1979 240 660 1980 514 660 1981 515 660 1982 515 661 1983 138 661 1984 240 661 1985 522 662 1986 523 662 1987 138 662 1988 138 663 1989 520 663 1990 277 663 1991 520 664 1992 521 664 1993 277 664 1994 521 665 1995 255 665 1996 277 665 1997 512 666 1998 513 666 1999 255 666 2000 513 667 2001 240 667 2002 255 667 2003 627 668 2004 631 668 2005 634 668 2006 623 669 2007 625 669 2008 620 669 2009 635 670 2010 629 670 2011 632 670 2012 621 671 2013 625 671 2014 624 671 2015 627 672 2016 623 672 2017 622 672 2018 633 673 2019 629 673 2020 628 673 2021 634 674 2022 630 674 2023 635 674 2024 624 675 2025 628 675 2026 621 675 2027 621 700 2100 657 700 2101 620 700 2102 628 701 2103 667 701 2104 666 701 2105 638 702 2106 622 702 2107 623 702 2108 620 703 2109 638 703 2110 623 703 2111 642 704 2112 657 704 2113 656 704 2114 639 705 2115 631 705 2116 622 705 2117 639 706 2118 646 706 2119 647 706 2120 631 707 2121 651 707 2122 630 707 2123 651 708 2124 629 708 2125 630 708 2126 651 709 2127 663 709 2128 667 709 2129 666 710 2130 621 710 2131 628 710 2132 662 711 2133 653 711 2134 666 711 2135 669 712 2136 670 712 2137 668 712 2138 670 713 2139 673 713 2140 672 713 2141 673 714 2142 674 714 2143 672 714 2144 675 715 2145 676 715 2146 674 715 2147 676 716 2148 679 716 2149 678 716 2150 679 717 2151 680 717 2152 678 717 2153 673 718 2154 669 718 2155 681 718 2156 681 719 2157 682 719 2158 680 719 2159 682 720 2160 669 720 2161 668 720 2162 680 721 2163 682 721 2164 674 721 2165 685 722 2166 686 722 2167 684 722 2168 687 723 2169 688 723 2170 686 723 2171 689 724 2172 690 724 2173 688 724 2174 691 725 2175 692 725 2176 690 725 2177 693 726 2178 694 726 2179 692 726 2180 695 727 2181 696 727 2182 694 727 2183 689 728 2184 685 728 2185 697 728 2186 697 729 2187 698 729 2188 696 729 2189 699 730 2190 684 730 2191 698 730 2192 698 731 2193 686 731 2194 690 731 2195 701 732 2196 702 732 2197 700 732 2198 702 733 2199 705 733 2200 704 733 2201 705 734 2202 706 734 2203 704 734 2204 707 735 2205 708 735 2206 706 735 2207 708 736 2208 711 736 2209 710 736 2210 711 737 2211 712 737 2212 710 737 2213 705 738 2214 701 738 2215 713 738 2216 713 739 2217 714 739 2218 712 739 2219 714 740 2220 701 740 2221 700 740 2222 712 741 2223 714 741 2224 706 741 2225 717 742 2226 718 742 2227 716 742 2228 719 743 2229 720 743 2230 718 743 2231 721 744 2232 722 744 2233 720 744 2234 723 745 2235 724 745 2236 722 745 2237 725 746 2238 726 746 2239 724 746 2240 727 747 2241 728 747 2242 726 747 2243 721 748 2244 717 748 2245 729 748 2246 729 749 2247 730 749 2248 728 749 2249 731 750 2250 716 750 2251 730 750 2252 730 751 2253 718 751 2254 722 751 2255 682 752 2256 643 752 2257 642 752 2258 668 753 2259 670 753 2260 643 753 2261 643 754 2262 684 754 2263 646 754 2264 686 755 2265 646 755 2266 684 755 2267 688 756 2268 646 756 2269 686 756 2270 690 757 2271 650 757 2272 688 757 2273 650 758 2274 720 758 2275 663 758 2276 722 759 2277 663 759 2278 720 759 2279 724 760 2280 663 760 2281 722 760 2282 662 761 2283 724 761 2284 726 761 2285 726 762 2286 652 762 2287 662 762 2288 708 763 2289 710 763 2290 652 763 2291 656 764 2292 710 764 2293 712 764 2294 712 765 2295 714 765 2296 656 765 2297 714 766 2298 642 766 2299 656 766 2300 642 767 2301 680 767 2302 682 767 2303 678 768 2304 714 768 2305 700 768 2306 676 769 2307 700 769 2308 702 769 2309 672 770 2310 684 770 2311 670 770 2312 674 771 2313 698 771 2314 672 771 2315 708 772 2316 728 772 2317 706 772 2318 706 773 2319 730 773 2320 704 773 2321 692 774 2322 720 774 2323 690 774 2324 694 775 2325 718 775 2326 692 775 2327 730 776 2328 716 776 2329 704 776 2330 696 777 2331 716 777 2332 694 777 2333 704 778 2334 676 778 2335 702 778 2336 696 779 2337 674 779 2338 676 779 2339 716 780 2340 676 780 2341 704 780 2342 256 781 2343 626 781 2344 627 781 2345 627 782 2346 261 782 2347 256 782 2348 634 783 2349 635 783 2350 261 783 2351 632 784 2352 170 784 2353 732 784 2354 632 785 2355 633 785 2356 170 785 2357 633 786 2358 185 786 2359 170 786 2360 624 787 2361 625 787 2362 185 787 2363 625 788 2364 256 788 2365 185 788 2366 104 789 2367 105 789 2368 0 789 2369 10 790 2370 31 790 2371 30 790 2372 11 791 2373 30 791 2374 33 791 2375 16 792 2376 33 792 2377 32 792 2378 5 793 2379 28 793 2380 31 793 2381 17 794 2382 32 794 2383 35 794 2384 22 795 2385 35 795 2386 34 795 2387 5 800 2400 6 800 2401 7 800 2402 139 801 2403 5 801 2404 10 801 2405 11 802 2406 16 802 2407 105 802 2408 0 803 2409 23 803 2410 4 803 2411 105 804 2412 17 804 2413 22 804 2414 9 805 2415 6 805 2416 5 805 2417 8 806 2418 139 806 2419 4 806 2420 11 811 2433 12 811 2434 13 811 2435 15 812 2436 12 812 2437 11 812 2438 14 813 2439 205 813 2440 10 813 2441 17 818 2454 18 818 2455 19 818 2456 21 819 2457 18 819 2458 17 819 2459 20 820 2460 105 820 2461 16 820 2462 23 825 2475 24 825 2476 25 825 2477 27 826 2478 24 826 2479 23 826 2480 26 827 2481 0 827 2482 22 827 2483 23 828 2484 34 828 2485 29 828 2486 4 829 2487 29 829 2488 28 829 2489 279 834 2502 278 834 2503 273 834 2504 83 835 2505 85 835 2506 215 835 2507 215 836 2508 85 836 2509 259 836 2510 86 837 2511 216 837 2512 165 837 2513 84 838 2514 83 838 2515 218 838 2516 274 839 2517 276 839 2518 275 839 2519 190 840 2520 217 840 2521 82 840 2522 217 841 2523 216 841 2524 86 841 2525 178 842 2526 241 842 2527 274 842 2528 272 845 2535 275 845 2536 276 845 2537 188 846 2538 222 846 2539 276 846 2540 222 847 2541 181 847 2542 276 847 2543 271 848 2544 178 848 2545 273 848 2546 174 849 2547 173 849 2548 222 849 2549 81 851 2553 97 851 2554 92 851 2555 191 852 2556 103 852 2557 98 852 2558 165 853 2559 174 853 2560 274 853 2561 185 855 2565 262 855 2566 242 855 2567 173 856 2568 174 856 2569 165 856 2570 101 857 2571 100 857 2572 80 857 2573 94 858 2574 68 858 2575 95 858 2576 76 859 2577 73 859 2578 70 859 2579 74 860 2580 81 860 2581 82 860 2582 72 861 2583 73 861 2584 78 861 2585 73 862 2586 99 862 2587 78 862 2588 79 863 2589 85 863 2590 83 863 2591 71 864 2592 72 864 2593 83 864 2594 86 865 2595 87 865 2596 80 865 2597 85 866 2598 91 866 2599 252 866 2600 90 867 2601 180 867 2602 164 867 2603 89 868 2604 164 868 2605 250 868 2606 226 869 2607 180 869 2608 90 869 2609 71 871 2613 70 871 2614 73 871 2615 69 872 2616 93 872 2617 1 872 2618 93 873 2619 94 873 2620 104 873 2621 71 874 2622 84 874 2623 68 874 2624 94 875 2625 93 875 2626 75 875 2627 74 876 2628 75 876 2629 69 876 2630 84 877 2631 98 877 2632 95 877 2633 69 878 2634 96 878 2635 97 878 2636 90 879 2637 89 879 2638 87 879 2639 89 880 2640 101 880 2641 87 880 2642 85 881 2643 79 881 2644 91 881 2645 79 882 2646 102 882 2647 88 882 2648 76 883 2649 77 883 2650 80 883 2651 77 884 2652 82 884 2653 80 884 2654 101 885 2655 102 885 2656 99 885 2657 102 886 2658 101 886 2659 89 886 2660 100 887 2661 99 887 2662 73 887 2663 102 888 2664 79 888 2665 78 888 2666 98 889 2667 103 889 2668 205 889 2669 95 890 2670 98 890 2671 105 890 2672 255 891 2673 204 891 2674 249 891 2675 92 892 2676 97 892 2677 0 892 2678 97 893 2679 96 893 2680 1 893 2681 187 894 2682 2 894 2683 241 894 2684 234 895 2685 236 895 2686 260 895 2687 231 896 2688 161 896 2689 158 896 2690 232 897 2691 158 897 2692 157 897 2693 233 898 2694 234 898 2695 256 898 2696 235 899 2697 169 899 2698 240 899 2699 235 900 2700 138 900 2701 260 900 2702 227 901 2703 189 901 2704 210 901 2705 132 902 2706 128 902 2707 194 902 2708 134 903 2709 57 903 2710 59 903 2711 157 904 2712 156 904 2713 154 904 2714 132 905 2715 111 905 2716 128 905 2717 111 906 2718 116 906 2719 128 906 2720 116 907 2721 109 907 2722 128 907 2723 109 908 2724 112 908 2725 133 908 2726 128 909 2727 109 909 2728 133 909 2729 117 910 2730 113 910 2731 134 910 2732 112 911 2733 117 911 2734 136 911 2735 136 912 2736 133 912 2737 112 912 2738 117 913 2739 134 913 2740 129 913 2741 111 914 2742 132 914 2743 195 914 2744 112 915 2745 109 915 2746 154 915 2747 109 916 2748 116 916 2749 148 916 2750 134 917 2751 113 917 2752 161 917 2753 112 918 2754 156 918 2755 162 918 2756 269 919 2757 270 919 2758 171 919 2759 3 920 2760 270 920 2761 269 920 2762 111 921 2763 149 921 2764 148 921 2765 113 922 2766 117 922 2767 162 922 2768 175 923 2769 186 923 2770 176 923 2771 133 924 2772 200 924 2773 194 924 2774 136 925 2775 129 925 2776 59 925 2777 255 926 2778 3 926 2779 176 926 2780 58 927 2781 239 927 2782 186 927 2783 133 928 2784 136 928 2785 202 928 2786 250 929 2787 252 929 2788 91 929 2789 199 930 2790 200 930 2791 202 930 2792 64 931 2793 271 931 2794 56 931 2795 65 932 2796 394 932 2797 395 932 2798 107 933 2799 198 933 2800 199 933 2801 169 934 2802 195 934 2803 198 934 2804 62 935 2805 56 935 2806 394 935 2807 103 936 2808 206 936 2809 166 936 2810 207 937 2811 92 937 2812 139 937 2813 143 938 2814 223 938 2815 224 938 2816 145 939 2817 146 939 2818 140 939 2819 239 940 2820 168 940 2821 186 940 2822 168 941 2823 66 941 2824 186 941 2825 213 942 2826 143 942 2827 144 942 2828 144 943 2829 143 943 2830 146 943 2831 230 944 2832 225 944 2833 219 944 2834 225 945 2835 218 945 2836 219 945 2837 216 946 2838 223 946 2839 210 946 2840 223 947 2841 143 947 2842 213 947 2843 211 948 2844 212 948 2845 214 948 2846 212 949 2847 144 949 2848 214 949 2849 167 950 2850 206 950 2851 103 950 2852 230 951 2853 140 951 2854 63 951 2855 190 952 2856 92 952 2857 207 952 2858 238 953 2859 237 953 2860 167 953 2861 168 964 2892 239 964 2893 181 964 2894 272 965 2895 181 965 2896 239 965 2897 208 966 2898 209 966 2899 237 966 2900 147 967 2901 190 967 2902 203 967 2903 52 968 2904 55 968 2905 62 968 2906 171 969 2907 240 969 2908 169 969 2909 209 970 2910 208 970 2911 142 970 2912 171 971 2913 107 971 2914 106 971 2915 199 972 2916 52 972 2917 65 972 2918 57 973 2919 64 973 2920 62 973 2921 142 974 2922 139 974 2923 205 974 2924 208 975 2925 203 975 2926 207 975 2927 144 978 2934 145 978 2935 219 978 2936 240 979 2937 171 979 2938 3 979 2939 168 980 2940 222 980 2941 173 980 2942 168 981 2943 177 981 2944 183 981 2945 221 983 2949 258 983 2950 250 983 2951 167 984 2952 209 984 2953 166 984 2954 147 985 2955 63 985 2956 140 985 2957 172 986 2958 67 986 2959 211 986 2960 226 987 2961 220 987 2962 221 987 2963 212 988 2964 192 988 2965 227 988 2966 176 989 2967 183 989 2968 172 989 2969 237 990 2970 238 990 2971 225 990 2972 172 993 2979 183 993 2980 177 993 2981 192 994 2982 177 994 2983 173 994 2984 392 995 2985 393 995 2986 272 995 2987 75 996 2988 74 996 2989 77 996 2990 244 997 2991 220 997 2992 226 997 2993 179 998 2994 221 998 2995 220 998 2996 251 999 2997 258 999 2998 221 999 2999 204 1000 3000 172 1000 3001 259 1000 3002 2 1001 3003 226 1001 3004 165 1001 3005 211 1002 3006 67 1002 3007 192 1002 3008 216 1003 3009 210 1003 3010 189 1003 3011 215 1004 3012 214 1004 3013 219 1004 3014 147 1005 3015 141 1005 3016 217 1005 3017 223 1006 3018 216 1006 3019 217 1006 3020 231 1007 3021 229 1007 3022 271 1007 3023 229 1008 3024 228 1008 3025 243 1008 3026 161 1009 3027 231 1009 3028 64 1009 3029 141 1010 3030 140 1010 3031 224 1010 3032 140 1011 3033 146 1011 3034 224 1011 3035 149 1012 3036 235 1012 3037 236 1012 3038 195 1013 3039 169 1013 3040 235 1013 3041 153 1014 3042 234 1014 3043 233 1014 3044 228 1015 3045 232 1015 3046 233 1015 3047 228 1016 3048 229 1016 3049 231 1016 3050 150 1017 3051 236 1017 3052 234 1017 3053 238 1018 3054 191 1018 3055 218 1018 3056 262 1019 3057 254 1019 3058 184 1019 3059 179 1020 3060 184 1020 3061 254 1020 3062 184 1021 3063 179 1021 3064 246 1021 3065 179 1022 3066 182 1022 3067 246 1022 3068 242 1023 3069 184 1023 3070 246 1023 3071 187 1024 3072 243 1024 3073 244 1024 3074 245 1025 3075 246 1025 3076 244 1025 3077 243 1026 3078 247 1026 3079 248 1026 3080 56 1027 3081 278 1027 3082 279 1027 3083 732 1028 3084 170 1028 3085 248 1028 3086 248 1029 3087 247 1029 3088 228 1029 3089 258 1030 3090 257 1030 3091 259 1030 3092 259 1031 3093 257 1031 3094 264 1031 3095 257 1032 3096 258 1032 3097 251 1032 3098 138 1033 3099 277 1033 3100 263 1033 3101 253 1034 3102 251 1034 3103 266 1034 3104 251 1035 3105 254 1035 3106 266 1035 3107 262 1036 3108 265 1036 3109 266 1036 3110 277 1037 3111 249 1037 3112 264 1037 3113 264 1038 3114 266 1038 3115 265 1038 3116 268 1039 3117 267 1039 3118 263 1039 3119 260 1040 3120 267 1040 3121 268 1040 3122 287 1041 3123 282 1041 3124 291 1041 3125 283 1042 3126 286 1042 3127 285 1042 3128 295 1043 3129 290 1043 3130 289 1043 3131 281 1044 3132 280 1044 3133 285 1044 3134 287 1045 3135 286 1045 3136 283 1045 3137 293 1046 3138 292 1046 3139 289 1046 3140 291 1047 3141 290 1047 3142 295 1047 3143 293 1048 3144 288 1048 3145 281 1048 3146 281 1073 3219 313 1073 3220 317 1073 3221 288 1074 3222 289 1074 3223 327 1074 3224 298 1075 3225 299 1075 3226 282 1075 3227 280 1076 3228 317 1076 3229 298 1076 3230 302 1077 3231 298 1077 3232 317 1077 3233 299 1078 3234 307 1078 3235 291 1078 3236 299 1079 3237 303 1079 3238 306 1079 3239 291 1080 3240 307 1080 3241 311 1080 3242 311 1081 3243 327 1081 3244 289 1081 3245 311 1082 3246 310 1082 3247 323 1082 3248 326 1083 3249 313 1083 3250 281 1083 3251 312 1084 3252 313 1084 3253 326 1084 3254 329 1085 3255 331 1085 3256 330 1085 3257 331 1086 3258 333 1086 3259 332 1086 3260 333 1087 3261 335 1087 3262 334 1087 3263 335 1088 3264 337 1088 3265 336 1088 3266 337 1089 3267 339 1089 3268 338 1089 3269 339 1090 3270 341 1090 3271 340 1090 3272 333 1091 3273 331 1091 3274 329 1091 3275 329 1092 3276 343 1092 3277 341 1092 3278 341 1093 3279 339 1093 3280 337 1093 3281 337 1094 3282 335 1094 3283 341 1094 3284 335 1095 3285 333 1095 3286 341 1095 3287 341 1096 3288 343 1096 3289 342 1096 3290 343 1097 3291 329 1097 3292 328 1097 3293 342 1098 3294 328 1098 3295 330 1098 3296 330 1099 3297 332 1099 3298 334 1099 3299 334 1100 3300 336 1100 3301 338 1100 3302 338 1101 3303 340 1101 3304 334 1101 3305 340 1102 3306 342 1102 3307 334 1102 3308 345 1103 3309 347 1103 3310 346 1103 3311 347 1104 3312 349 1104 3313 348 1104 3314 349 1105 3315 351 1105 3316 350 1105 3317 351 1106 3318 353 1106 3319 352 1106 3320 353 1107 3321 355 1107 3322 354 1107 3323 355 1108 3324 357 1108 3325 356 1108 3326 349 1109 3327 347 1109 3328 345 1109 3329 345 1110 3330 359 1110 3331 357 1110 3332 357 1111 3333 355 1111 3334 353 1111 3335 353 1112 3336 351 1112 3337 357 1112 3338 351 1113 3339 349 1113 3340 357 1113 3341 357 1114 3342 359 1114 3343 358 1114 3344 359 1115 3345 345 1115 3346 344 1115 3347 358 1116 3348 344 1116 3349 346 1116 3350 346 1117 3351 348 1117 3352 350 1117 3353 350 1118 3354 352 1118 3355 354 1118 3356 354 1119 3357 356 1119 3358 350 1119 3359 356 1120 3360 358 1120 3361 350 1120 3362 361 1121 3363 363 1121 3364 362 1121 3365 363 1122 3366 365 1122 3367 364 1122 3368 365 1123 3369 367 1123 3370 366 1123 3371 367 1124 3372 369 1124 3373 368 1124 3374 369 1125 3375 371 1125 3376 370 1125 3377 371 1126 3378 373 1126 3379 372 1126 3380 365 1127 3381 363 1127 3382 361 1127 3383 361 1128 3384 375 1128 3385 373 1128 3386 373 1129 3387 371 1129 3388 369 1129 3389 369 1130 3390 367 1130 3391 373 1130 3392 367 1131 3393 365 1131 3394 373 1131 3395 373 1132 3396 375 1132 3397 374 1132 3398 375 1133 3399 361 1133 3400 360 1133 3401 374 1134 3402 360 1134 3403 362 1134 3404 362 1135 3405 364 1135 3406 366 1135 3407 366 1136 3408 368 1136 3409 370 1136 3410 370 1137 3411 372 1137 3412 366 1137 3413 372 1138 3414 374 1138 3415 366 1138 3416 377 1139 3417 379 1139 3418 378 1139 3419 379 1140 3420 381 1140 3421 380 1140 3422 381 1141 3423 383 1141 3424 382 1141 3425 383 1142 3426 385 1142 3427 384 1142 3428 385 1143 3429 387 1143 3430 386 1143 3431 387 1144 3432 389 1144 3433 388 1144 3434 381 1145 3435 379 1145 3436 377 1145 3437 377 1146 3438 391 1146 3439 389 1146 3440 389 1147 3441 387 1147 3442 385 1147 3443 385 1148 3444 383 1148 3445 389 1148 3446 383 1149 3447 381 1149 3448 389 1149 3449 389 1150 3450 391 1150 3451 390 1150 3452 391 1151 3453 377 1151 3454 376 1151 3455 390 1152 3456 376 1152 3457 378 1152 3458 378 1153 3459 380 1153 3460 382 1153 3461 382 1154 3462 384 1154 3463 386 1154 3464 386 1155 3465 388 1155 3466 382 1155 3467 388 1156 3468 390 1156 3469 382 1156 3470 342 1157 3471 328 1157 3472 303 1157 3473 330 1158 3474 344 1158 3475 306 1158 3476 348 1159 3477 310 1159 3478 306 1159 3479 310 1160 3480 350 1160 3481 380 1160 3482 384 1161 3483 322 1161 3484 323 1161 3485 386 1162 3486 368 1162 3487 312 1162 3488 316 1163 3489 312 1163 3490 370 1163 3491 374 1164 3492 340 1164 3493 302 1164 3494 338 1165 3495 340 1165 3496 374 1165 3497 336 1166 3498 338 1166 3499 360 1166 3500 332 1167 3501 358 1167 3502 344 1167 3503 334 1168 3504 356 1168 3505 358 1168 3506 368 1169 3507 386 1169 3508 388 1169 3509 366 1170 3510 388 1170 3511 390 1170 3512 352 1171 3513 378 1171 3514 380 1171 3515 354 1172 3516 376 1172 3517 378 1172 3518 376 1173 3519 356 1173 3520 336 1173 3521 287 1174 3522 294 1174 3523 271 1174 3524 271 1175 3525 295 1175 3526 292 1175 3527 293 1176 3528 284 1176 3529 187 1176 3530 285 1177 3531 286 1177 3532 229 1177 3533 403 1178 3534 398 1178 3535 407 1178 3536 399 1179 3537 402 1179 3538 401 1179 3539 411 1180 3540 406 1180 3541 405 1180 3542 400 1181 3543 397 1181 3544 396 1181 3545 403 1182 3546 402 1182 3547 399 1182 3548 409 1183 3549 408 1183 3550 405 1183 3551 410 1184 3552 407 1184 3553 406 1184 3554 409 1185 3555 404 1185 3556 397 1185 3557 397 1210 3630 429 1210 3631 433 1210 3632 404 1211 3633 405 1211 3634 443 1211 3635 414 1212 3636 415 1212 3637 398 1212 3638 396 1213 3639 433 1213 3640 414 1213 3641 418 1214 3642 414 1214 3643 433 1214 3644 415 1215 3645 423 1215 3646 407 1215 3647 415 1216 3648 419 1216 3649 422 1216 3650 407 1217 3651 423 1217 3652 427 1217 3653 427 1218 3654 443 1218 3655 405 1218 3656 427 1219 3657 426 1219 3658 439 1219 3659 404 1220 3660 442 1220 3661 429 1220 3662 438 1221 3663 428 1221 3664 429 1221 3665 445 1222 3666 447 1222 3667 446 1222 3668 447 1223 3669 449 1223 3670 448 1223 3671 449 1224 3672 451 1224 3673 450 1224 3674 451 1225 3675 453 1225 3676 452 1225 3677 452 1226 3678 453 1226 3679 455 1226 3680 455 1227 3681 457 1227 3682 456 1227 3683 449 1228 3684 447 1228 3685 445 1228 3686 445 1229 3687 459 1229 3688 449 1229 3689 459 1230 3690 457 1230 3691 449 1230 3692 457 1231 3693 455 1231 3694 453 1231 3695 453 1232 3696 451 1232 3697 457 1232 3698 457 1233 3699 459 1233 3700 458 1233 3701 458 1234 3702 459 1234 3703 445 1234 3704 446 1235 3705 444 1235 3706 458 1235 3707 458 1236 3708 456 1236 3709 454 1236 3710 454 1237 3711 452 1237 3712 450 1237 3713 450 1238 3714 448 1238 3715 446 1238 3716 446 1239 3717 458 1239 3718 450 1239 3719 461 1240 3720 463 1240 3721 462 1240 3722 463 1241 3723 465 1241 3724 464 1241 3725 465 1242 3726 467 1242 3727 466 1242 3728 467 1243 3729 469 1243 3730 468 1243 3731 469 1244 3732 471 1244 3733 470 1244 3734 471 1245 3735 473 1245 3736 472 1245 3737 465 1246 3738 463 1246 3739 473 1246 3740 463 1247 3741 461 1247 3742 473 1247 3743 461 1248 3744 475 1248 3745 473 1248 3746 473 1249 3747 471 1249 3748 469 1249 3749 469 1250 3750 467 1250 3751 473 1250 3752 473 1251 3753 475 1251 3754 474 1251 3755 475 1252 3756 461 1252 3757 460 1252 3758 474 1253 3759 460 1253 3760 466 1253 3761 460 1254 3762 462 1254 3763 466 1254 3764 462 1255 3765 464 1255 3766 466 1255 3767 466 1256 3768 468 1256 3769 470 1256 3770 470 1257 3771 472 1257 3772 466 1257 3773 477 1258 3774 479 1258 3775 478 1258 3776 479 1259 3777 481 1259 3778 480 1259 3779 481 1260 3780 483 1260 3781 482 1260 3782 483 1261 3783 485 1261 3784 484 1261 3785 484 1262 3786 485 1262 3787 487 1262 3788 487 1263 3789 489 1263 3790 488 1263 3791 481 1264 3792 479 1264 3793 477 1264 3794 477 1265 3795 491 1265 3796 481 1265 3797 491 1266 3798 489 1266 3799 481 1266 3800 489 1267 3801 487 1267 3802 485 1267 3803 485 1268 3804 483 1268 3805 489 1268 3806 489 1269 3807 491 1269 3808 490 1269 3809 490 1270 3810 491 1270 3811 477 1270 3812 478 1271 3813 476 1271 3814 490 1271 3815 490 1272 3816 488 1272 3817 486 1272 3818 486 1273 3819 484 1273 3820 482 1273 3821 482 1274 3822 480 1274 3823 478 1274 3824 478 1275 3825 490 1275 3826 482 1275 3827 493 1276 3828 495 1276 3829 494 1276 3830 495 1277 3831 497 1277 3832 496 1277 3833 497 1278 3834 499 1278 3835 498 1278 3836 499 1279 3837 501 1279 3838 500 1279 3839 501 1280 3840 503 1280 3841 502 1280 3842 503 1281 3843 505 1281 3844 504 1281 3845 497 1282 3846 495 1282 3847 505 1282 3848 495 1283 3849 493 1283 3850 505 1283 3851 493 1284 3852 507 1284 3853 505 1284 3854 505 1285 3855 503 1285 3856 501 1285 3857 501 1286 3858 499 1286 3859 505 1286 3860 505 1287 3861 507 1287 3862 506 1287 3863 507 1288 3864 493 1288 3865 492 1288 3866 506 1289 3867 492 1289 3868 498 1289 3869 492 1290 3870 494 1290 3871 498 1290 3872 494 1291 3873 496 1291 3874 498 1291 3875 498 1292 3876 500 1292 3877 502 1292 3878 502 1293 3879 504 1293 3880 498 1293 3881 458 1294 3882 444 1294 3883 419 1294 3884 419 1295 3885 446 1295 3886 460 1295 3887 464 1296 3888 426 1296 3889 422 1296 3890 426 1297 3891 466 1297 3892 496 1297 3893 500 1298 3894 438 1298 3895 439 1298 3896 502 1299 3897 484 1299 3898 428 1299 3899 432 1300 3900 428 1300 3901 486 1300 3902 490 1301 3903 456 1301 3904 418 1301 3905 454 1302 3906 456 1302 3907 490 1302 3908 452 1303 3909 454 1303 3910 476 1303 3911 448 1304 3912 474 1304 3913 460 1304 3914 450 1305 3915 472 1305 3916 474 1305 3917 484 1306 3918 502 1306 3919 504 1306 3920 482 1307 3921 504 1307 3922 506 1307 3923 468 1308 3924 494 1308 3925 496 1308 3926 470 1309 3927 492 1309 3928 494 1309 3929 492 1310 3930 472 1310 3931 452 1310 3932 403 1311 3933 410 1311 3934 395 1311 3935 395 1312 3936 411 1312 3937 408 1312 3938 409 1313 3939 400 1313 3940 393 1313 3941 401 1314 3942 402 1314 3943 394 1314 3944 515 1315 3945 510 1315 3946 519 1315 3947 511 1316 3948 514 1316 3949 513 1316 3950 523 1317 3951 518 1317 3952 517 1317 3953 512 1318 3954 509 1318 3955 508 1318 3956 515 1319 3957 514 1319 3958 511 1319 3959 521 1320 3960 520 1320 3961 517 1320 3962 522 1321 3963 519 1321 3964 518 1321 3965 512 1322 3966 521 1322 3967 516 1322 3968 509 1347 4041 541 1347 4042 545 1347 4043 516 1348 4044 517 1348 4045 555 1348 4046 526 1349 4047 527 1349 4048 510 1349 4049 508 1350 4050 545 1350 4051 526 1350 4052 530 1351 4053 526 1351 4054 545 1351 4055 527 1352 4056 535 1352 4057 519 1352 4058 527 1353 4059 531 1353 4060 534 1353 4061 519 1354 4062 535 1354 4063 539 1354 4064 539 1355 4065 555 1355 4066 517 1355 4067 539 1356 4068 538 1356 4069 551 1356 4070 554 1357 4071 541 1357 4072 509 1357 4073 550 1358 4074 540 1358 4075 541 1358 4076 557 1359 4077 559 1359 4078 558 1359 4079 559 1360 4080 561 1360 4081 560 1360 4082 561 1361 4083 563 1361 4084 562 1361 4085 563 1362 4086 565 1362 4087 564 1362 4088 564 1363 4089 565 1363 4090 567 1363 4091 567 1364 4092 569 1364 4093 568 1364 4094 561 1365 4095 559 1365 4096 557 1365 4097 557 1366 4098 571 1366 4099 561 1366 4100 571 1367 4101 569 1367 4102 561 1367 4103 569 1368 4104 567 1368 4105 565 1368 4106 565 1369 4107 563 1369 4108 569 1369 4109 569 1370 4110 571 1370 4111 570 1370 4112 570 1371 4113 571 1371 4114 557 1371 4115 558 1372 4116 556 1372 4117 570 1372 4118 570 1373 4119 568 1373 4120 566 1373 4121 566 1374 4122 564 1374 4123 562 1374 4124 562 1375 4125 560 1375 4126 558 1375 4127 558 1376 4128 570 1376 4129 562 1376 4130 573 1377 4131 575 1377 4132 574 1377 4133 575 1378 4134 577 1378 4135 576 1378 4136 577 1379 4137 579 1379 4138 578 1379 4139 579 1380 4140 581 1380 4141 580 1380 4142 581 1381 4143 583 1381 4144 582 1381 4145 583 1382 4146 585 1382 4147 584 1382 4148 577 1383 4149 575 1383 4150 573 1383 4151 573 1384 4152 587 1384 4153 585 1384 4154 585 1385 4155 583 1385 4156 581 1385 4157 581 1386 4158 579 1386 4159 585 1386 4160 579 1387 4161 577 1387 4162 585 1387 4163 585 1388 4164 587 1388 4165 586 1388 4166 587 1389 4167 573 1389 4168 572 1389 4169 586 1390 4170 572 1390 4171 574 1390 4172 574 1391 4173 576 1391 4174 578 1391 4175 578 1392 4176 580 1392 4177 582 1392 4178 582 1393 4179 584 1393 4180 578 1393 4181 584 1394 4182 586 1394 4183 578 1394 4184 589 1395 4185 591 1395 4186 590 1395 4187 591 1396 4188 593 1396 4189 592 1396 4190 593 1397 4191 595 1397 4192 594 1397 4193 595 1398 4194 597 1398 4195 596 1398 4196 596 1399 4197 597 1399 4198 599 1399 4199 599 1400 4200 601 1400 4201 600 1400 4202 593 1401 4203 591 1401 4204 589 1401 4205 589 1402 4206 603 1402 4207 593 1402 4208 603 1403 4209 601 1403 4210 593 1403 4211 601 1404 4212 599 1404 4213 597 1404 4214 597 1405 4215 595 1405 4216 601 1405 4217 601 1406 4218 603 1406 4219 602 1406 4220 602 1407 4221 603 1407 4222 589 1407 4223 590 1408 4224 588 1408 4225 602 1408 4226 602 1409 4227 600 1409 4228 598 1409 4229 598 1410 4230 596 1410 4231 594 1410 4232 594 1411 4233 592 1411 4234 590 1411 4235 590 1412 4236 602 1412 4237 594 1412 4238 605 1413 4239 607 1413 4240 606 1413 4241 607 1414 4242 609 1414 4243 608 1414 4244 609 1415 4245 611 1415 4246 610 1415 4247 611 1416 4248 613 1416 4249 612 1416 4250 613 1417 4251 615 1417 4252 614 1417 4253 615 1418 4254 617 1418 4255 616 1418 4256 609 1419 4257 607 1419 4258 605 1419 4259 605 1420 4260 619 1420 4261 617 1420 4262 617 1421 4263 615 1421 4264 613 1421 4265 613 1422 4266 611 1422 4267 617 1422 4268 611 1423 4269 609 1423 4270 617 1423 4271 617 1424 4272 619 1424 4273 618 1424 4274 619 1425 4275 605 1425 4276 604 1425 4277 618 1426 4278 604 1426 4279 606 1426 4280 606 1427 4281 608 1427 4282 610 1427 4283 610 1428 4284 612 1428 4285 614 1428 4286 614 1429 4287 616 1429 4288 610 1429 4289 616 1430 4290 618 1430 4291 610 1430 4292 570 1431 4293 556 1431 4294 531 1431 4295 531 1432 4296 558 1432 4297 572 1432 4298 576 1433 4299 538 1433 4300 534 1433 4301 538 1434 4302 578 1434 4303 608 1434 4304 612 1435 4305 550 1435 4306 551 1435 4307 614 1436 4308 596 1436 4309 540 1436 4310 544 1437 4311 540 1437 4312 598 1437 4313 602 1438 4314 568 1438 4315 530 1438 4316 566 1439 4317 568 1439 4318 602 1439 4319 564 1440 4320 566 1440 4321 588 1440 4322 560 1441 4323 586 1441 4324 572 1441 4325 562 1442 4326 584 1442 4327 586 1442 4328 596 1443 4329 614 1443 4330 616 1443 4331 594 1444 4332 616 1444 4333 618 1444 4334 580 1445 4335 606 1445 4336 608 1445 4337 582 1446 4338 604 1446 4339 606 1446 4340 604 1447 4341 584 1447 4342 564 1447 4343 515 1448 4344 522 1448 4345 138 1448 4346 138 1449 4347 523 1449 4348 520 1449 4349 521 1450 4350 512 1450 4351 255 1450 4352 513 1451 4353 514 1451 4354 240 1451 4355 627 1452 4356 622 1452 4357 631 1452 4358 623 1453 4359 626 1453 4360 625 1453 4361 635 1454 4362 630 1454 4363 629 1454 4364 621 1455 4365 620 1455 4366 625 1455 4367 627 1456 4368 626 1456 4369 623 1456 4370 633 1457 4371 632 1457 4372 629 1457 4373 634 1458 4374 631 1458 4375 630 1458 4376 624 1459 4377 633 1459 4378 628 1459 4379 621 1484 4452 653 1484 4453 657 1484 4454 628 1485 4455 629 1485 4456 667 1485 4457 638 1486 4458 639 1486 4459 622 1486 4460 620 1487 4461 657 1487 4462 638 1487 4463 642 1488 4464 638 1488 4465 657 1488 4466 639 1489 4467 647 1489 4468 631 1489 4469 639 1490 4470 643 1490 4471 646 1490 4472 631 1491 4473 647 1491 4474 651 1491 4475 651 1492 4476 667 1492 4477 629 1492 4478 651 1493 4479 650 1493 4480 663 1493 4481 666 1494 4482 653 1494 4483 621 1494 4484 662 1495 4485 652 1495 4486 653 1495 4487 669 1496 4488 671 1496 4489 670 1496 4490 670 1497 4491 671 1497 4492 673 1497 4493 673 1498 4494 675 1498 4495 674 1498 4496 675 1499 4497 677 1499 4498 676 1499 4499 676 1500 4500 677 1500 4501 679 1500 4502 679 1501 4503 681 1501 4504 680 1501 4505 673 1502 4506 671 1502 4507 669 1502 4508 669 1503 4509 683 1503 4510 681 1503 4511 681 1504 4512 679 1504 4513 677 1504 4514 677 1505 4515 675 1505 4516 681 1505 4517 675 1506 4518 673 1506 4519 681 1506 4520 681 1507 4521 683 1507 4522 682 1507 4523 682 1508 4524 683 1508 4525 669 1508 4526 682 1509 4527 668 1509 4528 670 1509 4529 670 1510 4530 672 1510 4531 682 1510 4532 672 1511 4533 674 1511 4534 682 1511 4535 674 1512 4536 676 1512 4537 678 1512 4538 678 1513 4539 680 1513 4540 674 1513 4541 685 1514 4542 687 1514 4543 686 1514 4544 687 1515 4545 689 1515 4546 688 1515 4547 689 1516 4548 691 1516 4549 690 1516 4550 691 1517 4551 693 1517 4552 692 1517 4553 693 1518 4554 695 1518 4555 694 1518 4556 695 1519 4557 697 1519 4558 696 1519 4559 689 1520 4560 687 1520 4561 685 1520 4562 685 1521 4563 699 1521 4564 697 1521 4565 697 1522 4566 695 1522 4567 693 1522 4568 693 1523 4569 691 1523 4570 697 1523 4571 691 1524 4572 689 1524 4573 697 1524 4574 697 1525 4575 699 1525 4576 698 1525 4577 699 1526 4578 685 1526 4579 684 1526 4580 698 1527 4581 684 1527 4582 686 1527 4583 686 1528 4584 688 1528 4585 690 1528 4586 690 1529 4587 692 1529 4588 694 1529 4589 694 1530 4590 696 1530 4591 690 1530 4592 696 1531 4593 698 1531 4594 690 1531 4595 701 1532 4596 703 1532 4597 702 1532 4598 702 1533 4599 703 1533 4600 705 1533 4601 705 1534 4602 707 1534 4603 706 1534 4604 707 1535 4605 709 1535 4606 708 1535 4607 708 1536 4608 709 1536 4609 711 1536 4610 711 1537 4611 713 1537 4612 712 1537 4613 705 1538 4614 703 1538 4615 701 1538 4616 701 1539 4617 715 1539 4618 713 1539 4619 713 1540 4620 711 1540 4621 709 1540 4622 709 1541 4623 707 1541 4624 713 1541 4625 707 1542 4626 705 1542 4627 713 1542 4628 713 1543 4629 715 1543 4630 714 1543 4631 714 1544 4632 715 1544 4633 701 1544 4634 714 1545 4635 700 1545 4636 702 1545 4637 702 1546 4638 704 1546 4639 714 1546 4640 704 1547 4641 706 1547 4642 714 1547 4643 706 1548 4644 708 1548 4645 710 1548 4646 710 1549 4647 712 1549 4648 706 1549 4649 717 1550 4650 719 1550 4651 718 1550 4652 719 1551 4653 721 1551 4654 720 1551 4655 721 1552 4656 723 1552 4657 722 1552 4658 723 1553 4659 725 1553 4660 724 1553 4661 725 1554 4662 727 1554 4663 726 1554 4664 727 1555 4665 729 1555 4666 728 1555 4667 721 1556 4668 719 1556 4669 717 1556 4670 717 1557 4671 731 1557 4672 729 1557 4673 729 1558 4674 727 1558 4675 725 1558 4676 725 1559 4677 723 1559 4678 729 1559 4679 723 1560 4680 721 1560 4681 729 1560 4682 729 1561 4683 731 1561 4684 730 1561 4685 731 1562 4686 717 1562 4687 716 1562 4688 730 1563 4689 716 1563 4690 718 1563 4691 718 1564 4692 720 1564 4693 722 1564 4694 722 1565 4695 724 1565 4696 726 1565 4697 726 1566 4698 728 1566 4699 722 1566 4700 728 1567 4701 730 1567 4702 722 1567 4703 682 1568 4704 668 1568 4705 643 1568 4706 643 1569 4707 670 1569 4708 684 1569 4709 688 1570 4710 650 1570 4711 646 1570 4712 650 1571 4713 690 1571 4714 720 1571 4715 724 1572 4716 662 1572 4717 663 1572 4718 726 1573 4719 708 1573 4720 652 1573 4721 656 1574 4722 652 1574 4723 710 1574 4724 714 1575 4725 680 1575 4726 642 1575 4727 678 1576 4728 680 1576 4729 714 1576 4730 676 1577 4731 678 1577 4732 700 1577 4733 672 1578 4734 698 1578 4735 684 1578 4736 674 1579 4737 696 1579 4738 698 1579 4739 708 1580 4740 726 1580 4741 728 1580 4742 706 1581 4743 728 1581 4744 730 1581 4745 692 1582 4746 718 1582 4747 720 1582 4748 694 1583 4749 716 1583 4750 718 1583 4751 716 1584 4752 696 1584 4753 676 1584 4754 627 1585 4755 634 1585 4756 261 1585 4757 732 1586 4758 261 1586 4759 635 1586 4760 635 1587 4761 632 1587 4762 732 1587 4763 633 1588 4764 624 1588 4765 185 1588 4766 625 1589 4767 626 1589 4768 256 1589 4769</p>
        </triangles>
        <triangles material="lightgrey-material" count="272">
          <input semantic="VERTEX" source="#Cube-mesh-vertices" offset="0"/>
          <input semantic="NORMAL" source="#Cube-mesh-normals" offset="1"/>
          <input semantic="TEXCOORD" source="#Cube-mesh-map-0" offset="2" set="0"/>
          <p>37 8 24 7 8 25 6 8 26 36 9 27 8 9 28 7 9 29 38 10 30 9 10 31 8 10 32 39 11 33 6 11 34 9 11 35 41 20 60 13 20 61 12 20 62 40 21 63 14 21 64 13 21 65 42 22 66 15 22 67 14 22 68 43 23 69 12 23 70 15 23 71 45 28 84 19 28 85 18 28 86 44 29 87 20 29 88 19 29 89 46 30 90 21 30 91 20 30 92 47 31 93 18 31 94 21 31 95 49 36 108 25 36 109 24 36 110 48 37 111 26 37 112 25 37 113 50 38 114 27 38 115 26 38 116 51 39 117 24 39 118 27 39 119 37 52 156 38 52 157 36 52 158 41 53 159 42 53 160 40 53 161 44 54 162 47 54 163 46 54 164 49 55 165 50 55 166 48 55 167 61 70 210 127 70 211 130 70 212 127 71 213 53 71 214 54 71 215 60 76 228 137 76 229 53 76 230 61 80 240 201 80 241 137 80 242 130 96 288 54 96 289 201 96 290 115 174 522 151 174 523 155 174 524 122 175 525 155 175 526 108 175 527 123 176 528 108 176 529 152 176 530 118 177 531 152 177 532 151 177 533 122 178 534 118 178 535 115 178 536 120 188 564 159 188 565 163 188 566 114 189 567 163 189 568 121 189 569 110 190 570 121 190 571 160 190 572 119 191 573 160 191 574 159 191 575 114 192 576 119 192 577 120 192 578 131 215 645 126 215 646 125 215 647 126 216 648 196 216 649 197 216 650 135 222 666 124 222 667 196 222 668 131 233 699 193 233 700 124 233 701 125 234 702 197 234 703 193 234 704 297 313 939 298 313 940 296 313 941 298 314 942 303 314 943 302 314 944 303 315 945 300 315 946 302 315 947 301 316 948 296 316 949 300 316 950 302 317 951 296 317 952 298 317 953 299 318 954 301 318 955 303 318 956 305 319 957 306 319 958 304 319 959 306 320 960 311 320 961 310 320 962 311 321 963 308 321 964 310 321 965 309 322 966 304 322 967 308 322 968 310 323 969 304 323 970 306 323 971 307 324 972 309 324 973 311 324 974 318 325 975 317 325 976 319 325 977 317 326 978 312 326 979 313 326 980 312 327 981 315 327 982 313 327 983 314 328 984 319 328 985 315 328 986 313 329 987 319 329 988 317 329 989 316 330 990 314 330 991 312 330 992 321 331 993 322 331 994 320 331 995 322 332 996 327 332 997 326 332 998 327 333 999 324 333 1000 326 333 1001 325 334 1002 320 334 1003 324 334 1004 326 335 1005 320 335 1006 322 335 1007 323 336 1008 325 336 1009 327 336 1010 413 434 1302 414 434 1303 412 434 1304 414 435 1305 419 435 1306 418 435 1307 419 436 1308 416 436 1309 418 436 1310 417 437 1311 412 437 1312 416 437 1313 418 438 1314 412 438 1315 414 438 1316 415 439 1317 417 439 1318 419 439 1319 421 440 1320 422 440 1321 420 440 1322 422 441 1323 427 441 1324 426 441 1325 427 442 1326 424 442 1327 426 442 1328 425 443 1329 420 443 1330 424 443 1331 426 444 1332 420 444 1333 422 444 1334 423 445 1335 425 445 1336 427 445 1337 434 446 1338 433 446 1339 435 446 1340 433 447 1341 428 447 1342 429 447 1343 428 448 1344 431 448 1345 429 448 1346 430 449 1347 435 449 1348 431 449 1349 429 450 1350 435 450 1351 433 450 1352 432 451 1353 430 451 1354 428 451 1355 437 452 1356 438 452 1357 436 452 1358 438 453 1359 443 453 1360 442 453 1361 443 454 1362 440 454 1363 442 454 1364 441 455 1365 436 455 1366 440 455 1367 442 456 1368 436 456 1369 438 456 1370 439 457 1371 441 457 1372 443 457 1373 525 555 1665 526 555 1666 524 555 1667 526 556 1668 531 556 1669 527 556 1670 531 557 1671 528 557 1672 530 557 1673 529 558 1674 524 558 1675 528 558 1676 526 559 1677 528 559 1678 524 559 1679 531 560 1680 525 560 1681 529 560 1682 533 561 1683 534 561 1684 532 561 1685 534 562 1686 539 562 1687 538 562 1688 539 563 1689 536 563 1690 538 563 1691 537 564 1692 532 564 1693 536 564 1694 538 565 1695 532 565 1696 534 565 1697 535 566 1698 537 566 1699 539 566 1700 546 567 1701 545 567 1702 547 567 1703 545 568 1704 540 568 1705 541 568 1706 540 569 1707 543 569 1708 541 569 1709 542 570 1710 547 570 1711 543 570 1712 545 571 1713 543 571 1714 547 571 1715 540 572 1716 546 572 1717 542 572 1718 549 573 1719 550 573 1720 548 573 1721 550 574 1722 555 574 1723 554 574 1724 555 575 1725 552 575 1726 554 575 1727 553 576 1728 548 576 1729 552 576 1730 554 577 1731 548 577 1732 550 577 1733 551 578 1734 553 578 1735 555 578 1736 637 676 2028 638 676 2029 636 676 2030 638 677 2031 643 677 2032 639 677 2033 643 678 2034 640 678 2035 642 678 2036 641 679 2037 636 679 2038 640 679 2039 638 680 2040 640 680 2041 636 680 2042 639 681 2043 641 681 2044 643 681 2045 645 682 2046 646 682 2047 644 682 2048 646 683 2049 651 683 2050 650 683 2051 651 684 2052 648 684 2053 650 684 2054 649 685 2055 644 685 2056 648 685 2057 650 686 2058 644 686 2059 646 686 2060 647 687 2061 649 687 2062 651 687 2063 658 688 2064 657 688 2065 659 688 2066 657 689 2067 652 689 2068 653 689 2069 652 690 2070 655 690 2071 653 690 2072 654 691 2073 659 691 2074 655 691 2075 657 692 2076 655 692 2077 659 692 2078 656 693 2079 654 693 2080 652 693 2081 661 694 2082 662 694 2083 660 694 2084 662 695 2085 667 695 2086 666 695 2087 667 696 2088 664 696 2089 666 696 2090 665 697 2091 660 697 2092 664 697 2093 666 698 2094 660 698 2095 662 698 2096 663 699 2097 665 699 2098 667 699 2099 37 796 2388 36 796 2389 7 796 2390 36 797 2391 38 797 2392 8 797 2393 38 798 2394 39 798 2395 9 798 2396 39 799 2397 37 799 2398 6 799 2399 41 807 2421 40 807 2422 13 807 2423 40 808 2424 42 808 2425 14 808 2426 42 809 2427 43 809 2428 15 809 2429 43 810 2430 41 810 2431 12 810 2432 45 814 2442 44 814 2443 19 814 2444 44 815 2445 46 815 2446 20 815 2447 46 816 2448 47 816 2449 21 816 2450 47 817 2451 45 817 2452 18 817 2453 49 821 2463 48 821 2464 25 821 2465 48 822 2466 50 822 2467 26 822 2468 50 823 2469 51 823 2470 27 823 2471 51 824 2472 49 824 2473 24 824 2474 37 830 2490 39 830 2491 38 830 2492 41 831 2493 43 831 2494 42 831 2495 44 832 2496 45 832 2497 47 832 2498 49 833 2499 51 833 2500 50 833 2501 61 843 2529 60 843 2530 127 843 2531 127 844 2532 60 844 2533 53 844 2534 60 850 2550 61 850 2551 137 850 2552 61 854 2562 130 854 2563 201 854 2564 130 870 2610 127 870 2611 54 870 2612 115 954 2862 118 954 2863 151 954 2864 122 955 2865 115 955 2866 155 955 2867 123 956 2868 122 956 2869 108 956 2870 118 957 2871 123 957 2872 152 957 2873 122 958 2874 123 958 2875 118 958 2876 120 959 2877 119 959 2878 159 959 2879 114 960 2880 120 960 2881 163 960 2882 110 961 2883 114 961 2884 121 961 2885 119 962 2886 110 962 2887 160 962 2888 114 963 2889 110 963 2890 119 963 2891 131 976 2928 135 976 2929 126 976 2930 126 977 2931 135 977 2932 196 977 2933 135 982 2946 131 982 2947 124 982 2948 131 991 2973 125 991 2974 193 991 2975 125 992 2976 126 992 2977 197 992 2978 297 1049 3147 299 1049 3148 298 1049 3149 298 1050 3150 299 1050 3151 303 1050 3152 303 1051 3153 301 1051 3154 300 1051 3155 301 1052 3156 297 1052 3157 296 1052 3158 302 1053 3159 300 1053 3160 296 1053 3161 299 1054 3162 297 1054 3163 301 1054 3164 305 1055 3165 307 1055 3166 306 1055 3167 306 1056 3168 307 1056 3169 311 1056 3170 311 1057 3171 309 1057 3172 308 1057 3173 309 1058 3174 305 1058 3175 304 1058 3176 310 1059 3177 308 1059 3178 304 1059 3179 307 1060 3180 305 1060 3181 309 1060 3182 318 1061 3183 316 1061 3184 317 1061 3185 317 1062 3186 316 1062 3187 312 1062 3188 312 1063 3189 314 1063 3190 315 1063 3191 314 1064 3192 318 1064 3193 319 1064 3194 313 1065 3195 315 1065 3196 319 1065 3197 316 1066 3198 318 1066 3199 314 1066 3200 321 1067 3201 323 1067 3202 322 1067 3203 322 1068 3204 323 1068 3205 327 1068 3206 327 1069 3207 325 1069 3208 324 1069 3209 325 1070 3210 321 1070 3211 320 1070 3212 326 1071 3213 324 1071 3214 320 1071 3215 323 1072 3216 321 1072 3217 325 1072 3218 413 1186 3558 415 1186 3559 414 1186 3560 414 1187 3561 415 1187 3562 419 1187 3563 419 1188 3564 417 1188 3565 416 1188 3566 417 1189 3567 413 1189 3568 412 1189 3569 418 1190 3570 416 1190 3571 412 1190 3572 415 1191 3573 413 1191 3574 417 1191 3575 421 1192 3576 423 1192 3577 422 1192 3578 422 1193 3579 423 1193 3580 427 1193 3581 427 1194 3582 425 1194 3583 424 1194 3584 425 1195 3585 421 1195 3586 420 1195 3587 426 1196 3588 424 1196 3589 420 1196 3590 423 1197 3591 421 1197 3592 425 1197 3593 434 1198 3594 432 1198 3595 433 1198 3596 433 1199 3597 432 1199 3598 428 1199 3599 428 1200 3600 430 1200 3601 431 1200 3602 430 1201 3603 434 1201 3604 435 1201 3605 429 1202 3606 431 1202 3607 435 1202 3608 432 1203 3609 434 1203 3610 430 1203 3611 437 1204 3612 439 1204 3613 438 1204 3614 438 1205 3615 439 1205 3616 443 1205 3617 443 1206 3618 441 1206 3619 440 1206 3620 441 1207 3621 437 1207 3622 436 1207 3623 442 1208 3624 440 1208 3625 436 1208 3626 439 1209 3627 437 1209 3628 441 1209 3629 525 1323 3969 527 1323 3970 526 1323 3971 526 1324 3972 530 1324 3973 531 1324 3974 531 1325 3975 529 1325 3976 528 1325 3977 529 1326 3978 525 1326 3979 524 1326 3980 526 1327 3981 530 1327 3982 528 1327 3983 531 1328 3984 527 1328 3985 525 1328 3986 533 1329 3987 535 1329 3988 534 1329 3989 534 1330 3990 535 1330 3991 539 1330 3992 539 1331 3993 537 1331 3994 536 1331 3995 537 1332 3996 533 1332 3997 532 1332 3998 538 1333 3999 536 1333 4000 532 1333 4001 535 1334 4002 533 1334 4003 537 1334 4004 546 1335 4005 544 1335 4006 545 1335 4007 545 1336 4008 544 1336 4009 540 1336 4010 540 1337 4011 542 1337 4012 543 1337 4013 542 1338 4014 546 1338 4015 547 1338 4016 545 1339 4017 541 1339 4018 543 1339 4019 540 1340 4020 544 1340 4021 546 1340 4022 549 1341 4023 551 1341 4024 550 1341 4025 550 1342 4026 551 1342 4027 555 1342 4028 555 1343 4029 553 1343 4030 552 1343 4031 553 1344 4032 549 1344 4033 548 1344 4034 554 1345 4035 552 1345 4036 548 1345 4037 551 1346 4038 549 1346 4039 553 1346 4040 637 1460 4380 639 1460 4381 638 1460 4382 638 1461 4383 642 1461 4384 643 1461 4385 643 1462 4386 641 1462 4387 640 1462 4388 641 1463 4389 637 1463 4390 636 1463 4391 638 1464 4392 642 1464 4393 640 1464 4394 639 1465 4395 637 1465 4396 641 1465 4397 645 1466 4398 647 1466 4399 646 1466 4400 646 1467 4401 647 1467 4402 651 1467 4403 651 1468 4404 649 1468 4405 648 1468 4406 649 1469 4407 645 1469 4408 644 1469 4409 650 1470 4410 648 1470 4411 644 1470 4412 647 1471 4413 645 1471 4414 649 1471 4415 658 1472 4416 656 1472 4417 657 1472 4418 657 1473 4419 656 1473 4420 652 1473 4421 652 1474 4422 654 1474 4423 655 1474 4424 654 1475 4425 658 1475 4426 659 1475 4427 657 1476 4428 653 1476 4429 655 1476 4430 656 1477 4431 658 1477 4432 654 1477 4433 661 1478 4434 663 1478 4435 662 1478 4436 662 1479 4437 663 1479 4438 667 1479 4439 667 1480 4440 665 1480 4441 664 1480 4442 665 1481 4443 661 1481 4444 660 1481 4445 666 1482 4446 664 1482 4447 660 1482 4448 663 1483 4449 661 1483 4450 665 1483 4451</p>
        </triangles>
      </mesh>
    </geometry>
  </library_geometries>
  <library_visual_scenes>
    <visual_scene id="Scene" name="Scene">
      <node id="Cube" name="Cube" type="NODE">
        <matrix sid="transform">1 0 0 0 0 1 0 0 0 0 1 0 0 0 0 1</matrix>
        <instance_geometry url="#Cube-mesh" name="Cube">
          <bind_material>
            <technique_common>
              <instance_material symbol="paintable-0-material" target="#paintable-0-material">
                <bind_vertex_input semantic="UVMap" input_semantic="TEXCOORD" input_set="0"/>
              </instance_material>
              <instance_material symbol="paintable-1-material" target="#paintable-1-material">
                <bind_vertex_input semantic="UVMap" input_semantic="TEXCOORD" input_set="0"/>
              </instance_material>
              <instance_material symbol="lightgrey-material" target="#lightgrey-material">
                <bind_vertex_input semantic="UVMap" input_semantic="TEXCOORD" input_set="0"/>
              </instance_material>
              <instance_material symbol="darkgrey-material" target="#darkgrey-material">
                <bind_vertex_input semantic="UVMap" input_semantic="TEXCOORD" input_set="0"/>
              </instance_material>
            </technique_common>
          </bind_material>
        </instance_geometry>
      </node>
    </visual_scene>
  </library_visual_scenes>
  <scene>
    <instance_visual_scene url="#Scene"/>
  </scene>
</COLLADA>