<?xml version="1.0" encoding="utf-8"?>
<COLLADA xmlns="http://www.collada.org/2005/11/COLLADASchema" version="1.4.1" xmlns:xsi="http://www.w3.org/2001/XMLSchema-instance">
  <asset>
    <contributor>
      <author>Blender User</author>
      <authoring_tool>Blender 4.2.23 LTS commit date:2026-07-20, commit time:13:44, hash:d0cbe84903e8</authoring_tool>
    </contributor>
    <created>2026-08-17T17:58:17</created>
    <modified>2026-08-17T17:58:17</modified>
    <unit name="meter" meter="1"/>
    <up_axis>Z_UP</up_axis>
  </asset>
  <library_effects>
    <effect id="paintable-0-effect">
      <profile_COMMON>
        <technique sid="common">
          <lambert>
            <emission>
              <color sid="emission">0 0 0 1</color>
            </emission>
            <diffuse>
              <color sid="diffuse">1 0.4969335 0 1</color>
            </diffuse>
            <index_of_refraction>
              <float sid="ior">1.45</float>
            </index_of_refraction>
          </lambert>
        </technique>
      </profile_COMMON>
    </effect>
    <effect id="paintable-1-effect">
      <profile_COMMON>
        <technique sid="common">
          <lambert>
            <emission>
              <color sid="emission">0 0 0 1</color>
            </emission>
            <diffuse>
              <color sid="diffuse">0.6104922 0.4910214 0 1</color>
            </diffuse>
            <index_of_refraction>
              <float sid="ior">1.5</float>
            </index_of_refraction>
          </lambert>
        </technique>
      </profile_COMMON>
    </effect>
    <effect id="lightgray-effect">
      <profile_COMMON>
        <technique sid="common">
          <lambert>
            <emission>
              <color sid="emission">0 0 0 1</color>
            </emission>
            <diffuse>
              <color sid="diffuse">0.7835327 0.7835385 0.7835382 1</color>
            </diffuse>
            <index_of_refraction>
              <float sid="ior">1.5</float>
            </index_of_refraction>
          </lambert>
        </technique>
      </profile_COMMON>
    </effect>
    <effect id="darkgray-effect">
      <profile_COMMON>
        <technique sid="common">
          <lambert>
            <emission>
              <color sid="emission">0 0 0 1</color>
            </emission>
            <diffuse>
              <color sid="diffuse">0.3371614 0.3371639 0.3371637 1</color>
            </diffuse>
            <index_of_refraction>
              <float sid="ior">1.5</float>
            </index_of_refraction>
          </lambert>
        </technique>
      </profile_COMMON>
    </effect>
  </library_effects>
  <library_images/>
  <library_materials>
    <material id="paintable-0-material" name="paintable-0">
      <instance_effect url="#paintable-0-effect"/>
    </material>
    <material id="paintable-1-material" name="paintable-1">
      <instance_effect url="#paintable-1-effect"/>
    </material>
    <material id="lightgray-material" name="lightgray">
      <instance_effect url="#lightgray-effect"/>
    </material>
    <material id="darkgray-material" name="darkgray">
      <instance_effect url="#darkgray-effect"/>
    </material>
  </library_materials>
  <library_geometries>
    <geometry id="Cube-mesh" name="Cube">
      <mesh>
        <source id="Cube-mesh-positions">
          <float_array id="Cube-mesh-positions-array" count="3762">-0.225 0.175 -0.125 0.2249999 -0.175 -0.1050001 -0.175 0.225 -0.125 -0.175 0.225 -0.105 -0.225 0.175 -0.105 0.175 -0.2249999 -0.125 0.2249999 -0.175 -0.125 0.215 -0.2249999 -0.1250001 0.225 -0.2149999 -0.125 0.225 -0.2349999 -0.125 0.235 -0.2249999 -0.125 0.215 -0.2249999 -0.1050001 0.225 -0.2149999 -0.105 0.225 -0.2349999 -0.105 0.235 -0.2249999 -0.105 0.225 0.175 -0.1250001 0.175 0.225 -0.125 0.2249999 0.215 -0.125 0.2149999 0.225 -0.125 0.2349999 0.225 -0.125 0.2249999 0.235 -0.125 0.2249999 0.215 -0.105 0.2149999 0.225 -0.105 0.2349999 0.225 -0.105 0.2249999 0.235 -0.105 -0.215 0.225 -0.125 -0.225 0.215 -0.125 -0.225 0.235 -0.125 -0.235 0.225 -0.125 -0.215 0.225 -0.105 -0.225 0.215 -0.105 -0.225 0.235 -0.105 -0.2350001 0.225 -0.105 -0.1749999 -0.225 -0.125 -0.2249999 -0.175 -0.125 -0.2249999 -0.215 -0.125 -0.2149999 -0.225 -0.125 -0.2349999 -0.225 -0.125 -0.2249999 -0.235 -0.125 -0.225 -0.215 -0.1050001 -0.215 -0.225 -0.1050001 -0.235 -0.225 -0.1050001 -0.225 -0.235 -0.1050001 0.175 -0.2249999 -0.1050001 0.175 0.225 -0.1049999 0.225 0.175 -0.105 -0.175 -0.225 -0.1050001 -0.225 -0.175 -0.1050001 -0.07500004 0.375 0.1849997 -0.07500004 0.375 0.3149999 -0.06500017 0.375 0.3249998 -0.07207113 0.385 0.315 -0.06499993 0.385 0.3220706 -0.07207113 0.38 0.315 -0.06499993 0.38 0.3220706 -0.06500005 0.385 0.3079288 -0.06500005 0.375 0.1749997 -0.07500004 0.38 0.3149999 -0.06500017 0.38 0.3249998 -0.06500005 0.38 0.1749997 -0.07500004 0.38 0.1849997 0.04121315 0.38 0.27 -0.05792891 0.385 0.315 -0.06500005 0.38 0.3079288 -0.05792891 0.38 0.315 -0.05792891 0.38 0.1849998 -0.06499993 0.38 0.1779289 -0.05792891 0.385 0.1849998 -0.06499993 0.385 0.1779289 -0.06499999 0.38 0.1920709 -0.07207107 0.38 0.1849999 -0.06499999 0.385 0.1920709 -0.07207107 0.385 0.1849999 -0.04121315 0.38 0.3 -0.04121315 0.385 0.3 -0.02878689 0.38 0.2999998 -0.02878689 0.385 0.2999998 -0.01999992 0.38 0.2912132 -0.01999992 0.385 0.2912132 -0.01999992 0.38 0.2787867 -0.01999992 0.385 0.2787867 -0.02878683 0.38 0.2699997 -0.02878683 0.385 0.2699997 -0.04121321 0.38 0.2700001 -0.04121321 0.385 0.2700001 -0.05000019 0.38 0.2787867 -0.05000019 0.385 0.2787867 -0.04999989 0.38 0.2912132 -0.04999989 0.385 0.2912132 -0.04121327 0.38 0.2299999 -0.04121327 0.385 0.2299999 -0.02878683 0.38 0.23 -0.02878683 0.385 0.23 -0.02000004 0.38 0.2212131 -0.02000004 0.385 0.2212131 -0.02000004 0.38 0.2087868 -0.02000004 0.385 0.2087868 -0.02878677 0.38 0.1999997 -0.02878677 0.385 0.1999997 -0.04121315 0.38 0.1999998 -0.04121315 0.385 0.1999998 -0.05000007 0.38 0.2087866 -0.05000007 0.385 0.2087866 -0.05000013 0.38 0.2212129 -0.05000013 0.385 0.2212129 0.02878683 0.385 0.2699998 0.02878683 0.38 0.2699998 0.01999998 0.385 0.2787867 0.01999998 0.38 0.2787867 0.01999986 0.385 0.2912132 0.01999986 0.38 0.2912132 0.02878683 0.385 0.2999998 0.02878683 0.38 0.2999998 0.04121315 0.385 0.2999998 0.04121315 0.38 0.2999998 0.07207107 0.385 0.1849999 0.06499975 0.385 0.1920709 0.07207107 0.38 0.1849999 0.06499975 0.38 0.1920709 0.06499987 0.385 0.1779289 0.05792874 0.385 0.1849998 0.06499987 0.38 0.1779289 0.05792874 0.38 0.1849998 0.05792874 0.38 0.3149999 0.06499993 0.38 0.3079285 0.05792874 0.385 0.3149999 0.06499993 0.385 0.3079285 0.06499993 0.38 0.3220707 0.07207107 0.38 0.3149999 0.06499993 0.385 0.3220707 0.07207107 0.385 0.3149999 0.06499999 0.375 0.3249996 0.07500004 0.375 0.3149999 0.07500004 0.375 0.1849998 0.06499999 0.375 0.1749998 0.07500004 0.38 0.3149999 0.06499999 0.38 0.3249996 0.06499999 0.38 0.1749998 0.07500004 0.38 0.1849998 0.04121315 0.385 0.27 0.05000007 0.38 0.2787868 0.05000007 0.385 0.2787868 0.04999989 0.38 0.291213 0.04999989 0.385 0.291213 0.04121321 0.38 0.2299996 0.04121321 0.385 0.2299996 0.02878677 0.38 0.2300001 0.02878677 0.385 0.2300001 0.01999992 0.38 0.2212131 0.01999992 0.385 0.2212131 0.02000004 0.38 0.2087868 0.02000004 0.385 0.2087868 0.02878677 0.38 0.1999998 0.02878677 0.385 0.1999998 0.04121315 0.38 0.1999999 0.04121315 0.385 0.1999999 0.05000007 0.38 0.2087866 0.05000007 0.385 0.2087866 0.04999995 0.38 0.2212131 0.04999995 0.385 0.2212131 0.04999983 0.02878671 0.3949995 0.04999989 0.02878671 0.3899995 0.05000007 0.04121321 0.3949996 0.05000007 0.04121321 0.3899995 0.04121315 0.05000001 0.3949996 0.04121315 0.05000001 0.3899995 0.02878671 0.04999995 0.3949996 0.02878677 0.04999995 0.3899995 0.01999986 0.04121309 0.3949997 0.01999986 0.04121309 0.3899995 0.01999986 0.02878671 0.3949997 0.01999986 0.02878671 0.3899995 0.02878671 0.01999992 0.3949996 0.02878677 0.01999992 0.3899995 0.04121315 0.01999992 0.3949996 0.04121315 0.01999992 0.3899995 0.07499992 0.06500011 0.3899995 0.06499993 0.07500004 0.3899995 0.06500005 0.07500004 0.3849995 0.07499992 0.06500011 0.3849998 0.05792891 0.06499999 0.3899995 0.06499993 0.07207101 0.3899995 0.05792891 0.06499999 0.3949996 0.06499987 0.07207101 0.3949995 0.06499993 0.05792886 0.3899995 0.07207119 0.06499999 0.3899995 0.06499987 0.05792886 0.3949996 0.07207113 0.06499999 0.3949996 -0.05000019 0.02878689 0.3949995 -0.05000007 0.02878689 0.3899995 -0.05000019 0.04121309 0.3949995 -0.05000007 0.04121309 0.3899995 -0.04121321 0.04999995 0.3949996 -0.04121315 0.04999995 0.3899996 -0.02878677 0.05000013 0.3949994 -0.02878677 0.05000013 0.3899991 -0.01999992 0.04121309 0.3949995 -0.01999992 0.04121309 0.3899994 -0.01999992 0.02878671 0.3949995 -0.01999992 0.02878671 0.3899994 -0.02878677 0.01999992 0.3949994 -0.02878677 0.01999992 0.3899991 -0.04121321 0.01999992 0.3949996 -0.04121327 0.01999992 0.3899996 -0.07207113 0.06499999 0.3949997 -0.06499993 0.05792897 0.3949996 -0.07207119 0.06499999 0.3899994 -0.06499987 0.05792897 0.3899995 -0.06499993 0.07207101 0.3949996 -0.05792897 0.06500011 0.3949995 -0.06499987 0.07207101 0.3899995 -0.05792891 0.06500005 0.3899996 -0.07500004 0.06499999 0.3899993 -0.06500017 0.07500016 0.3899995 -0.06500017 0.07500016 0.3849994 -0.07500004 0.06499999 0.3849996 -0.06500017 -0.38 0.3249998 0.07500004 0.38 0.2458292 0.07500004 0.38 0.2573753 0.07207107 0.38 0.2458293 0.07207113 0.38 0.2573753 -0.07500004 0.38 0.2458286 -0.07500004 0.38 0.2573752 -0.07207107 0.38 0.2458285 -0.07207113 0.38 0.2573754 -0.07500004 0.375 0.2573752 -0.07500004 0.375 0.2458285 -0.06499999 0.38 0.2573752 -0.06500005 0.38 0.2458285 -0.05000007 0.38 0.257375 -0.05000007 0.38 0.245828 -0.02878683 0.38 0.2573749 -0.02878677 0.38 0.2458276 -0.04121321 0.38 0.257375 -0.04121321 0.38 0.2458275 0.05000007 0.38 0.2573752 0.04999989 0.38 0.2458243 0.07500004 0.375 0.2573753 0.07500004 0.375 0.2458292 0.06499993 0.38 0.2573751 0.06499987 0.38 0.2458275 0.04121315 0.38 0.257375 0.04121315 0.38 0.2458273 0.02878677 0.38 0.257375 0.02878683 0.38 0.2458276 -0.07500004 0.375 0.2066662 -0.06499987 0.38 0.2113804 -0.05000007 0.38 0.2308086 -0.02878677 0.38 0.2366666 -0.04121321 0.38 0.2366665 0.04999995 0.38 0.2308086 0.07499998 0.375 0.2066664 0.06499981 0.38 0.2113806 0.04121315 0.38 0.2366664 0.02878677 0.38 0.2366666 0.07499998 0.38 0.2066664 0.07207107 0.38 0.2066665 -0.07500004 0.38 0.2066662 -0.07207107 0.38 0.2066665 -0.07500004 -0.38 0.3149999 -0.06500005 -0.375 0.1749997 -0.05792891 -0.38 0.1849998 -0.05792891 -0.38 0.315 -0.06500005 -0.38 0.3079288 -0.05792891 -0.385 0.315 0.04121315 -0.38 0.27 -0.07500004 -0.38 0.1849997 -0.06500005 -0.385 0.3079288 -0.06499993 -0.38 0.3220706 -0.07207113 -0.38 0.315 -0.06499993 -0.385 0.3220706 -0.07207113 -0.385 0.315 -0.06500017 -0.375 0.3249998 -0.07500004 -0.375 0.3149999 -0.07500004 -0.375 0.1849997 -0.06500005 -0.38 0.1749997 -0.06499993 -0.38 0.1779289 -0.05792891 -0.385 0.1849998 -0.06499993 -0.385 0.1779289 -0.06499999 -0.38 0.1920709 -0.07207107 -0.38 0.1849999 -0.06499999 -0.385 0.1920709 -0.07207107 -0.385 0.1849999 -0.04121315 -0.38 0.3 -0.04121315 -0.385 0.3 -0.02878689 -0.38 0.2999998 -0.02878689 -0.385 0.2999998 -0.01999992 -0.38 0.2912132 -0.01999992 -0.385 0.2912132 -0.01999992 -0.38 0.2787867 -0.01999992 -0.385 0.2787867 -0.02878683 -0.38 0.2699997 -0.02878683 -0.385 0.2699997 -0.04121321 -0.38 0.2700001 -0.04121321 -0.385 0.2700001 -0.05000019 -0.38 0.2787867 -0.05000019 -0.385 0.2787867 -0.04999989 -0.38 0.2912132 -0.04999989 -0.385 0.2912132 -0.04121327 -0.38 0.2299999 -0.04121327 -0.385 0.2299999 -0.02878683 -0.38 0.23 -0.02878683 -0.385 0.23 -0.02000004 -0.38 0.2212131 -0.02000004 -0.385 0.2212131 -0.02000004 -0.38 0.2087868 -0.02000004 -0.385 0.2087868 -0.02878677 -0.38 0.1999997 -0.02878677 -0.385 0.1999997 -0.04121315 -0.38 0.1999998 -0.04121315 -0.385 0.1999998 -0.05000007 -0.38 0.2087866 -0.05000007 -0.385 0.2087866 -0.05000013 -0.38 0.2212129 -0.05000013 -0.385 0.2212129 0.02878683 -0.385 0.2699998 0.02878683 -0.38 0.2699998 0.01999998 -0.385 0.2787867 0.01999998 -0.38 0.2787867 0.01999986 -0.385 0.2912132 0.01999986 -0.38 0.2912132 0.02878683 -0.385 0.2999998 0.02878683 -0.38 0.2999998 0.04121315 -0.385 0.2999998 0.04121315 -0.38 0.2999998 0.07207107 -0.385 0.1849999 0.06499975 -0.385 0.1920709 0.07207107 -0.38 0.1849999 0.06499975 -0.38 0.1920709 0.06499987 -0.385 0.1779289 0.05792874 -0.385 0.1849998 0.06499987 -0.38 0.1779289 0.05792874 -0.38 0.1849998 0.05792874 -0.38 0.3149999 0.06499993 -0.38 0.3079285 0.05792874 -0.385 0.3149999 0.06499993 -0.385 0.3079285 0.06499993 -0.38 0.3220707 0.07207107 -0.38 0.3149999 0.06499993 -0.385 0.3220707 0.07207107 -0.385 0.3149999 0.06499999 -0.375 0.3249996 0.07500004 -0.375 0.3149999 0.07500004 -0.375 0.1849998 0.06499999 -0.375 0.1749998 0.07500004 -0.38 0.3149999 0.06499999 -0.38 0.3249996 0.06499999 -0.38 0.1749998 0.07500004 -0.38 0.1849998 0.04121315 -0.385 0.27 0.05000007 -0.38 0.2787868 0.05000007 -0.385 0.2787868 0.04999989 -0.38 0.291213 0.04999989 -0.385 0.291213 0.04121321 -0.38 0.2299996 0.04121321 -0.385 0.2299996 0.02878677 -0.38 0.2300001 0.02878677 -0.385 0.2300001 0.01999992 -0.38 0.2212131 0.01999992 -0.385 0.2212131 0.02000004 -0.38 0.2087868 0.02000004 -0.385 0.2087868 0.02878677 -0.38 0.1999998 0.02878677 -0.385 0.1999998 0.04121315 -0.38 0.1999999 0.04121315 -0.385 0.1999999 0.05000007 -0.38 0.2087866 0.05000007 -0.385 0.2087866 0.04999995 -0.38 0.2212131 0.04999995 -0.385 0.2212131 0.04999983 -0.02878671 0.3949995 0.04999989 -0.02878671 0.3899995 0.05000007 -0.04121321 0.3949996 0.05000007 -0.04121321 0.3899995 0.04121315 -0.05000001 0.3949996 0.04121315 -0.05000001 0.3899995 0.02878671 -0.04999995 0.3949996 0.02878677 -0.04999995 0.3899995 0.01999986 -0.04121309 0.3949997 0.01999986 -0.04121309 0.3899995 0.01999986 -0.02878671 0.3949997 0.01999986 -0.02878671 0.3899995 0.02878671 -0.01999992 0.3949996 0.02878677 -0.01999992 0.3899995 0.04121315 -0.01999992 0.3949996 0.04121315 -0.01999992 0.3899995 0.07499992 -0.06500011 0.3899995 0.06499993 -0.07500004 0.3899995 0.06500005 -0.07500004 0.3849995 0.07499992 -0.06500011 0.3849998 0.05792891 -0.06499999 0.3899995 0.06499993 -0.07207101 0.3899995 0.05792891 -0.06499999 0.3949996 0.06499987 -0.07207101 0.3949995 0.06499993 -0.05792886 0.3899995 0.07207119 -0.06499999 0.3899995 0.06499987 -0.05792886 0.3949996 0.07207113 -0.06499999 0.3949996 -0.05000019 -0.02878689 0.3949995 -0.05000007 -0.02878689 0.3899995 -0.05000019 -0.04121309 0.3949995 -0.05000007 -0.04121309 0.3899995 -0.04121321 -0.04999995 0.3949996 -0.04121315 -0.04999995 0.3899996 -0.02878677 -0.05000013 0.3949994 -0.02878677 -0.05000013 0.3899991 -0.01999992 -0.04121309 0.3949995 -0.01999992 -0.04121309 0.3899994 -0.01999992 -0.02878671 0.3949995 -0.01999992 -0.02878671 0.3899994 -0.02878677 -0.01999992 0.3949994 -0.02878677 -0.01999992 0.3899991 -0.04121321 -0.01999992 0.3949996 -0.04121327 -0.01999992 0.3899996 -0.07207113 -0.06499999 0.3949997 -0.06499993 -0.05792897 0.3949996 -0.07207119 -0.06499999 0.3899994 -0.06499987 -0.05792897 0.3899995 -0.06499993 -0.07207101 0.3949996 -0.05792897 -0.06500011 0.3949995 -0.06499987 -0.07207101 0.3899995 -0.05792891 -0.06500005 0.3899996 -0.07500004 -0.06499999 0.3899993 -0.06500017 -0.07500016 0.3899995 -0.06500017 -0.07500016 0.3849994 -0.07500004 -0.06499999 0.3849996 0.07500004 -0.38 0.2458292 0.07500004 -0.38 0.2573753 0.07207107 -0.38 0.2458293 0.07207113 -0.38 0.2573753 -0.07500004 -0.38 0.2458286 -0.07500004 -0.38 0.2573752 -0.07207107 -0.38 0.2458285 -0.07207113 -0.38 0.2573754 -0.07500004 -0.375 0.2573752 -0.07500004 -0.375 0.2458285 -0.06499999 -0.38 0.2573752 -0.06500005 -0.38 0.2458285 -0.05000007 -0.38 0.257375 -0.05000007 -0.38 0.245828 -0.02878683 -0.38 0.2573749 -0.02878677 -0.38 0.2458276 -0.04121321 -0.38 0.257375 -0.04121321 -0.38 0.2458275 0.05000007 -0.38 0.2573752 0.04999989 -0.38 0.2458243 0.07500004 -0.375 0.2573753 0.07500004 -0.375 0.2458292 0.06499993 -0.38 0.2573751 0.06499987 -0.38 0.2458275 0.04121315 -0.38 0.257375 0.04121315 -0.38 0.2458273 0.02878677 -0.38 0.257375 0.02878683 -0.38 0.2458276 -0.07500004 -0.375 0.2066662 -0.06499987 -0.38 0.2113804 -0.05000007 -0.38 0.2308086 -0.02878677 -0.38 0.2366666 -0.04121321 -0.38 0.2366665 0.04999995 -0.38 0.2308086 0.07499998 -0.375 0.2066664 0.06499981 -0.38 0.2113806 0.04121315 -0.38 0.2366664 0.02878677 -0.38 0.2366666 0.07499998 -0.38 0.2066664 0.07207107 -0.38 0.2066665 -0.07500004 -0.38 0.2066662 -0.07207107 -0.38 0.2066665 0.04121315 0 0.3899995 0.05000007 0 0.3899995 -0.07500004 0 0.3849996 -0.0750001 0 0.3899996 -0.06499987 0 0.3899995 -0.07207113 0 0.3899995 0.06499993 0 0.3899995 0.07207119 0 0.3899995 0.07499992 0 0.3849998 0.07499992 0 0.3899995 -0.02878689 0 0.3899994 -0.04121321 0 0.3899995 -0.05000007 0 0.3899995 0.02878677 0 0.3899995 0.275 0 -0.125 -0.08499997 0.375 0.1649996 -0.08499991 0.375 0.2573753 -0.08499991 0.375 0.2458284 -0.08499991 0.375 0.1880934 -0.1941783 -0.375 0.1474996 -0.2677905 -0.3549998 0.2749997 -0.2677905 -0.375 0.2749997 -0.2341783 0.375 0.2167816 -0.4707811 -0.1082842 0.1808966 -0.514082 -0.1582842 0.1558969 -0.1349999 0.3749999 0.3849993 -0.1349998 2.69974e-7 0.3849996 -0.1349999 -0.08500027 0.3849995 -0.1349999 -0.3749999 0.3849993 -0.1349999 0.08500027 0.3849995 -0.1349999 0.3549997 0.3849995 -0.08499991 0.3749998 0.3349993 -0.1349999 -0.1082842 0.3849995 -0.1349999 -0.1582842 0.3849995 -0.1349999 -0.2467157 0.3849995 -0.1349999 0.1082842 0.3849995 -0.1349999 0.1582842 0.3849995 -0.1349999 0.2467157 0.3849995 -0.1349999 -0.3549997 0.3849995 -0.1349999 0.3749999 0.3349995 -0.1349999 0.3549997 0.3349996 -0.1349999 -0.1082842 0.3349996 -0.1941783 0.3750001 -0.125 -0.08499997 -0.375 0.1649996 -0.1349999 -0.1582842 0.3349996 -0.1349999 -0.2467157 0.3349996 -0.1349998 2.69974e-7 0.3349997 -0.1349999 -0.375 0.2458285 -0.1349999 -0.375 0.2573754 -0.1349999 -0.375 0.1880936 -0.1349998 -0.08500027 0.3349997 -0.1349999 -0.375 0.1649996 -0.08499991 -0.375 0.2573753 -0.08499991 -0.375 0.2458284 -0.08499991 -0.375 0.1880934 -0.1638674 0.375 -0.125 0.2749999 -0.2749999 -0.125 -0.375 0.15 -0.125 -0.375 0.375 -0.125 -0.1638673 0.08500027 0.3349997 -0.4477904 0.15 0.001076698 -0.3611883 0.375 0.05107641 0.3611883 0.1 -0.125 -0.1638674 0.375 0.1649997 -0.4477904 0.375 0.001076698 -0.4477904 0.255 0.001076698 -0.4577904 0.255 0.01839715 -0.375 0.2550001 -0.125 -0.4577904 0.15 0.01839715 -0.2291783 0.375 0.2081212 -0.2041783 0.375 0.1648201 -0.4477904 0.1 0.001076698 -0.4144896 0.1 0.04339694 -0.375 0.1 -0.125 -0.4577904 0.1 0.01839715 -0.1638674 -0.3549997 0.3349997 -0.1638674 0.375 0.1880937 -0.4577904 0.375 0.01839721 -0.3711883 0.355 0.06839692 -0.3711883 0.375 0.06839692 -0.4394896 0.1 0.08669823 -0.4444896 0.1 0.09535849 -0.4827904 0.15 0.06169837 -0.4877905 0.15 0.07035869 -0.4827904 0.255 0.06169837 -0.4877905 0.255 0.07035869 -0.4011883 0.355 0.1203583 -0.3961883 0.355 0.1116979 -0.4011883 0.375 0.1203583 -0.3961883 0.375 0.1116979 -0.1638675 0.375 0.2573757 -0.1638674 0.375 0.2458287 -0.4781017 0.1 0.1535764 -0.5214026 0.15 0.1285765 -0.5214026 0.255 0.1285765 -0.4348005 -0.375 0.1785764 -0.4577904 0.08500021 0.01839715 -0.4477904 0.08500021 0.001076698 -0.4144896 0.08500021 0.04339694 -0.375 0.08500021 -0.125 -0.4394896 0.08500021 0.08669823 -0.4444896 0.08500021 0.09535849 -0.4781017 0.08500021 0.1535764 -0.08499991 -0.3749998 0.3349993 -0.1638673 0.2467157 0.3349997 -0.1638673 0.1582842 0.3349997 -0.1638673 0.1082842 0.3349997 -0.1911878 0.08500027 0.34232 -0.1638674 -0.375 0.3349997 -0.1911878 0.3349997 0.34232 -0.1911878 0.2467157 0.34232 -0.1911878 0.1582842 0.34232 -0.1911878 0.1082842 0.34232 -0.1349999 0.375 -0.125 -0.375 -0.15 -0.125 -0.375 -0.375 -0.125 -0.1638673 -0.08500027 0.3349997 -0.4477904 -0.15 0.001076698 -0.3611883 -0.375 0.05107641 -0.4477904 0 0.001076698 -0.1638674 -0.375 0.1649997 -0.375 0 -0.125 -0.4477904 -0.375 0.001076698 -0.4477904 -0.255 0.001076698 -0.4577904 -0.255 0.01839715 -0.375 -0.2550001 -0.125 -0.4577904 -0.15 0.01839715 -0.4144896 0 0.04339694 -0.4577904 0 0.01839715 -0.2777904 0.3549998 0.2923203 -0.1941783 0.375 0.1474996 -0.4477904 -0.1 0.001076698 -0.4144896 -0.1 0.04339694 -0.375 -0.1 -0.125 -0.4577904 -0.1 0.01839715 -0.4881017 0 0.1708969 -0.1638674 -0.375 0.1880937 -0.4577904 -0.375 0.01839721 -0.3711883 -0.355 0.06839692 -0.3711883 -0.375 0.06839692 -0.4394896 -0.1 0.08669823 -0.4444896 -0.1 0.09535849 -0.4827904 -0.15 0.06169837 -0.4877905 -0.15 0.07035869 -0.4444896 0 0.09535849 -0.4394896 0 0.08669823 -0.4827904 -0.255 0.06169837 -0.4877905 -0.255 0.07035869 -0.4011883 -0.355 0.1203583 -0.3961883 -0.355 0.1116979 -0.4011883 -0.375 0.1203583 -0.3961883 -0.375 0.1116979 -0.1638675 -0.375 0.2573757 -0.1638674 -0.375 0.2458287 -0.4781017 -0.1 0.1535764 -0.4781017 0 0.1535764 -0.1638673 0 0.3349997 -0.4577904 -0.08500021 0.01839715 -0.4477904 -0.08500021 0.001076698 0.08499991 -0.3749998 0.3349992 0.08499991 -0.375 0.1880934 0.08499991 -0.375 0.2458285 0.08499991 -0.375 0.2573753 0.08499997 -0.375 0.1649995 -0.08499985 0.375 -0.125 0.08499991 0.3749998 0.3349992 0.08499991 0.375 0.1880934 0.08499991 0.375 0.2458285 0.08499991 0.375 0.2573753 0.08499997 0.375 0.1649995 0.275 -0.1 -0.125 -0.4144896 -0.08500021 0.04339694 -0.375 -0.08500021 -0.125 -0.4394896 -0.08500021 0.08669823 -0.4444896 -0.08500021 0.09535849 -0.4781017 -0.08500021 0.1535764 -0.1638673 -0.2467157 0.3349997 -0.1638673 -0.1582842 0.3349997 -0.1638673 -0.1082842 0.3349997 -0.1911878 -0.08500027 0.34232 -0.1911878 0 0.34232 -0.1911878 -0.3349997 0.34232 -0.1911878 -0.2467157 0.34232 -0.1911878 -0.1582842 0.34232 -0.1911878 -0.1082842 0.34232 -0.5314025 0.255 0.145897 -0.4448004 0.355 0.1958969 -0.4881017 0.1 0.1708969 -0.5314025 0.15 0.145897 -0.4881017 0.08500021 0.1708969 -0.1738674 0.1082842 0.3523202 -0.1738674 0.08500027 0.3523202 -0.1738674 0.3549997 0.3523202 -0.1738674 0.2467157 0.3523202 -0.1738674 0.1582842 0.3523202 -0.5314025 -0.255 0.145897 -0.4448004 -0.355 0.1958969 -0.4881017 -0.1 0.1708969 -0.5314025 -0.15 0.145897 -0.4881017 -0.08500021 0.1708969 -0.1738674 -0.1082842 0.3523202 -0.1738674 -0.08500027 0.3523202 -0.1738674 0 0.3523202 -0.1738674 -0.3549997 0.3523202 -0.1738674 -0.2467157 0.3523202 -0.1738674 -0.1582842 0.3523202 -0.514082 -0.2467157 0.1558969 -0.4376259 -0.3349997 0.2000388 -0.4707811 0 0.1808966 -0.4707811 -0.08500027 0.1808966 -0.4707811 0.1082842 0.1808966 -0.514082 0.1582842 0.1558969 -0.514082 0.2467157 0.1558969 -0.4376259 0.3349997 0.2000388 -0.4707811 0.08500027 0.1808966 -0.3841782 -0.3349997 0.2308969 -0.2777904 0.3349997 0.29232 -0.3105662 -0.375 0.1033971 -0.3405662 -0.375 0.1553586 -0.215829 0.1082842 0.3849994 -0.215829 0.08500027 0.3849994 -0.215829 0.1582842 0.3849994 -0.4348005 0.355 0.1785764 -0.3841783 -0.3549999 0.2308971 -0.4348005 0.375 0.1785764 -0.1638674 0.3549997 0.3349997 -0.1638674 0.375 0.3349997 -0.2677905 0.375 0.2749997 -0.2677905 0.3549998 0.2749997 -0.215829 0.2467157 0.3849994 0.3611883 -0.08500021 -0.125 -0.08499991 0.1082842 0.3849995 -0.08499991 0.08500027 0.3849999 -0.08499991 -0.3549997 0.3849994 -0.08499991 0.3749998 0.384999 -0.08499991 0.3549997 0.3849994 -0.08499991 0.2467157 0.3849995 -0.08499991 0.1582842 0.3849996 -0.08499991 -0.1082842 0.3849995 -0.08499991 -0.08500027 0.3849999 -0.08499985 5.39948e-7 0.3849996 -0.08499991 -0.3749998 0.384999 -0.08499991 -0.2467157 0.3849995 -0.08499991 -0.1582842 0.3849996 0.08499985 5.39948e-7 0.3849996 0.08499997 0.08500027 0.3849998 0.08499991 -0.1082842 0.3849996 0.08499997 -0.1582842 0.3849996 0.08499997 -0.2467157 0.3849996 0.08499991 -0.3549997 0.3849995 0.08499991 -0.3749998 0.384999 0.08499997 -0.08500027 0.3849998 0.08499991 0.1082842 0.3849996 0.08499997 0.1582842 0.3849996 0.08499997 0.2467157 0.3849996 0.08499991 0.3549997 0.3849995 0.08499991 0.3749998 0.384999 -0.2777904 -0.3349997 0.29232 -0.2341783 -0.375 0.2167816 -0.2291783 -0.375 0.2081212 -0.2041783 -0.375 0.1648201 -0.2777904 -0.3549998 0.2923203 0.08499991 0.375 -0.125 0.3611883 -0.1 -0.125 -0.1349999 0.375 0.1649996 -0.1349998 0.08500027 0.3349997 -0.1349999 0.375 0.1880936 -0.1349999 0.375 0.2573754 -0.1349999 -0.3749999 0.3349995 -0.1349999 0.375 0.2458285 -0.1349999 -0.3549997 0.3349996 -0.1349999 0.2467157 0.3349996 -0.1349999 0.1582842 0.3349996 -0.1349999 0.1082842 0.3349996 -0.3005661 -0.375 0.08607661 -0.3741784 -0.3549999 0.2135766 -0.2158288 -0.3349997 0.3849995 -0.3741784 -0.375 0.2135766 -0.3105662 0.375 0.1033971 -0.2158288 0 0.3849995 -0.2158288 -0.2467157 0.3849995 -0.3841783 0.3549999 0.2308971 -0.3005661 0.375 0.08607661 -0.3405662 0.375 0.1553586 -0.3355661 -0.375 0.1466981 -0.538723 -0.2467157 0.1985764 -0.538723 -0.1582842 0.1985764 -0.5050445 -0.1082842 0.2402427 -0.5050445 -0.08500027 0.2402427 -0.331299 -0.1082842 0.3849995 -0.2158288 -0.1582842 0.3849995 -0.331299 0.3349997 0.3849995 -0.2158288 -0.08500027 0.3849995 -0.2158288 0.3349997 0.3849995 -0.538723 0.2467157 0.1985764 -0.538723 0.1582842 0.1985764 -0.2158288 -0.1082842 0.3849995 -0.5050445 0 0.2402427 -0.4792572 0.3349997 0.2721464 -0.5050445 0.1082842 0.2402427 -0.5050445 0.08500027 0.2402427 -0.331299 -0.08500027 0.3849995 -0.331299 -0.1582842 0.3849995 -0.331299 -0.2467157 0.3849995 -0.331299 0 0.3849995 -0.331299 -0.3349997 0.3849995 -0.4792572 -0.3349997 0.2721464 -0.3312991 0.2467157 0.3849994 -0.3312991 0.1582842 0.3849994 -0.3312991 0.08500027 0.3849994 -0.3312991 0.1082842 0.3849994 -0.4376867 0.3349997 0.3235765 -0.4376867 -0.3349997 0.3235765 -0.4376868 0.1582842 0.3235764 -0.4376868 0.1082842 0.3235764 -0.4376868 0.2467157 0.3235764 -0.4376868 0.08500027 0.3235764 -0.4376867 -0.1582842 0.3235765 -0.4376867 -0.2467157 0.3235765 -0.4376867 -0.1082842 0.3235765 -0.4376867 0 0.3235765 -0.4376867 -0.08500027 0.3235765 -0.3841782 0.3349997 0.2308969 -0.3741784 0.375 0.2135766 -0.3741784 0.3549999 0.2135766 -0.3355661 0.375 0.1466981 0.1941783 -0.375 0.1474996 0.2677905 -0.3549998 0.2749997 0.2677905 -0.375 0.2749997 0.2341783 0.375 0.2167816 0.4707811 -0.1082842 0.1808966 0.514082 -0.1582842 0.1558969 0.1349999 0.3749999 0.3849993 0.1349998 2.69974e-7 0.3849996 0.1349999 -0.08500027 0.3849995 0.1349999 -0.3749999 0.3849993 0.1349999 0.08500027 0.3849995 0.1349999 0.3549997 0.3849995 0.1349999 -0.1082842 0.3849995 0.1349999 -0.1582842 0.3849995 0.1349999 -0.2467157 0.3849995 0.1349999 0.1082842 0.3849995 0.1349999 0.1582842 0.3849995 0.1349999 0.2467157 0.3849995 0.1349999 -0.3549997 0.3849995 0.1349999 0.3749999 0.3349995 0.1349999 0.3549997 0.3349996 0.1349999 -0.1082842 0.3349996 0.1349999 -0.1582842 0.3349996 0.1349999 -0.2467157 0.3349996 0.1349998 2.69974e-7 0.3349997 0.1349999 -0.375 0.2458285 0.1349999 -0.375 0.2573754 0.1349999 -0.375 0.1880936 0.1349998 -0.08500027 0.3349997 0.1349999 -0.375 0.1649996 0.135 0.375 -0.125 0.3611883 -0.2550001 -0.125 0.375 0.15 -0.125 0.375 0.375 -0.125 0.1638673 0.08500027 0.3349997 0.4477904 0.15 0.001076698 0.3611883 0.375 0.05107641 0.275 -0.08500021 -0.125 0.1638674 0.375 0.1649997 0.4477904 0.375 0.001076698 0.4477904 0.255 0.001076698 0.4577904 0.255 0.01839715 0.375 0.2550001 -0.125 0.4577904 0.15 0.01839715 0.2291783 0.375 0.2081212 0.2041783 0.375 0.1648201 0.4477904 0.1 0.001076698 0.4144896 0.1 0.04339694 0.375 0.1 -0.125 0.4577904 0.1 0.01839715 0.1638674 -0.3549997 0.3349997 0.1638674 0.375 0.1880937 0.4577904 0.375 0.01839721 0.3711883 0.355 0.06839692 0.3711883 0.375 0.06839692 0.4394896 0.1 0.08669823 0.4444896 0.1 0.09535849 0.4827904 0.15 0.06169837 0.4877905 0.15 0.07035869 0.4827904 0.255 0.06169837 0.4877905 0.255 0.07035869 0.4011883 0.355 0.1203583 0.3961883 0.355 0.1116979 0.4011883 0.375 0.1203583 0.3961883 0.375 0.1116979 0.1638675 0.375 0.2573757 0.1638674 0.375 0.2458287 0.4781017 0.1 0.1535764 0.5214026 0.15 0.1285765 0.5214026 0.255 0.1285765 0.4348005 -0.375 0.1785764 -0.5214025 -0.15 0.1285766 0.4577904 0.08500021 0.01839715 0.4477904 0.08500021 0.001076698 0.4144896 0.08500021 0.04339694 0.375 0.08500021 -0.125 0.4394896 0.08500021 0.08669823 0.4444896 0.08500021 0.09535849 0.4781017 0.08500021 0.1535764 0.1638673 0.2467157 0.3349997 0.1638673 0.1582842 0.3349997 0.1638673 0.1082842 0.3349997 0.1911878 0.08500027 0.34232 0.1638674 -0.375 0.3349997 0.1911878 0.3349997 0.34232 0.1911878 0.2467157 0.34232 0.1911878 0.1582842 0.34232 0.1911878 0.1082842 0.34232 0.1638675 0.375 -0.125 0.375 -0.15 -0.125 0.375 -0.375 -0.125 0.1638673 -0.08500027 0.3349997 0.4477904 -0.15 0.001076698 0.3611883 -0.375 0.05107641 0.275 0.1 -0.125 0.4477904 0 0.001076698 0.1638674 -0.375 0.1649997 0.375 0 -0.125 0.4477904 -0.375 0.001076698 0.4477904 -0.255 0.001076698 0.4577904 -0.255 0.01839715 0.375 -0.2550001 -0.125 0.4577904 -0.15 0.01839715 0.4144896 0 0.04339694 0.4577904 0 0.01839715 0.2777904 0.3549998 0.2923203 0.1941783 0.375 0.1474996 0.4477904 -0.1 0.001076698 0.4144896 -0.1 0.04339694 0.375 -0.1 -0.125 0.4577904 -0.1 0.01839715 0.4881017 0 0.1708969 0.1638674 -0.375 0.1880937 0.4577904 -0.375 0.01839721 0.3711883 -0.355 0.06839692 0.3711883 -0.375 0.06839692 0.4394896 -0.1 0.08669823 0.4444896 -0.1 0.09535849 0.4827904 -0.15 0.06169837 0.4877905 -0.15 0.07035869 0.4444896 0 0.09535849 0.4394896 0 0.08669823 0.4827904 -0.255 0.06169837 0.4877905 -0.255 0.07035869 0.4011883 -0.355 0.1203583 0.3961883 -0.355 0.1116979 0.4011883 -0.375 0.1203583 0.3961883 -0.375 0.1116979 0.1638675 -0.375 0.2573757 0.1638674 -0.375 0.2458287 0.4781017 -0.1 0.1535764 -0.4348005 -0.355 0.1785764 -0.5214025 -0.255 0.1285766 0.4781017 0 0.1535764 0.1638673 0 0.3349997 0.4577904 -0.08500021 0.01839715 0.4477904 -0.08500021 0.001076698 0.4144896 -0.08500021 0.04339694 0.375 -0.08500021 -0.125 0.4394896 -0.08500021 0.08669823 0.4444896 -0.08500021 0.09535849 0.4781017 -0.08500021 0.1535764 0.1638673 -0.2467157 0.3349997 0.1638673 -0.1582842 0.3349997 0.1638673 -0.1082842 0.3349997 0.1911878 -0.08500027 0.34232 0.1911878 0 0.34232 0.1911878 -0.3349997 0.34232 0.1911878 -0.2467157 0.34232 0.1911878 -0.1582842 0.34232 0.1911878 -0.1082842 0.34232 0.5314025 0.255 0.145897 0.4448004 0.355 0.1958969 0.4881017 0.1 0.1708969 0.5314025 0.15 0.145897 0.4881017 0.08500021 0.1708969 0.1738674 0.1082842 0.3523202 0.1738674 0.08500027 0.3523202 0.1738674 0.3549997 0.3523202 0.1738674 0.2467157 0.3523202 0.1738674 0.1582842 0.3523202 0.5314025 -0.255 0.145897 0.4448004 -0.355 0.1958969 0.4881017 -0.1 0.1708969 0.5314025 -0.15 0.145897 0.4881017 -0.08500021 0.1708969 0.1738674 -0.1082842 0.3523202 0.1738674 -0.08500027 0.3523202 0.1738674 0 0.3523202 0.1738674 -0.3549997 0.3523202 0.1738674 -0.2467157 0.3523202 0.1738674 -0.1582842 0.3523202 0.514082 -0.2467157 0.1558969 0.4376259 -0.3349997 0.2000388 0.4707811 0 0.1808966 0.4707811 -0.08500027 0.1808966 0.4707811 0.1082842 0.1808966 0.514082 0.1582842 0.1558969 0.514082 0.2467157 0.1558969 0.4376259 0.3349997 0.2000388 0.4707811 0.08500027 0.1808966 0.3841782 -0.3349997 0.2308969 0.2777904 0.3349997 0.29232 0.3105662 -0.375 0.1033971 0.3405662 -0.375 0.1553586 0.215829 0.1082842 0.3849994 0.215829 0.08500027 0.3849994 0.215829 0.1582842 0.3849994 0.4348005 0.355 0.1785764 0.3841783 -0.3549999 0.2308971 0.4348005 0.375 0.1785764 0.1638674 0.3549997 0.3349997 0.1638674 0.375 0.3349997 0.2677905 0.375 0.2749997 0.2677905 0.3549998 0.2749997 0.215829 0.2467157 0.3849994 0.3611883 0 -0.125 0.3611883 0.15 -0.125 0.2777904 -0.3349997 0.29232 0.2341783 -0.375 0.2167816 0.2291783 -0.375 0.2081212 0.2041783 -0.375 0.1648201 0.2777904 -0.3549998 0.2923203 0.1941783 0.375 -0.125 0.3611883 -0.375 -0.125 0.1349999 0.375 0.1649996 0.1349998 0.08500027 0.3349997 0.1349999 0.375 0.1880936 0.1349999 0.375 0.2573754 0.1349999 -0.3749999 0.3349995 0.1349999 0.375 0.2458285 0.1349999 -0.3549997 0.3349996 0.1349999 0.2467157 0.3349996 0.1349999 0.1582842 0.3349996 0.1349999 0.1082842 0.3349996 0.3005661 -0.375 0.08607661 0.3741784 -0.3549999 0.2135766 0.2158288 -0.3349997 0.3849995 0.3741784 -0.375 0.2135766 0.3105662 0.375 0.1033971 0.2158288 0 0.3849995 0.2158288 -0.2467157 0.3849995 0.3841783 0.3549999 0.2308971 0.3005661 0.375 0.08607661 0.3405662 0.375 0.1553586 0.3355661 -0.375 0.1466981 0.538723 -0.2467157 0.1985764 0.538723 -0.1582842 0.1985764 0.5050445 -0.1082842 0.2402427 0.5050445 -0.08500027 0.2402427 0.331299 -0.1082842 0.3849995 0.2158288 -0.1582842 0.3849995 0.331299 0.3349997 0.3849995 0.2158288 -0.08500027 0.3849995 0.2158288 0.3349997 0.3849995 0.538723 0.2467157 0.1985764 0.538723 0.1582842 0.1985764 0.2158288 -0.1082842 0.3849995 0.5050445 0 0.2402427 0.4792572 0.3349997 0.2721464 0.5050445 0.1082842 0.2402427 0.5050445 0.08500027 0.2402427 0.331299 -0.08500027 0.3849995 0.331299 -0.1582842 0.3849995 0.331299 -0.2467157 0.3849995 0.331299 0 0.3849995 0.331299 -0.3349997 0.3849995 0.4792572 -0.3349997 0.2721464 0.3312991 0.2467157 0.3849994 0.3312991 0.1582842 0.3849994 0.3312991 0.08500027 0.3849994 0.3312991 0.1082842 0.3849994 0.4376867 0.3349997 0.3235765 0.4376867 -0.3349997 0.3235765 0.4376868 0.1582842 0.3235764 0.4376868 0.1082842 0.3235764 0.4376868 0.2467157 0.3235764 0.4376868 0.08500027 0.3235764 0.4376867 -0.1582842 0.3235765 0.4376867 -0.2467157 0.3235765 0.4376867 -0.1082842 0.3235765 0.4376867 0 0.3235765 0.4376867 -0.08500027 0.3235765 0.3841782 0.3349997 0.2308969 0.3741784 0.375 0.2135766 0.3741784 0.3549999 0.2135766 0.3355661 0.375 0.1466981 0.3611883 0.375 -0.125 -0.3611883 0.15 -0.125 -0.3611883 0.375 -0.125 -0.3611883 0.2550001 -0.125 -0.3611883 0.1 -0.125 -0.3611883 0.08500021 -0.125 -0.3611883 -0.15 -0.125 -0.3611883 -0.375 -0.125 -0.3611883 0 -0.125 -0.3611883 -0.2550001 -0.125 -0.3611883 -0.1 -0.125 -0.3611883 -0.08500021 -0.125 -0.5249113 -0.1582842 0.1985764 -0.423875 -0.1582842 0.3235765 -0.275 0.275 -0.125 0.3611883 0.2550001 -0.125 -0.275 0 -0.125 -0.275 -0.2749999 -0.125 -0.4642891 -0.1582842 0.1985764 -0.3632528 -0.1582842 0.3235765 -0.225 -0.13125 -0.1050001 -0.225 -0.08749997 -0.105 -0.225 -0.04374998 -0.105 -0.225 0 -0.105 -0.225 0.04374998 -0.105 -0.225 0.08749997 -0.105 -0.225 0.13125 -0.105 0.225 0.13125 -0.105 0.225 0.08749997 -0.105 0.225 0.04374998 -0.105 0.225 0 -0.105 0.225 -0.04374992 -0.105 0.225 -0.08749997 -0.1050001 0.2249999 -0.1312499 -0.1050001 0.225 0.13125 -0.1250001 0.225 0.08749997 -0.1250001 0.225 0.04374998 -0.1250001 0.225 0 -0.1250001 0.225 -0.04374992 -0.1250001 0.225 -0.08749997 -0.1250001 0.2249999 -0.1312499 -0.125 -0.275 0.15 -0.125 -0.275 0.1 -0.125 -0.275 0.08500021 -0.125 -0.275 -0.08500021 -0.125 -0.275 -0.1 -0.125 -0.275 -0.15 -0.125 -0.2249999 -0.13125 -0.125 -0.225 -0.08749997 -0.125 -0.225 -0.04374998 -0.125 -0.225 0 -0.125 -0.225 0.04374998 -0.125 -0.225 0.08749997 -0.125 -0.225 0.13125 -0.125 -0.175 -0.1687499 -0.1050001 -0.175 -0.1125 -0.105 -0.175 -0.05624997 -0.105 -0.175 0 -0.105 -0.175 0.05624997 -0.105 -0.175 0.1125 -0.105 -0.175 0.16875 -0.105 0.175 -0.1687499 -0.1050001 0.175 -0.1125 -0.105 0.175 -0.05624991 -0.105 0.175 0 -0.105 0.175 0.05624997 -0.105 0.175 0.1125 -0.105 0.175 0.16875 -0.105 0.136111 -0.2249999 -0.1050001 0.09722214 -0.2249999 -0.1050001 0.05833327 -0.2249999 -0.1050001 0.0194444 -0.2249999 -0.1050001 -0.0194444 -0.2249999 -0.1050001 -0.05833333 -0.2249999 -0.1050001 -0.0972222 -0.2249999 -0.1050001 -0.1361111 -0.2249999 -0.1050001 -0.1361111 0.225 -0.105 -0.09722226 0.225 -0.105 -0.05833333 0.225 -0.105 -0.01944446 0.225 -0.105 0.0194444 0.225 -0.105 0.05833327 0.225 -0.105 0.0972222 0.225 -0.105 0.1361111 0.225 -0.1049999 -0.1361111 0.225 -0.125 -0.0972222 0.225 -0.125 -0.05833333 0.225 -0.125 -0.0194444 0.225 -0.125 0.0194444 0.225 -0.125 0.05833327 0.225 -0.125 0.0972222 0.225 -0.125 0.1361111 0.225 -0.125 0.1941783 0.275 -0.125 0.1638675 0.275 -0.125 0.135 0.275 -0.125 0.08499991 0.275 -0.125 -0.08499985 0.275 -0.125 -0.1349999 0.275 -0.125 -0.1638674 0.275 -0.125 -0.1941783 0.275 -0.125 0.136111 -0.2249999 -0.125 0.0972222 -0.2249999 -0.125 0.05833327 -0.2249999 -0.125 0.0194444 -0.2249999 -0.125 -0.0194444 -0.2249999 -0.125 -0.05833327 -0.2249999 -0.125 -0.09722214 -0.2249999 -0.125 -0.136111 -0.2249999 -0.125 0.1941783 -0.2749999 -0.125 0.1638674 -0.2749999 -0.125 0.1349999 -0.2749999 -0.125 0.08499985 -0.2749999 -0.125 -0.08499991 -0.2749999 -0.125 -0.135 -0.2749999 -0.125 -0.1638674 -0.2749999 -0.125 -0.1941784 -0.2749999 -0.125 -0.1361111 -0.1687499 -0.1050001 -0.0972222 -0.1687499 -0.1050001 -0.05833327 -0.1687499 -0.1050001 -0.0194444 -0.1687499 -0.1050001 0.0194444 -0.1687499 -0.1050001 0.05833327 -0.1687499 -0.1050001 0.0972222 -0.1687499 -0.1050001 0.136111 -0.1687499 -0.1050001 -0.1361111 -0.1125 -0.105 -0.0972222 -0.1125 -0.105 -0.05833333 -0.1125 -0.105 -0.0194444 -0.1125 -0.105 0.0194444 -0.1125 -0.105 0.05833327 -0.1125 -0.105 0.0972222 -0.1125 -0.105 0.136111 -0.1125 -0.105 -0.1361111 -0.05624997 -0.105 -0.0972222 -0.05624997 -0.105 -0.05833333 -0.05624997 -0.105 -0.01944446 -0.05624997 -0.105 0.0194444 -0.05624997 -0.105 0.05833327 -0.05624997 -0.105 0.09722214 -0.05624997 -0.105 0.136111 -0.05624991 -0.105 -0.1361111 0 -0.105 -0.0972222 0 -0.105 -0.05833333 0 -0.105 -0.01944446 0 -0.105 0.0194444 0 -0.105 0.05833327 0 -0.105 0.09722214 0 -0.105 0.136111 0 -0.105 -0.1361111 0.05624997 -0.105 -0.0972222 0.05624997 -0.105 -0.05833333 0.05624997 -0.105 -0.01944446 0.05624997 -0.105 0.0194444 0.05624997 -0.105 0.05833327 0.05624997 -0.105 0.09722214 0.05624997 -0.105 0.136111 0.05624997 -0.105 -0.1361111 0.1125 -0.105 -0.0972222 0.1125 -0.105 -0.05833333 0.1125 -0.105 -0.01944446 0.1125 -0.105 0.0194444 0.1125 -0.105 0.05833327 0.1125 -0.105 0.09722214 0.1125 -0.105 0.136111 0.1125 -0.105 -0.1361111 0.16875 -0.105 -0.09722226 0.16875 -0.105 -0.05833333 0.16875 -0.105 -0.01944446 0.16875 -0.105 0.0194444 0.16875 -0.105 0.05833327 0.16875 -0.105 0.0972222 0.16875 -0.105 0.1361111 0.16875 -0.105 -0.3005661 -0.375 -0.125 0.1941783 -0.3750001 -0.125 0.1638674 -0.3750001 -0.125 0.1349999 -0.3750001 -0.125 0.08499985 -0.3750001 -0.125 -0.08499991 -0.3750001 -0.125 -0.135 -0.3750001 -0.125 -0.1638674 -0.375 -0.125 -0.1941784 -0.375 -0.125 -0.3005661 0.3750001 -0.125 0.3611883 -0.15 -0.125 0.3611883 0.08500021 -0.125 0.275 0.15 -0.125 0.3005661 -0.375 -0.125 0.3005661 0.375 -0.125 0.275 0.275 -0.125 0.275 -0.15 -0.125 0.275 0.08500021 -0.125 0.5214025 -0.255 0.1285766 0.4348005 -0.355 0.1785764 0.5214025 -0.15 0.1285766</float_array>
          <technique_common>
            <accessor source="#Cube-mesh-positions-array" count="1254" stride="3">
              <param name="X" type="float"/>
              <param name="Y" type="float"/>
              <param name="Z" type="float"/>
            </accessor>
          </technique_common>
        </source>
        <source id="Cube-mesh-normals">
          <float_array id="Cube-mesh-normals-array" count="7500">0 5.96047e-7 -1 -0.7071068 0.7071068 0 5.96046e-7 0 -1 0 0 -1 0 0 -1 -0.7071063 0.7071074 0 0 0 -1 0.7071063 -0.7071074 0 0.7071063 0.7071073 0 -0.7071063 -0.7071074 0 -1.49012e-6 8.94069e-7 -1 0 0 -1 -7.94727e-7 -9.93409e-7 -1 0 0 -1 -0.7071079 -0.7071058 0 0 0 -1 0.7071079 0.7071058 0 -0.7071079 0.7071058 0 0.7071079 -0.7071058 0 1.49012e-7 7.45058e-7 -1 0 0 -1 -9.93407e-7 7.94727e-7 -1 0 0 -1 0.7071047 -0.7071088 1.05469e-6 0 0 -1 -0.7071047 0.7071088 1.05469e-6 -0.7071068 -0.7071068 -1.05367e-6 0.7071047 0.7071089 1.05366e-6 0 0 -1 0 0 -1 0 0 -1 0 0 -1 0.7071079 0.7071058 1.05368e-6 0 0 -1 -0.7071079 -0.7071058 -1.0547e-6 0.7071079 -0.7071058 1.0547e-6 -0.7071079 0.7071058 -1.05368e-6 0 0 -1 0 0 -1 0 0 -1 0 0 -1 2.55448e-7 3.40598e-7 -1 0.7071067 -0.707107 -1.05367e-6 0.7071067 0.7071069 1.05367e-6 -1 0 0 1 0 -1.49011e-6 -3.83173e-7 1 0 3.83173e-7 -1 0 -0.7071068 -0.7071068 0 0 2.6491e-7 -1 -8.51495e-7 3.40598e-7 -1 -0.7071068 0 -0.7071068 -0.7071068 0 0.7071068 -0.7070755 0 0.7071381 0.7071128 0 -0.7071009 0 1 0 -0.7071142 0 -0.7070993 0.7070859 0 0.7071276 -0.7071053 0 0.7071083 0.7071023 0 -0.7071112 0 1 0 -0.7071009 0 -0.7071128 0.7071098 0 0.7071039 7.19365e-6 1 1.01739e-5 0 1 -2.98033e-6 0 1 -1.01742e-5 0 1 0 0 1 1.01746e-5 9.59331e-6 0 1 0.707096 0 0.7071176 1 0 2.39829e-6 0.7071092 0 -0.7071045 -3.35764e-5 0 -1 -0.70709 0 -0.7071236 0 1 0 -1 0 2.15845e-5 -0.7071068 0 0.7071068 -9.59322e-6 0 1 0.7071141 0 0.7070996 1 0 0 0.7071213 0 -0.7070924 -9.59325e-6 0 -1 -0.7071008 0 -0.7071128 0 1 0 -1 0 -4.79665e-6 -0.7071141 0 0.7070996 0 1 0 0 1 0 0 1 0 0 1 0 0 1 0 0 1 0 0 1 0 0 1 0 -8.94095e-6 1 8.94095e-6 0 1 2.68231e-5 -9.93409e-7 1 -9.93409e-7 0 1 0 0 1 0 0 1 0 0 1 0 0 1 0 0 1 0 9.16994e-7 0 -1 1.83399e-6 0 1 0 1 0 -1 0 -5.1718e-7 0 1 0 0 1 0 0 1 -2.98021e-6 0.7071057 0 -0.7071078 0.7070931 0 0.7071205 0.7070874 0 0.7071262 -0.7071232 0 -0.7070904 0 1 0 0.7071232 0 -0.7070904 -0.7070874 0 0.7071262 0.7070934 0 0.7071202 -0.7070949 0 -0.7071188 0 1 0 0.7070994 0 -0.7071143 -0.7071128 0 0.7071009 0 1 0 0 1 -2.98034e-6 0 1 0 4.79663e-6 0 1 -0.7070936 0 0.70712 -1 0 -7.19483e-6 -0.7071092 0 -0.7071045 1.91866e-5 0 -1 0.707102 0 -0.7071116 0 1 0 1 0 1.19917e-5 0.7071068 0 0.7071068 4.31694e-5 0 1 -0.7071116 0 0.707102 -1 0 -9.59329e-6 -0.7071188 0 -0.7070949 9.59325e-6 0 -1 0.7070971 0 -0.7071164 0 1 0 1 0 1.19914e-5 0.7070984 0 0.7071152 0 1 0 0 1 0 0 1 0 0 1 0 0 1 0 0 1 0 8.94071e-6 1 8.94106e-6 9.93401e-7 1 -9.93404e-7 1 0 5.1718e-7 0 1 0 0 1 0 0 1 0 0 1 0 0 1 0 0 1 0 0 1 0 0 1 0 0 1 0 -3.97364e-6 0 1 -1 0 5.9609e-6 0 0 1 -4.79664e-6 5.34529e-6 1 0 0 1 -1.58948e-5 7.94736e-6 1 1 0 0 -1.50243e-5 1.83398e-6 1 9.93398e-7 2.3983e-6 1 -0.7071055 0.707108 -4.21453e-6 -0.7071032 -0.7071104 -4.2156e-6 -4.79661e-6 1 0 0.707102 0.7071116 4.21456e-6 0.7070949 0.7071187 4.21992e-6 0.7071008 -0.7071127 4.21988e-6 -0.7071142 -0.7070993 0 -6.21167e-6 0 1 5.34534e-6 -4.79665e-6 1 0.7071092 -0.7071044 1.26472e-5 2.03508e-5 2.03515e-5 1 0 0 1 -4.79661e-6 0 1 0 -1 0 -1 0 0 -8.42922e-6 8.42936e-6 1 2.03517e-5 0 1 0 0 1 -1.43898e-5 1 0 4.20741e-6 -2.1037e-6 1 1 0 -5.96033e-6 -1.35666e-5 0 1 0 -2.98024e-6 1 5.14468e-7 8.94397e-6 1 -6.21164e-6 8.09437e-6 1 9.16993e-7 1 0 -2.98024e-6 3.09361e-5 1 -0.7071056 0.707108 -4.21468e-6 -9.17038e-7 -4.95174e-5 1 0.7071089 0.7071047 0 -6.21167e-6 -1.29952e-5 1 0 0 1 -2.98024e-6 0 1 2.38421e-5 0 1 -5.86606e-6 -2.56337e-6 1 -1 0 -2.38419e-5 0.7071056 -0.707108 4.21443e-6 4.31688e-5 5.20798e-5 1 0 0 1 -0.7071068 0.7071068 -4.21469e-6 1.6859e-5 0 1 2.035e-5 4.58495e-6 1 -0.7070978 -0.7071157 -8.42907e-6 -0.7070934 0.7071202 4.21976e-6 0.7071127 0.7071008 -4.2156e-6 0.7071112 -0.7071023 2.10279e-5 -2.384e-5 0 1 0 -1 0 1.82322e-5 -2.80493e-6 1 1 -1.43898e-5 1.78812e-5 -0.7071173 0.7070962 0 0.7071053 0.7071083 4.21469e-6 -0.7071141 -0.7070996 -1.68589e-5 3.83726e-5 1.4901e-5 1 0 1 0 0 1 0 2.98025e-6 1 0 2.98009e-6 1 -2.58101e-6 0 1 0 0 1 0 0 1 0 0 1 0 0 1 0 0 1 0 0 1 0 0 1 0 0 1 0 0 1 0 0 1 0 0 1 0 0 1 0 0 1 0 0 1 0 0 1 0 0 1 0 0 1 0 1 0 -7.60986e-7 1 0 -2.58116e-6 -2.98026e-6 1 0 -2.98026e-6 1 -2.58098e-6 0 1 0 0 1 0 0 1 0 0 1 0 -1 0 -7.60996e-7 -1 5.96044e-6 2.58102e-6 -1 0 0 0 1 0 -2.98026e-6 1 0 1 0 1.37549e-6 0 1 0 0 1 0 0 1 0 0 1 0 0 1 0 0 1 0 2.98026e-6 1 0 0 1 0 0 1 0 0 1 0 0 1 0 -0.7071009 0 -0.7071128 0 -1 0 0.7071023 0 -0.7071112 -0.7071053 0 0.7071083 0.7070859 0 0.7071276 -0.7071142 0 -0.7070993 0 -1 0 0.7071128 0 -0.7071009 -0.7070755 0 0.7071381 -0.7071068 0 0.7071068 -0.7071068 0 -0.7071068 0 1 0 -7.01231e-7 1.10089e-6 1 -7.01232e-7 2.08616e-5 1 7.01231e-7 5.11981e-6 1 -7.01232e-7 -2.38419e-6 1 0 0 1 0.7071098 0 0.7071039 0 -1 0 0 -1 -2.98033e-6 0 -1 -1.01754e-5 0 -1 0 0 -1 1.01746e-5 9.59331e-6 0 1 0.707096 0 0.7071176 1 0 2.39829e-6 0.7071092 0 -0.7071045 -3.35764e-5 0 -1 -0.70709 0 -0.7071236 0 -1 0 -1 0 2.15845e-5 -0.7071068 0 0.7071068 -9.59322e-6 0 1 0.7071141 0 0.7070996 1 0 0 0.7071213 0 -0.7070924 -9.59325e-6 0 -1 -0.7071008 0 -0.7071128 0 -1 0 -1 0 -4.79665e-6 -0.7071141 0 0.7070996 0 -1 0 0 -1 0 0 -1 0 0 -1 0 0 -1 0 0 -1 0 0 -1 0 0 -1 0 -8.94095e-6 -1 8.94095e-6 0 -1 2.68231e-5 -9.93409e-7 -1 -9.93409e-7 0 -1 0 0 -1 0 0 -1 0 0 -1 0 0 -1 0 0 -1 0 9.16994e-7 0 -1 1.83399e-6 0 1 0 -1 0 -1 0 -5.1718e-7 0 -1 0 0 -1 0 0 -1 -2.98015e-6 0.7071057 0 -0.7071078 0.7070931 0 0.7071205 0.7070874 0 0.7071262 -0.7071232 0 -0.7070904 0 -1 0 0.7071232 0 -0.7070904 -0.7070874 0 0.7071262 0.7070934 0 0.7071202 -0.7070949 0 -0.7071188 0 -1 0 0.7070994 0 -0.7071143 -0.7071128 0 0.7071009 -7.19405e-6 -1 1.01743e-5 0 -1 -2.98034e-6 -1.99119e-5 -1 3.45539e-6 4.79663e-6 0 1 -0.7070936 0 0.70712 -1 0 -7.19483e-6 -0.7071092 0 -0.7071045 1.91866e-5 0 -1 0.707102 0 -0.7071116 0 -1 0 1 0 1.19917e-5 0.7071068 0 0.7071068 4.31694e-5 0 1 -0.7071116 0 0.707102 -1 0 -9.59329e-6 -0.7071188 0 -0.7070949 9.59325e-6 0 -1 0.7070971 0 -0.7071164 0 -1 0 1 0 1.19914e-5 0.7070984 0 0.7071152 0 -1 0 0 -1 0 0 -1 0 0 -1 0 0 -1 0 0 -1 0 8.94071e-6 -1 8.94106e-6 9.93401e-7 -1 -9.93404e-7 1 0 5.1718e-7 0 -1 0 0 -1 0 0 -1 0 0 -1 0 0 -1 0 0 -1 0 0 -1 2.05534e-7 0 -1 0 0 -1 0 0 -2.07056e-6 1 -1 0 5.9609e-6 4.71287e-6 -2.07059e-6 1 -4.79664e-6 -5.34529e-6 1 0 0 1 -1.58948e-5 -7.94736e-6 1 1 0 0 -1.50243e-5 -1.83398e-6 1 9.59333e-6 -3.97369e-6 1 -0.7071068 -0.7071068 0 -0.7071032 0.7071104 -4.21452e-6 -4.7966e-6 -1 0 0.7071031 -0.7071104 0 0.7070949 -0.7071188 4.21462e-6 0.7071008 0.7071127 4.21455e-6 -0.7071127 0.7071008 -4.21462e-6 -1.03531e-6 -1.49011e-5 1 5.34534e-6 4.79665e-6 1 0.7071092 0.7071044 1.2644e-5 5.96047e-6 0 1 0 0 1 -4.79661e-6 0 1 0 1 0 -1 0 0 8.42954e-6 -8.42936e-6 1 2.03517e-5 0 1 0 0 1 -1.43898e-5 -1 0 1.78815e-5 0 1 1 0 -5.96033e-6 -1.35667e-5 0 1 0 2.98024e-6 1 0 0 1 -6.21164e-6 -8.09437e-6 1 9.16993e-7 -1 0 -6.21163e-6 -1.2995e-5 1 -0.7071056 -0.707108 -4.21574e-6 7.01231e-7 2.52438e-5 1 0.7071047 -0.7071089 1.68753e-5 -6.21167e-6 1.29952e-5 1 0 0 1 -2.98024e-6 0 1 2.38421e-5 0 1 -7.1504e-6 6.41634e-6 1 -1 0 -2.38419e-5 0.7071056 0.707108 4.21552e-6 4.31688e-5 -5.20798e-5 1 0 0 1 -0.7071068 -0.7071068 -4.22009e-6 8.42922e-6 0 1 -4.07017e-5 -1.83397e-6 1 -0.7070934 0.7071202 4.21976e-6 -0.7070934 -0.7071202 4.21436e-6 0.7071152 -0.7070984 4.21449e-6 0.7071112 0.7071023 2.10737e-5 -4.07017e-5 -2.38444e-5 1 0 1 0 1.82323e-5 2.80489e-6 1 1 1.91864e-5 5.96033e-6 -0.7071163 -0.7070973 4.21505e-6 0.7071038 -0.7071098 8.44008e-6 -0.7071141 0.7070996 -1.68629e-5 3.83726e-5 2.98019e-6 1 0 -1 0 0 -1 0 2.98026e-6 -1 0 0 -1 0 0 -1 0 0 -1 0 0 -1 0 0 -1 0 0 -1 0 0 -1 0 0 -1 0 0 -1 0 0 -1 0 0 -1 0 0 -1 0 0 -1 0 0 -1 0 0 -1 0 0 -1 0 0 -1 0 0 -1 0 0 -1 0 1 0 -7.60986e-7 1 0 -2.58116e-6 -2.98026e-6 -1 0 -2.98026e-6 -1 -2.58098e-6 0 -1 0 0 -1 0 0 -1 0 0 -1 0 -1 0 -7.60996e-7 -1 -5.96044e-6 2.58102e-6 -1 0 0 0 -1 0 -2.98026e-6 -1 0 1 0 1.37549e-6 0 -1 0 0 -1 0 0 -1 0 0 -1 0 0 -1 0 0 -1 0 2.98026e-6 -1 0 0 -1 0 0 -1 0 0 -1 0 0 -1 0 0 -1 0 -7.01231e-7 -1.10089e-6 1 0 -2.68221e-5 1 7.01231e-7 -5.11981e-6 1 0 0 1 0 0 1 0 1 0 0 1 0 -0.8660256 0 -0.4999998 2.38419e-6 1 1.53573e-6 0 1 0 0 1 0 -0.5000004 1.3242e-5 0.8660252 0 -1 0 0 -1 0 -0.5 -1.03238e-5 0.8660254 0 -1 0 0 -1 0 8.6032e-7 -1 4.96704e-7 0 1 0 -1.63034e-7 1 2.82384e-7 -0.8660243 0 -0.500002 -0.8660243 0 -0.500002 -0.8660254 0 -0.5 0 1 0 -0.8660254 0 -0.5 0 1 0 -0.8660243 0 -0.500002 -2.38419e-6 -1 0 -0.8660257 0 -0.4999995 -0.8660255 0 -0.5 -0.5000004 0 0.8660252 -0.6123774 -0.7071041 -0.3535503 -0.8660255 0 -0.5 0 -1 0 0 -1 2.05533e-7 -0.866029 0 -0.4999938 -0.6123747 0.7071049 -0.3535531 -0.5000005 0 0.8660252 2.38419e-6 -1 1.53573e-6 -5.96049e-7 -1 -2.58099e-6 0 -1 0 -0.8660255 0 -0.5 -0.8660243 0 -0.500002 -0.4999997 0 0.8660256 -0.8660244 0 -0.5000016 -0.8660302 0 -0.4999918 0 1 0 -0.8660253 0 -0.5000002 -0.6123732 0.7071052 -0.3535553 -0.6123772 0.7071053 -0.3535482 -0.8660255 0 -0.5000001 -0.8660246 0 -0.5000014 -0.6123751 -0.7071037 -0.353555 -0.6123747 -0.7071035 -0.353556 -0.8660252 0 -0.5000004 -0.8660257 0 -0.4999995 -0.8660252 0 -0.5000004 -0.612373 -0.7071062 -0.3535535 -0.6123735 0.7071053 -0.3535544 -0.866025 0 -0.5000007 -0.6123749 -0.7071037 -0.3535554 -0.8660255 0 -0.4999998 -0.8660255 0 -0.4999999 -0.8660257 0 -0.4999995 -0.8660252 0 -0.5000004 -0.8660243 0 -0.5000019 -0.8660255 0 -0.5 -0.5000005 0 0.8660252 -0.8660257 0 -0.4999995 -1 0 -1.1921e-6 0.8660244 0 0.5000017 0.8660244 0 0.5000018 0.8660244 0 0.5000017 0.8660244 0 0.5000017 0.8660244 7.12248e-7 0.5000017 -0.8660243 0 -0.5000019 -0.866025 -2.48595e-7 -0.5000007 -0.8660254 0 -0.5 0 -1 0 -0.8660254 0 -0.5 0 -1 0 -0.8660243 0 -0.500002 -0.8660257 0 -0.4999995 -0.8660255 0 -0.5 -0.5000004 0 0.8660252 -0.6123756 0.707103 -0.3535553 2.38419e-6 -1 0 -0.5000005 0 0.8660252 -0.8660255 0 -0.5 -0.8660243 0 -0.500002 0 -1 0 -0.4999998 4.26858e-7 0.8660256 0 1 0 -0.8660244 0 -0.5000016 -0.8660302 0 -0.4999918 -0.4999999 1.99637e-7 0.8660255 0 -1 0 -0.6123731 -0.7071053 -0.3535554 -0.6123735 -0.7071049 -0.3535553 -0.8660255 0 -0.5000001 -0.8660246 0 -0.5000014 -0.6123751 0.7071037 -0.353555 -0.6123748 0.7071036 -0.3535559 -0.8660252 0 -0.5000004 -0.8660257 0 -0.4999995 -0.8660257 0 -0.4999995 -9.83221e-7 -1 0 7.37413e-7 -1 4.25741e-7 -0.6123743 -0.7071053 -0.3535532 -0.8660262 0 -0.4999987 -0.6123757 0.7071037 -0.3535541 -0.8660255 0 -0.4999998 -0.8660255 0 -0.4999999 -0.8660257 0 -0.4999995 -0.8660252 0 -0.5000004 -0.8660243 0 -0.5000019 -0.8660255 0 -0.5 -0.5000005 0 0.8660252 -0.8660257 0 -0.4999995 -1 3.50613e-7 0 0.8660244 0 0.5000017 0.8660244 0 0.5000018 0 -1 0 0.8660244 0 0.5000017 0.8660244 0 0.5000017 0.8660244 -7.15051e-7 0.5000017 -0.499995 -6.08409e-6 0.8660283 -0.4999916 1.01663e-5 0.8660302 -0.4999928 0 0.8660295 -0.499988 0 0.8660323 -0.5000075 0 0.8660211 -0.5000075 0 0.8660211 -0.5000075 0 0.866021 -0.5000075 0 0.8660211 0 1 0 -0.4999949 6.15402e-6 0.8660284 -0.4999917 -1.01663e-5 0.8660302 -0.4999928 0 0.8660296 -0.499988 0 0.8660323 -0.499988 0 0.8660324 -0.5000075 0 0.8660211 -0.5000075 0 0.866021 -0.5000075 0 0.866021 -0.5000075 0 0.866021 -0.8660255 0 -0.4999999 -0.5000075 0 0.8660211 0 1 0 -0.499988 0 0.8660324 0 -1 0 0 -1 0 -2.38419e-6 -1 1.53573e-6 0 -1 2.05534e-7 0 -1 0 -0.5000075 0 0.866021 0 1 0 5.96049e-7 1 -2.58102e-6 -2.38419e-6 1 1.53573e-6 0 1 0 0 1 0 8.6032e-7 1 4.96704e-7 -0.5000004 -1.3304e-5 0.8660251 -0.6123752 -0.7071036 -0.3535548 -0.4999998 8.92518e-6 0.8660256 0 1 0 0 -1 0 -0.8660255 0 -0.4999999 0 1 0 -1 -1.4901e-6 -5.96048e-7 -1 0 -5.96049e-7 -1 2.75224e-7 0 -1 0 -1.1921e-6 7.37413e-7 1 4.25741e-7 -0.5 0 0.8660254 0 1 0 0 -1 0 -0.6123753 0.7071036 -0.3535549 0 1 0 -0.8660256 0 -0.4999998 -0.8660255 0 -0.5 0 1.40246e-6 1 5.96049e-6 1.19208e-5 1 0 0 1 2.38418e-6 0 1 0 1.34804e-6 1 -2.38418e-6 0 1 0 2.8049e-6 1 5.96049e-6 -1.19208e-5 1 0 0 1 2.38418e-6 0 1 -2.38418e-6 0 1 -2.38418e-6 0 1 2.38419e-6 0 1 2.38419e-6 0 1 0 -1.1009e-6 1 2.38419e-6 -5.11981e-6 1 -5.9605e-6 -1.19208e-5 1 4.76838e-6 -1.40245e-6 1 2.38419e-6 0 1 2.38419e-6 0 1 2.38419e-6 0 1 4.76838e-6 0 1 -5.9605e-6 1.19208e-5 1 -1.19209e-6 1.40246e-6 1 -0.4999998 0 0.8660255 -2.38419e-6 1 0 2.38419e-6 1 0 2.06477e-6 0 1 2.06477e-6 0 1 2.06477e-6 0 1 2.06477e-6 0 1 8.25906e-6 0 1 -2.06477e-6 0 1 0 -1 0 0 -1 0 4.12953e-6 -1 0 0 -1 0 0 -1 0 2.06477e-6 0 1 2.06477e-6 0 1 2.06477e-6 0 1 2.06477e-6 0 1 8.25906e-6 0 1 -2.06477e-6 0 1 0 1 0 0 1 0 4.12953e-6 1 0 1.03239e-6 1 0 0 1 0 -1 0 0 -1 -2.75224e-7 -5.96048e-7 -1 -1.27995e-6 0 -1 0 0 -1 0 -5.96049e-7 -1 0 0 -0.5 0 0.8660254 0.8660255 0 0.4999999 0 -1 0 0 -1 0 -0.7777137 6.89156e-7 0.6286186 -1.26286e-7 1 2.18733e-7 0.8660236 0 0.5000032 0 1 0 0 1 0 -0.5000005 0 0.8660252 0 1 0 0.8660255 0 0.4999999 -0.5000001 0 0.8660254 0 -1 0 4.20195e-7 -1 2.42597e-7 0 1 0 -0.5000004 -1.33044e-5 0.8660252 0 1 0 0 1 0 4.20195e-7 1 2.42597e-7 0 -1 0 -0.5000001 0 0.8660254 -0.6123729 0.7071061 -0.3535539 -0.5000001 1.02346e-5 0.8660254 -0.5000005 0 0.8660252 0 1 0 0.8660255 2.21943e-6 0.4999999 0 -1 0 0.8660236 0 0.5000032 -0.5000005 0 0.8660252 0.8660255 0 0.4999999 -0.7777138 0 0.6286185 0 -1 0 -0.7777138 0 0.6286185 0.8660236 0 0.5000032 0 -1 0 -0.5000004 0 0.8660253 0 -1 0 -0.7777137 0 0.6286186 0 0 1 0 0 1 -0.5000005 0 0.8660252 0 -1.35029e-6 1 -0.5000004 2.22977e-7 0.8660252 0 0 1 -0.5000005 -3.25454e-7 0.8660252 0 0 1 -0.5000003 -3.03249e-7 0.8660252 -0.5000005 0 0.8660252 0 1.40246e-6 1 0 0 1 -0.7777138 0 0.6286185 -0.7777138 0 0.6286184 0 0 1 -0.7777139 0 0.6286184 0 0 1 0 0 1 -0.5000005 0 0.8660252 -0.7777139 0 0.6286184 0.8660255 0 0.4999999 -0.7777131 3.63195e-7 0.6286193 0.8660255 -2.14057e-6 0.4999999 -0.7777139 -5.79442e-7 0.6286185 0.8660255 0 0.4999999 0.8660256 0 -0.4999998 0.5000004 1.32983e-5 0.8660252 0 -1 0 0 -1 0 0.5 -1.02445e-5 0.8660254 0 -1 0 0 -1 0 -8.6032e-7 -1 4.96704e-7 0 1 0 0 1 0 0.8660243 0 -0.5000019 0.866025 2.48595e-7 -0.5000007 0.8660254 0 -0.5 0 1 0 0.8660254 0 -0.5 0 1 0 0.8660243 0 -0.500002 0.8660257 0 -0.4999995 0.8660255 0 -0.5 0.5000004 0 0.8660252 0.6123774 -0.7071041 -0.3535504 0.8660255 0 -0.5 0.866029 0 -0.4999938 0.6123762 0.7071053 -0.3535497 0.5000005 0 0.8660252 0.8660255 0 -0.5 0.8660243 0 -0.500002 0.4999998 -4.26858e-7 0.8660256 0.8660244 0 -0.5000016 0.8660302 0 -0.4999918 0 1 0 0.8660253 0 -0.5000002 0.6123731 0.7071053 -0.3535554 0.6123735 0.7071049 -0.3535553 0.8660255 0 -0.5000001 0.8660246 0 -0.5000014 0.6123751 -0.7071037 -0.353555 0.6123748 -0.7071036 -0.3535559 0.8660252 0 -0.5000004 0.8660257 0 -0.4999995 0.8660252 0 -0.5000004 0.612373 -0.7071062 -0.3535534 0.6123736 0.7071053 -0.3535544 0.866025 0 -0.5000007 0.6123749 -0.7071037 -0.3535554 0.8660255 0 -0.4999998 0.8660255 0 -0.4999999 0.8660257 0 -0.4999995 0.8660252 0 -0.5000004 0.8660243 0 -0.5000019 0.8660255 0 -0.5 0.5000005 0 0.8660252 0.8660257 0 -0.4999995 1 0 -1.1921e-6 -0.8660244 0 0.5000017 -0.8660244 0 0.5000018 -0.8660244 0 0.5000017 -0.8660244 0 0.5000017 -0.8660244 7.15051e-7 0.5000017 0.8660243 0 -0.500002 0.8660243 0 -0.500002 0.8660254 0 -0.5 0 -1 0 0.8660254 0 -0.5 0 -1 0 0.8660243 0 -0.500002 0.8660257 0 -0.4999995 0.8660255 0 -0.5 0.5000004 0 0.8660252 0.6123756 0.707103 -0.3535554 0.5000005 0 0.8660252 0.8660255 0 -0.5 0.8660243 0 -0.500002 0 -1 0 0.4999997 0 0.8660256 0 1 0 0.8660244 0 -0.5000016 0.8660302 0 -0.4999918 0.5 0 0.8660255 0 -1 0 0.6123732 -0.7071052 -0.3535553 0.6123772 -0.7071053 -0.3535482 0.8660255 0 -0.5000001 0.8660246 0 -0.5000014 0.6123751 0.7071037 -0.353555 0.6123747 0.7071035 -0.353556 0.8660252 0 -0.5000004 0.8660257 0 -0.4999995 0.8660257 0 -0.4999995 0 -1 2.05533e-7 -7.37413e-7 -1 4.25741e-7 0.6123741 -0.7071051 -0.3535539 0.8660262 0 -0.4999987 0.6123757 0.7071037 -0.353554 0.8660255 0 -0.4999998 0.8660255 0 -0.4999999 0.8660257 0 -0.4999995 0.8660252 0 -0.5000004 0.8660243 0 -0.5000019 0.8660255 0 -0.5 0.5000005 0 0.8660252 0.8660257 0 -0.4999995 1 0 -5.96049e-7 -0.8660244 0 0.5000017 -0.8660244 0 0.5000018 0 -1 0 -0.8660244 0 0.5000017 -0.8660244 0 0.5000017 -0.8660244 -7.12248e-7 0.5000017 0.4999949 -6.15402e-6 0.8660284 0.4999917 1.01663e-5 0.8660302 0.4999928 0 0.8660296 0.499988 0 0.8660323 0.5000075 0 0.8660211 0.5000075 0 0.866021 0.5000075 0 0.866021 0.5000075 0 0.8660211 0 1 0 0.499995 6.08409e-6 0.8660283 0.4999916 -1.01663e-5 0.8660302 0.4999928 0 0.8660295 0.499988 0 0.8660323 0.499988 0 0.8660324 0.5000075 0 0.8660211 0.5000075 0 0.866021 0.5000075 0 0.8660211 0.5000075 0 0.866021 0.8660255 0 -0.4999999 0.5000075 0 0.8660211 0 1 0 0.499988 0 0.8660324 0.5000075 0 0.866021 -8.6032e-7 1 4.96704e-7 0.5000004 -1.3267e-5 0.8660251 0.6123752 -0.7071036 -0.3535548 0.4999998 8.99794e-6 0.8660256 0 1 0 0 -1 0 0.8660255 0 -0.4999999 0 1 0 1 0 0 1 1.27995e-6 0 1 2.75224e-7 0 1 0 -1.1921e-6 -7.37413e-7 1 4.25741e-7 0.5 0 0.8660254 0 1 0 0 -1 0 0.6123752 0.7071036 -0.3535548 0 1 0 0.8660256 0 -0.4999998 0.8660255 0 -0.5 0.4999998 0 0.8660255 -2.06477e-6 0 1 -2.06477e-6 0 1 -2.06477e-6 0 1 -2.06477e-6 0 1 -8.25906e-6 0 1 2.06477e-6 0 1 0 -1 0 0 -1 0 -4.12953e-6 -1 0 0 -1 2.05533e-7 0 -1 0 -2.06477e-6 0 1 -2.06477e-6 0 1 -2.06477e-6 0 1 -2.06477e-6 0 1 -8.25906e-6 0 1 2.06477e-6 0 1 0 1 0 0 1 0 -4.12953e-6 1 0 0 1 0 0 1 0 1 0 0 1 -2.75224e-7 -5.96048e-7 1 -1.27995e-6 0 1 0 0 1 0 -5.96049e-7 1 0 0 0.5 0 0.8660254 -0.8660255 0 0.4999999 0 -1 0 0 -1 0 0.7777137 7.05564e-7 0.6286186 0 1 0 -0.8660236 0 0.5000032 0 1 0 0 1 0 0.5000005 0 0.8660252 0 1 0 -0.8660255 0 0.4999999 0.5000001 0 0.8660254 0 -1 0 -4.20195e-7 -1 2.42597e-7 0 1 0 0.5000004 -1.3304e-5 0.8660252 0 1 0 0 1 0 -4.20195e-7 1 2.42597e-7 1.26286e-7 -1 2.18733e-7 0.5000001 0 0.8660254 0.612373 0.7071062 -0.3535535 0.5000001 1.03238e-5 0.8660254 0.5000005 0 0.8660252 0 1 0 -0.8660255 2.22327e-6 0.4999999 0 -1 0 -0.8660236 0 0.5000032 0.5000005 0 0.8660252 -0.8660255 0 0.4999999 0.7777138 0 0.6286185 0 -1 0 0.7777137 3.47665e-7 0.6286186 -0.8660236 0 0.5000032 0 -1 0 0.5000004 0 0.8660253 0 -1 0 0.7777137 0 0.6286186 0 0 1 0 0 1 0.5000005 0 0.8660252 0 -1.35029e-6 1 0.5000004 2.56667e-7 0.8660252 0 0 1 0.5000003 0 0.8660252 0 0 1 0.5000003 -2.98023e-7 0.8660252 0.5000005 0 0.8660252 0 1.40246e-6 1 0 0 1 0.7777138 0 0.6286185 0.7777138 0 0.6286184 0 0 1 0.7777139 0 0.6286184 0 0 1 0 0 1 0.5000005 0 0.8660252 0.7777139 0 0.6286184 -0.8660255 0 0.4999999 0.7777138 -4.92254e-7 0.6286185 -0.8660235 0 0.5000032 0.7777139 -5.79442e-7 0.6286185 -0.8660255 0 0.4999999 0 0 -1 0 0 -1 0 0 -1 0 0 -1 0 0 -1 0 0 -1 0 0 -1 0 1 0 0 0 -1 0 0 -1 0 0 -1 0 0 -1 0 1 0 0 0 -1 0 0 -1 0 0 -1 0 0 -1 0 0 -1 0 0 -1 0 0 -1 0 0 -1 0 0 -1 -3.31137e-7 2.6491e-7 -1 -2.98023e-7 3.97364e-7 -1 -3.97364e-7 3.97364e-7 -1 -5.29819e-7 2.6491e-7 -1 -5.96046e-7 3.40598e-7 -1 -7.2377e-7 5.10897e-7 -1 -8.51495e-7 5.10897e-7 -1 0 2.6491e-7 -1 0 2.6491e-7 -1 0 2.6491e-7 -1 0 2.6491e-7 -1 0 2.6491e-7 -1 0 2.6491e-7 -1 0 2.6491e-7 -1 1 0 1.49012e-6 1 3.40598e-7 1.49012e-6 1 3.40598e-7 7.45059e-7 1 0 0 1 0 0 1 3.40598e-7 0 1 3.40598e-7 -7.45057e-7 -1 0 0 -1 0 0 -1 0 0 -1 0 0 -1 0 0 -1 0 0 -1 3.40598e-7 0 -2.55449e-7 3.40598e-7 -1 -1.70299e-7 3.40598e-7 -1 0 3.40598e-7 -1 0 3.40598e-7 -1 0 3.40598e-7 -1 0 3.40598e-7 -1 1.70299e-7 3.40598e-7 -1 0 0 -1 0 0 -1 0 0 -1 0 0 -1 0 0 -1 0 0 -1 0 0 -1 0 0 -1 0 0 -1 2.98023e-7 0 -1 5.96046e-7 0 -1 5.96046e-7 0 -1 5.96046e-7 0 -1 5.96046e-7 0 -1 0 3.97364e-7 -1 1.91586e-7 5.29819e-7 -1 1.91586e-7 3.97364e-7 -1 0 2.6491e-7 -1 1.91586e-7 3.97364e-7 -1 0 5.29819e-7 -1 0 3.97364e-7 -1 0 2.6491e-7 -1 1.91586e-7 3.97364e-7 -1 1.91586e-7 2.6491e-7 -1 1.91586e-7 3.97364e-7 -1 0 5.29819e-7 -1 0 3.97364e-7 -1 0 2.6491e-7 -1 0 2.6491e-7 -1 0 2.6491e-7 -1 0 2.6491e-7 -1 1.91586e-7 2.6491e-7 -1 1.91586e-7 2.6491e-7 -1 0 2.6491e-7 -1 0 2.6491e-7 -1 0 2.6491e-7 -1 0 2.6491e-7 -1 0 2.6491e-7 -1 0 2.6491e-7 -1 1.91586e-7 2.6491e-7 -1 1.91586e-7 2.6491e-7 -1 0 2.6491e-7 -1 0 2.6491e-7 -1 0 2.6491e-7 -1 0 2.6491e-7 -1 0 2.6491e-7 -1 1.91586e-7 3.97364e-7 -1 1.91586e-7 5.29819e-7 -1 1.91586e-7 3.97364e-7 -1 0 2.64909e-7 -1 0 2.64909e-7 -1 0 2.64909e-7 -1 0 2.64909e-7 -1 0 2.64909e-7 -1 0 3.97364e-7 -1 0 2.6491e-7 -1 0 2.6491e-7 -1 0 2.64909e-7 -1 0 2.64909e-7 -1 0 2.64909e-7 -1 0 2.6491e-7 -1 0 2.6491e-7 -1 0 2.6491e-7 -1 0 2.6491e-7 -1 0 2.6491e-7 -1 0 2.6491e-7 -1 0 2.6491e-7 -1 0 2.6491e-7 -1 0 2.6491e-7 -1 0 2.6491e-7 -1 0 2.6491e-7 -1 1.91586e-7 2.6491e-7 -1 1.91586e-7 2.6491e-7 -1 0 2.6491e-7 -1 0 2.6491e-7 -1 1.91586e-7 2.6491e-7 -1 1.91586e-7 2.6491e-7 -1 0 2.6491e-7 -1 0 -1 0 0 -1 0 0 -1 0 0 -1 0 0 -1 0 0 -1 0 0 -1 0 0 -1 0 0 1 0 0 1 0 0 1 0 0 1 0 0 1 0 0 1 0 0 1 0 0 1 0 -3.68742e-7 7.37484e-7 -1 0 5.96047e-7 -1 0 5.96047e-7 -1 0 5.96047e-7 -1 0 5.96047e-7 -1 0 5.96047e-7 -1 5.16194e-7 9.8606e-7 -1 4.91611e-7 5.70929e-7 -1 0 0 -1 0 0 -1 0 2.98023e-7 -1 0 5.96047e-7 -1 0 5.96047e-7 -1 0 5.96047e-7 -1 0 5.96047e-7 -1 0 5.96047e-7 -1 0 0 -1 0 0 -1 0 0 -1 0 0 -1 0 0 -1 0 0 -1 0 0 -1 0 0 -1 0 0 -1 0 0 -1 0 0 -1 0 0 -1 5.16193e-7 0 -1 0 0 -1 -2.80129e-7 0 -1 4.9161e-7 0 -1 0 0 -1 0 0 -1 0 0 -1 0 0 -1 0 0 -1 0 0 -1 0 0 -1 0 0 -1 0 0 -1 0 0 -1 0 0 -1 0 0 -1 0 0 -1 0 0 -1 0 0 -1 0 0 -1 0 0 -1 0 0 -1 0 0 -1 0 0 -1 0 0 -1 0 0 -1 0.612374 -0.7071051 -0.3535543 -0.6123735 -0.707105 -0.3535552 0 5.96047e-7 -1 -0.7071068 0.7071068 0 5.96046e-7 0 -1 0 0 -1 0 0 -1 -0.7071063 0.7071074 0 2.98023e-6 0 -1 0.7071063 -0.7071074 0 0.7071063 0.7071074 0 -0.7071063 -0.7071074 0 2.98023e-6 0 -1 -1.49011e-6 -4.47035e-6 -1 0 0 -1 -0.7071079 -0.7071058 0 0 0 -1 0.7071079 0.7071058 0 -0.7071079 0.7071058 0 0.7071079 -0.7071058 0 0 0 -1 -7.4506e-7 7.45058e-7 -1 0 0 -1 0.7071047 -0.7071088 1.05366e-6 0 0 -1 -0.7071068 0.7071068 -1.05367e-6 -0.7071047 -0.7071088 1.05366e-6 0.7071047 0.7071088 1.05366e-6 0 0 -1 0 0 -1 0 0 -1 0.7071079 0.7071058 1.05368e-6 0 0 -1 -0.7071079 -0.7071058 -1.05368e-6 0.7071079 -0.7071058 1.05368e-6 -0.7071079 0.7071058 -1.05368e-6 0 0 -1 0 0 -1 0 0 -1 2.6491e-7 2.6491e-7 -1 0.7071071 -0.7071065 1.05367e-6 0.7071067 0.7071069 1.05367e-6 -1 0 0 1 0 -1.49011e-6 -3.83173e-7 1 0 3.83173e-7 -1 0 -0.7071068 -0.7071068 0 0 2.6491e-7 -1 -8.60956e-7 2.6491e-7 -1 -0.7071068 0 -0.7071068 -0.7071068 0 0.7071068 -0.7070755 0 0.7071381 0.7071128 0 -0.7071009 0 1 0 -0.7071142 0 -0.7070993 0.7070859 0 0.7071276 -0.7071053 0 0.7071083 0.7071023 0 -0.7071112 0 1 0 -0.7071009 0 -0.7071128 0.7071098 0 0.7071039 0 1 0 1.01724e-5 1 -1.01733e-5 0 1 -1.01754e-5 0 1 0 0 1 1.01742e-5 9.59331e-6 0 1 0.707096 0 0.7071176 1 0 2.39829e-6 0.7071092 0 -0.7071045 -3.35764e-5 0 -1 -0.70709 0 -0.7071236 0 1 0 0 1 0 0 1 0 0 1 0 0 1 0 -1 0 2.15845e-5 -0.7071068 0 0.7071068 -9.59322e-6 0 1 0.7071141 0 0.7070996 1 0 0 0.7071213 0 -0.7070924 -9.59325e-6 0 -1 -0.7071008 0 -0.7071128 0 1 0 0 1 0 0 1 0 0 1 0 0 1 0 -1 0 -4.79665e-6 -0.7071141 0 0.7070996 0 1 0 0 1 0 0 1 0 0 1 0 0 1 2.68237e-5 0 1 0 0 1 0 0 1 0 0 1 0 0 1 0 0 1 0 9.16994e-7 0 -1 1.83399e-6 0 1 0 1 0 -1 0 -5.1718e-7 0 1 0 0 1 0 0 1 -2.98015e-6 0.7071057 0 -0.7071078 0.7070931 0 0.7071205 0.7070874 0 0.7071262 -0.7071232 0 -0.7070904 0 1 0 0.7071232 0 -0.7070904 -0.7070874 0 0.7071262 0.7070934 0 0.7071202 -0.7070949 0 -0.7071188 0 1 0 0.7070994 0 -0.7071143 -0.7071128 0 0.7071009 -7.19405e-6 1 1.01743e-5 -1.01746e-5 1 -1.01751e-5 -1.99119e-5 1 3.45539e-6 4.79663e-6 0 1 -0.7070936 0 0.70712 -1 0 -7.19483e-6 -0.7071092 0 -0.7071045 1.91866e-5 0 -1 0.707102 0 -0.7071116 0 1 0 0 1 0 0 1 0 0 1 0 0 1 0 1 0 1.19917e-5 0.7071068 0 0.7071068 4.31694e-5 0 1 -0.7071116 0 0.707102 -1 0 -9.59329e-6 -0.7071188 0 -0.7070949 9.59325e-6 0 -1 0.7070971 0 -0.7071164 0 1 0 0 1 0 0 1 0 0 1 0 0 1 0 1 0 1.19914e-5 0.7070984 0 0.7071152 0 1 0 0 1 0 1 0 5.1718e-7 0 1 0 0 1 0 0 1 0 0 1 0 0 1 0 0 1 0 0 1 0 0 1 0 0 1 0 0 2.07056e-6 1 -1 1.37544e-6 -1.19211e-5 4.71288e-6 2.07059e-6 1 0 0 1 1 0 0 0 0 1 0 -6.78343e-6 1 5.96048e-6 7.60649e-6 1 5.96048e-6 -9.59327e-6 1 0 0 1 6.78339e-6 0 1 -0.7071068 0.7071068 0 -0.7071044 -0.7071092 0 -4.7966e-6 1 0 0.7071031 0.7071104 0 0.7070949 0.7071188 4.21462e-6 0.7071008 -0.7071127 4.21455e-6 -0.7071127 -0.7071008 -4.21462e-6 -1.03525e-6 1.49013e-5 1 0.7071127 -0.7071008 0 5.96047e-6 0 1 0 0 1 -4.79661e-6 0 1 0 -1 0 -1 0 0 8.42954e-6 8.42936e-6 1 2.03517e-5 0 1 0 0 1 -1.43898e-5 1 0 1.78815e-5 0 1 1 0 -5.96033e-6 1.91864e-5 -3.27535e-5 1 5.61956e-6 0 1 -3.97348e-6 9.59309e-6 1 1.91864e-5 0 1 -1.35666e-5 0 1 -6.78343e-6 0 1 0 0 1 5.14448e-7 -3.07898e-5 1 9.16994e-7 1 0 -6.21163e-6 1.2995e-5 1 -0.707102 0.7071116 -1.68586e-5 7.01231e-7 -2.52438e-5 1 0.7071047 0.7071089 1.68587e-5 -2.98024e-6 -3.09369e-5 1 0 0 1 -2.98024e-6 0 1 -7.1504e-6 -6.41634e-6 1 -1 0 -2.38419e-5 0.7071031 -0.7071104 -4.21457e-6 -0.7071083 0.7071053 0 8.42922e-6 0 1 -4.07017e-5 1.83397e-6 1 -0.7070934 -0.7071202 4.21436e-6 -0.7070978 0.7071157 -8.42907e-6 0.7071152 0.7070984 4.21449e-6 0.7071157 -0.7070978 8.42928e-6 -4.07017e-5 2.38444e-5 1 0 -1 0 0 0 1 1 -1.91864e-5 5.96033e-6 -0.7071163 0.7070973 4.21505e-6 0.7071038 0.7071098 8.42914e-6 -0.7071067 -0.7071067 8.42928e-6 9.5933e-6 -2.98022e-6 1 0 1 0 1.99118e-5 1 3.45538e-6 2.98026e-6 1 0 0 1 0 0 1 0 0 1 0 0 1 0 0 1 0 0 1 0 0 1 0 0 1 0 0 1 0 0 1 0 0 1 0 0 1 0 0 1 0 0 1 0 0 1 0 0 1 0 0 1 0 0 1 0 0 1 0 1 0 -7.60986e-7 1 0 -2.58116e-6 -2.98027e-6 1 0 0 1 0 0 1 0 0 1 0 0 1 0 0 1 0 -1 5.96051e-6 0 -1 0 0 -1 0 0 0 1 0 -2.98026e-6 1 0 1 0 1.37549e-6 0 1 0 0 1 0 0 1 0 0 1 0 0 1 0 0 1 0 2.98026e-6 1 0 0 1 0 0 1 0 0 1 0 0 1 0 -0.7071009 0 -0.7071128 0 -1 0 0.7071023 0 -0.7071112 -0.7071053 0 0.7071083 0.7070859 0 0.7071276 -0.7071142 0 -0.7070993 0 -1 0 0.7071128 0 -0.7071009 -0.7070755 0 0.7071381 -0.7071068 0 0.7071068 -0.7071068 0 -0.7071068 0 1 0 -7.01232e-7 1.1009e-6 1 0 2.68221e-5 1 -7.01232e-7 1.53594e-5 1 0 0 1 -7.01231e-7 1.34804e-6 1 0.7071098 0 0.7071039 7.19365e-6 -1 1.01739e-5 1.01724e-5 -1 -1.01733e-5 0 -1 -1.01742e-5 0 -1 0 0 -1 1.01742e-5 9.59331e-6 0 1 0.707096 0 0.7071176 1 0 2.39829e-6 0.7071092 0 -0.7071045 -3.35764e-5 0 -1 -0.70709 0 -0.7071236 0 -1 0 0 -1 0 0 -1 0 0 -1 0 0 -1 0 -1 0 2.15845e-5 -0.7071068 0 0.7071068 -9.59322e-6 0 1 0.7071141 0 0.7070996 1 0 0 0.7071213 0 -0.7070924 -9.59325e-6 0 -1 -0.7071008 0 -0.7071128 0 -1 0 0 -1 0 0 -1 0 0 -1 0 0 -1 0 -1 0 -4.79665e-6 -0.7071141 0 0.7070996 0 -1 0 0 -1 0 0 -1 0 0 -1 0 0 -1 2.68237e-5 0 -1 0 0 -1 0 0 -1 0 0 -1 0 0 -1 0 0 -1 0 9.16994e-7 0 -1 1.83399e-6 0 1 0 -1 0 -1 0 -5.1718e-7 0 -1 0 0 -1 0 0 -1 -2.9802e-6 0.7071057 0 -0.7071078 0.7070931 0 0.7071205 0.7070874 0 0.7071262 -0.7071232 0 -0.7070904 0 -1 0 0.7071232 0 -0.7070904 -0.7070874 0 0.7071262 0.7070934 0 0.7071202 -0.7070949 0 -0.7071188 0 -1 0 0.7070994 0 -0.7071143 -0.7071128 0 0.7071009 0 -1 0 -1.01746e-5 -1 -1.01751e-5 0 -1 0 4.79663e-6 0 1 -0.7070936 0 0.70712 -1 0 -7.19483e-6 -0.7071092 0 -0.7071045 1.91866e-5 0 -1 0.707102 0 -0.7071116 0 -1 0 0 -1 0 0 -1 0 0 -1 0 0 -1 0 1 0 1.19917e-5 0.7071068 0 0.7071068 4.31694e-5 0 1 -0.7071116 0 0.707102 -1 0 -9.59329e-6 -0.7071188 0 -0.7070949 9.59325e-6 0 -1 0.7070971 0 -0.7071164 0 -1 0 0 -1 0 0 -1 0 0 -1 0 0 -1 0 1 0 1.19914e-5 0.7070984 0 0.7071152 0 -1 0 0 -1 0 1 0 5.1718e-7 0 -1 0 0 -1 0 0 -1 0 0 -1 0 0 -1 0 0 -1 0 0 -1 2.05534e-7 0 -1 0 0 -1 0 -3.97364e-6 0 1 -1 -1.37543e-6 -1.19211e-5 0 0 1 0 0 1 1 0 0 0 0 1 0 0 1 6.78339e-6 0 1 6.78339e-6 0 1 0 0 1 -3.97353e-6 9.59308e-6 1 -0.7071055 -0.707108 -4.21453e-6 -0.7071044 0.7071092 0 -4.79661e-6 -1 0 0.707102 -0.7071116 4.21456e-6 0.7070949 -0.7071187 4.21452e-6 0.7071008 0.7071127 4.21455e-6 -0.7071142 0.7070993 0 -6.21167e-6 0 1 0.7071127 0.7071008 0 2.03508e-5 -2.03515e-5 1 0 0 1 -4.79661e-6 0 1 0 1 0 -1 0 0 -8.42922e-6 -8.42936e-6 1 2.03517e-5 0 1 0 0 1 -1.43898e-5 -1 0 4.20736e-6 2.10368e-6 1 1 0 -5.96033e-6 -3.9736e-6 9.59323e-6 1 1.91864e-5 -1.3567e-5 1 -1.35666e-5 0 1 -3.97357e-6 9.59315e-6 1 1.91863e-5 -1.35667e-5 1 -6.78343e-6 0 1 5.14468e-7 -8.94397e-6 1 5.14448e-7 3.07898e-5 1 9.16994e-7 -1 0 -2.98024e-6 -3.09361e-5 1 -0.707102 -0.7071116 -1.68586e-5 -9.17038e-7 4.95174e-5 1 0.7071089 -0.7071047 0 -2.98024e-6 3.09369e-5 1 0 0 1 -2.98024e-6 0 1 -5.86606e-6 2.56337e-6 1 -1 0 -2.38419e-5 0.7071031 0.7071104 -4.21457e-6 -0.7071083 -0.7071053 0 1.6859e-5 0 1 2.035e-5 -4.58494e-6 1 -0.7070978 0.7071157 -8.42907e-6 -0.7070978 -0.7071157 -8.42907e-6 0.7071127 -0.7071008 -4.21462e-6 0.7071157 0.7070978 8.42928e-6 -2.384e-5 0 1 0 1 0 0 0 1 1 1.43898e-5 1.78812e-5 -0.7071173 -0.7070962 0 0.7071053 -0.7071083 4.21469e-6 -0.7071067 0.7071067 8.42928e-6 9.59341e-6 -1.49011e-5 1 0 -1 0 1.99118e-5 -1 3.45538e-6 2.98025e-6 -1 0 2.98009e-6 -1 -2.58101e-6 0 -1 0 0 -1 0 0 -1 0 0 -1 0 0 -1 0 0 -1 0 0 -1 0 0 -1 0 0 -1 0 0 -1 0 0 -1 0 0 -1 0 0 -1 0 0 -1 0 0 -1 0 0 -1 0 0 -1 0 0 -1 0 1 0 -7.60986e-7 1 0 -2.58116e-6 -2.98027e-6 -1 0 0 -1 0 0 -1 0 0 -1 0 0 -1 0 0 -1 0 -1 -5.96051e-6 0 -1 0 0 -1 0 0 0 -1 0 -2.98026e-6 -1 0 1 0 1.37549e-6 0 -1 0 0 -1 0 0 -1 0 0 -1 0 0 -1 0 0 -1 0 2.98026e-6 -1 0 0 -1 0 0 -1 0 0 -1 0 0 -1 0 0 -1 0 -7.01232e-7 -1.1009e-6 1 -7.01232e-7 -2.08616e-5 1 -7.01232e-7 -1.53594e-5 1 -7.01232e-7 2.38419e-6 1 -7.01231e-7 -1.34804e-6 1 0 1 0 0 1 0 -0.8660256 0 -0.4999998 -5.96042e-7 1 3.45539e-6 -5.96049e-7 1 -2.58099e-6 0 1 0 -0.5000004 1.3304e-5 0.8660252 0 -1 0 0 -1 0 -0.4999998 -8.97369e-6 0.8660256 0 -1 0 0 -1 0 8.60321e-7 -1 4.96701e-7 0 1 0 -9.83216e-7 1 0 -0.8660243 0 -0.5000019 -0.866025 2.48353e-7 -0.5000007 -0.8660254 0 -0.5 0 1 0 -0.8660255 0 -0.5 0 1 0 -0.8660243 0 -0.500002 -2.38419e-6 -1 0 -0.8660257 0 -0.4999995 -0.8660254 0 -0.5 -0.5000004 0 0.8660252 -0.6123757 -0.7071031 -0.3535549 -0.8660255 0 -0.5 0 -1 0 0 -1 2.05534e-7 -0.866029 0 -0.4999938 -0.6123762 0.7071053 -0.3535497 -5.96042e-7 -1 3.45539e-6 0 -1 0 0 -1 0 -0.8660255 0 -0.5 -0.8660243 0 -0.500002 -0.4999998 -4.3016e-7 0.8660256 -0.8660244 0 -0.5000016 -0.8660302 0 -0.4999918 0 1 0 -0.8660253 0 -0.5000002 -0.6123741 0.7071049 -0.3535544 -0.6123735 0.7071049 -0.3535553 -0.8660255 0 -0.5000001 -0.8660246 0 -0.5000014 -0.6123751 -0.7071036 -0.3535553 -0.6123753 -0.7071037 -0.3535546 -0.8660252 0 -0.5000004 -0.8660257 0 -0.4999995 -0.8660252 0 -0.5000004 -0.6123729 -0.7071061 -0.3535539 -0.6123734 0.7071053 -0.3535546 -0.866025 0 -0.5000007 -0.6123749 -0.7071041 -0.3535546 -0.8660255 0 -0.4999998 -0.8660255 0 -0.4999999 -0.8660257 0 -0.4999995 -0.8660252 0 -0.5000004 -0.8660243 0 -0.5000019 -0.8660255 0 -0.5 -0.5000005 0 0.8660252 -0.8660257 0 -0.4999995 -1 -1.19209e-6 0 0.8660244 0 0.5000017 0.8660244 0 0.5000018 0.8660244 0 0.5000017 0.8660244 0 0.5000017 0.8660264 0 0.4999984 -0.8660243 0 -0.5000019 -0.8660243 0 -0.500002 -0.8660254 0 -0.5 0 -1 0 -0.8660255 0 -0.5 0 -1 0 -0.8660243 0 -0.500002 -0.8660257 0 -0.4999995 -0.8660254 0 -0.5 -0.5000004 0 0.8660252 -0.6123757 0.7071031 -0.3535549 2.38419e-6 -1 0 -0.8660255 0 -0.5 -0.8660243 0 -0.5000019 0 -1 0 -0.4999997 0 0.8660256 0 1 0 -0.8660244 0 -0.5000016 -0.8660302 0 -0.4999918 -0.5 0 0.8660255 0 -1 0 -0.6123741 -0.7071049 -0.3535544 -0.6123771 -0.7071053 -0.3535483 -0.8660255 0 -0.5000001 -0.8660246 0 -0.5000014 -0.6123751 0.7071036 -0.3535553 -0.6123753 0.7071037 -0.3535546 -0.8660252 0 -0.5000004 -0.8660257 0 -0.4999995 -0.8660252 3.32601e-6 -0.5000004 0 -1 0 7.37412e-7 -1 4.25746e-7 -0.6123741 -0.7071051 -0.3535539 -0.8660262 0 -0.4999987 -0.6123757 0.707103 -0.3535552 -0.8660255 0 -0.4999998 -0.8660255 0 -0.4999999 -0.8660257 0 -0.4999995 -0.8660252 0 -0.5000004 -0.8660243 0 -0.5000019 -0.8660255 0 -0.5 -0.5000005 0 0.8660252 -0.8660257 0 -0.4999995 -1 0 -5.96049e-7 0.8660244 0 0.5000017 0.8660244 0 0.5000018 0 -1 0 0.8660244 0 0.5000017 0.8660244 0 0.5000017 0.8660264 0 0.4999984 -0.4999927 -9.62088e-6 0.8660296 -0.4999957 7.82028e-6 0.866028 -0.4999928 0 0.8660295 -0.499988 0 0.8660323 -0.5000075 0 0.8660211 -0.5000075 0 0.866021 -0.5000075 0 0.866021 -0.5000075 0 0.8660211 0 1 0 -0.4999927 9.62088e-6 0.8660296 -0.4999957 -7.82028e-6 0.866028 -0.4999928 0 0.8660295 -0.499988 0 0.8660323 -0.499988 0 0.8660324 -0.5000075 0 0.8660211 -0.5000075 0 0.866021 -0.5000075 0 0.8660211 -0.5000075 0 0.866021 -0.8660255 0 -0.4999999 -0.5000075 0 0.8660211 0 1 0 -0.499988 0 0.8660324 0 -1 0 5.96049e-7 -1 -2.58102e-6 5.96042e-7 -1 3.45539e-6 0 -1 2.05533e-7 0 -1 0 -0.5000075 0 0.866021 0 1 0 0 1 0 5.96042e-7 1 3.45539e-6 0 1 0 0 1 0 8.60321e-7 1 4.96701e-7 -0.5000001 -1.03238e-5 0.8660254 -0.6123753 -0.7071036 -0.3535549 -0.5 1.03238e-5 0.8660254 0 1 0 0 -1 0 -0.8660255 0 -0.4999999 0 1 0 -1 0 0 -1 1.27995e-6 0 -1 5.50448e-7 -5.96048e-7 -1 -6.7402e-7 0 7.37412e-7 1 4.25743e-7 -0.5 0 0.8660254 0 1 0 0 -1 0 -0.6123753 0.7071036 -0.3535549 9.83221e-7 1 2.18733e-7 -0.8660256 0 -0.4999998 -0.8660255 0 -0.5 -7.15256e-6 -2.80494e-6 1 2.38418e-6 2.08616e-5 1 -7.15256e-6 1.53594e-5 1 0 1.1009e-6 1 -2.38418e-6 0 1 0 -2.38419e-6 1 -7.15256e-6 -1.40245e-6 1 2.38418e-6 -2.08616e-5 1 -7.15256e-6 -1.53594e-5 1 0 -1.1009e-6 1 0 -1.34804e-6 1 0 2.38419e-6 1 2.38419e-6 0 1 2.38419e-6 0 1 2.38419e-6 0 1 4.76838e-6 0 1 0 -2.68221e-5 1 -1.19208e-6 2.10367e-6 1 2.38419e-6 0 1 2.38419e-6 0 1 0 1.1009e-6 1 2.38419e-6 5.11981e-6 1 0 2.68221e-5 1 4.76838e-6 -2.1037e-6 1 -0.4999998 0 0.8660255 -2.38419e-6 1 0 2.38419e-6 1 0 2.06477e-6 0 1 2.06477e-6 0 1 2.06477e-6 0 1 -2.06477e-6 -5.1198e-6 1 2.06477e-6 -8.94064e-6 1 -2.06477e-6 0 1 0 -1 0 0 -1 0 0 -1 1.53573e-6 -1.03239e-6 -1 2.05534e-7 0 -1 0 2.06477e-6 0 1 2.06477e-6 0 1 2.06477e-6 0 1 -2.06477e-6 5.1198e-6 1 2.06477e-6 8.94064e-6 1 -2.06477e-6 0 1 0 1 0 0 1 0 0 1 1.53573e-6 0 1 0 0 1 0 -1 6.7402e-7 -1.1921e-6 -1 -5.50448e-7 0 -1 0 -5.96049e-7 -1 1.4901e-6 -5.96048e-7 -1 -3.50616e-7 0 -1 1.19209e-6 -1.1921e-6 -0.5 0 0.8660254 0.8660255 0 0.4999999 0 -1 0 0 -1 0 -0.7777131 0 0.6286193 0 1 2.82384e-7 0.8660236 0 0.5000032 0 1 0 0 1 0 -0.5000005 0 0.8660252 0 1 0 0.8660255 0 0.4999999 -0.5000001 0 0.8660254 0 -1 0 4.20195e-7 -1 2.42597e-7 0 1 0 -0.5000004 -1.3304e-5 0.8660252 0 1 0 0 1 0 4.20195e-7 1 2.42597e-7 0 -1 0 -0.5000001 0 0.8660254 -0.612373 0.7071062 -0.3535535 -0.5000004 1.3304e-5 0.8660251 -0.5000005 0 0.8660252 0 1 0 0.8660236 0 0.5000032 0 -1 0 0.8660236 0 0.5000032 -0.5000005 0 0.8660252 0.8660255 0 0.4999999 -0.7777138 0 0.6286185 0 -1 0 -0.7777137 3.47665e-7 0.6286186 0.8660236 0 0.5000032 0 -1 0 -0.5000004 0 0.8660253 0 -1 0 -0.7777137 0 0.6286186 0 0 1 0 0 1 -0.5000005 0 0.8660252 0 -1.35029e-6 1 -0.5000005 3.38027e-7 0.8660252 0 0 1 -0.5000003 0 0.8660252 0 0 1 -0.5000004 0 0.8660252 -0.5000005 0 0.8660252 0 1.40246e-6 1 0 0 1 -0.7777138 0 0.6286185 -0.7777138 0 0.6286184 0 0 1 -0.7777139 0 0.6286184 0 0 1 0 0 1 -0.5000005 0 0.8660252 -0.7777138 0 0.6286185 0.8660255 0 0.4999999 -0.7777138 -4.92254e-7 0.6286185 0.8660235 0 0.5000032 -0.7777139 -4.63554e-7 0.6286185 0.8660255 0 0.4999999 0.8660256 0 -0.4999998 0.5000004 1.3242e-5 0.8660252 0 -1 0 0 -1 0 0.4999998 -8.97369e-6 0.8660256 0 -1 0 0 -1 0 -8.60321e-7 -1 4.96701e-7 0 1 0 0 1 0 0.8660243 0 -0.5000019 0.8660243 0 -0.500002 0.8660254 0 -0.5 0 1 0 0.8660255 0 -0.5 0 1 0 0.8660243 0 -0.500002 0.8660257 0 -0.4999995 0.8660254 0 -0.5 0.5000004 0 0.8660252 0.6123757 -0.7071031 -0.3535549 0.8660255 0 -0.5 0.866029 0 -0.4999938 0.6123747 0.707105 -0.3535532 0.8660255 0 -0.5 0.8660243 0 -0.5000019 0.4999997 0 0.8660256 0.8660244 0 -0.5000016 0.8660302 0 -0.4999918 0 1 0 0.8660253 0 -0.5000002 0.6123741 0.7071049 -0.3535544 0.6123771 0.7071053 -0.3535483 0.8660255 0 -0.5000001 0.8660246 0 -0.5000014 0.6123751 -0.7071036 -0.3535553 0.6123753 -0.7071037 -0.3535546 0.8660252 0 -0.5000004 0.8660257 0 -0.4999995 0.8660252 0 -0.5000004 0.6123729 -0.7071061 -0.3535539 0.6123734 0.7071053 -0.3535546 0.866025 0 -0.5000007 0.6123749 -0.7071041 -0.3535546 0.8660255 0 -0.4999998 0.8660255 0 -0.4999999 0.8660257 0 -0.4999995 0.8660252 0 -0.5000004 0.8660243 0 -0.5000019 0.8660255 0 -0.5 0.5000005 0 0.8660252 0.8660257 0 -0.4999995 1 -1.19209e-6 0 -0.8660244 0 0.5000017 -0.8660244 0 0.5000018 -0.8660244 0 0.5000017 -0.8660244 0 0.5000017 -0.8660264 0 0.4999984 0.8660243 0 -0.5000019 0.866025 -2.48353e-7 -0.5000007 0.8660254 0 -0.5 0 -1 0 0.8660255 0 -0.5 0 -1 0 0.8660243 0 -0.500002 0.8660257 0 -0.4999995 0.8660254 0 -0.5 0.5000004 0 0.8660252 0.6123757 0.7071031 -0.3535549 0.8660255 0 -0.5 0.8660243 0 -0.500002 0 -1 0 0.4999998 4.3016e-7 0.8660256 0 1 0 0.8660244 0 -0.5000016 0.8660302 0 -0.4999918 0.4999998 1.99637e-7 0.8660255 0 -1 0 0.6123741 -0.7071049 -0.3535544 0.6123735 -0.7071049 -0.3535553 0.8660255 0 -0.5000001 0.8660246 0 -0.5000014 0.6123751 0.7071036 -0.3535553 0.6123753 0.7071037 -0.3535546 0.8660252 0 -0.5000004 0.8660257 0 -0.4999995 0.8660252 3.32601e-6 -0.5000004 0 -1 2.18733e-7 -7.37412e-7 -1 4.25746e-7 0.6123743 -0.7071053 -0.3535532 0.8660262 0 -0.4999987 0.6123757 0.707103 -0.3535552 0.8660255 0 -0.4999998 0.8660255 0 -0.4999999 0.8660257 0 -0.4999995 0.8660252 0 -0.5000004 0.8660243 0 -0.5000019 0.8660255 0 -0.5 0.5000005 0 0.8660252 0.8660257 0 -0.4999995 1 3.50613e-7 0 -0.8660244 0 0.5000017 -0.8660244 0 0.5000018 0 -1 0 -0.8660244 0 0.5000017 -0.8660244 0 0.5000017 -0.8660264 0 0.4999984 0.4999927 -9.62088e-6 0.8660296 0.4999957 7.82028e-6 0.866028 0.4999928 0 0.8660295 0.499988 0 0.8660323 0.5000075 0 0.8660211 0.5000075 0 0.8660211 0.5000075 0 0.866021 0.5000075 0 0.8660211 0 1 0 0.4999927 9.62088e-6 0.8660296 0.4999957 -7.82028e-6 0.866028 0.4999928 0 0.8660295 0.499988 0 0.8660323 0.499988 0 0.8660324 0.5000075 0 0.8660211 0.5000075 0 0.866021 0.5000075 0 0.866021 0.5000075 0 0.866021 0.8660255 0 -0.4999999 0.5000075 0 0.8660211 0 1 0 0.499988 0 0.8660324 0.5000075 0 0.866021 -8.60321e-7 1 4.96701e-7 0.5000001 -1.03238e-5 0.8660254 0.6123753 -0.7071036 -0.3535549 0.5 1.03238e-5 0.8660254 0 1 0 0 -1 0 0.8660255 0 -0.4999999 0 1 0 1 -1.4901e-6 -5.96048e-7 1 0 -5.96049e-7 1 5.50448e-7 -5.96048e-7 1 -6.7402e-7 0 -7.37412e-7 1 4.25743e-7 0.5 0 0.8660254 0 1 0 0 -1 0 0.6123753 0.7071036 -0.3535549 0 1 0 0.8660256 0 -0.4999998 0.8660255 0 -0.5 0.4999998 0 0.8660255 -2.06477e-6 0 1 -2.06477e-6 0 1 -2.06477e-6 0 1 2.06477e-6 -5.1198e-6 1 -2.06477e-6 -8.94064e-6 1 2.06477e-6 0 1 0 -1 0 0 -1 0 0 -1 1.53573e-6 0 -1 2.05533e-7 0 -1 0 -2.06477e-6 0 1 -2.06477e-6 0 1 -2.06477e-6 0 1 2.06477e-6 5.1198e-6 1 -2.06477e-6 8.94064e-6 1 2.06477e-6 0 1 0 1 0 0 1 0 0 1 1.53573e-6 0 1 0 0 1 0 1 6.7402e-7 -1.1921e-6 1 -5.50448e-7 0 1 0 -5.96049e-7 1 1.4901e-6 -5.96048e-7 1 -3.50616e-7 0 1 1.19209e-6 -1.1921e-6 0.5 0 0.8660254 -0.8660255 0 0.4999999 0 -1 0 0 -1 0 0.7777131 0 0.6286193 0 1 0 -0.8660236 0 0.5000032 0 1 0 0 1 0 0.5000005 0 0.8660252 0 1 0 -0.8660255 0 0.4999999 0.5000001 0 0.8660254 0 -1 0 -4.20195e-7 -1 2.42597e-7 0 1 0 0.5000004 -1.3242e-5 0.8660252 0 1 0 0 1 0 -4.20195e-7 1 2.42597e-7 5.60258e-7 -1 0 0.5000001 0 0.8660254 0.6123729 0.7071061 -0.3535539 0.5000004 1.3304e-5 0.8660251 0.5000005 0 0.8660252 0 1 0 -0.8660236 0 0.5000032 0 -1 0 -0.8660236 0 0.5000032 0.5000005 0 0.8660252 -0.8660255 0 0.4999999 0.7777138 0 0.6286185 0 -1 0 0.7777138 0 0.6286185 -0.8660236 0 0.5000032 0 -1 0 0.5000004 0 0.8660253 0 -1 0 0.7777137 0 0.6286186 0 0 1 0 0 1 0.5000005 0 0.8660252 0 -1.35029e-6 1 0.5000005 3.38027e-7 0.8660252 0 0 1 0.5000005 -3.25454e-7 0.8660252 0 0 1 0.5000004 0 0.8660252 0.5000005 0 0.8660252 0 1.40246e-6 1 0 0 1 0.7777138 0 0.6286185 0.7777138 0 0.6286184 0 0 1 0.7777139 0 0.6286184 0 0 1 0 0 1 0.5000005 0 0.8660252 0.7777138 0 0.6286185 -0.8660255 0 0.4999999 0.7777131 3.63195e-7 0.6286193 -0.8660255 -2.13688e-6 0.4999999 0.7777139 -4.63554e-7 0.6286185 -0.8660255 0 0.4999999 0 0 -1 0 0 -1 0 0 -1 0 0 -1 0 0 -1 0 0 -1 0 0 -1 0 1 0 0 0 -1 0 0 -1 0 0 -1 0 0 -1 0 1 0 0 0 -1 0 0 -1 0 0 -1 0 0 -1 0 0 -1 0 0 -1 0 0 -1 0 0 -1 0 0 -1 -3.40598e-7 3.40598e-7 -1 -3.40598e-7 5.10897e-7 -1 -4.68322e-7 5.10897e-7 -1 -5.96046e-7 3.40598e-7 -1 -6.62274e-7 2.6491e-7 -1 -7.94728e-7 3.97364e-7 -1 -8.9407e-7 3.97364e-7 -1 0 2.6491e-7 -1 0 2.6491e-7 -1 0 2.6491e-7 -1 0 2.6491e-7 -1 0 2.6491e-7 -1 0 2.6491e-7 -1 0 2.6491e-7 -1 1 0 1.49012e-6 1 0 7.45059e-7 1 0 0 1 0 0 1 0 0 1 0 -7.45057e-7 1 0 -1.49011e-6 -1 0 0 -1 0 0 -1 0 0 -1 0 0 -1 0 0 -1 0 0 -1 3.40598e-7 0 -2.6491e-7 2.6491e-7 -1 -1.98682e-7 2.64909e-7 -1 -1.32455e-7 2.64909e-7 -1 0 2.6491e-7 -1 0 2.6491e-7 -1 1.32455e-7 2.6491e-7 -1 1.98682e-7 2.6491e-7 -1 0 0 -1 0 0 -1 0 0 -1 0 0 -1 0 0 -1 0 0 -1 0 0 -1 0 0 -1 2.12873e-7 -3.40598e-7 -1 3.15051e-7 -3.40598e-7 -1 5.96046e-7 0 -1 5.96046e-7 0 -1 5.96046e-7 0 -1 5.96046e-7 0 -1 1.91586e-7 5.29819e-7 -1 0 3.97364e-7 -1 0 2.6491e-7 -1 1.91586e-7 3.97364e-7 -1 0 5.29819e-7 -1 1.91586e-7 3.97364e-7 -1 1.91586e-7 2.6491e-7 -1 0 2.6491e-7 -1 0 2.6491e-7 -1 0 3.97364e-7 -1 0 5.29819e-7 -1 1.91586e-7 3.97364e-7 -1 1.91586e-7 2.6491e-7 -1 0 2.6491e-7 -1 0 2.6491e-7 -1 0 2.6491e-7 -1 0 2.6491e-7 -1 1.91586e-7 2.6491e-7 -1 1.91586e-7 2.6491e-7 -1 0 2.6491e-7 -1 0 2.6491e-7 -1 0 2.6491e-7 -1 0 2.6491e-7 -1 0 2.6491e-7 -1 0 2.6491e-7 -1 1.91586e-7 2.6491e-7 -1 1.91586e-7 2.6491e-7 -1 0 2.6491e-7 -1 0 2.6491e-7 -1 0 2.6491e-7 -1 0 2.6491e-7 -1 0 2.6491e-7 -1 0 5.29819e-7 -1 0 3.97364e-7 -1 0 2.6491e-7 -1 0 2.6491e-7 -1 0 2.6491e-7 -1 0 2.64909e-7 -1 0 2.6491e-7 -1 0 2.6491e-7 -1 1.91586e-7 2.6491e-7 -1 0 2.6491e-7 -1 0 2.6491e-7 -1 0 2.6491e-7 -1 0 2.6491e-7 -1 0 2.6491e-7 -1 0 2.6491e-7 -1 0 2.6491e-7 -1 0 2.6491e-7 -1 0 2.6491e-7 -1 0 2.6491e-7 -1 0 2.6491e-7 -1 0 2.6491e-7 -1 0 2.6491e-7 -1 0 2.6491e-7 -1 0 2.6491e-7 -1 0 2.6491e-7 -1 1.91586e-7 2.6491e-7 -1 1.91586e-7 2.6491e-7 -1 0 2.6491e-7 -1 0 2.6491e-7 -1 1.91586e-7 2.6491e-7 -1 1.91586e-7 2.6491e-7 -1 0 2.6491e-7 -1 0 -1 0 0 -1 0 0 -1 0 0 -1 0 0 -1 0 0 -1 0 0 -1 0 0 -1 0 0 1 0 0 1 0 0 1 0 0 1 0 0 1 0 0 1 0 0 1 0 0 1 0 0 5.96047e-7 -1 0 5.96047e-7 -1 0 5.96047e-7 -1 0 5.96047e-7 -1 0 5.96047e-7 -1 0 5.96047e-7 -1 0 5.96047e-7 -1 0 2.98023e-7 -1 0 0 -1 3.83173e-7 -2.1271e-7 -1 3.83173e-7 0 -1 0 5.96047e-7 -1 0 5.96047e-7 -1 0 5.96047e-7 -1 0 5.96047e-7 -1 0 5.96047e-7 -1 0 0 -1 0 0 -1 0 0 -1 0 0 -1 0 0 -1 0 0 -1 0 0 -1 0 0 -1 0 0 -1 0 0 -1 0 0 -1 0 0 -1 5.16193e-7 0 -1 0 0 -1 -3.68742e-7 0 -1 4.9161e-7 0 -1 0 0 -1 0 0 -1 0 0 -1 0 0 -1 0 0 -1 0 0 -1 0 0 -1 0 0 -1 0 0 -1 0 0 -1 0 0 -1 0 0 -1 0 0 -1 0 0 -1 0 0 -1 0 0 -1 0 0 -1 0 0 -1 0 0 -1 0 0 -1 0 0 -1 0 0 -1 0.6123735 -0.707105 -0.3535552 -0.6123739 -0.7071051 -0.3535544</float_array>
          <technique_common>
            <accessor source="#Cube-mesh-normals-array" count="2500" stride="3">
              <param name="X" type="float"/>
              <param name="Y" type="float"/>
              <param name="Z" type="float"/>
            </accessor>
          </technique_common>
        </source>
        <source id="Cube-mesh-map-0">
          <float_array id="Cube-mesh-map-0-array" count="15000">0.5108025 0.1388888 0.5088384 0.1363636 0.5138888 0.1388888 0.5088384 0.1363636 0.5113636 0.1338384 0.5113636 0.1338384 0.5138888 0.1145833 0.5113636 0.1161616 0.5138888 0.1116666 0.4891975 0.1111111 0.4911615 0.1136363 0.4861111 0.1111111 0.4861111 0.1354166 0.4886364 0.1338384 0.4861111 0.1388888 0.375 0.5 0.625 0.25 0.375 0.25 0.375 0.5 0.625 0.75 0.625 0.5 0.375 0.75 0.625 1 0.625 0.75 0.125 0.5 0.375 0.75 0.375 0.5 0.625 0.75 0.875 0.5 0.625 0.5 0.5113636 0.1338384 0.375 1 0.5088384 0.1363636 0.625 0.25 0 0 0.375 0.25 0.5088384 0.1363636 0.125 0.5 0 0 0.625 0.25 0.5113636 0.1338384 0 0 0.375 0.5 0.625 0.25 0.375 0.25 0.375 0.5 0.625 0.75 0.625 0.5 0.375 1 0.625 0.75 0.375 0.75 0.125 0.75 0.375 0.5 0.125 0.5 0.625 0.75 0.875 0.5 0.625 0.5 0.5113636 0.1338384 0.375 1 0.5088384 0.1363636 0.625 0.25 0 0 0.375 0.25 0.5088384 0.1363636 0.125 0.5 0 0 0.625 0.25 0.5113636 0.1338384 0 0 0.375 0.5 0.625 0.25 0.375 0.25 0.375 0.5 0.625 0.75 0.625 0.5 0.375 1 0.625 0.75 0.375 0.75 0.125 0.75 0.375 0.5 0.125 0.5 0.625 0.75 0.875 0.5 0.625 0.5 0.5113636 0.1338384 0.375 1 0.5088384 0.1363636 0.625 0.25 0 0 0.375 0.25 0.5088384 0.1363636 0.125 0.5 0 0 0.625 0.25 0.5113636 0.1338384 0 0 0.375 0.25 0.625 0.5 0.625 0.25 0.375 0.5 0.625 0.75 0.625 0.5 0.375 1 0.625 0.75 0.375 0.75 0.125 0.5 0.375 0.75 0.375 0.5 0.625 0.75 0.875 0.5 0.625 0.5 0.5113636 0.1338384 0.375 1 0.5088384 0.1363636 0.625 0.25 0 0 0.375 0.25 0.5088384 0.1363636 0.125 0.5 0 0 0.625 0.25 0.5113636 0.1338384 0 0 0.511048 0.134154 0.5088384 0.1363636 0.509154 0.1360479 0.5088384 0.1363636 0.5113636 0.1338384 0.5113636 0.1338384 0.5088384 0.1363636 0.5113636 0.1338384 0.5113636 0.1338384 0.5113636 0.1316288 0.5113636 0.1338384 0.5112058 0.1328914 0.4886363 0.1161616 0.4886363 0.1183712 0.4886364 0.1183712 0.4911617 0.1363636 0.4931257 0.1363636 0.4931257 0.1363636 0.5088384 0.1136363 0.5068743 0.1136363 0.5068743 0.1136363 0.5113636 0.1338384 0.5088384 0.1363636 0.5113636 0.1338384 0.4936868 0.1161616 0.4931257 0.1136363 0.4953703 0.1161966 0.5113636 0.1338384 0.5089962 0.1347853 0.5112058 0.1328914 0.375 0.25 0.3916667 0 0.375 0 0.6083334 0 0.625 0.25 0.625 0 0.375 0.25 0.625 0 0.375 0 0.375 0.75 0.625 0.5 0.375 0.5 0.375 0.75 0.625 1 0.625 0.75 0.125 0.75 0.375 0.5 0.125 0.5 0.625 0.75 0.875 0.5 0.625 0.5 0.375 0.25 0.625 0 0.375 0 0.375 0.75 0.625 0.5 0.375 0.5 0.375 0.75 0.625 1 0.625 0.75 0.125 0.75 0.375 0.5 0.125 0.5 0.625 0.75 0.875 0.5 0.625 0.5 0.3916667 0 0.375 0.5 0.375 0 0.625 0 0.375 0.25 0.6083334 0 0.625 0 0.625 0.25 0.625 0 0 0 0 0 0 0 0.375 0 0.375 0.5 0.375 0.5 0.875 0.5 1 1 1 0.5 0.75 0.5 0.875 1 0.875 0.5 0.625 0.5 0.75 1 0.75 0.5 0.5 0.5 0.625 1 0.625 0.5 0.375 0.5 0.5 1 0.5 0.5 0.25 0.5 0.375 1 0.375 0.5 0.00999999 0.25 0.08029437 0.4197056 0.25 0.49 0.125 0.5 0.25 1 0.25 0.5 0 0.5 0.125 1 0.125 0.5 0.875 0.5 1 1 1 0.5 0.75 0.5 0.875 1 0.875 0.5 0.625 0.5 0.75 1 0.75 0.5 0.5 0.5 0.625 1 0.625 0.5 0.375 0.5 0.5 1 0.5 0.5 0.25 0.5 0.375 1 0.375 0.5 0.00999999 0.25 0.08029437 0.4197056 0.25 0.49 0.125 0.5 0.25 1 0.25 0.5 0 0.5 0.125 1 0.125 0.5 0.125 0.5 0.625 0.5 0 0.5 0 0.5 0.625 0.5 0.875 0.5 0.625 0.5 0.875 0.5 0.625 0.5 0 0 0 0 0.375 0.5 0 0 0 0 0 0 0 0 0 0 0.125 0.5 0 0 0 0 0 0 0 0 0 0 0 0 0 0 0.625 0.25 0.6083334 0.25 0.625 0.25 0 0 0 0 0.1416667 0.5 0.4134616 0.9166666 0.3916667 0.25 0 0 0 0 0 0 0 0 0 0 0 0 0 0 0 0 0 0 0 0 0 0 0 0 0 0 0 0 0 0 0 0 0 0 0 0 0.1416667 0.5 0.1416666 0.75 0.1416667 0.5 0.8583334 0.75 0.8583334 0.5 0.8583334 0.5 0 0 0 0 0 0 0.6083334 0.25 0.5361111 0 0.5361111 0.25 0 0 0 0 0 0 0 0 0 0 0 0 0.1416667 0.5 0.4134616 0.9166666 0.1416667 0.5 0.375 0.25 0.3916667 0 0.3916667 0.25 0.625 0.25 0.6083334 0 0.625 0 0.625 0 0.375 0.25 0.375 0 0.625 0.5 0.375 0.75 0.375 0.5 0.375 0.75 0.625 1 0.375 1 0.375 0.5 0.125 0.75 0.125 0.5 0.875 0.5 0.625 0.75 0.625 0.5 0.625 0 0.375 0.25 0.375 0 0.625 0.5 0.375 0.75 0.375 0.5 0.375 0.75 0.625 1 0.375 1 0.375 0.5 0.125 0.75 0.125 0.5 0.875 0.5 0.625 0.75 0.625 0.5 0.3916667 0 0.375 0.5 0.375 0.25 0.375 0.25 0.625 0 0.6083334 0 0.1378205 0.3055555 0.6083334 0.25 0.5361111 0.25 1 1 0.875 0.5 1 0.5 0.875 1 0.75 0.5 0.875 0.5 0.75 1 0.625 0.5 0.75 0.5 0.625 1 0.5 0.5 0.625 0.5 0.5 1 0.375 0.5 0.5 0.5 0.375 1 0.25 0.5 0.375 0.5 0.25 0.00999999 0.4197056 0.08029437 0.49 0.25 0.25 1 0.125 0.5 0.25 0.5 0.125 1 0 0.5 0.125 0.5 1 1 0.875 0.5 1 0.5 0.875 1 0.75 0.5 0.875 0.5 0.75 1 0.625 0.5 0.75 0.5 0.625 1 0.5 0.5 0.625 0.5 0.5 1 0.375 0.5 0.5 0.5 0.375 1 0.25 0.5 0.375 0.5 0.25 0.49 0.00999999 0.25 0.25 0.00999999 0.25 1 0.125 0.5 0.25 0.5 0.125 1 0 0.5 0.125 0.5 0 0.5 0.375 0.5 0.125 0.5 0 0.5 0.875 0.5 0.625 0.5 0 0 0.375 0.5 0 0 0 0 0 0 0 0 0 0 0.125 0.5 0 0 0 0 0 0 0 0 0 0 0.6083334 0.25 0.625 0.25 0.1416667 0.5 0.3916667 0.25 0.4134616 0.9166666 0.6083334 0 0.5361111 0.25 0.5361111 0 0 0 0 0 0 0 0 0 0 0 0 0 0 0 0 0 0.04166662 0.1666666 0 0 0 0 0 0 0 0 0 0 0 0 0 0 0 0 0 0 0.427111 0.5 0.625 0.5 0.427111 0.5 0 0 0 0 0.04166662 0.1666666 0.4277778 0 0.375 0.25 0.3916667 0 0.125 0.5 0 0 0 0 0.5 0.25 0.3916667 0 0.3916667 0.25 0 0 0 0 0 0 0 0 0.375 0.5 0 0 0 0 0 0 0 0 0.1416667 0.5 0.3916667 0.25 0.4134616 0.9166666 0.5 0 0.3916667 0.25 0.3916667 0 0 0 0 0 0 0 0.00999999 0.25 0.25 0.00999999 0.49 0.25 0.625 0.5 0.5 1 0.5 0.5 0.875 1 0.75 0.5 0.875 0.5 0.5 0.5 0.375 1 0.375 0.5 0.375 0.5 0.25 1 0.25 0.5 0.125 0.5 0.375 0.75 0.125 0.75 0.375 0 0.625 0.25 0.375 0.25 0.625 0.5 0.875 0.75 0.625 0.75 0 0 0 0 0 0 0 0 0.125 0.5 0 0 0.125 1 0 0.5 0.125 0.5 0.3916667 0 0.375 0.5 0.375 0.25 0 0 0.125 0.5 0 0 0 0 0 0 0 0 1 1 0.875 0.5 1 0.5 0.75 1 0.625 0.5 0.75 0.5 0.375 0.75 0.625 1 0.375 1 0.5 0 0.375 0.25 0.375 0.25 0 0 0 0 0 0 0.375 0.5 0.5 1 0.5 0.5 0.3916667 0.25 0.2067307 0.4583333 0.4134616 0.9166666 0.625 0.5 0.75 1 0.75 0.5 0.00999999 0.25 0.08029437 0.4197056 0.25 0.49 0 0 0 0 0 0 0 0 0 0 0 0 0 0 0 0 0 0 0.1416667 0.5 0.1416666 0.75 0.1416667 0.5 0 0 0 0 0 0 0.25 0.5 0.375 1 0.375 0.5 0.1416667 0.5 0.4134616 0.9166666 0.1416667 0.5 0.375 0.25 0.3916667 0 0.3916667 0.25 0 0 0 0 0 0 0.375 0 0.375 0.5 0.375 0.5 0 0 0 0 0 0 0.1416667 0.5 0.4134616 0.9166666 0.3916667 0.25 0 0 0 0 0 0 0.125 0.5 0.25 1 0.25 0.5 0.75 0.5 0.875 1 0.875 0.5 0 0 0 0 0.375 0.5 0 0 0 0 0.125 0.5 0.625 0.5 0.375 0.75 0.375 0.5 0.375 0.75 0.625 1 0.625 0.75 0.375 0.25 0.3916667 0 0.5 0 0.375 0 0.625 0.25 0.625 0 0.125 0.75 0.375 0.5 0.125 0.5 0.625 0.5 0.5 1 0.625 1 0.625 0.75 0.875 0.5 0.625 0.5 0.3916667 0 0.375 0.5 0.375 0 1 0.5 0.875 1 1 1 0.2067307 0.4583333 0.3916667 0.25 0.4134616 0.9166666 0.25 0.5 0.125 1 0.125 0.5 0.375 0.25 0.3916667 0 0.375 0 0.375 0.5 0.625 0.75 0.625 0.5 0 0.5 0.125 1 0.125 0.5 0 0 0 0 0 0 0.4277778 0 0.375 0.25 0.375 0.25 0.6083334 0.25 0.1378205 0.3055555 0.5361111 0.25 0.4277778 0.25 0.275641 0.6111112 0.3445513 0.7638888 0.4638888 0.25 0.1378205 0.3055555 0.275641 0.6111112 0.6083334 0 0.375 0.25 0.375 0.25 0.5361111 0 0.375 0.25 0.375 0.25 0.6083334 0 0.375 0.25 0.5361111 0 0.375 0.25 0.4638889 0 0.5361111 0 0 0 0.1041666 0.4166667 0 0 0 0 0.04166662 0.1666666 0.08333331 0.3333333 0 0 0 0 0 0 0 0 0 0 0 0 0 0 0 0 0 0 0 0 0 0 0 0 0 0 0 0 0 0 0 0 0 0 0 0 0.1041666 0.4166667 0 0 0 0 0.04166662 0.1666666 0 0 0.08333331 0.3333333 0 0 0 0 0 0 0 0 0 0 0 0 0 0 0 0 0 0 0 0 0 0 0 0 0.4638888 0 0.4277778 0.25 0.4277778 0 0.5361111 0 0.4638888 0.25 0.4638888 0 0.275641 0.6111111 0.4277778 0.25 0.3445513 0.7638889 0.1378205 0.3055555 0.4638889 0.25 0.275641 0.6111111 0 0 0 0 0 0 0 0 0 0 0 0 0 0 0 0 0 0 0 0 0 0 0 0 0.4638889 0.25 0.4277778 0 0.4277778 0.25 0.5361111 0.25 0.4638889 0 0.4638889 0.25 0.4277778 0.25 0.3916667 0 0.3916667 0.25 0 0 0 0 0 0 0.3445513 0.7638889 0.3916667 0.25 0.4134616 0.9166666 0.4277778 0 0.3916667 0.25 0.3916667 0 0 0 0 0 0 0 0 0 0 0 0 0 0.125 0.5 0 0 0 0 0 0 0 0 0 0 0 0 0 0 0 0 0 0 0.125 0.5 0 0 0.3916667 0.25 0.3445513 0.7638888 0.4134616 0.9166666 0.4638888 0 0.375 0.25 0.375 0.25 0.4638889 0 0.375 0.25 0.4277778 0 0 0 0 0 0 0 0 0 0 0 0 0 0.375 0.5 0.125 0.75 0.125 0.5 0.375 0.75 0.625 1 0.375 1 0.625 0.5 0.375 0.75 0.375 0.5 0.625 0 0.375 0.25 0.375 0 0.875 0.5 0.625 0.75 0.625 0.5 0.375 0.5 0.125 0.75 0.125 0.5 0.375 0.75 0.625 1 0.375 1 0.625 0.5 0.375 0.75 0.375 0.5 0.625 0 0.375 0.25 0.375 0 0.625 0.25 0.6083334 0 0.625 0 0.375 0.25 0.3916667 0 0.3916667 0.25 0 0 0 0 0 0 0.6249999 0.5347222 0.625 0.5434028 0.6249999 0.5434027 0.6249999 0.5347222 0.625 0.5 0.625 0.5347222 0.6249999 0.5607638 0.625 0.5694444 0.625 0.5694444 0.6249999 0.5607638 0.6249999 0.5520833 0.625 0.5607639 0.6249999 0.5434027 0.6249999 0.5520833 0.6249999 0.5520833 0.875 0.5 0.625 0.75 0.625 0.5 0.3916667 0 0.375 0.5 0.375 0.25 0.375 0.25 0.625 0 0.6083334 0 0.625 0 0.625 0.25 0.625 0.25 0 0 0 0 0 0 0.375 0.5 0.375 0 0.375 0.5 1 1 0.875 0.5 1 0.5 0.875 1 0.75 0.5 0.875 0.5 0.75 1 0.625 0.5 0.75 0.5 0.625 1 0.5 0.5 0.625 0.5 0.5 1 0.375 0.5 0.5 0.5 0.375 1 0.25 0.5 0.375 0.5 0.25 0.00999999 0.4197056 0.08029437 0.49 0.25 0.25 1 0.125 0.5 0.25 0.5 0.125 1 0 0.5 0.125 0.5 1 1 0.875 0.5 1 0.5 0.875 1 0.75 0.5 0.875 0.5 0.75 1 0.625 0.5 0.75 0.5 0.625 1 0.5 0.5 0.625 0.5 0.5 1 0.375 0.5 0.5 0.5 0.375 1 0.25 0.5 0.375 0.5 0.4197056 0.08029437 0.49 0.25 0.00999999 0.25 0.25 1 0.125 0.5 0.25 0.5 0.125 1 0 0.5 0.125 0.5 0.125 0.5 0.625 0.5 0.375 0.5 0 0.5 0.875 0.5 0.625 0.5 0.625 0.5 0.875 0.5 0.875 0.5 0 0 0.375 0.5 0 0 0 0 0 0 0 0 0 0 0.125 0.5 0 0 0 0 0 0 0 0 0 0 0 0 0 0 0 0 0.6083334 0.25 0.625 0.25 0 0 0.625 0.25 0 0 0.1416667 0.5 0.3916667 0.25 0.4134616 0.9166666 0 0 0 0 0 0 0 0 0 0 0 0 0 0 0 0 0 0 0 0 0 0 0 0 0 0 0 0 0 0 0 0 0 0 0 0 0.1416666 0.75 0.1416667 0.5 0.1416667 0.5 0.8583334 0.5 0.8583334 0.75 0.8583334 0.5 0 0 0 0 0 0 0.5361111 0 0.6083334 0.25 0.5361111 0.25 0 0 0 0 0 0 0 0 0 0 0 0 0.1416667 0.5 0.4134616 0.9166666 0.4134616 0.9166666 0.375 0.25 0.3916667 0 0.375 0 0.6083334 0 0.625 0.25 0.625 0 0.375 0.25 0.625 0 0.375 0 0.375 0.75 0.625 0.5 0.375 0.5 0.375 0.75 0.625 1 0.625 0.75 0.125 0.75 0.375 0.5 0.125 0.5 0.625 0.75 0.875 0.5 0.625 0.5 0.375 0.25 0.625 0 0.375 0 0.375 0.75 0.625 0.5 0.375 0.5 0.375 0.75 0.625 1 0.625 0.75 0.125 0.75 0.375 0.5 0.125 0.5 0.625 0.75 0.875 0.5 0.625 0.5 0.3916667 0 0.375 0.5 0.375 0 0.625 0 0.375 0.25 0.6083334 0 0.1378205 0.3055555 0.6083334 0.25 0 0 0.875 0.5 1 1 1 0.5 0.75 0.5 0.875 1 0.875 0.5 0.625 0.5 0.75 1 0.75 0.5 0.5 0.5 0.625 1 0.625 0.5 0.375 0.5 0.5 1 0.5 0.5 0.25 0.5 0.375 1 0.375 0.5 0.00999999 0.25 0.08029437 0.4197056 0.25 0.49 0.125 0.5 0.25 1 0.25 0.5 0 0.5 0.125 1 0.125 0.5 0.875 0.5 1 1 1 0.5 0.75 0.5 0.875 1 0.875 0.5 0.625 0.5 0.75 1 0.75 0.5 0.5 0.5 0.625 1 0.625 0.5 0.375 0.5 0.5 1 0.5 0.5 0.25 0.5 0.375 1 0.375 0.5 0.00999999 0.25 0.08029437 0.4197056 0.25 0.49 0.125 0.5 0.25 1 0.25 0.5 0 0.5 0.125 1 0.125 0.5 0.375 0.5 0 0.5 0.125 0.5 0 0.5 0.625 0.5 0.875 0.5 0 0 0 0 0.375 0.5 0 0 0 0 0 0 0 0 0 0 0.125 0.5 0 0 0 0 0 0 0 0 0.625 0.25 0.6083334 0.25 0.1416667 0.5 0.4134616 0.9166666 0.3916667 0.25 0.5361111 0.25 0.6083334 0 0.5361111 0 0 0 0 0 0 0 0 0 0 0 0 0 0 0 0 0 0.04166662 0.1666666 0 0 0 0 0 0 0 0 0 0 0 0 0 0 0 0 0 0 0.427111 0.5 0.625 0.5 0.625 0.5 0 0 0 0 0 0 0.4277778 0 0.375 0.25 0.375 0.25 0.125 0.5 0 0 0.0625 0.25 0.3916667 0 0.5 0.25 0.3916667 0.25 0 0 0 0 0 0 0 0 0 0 0.375 0.5 0 0 0 0 0 0 0.1416667 0.5 0.4134616 0.9166666 0.3916667 0.25 0.3916667 0.25 0.5 0 0.3916667 0 0 0 0 0 0 0 0.08029437 0.4197056 0.25 0.49 0.25 0.00999999 0.625 0.5 0.5 1 0.625 1 0.75 0.5 0.875 1 0.875 0.5 0.5 0.5 0.375 1 0.5 1 0.375 0.5 0.25 1 0.375 1 0.125 0.5 0.375 0.75 0.375 0.5 0.375 0 0.625 0.25 0.625 0 0.625 0.5 0.875 0.75 0.875 0.5 0 0 0 0 0 0 0 0 0 0 0.125 0.5 0 0.5 0.125 1 0.125 0.5 0.3916667 0 0.375 0.5 0.375 0 0.125 0.5 0 0 0 0 0 0 0 0 0 0 0.875 0.5 1 1 1 0.5 0.625 0.5 0.75 1 0.75 0.5 0.375 0.75 0.625 1 0.625 0.75 0.5 0 0.375 0.25 0.3916667 0 0 0 0 0 0 0 0.5 1 0.375 0.5 0.5 0.5 0.3916667 0.25 0.2067307 0.4583333 0.5000001 0.25 0.75 1 0.625 0.5 0.75 0.5 0.25 0.00999999 0.4197056 0.08029437 0.49 0.25 0 0 0 0 0 0 0 0 0 0 0 0 0 0 0 0 0 0 0.1416666 0.75 0.1416667 0.5 0.1416667 0.5 0 0 0 0 0 0 0.375 1 0.25 0.5 0.375 0.5 0.1416667 0.5 0.4134616 0.9166666 0.4134616 0.9166666 0.375 0.25 0.3916667 0 0.375 0 0 0 0 0 0 0 0.375 0.5 0.375 0 0.375 0.5 0 0 0 0 0 0 0.1416667 0.5 0.3916667 0.25 0.4134616 0.9166666 0 0 0 0 0 0 0.25 1 0.125 0.5 0.25 0.5 0.875 1 0.75 0.5 0.875 0.5 0 0 0.375 0.5 0 0 0 0 0.125 0.5 0 0 0.375 0.75 0.625 0.5 0.375 0.5 0.375 0.75 0.625 1 0.375 1 0.375 0.25 0.3916667 0 0.375 0.25 0.375 0 0.625 0.25 0.375 0.25 0.375 0.5 0.125 0.75 0.125 0.5 0.625 0.5 0.5 1 0.5 0.5 0.875 0.5 0.625 0.75 0.625 0.5 0.3916667 0 0.375 0.5 0.375 0.25 1 0.5 0.875 1 0.875 0.5 0.3916667 0.25 0.2067307 0.4583333 0.4134616 0.9166666 0.25 0.5 0.125 1 0.25 1 0.375 0.25 0.3916667 0 0.3916667 0.25 0.375 0.5 0.625 0.75 0.375 0.75 0.125 1 0 0.5 0.125 0.5 0 0 0 0 0 0 0.375 0.25 0.4277778 0 0.375 0.25 0.1378205 0.3055555 0.6083334 0.25 0.5361111 0.25 0.4277778 0.25 0.275641 0.6111112 0.4638888 0.25 0.4638888 0.25 0.1378205 0.3055555 0.5361111 0.25 0.375 0.25 0.6083334 0 0.375 0.25 0.375 0.25 0.5361111 0 0.375 0.25 0.6083334 0 0.375 0.25 0.375 0.25 0.4638889 0 0.375 0.25 0.5361111 0 0.1041666 0.4166667 0 0 0 0 0 0 0.04166662 0.1666666 0 0 0 0 0 0 0 0 0 0 0 0 0 0 0 0 0 0 0 0 0 0 0 0 0 0 0 0 0 0 0 0 0 0 0 0 0 0 0.1041666 0.4166667 0 0 0.08333331 0.3333333 0 0 0.04166662 0.1666666 0.08333331 0.3333333 0 0 0 0 0 0 0 0 0 0 0 0 0 0 0 0 0 0 0 0 0 0 0 0 0.4277778 0.25 0.4638888 0 0.4277778 0 0.4638888 0.25 0.5361111 0 0.4638888 0 0.4277778 0.25 0.275641 0.6111111 0.3445513 0.7638889 0.4638889 0.25 0.1378205 0.3055555 0.275641 0.6111111 0 0 0 0 0 0 0 0 0 0 0 0 0 0 0 0 0 0 0 0 0 0 0 0 0.4277778 0 0.4638889 0.25 0.4277778 0.25 0.4638889 0 0.5361111 0.25 0.4638889 0.25 0.3916667 0 0.4277778 0.25 0.3916667 0.25 0 0 0 0 0 0 0.3916667 0.25 0.3445513 0.7638889 0.4134616 0.9166666 0.3916667 0.25 0.4277778 0 0.3916667 0 0 0 0 0 0 0 0 0 0 0 0 0 0.125 0.5 0 0 0.1041666 0.4166667 0 0 0 0 0 0 0 0 0 0 0 0 0.125 0.5 0 0 0 0 0.3916667 0.25 0.3445513 0.7638888 0.4277778 0.25 0.375 0.25 0.4638888 0 0.375 0.25 0.4638889 0 0.375 0.25 0.375 0.25 0 0 0 0 0 0 0 0 0 0 0 0 0 0 0 0 0 0 0.625 0.5434028 0.6249999 0.5347222 0.6249999 0.5434027 0.6249999 0.5347222 0.625 0.5 0.625 0.5 0.625 0.5694444 0.6249999 0.5607638 0.625 0.5694444 0.6249999 0.5607638 0.6249999 0.5520833 0.6249999 0.5520833 0.6249999 0.5520833 0.6249999 0.5434027 0.6249999 0.5520833 0.3445513 0.7638889 0.4134616 0.9166666 0.3445513 0.7638888 0.427111 0.5 0.625 0.5 0.427111 0.5 0.625 0.4242188 0.625 0.4242187 0.625 0.4242187 0 0 0.1378205 0.3055555 0 0 0.1378205 0.3055555 0.275641 0.6111111 0.275641 0.6111111 0.275641 0.6111111 0.3445513 0.7638888 0.275641 0.6111111 0.625 0.4335938 0.6250001 0.4264708 0.625 0.421875 0.625 0.4335937 0.625 0.4453125 0.625 0.4453125 0.625 0.421875 0.625 0.4335937 0.6250001 0.4335938 0.6250001 0.4675347 0.625 0.4453125 0.6250001 0.4470028 0.625 0.453125 0.625 0.46875 0.625 0.46875 0.625 0.4335938 0.625 0.4453125 0.625 0.4335938 0.625 0.4453125 0.625 0.46875 0.625 0.46875 0.625 0.46875 0.625 0.453125 0.625 0.46875 0.4777963 0.40625 0.625 0.4375 0.625 0.453125 0.8125001 0.5972223 0.75 0.5694444 0.8125 0.5694444 0.75 0.5231481 0.875 0.5 0.8541666 0.5231481 0.875 0.5972222 0.8125 0.5694444 0.875 0.5694444 0.625 0.375 0.4946914 0.375 0.5622718 0.25 0.875 0.5 0.875 0.5231481 0.8541666 0.5231481 0.625 0.375 0.625 0.4375 0.625 0.4375 0.75 0.5231481 0.8125 0.5694444 0.75 0.5694444 0 0 0 0 0 0 0.625 0.421875 0.625 0.421875 0.625 0.421875 0.8541666 0.5231481 0.875 0.5694444 0.8125 0.5694444 0.625 0.375 0.625 0.421875 0.625 0.421875 0.625 0.421875 0.625 0.375 0.625 0.375 0.625 0.425 0.625 0.425 0.625 0.425 0.4134616 0.9166666 0.3445513 0.7638889 0.3445513 0.7638887 0.427111 0.5 0.625 0.5 0.625 0.5 0.75 0.5694444 0.75 0.5231481 0.75 0.5231481 0.625 0.421875 0.75 0.5231481 0.625 0.421875 0.625 0.375 0.625 0.375 0.625 0.421875 0.1378205 0.3055556 0 0 0 0 0.1378205 0.3055556 0.275641 0.6111111 0.1378205 0.3055555 0.3445513 0.7638887 0.275641 0.6111111 0.275641 0.6111111 0.8125001 0.6111112 0.875 0.5972222 0.875 0.6111111 0.8125001 0.6111112 0.75 0.5972222 0.8125001 0.5972223 0.625 0.375 0.625 0.4375 0.625 0.4375 0.625 0.421875 0.625 0.421875 0.625 0.421875 0.625 0.421875 0.625 0.421875 0.625 0.421875 0.625 0.4453125 0.625 0.46875 0.625 0.4453125 0.625 0.421875 0.625 0.421875 0.625 0.421875 0.75 0.5231481 0.625 0.421875 0.625 0.421875 0.625 0.421875 0.75 0.5231481 0.625 0.421875 0.75 0.5694444 0.75 0.5231481 0.75 0.5231481 0.75 0.5694444 0.75 0.5231481 0.75 0.5231481 0.625 0.421875 0.625 0.375 0.625 0.375 0.625 0.421875 0.625 0.375 0.625 0.375 0.625 0.421875 0.625 0.421875 0.625 0.421875 0.625 0.421875 0.625 0.421875 0.625 0.421875 0.625 0.421875 0.625 0.421875 0.625 0.421875 0.6250001 0.4264708 0.625 0.4242187 0.625 0.4242187 0.75 0.5231481 0.625 0.421875 0.625 0.421875 0.75 0.5694444 0.75 0.5231481 0.75 0.5231481 0.625 0.421875 0.625 0.375 0.625 0.375 0.625 0.421875 0.625 0.421875 0.625 0.421875 0.625 0.421875 0.625 0.421875 0.625 0.421875 0.625 0.421875 0.625 0.421875 0.625 0.421875 0.625 0.421875 0.625 0.421875 0.625 0.421875 0.75 0.625 0.8125001 0.6111112 0.8125 0.625 0.8125 0.625 0.875 0.6111111 0.875 0.625 0.625 0.375 0.625 0.421875 0.625 0.421875 0.625 0.421875 0.625 0.421875 0.625 0.421875 0.6249999 0.5607637 0.6249999 0.5520833 0.6249999 0.5520833 0.625 0.5972222 0.625 0.625 0.625 0.625 0.625 0.5434027 0.625 0.5520833 0.625 0.5520833 0.625 0.5520833 0.625 0.5607638 0.625 0.5607638 0.625 0.5607638 0.625 0.5694444 0.625 0.5694444 0.625 0.5347222 0.625 0.5434027 0.625 0.5434027 0.8125001 0.5972223 0.75 0.5694444 0.75 0.5972222 0.75 0.5231481 0.875 0.5 0.75 0.5 0.875 0.5972222 0.8125 0.5694444 0.8125001 0.5972223 0.625 0.375 0.4946914 0.375 0.625 0.4375 0.875 0.5231481 0.875 0.5 0.8541666 0.5231481 0.625 0.4375 0.625 0.375 0.625 0.4375 0.8125 0.5694444 0.75 0.5231481 0.75 0.5694444 0.625 0.421875 0.625 0.421875 0.625 0.421875 0.875 0.5694444 0.8541666 0.5231481 0.8125 0.5694444 0.625 0.421875 0.625 0.375 0.625 0.421875 0.625 0.375 0.625 0.421875 0.625 0.375 0 0 0 0 0 0 0.625 0.375 0.625 0.421875 0.625 0.375 0.875 0.5972222 0.8125001 0.6111112 0.875 0.6111111 0.8125001 0.6111112 0.75 0.5972222 0.75 0.6111111 0.625 0.4453125 0.625 0.46875 0.625 0.46875 0.625 0.375 0.625 0.4375 0.75 0.5231481 0.625 0.4375 0.625 0.4453125 0.625 0.4453125 0.625 0.421875 0.625 0.421875 0.625 0.421875 0.625 0.421875 0.625 0.421875 0.625 0.421875 0.6250001 0.4335938 0.625 0.421875 0.625 0.421875 0.625 0.4453125 0.625 0.4375 0.625 0.4453125 0.625 0.421875 0.75 0.5231481 0.625 0.421875 0.625 0.421875 0.75 0.5231481 0.75 0.5231481 0.75 0.5231481 0.75 0.5694444 0.75 0.5231481 0.75 0.5231481 0.75 0.5694444 0.75 0.5231481 0.625 0.375 0.625 0.421875 0.625 0.375 0.625 0.375 0.625 0.421875 0.625 0.375 0.625 0.421875 0.625 0.421875 0.625 0.421875 0.625 0.421875 0.625 0.421875 0.625 0.421875 0.625 0.421875 0.625 0.421875 0.625 0.421875 0.427111 0.5 0.625 0.46875 0.4609012 0.4375 0.625 0.421875 0.625 0.4335937 0.625 0.4335938 0.625 0.421875 0.75 0.5231481 0.75 0.5231481 0.75 0.5231481 0.75 0.5694444 0.75 0.5231481 0.625 0.375 0.625 0.421875 0.625 0.375 0.625 0.421875 0.625 0.421875 0.625 0.421875 0.625 0.421875 0.625 0.421875 0.625 0.421875 0.625 0.421875 0.625 0.421875 0.625 0.421875 0.625 0.421875 0.625 0.421875 0.625 0.421875 0.8125001 0.6111112 0.75 0.625 0.8125 0.625 0.875 0.6111111 0.8125 0.625 0.875 0.625 0.625 0.421875 0.625 0.375 0.625 0.421875 0.625 0.421875 0.625 0.421875 0.625 0.421875 0.625 0.625 0.625 0.5902778 0.625 0.625 0.625 0.625 0.625 0.5972222 0.625 0.625 0.625 0.5520833 0.625 0.5434027 0.625 0.5520833 0.625 0.4453125 0.625 0.46875 0.625 0.46875 0.625 0.5607638 0.625 0.5520833 0.625 0.5607638 0.625 0.5694444 0.625 0.5607638 0.625 0.5694444 0.625 0.5434027 0.625 0.5347222 0.625 0.5434027 0.6250001 0.4264708 0.625 0.421875 0.625 0.4242187 0.625 0.4242188 0.625 0.421875 0.625 0.425 0.625 0.4242187 0.625 0.421875 0.625 0.4242188 0.625 0.425 0.625 0.421875 0.625 0.421875 0.625 0.4675347 0.625 0.46875 0.625 0.4675347 0.6250001 0.4675347 0.625 0.46875 0.625 0.46875 0.625 0.4675347 0.625 0.46875 0.625 0.4675347 0.625 0.4675347 0.625 0.46875 0.625 0.4675347 0.625 0.4335936 0.625 0.4453125 0.625 0.4335938 0.625 0.421875 0.6250001 0.4264708 0.625 0.4242187 0.625 0.421875 0.625 0.4242188 0.625 0.425 0.625 0.421875 0.625 0.4242187 0.625 0.4242188 0.625 0.425 0.625 0.421875 0.625 0.425 0.625 0.425 0.625 0.421875 0.625 0.425 0.625 0.46875 0.625 0.4675347 0.625 0.4675347 0.625 0.46875 0.625 0.4675347 0.625 0.4675347 0.6250001 0.4675347 0.625 0.46875 0.625 0.4675347 0.625 0.46875 0.625 0.4675347 0.625 0.4675347 0.625 0.425 0.625 0.425 0.625 0.425 0.625 0.46875 0.625 0.4675347 0.625 0.4675347 0.625 0.46875 0.625 0.4453125 0.625 0.46875 0.625 0.425 0.625 0.421875 0.625 0.421875 0.275641 0.6111111 0.3445513 0.7638888 0.275641 0.611111 0.1378205 0.3055555 0.275641 0.6111111 0.275641 0.611111 0 0 0.1378205 0.3055555 0 0 0.427111 0.5 0.625 0.5 0.427111 0.5 0.3445513 0.7638889 0.4134616 0.9166666 0.3445513 0.7638888 0.625 0.4675347 0.625 0.46875 0.625 0.4675347 0.3445513 0.7638887 0.275641 0.6111111 0.275641 0.6111111 0.1378205 0.3055555 0.275641 0.6111111 0.1378205 0.3055555 0.1378205 0.3055555 0 0 0 0 0.427111 0.5 0.625 0.5 0.625 0.5 0.4134616 0.9166666 0.3445513 0.7638889 0.3445513 0.7638887 0.625 0.46875 0.625 0.4453125 0.625 0.46875 0.6250001 0.4470028 0.625 0.4335938 0.625 0.4367368 0.625 0.425 0.625 0.4242188 0.625 0.4242188 0.6250001 0.4675347 0.625 0.4453125 0.625 0.46875 0.625 0.421875 0.625 0.4335938 0.625 0.4335938 0.625 0.4453125 0.625 0.46875 0.625 0.46875 0.625 0.425 0.625 0.425 0.625 0.425 0.6250001 0.4335938 0.625 0.4453125 0.625 0.4335936 0.625 0.5347222 0.625 0.5 0.625 0.5347222 0.625 0.5694444 0.625 0.5607638 0.625 0.5694444 0.625 0.5347222 0.625 0.5434027 0.625 0.5434027 0.625 0.5434027 0.6249999 0.5520833 0.6249999 0.5520833 0.625 0.4335937 0.625 0.421875 0.625 0.4335938 0.625 0.46875 0.625 0.4453125 0.625 0.46875 0.625 0.4453125 0.625 0.46875 0.625 0.4453125 0.4777963 0.40625 0.625 0.4375 0.4946914 0.375 0.625 0.425 0.625 0.4242188 0.625 0.425 0.427111 0.5 0.625 0.46875 0.625 0.5 0.625 0.4242187 0.625 0.4242188 0.625 0.4242188 0.625 0.425 0.625 0.425 0.625 0.425 0.625 0.625 0.625 0.5902778 0.625 0.625 0.6250001 0.5347223 0.625 0.5 0.625 0.5 0.625 0.5694444 0.625 0.5607639 0.6249999 0.5607637 0.625 0.5434027 0.625 0.5347222 0.6250001 0.5347223 0.625 0.5434027 0.6249999 0.5520833 0.625 0.5434027 0.6249999 0.5607637 0.6249999 0.5520833 0.6249999 0.5520833 0.625 0.625 0.625 0.5833333 0.625 0.625 0.625 0.5 0.625 0.5347222 0.625 0.5 0.625 0.5607639 0.625 0.5694444 0.625 0.5607638 0.625 0.5347222 0.625 0.5434027 0.625 0.5347222 0.625 0.5434027 0.6249999 0.5520833 0.6249999 0.5520833 0.6249999 0.5520833 0.625 0.5607638 0.6249999 0.5520833 0.625 0.5607638 0.6249999 0.5520833 0.625 0.5520833 0.625 0.5434027 0.6249999 0.5520833 0.625 0.5434027 0.625 0.5347222 0.625 0.5434027 0.625 0.5347222 0.625 0.5607638 0.625 0.5694444 0.625 0.5607639 0.625 0.5347222 0.625 0.5 0.625 0.5 0.625 0.625 0.625 0.5833333 0.625 0.5902778 0.6249999 0.5520833 0.625 0.5607639 0.625 0.5520833 0.625 0.5434027 0.6249999 0.5520833 0.625 0.5520833 0.625 0.5347222 0.625 0.5434027 0.625 0.5434027 0.625 0.5607639 0.625 0.5694444 0.625 0.5694444 0.625 0.5 0.625 0.5347222 0.625 0.5 0.625 0.5902778 0.625 0.625 0.625 0.625 0.6250001 0.4335938 0.625 0.421875 0.625 0.4335937 0 0 0 0 0 0 0 0 0 0 0 0 0.6249999 0.5520833 0.625 0.5607638 0.625 0.5520833 0.625 0.5434027 0.625 0.5520833 0.625 0.5434027 0.625 0.5347222 0.625 0.5434027 0.625 0.5347222 0.625 0.5607638 0.625 0.5694444 0.625 0.5607638 0.625 0.5 0.625 0.5347222 0.625 0.5 0.625 0.625 0.625 0.5902778 0.625 0.625 0.3445513 0.7638888 0.275641 0.6111111 0.275641 0.6111111 0.275641 0.6111111 0.1378205 0.3055556 0.1378205 0.3055555 0.1378205 0.3055555 0 0 0 0 0.427111 0.5 0.625 0.5 0.625 0.5 0.4134616 0.9166666 0.3445513 0.7638887 0.3445513 0.7638888 0.625 0.5607638 0.6249999 0.5520833 0.625 0.5520833 0.625 0.5520833 0.625 0.5434027 0.625 0.5434027 0.625 0.5434027 0.6250001 0.5347223 0.625 0.5347222 0.625 0.5694444 0.6249999 0.5607637 0.625 0.5607638 0.625 0.5347222 0.625 0.5 0.625 0.5 0.625 0.625 0.625 0.5972222 0.625 0.625 0.275641 0.6111111 0.3445513 0.7638888 0.275641 0.6111111 0.1378205 0.3055555 0.275641 0.6111111 0.1378205 0.3055555 0 0 0.1378205 0.3055555 0 0 0.427111 0.5 0.625 0.5 0.427111 0.5 0.3445513 0.7638888 0.4134616 0.9166666 0.3445513 0.7638888 0.6249999 0.5520833 0.625 0.5434027 0.625 0.5434027 0.625 0.5434027 0.6250001 0.5347223 0.6250001 0.5347223 0.625 0.5694444 0.6249999 0.5607637 0.6249999 0.5607637 0.6250001 0.5347223 0.625 0.5 0.625 0.5 0.625 0.625 0.625 0.5902778 0.625 0.5902778 0.6249999 0.5520833 0.625 0.5607638 0.625 0.5607638 0.625 0.46875 0.625 0.4453125 0.625 0.4453125 0.625 0.4675347 0.625 0.4675347 0.625 0.4675347 0.625 0.421875 0.625 0.4335938 0.625 0.421875 0.6250001 0.4470028 0.6250001 0.4675347 0.6250001 0.4470028 0.6250001 0.4675347 0.625 0.4675347 0.625 0.4675347 0.4609012 0.4375 0.625 0.453125 0.625 0.46875 0.625 0.4675347 0.625 0.4675347 0.625 0.4675347 0.625 0.4367368 0.6250001 0.4264708 0.625 0.4367368 0.6250001 0.4470028 0.6250001 0.4675347 0.6250001 0.4675347 0.6250001 0.4675347 0.625 0.4675347 0.6250001 0.4675347 0.625 0.4453125 0.625 0.453125 0.625 0.453125 0.625 0.4675347 0.625 0.4675347 0.625 0.4675347 0.625 0.4453125 0.625 0.4335937 0.6250001 0.4335938 0.625 0.453125 0.625 0.4453125 0.625 0.453125 0.625 0.4335938 0.625 0.4453125 0.625 0.4453125 0.625 0.421875 0.625 0.4335938 0.625 0.421875 0.6250001 0.4264708 0.625 0.4335938 0.625 0.421875 0.625 0.4335938 0.625 0.4453125 0.625 0.4453125 0.625 0.421875 0.625 0.4335936 0.625 0.421875 0.625 0.4453125 0.625 0.4335938 0.625 0.4453125 0.4609012 0.4375 0.625 0.453125 0.4737362 0.4137597 0.625 0.4453125 0.625 0.4335937 0.625 0.4453125 0.6250001 0.4264708 0.625 0.4242187 0.6250001 0.4264708 0.6250001 0.4470028 0.625 0.4335938 0.625 0.4453125 0.625 0.4675347 0.625 0.4675347 0.625 0.4675347 0.6250001 0.4470028 0.625 0.4367368 0.6250001 0.4470028 0.625 0.4675347 0.625 0.4675347 0.625 0.4675347 0.6250001 0.4264708 0.6250001 0.4367368 0.625 0.4367368 0.625 0.4675347 0.625 0.4675347 0.625 0.4675347 0.625 0.4675347 0.625 0.4675347 0.625 0.4675347 0.625 0.4675347 0.625 0.4675347 0.625 0.4675347 0.625 0.4675347 0.625 0.4675347 0.625 0.4675347 0.625 0.4367368 0.6250001 0.4470028 0.6250001 0.4470028 0.625 0.4675347 0.625 0.4675347 0.625 0.4675347 0.625 0.4675347 0.625 0.4675347 0.625 0.4675347 0.625 0.421875 0.625 0.4335938 0.625 0.4335937 0.625 0.4675347 0.625 0.4675347 0.625 0.4675347 0.6250001 0.4335938 0.625 0.4453125 0.625 0.4453125 0.625 0.4675347 0.625 0.4675347 0.625 0.4675347 0.6250001 0.4675347 0.625 0.4675347 0.625 0.4675347 0.625 0.4675347 0.625 0.4675347 0.625 0.4675347 0.625 0.4675347 0.625 0.4675347 0.625 0.4675347 0.6250001 0.4675347 0.625 0.4675347 0.6250001 0.4675347 0.625 0.4675347 0.625 0.4675347 0.625 0.4675346 0.625 0.4675347 0.625 0.4675347 0.625 0.4675347 0.6250001 0.4675347 0.625 0.4675347 0.6250001 0.4675347 0.625 0.4675347 0.625 0.4675347 0.625 0.4675347 0.6250001 0.4675347 0.625 0.4675347 0.6250001 0.4675347 0.6250001 0.4675347 0.625 0.4675347 0.625 0.4675347 0.625 0.4675347 0.625 0.4675347 0.625 0.4675347 0.625 0.4675347 0.625 0.4675347 0.625 0.4675347 0.625 0.4675347 0.625 0.4675347 0.625 0.4675347 0.625 0.4675347 0.6250001 0.4675347 0.625 0.4675347 0.625 0.4675347 0.6250001 0.4675347 0.6250001 0.4675347 0.625 0.4675347 0.625 0.4675346 0.6250001 0.4675347 0.6250001 0.4675347 0.625 0.4675347 0.625 0.4675347 0.625 0.4675347 0.625 0.4675347 0.625 0.4675347 0.625 0.4675347 0.625 0.4675347 0.625 0.4675347 0.625 0.4675347 0.625 0.4675346 0.625 0.4675347 0.6250001 0.4675347 0.625 0.4675347 0.6250001 0.4675347 0.6250001 0.4675347 0.625 0.4675347 0.6250001 0.4675347 0.625 0.4675347 0.6250001 0.4675347 0.6250001 0.4675347 0.625 0.4675347 0.6250001 0.4675347 0.625 0.4675347 0.625 0.4675347 0.625 0.4675347 0.625 0.4675347 0.625 0.4242187 0.625 0.4242188 0.625 0.4242187 0.625 0.4335938 0.6250001 0.4264708 0.6250001 0.4367368 0.625 0.4335937 0.625 0.4453125 0.625 0.4335938 0.625 0.4335937 0.625 0.421875 0.6250001 0.4335938 0.625 0.4453125 0.6250001 0.4675347 0.6250001 0.4470028 0.625 0.46875 0.625 0.453125 0.625 0.46875 0.625 0.4453125 0.625 0.4335938 0.625 0.4335938 0.625 0.46875 0.625 0.4453125 0.625 0.46875 0.625 0.46875 0.625 0.453125 0.625 0.453125 0.625 0.4375 0.4777963 0.40625 0.625 0.453125 0.8125001 0.5972223 0.75 0.5694444 0.75 0.5972222 0.75 0.5231481 0.875 0.5 0.75 0.5 0.875 0.5972222 0.8125 0.5694444 0.8125001 0.5972223 0.625 0.375 0.4946914 0.375 0.625 0.4375 0.875 0.5231481 0.875 0.5 0.8541666 0.5231481 0.625 0.4375 0.625 0.375 0.625 0.4375 0.8125 0.5694444 0.75 0.5231481 0.75 0.5694444 0.625 0.421875 0.625 0.421875 0.625 0.421875 0.875 0.5694444 0.8541666 0.5231481 0.8125 0.5694444 0.625 0.421875 0.625 0.375 0.625 0.421875 0.625 0.375 0.625 0.421875 0.625 0.375 0.625 0.425 0.625 0.425 0.625 0.425 0.75 0.5231481 0.75 0.5694444 0.75 0.5231481 0.625 0.421875 0.75 0.5231481 0.75 0.5231481 0.625 0.375 0.625 0.421875 0.625 0.375 0.875 0.5972222 0.8125001 0.6111112 0.875 0.6111111 0.8125001 0.6111112 0.75 0.5972222 0.75 0.6111111 0.625 0.375 0.625 0.4375 0.75 0.5231481 0.625 0.421875 0.625 0.421875 0.625 0.421875 0.625 0.421875 0.625 0.421875 0.625 0.421875 0.625 0.46875 0.625 0.4453125 0.625 0.4453125 0.625 0.421875 0.625 0.421875 0.625 0.421875 0.625 0.421875 0.75 0.5231481 0.625 0.421875 0.625 0.421875 0.75 0.5231481 0.75 0.5231481 0.75 0.5231481 0.75 0.5694444 0.75 0.5231481 0.75 0.5231481 0.75 0.5694444 0.75 0.5231481 0.625 0.375 0.625 0.421875 0.625 0.375 0.625 0.375 0.625 0.421875 0.625 0.375 0.625 0.421875 0.625 0.421875 0.625 0.421875 0.625 0.421875 0.625 0.421875 0.625 0.421875 0.625 0.421875 0.625 0.421875 0.625 0.421875 0.625 0.4242187 0.6250001 0.4264708 0.625 0.4242187 0.625 0.421875 0.75 0.5231481 0.625 0.421875 0.75 0.5231481 0.75 0.5694444 0.75 0.5231481 0.625 0.375 0.625 0.421875 0.625 0.375 0.625 0.421875 0.625 0.421875 0.625 0.421875 0.625 0.421875 0.625 0.421875 0.625 0.421875 0.625 0.421875 0.625 0.421875 0.625 0.421875 0.625 0.421875 0.625 0.421875 0.625 0.421875 0.8125001 0.6111112 0.75 0.625 0.8125 0.625 0.875 0.6111111 0.8125 0.625 0.875 0.625 0.625 0.421875 0.625 0.375 0.625 0.421875 0.625 0.421875 0.625 0.421875 0.625 0.421875 0.6249999 0.5520833 0.6249999 0.5607637 0.6249999 0.5520833 0.625 0.625 0.625 0.5972222 0.625 0.625 0.625 0.5520833 0.625 0.5434027 0.625 0.5520833 0.625 0.5607638 0.625 0.5520833 0.625 0.5607638 0.625 0.5694444 0.625 0.5607638 0.625 0.5694444 0.625 0.5434027 0.625 0.5347222 0.625 0.5434027 0.8125001 0.5972223 0.75 0.5694444 0.8125 0.5694444 0.75 0.5231481 0.875 0.5 0.8541666 0.5231481 0.875 0.5972222 0.8125 0.5694444 0.875 0.5694444 0.625 0.375 0.4946914 0.375 0.5622718 0.25 0.875 0.5 0.875 0.5231481 0.8541666 0.5231481 0.625 0.375 0.625 0.4375 0.625 0.4375 0.75 0.5231481 0.8125 0.5694444 0.75 0.5694444 0.625 0.421875 0.625 0.421875 0.625 0.421875 0.8541666 0.5231481 0.875 0.5694444 0.8125 0.5694444 0.625 0.375 0.625 0.421875 0.625 0.421875 0.625 0.421875 0.625 0.375 0.625 0.375 0.625 0.375 0.625 0.375 0.625 0.421875 0.8125001 0.6111112 0.875 0.5972222 0.875 0.6111111 0.8125001 0.6111112 0.75 0.5972222 0.8125001 0.5972223 0.625 0.4453125 0.625 0.46875 0.625 0.4453125 0.625 0.375 0.625 0.4375 0.625 0.4375 0.625 0.4453125 0.625 0.4375 0.625 0.4453125 0.625 0.421875 0.625 0.421875 0.625 0.421875 0.625 0.421875 0.625 0.421875 0.625 0.421875 0.6250001 0.4335938 0.625 0.421875 0.625 0.4335937 0.625 0.4453125 0.625 0.4375 0.625 0.4375 0.75 0.5231481 0.625 0.421875 0.625 0.421875 0.625 0.421875 0.75 0.5231481 0.625 0.421875 0.75 0.5694444 0.75 0.5231481 0.75 0.5231481 0.75 0.5694444 0.75 0.5231481 0.75 0.5231481 0.625 0.421875 0.625 0.375 0.625 0.375 0.625 0.421875 0.625 0.375 0.625 0.375 0.625 0.421875 0.625 0.421875 0.625 0.421875 0.625 0.421875 0.625 0.421875 0.625 0.421875 0.625 0.421875 0.625 0.421875 0.625 0.421875 0.427111 0.5 0.625 0.46875 0.625 0.5 0.625 0.4335937 0.625 0.421875 0.625 0.4335938 0.625 0.421875 0.75 0.5231481 0.625 0.421875 0.75 0.5694444 0.75 0.5231481 0.75 0.5231481 0.625 0.421875 0.625 0.375 0.625 0.375 0.625 0.421875 0.625 0.421875 0.625 0.421875 0.625 0.421875 0.625 0.421875 0.625 0.421875 0.625 0.421875 0.625 0.421875 0.625 0.421875 0.625 0.421875 0.625 0.421875 0.625 0.421875 0.75 0.625 0.8125001 0.6111112 0.8125 0.625 0.8125 0.625 0.875 0.6111111 0.875 0.625 0.625 0.375 0.625 0.421875 0.625 0.421875 0.625 0.421875 0.625 0.421875 0.625 0.421875 0.625 0.625 0.625 0.5902778 0.625 0.5902778 0.625 0.5972222 0.625 0.625 0.625 0.625 0.625 0.5434027 0.625 0.5520833 0.625 0.5520833 0.625 0.4453125 0.625 0.46875 0.625 0.4453125 0.625 0.5520833 0.625 0.5607638 0.625 0.5607638 0.625 0.5607638 0.625 0.5694444 0.625 0.5694444 0.625 0.5347222 0.625 0.5434027 0.625 0.5434027 0.625 0.421875 0.6250001 0.4264708 0.625 0.4242187 0.625 0.421875 0.625 0.4242188 0.625 0.425 0.625 0.421875 0.625 0.4242187 0.625 0.4242188 0.625 0.425 0.625 0.421875 0.625 0.425 0.625 0.46875 0.625 0.4675347 0.625 0.4675347 0.6250001 0.4675347 0.625 0.46875 0.625 0.4675347 0.625 0.46875 0.625 0.4675347 0.625 0.4675347 0.625 0.46875 0.625 0.4675347 0.625 0.4675347 0.625 0.4453125 0.625 0.4335936 0.625 0.4335938 0.6250001 0.4264708 0.625 0.421875 0.625 0.4242187 0.625 0.4242188 0.625 0.421875 0.625 0.425 0.625 0.4242187 0.625 0.421875 0.625 0.4242188 0.625 0.425 0.625 0.421875 0.625 0.421875 0.625 0.425 0.625 0.421875 0.625 0.421875 0.625 0.4675347 0.625 0.46875 0.625 0.4675347 0.625 0.4675347 0.625 0.46875 0.625 0.4675347 0.6250001 0.4675347 0.625 0.46875 0.625 0.46875 0.625 0.4675347 0.625 0.46875 0.625 0.4675347 0.625 0.425 0.625 0.425 0.625 0.425 0.625 0.4675347 0.625 0.46875 0.625 0.4675347 0.625 0.46875 0.625 0.4453125 0.625 0.4453125 0.625 0.425 0.625 0.421875 0.625 0.425 0.625 0.46875 0.625 0.4675347 0.625 0.4675347 0.625 0.4453125 0.625 0.46875 0.625 0.46875 0.625 0.4335938 0.6250001 0.4470028 0.625 0.4367368 0.625 0.4242188 0.625 0.425 0.625 0.4242188 0.625 0.4453125 0.6250001 0.4675347 0.625 0.46875 0.625 0.4335938 0.625 0.421875 0.625 0.4335938 0.625 0.46875 0.625 0.4453125 0.625 0.46875 0.625 0.425 0.625 0.425 0.625 0.425 0.625 0.4453125 0.6250001 0.4335938 0.625 0.4335936 0.625 0.5347222 0.625 0.5 0.625 0.5 0.625 0.5694444 0.625 0.5607638 0.625 0.5607638 0.625 0.5434027 0.625 0.5347222 0.625 0.5434027 0.6249999 0.5520833 0.625 0.5434027 0.6249999 0.5520833 0.625 0.421875 0.625 0.4335937 0.625 0.4335938 0.625 0.4453125 0.625 0.46875 0.625 0.46875 0.625 0.46875 0.625 0.4453125 0.625 0.4453125 0.4777963 0.40625 0.625 0.4375 0.625 0.453125 0.625 0.425 0.625 0.4242188 0.625 0.4242188 0.625 0.46875 0.427111 0.5 0.625 0.5 0.625 0.4242188 0.625 0.4242187 0.625 0.4242188 0.625 0.425 0.625 0.425 0.625 0.425 0.625 0.421875 0.6250001 0.4335938 0.625 0.4335937 0.625 0.5607638 0.6249999 0.5520833 0.625 0.5520833 0.625 0.5520833 0.625 0.5434027 0.625 0.5434027 0.625 0.5434027 0.625 0.5347222 0.625 0.5347222 0.625 0.5694444 0.625 0.5607638 0.625 0.5607638 0.625 0.5347222 0.625 0.5 0.625 0.5 0.625 0.625 0.625 0.5902778 0.625 0.5972222 0.275641 0.6111111 0.3445513 0.7638888 0.275641 0.6111111 0.1378205 0.3055556 0.275641 0.6111111 0.1378205 0.3055555 0 0 0.1378205 0.3055555 0 0 0.427111 0.5 0.625 0.5 0.427111 0.5 0.3445513 0.7638887 0.4134616 0.9166666 0.3445513 0.7638888 0.6249999 0.5520833 0.625 0.5607638 0.625 0.5520833 0.625 0.5434027 0.625 0.5520833 0.625 0.5434027 0.6250001 0.5347223 0.625 0.5434027 0.625 0.5347222 0.6249999 0.5607637 0.625 0.5694444 0.625 0.5607638 0.625 0.5 0.625 0.5347222 0.625 0.5 0.625 0.5972222 0.625 0.625 0.625 0.625 0.3445513 0.7638888 0.275641 0.6111111 0.275641 0.6111111 0.275641 0.6111111 0.1378205 0.3055555 0.1378205 0.3055555 0.1378205 0.3055555 0 0 0 0 0.427111 0.5 0.625 0.5 0.625 0.5 0.4134616 0.9166666 0.3445513 0.7638888 0.3445513 0.7638888 0.625 0.5434027 0.6249999 0.5520833 0.625 0.5434027 0.6250001 0.5347223 0.625 0.5434027 0.6250001 0.5347223 0.6249999 0.5607637 0.625 0.5694444 0.6249999 0.5607637 0.625 0.5 0.6250001 0.5347223 0.625 0.5 0.625 0.5902778 0.625 0.625 0.625 0.5902778 0.625 0.5607638 0.6249999 0.5520833 0.625 0.5607638 0.625 0.46875 0.625 0.4453125 0.625 0.46875 0.625 0.4675347 0.625 0.4675347 0.625 0.4675347 0.625 0.4335938 0.625 0.421875 0.625 0.421875 0.6250001 0.4470028 0.6250001 0.4675347 0.6250001 0.4675347 0.625 0.4675347 0.6250001 0.4675347 0.625 0.4675347 0.625 0.453125 0.4609012 0.4375 0.625 0.46875 0.625 0.4675347 0.625 0.4675347 0.625 0.4675347 0.625 0.4367368 0.6250001 0.4264708 0.6250001 0.4264708 0.6250001 0.4675347 0.6250001 0.4470028 0.6250001 0.4675347 0.625 0.4675347 0.6250001 0.4675347 0.6250001 0.4675347 0.625 0.453125 0.625 0.4453125 0.625 0.453125 0.625 0.4675347 0.625 0.4675347 0.625 0.4675347 0.625 0.4453125 0.625 0.4335937 0.625 0.4453125 0.625 0.453125 0.625 0.4453125 0.625 0.4453125 0.625 0.4453125 0.625 0.4335938 0.625 0.4453125 0.625 0.4335938 0.625 0.421875 0.625 0.421875 0.6250001 0.4264708 0.625 0.4335938 0.625 0.4367368 0.625 0.4453125 0.625 0.4335938 0.625 0.4453125 0.625 0.4335936 0.625 0.421875 0.625 0.421875 0.625 0.4335938 0.625 0.4453125 0.625 0.4453125 0.4609012 0.4375 0.625 0.453125 0.625 0.46875 0.625 0.4335937 0.625 0.4453125 0.625 0.4453125 0.6250001 0.4264708 0.625 0.4242187 0.625 0.4242187 0.625 0.4335938 0.6250001 0.4470028 0.625 0.4453125 0.625 0.4675347 0.625 0.4675347 0.625 0.4675347 0.6250001 0.4470028 0.625 0.4367368 0.625 0.4367368 0.625 0.4675347 0.625 0.4675347 0.625 0.4675347 0.6250001 0.4264708 0.6250001 0.4367368 0.6250001 0.4264708 0.625 0.4675347 0.625 0.4675347 0.625 0.4675347 0.625 0.4675347 0.625 0.4675347 0.625 0.4675347 0.625 0.4675347 0.625 0.4675347 0.625 0.4675347 0.625 0.4675347 0.625 0.4675347 0.625 0.4675347 0.625 0.4367368 0.6250001 0.4470028 0.6250001 0.4367368 0.625 0.4675347 0.625 0.4675347 0.625 0.4675347 0.625 0.4675347 0.625 0.4675347 0.625 0.4675347 0.625 0.421875 0.625 0.4335938 0.625 0.421875 0.625 0.4675347 0.625 0.4675347 0.625 0.4675347 0.625 0.4453125 0.6250001 0.4335938 0.625 0.4453125 0.625 0.4675347 0.625 0.4675347 0.625 0.4675347 0.625 0.4675347 0.6250001 0.4675347 0.625 0.4675347 0.625 0.4675347 0.625 0.4675347 0.625 0.4675347 0.625 0.4675347 0.625 0.4675347 0.625 0.4675347 0.6250001 0.4675347 0.625 0.4675347 0.625 0.4675347 0.625 0.4675347 0.625 0.4675347 0.625 0.4675346 0.625 0.4675347 0.625 0.4675347 0.625 0.4675347 0.6250001 0.4675347 0.625 0.4675347 0.625 0.4675347 0.625 0.4675347 0.625 0.4675347 0.625 0.4675347 0.625 0.4675347 0.6250001 0.4675347 0.6250001 0.4675347 0.625 0.4675347 0.6250001 0.4675347 0.625 0.4675347 0.625 0.4675347 0.625 0.4675347 0.625 0.4675347 0.625 0.4675347 0.625 0.4675347 0.625 0.4675347 0.625 0.4675347 0.625 0.4675347 0.625 0.4675347 0.6250001 0.4675347 0.625 0.4675347 0.625 0.4675347 0.6250001 0.4675347 0.625 0.4675347 0.6250001 0.4675347 0.625 0.4675346 0.625 0.4675347 0.6250001 0.4675347 0.625 0.4675347 0.6250001 0.4675347 0.625 0.4675347 0.625 0.4675347 0.625 0.4675347 0.625 0.4675347 0.625 0.4675347 0.625 0.4675347 0.625 0.4675347 0.625 0.4675346 0.625 0.4675347 0.625 0.4675347 0.625 0.4675347 0.6250001 0.4675347 0.6250001 0.4675347 0.6250001 0.4675347 0.625 0.4675347 0.625 0.4675347 0.625 0.4675347 0.6250001 0.4675347 0.625 0.4675347 0.6250001 0.4675347 0.625 0.4675347 0.625 0.4675347 0.625 0.4675347 0.625 0.4675347 0.625 0.4675347 0.875 0.5972222 0.875 0.6111111 0.875 0.6111111 0.875 0.625 0.875 0.6111111 0.875 0.6111111 0.875 0.6111111 0.875 0.625 0.875 0.625 0.875 0.6111111 0.875 0.5972222 0.875 0.5972222 0.875 0.5231481 0.875 0.5 0.875 0.5 0.875 0.5231481 0.875 0.5694444 0.875 0.5694444 0.875 0.5972222 0.875 0.5694444 0.875 0.5694444 0.625 0.4675347 0.625 0.4675347 0.625 0.4675347 0.875 0.5694444 0.875 0.5972222 0.875 0.5972222 0.875 0.5694444 0.875 0.5231481 0.875 0.5231481 0.875 0.5 0.875 0.5231481 0.875 0.5231481 0.875 0.5972222 0.875 0.6111111 0.875 0.6111111 0.625 0.4675347 0.625 0.4675347 0.625 0.4675347 0.875 0.5 0.875 0.5231481 0.875 0.5231481 0.875 0.6111111 0.875 0.5972222 0.875 0.5972222 0.875 0.5 0.875 0.5231481 0.875 0.5 0.875 0.5694444 0.875 0.5972222 0.875 0.5972222 0.875 0.625 0.875 0.6111111 0.875 0.6111111 0.875 0.5972222 0.875 0.5694444 0.875 0.5694444 0.875 0.5231481 0.875 0.5694444 0.875 0.5694444 0.875 0.6111111 0.875 0.625 0.875 0.625 0.875 0.5231481 0.875 0.5486111 0.875 0.5231481 0.5088384 0.1363636 0.511048 0.134154 0.5113636 0.1338384 0.509154 0.136048 0.5107323 0.1344696 0.511048 0.134154 0.5094698 0.1357323 0.5104166 0.1347853 0.5107323 0.1344696 0.5097854 0.1354166 0.510101 0.135101 0.5104166 0.1347853 0.5104166 0.1347853 0.510101 0.135101 0.510101 0.135101 0.5107323 0.1344696 0.5097854 0.1354166 0.5104166 0.1347853 0.5112058 0.1328914 0.5094697 0.1357323 0.5107323 0.1344696 0.511083 0.1341189 0.5088383 0.1313131 0.5088558 0.1316989 0.5088383 0.1313131 0.5065936 0.1289983 0.5088558 0.1316989 0.5063131 0.1287878 0.5043489 0.1264379 0.5065936 0.1289983 0.5043489 0.1264379 0.5012626 0.1237373 0.5021043 0.1238777 0.5012626 0.1237373 0.4998597 0.1213173 0.5021043 0.1238777 0.4987373 0.1212121 0.4976149 0.118757 0.4998597 0.1213173 0.496212 0.1186868 0.4953703 0.1161966 0.4976149 0.118757 0.4886363 0.1316288 0.4886364 0.1338384 0.4886364 0.1338384 0.4886363 0.1294192 0.4886363 0.1316288 0.4886363 0.1316288 0.4886363 0.1272096 0.4886364 0.1294192 0.4886363 0.1294192 0.4886363 0.125 0.4886363 0.1272096 0.4886363 0.1272096 0.4886363 0.1227903 0.4886363 0.125 0.4886363 0.125 0.4886363 0.1205808 0.4886363 0.1227904 0.4886363 0.1227903 0.4886364 0.1183712 0.4886363 0.1205808 0.4886363 0.1205808 0.5113636 0.1161616 0.5113636 0.1183712 0.5113636 0.1161616 0.5113636 0.1183712 0.5113636 0.1205807 0.5113636 0.1183712 0.5113636 0.1205808 0.5113636 0.1227903 0.5113636 0.1205807 0.5113636 0.1227903 0.5113636 0.125 0.5113636 0.1227903 0.5113636 0.125 0.5113636 0.1272096 0.5113636 0.125 0.5113637 0.1272096 0.5113636 0.1294191 0.5113636 0.1272096 0.5113636 0.1294191 0.5112058 0.1328914 0.5113636 0.1294191 0.5113636 0.1338384 0.509154 0.1360479 0.511048 0.134154 0.511048 0.134154 0.5094696 0.1357323 0.5107322 0.1344696 0.5107322 0.1344696 0.5097853 0.1354166 0.5104166 0.1347853 0.5104166 0.1347853 0.5101009 0.135101 0.510101 0.135101 0.5101009 0.135101 0.5097854 0.1354166 0.510101 0.135101 0.5104166 0.1347853 0.5094697 0.1357323 0.5097854 0.1354166 0.5107322 0.1344696 0.509154 0.1360479 0.5094697 0.1357323 0.4886363 0.1161616 0.4861111 0.1145833 0.4861111 0.1111111 0.4886364 0.1183712 0.4861111 0.1180555 0.4861111 0.1145833 0.4886363 0.1205808 0.4861111 0.120707 0.4861111 0.1180555 0.4886363 0.1227903 0.4861111 0.125 0.4861111 0.1215277 0.4861111 0.125 0.4886363 0.1272096 0.4861111 0.1284722 0.4861111 0.1284722 0.4886363 0.1294192 0.4861111 0.1300505 0.4861111 0.1319444 0.4886363 0.1316288 0.4861111 0.1325757 0.5113636 0.1338384 0.5138889 0.1354166 0.5138888 0.1388888 0.5113636 0.1316288 0.5138888 0.1319444 0.5138889 0.1354166 0.5113636 0.1294191 0.5138888 0.1284722 0.5138888 0.1319444 0.5113637 0.1272096 0.5138888 0.125 0.5138888 0.1284722 0.5138888 0.125 0.5113636 0.1227903 0.5138888 0.1215277 0.5138888 0.1215277 0.5113636 0.1205808 0.5138888 0.1180555 0.5138888 0.1180555 0.5113636 0.1183712 0.5138888 0.1145833 0.5088383 0.1193181 0.5071547 0.1164422 0.5088384 0.1164773 0.5074353 0.119248 0.5054714 0.1164071 0.5071547 0.1164422 0.5060325 0.1191779 0.5037879 0.116372 0.5054714 0.1164071 0.5046296 0.1191077 0.5021044 0.116337 0.5037879 0.116372 0.5018237 0.1189674 0.5021044 0.116337 0.5032266 0.1190376 0.5004209 0.1188973 0.5004208 0.1163018 0.5018237 0.1189674 0.4990179 0.1188271 0.4987373 0.1162668 0.5004209 0.1188973 0.4976149 0.118757 0.4970539 0.1162317 0.4990179 0.1188271 0.5088384 0.1221591 0.5074353 0.119248 0.5088383 0.1193181 0.5065937 0.1219486 0.5074353 0.119248 0.5077161 0.1220539 0.5054714 0.1218434 0.5060325 0.1191779 0.5065937 0.1219486 0.5043491 0.1217382 0.5046296 0.1191077 0.5054714 0.1218434 0.5032266 0.121633 0.5032266 0.1190376 0.5043491 0.1217382 0.5021043 0.1215277 0.5018237 0.1189674 0.5032266 0.121633 0.500982 0.1214225 0.5004209 0.1188973 0.5021043 0.1215277 0.4998597 0.1213173 0.4990179 0.1188271 0.500982 0.1214225 0.5079964 0.1248597 0.5088384 0.1221591 0.5088383 0.125 0.5079964 0.1248597 0.5065937 0.1219486 0.5077161 0.1220539 0.5071547 0.1247194 0.5054714 0.1218434 0.5065937 0.1219486 0.5054712 0.1244388 0.5054714 0.1218434 0.506313 0.1245791 0.5046295 0.1242985 0.5043491 0.1217382 0.5054712 0.1244388 0.5046295 0.1242985 0.5021043 0.1215277 0.5032266 0.121633 0.5037878 0.1241582 0.500982 0.1214225 0.5021043 0.1215277 0.5021043 0.1238777 0.500982 0.1214225 0.502946 0.124018 0.5082771 0.1276655 0.5088383 0.125 0.5088383 0.1278409 0.5082771 0.1276655 0.5071547 0.1247194 0.5079964 0.1248597 0.5071548 0.1273148 0.5071547 0.1247194 0.507716 0.1274901 0.5071548 0.1273148 0.5054712 0.1244388 0.506313 0.1245791 0.5060325 0.126964 0.5054712 0.1244388 0.5065937 0.1271394 0.5060325 0.126964 0.5037878 0.1241582 0.5046295 0.1242985 0.5054712 0.1267887 0.502946 0.124018 0.5037878 0.1241582 0.5049101 0.1266133 0.5021043 0.1238777 0.502946 0.124018 0.5085578 0.1304714 0.5088383 0.1278409 0.5088384 0.1306818 0.5085578 0.1304714 0.507716 0.1274901 0.5082771 0.1276655 0.5082772 0.1302609 0.5071548 0.1273148 0.507716 0.1274901 0.507716 0.12984 0.5071548 0.1273148 0.5079966 0.1300504 0.5074354 0.1296296 0.5065937 0.1271394 0.507716 0.12984 0.5071548 0.1294192 0.5060325 0.126964 0.5074354 0.1296296 0.5068742 0.1292087 0.5054712 0.1267887 0.5071548 0.1294192 0.5065936 0.1289983 0.5049101 0.1266133 0.5068742 0.1292087 0.5089787 0.1343995 0.5088384 0.1306818 0.5089962 0.1347853 0.5089787 0.1343995 0.5082772 0.1302609 0.5085578 0.1304714 0.5089611 0.1340137 0.5079966 0.1300504 0.5082772 0.1302609 0.5089259 0.1332421 0.5079966 0.1300504 0.5089436 0.1336279 0.5089084 0.1328563 0.507716 0.12984 0.5089259 0.1332421 0.5088909 0.1324705 0.5074354 0.1296296 0.5089084 0.1328563 0.5088734 0.1320847 0.5071548 0.1294192 0.5088909 0.1324705 0.5088558 0.1316989 0.5068742 0.1292087 0.5088734 0.1320847 0.5079966 0.1362233 0.5089962 0.1347853 0.5088384 0.1363636 0.5079966 0.1362233 0.5089611 0.1340137 0.5089787 0.1343995 0.5093994 0.1358024 0.5089436 0.1336279 0.5089611 0.1340137 0.50968 0.1355218 0.5089259 0.1332421 0.5089436 0.1336279 0.5099607 0.1352412 0.5089084 0.1328563 0.5089259 0.1332421 0.5102413 0.1349607 0.5088909 0.1324705 0.5089084 0.1328563 0.5105219 0.1346801 0.5088734 0.1320847 0.5088909 0.1324705 0.5108024 0.1343995 0.5088558 0.1316989 0.5088734 0.1320847 0.5088384 0.1164773 0.5068743 0.1136363 0.5088384 0.1136363 0.5071547 0.1164422 0.5049102 0.1136363 0.5068743 0.1136363 0.5037879 0.116372 0.5049102 0.1136363 0.5054714 0.1164071 0.5021044 0.116337 0.502946 0.1136363 0.5037879 0.116372 0.5004208 0.1163018 0.5009819 0.1136363 0.5021044 0.116337 0.4987373 0.1162668 0.4990179 0.1136363 0.5004208 0.1163018 0.4970539 0.1162317 0.4970538 0.1136363 0.4987373 0.1162668 0.4953703 0.1161966 0.4950897 0.1136363 0.4970539 0.1162317 0.4911615 0.1136363 0.4931257 0.1136363 0.4911615 0.1136363 0.4931256 0.1136363 0.4950897 0.1136363 0.4931257 0.1136363 0.4950897 0.1136363 0.4970538 0.1136363 0.4950897 0.1136363 0.4970538 0.1136363 0.4990179 0.1136363 0.4970538 0.1136363 0.4990179 0.1136363 0.5009819 0.1136363 0.4990179 0.1136363 0.5009819 0.1136363 0.502946 0.1136363 0.5009819 0.1136363 0.502946 0.1136363 0.5049102 0.1136363 0.502946 0.1136363 0.5049102 0.1136363 0.5068743 0.1136363 0.5049102 0.1136363 0.5068743 0.1363636 0.5088384 0.1363636 0.5088384 0.1363636 0.5049102 0.1363636 0.5079966 0.1362233 0.5068743 0.1363636 0.5029461 0.1363636 0.5049102 0.1363636 0.5049102 0.1363636 0.5009819 0.1363636 0.5029461 0.1363636 0.5029461 0.1363636 0.499018 0.1363636 0.5009819 0.1363636 0.5009819 0.1363636 0.4970538 0.1363636 0.4990179 0.1363636 0.499018 0.1363636 0.4950897 0.1363636 0.4970539 0.1363636 0.4970538 0.1363636 0.4931257 0.1363636 0.4950898 0.1363636 0.4950897 0.1363636 0.5088384 0.1136363 0.5108025 0.1111111 0.5138888 0.1111111 0.5068743 0.1136363 0.507716 0.1111111 0.5108025 0.1111111 0.5049102 0.1136363 0.5046296 0.1111111 0.507716 0.1111111 0.502946 0.1136363 0.5015432 0.1111111 0.5046296 0.1111111 0.5009819 0.1136363 0.4984567 0.1111111 0.5015432 0.1111111 0.4984567 0.1111111 0.4970538 0.1136363 0.4953703 0.1111111 0.4953703 0.1111111 0.4950897 0.1136363 0.4922838 0.1111111 0.4922838 0.1111111 0.4931256 0.1136363 0.4891975 0.1111111 0.4911617 0.1363636 0.4891975 0.1388888 0.4861111 0.1388888 0.4931257 0.1363636 0.4922839 0.1388888 0.4891975 0.1388888 0.4950897 0.1363636 0.4953703 0.1388888 0.4922839 0.1388888 0.4970538 0.1363636 0.4984567 0.1388888 0.4953703 0.1388888 0.499018 0.1363636 0.5015432 0.1388888 0.4984567 0.1388888 0.5015432 0.1388888 0.5029461 0.1363636 0.5046296 0.1388888 0.5046296 0.1388888 0.5049102 0.1363636 0.5077161 0.1388888 0.5077161 0.1388888 0.5068743 0.1363636 0.5108025 0.1388888 0.5077161 0.1388888 0.5046296 0.1388888 0.5046296 0.1388888 0.4953703 0.1388888 0.4922839 0.1388888 0.4922839 0.1388888 0.5046296 0.1388888 0.5015432 0.1388888 0.5015432 0.1388888 0.5138888 0.1388888 0.5108025 0.1388888 0.5108025 0.1388888 0.4922839 0.1388888 0.4891975 0.1388888 0.4891975 0.1388888 0.5015432 0.1388888 0.4984567 0.1388888 0.4984567 0.1388888 0.5108025 0.1388888 0.5077161 0.1388888 0.5077161 0.1388888 0.4861111 0.1388888 0.4891975 0.1388888 0.4861111 0.1388888 0.4984567 0.1388888 0.4953703 0.1388888 0.4953703 0.1388888 0.507716 0.1111111 0.5108025 0.1111111 0.5108025 0.1111111 0.4953703 0.1111111 0.4984567 0.1111111 0.4984567 0.1111111 0.5046296 0.1111111 0.507716 0.1111111 0.507716 0.1111111 0.4922838 0.1111111 0.4953703 0.1111111 0.4953703 0.1111111 0.5015432 0.1111111 0.5046296 0.1111111 0.5046296 0.1111111 0.5138888 0.1111111 0.5108025 0.1111111 0.5138888 0.1111111 0.4891975 0.1111111 0.4922838 0.1111111 0.4922838 0.1111111 0.4984567 0.1111111 0.5015432 0.1111111 0.5015432 0.1111111 0.4861111 0.1111111 0.4891975 0.1111111 0.4891975 0.1111111 0.875 0.5694444 0.875 0.5972222 0.875 0.5972222 0.875 0.6111111 0.875 0.625 0.875 0.625 0.875 0.5231481 0.875 0.5694444 0.875 0.5694444 0.875 0.5694444 0.875 0.5231481 0.875 0.5231481 0.875 0.5972222 0.875 0.5694444 0.875 0.5694444 0.875 0.5231481 0.875 0.5 0.875 0.5 0.875 0.625 0.875 0.6111111 0.875 0.6111111 0.875 0.5972222 0.875 0.6111111 0.875 0.6111111 0.875 0.5 0.875 0.5231481 0.875 0.5231481 0.875 0.6111111 0.875 0.5972222 0.875 0.5972222 0.875 0.6111111 0.875 0.625 0.875 0.625 0.875 0.5972222 0.875 0.6111111 0.875 0.6111111 0.875 0.5694444 0.875 0.5972222 0.875 0.5972222 0.875 0.625 0.875 0.6111111 0.875 0.6111111 0.875 0.5231481 0.875 0.5694444 0.875 0.5231481 0.875 0.5 0.875 0.5231481 0.875 0.5231481 0.875 0.6111111 0.875 0.5972222 0.875 0.5972222 0.875 0.5 0.875 0.5231481 0.875 0.5 0.875 0.5972222 0.875 0.5694444 0.875 0.5694444 0.875 0.5231481 0.875 0.5694444 0.875 0.5694444 0.625 0.421875 0.625 0.421875 0.625 0.421875 0.625 0.421875 0.625 0.421875 0.625 0.421875 0.5108025 0.1388888 0.5068743 0.1363636 0.5088384 0.1363636 0.5088384 0.1363636 0.5088384 0.1363636 0.5113636 0.1338384 0.5138888 0.1145833 0.5113636 0.1183712 0.5113636 0.1161616 0.4891975 0.1111111 0.4931256 0.1136363 0.4911615 0.1136363 0.4861111 0.1354166 0.4886363 0.1316288 0.4886364 0.1338384 0.375 0.5 0.625 0.5 0.625 0.25 0.375 0.5 0.375 0.75 0.625 0.75 0.375 0.75 0.375 1 0.625 1 0.125 0.5 0.125 0.75 0.375 0.75 0.625 0.75 0.875 0.75 0.875 0.5 0.5113636 0.1338384 0.625 1 0.375 1 0.5088384 0.1363636 0.375 1 0.125 0.5 0.625 0.25 0.875 0.75 0.5113636 0.1338384 0.375 0.5 0.625 0.5 0.625 0.25 0.375 0.5 0.375 0.75 0.625 0.75 0.375 1 0.625 1 0.625 0.75 0.125 0.75 0.375 0.75 0.375 0.5 0.625 0.75 0.875 0.75 0.875 0.5 0.5113636 0.1338384 0.625 1 0.375 1 0.5088384 0.1363636 0.375 1 0.125 0.5 0.625 0.25 0.875 0.75 0.5113636 0.1338384 0.375 0.5 0.625 0.5 0.625 0.25 0.375 0.5 0.375 0.75 0.625 0.75 0.375 1 0.625 1 0.625 0.75 0.125 0.75 0.375 0.75 0.375 0.5 0.625 0.75 0.875 0.75 0.875 0.5 0.5113636 0.1338384 0.625 1 0.375 1 0.5088384 0.1363636 0.375 1 0.125 0.5 0.625 0.25 0.875 0.75 0.5113636 0.1338384 0.375 0.25 0.375 0.5 0.625 0.5 0.375 0.5 0.375 0.75 0.625 0.75 0.375 1 0.625 1 0.625 0.75 0.125 0.5 0.125 0.75 0.375 0.75 0.625 0.75 0.875 0.75 0.875 0.5 0.5113636 0.1338384 0.625 1 0.375 1 0.5088384 0.1363636 0.375 1 0.125 0.5 0.625 0.25 0.875 0.75 0.5113636 0.1338384 0.511048 0.134154 0.5113636 0.1338384 0.5088384 0.1363636 0.5088384 0.1363636 0.5088384 0.1363636 0.5113636 0.1338384 0.5088384 0.1363636 0.5088384 0.1363636 0.5113636 0.1338384 0.5113636 0.1316288 0.5113636 0.1338384 0.5113636 0.1338384 0.4886363 0.1161616 0.4886363 0.1161616 0.4886363 0.1183712 0.4911617 0.1363636 0.4911617 0.1363636 0.4931257 0.1363636 0.5088384 0.1136363 0.5088384 0.1136363 0.5068743 0.1136363 0.5113636 0.1338384 0.5088384 0.1363636 0.5088384 0.1363636 0.4936868 0.1161616 0.4911615 0.1136363 0.4931257 0.1136363 0.5113636 0.1338384 0.5088384 0.1363636 0.5089962 0.1347853 0.375 0.25 0.3916667 0.25 0.3916667 0 0.6083334 0 0.6083334 0.25 0.625 0.25 0.375 0.25 0.625 0.25 0.625 0 0.375 0.75 0.625 0.75 0.625 0.5 0.375 0.75 0.375 1 0.625 1 0.125 0.75 0.375 0.75 0.375 0.5 0.625 0.75 0.875 0.75 0.875 0.5 0.375 0.25 0.625 0.25 0.625 0 0.375 0.75 0.625 0.75 0.625 0.5 0.375 0.75 0.375 1 0.625 1 0.125 0.75 0.375 0.75 0.375 0.5 0.625 0.75 0.875 0.75 0.875 0.5 0.3916667 0 0.375 0.25 0.375 0.5 0.625 0 0.625 0.25 0.375 0.25 0.625 0 0.625 0.25 0.625 0.25 0 0 0 0 0 0 0.375 0 0.375 0 0.375 0.5 0.875 0.5 0.875 1 1 1 0.75 0.5 0.75 1 0.875 1 0.625 0.5 0.625 1 0.75 1 0.5 0.5 0.5 1 0.625 1 0.375 0.5 0.375 1 0.5 1 0.25 0.5 0.25 1 0.375 1 0.25 0.49 0.4197056 0.4197056 0.25 0.00999999 0.4197056 0.4197056 0.49 0.25 0.25 0.00999999 0.49 0.25 0.4197056 0.08029437 0.25 0.00999999 0.25 0.00999999 0.08029437 0.08029437 0.25 0.49 0.08029437 0.08029437 0.00999999 0.25 0.25 0.49 0.125 0.5 0.125 1 0.25 1 0 0.5 0 1 0.125 1 0.875 0.5 0.875 1 1 1 0.75 0.5 0.75 1 0.875 1 0.625 0.5 0.625 1 0.75 1 0.5 0.5 0.5 1 0.625 1 0.375 0.5 0.375 1 0.5 1 0.25 0.5 0.25 1 0.375 1 0.25 0.49 0.4197056 0.4197056 0.49 0.25 0.49 0.25 0.4197056 0.08029437 0.25 0.49 0.4197056 0.08029437 0.25 0.00999999 0.25 0.49 0.25 0.00999999 0.08029437 0.08029437 0.25 0.49 0.08029437 0.08029437 0.00999999 0.25 0.25 0.49 0.125 0.5 0.125 1 0.25 1 0 0.5 0 1 0.125 1 0.125 0.5 0.375 0.5 0.625 0.5 0.625 0.5 0.875 0.5 0.875 0.5 0 0 0 0 0 0 0 0 0 0 0 0 0.625 0.25 0.625 0.25 0 0 0 0 0 0 0 0 0 0 0 0 0 0 0 0 0 0 0 0 0 0 0 0 0 0 0 0 0 0 0 0 0 0 0 0 0 0 0.1416667 0.5 0.1416666 0.75 0.1416666 0.75 0.8583334 0.75 0.8583334 0.75 0.8583334 0.5 0 0 0 0 0 0 0.6083334 0.25 0.6083334 0 0.5361111 0 0 0 0 0 0 0 0 0 0 0 0 0 0.1416667 0.5 0.4134616 0.9166666 0.4134616 0.9166666 0.375 0.25 0.375 0 0.3916667 0 0.625 0.25 0.6083334 0.25 0.6083334 0 0.625 0 0.625 0.25 0.375 0.25 0.625 0.5 0.625 0.75 0.375 0.75 0.375 0.75 0.625 0.75 0.625 1 0.375 0.5 0.375 0.75 0.125 0.75 0.875 0.5 0.875 0.75 0.625 0.75 0.625 0 0.625 0.25 0.375 0.25 0.625 0.5 0.625 0.75 0.375 0.75 0.375 0.75 0.625 0.75 0.625 1 0.375 0.5 0.375 0.75 0.125 0.75 0.875 0.5 0.875 0.75 0.625 0.75 0.3916667 0 0.375 0 0.375 0.5 0.375 0.25 0.625 0.25 0.625 0 0.1378205 0.3055555 0 0 0.6083334 0.25 1 1 0.875 1 0.875 0.5 0.875 1 0.75 1 0.75 0.5 0.75 1 0.625 1 0.625 0.5 0.625 1 0.5 1 0.5 0.5 0.5 1 0.375 1 0.375 0.5 0.375 1 0.25 1 0.25 0.5 0.49 0.25 0.4197056 0.4197056 0.00999999 0.25 0.4197056 0.4197056 0.25 0.49 0.00999999 0.25 0.25 0.49 0.08029437 0.4197056 0.00999999 0.25 0.00999999 0.25 0.08029437 0.08029437 0.49 0.25 0.08029437 0.08029437 0.25 0.00999999 0.49 0.25 0.25 1 0.125 1 0.125 0.5 0.125 1 0 1 0 0.5 1 1 0.875 1 0.875 0.5 0.875 1 0.75 1 0.75 0.5 0.75 1 0.625 1 0.625 0.5 0.625 1 0.5 1 0.5 0.5 0.5 1 0.375 1 0.375 0.5 0.375 1 0.25 1 0.25 0.5 0.49 0.25 0.4197056 0.4197056 0.25 0.49 0.25 0.49 0.08029437 0.4197056 0.00999999 0.25 0.00999999 0.25 0.08029437 0.08029437 0.25 0.00999999 0.25 0.00999999 0.4197056 0.08029437 0.49 0.25 0.49 0.25 0.25 0.49 0.25 0.00999999 0.25 1 0.125 1 0.125 0.5 0.125 1 0 1 0 0.5 0 0.5 0.625 0.5 0.375 0.5 0 0 0 0 0 0 0.6083334 0 0.6083334 0.25 0.5361111 0.25 0 0 0 0 0 0 0 0 0 0 0 0 0 0 0 0 0 0 0 0 0 0 0 0 0 0 0 0 0 0 0 0 0 0 0 0 0.427111 0.5 0.625 0.5 0.625 0.5 0 0 0 0 0 0 0.4277778 0 0.375 0.25 0.375 0.25 0.125 0.5 0.0625 0.25 0 0 0.5 0.25 0.5 0 0.3916667 0 0 0 0 0 0 0 0 0 0 0 0 0 0.5 0 0.5000001 0.25 0.3916667 0.25 0 0 0 0 0 0 0.49 0.25 0.4197056 0.4197056 0.25 0.49 0.25 0.49 0.08029437 0.4197056 0.49 0.25 0.08029437 0.4197056 0.00999999 0.25 0.49 0.25 0.00999999 0.25 0.08029437 0.08029437 0.25 0.00999999 0.25 0.00999999 0.4197056 0.08029437 0.49 0.25 0.625 0.5 0.625 1 0.5 1 0.875 1 0.75 1 0.75 0.5 0.5 0.5 0.5 1 0.375 1 0.375 0.5 0.375 1 0.25 1 0.125 0.5 0.375 0.5 0.375 0.75 0.375 0 0.625 0 0.625 0.25 0.625 0.5 0.875 0.5 0.875 0.75 0 0 0 0 0 0 0.125 1 0 1 0 0.5 0.3916667 0 0.375 0 0.375 0.5 0 0 0.0625 0.25 0.125 0.5 0 0 0 0 0 0 1 1 0.875 1 0.875 0.5 0.75 1 0.625 1 0.625 0.5 0.375 0.75 0.625 0.75 0.625 1 0.5 0 0.3916667 0 0.375 0.25 0 0 0 0 0 0 0.375 0.5 0.375 1 0.5 1 0.3916667 0.25 0.5000001 0.25 0.2067307 0.4583333 0.625 0.5 0.625 1 0.75 1 0.25 0.49 0.4197056 0.4197056 0.49 0.25 0.49 0.25 0.4197056 0.08029437 0.25 0.49 0.4197056 0.08029437 0.25 0.00999999 0.25 0.49 0.25 0.00999999 0.08029437 0.08029437 0.25 0.49 0.08029437 0.08029437 0.00999999 0.25 0.25 0.49 0 0 0 0 0 0 0 0 0 0 0 0 0 0 0 0 0 0 0.1416667 0.5 0.1416666 0.75 0.1416666 0.75 0 0 0 0 0 0 0.25 0.5 0.25 1 0.375 1 0.1416667 0.5 0.4134616 0.9166666 0.4134616 0.9166666 0.375 0.25 0.375 0 0.3916667 0 0 0 0 0 0 0 0.375 0 0.375 0 0.375 0.5 0 0 0 0 0 0 0 0 0 0 0 0 0.125 0.5 0.125 1 0.25 1 0.75 0.5 0.75 1 0.875 1 0.625 0.5 0.625 0.75 0.375 0.75 0.375 0.75 0.375 1 0.625 1 0.375 0.25 0.375 0.25 0.3916667 0 0.375 0 0.375 0.25 0.625 0.25 0.125 0.75 0.375 0.75 0.375 0.5 0.625 0.5 0.5 0.5 0.5 1 0.625 0.75 0.875 0.75 0.875 0.5 0.3916667 0 0.375 0.25 0.375 0.5 1 0.5 0.875 0.5 0.875 1 0.2067307 0.4583333 0.5 0.25 0.3916667 0.25 0.25 0.5 0.25 1 0.125 1 0.375 0.25 0.3916667 0.25 0.3916667 0 0.375 0.5 0.375 0.75 0.625 0.75 0 0.5 0 1 0.125 1 0 0 0 0 0 0 0.4277778 0 0.3916667 0 0.375 0.25 0.6083334 0.25 0 0 0.1378205 0.3055555 0.4277778 0.25 0.4638888 0.25 0.275641 0.6111112 0.4638888 0.25 0.5361111 0.25 0.1378205 0.3055555 0.6083334 0 0.5361111 0 0.375 0.25 0.5361111 0 0.4638888 0 0.375 0.25 0.6083334 0 0.375 0.25 0.375 0.25 0.375 0.25 0.375 0.25 0.4638889 0 0 0 0.08333331 0.3333333 0.1041666 0.4166667 0 0 0 0 0.04166662 0.1666666 0 0 0 0 0 0 0 0 0 0 0 0 0 0 0 0 0 0 0 0 0 0 0 0 0 0 0 0 0 0 0 0 0 0 0 0 0.1041666 0.4166667 0.08333331 0.3333333 0 0 0.04166662 0.1666666 0 0 0 0 0 0 0 0 0 0 0 0 0 0 0 0 0 0 0 0 0 0 0 0 0 0 0 0 0.4638888 0 0.4638888 0.25 0.4277778 0.25 0.5361111 0 0.5361111 0.25 0.4638888 0.25 0.275641 0.6111111 0.4638889 0.25 0.4277778 0.25 0.1378205 0.3055555 0.5361111 0.25 0.4638889 0.25 0 0 0 0 0 0 0 0 0 0 0 0 0 0 0 0 0 0 0 0 0 0 0 0 0.4638889 0.25 0.4638889 0 0.4277778 0 0.5361111 0.25 0.5361111 0 0.4638889 0 0.4277778 0.25 0.4277778 0 0.3916667 0 0 0 0 0 0 0 0.3445513 0.7638889 0.4277778 0.25 0.3916667 0.25 0.4277778 0 0.4277778 0.25 0.3916667 0.25 0 0 0 0 0 0 0 0 0 0 0 0 0.125 0.5 0.1041666 0.4166667 0 0 0 0 0 0 0 0 0 0 0 0 0 0 0 0 0.1041666 0.4166667 0.125 0.5 0.3916667 0.25 0.4277778 0.25 0.3445513 0.7638888 0.4638888 0 0.4277778 0 0.375 0.25 0.4638889 0 0.375 0.25 0.375 0.25 0 0 0 0 0 0 0 0 0 0 0 0 0.375 0.5 0.375 0.75 0.125 0.75 0.375 0.75 0.625 0.75 0.625 1 0.625 0.5 0.625 0.75 0.375 0.75 0.625 0 0.625 0.25 0.375 0.25 0.875 0.5 0.875 0.75 0.625 0.75 0.375 0.5 0.375 0.75 0.125 0.75 0.375 0.75 0.625 0.75 0.625 1 0.625 0.5 0.625 0.75 0.375 0.75 0.625 0 0.625 0.25 0.375 0.25 0.625 0.25 0.6083334 0.25 0.6083334 0 0.375 0.25 0.375 0 0.3916667 0 0 0 0 0 0 0 0.6249999 0.5347222 0.625 0.5347222 0.625 0.5434028 0.6249999 0.5347222 0.625 0.5 0.625 0.5 0.6249999 0.5607638 0.625 0.5607639 0.625 0.5694444 0.6249999 0.5607638 0.6249999 0.5520833 0.6249999 0.5520833 0.6249999 0.5434027 0.625 0.5434028 0.6249999 0.5520833 0.875 0.5 0.875 0.75 0.625 0.75 0.3916667 0 0.375 0 0.375 0.5 0.375 0.25 0.625 0.25 0.625 0 0.625 0 0.625 0 0.625 0.25 0 0 0 0 0 0 0.375 0.5 0.375 0 0.375 0 1 1 0.875 1 0.875 0.5 0.875 1 0.75 1 0.75 0.5 0.75 1 0.625 1 0.625 0.5 0.625 1 0.5 1 0.5 0.5 0.5 1 0.375 1 0.375 0.5 0.375 1 0.25 1 0.25 0.5 0.49 0.25 0.4197056 0.4197056 0.25 0.49 0.25 0.49 0.08029437 0.4197056 0.49 0.25 0.08029437 0.4197056 0.00999999 0.25 0.49 0.25 0.00999999 0.25 0.08029437 0.08029437 0.49 0.25 0.08029437 0.08029437 0.25 0.00999999 0.49 0.25 0.25 1 0.125 1 0.125 0.5 0.125 1 0 1 0 0.5 1 1 0.875 1 0.875 0.5 0.875 1 0.75 1 0.75 0.5 0.75 1 0.625 1 0.625 0.5 0.625 1 0.5 1 0.5 0.5 0.5 1 0.375 1 0.375 0.5 0.375 1 0.25 1 0.25 0.5 0.49 0.25 0.4197056 0.4197056 0.25 0.49 0.25 0.49 0.08029437 0.4197056 0.49 0.25 0.08029437 0.4197056 0.00999999 0.25 0.49 0.25 0.00999999 0.25 0.08029437 0.08029437 0.25 0.00999999 0.25 0.00999999 0.4197056 0.08029437 0.00999999 0.25 0.25 1 0.125 1 0.125 0.5 0.125 1 0 1 0 0.5 0.125 0.5 0 0.5 0.625 0.5 0.625 0.5 0.625 0.5 0.875 0.5 0 0 0 0 0 0 0 0 0 0 0 0 0 0 0.625 0.25 0.625 0.25 0 0 0 0 0 0 0 0 0 0 0 0 0 0 0 0 0 0 0 0 0 0 0 0 0 0 0 0 0 0 0 0 0 0 0 0 0.1416666 0.75 0.1416666 0.75 0.1416667 0.5 0.8583334 0.5 0.8583334 0.75 0.8583334 0.75 0 0 0 0 0 0 0.5361111 0 0.6083334 0 0.6083334 0.25 0 0 0 0 0 0 0 0 0 0 0 0 0.1416667 0.5 0.1416667 0.5 0.4134616 0.9166666 0.375 0.25 0.3916667 0.25 0.3916667 0 0.6083334 0 0.6083334 0.25 0.625 0.25 0.375 0.25 0.625 0.25 0.625 0 0.375 0.75 0.625 0.75 0.625 0.5 0.375 0.75 0.375 1 0.625 1 0.125 0.75 0.375 0.75 0.375 0.5 0.625 0.75 0.875 0.75 0.875 0.5 0.375 0.25 0.625 0.25 0.625 0 0.375 0.75 0.625 0.75 0.625 0.5 0.375 0.75 0.375 1 0.625 1 0.125 0.75 0.375 0.75 0.375 0.5 0.625 0.75 0.875 0.75 0.875 0.5 0.3916667 0 0.375 0.25 0.375 0.5 0.625 0 0.625 0.25 0.375 0.25 0.1378205 0.3055555 0.5361111 0.25 0.6083334 0.25 0.875 0.5 0.875 1 1 1 0.75 0.5 0.75 1 0.875 1 0.625 0.5 0.625 1 0.75 1 0.5 0.5 0.5 1 0.625 1 0.375 0.5 0.375 1 0.5 1 0.25 0.5 0.25 1 0.375 1 0.25 0.49 0.4197056 0.4197056 0.49 0.25 0.49 0.25 0.4197056 0.08029437 0.25 0.49 0.4197056 0.08029437 0.25 0.00999999 0.25 0.49 0.25 0.00999999 0.08029437 0.08029437 0.25 0.49 0.08029437 0.08029437 0.00999999 0.25 0.25 0.49 0.125 0.5 0.125 1 0.25 1 0 0.5 0 1 0.125 1 0.875 0.5 0.875 1 1 1 0.75 0.5 0.75 1 0.875 1 0.625 0.5 0.625 1 0.75 1 0.5 0.5 0.5 1 0.625 1 0.375 0.5 0.375 1 0.5 1 0.25 0.5 0.25 1 0.375 1 0.25 0.49 0.4197056 0.4197056 0.49 0.25 0.49 0.25 0.4197056 0.08029437 0.25 0.49 0.4197056 0.08029437 0.25 0.00999999 0.25 0.49 0.25 0.00999999 0.08029437 0.08029437 0.25 0.49 0.08029437 0.08029437 0.00999999 0.25 0.25 0.49 0.125 0.5 0.125 1 0.25 1 0 0.5 0 1 0.125 1 0.375 0.5 0.625 0.5 0 0.5 0 0 0 0 0 0 0.5361111 0.25 0.6083334 0.25 0.6083334 0 0 0 0 0 0 0 0 0 0 0 0 0 0 0 0 0 0 0 0 0 0 0 0 0 0 0 0 0 0 0 0 0 0 0 0 0 0.427111 0.5 0.427111 0.5 0.625 0.5 0 0 0.04166662 0.1666666 0 0 0.4277778 0 0.3916667 0 0.375 0.25 0.125 0.5 0 0 0 0 0.3916667 0 0.5 0 0.5 0.25 0 0 0 0 0 0 0 0 0 0 0 0 0.3916667 0.25 0.5000001 0.25 0.5 0 0 0 0 0 0 0 0.25 0.49 0.4197056 0.4197056 0.25 0.00999999 0.4197056 0.4197056 0.49 0.25 0.25 0.00999999 0.49 0.25 0.4197056 0.08029437 0.25 0.00999999 0.25 0.00999999 0.08029437 0.08029437 0.00999999 0.25 0.00999999 0.25 0.08029437 0.4197056 0.25 0.00999999 0.625 0.5 0.5 0.5 0.5 1 0.75 0.5 0.75 1 0.875 1 0.5 0.5 0.375 0.5 0.375 1 0.375 0.5 0.25 0.5 0.25 1 0.125 0.5 0.125 0.75 0.375 0.75 0.375 0 0.375 0.25 0.625 0.25 0.625 0.5 0.625 0.75 0.875 0.75 0 0 0 0 0 0 0 0.5 0 1 0.125 1 0.3916667 0 0.375 0.25 0.375 0.5 0.125 0.5 0.0625 0.25 0 0 0 0 0 0 0 0 0.875 0.5 0.875 1 1 1 0.625 0.5 0.625 1 0.75 1 0.375 0.75 0.375 1 0.625 1 0.5 0 0.375 0.25 0.375 0.25 0 0 0 0 0 0 0.5 1 0.375 1 0.375 0.5 0.3916667 0.25 0.4134616 0.9166666 0.2067307 0.4583333 0.75 1 0.625 1 0.625 0.5 0.49 0.25 0.4197056 0.4197056 0.00999999 0.25 0.4197056 0.4197056 0.25 0.49 0.00999999 0.25 0.25 0.49 0.08029437 0.4197056 0.00999999 0.25 0.00999999 0.25 0.08029437 0.08029437 0.49 0.25 0.08029437 0.08029437 0.25 0.00999999 0.49 0.25 0 0 0 0 0 0 0 0 0 0 0 0 0 0 0 0 0 0 0.1416666 0.75 0.1416666 0.75 0.1416667 0.5 0 0 0 0 0 0 0.375 1 0.25 1 0.25 0.5 0.1416667 0.5 0.1416667 0.5 0.4134616 0.9166666 0.375 0.25 0.3916667 0.25 0.3916667 0 0 0 0 0 0 0 0.375 0.5 0.375 0 0.375 0 0 0 0 0 0 0 0 0 0 0 0 0 0.25 1 0.125 1 0.125 0.5 0.875 1 0.75 1 0.75 0.5 0.375 0.75 0.625 0.75 0.625 0.5 0.375 0.75 0.625 0.75 0.625 1 0.375 0.25 0.5 0 0.3916667 0 0.375 0 0.625 0 0.625 0.25 0.375 0.5 0.375 0.75 0.125 0.75 0.625 0.5 0.625 1 0.5 1 0.875 0.5 0.875 0.75 0.625 0.75 0.3916667 0 0.375 0 0.375 0.5 1 0.5 1 1 0.875 1 0.3916667 0.25 0.5 0.25 0.2067307 0.4583333 0.25 0.5 0.125 0.5 0.125 1 0.375 0.25 0.375 0 0.3916667 0 0.375 0.5 0.625 0.5 0.625 0.75 0.125 1 0 1 0 0.5 0 0 0 0 0 0 0.375 0.25 0.3916667 0 0.4277778 0 0.1378205 0.3055555 0 0 0.6083334 0.25 0.4277778 0.25 0.3445513 0.7638888 0.275641 0.6111112 0.4638888 0.25 0.275641 0.6111112 0.1378205 0.3055555 0.375 0.25 0.5361111 0 0.6083334 0 0.375 0.25 0.4638888 0 0.5361111 0 0.6083334 0 0.5361111 0 0.375 0.25 0.4638889 0 0.375 0.25 0.375 0.25 0.1041666 0.4166667 0.08333331 0.3333333 0 0 0 0 0.08333331 0.3333333 0.04166662 0.1666666 0 0 0 0 0 0 0 0 0 0 0 0 0 0 0 0 0 0 0 0 0 0 0 0 0 0 0 0 0 0 0 0 0 0 0 0 0.1041666 0.4166667 0 0 0 0 0 0 0 0 0.04166662 0.1666666 0 0 0 0 0 0 0 0 0 0 0 0 0 0 0 0 0 0 0 0 0 0 0 0 0.4277778 0.25 0.4638888 0.25 0.4638888 0 0.4638888 0.25 0.5361111 0.25 0.5361111 0 0.4277778 0.25 0.4638889 0.25 0.275641 0.6111111 0.4638889 0.25 0.5361111 0.25 0.1378205 0.3055555 0 0 0 0 0 0 0 0 0 0 0 0 0 0 0 0 0 0 0 0 0 0 0 0 0.4277778 0 0.4638889 0 0.4638889 0.25 0.4638889 0 0.5361111 0 0.5361111 0.25 0.3916667 0 0.4277778 0 0.4277778 0.25 0 0 0 0 0 0 0.3916667 0.25 0.4277778 0.25 0.3445513 0.7638889 0.3916667 0.25 0.4277778 0.25 0.4277778 0 0 0 0 0 0 0 0 0 0 0 0 0 0.125 0.5 0 0 0 0 0 0 0 0 0 0 0 0 0 0 0 0 0.125 0.5 0.1041666 0.4166667 0 0 0.3916667 0.25 0.4134616 0.9166666 0.3445513 0.7638888 0.375 0.25 0.4277778 0 0.4638888 0 0.4638889 0 0.4277778 0 0.375 0.25 0 0 0 0 0 0 0 0 0 0 0 0 0 0 0 0 0 0 0.625 0.5434028 0.625 0.5347222 0.6249999 0.5347222 0.6249999 0.5347222 0.625 0.5347222 0.625 0.5 0.625 0.5694444 0.625 0.5607639 0.6249999 0.5607638 0.6249999 0.5607638 0.625 0.5607639 0.6249999 0.5520833 0.6249999 0.5520833 0.625 0.5434028 0.6249999 0.5434027 0.3445513 0.7638889 0.4134616 0.9166666 0.4134616 0.9166666 0.427111 0.5 0.625 0.5 0.625 0.5 0.625 0.4242188 0.625 0.4242188 0.625 0.4242187 0 0 0.1378205 0.3055555 0.1378205 0.3055555 0.1378205 0.3055555 0.1378205 0.3055555 0.275641 0.6111111 0.275641 0.6111111 0.3445513 0.7638889 0.3445513 0.7638888 0.625 0.4335938 0.6250001 0.4367368 0.6250001 0.4264708 0.625 0.4335937 0.625 0.4335938 0.625 0.4453125 0.625 0.421875 0.625 0.421875 0.625 0.4335937 0.6250001 0.4675347 0.625 0.46875 0.625 0.4453125 0.625 0.453125 0.625 0.453125 0.625 0.46875 0.625 0.4335938 0.625 0.4453125 0.625 0.4453125 0.625 0.4453125 0.625 0.4453125 0.625 0.46875 0.625 0.46875 0.625 0.453125 0.625 0.453125 0.4777963 0.40625 0.4946914 0.375 0.625 0.4375 0.8125001 0.5972223 0.75 0.5972222 0.75 0.5694444 0.75 0.5231481 0.75 0.5 0.875 0.5 0.875 0.5972222 0.8125001 0.5972223 0.8125 0.5694444 0.625 0.375 0.625 0.4375 0.4946914 0.375 0.875 0.5 0.875 0.5 0.875 0.5231481 0.625 0.375 0.625 0.375 0.625 0.4375 0.75 0.5231481 0.8541666 0.5231481 0.8125 0.5694444 0 0 0 0 0 0 0.625 0.421875 0.625 0.421875 0.625 0.421875 0.8541666 0.5231481 0.875 0.5231481 0.875 0.5694444 0.625 0.375 0.625 0.375 0.625 0.421875 0.625 0.421875 0.625 0.421875 0.625 0.375 0.625 0.425 0.625 0.425 0.625 0.425 0.4134616 0.9166666 0.4134616 0.9166666 0.3445513 0.7638889 0.427111 0.5 0.427111 0.5 0.625 0.5 0.75 0.5694444 0.75 0.5694444 0.75 0.5231481 0.625 0.421875 0.75 0.5231481 0.75 0.5231481 0.1378205 0.3055556 0.1378205 0.3055555 0 0 0.1378205 0.3055556 0.275641 0.6111111 0.275641 0.6111111 0.3445513 0.7638887 0.3445513 0.7638889 0.275641 0.6111111 0.8125001 0.6111112 0.8125001 0.5972223 0.875 0.5972222 0.8125001 0.6111112 0.75 0.6111111 0.75 0.5972222 0.625 0.375 0.75 0.5231481 0.625 0.4375 0.625 0.421875 0.625 0.421875 0.625 0.421875 0.625 0.421875 0.625 0.421875 0.625 0.421875 0.625 0.4453125 0.625 0.46875 0.625 0.46875 0.625 0.421875 0.625 0.421875 0.625 0.421875 0.75 0.5231481 0.75 0.5231481 0.625 0.421875 0.625 0.421875 0.75 0.5231481 0.75 0.5231481 0.75 0.5694444 0.75 0.5694444 0.75 0.5231481 0.75 0.5694444 0.75 0.5694444 0.75 0.5231481 0.625 0.421875 0.625 0.421875 0.625 0.375 0.625 0.421875 0.625 0.421875 0.625 0.375 0.625 0.421875 0.625 0.421875 0.625 0.421875 0.625 0.421875 0.625 0.421875 0.625 0.421875 0.625 0.421875 0.625 0.421875 0.625 0.421875 0.6250001 0.4264708 0.6250001 0.4264708 0.625 0.4242187 0.75 0.5231481 0.75 0.5231481 0.625 0.421875 0.75 0.5694444 0.75 0.5694444 0.75 0.5231481 0.625 0.421875 0.625 0.421875 0.625 0.375 0.625 0.421875 0.625 0.421875 0.625 0.421875 0.625 0.421875 0.625 0.421875 0.625 0.421875 0.625 0.421875 0.625 0.421875 0.625 0.421875 0.625 0.421875 0.625 0.421875 0.625 0.421875 0.75 0.625 0.75 0.6111111 0.8125001 0.6111112 0.8125 0.625 0.8125001 0.6111112 0.875 0.6111111 0.625 0.375 0.625 0.375 0.625 0.421875 0.625 0.421875 0.625 0.421875 0.625 0.421875 0.6249999 0.5607637 0.6249999 0.5607637 0.6249999 0.5520833 0.625 0.5972222 0.625 0.5972222 0.625 0.625 0.625 0.5434027 0.625 0.5434027 0.625 0.5520833 0.625 0.5520833 0.625 0.5520833 0.625 0.5607638 0.625 0.5607638 0.625 0.5607638 0.625 0.5694444 0.625 0.5347222 0.625 0.5347222 0.625 0.5434027 0.8125001 0.5972223 0.8125 0.5694444 0.75 0.5694444 0.75 0.5231481 0.8541666 0.5231481 0.875 0.5 0.875 0.5972222 0.875 0.5694444 0.8125 0.5694444 0.625 0.375 0.5622718 0.25 0.4946914 0.375 0.875 0.5231481 0.875 0.5 0.875 0.5 0.625 0.4375 0.625 0.375 0.625 0.375 0.8125 0.5694444 0.8541666 0.5231481 0.75 0.5231481 0.625 0.421875 0.625 0.421875 0.625 0.421875 0.875 0.5694444 0.875 0.5231481 0.8541666 0.5231481 0.625 0.421875 0.625 0.375 0.625 0.375 0.625 0.375 0.625 0.421875 0.625 0.421875 0 0 0 0 0 0 0.875 0.5972222 0.8125001 0.5972223 0.8125001 0.6111112 0.8125001 0.6111112 0.8125001 0.5972223 0.75 0.5972222 0.625 0.4453125 0.625 0.4453125 0.625 0.46875 0.625 0.375 0.625 0.4375 0.625 0.4375 0.625 0.4375 0.625 0.4375 0.625 0.4453125 0.625 0.421875 0.625 0.421875 0.625 0.421875 0.625 0.421875 0.625 0.421875 0.625 0.421875 0.6250001 0.4335938 0.625 0.4335937 0.625 0.421875 0.625 0.4453125 0.625 0.4375 0.625 0.4375 0.625 0.421875 0.75 0.5231481 0.75 0.5231481 0.625 0.421875 0.625 0.421875 0.75 0.5231481 0.75 0.5231481 0.75 0.5694444 0.75 0.5694444 0.75 0.5231481 0.75 0.5694444 0.75 0.5694444 0.625 0.375 0.625 0.421875 0.625 0.421875 0.625 0.375 0.625 0.421875 0.625 0.421875 0.625 0.421875 0.625 0.421875 0.625 0.421875 0.625 0.421875 0.625 0.421875 0.625 0.421875 0.625 0.421875 0.625 0.421875 0.625 0.421875 0.427111 0.5 0.625 0.5 0.625 0.46875 0.625 0.421875 0.625 0.421875 0.625 0.4335937 0.625 0.421875 0.625 0.421875 0.75 0.5231481 0.75 0.5231481 0.75 0.5694444 0.75 0.5694444 0.625 0.375 0.625 0.421875 0.625 0.421875 0.625 0.421875 0.625 0.421875 0.625 0.421875 0.625 0.421875 0.625 0.421875 0.625 0.421875 0.625 0.421875 0.625 0.421875 0.625 0.421875 0.625 0.421875 0.625 0.421875 0.625 0.421875 0.8125001 0.6111112 0.75 0.6111111 0.75 0.625 0.875 0.6111111 0.8125001 0.6111112 0.8125 0.625 0.625 0.421875 0.625 0.375 0.625 0.375 0.625 0.421875 0.625 0.421875 0.625 0.421875 0.625 0.625 0.625 0.5902778 0.625 0.5902778 0.625 0.625 0.625 0.5972222 0.625 0.5972222 0.625 0.5520833 0.625 0.5434027 0.625 0.5434027 0.625 0.4453125 0.625 0.4453125 0.625 0.46875 0.625 0.5607638 0.625 0.5520833 0.625 0.5520833 0.625 0.5694444 0.625 0.5607638 0.625 0.5607638 0.625 0.5434027 0.625 0.5347222 0.625 0.5347222 0.6250001 0.4264708 0.625 0.421875 0.625 0.421875 0.625 0.4242188 0.625 0.421875 0.625 0.421875 0.625 0.4242187 0.625 0.421875 0.625 0.421875 0.625 0.425 0.625 0.425 0.625 0.421875 0.625 0.4675347 0.625 0.46875 0.625 0.46875 0.6250001 0.4675347 0.625 0.4675347 0.625 0.46875 0.625 0.4675347 0.625 0.46875 0.625 0.46875 0.625 0.4675347 0.625 0.46875 0.625 0.46875 0.625 0.4335936 0.625 0.4453125 0.625 0.4453125 0.625 0.421875 0.625 0.421875 0.6250001 0.4264708 0.625 0.421875 0.625 0.421875 0.625 0.4242188 0.625 0.421875 0.625 0.421875 0.625 0.4242187 0.625 0.425 0.625 0.421875 0.625 0.421875 0.625 0.425 0.625 0.421875 0.625 0.421875 0.625 0.46875 0.625 0.46875 0.625 0.4675347 0.625 0.46875 0.625 0.46875 0.625 0.4675347 0.6250001 0.4675347 0.625 0.46875 0.625 0.46875 0.625 0.46875 0.625 0.46875 0.625 0.4675347 0.625 0.425 0.625 0.425 0.625 0.425 0.625 0.46875 0.625 0.46875 0.625 0.4675347 0.625 0.46875 0.625 0.4453125 0.625 0.4453125 0.625 0.425 0.625 0.425 0.625 0.421875 0.275641 0.6111111 0.3445513 0.7638889 0.3445513 0.7638888 0.1378205 0.3055555 0.1378205 0.3055555 0.275641 0.6111111 0 0 0.1378205 0.3055555 0.1378205 0.3055555 0.427111 0.5 0.625 0.5 0.625 0.5 0.3445513 0.7638889 0.4134616 0.9166666 0.4134616 0.9166666 0.625 0.4675347 0.625 0.46875 0.625 0.46875 0.3445513 0.7638887 0.3445513 0.7638889 0.275641 0.6111111 0.1378205 0.3055555 0.275641 0.6111111 0.275641 0.6111111 0.1378205 0.3055555 0.1378205 0.3055555 0 0 0.427111 0.5 0.427111 0.5 0.625 0.5 0.4134616 0.9166666 0.4134616 0.9166666 0.3445513 0.7638889 0.625 0.46875 0.625 0.4453125 0.625 0.4453125 0.6250001 0.4470028 0.625 0.4453125 0.625 0.4335938 0.625 0.425 0.625 0.425 0.625 0.4242188 0.6250001 0.4675347 0.6250001 0.4470028 0.625 0.4453125 0.625 0.421875 0.625 0.421875 0.625 0.4335938 0.625 0.4453125 0.625 0.4453125 0.625 0.46875 0.625 0.425 0.625 0.425 0.625 0.425 0.6250001 0.4335938 0.625 0.4453125 0.625 0.4453125 0.625 0.5347222 0.625 0.5 0.625 0.5 0.625 0.5694444 0.625 0.5607638 0.625 0.5607638 0.625 0.5347222 0.625 0.5347222 0.625 0.5434027 0.625 0.5434027 0.625 0.5434027 0.6249999 0.5520833 0.625 0.4335937 0.625 0.421875 0.625 0.421875 0.625 0.46875 0.625 0.4453125 0.625 0.4453125 0.625 0.4453125 0.625 0.46875 0.625 0.46875 0.4777963 0.40625 0.625 0.453125 0.625 0.4375 0.625 0.425 0.625 0.4242188 0.625 0.4242188 0.427111 0.5 0.4609012 0.4375 0.625 0.46875 0.625 0.4242187 0.625 0.4242187 0.625 0.4242188 0.625 0.425 0.625 0.425 0.625 0.425 0.625 0.625 0.625 0.5833333 0.625 0.5902778 0.6250001 0.5347223 0.625 0.5347222 0.625 0.5 0.625 0.5694444 0.625 0.5694444 0.625 0.5607639 0.625 0.5434027 0.625 0.5434027 0.625 0.5347222 0.625 0.5434027 0.6249999 0.5520833 0.6249999 0.5520833 0.6249999 0.5607637 0.625 0.5607639 0.6249999 0.5520833 0.625 0.625 0.625 0.5902778 0.625 0.5833333 0.625 0.5 0.625 0.5347222 0.625 0.5347222 0.625 0.5607639 0.625 0.5694444 0.625 0.5694444 0.625 0.5347222 0.625 0.5434027 0.625 0.5434027 0.625 0.5434027 0.625 0.5434027 0.6249999 0.5520833 0.6249999 0.5520833 0.625 0.5607639 0.625 0.5607638 0.625 0.5607638 0.625 0.5607639 0.6249999 0.5520833 0.625 0.5434027 0.625 0.5520833 0.6249999 0.5520833 0.625 0.5347222 0.625 0.5434027 0.625 0.5434027 0.625 0.5607638 0.625 0.5694444 0.625 0.5694444 0.625 0.5347222 0.625 0.5347222 0.625 0.5 0.625 0.625 0.625 0.625 0.625 0.5833333 0.6249999 0.5520833 0.625 0.5607639 0.625 0.5607639 0.625 0.5434027 0.625 0.5434027 0.6249999 0.5520833 0.625 0.5347222 0.625 0.5347222 0.625 0.5434027 0.625 0.5607639 0.625 0.5607639 0.625 0.5694444 0.625 0.5 0.625 0.5347222 0.625 0.5347222 0.625 0.5902778 0.625 0.5833333 0.625 0.625 0.6250001 0.4335938 0.625 0.421875 0.625 0.421875 0 0 0 0 0 0 0 0 0 0 0 0 0.6249999 0.5520833 0.625 0.5607638 0.625 0.5607638 0.625 0.5434027 0.6249999 0.5520833 0.625 0.5520833 0.625 0.5347222 0.625 0.5434027 0.625 0.5434027 0.625 0.5607638 0.625 0.5694444 0.625 0.5694444 0.625 0.5 0.625 0.5347222 0.625 0.5347222 0.625 0.625 0.625 0.5972222 0.625 0.5902778 0.3445513 0.7638888 0.3445513 0.7638887 0.275641 0.6111111 0.275641 0.6111111 0.275641 0.6111111 0.1378205 0.3055556 0.1378205 0.3055555 0.1378205 0.3055556 0 0 0.427111 0.5 0.427111 0.5 0.625 0.5 0.4134616 0.9166666 0.4134616 0.9166666 0.3445513 0.7638887 0.625 0.5607638 0.6249999 0.5607637 0.6249999 0.5520833 0.625 0.5520833 0.6249999 0.5520833 0.625 0.5434027 0.625 0.5434027 0.625 0.5434027 0.6250001 0.5347223 0.625 0.5694444 0.625 0.5694444 0.6249999 0.5607637 0.625 0.5347222 0.6250001 0.5347223 0.625 0.5 0.625 0.625 0.625 0.5902778 0.625 0.5972222 0.275641 0.6111111 0.3445513 0.7638888 0.3445513 0.7638888 0.1378205 0.3055555 0.275641 0.6111111 0.275641 0.6111111 0 0 0.1378205 0.3055555 0.1378205 0.3055555 0.427111 0.5 0.625 0.5 0.625 0.5 0.3445513 0.7638888 0.4134616 0.9166666 0.4134616 0.9166666 0.6249999 0.5520833 0.6249999 0.5520833 0.625 0.5434027 0.625 0.5434027 0.625 0.5434027 0.6250001 0.5347223 0.625 0.5694444 0.625 0.5694444 0.6249999 0.5607637 0.6250001 0.5347223 0.6250001 0.5347223 0.625 0.5 0.625 0.625 0.625 0.625 0.625 0.5902778 0.6249999 0.5520833 0.6249999 0.5520833 0.625 0.5607638 0.625 0.46875 0.625 0.46875 0.625 0.4453125 0.625 0.4675347 0.625 0.4675347 0.625 0.4675347 0.625 0.421875 0.625 0.4335938 0.625 0.4335938 0.6250001 0.4470028 0.6250001 0.4675347 0.6250001 0.4675347 0.6250001 0.4675347 0.6250001 0.4675347 0.625 0.4675347 0.4609012 0.4375 0.4777963 0.40625 0.625 0.453125 0.625 0.4675347 0.625 0.4675347 0.625 0.4675347 0.625 0.4367368 0.6250001 0.4264708 0.6250001 0.4264708 0.6250001 0.4470028 0.6250001 0.4470028 0.6250001 0.4675347 0.6250001 0.4675347 0.625 0.4675346 0.625 0.4675347 0.625 0.4453125 0.625 0.4453125 0.625 0.453125 0.625 0.4675347 0.625 0.4675347 0.625 0.4675347 0.625 0.4453125 0.625 0.4453125 0.625 0.4335937 0.625 0.453125 0.625 0.4453125 0.625 0.4453125 0.625 0.4335938 0.625 0.4335937 0.625 0.4453125 0.625 0.421875 0.625 0.4335936 0.625 0.4335938 0.6250001 0.4264708 0.625 0.4367368 0.625 0.4335938 0.625 0.4335938 0.625 0.4335938 0.625 0.4453125 0.625 0.421875 0.6250001 0.4335938 0.625 0.4335936 0.625 0.4453125 0.625 0.4335937 0.625 0.4335938 0.4609012 0.4375 0.625 0.46875 0.625 0.453125 0.625 0.4453125 0.6250001 0.4335938 0.625 0.4335937 0.6250001 0.4264708 0.625 0.4242187 0.625 0.4242187 0.6250001 0.4470028 0.6250001 0.4367368 0.625 0.4335938 0.625 0.4675347 0.625 0.4675347 0.625 0.4675347 0.6250001 0.4470028 0.625 0.4367368 0.625 0.4367368 0.625 0.4675347 0.625 0.4675347 0.625 0.4675347 0.6250001 0.4264708 0.6250001 0.4264708 0.6250001 0.4367368 0.625 0.4675347 0.625 0.4675347 0.625 0.4675347 0.625 0.4675347 0.625 0.4675347 0.625 0.4675347 0.625 0.4675347 0.625 0.4675347 0.625 0.4675347 0.625 0.4675347 0.625 0.4675347 0.625 0.4675347 0.625 0.4367368 0.6250001 0.4367368 0.6250001 0.4470028 0.625 0.4675347 0.625 0.4675347 0.625 0.4675347 0.625 0.4675347 0.625 0.4675347 0.625 0.4675347 0.625 0.421875 0.625 0.421875 0.625 0.4335938 0.625 0.4675347 0.6250001 0.4675347 0.625 0.4675347 0.6250001 0.4335938 0.625 0.4335937 0.625 0.4453125 0.625 0.4675347 0.625 0.4675347 0.625 0.4675347 0.6250001 0.4675347 0.6250001 0.4675347 0.625 0.4675347 0.625 0.4675347 0.625 0.4675347 0.625 0.4675347 0.625 0.4675347 0.625 0.4675347 0.625 0.4675347 0.6250001 0.4675347 0.625 0.4675347 0.625 0.4675347 0.625 0.4675347 0.625 0.4675347 0.625 0.4675347 0.625 0.4675347 0.625 0.4675347 0.625 0.4675347 0.6250001 0.4675347 0.625 0.4675347 0.625 0.4675347 0.625 0.4675347 0.625 0.4675347 0.625 0.4675347 0.6250001 0.4675347 0.6250001 0.4675347 0.625 0.4675347 0.6250001 0.4675347 0.6250001 0.4675347 0.625 0.4675347 0.625 0.4675347 0.625 0.4675347 0.625 0.4675347 0.625 0.4675347 0.625 0.4675347 0.625 0.4675347 0.625 0.4675347 0.625 0.4675347 0.625 0.4675347 0.625 0.4675347 0.625 0.4675347 0.6250001 0.4675347 0.625 0.4675347 0.625 0.4675347 0.6250001 0.4675347 0.625 0.4675347 0.625 0.4675347 0.625 0.4675346 0.6250001 0.4675347 0.6250001 0.4675347 0.625 0.4675347 0.625 0.4675347 0.625 0.4675347 0.625 0.4675347 0.625 0.4675347 0.625 0.4675347 0.625 0.4675347 0.625 0.4675347 0.625 0.4675347 0.625 0.4675346 0.6250001 0.4675347 0.625 0.4675347 0.625 0.4675347 0.6250001 0.4675347 0.625 0.4675347 0.625 0.4675347 0.625 0.4675347 0.625 0.4675347 0.6250001 0.4675347 0.625 0.4675347 0.6250001 0.4675347 0.6250001 0.4675347 0.625 0.4675347 0.625 0.4675347 0.625 0.4675347 0.625 0.4242187 0.625 0.4242188 0.625 0.4242188 0.625 0.4335938 0.625 0.421875 0.6250001 0.4264708 0.625 0.4335937 0.625 0.4453125 0.625 0.4453125 0.625 0.4335937 0.625 0.421875 0.625 0.421875 0.625 0.4453125 0.625 0.46875 0.6250001 0.4675347 0.625 0.46875 0.625 0.453125 0.625 0.453125 0.625 0.4453125 0.625 0.4453125 0.625 0.4335938 0.625 0.46875 0.625 0.4453125 0.625 0.4453125 0.625 0.46875 0.625 0.46875 0.625 0.453125 0.625 0.4375 0.4946914 0.375 0.4777963 0.40625 0.8125001 0.5972223 0.8125 0.5694444 0.75 0.5694444 0.75 0.5231481 0.8541666 0.5231481 0.875 0.5 0.875 0.5972222 0.875 0.5694444 0.8125 0.5694444 0.625 0.375 0.5622718 0.25 0.4946914 0.375 0.875 0.5231481 0.875 0.5 0.875 0.5 0.625 0.4375 0.625 0.375 0.625 0.375 0.8125 0.5694444 0.8541666 0.5231481 0.75 0.5231481 0.625 0.421875 0.625 0.421875 0.625 0.421875 0.875 0.5694444 0.875 0.5231481 0.8541666 0.5231481 0.625 0.421875 0.625 0.375 0.625 0.375 0.625 0.375 0.625 0.421875 0.625 0.421875 0.625 0.425 0.625 0.425 0.625 0.425 0.75 0.5231481 0.75 0.5694444 0.75 0.5694444 0.625 0.421875 0.625 0.421875 0.75 0.5231481 0.875 0.5972222 0.8125001 0.5972223 0.8125001 0.6111112 0.8125001 0.6111112 0.8125001 0.5972223 0.75 0.5972222 0.625 0.375 0.625 0.4375 0.625 0.4375 0.625 0.421875 0.625 0.421875 0.625 0.421875 0.625 0.421875 0.625 0.421875 0.625 0.421875 0.625 0.46875 0.625 0.46875 0.625 0.4453125 0.625 0.421875 0.625 0.421875 0.625 0.421875 0.625 0.421875 0.75 0.5231481 0.75 0.5231481 0.625 0.421875 0.625 0.421875 0.75 0.5231481 0.75 0.5231481 0.75 0.5694444 0.75 0.5694444 0.75 0.5231481 0.75 0.5694444 0.75 0.5694444 0.625 0.375 0.625 0.421875 0.625 0.421875 0.625 0.375 0.625 0.421875 0.625 0.421875 0.625 0.421875 0.625 0.421875 0.625 0.421875 0.625 0.421875 0.625 0.421875 0.625 0.421875 0.625 0.421875 0.625 0.421875 0.625 0.421875 0.625 0.4242187 0.6250001 0.4264708 0.6250001 0.4264708 0.625 0.421875 0.75 0.5231481 0.75 0.5231481 0.75 0.5231481 0.75 0.5694444 0.75 0.5694444 0.625 0.375 0.625 0.421875 0.625 0.421875 0.625 0.421875 0.625 0.421875 0.625 0.421875 0.625 0.421875 0.625 0.421875 0.625 0.421875 0.625 0.421875 0.625 0.421875 0.625 0.421875 0.625 0.421875 0.625 0.421875 0.625 0.421875 0.8125001 0.6111112 0.75 0.6111111 0.75 0.625 0.875 0.6111111 0.8125001 0.6111112 0.8125 0.625 0.625 0.421875 0.625 0.375 0.625 0.375 0.625 0.421875 0.625 0.421875 0.625 0.421875 0.6249999 0.5520833 0.6249999 0.5607637 0.6249999 0.5607637 0.625 0.625 0.625 0.5972222 0.625 0.5972222 0.625 0.5520833 0.625 0.5434027 0.625 0.5434027 0.625 0.5607638 0.625 0.5520833 0.625 0.5520833 0.625 0.5694444 0.625 0.5607638 0.625 0.5607638 0.625 0.5434027 0.625 0.5347222 0.625 0.5347222 0.8125001 0.5972223 0.75 0.5972222 0.75 0.5694444 0.75 0.5231481 0.75 0.5 0.875 0.5 0.875 0.5972222 0.8125001 0.5972223 0.8125 0.5694444 0.625 0.375 0.625 0.4375 0.4946914 0.375 0.875 0.5 0.875 0.5 0.875 0.5231481 0.625 0.375 0.625 0.375 0.625 0.4375 0.75 0.5231481 0.8541666 0.5231481 0.8125 0.5694444 0.625 0.421875 0.625 0.421875 0.625 0.421875 0.8541666 0.5231481 0.875 0.5231481 0.875 0.5694444 0.625 0.375 0.625 0.375 0.625 0.421875 0.625 0.421875 0.625 0.421875 0.625 0.375 0.8125001 0.6111112 0.8125001 0.5972223 0.875 0.5972222 0.8125001 0.6111112 0.75 0.6111111 0.75 0.5972222 0.625 0.4453125 0.625 0.46875 0.625 0.46875 0.625 0.375 0.75 0.5231481 0.625 0.4375 0.625 0.4453125 0.625 0.4375 0.625 0.4375 0.625 0.421875 0.625 0.421875 0.625 0.421875 0.625 0.421875 0.625 0.421875 0.625 0.421875 0.6250001 0.4335938 0.625 0.421875 0.625 0.421875 0.625 0.4453125 0.625 0.4453125 0.625 0.4375 0.75 0.5231481 0.75 0.5231481 0.625 0.421875 0.625 0.421875 0.75 0.5231481 0.75 0.5231481 0.75 0.5694444 0.75 0.5694444 0.75 0.5231481 0.75 0.5694444 0.75 0.5694444 0.75 0.5231481 0.625 0.421875 0.625 0.421875 0.625 0.375 0.625 0.421875 0.625 0.421875 0.625 0.375 0.625 0.421875 0.625 0.421875 0.625 0.421875 0.625 0.421875 0.625 0.421875 0.625 0.421875 0.625 0.421875 0.625 0.421875 0.625 0.421875 0.427111 0.5 0.4609012 0.4375 0.625 0.46875 0.625 0.4335937 0.625 0.421875 0.625 0.421875 0.625 0.421875 0.75 0.5231481 0.75 0.5231481 0.75 0.5694444 0.75 0.5694444 0.75 0.5231481 0.625 0.421875 0.625 0.421875 0.625 0.375 0.625 0.421875 0.625 0.421875 0.625 0.421875 0.625 0.421875 0.625 0.421875 0.625 0.421875 0.625 0.421875 0.625 0.421875 0.625 0.421875 0.625 0.421875 0.625 0.421875 0.625 0.421875 0.75 0.625 0.75 0.6111111 0.8125001 0.6111112 0.8125 0.625 0.8125001 0.6111112 0.875 0.6111111 0.625 0.375 0.625 0.375 0.625 0.421875 0.625 0.421875 0.625 0.421875 0.625 0.421875 0.625 0.625 0.625 0.625 0.625 0.5902778 0.625 0.5972222 0.625 0.5972222 0.625 0.625 0.625 0.5434027 0.625 0.5434027 0.625 0.5520833 0.625 0.4453125 0.625 0.46875 0.625 0.46875 0.625 0.5520833 0.625 0.5520833 0.625 0.5607638 0.625 0.5607638 0.625 0.5607638 0.625 0.5694444 0.625 0.5347222 0.625 0.5347222 0.625 0.5434027 0.625 0.421875 0.625 0.421875 0.6250001 0.4264708 0.625 0.421875 0.625 0.421875 0.625 0.4242188 0.625 0.421875 0.625 0.421875 0.625 0.4242187 0.625 0.425 0.625 0.421875 0.625 0.421875 0.625 0.46875 0.625 0.46875 0.625 0.4675347 0.6250001 0.4675347 0.625 0.46875 0.625 0.46875 0.625 0.46875 0.625 0.46875 0.625 0.4675347 0.625 0.46875 0.625 0.46875 0.625 0.4675347 0.625 0.4453125 0.625 0.4453125 0.625 0.4335936 0.6250001 0.4264708 0.625 0.421875 0.625 0.421875 0.625 0.4242188 0.625 0.421875 0.625 0.421875 0.625 0.4242187 0.625 0.421875 0.625 0.421875 0.625 0.425 0.625 0.425 0.625 0.421875 0.625 0.425 0.625 0.425 0.625 0.421875 0.625 0.4675347 0.625 0.46875 0.625 0.46875 0.625 0.4675347 0.625 0.46875 0.625 0.46875 0.6250001 0.4675347 0.625 0.4675347 0.625 0.46875 0.625 0.4675347 0.625 0.46875 0.625 0.46875 0.625 0.425 0.625 0.425 0.625 0.425 0.625 0.4675347 0.625 0.46875 0.625 0.46875 0.625 0.46875 0.625 0.46875 0.625 0.4453125 0.625 0.425 0.625 0.421875 0.625 0.421875 0.625 0.46875 0.625 0.46875 0.625 0.4675347 0.625 0.4453125 0.625 0.4453125 0.625 0.46875 0.625 0.4335938 0.625 0.4453125 0.6250001 0.4470028 0.625 0.4242188 0.625 0.425 0.625 0.425 0.625 0.4453125 0.6250001 0.4470028 0.6250001 0.4675347 0.625 0.4335938 0.625 0.421875 0.625 0.421875 0.625 0.46875 0.625 0.4453125 0.625 0.4453125 0.625 0.425 0.625 0.425 0.625 0.425 0.625 0.4453125 0.625 0.4453125 0.6250001 0.4335938 0.625 0.5347222 0.625 0.5347222 0.625 0.5 0.625 0.5694444 0.625 0.5694444 0.625 0.5607638 0.625 0.5434027 0.625 0.5347222 0.625 0.5347222 0.6249999 0.5520833 0.625 0.5434027 0.625 0.5434027 0.625 0.421875 0.625 0.421875 0.625 0.4335937 0.625 0.4453125 0.625 0.4453125 0.625 0.46875 0.625 0.46875 0.625 0.46875 0.625 0.4453125 0.4777963 0.40625 0.4946914 0.375 0.625 0.4375 0.625 0.425 0.625 0.425 0.625 0.4242188 0.625 0.46875 0.4609012 0.4375 0.427111 0.5 0.625 0.4242188 0.625 0.4242187 0.625 0.4242187 0.625 0.425 0.625 0.425 0.625 0.425 0.625 0.421875 0.625 0.421875 0.6250001 0.4335938 0.625 0.5607638 0.625 0.5607638 0.6249999 0.5520833 0.625 0.5520833 0.6249999 0.5520833 0.625 0.5434027 0.625 0.5434027 0.625 0.5434027 0.625 0.5347222 0.625 0.5694444 0.625 0.5694444 0.625 0.5607638 0.625 0.5347222 0.625 0.5347222 0.625 0.5 0.625 0.625 0.625 0.625 0.625 0.5902778 0.275641 0.6111111 0.3445513 0.7638887 0.3445513 0.7638888 0.1378205 0.3055556 0.275641 0.6111111 0.275641 0.6111111 0 0 0.1378205 0.3055556 0.1378205 0.3055555 0.427111 0.5 0.625 0.5 0.625 0.5 0.3445513 0.7638887 0.4134616 0.9166666 0.4134616 0.9166666 0.6249999 0.5520833 0.6249999 0.5607637 0.625 0.5607638 0.625 0.5434027 0.6249999 0.5520833 0.625 0.5520833 0.6250001 0.5347223 0.625 0.5434027 0.625 0.5434027 0.6249999 0.5607637 0.625 0.5694444 0.625 0.5694444 0.625 0.5 0.6250001 0.5347223 0.625 0.5347222 0.625 0.5972222 0.625 0.5902778 0.625 0.625 0.3445513 0.7638888 0.3445513 0.7638888 0.275641 0.6111111 0.275641 0.6111111 0.275641 0.6111111 0.1378205 0.3055555 0.1378205 0.3055555 0.1378205 0.3055555 0 0 0.427111 0.5 0.427111 0.5 0.625 0.5 0.4134616 0.9166666 0.4134616 0.9166666 0.3445513 0.7638888 0.625 0.5434027 0.6249999 0.5520833 0.6249999 0.5520833 0.6250001 0.5347223 0.625 0.5434027 0.625 0.5434027 0.6249999 0.5607637 0.625 0.5694444 0.625 0.5694444 0.625 0.5 0.6250001 0.5347223 0.6250001 0.5347223 0.625 0.5902778 0.625 0.625 0.625 0.625 0.625 0.5607638 0.6249999 0.5520833 0.6249999 0.5520833 0.625 0.46875 0.625 0.4453125 0.625 0.4453125 0.625 0.4675347 0.625 0.4675347 0.625 0.4675347 0.625 0.4335938 0.625 0.4335938 0.625 0.421875 0.6250001 0.4470028 0.6250001 0.4470028 0.6250001 0.4675347 0.625 0.4675347 0.6250001 0.4675347 0.6250001 0.4675347 0.625 0.453125 0.4737362 0.4137597 0.4609012 0.4375 0.625 0.4675347 0.625 0.4675347 0.625 0.4675347 0.625 0.4367368 0.625 0.4367368 0.6250001 0.4264708 0.6250001 0.4675347 0.6250001 0.4470028 0.6250001 0.4470028 0.625 0.4675347 0.625 0.4675346 0.6250001 0.4675347 0.625 0.453125 0.625 0.4453125 0.625 0.4453125 0.625 0.4675347 0.625 0.4675347 0.625 0.4675347 0.625 0.4453125 0.6250001 0.4335938 0.625 0.4335937 0.625 0.453125 0.625 0.453125 0.625 0.4453125 0.625 0.4453125 0.625 0.4335937 0.625 0.4335938 0.625 0.4335938 0.625 0.4335936 0.625 0.421875 0.6250001 0.4264708 0.625 0.421875 0.625 0.4335938 0.625 0.4453125 0.625 0.4335938 0.625 0.4335938 0.625 0.4335936 0.6250001 0.4335938 0.625 0.421875 0.625 0.4335938 0.625 0.4335937 0.625 0.4453125 0.4609012 0.4375 0.4777963 0.40625 0.625 0.453125 0.625 0.4335937 0.6250001 0.4335938 0.625 0.4453125 0.6250001 0.4264708 0.6250001 0.4264708 0.625 0.4242187 0.625 0.4335938 0.6250001 0.4367368 0.6250001 0.4470028 0.625 0.4675347 0.625 0.4675347 0.625 0.4675347 0.6250001 0.4470028 0.6250001 0.4470028 0.625 0.4367368 0.625 0.4675347 0.625 0.4675347 0.625 0.4675347 0.6250001 0.4264708 0.625 0.4367368 0.6250001 0.4367368 0.625 0.4675347 0.625 0.4675347 0.625 0.4675347 0.625 0.4675347 0.625 0.4675347 0.625 0.4675347 0.625 0.4675347 0.625 0.4675347 0.625 0.4675347 0.625 0.4675347 0.625 0.4675347 0.625 0.4675347 0.625 0.4367368 0.6250001 0.4470028 0.6250001 0.4470028 0.625 0.4675347 0.625 0.4675347 0.625 0.4675347 0.625 0.4675347 0.625 0.4675347 0.625 0.4675347 0.625 0.421875 0.625 0.4335937 0.625 0.4335938 0.625 0.4675347 0.6250001 0.4675347 0.625 0.4675347 0.625 0.4453125 0.625 0.4335937 0.6250001 0.4335938 0.625 0.4675347 0.625 0.4675347 0.625 0.4675347 0.625 0.4675347 0.6250001 0.4675347 0.6250001 0.4675347 0.625 0.4675347 0.625 0.4675347 0.625 0.4675347 0.625 0.4675347 0.625 0.4675347 0.625 0.4675347 0.6250001 0.4675347 0.6250001 0.4675347 0.625 0.4675347 0.625 0.4675347 0.625 0.4675347 0.625 0.4675347 0.625 0.4675347 0.625 0.4675347 0.625 0.4675347 0.6250001 0.4675347 0.6250001 0.4675347 0.625 0.4675347 0.625 0.4675347 0.625 0.4675347 0.625 0.4675347 0.625 0.4675347 0.6250001 0.4675347 0.6250001 0.4675347 0.625 0.4675347 0.6250001 0.4675347 0.6250001 0.4675347 0.625 0.4675347 0.625 0.4675347 0.625 0.4675347 0.625 0.4675347 0.625 0.4675347 0.625 0.4675347 0.625 0.4675347 0.625 0.4675347 0.625 0.4675347 0.6250001 0.4675347 0.625 0.4675347 0.625 0.4675347 0.6250001 0.4675347 0.625 0.4675347 0.625 0.4675347 0.625 0.4675346 0.625 0.4675347 0.625 0.4675347 0.625 0.4675347 0.6250001 0.4675347 0.6250001 0.4675347 0.625 0.4675347 0.625 0.4675347 0.625 0.4675347 0.625 0.4675347 0.625 0.4675347 0.625 0.4675347 0.625 0.4675346 0.625 0.4675347 0.625 0.4675347 0.625 0.4675347 0.625 0.4675347 0.6250001 0.4675347 0.6250001 0.4675347 0.6250001 0.4675347 0.625 0.4675347 0.625 0.4675347 0.6250001 0.4675347 0.6250001 0.4675347 0.6250001 0.4675347 0.6250001 0.4675347 0.625 0.4675347 0.625 0.4675347 0.625 0.4675347 0.625 0.4675347 0.875 0.5972222 0.875 0.5972222 0.875 0.6111111 0.875 0.625 0.875 0.625 0.875 0.6111111 0.875 0.6111111 0.875 0.6111111 0.875 0.625 0.875 0.6111111 0.875 0.6111111 0.875 0.5972222 0.875 0.5231481 0.875 0.5231481 0.875 0.5 0.875 0.5231481 0.875 0.5231481 0.875 0.5694444 0.875 0.5972222 0.875 0.5972222 0.875 0.5694444 0.625 0.4675347 0.625 0.4675347 0.625 0.4675347 0.875 0.5694444 0.875 0.5694444 0.875 0.5972222 0.875 0.5694444 0.875 0.5694444 0.875 0.5231481 0.875 0.5 0.875 0.5 0.875 0.5231481 0.875 0.5972222 0.875 0.5972222 0.875 0.6111111 0.625 0.4675347 0.625 0.4675347 0.625 0.4675347 0.875 0.5 0.875 0.5 0.875 0.5231481 0.875 0.6111111 0.875 0.6111111 0.875 0.5972222 0.875 0.5 0.875 0.5231481 0.875 0.5231481 0.875 0.5694444 0.875 0.5694444 0.875 0.5972222 0.875 0.625 0.875 0.625 0.875 0.6111111 0.875 0.5972222 0.875 0.576389 0.875 0.5694444 0.875 0.5231481 0.875 0.5231481 0.875 0.5694444 0.875 0.6111111 0.875 0.6137663 0.875 0.625 0.875 0.5231481 0.875 0.5694444 0.875 0.5486111 0.5088384 0.1363636 0.509154 0.136048 0.511048 0.134154 0.509154 0.136048 0.5094698 0.1357323 0.5107323 0.1344696 0.5094698 0.1357323 0.5097854 0.1354166 0.5104166 0.1347853 0.5097854 0.1354166 0.510101 0.135101 0.510101 0.135101 0.5104166 0.1347853 0.5097854 0.1354166 0.510101 0.135101 0.5107323 0.1344696 0.5094697 0.1357323 0.5097854 0.1354166 0.5112058 0.1328914 0.5089962 0.1347853 0.5094697 0.1357323 0.511083 0.1341189 0.5113636 0.1338384 0.5088383 0.1313131 0.5088383 0.1313131 0.5063131 0.1287878 0.5065936 0.1289983 0.5063131 0.1287878 0.5037878 0.1262626 0.5043489 0.1264379 0.5043489 0.1264379 0.5037878 0.1262626 0.5012626 0.1237373 0.5012626 0.1237373 0.4987373 0.1212121 0.4998597 0.1213173 0.4987373 0.1212121 0.496212 0.1186868 0.4976149 0.118757 0.496212 0.1186868 0.4936868 0.1161616 0.4953703 0.1161966 0.4886363 0.1316288 0.4886363 0.1316288 0.4886364 0.1338384 0.4886363 0.1294192 0.4886364 0.1294192 0.4886363 0.1316288 0.4886363 0.1272096 0.4886363 0.1272096 0.4886364 0.1294192 0.4886363 0.125 0.4886363 0.125 0.4886363 0.1272096 0.4886363 0.1227903 0.4886363 0.1227904 0.4886363 0.125 0.4886363 0.1205808 0.4886363 0.1205808 0.4886363 0.1227904 0.4886364 0.1183712 0.4886363 0.1183712 0.4886363 0.1205808 0.5113636 0.1161616 0.5113636 0.1183712 0.5113636 0.1183712 0.5113636 0.1183712 0.5113636 0.1205808 0.5113636 0.1205807 0.5113636 0.1205808 0.5113636 0.1227903 0.5113636 0.1227903 0.5113636 0.1227903 0.5113636 0.125 0.5113636 0.125 0.5113636 0.125 0.5113637 0.1272096 0.5113636 0.1272096 0.5113637 0.1272096 0.5113636 0.1294191 0.5113636 0.1294191 0.5113636 0.1294191 0.5113636 0.1316288 0.5112058 0.1328914 0.5113636 0.1338384 0.5088384 0.1363636 0.509154 0.1360479 0.511048 0.134154 0.509154 0.1360479 0.5094696 0.1357323 0.5107322 0.1344696 0.5094696 0.1357323 0.5097853 0.1354166 0.5104166 0.1347853 0.5097853 0.1354166 0.5101009 0.135101 0.5101009 0.135101 0.5104166 0.1347853 0.5097854 0.1354166 0.5104166 0.1347853 0.5107322 0.1344696 0.5094697 0.1357323 0.5107322 0.1344696 0.511048 0.134154 0.509154 0.1360479 0.4886363 0.1161616 0.4886364 0.1183712 0.4861111 0.1145833 0.4886364 0.1183712 0.4886363 0.1205808 0.4861111 0.1180555 0.4886363 0.1205808 0.4886363 0.1227903 0.4861111 0.120707 0.4886363 0.1227903 0.4886363 0.125 0.4861111 0.125 0.4861111 0.125 0.4886363 0.125 0.4886363 0.1272096 0.4861111 0.1284722 0.4886363 0.1272096 0.4886363 0.1294192 0.4861111 0.1319444 0.4886363 0.1294192 0.4886363 0.1316288 0.5113636 0.1338384 0.5113636 0.1316288 0.5138889 0.1354166 0.5113636 0.1316288 0.5113636 0.1294191 0.5138888 0.1319444 0.5113636 0.1294191 0.5113637 0.1272096 0.5138888 0.1284722 0.5113637 0.1272096 0.5113636 0.125 0.5138888 0.125 0.5138888 0.125 0.5113636 0.125 0.5113636 0.1227903 0.5138888 0.1215277 0.5113636 0.1227903 0.5113636 0.1205808 0.5138888 0.1180555 0.5113636 0.1205808 0.5113636 0.1183712 0.5088383 0.1193181 0.5074353 0.119248 0.5071547 0.1164422 0.5074353 0.119248 0.5060325 0.1191779 0.5054714 0.1164071 0.5060325 0.1191779 0.5046296 0.1191077 0.5037879 0.116372 0.5046296 0.1191077 0.5032266 0.1190376 0.5021044 0.116337 0.5018237 0.1189674 0.5004208 0.1163018 0.5021044 0.116337 0.5004209 0.1188973 0.4987373 0.1162668 0.5004208 0.1163018 0.4990179 0.1188271 0.4970539 0.1162317 0.4987373 0.1162668 0.4976149 0.118757 0.4953703 0.1161966 0.4970539 0.1162317 0.5088384 0.1221591 0.5077161 0.1220539 0.5074353 0.119248 0.5065937 0.1219486 0.5060325 0.1191779 0.5074353 0.119248 0.5054714 0.1218434 0.5046296 0.1191077 0.5060325 0.1191779 0.5043491 0.1217382 0.5032266 0.1190376 0.5046296 0.1191077 0.5032266 0.121633 0.5018237 0.1189674 0.5032266 0.1190376 0.5021043 0.1215277 0.5004209 0.1188973 0.5018237 0.1189674 0.500982 0.1214225 0.4990179 0.1188271 0.5004209 0.1188973 0.4998597 0.1213173 0.4976149 0.118757 0.4990179 0.1188271 0.5079964 0.1248597 0.5077161 0.1220539 0.5088384 0.1221591 0.5079964 0.1248597 0.5071547 0.1247194 0.5065937 0.1219486 0.5071547 0.1247194 0.506313 0.1245791 0.5054714 0.1218434 0.5054712 0.1244388 0.5043491 0.1217382 0.5054714 0.1218434 0.5046295 0.1242985 0.5032266 0.121633 0.5043491 0.1217382 0.5046295 0.1242985 0.5037878 0.1241582 0.5021043 0.1215277 0.5037878 0.1241582 0.502946 0.124018 0.500982 0.1214225 0.5021043 0.1238777 0.4998597 0.1213173 0.500982 0.1214225 0.5082771 0.1276655 0.5079964 0.1248597 0.5088383 0.125 0.5082771 0.1276655 0.507716 0.1274901 0.5071547 0.1247194 0.5071548 0.1273148 0.506313 0.1245791 0.5071547 0.1247194 0.5071548 0.1273148 0.5065937 0.1271394 0.5054712 0.1244388 0.5060325 0.126964 0.5046295 0.1242985 0.5054712 0.1244388 0.5060325 0.126964 0.5054712 0.1267887 0.5037878 0.1241582 0.5054712 0.1267887 0.5049101 0.1266133 0.502946 0.124018 0.5049101 0.1266133 0.5043489 0.1264379 0.5021043 0.1238777 0.5085578 0.1304714 0.5082771 0.1276655 0.5088383 0.1278409 0.5085578 0.1304714 0.5082772 0.1302609 0.507716 0.1274901 0.5082772 0.1302609 0.5079966 0.1300504 0.5071548 0.1273148 0.507716 0.12984 0.5065937 0.1271394 0.5071548 0.1273148 0.5074354 0.1296296 0.5060325 0.126964 0.5065937 0.1271394 0.5071548 0.1294192 0.5054712 0.1267887 0.5060325 0.126964 0.5068742 0.1292087 0.5049101 0.1266133 0.5054712 0.1267887 0.5065936 0.1289983 0.5043489 0.1264379 0.5049101 0.1266133 0.5089787 0.1343995 0.5085578 0.1304714 0.5088384 0.1306818 0.5089787 0.1343995 0.5089611 0.1340137 0.5082772 0.1302609 0.5089611 0.1340137 0.5089436 0.1336279 0.5079966 0.1300504 0.5089259 0.1332421 0.507716 0.12984 0.5079966 0.1300504 0.5089084 0.1328563 0.5074354 0.1296296 0.507716 0.12984 0.5088909 0.1324705 0.5071548 0.1294192 0.5074354 0.1296296 0.5088734 0.1320847 0.5068742 0.1292087 0.5071548 0.1294192 0.5088558 0.1316989 0.5065936 0.1289983 0.5068742 0.1292087 0.5079966 0.1362233 0.5089787 0.1343995 0.5089962 0.1347853 0.5079966 0.1362233 0.5093994 0.1358024 0.5089611 0.1340137 0.5093994 0.1358024 0.50968 0.1355218 0.5089436 0.1336279 0.50968 0.1355218 0.5099607 0.1352412 0.5089259 0.1332421 0.5099607 0.1352412 0.5102413 0.1349607 0.5089084 0.1328563 0.5102413 0.1349607 0.5105219 0.1346801 0.5088909 0.1324705 0.5105219 0.1346801 0.5108024 0.1343995 0.5088734 0.1320847 0.5108024 0.1343995 0.511083 0.1341189 0.5088558 0.1316989 0.5088384 0.1164773 0.5071547 0.1164422 0.5068743 0.1136363 0.5071547 0.1164422 0.5054714 0.1164071 0.5049102 0.1136363 0.5037879 0.116372 0.502946 0.1136363 0.5049102 0.1136363 0.5021044 0.116337 0.5009819 0.1136363 0.502946 0.1136363 0.5004208 0.1163018 0.4990179 0.1136363 0.5009819 0.1136363 0.4987373 0.1162668 0.4970538 0.1136363 0.4990179 0.1136363 0.4970539 0.1162317 0.4950897 0.1136363 0.4970538 0.1136363 0.4953703 0.1161966 0.4931257 0.1136363 0.4950897 0.1136363 0.4911615 0.1136363 0.4931256 0.1136363 0.4931257 0.1136363 0.4931256 0.1136363 0.4950897 0.1136363 0.4950897 0.1136363 0.4950897 0.1136363 0.4970538 0.1136363 0.4970538 0.1136363 0.4970538 0.1136363 0.4990179 0.1136363 0.4990179 0.1136363 0.4990179 0.1136363 0.5009819 0.1136363 0.5009819 0.1136363 0.5009819 0.1136363 0.502946 0.1136363 0.502946 0.1136363 0.502946 0.1136363 0.5049102 0.1136363 0.5049102 0.1136363 0.5049102 0.1136363 0.5068743 0.1136363 0.5068743 0.1136363 0.5068743 0.1363636 0.5079966 0.1362233 0.5088384 0.1363636 0.5049102 0.1363636 0.5049102 0.1363636 0.5079966 0.1362233 0.5029461 0.1363636 0.5029461 0.1363636 0.5049102 0.1363636 0.5009819 0.1363636 0.5009819 0.1363636 0.5029461 0.1363636 0.499018 0.1363636 0.4990179 0.1363636 0.5009819 0.1363636 0.4970538 0.1363636 0.4970539 0.1363636 0.4990179 0.1363636 0.4950897 0.1363636 0.4950898 0.1363636 0.4970539 0.1363636 0.4931257 0.1363636 0.4931257 0.1363636 0.4950898 0.1363636 0.5088384 0.1136363 0.5068743 0.1136363 0.5108025 0.1111111 0.5068743 0.1136363 0.5049102 0.1136363 0.507716 0.1111111 0.5049102 0.1136363 0.502946 0.1136363 0.5046296 0.1111111 0.502946 0.1136363 0.5009819 0.1136363 0.5015432 0.1111111 0.5009819 0.1136363 0.4990179 0.1136363 0.4984567 0.1111111 0.4984567 0.1111111 0.4990179 0.1136363 0.4970538 0.1136363 0.4953703 0.1111111 0.4970538 0.1136363 0.4950897 0.1136363 0.4922838 0.1111111 0.4950897 0.1136363 0.4931256 0.1136363 0.4911617 0.1363636 0.4931257 0.1363636 0.4891975 0.1388888 0.4931257 0.1363636 0.4950897 0.1363636 0.4922839 0.1388888 0.4950897 0.1363636 0.4970538 0.1363636 0.4953703 0.1388888 0.4970538 0.1363636 0.499018 0.1363636 0.4984567 0.1388888 0.499018 0.1363636 0.5009819 0.1363636 0.5015432 0.1388888 0.5015432 0.1388888 0.5009819 0.1363636 0.5029461 0.1363636 0.5046296 0.1388888 0.5029461 0.1363636 0.5049102 0.1363636 0.5077161 0.1388888 0.5049102 0.1363636 0.5068743 0.1363636 0.5077161 0.1388888 0.5077161 0.1388888 0.5046296 0.1388888 0.4953703 0.1388888 0.4953703 0.1388888 0.4922839 0.1388888 0.5046296 0.1388888 0.5046296 0.1388888 0.5015432 0.1388888 0.5138888 0.1388888 0.5138888 0.1388888 0.5108025 0.1388888 0.4922839 0.1388888 0.4922839 0.1388888 0.4891975 0.1388888 0.5015432 0.1388888 0.5015432 0.1388888 0.4984567 0.1388888 0.5108025 0.1388888 0.5108025 0.1388888 0.5077161 0.1388888 0.4861111 0.1388888 0.4891975 0.1388888 0.4891975 0.1388888 0.4984567 0.1388888 0.4984567 0.1388888 0.4953703 0.1388888 0.507716 0.1111111 0.507716 0.1111111 0.5108025 0.1111111 0.4953703 0.1111111 0.4953703 0.1111111 0.4984567 0.1111111 0.5046296 0.1111111 0.5046296 0.1111111 0.507716 0.1111111 0.4922838 0.1111111 0.4922838 0.1111111 0.4953703 0.1111111 0.5015432 0.1111111 0.5015432 0.1111111 0.5046296 0.1111111 0.5138888 0.1111111 0.5108025 0.1111111 0.5108025 0.1111111 0.4891975 0.1111111 0.4891975 0.1111111 0.4922838 0.1111111 0.4984567 0.1111111 0.4984567 0.1111111 0.5015432 0.1111111 0.4861111 0.1111111 0.4861111 0.1111111 0.4891975 0.1111111 0.875 0.5694444 0.875 0.5694444 0.875 0.5972222 0.875 0.6111111 0.875 0.6111111 0.875 0.625 0.875 0.5231481 0.875 0.5231481 0.875 0.5694444 0.875 0.5694444 0.875 0.5694444 0.875 0.5231481 0.875 0.5972222 0.875 0.5972222 0.875 0.5694444 0.875 0.5231481 0.875 0.5231481 0.875 0.5 0.875 0.625 0.875 0.625 0.875 0.6111111 0.875 0.5972222 0.875 0.5972222 0.875 0.6111111 0.875 0.5 0.875 0.5 0.875 0.5231481 0.875 0.6111111 0.875 0.6111111 0.875 0.5972222 0.875 0.6111111 0.875 0.6111111 0.875 0.625 0.875 0.5972222 0.875 0.5972222 0.875 0.6111111 0.875 0.5694444 0.875 0.5694444 0.875 0.5972222 0.875 0.625 0.875 0.625 0.875 0.6111111 0.875 0.5231481 0.875 0.5694444 0.875 0.5694444 0.875 0.5 0.875 0.5 0.875 0.5231481 0.875 0.6111111 0.875 0.6111111 0.875 0.5972222 0.875 0.5 0.875 0.5231481 0.875 0.5231481 0.875 0.5972222 0.875 0.5972222 0.875 0.5694444 0.875 0.5231481 0.875 0.5231481 0.875 0.5694444 0.625 0.421875 0.625 0.421875 0.625 0.421875 0.625 0.421875 0.625 0.421875 0.625 0.421875</float_array>
          <technique_common>
            <accessor source="#Cube-mesh-map-0-array" count="7500" stride="2">
              <param name="S" type="float"/>
              <param name="T" type="float"/>
            </accessor>
          </technique_common>
        </source>
        <vertices id="Cube-mesh-vertices">
          <input semantic="POSITION" source="#Cube-mesh-positions"/>
        </vertices>
        <triangles material="paintable-0-material" count="1904">
          <input semantic="VERTEX" source="#Cube-mesh-vertices" offset="0"/>
          <input semantic="NORMAL" source="#Cube-mesh-normals" offset="1"/>
          <input semantic="TEXCOORD" source="#Cube-mesh-map-0" offset="2" set="0"/>
          <p>1169 0 0 5 0 1 524 0 2 5 1 3 1 1 4 6 1 5 1245 2 6 15 2 7 1248 2 8 1160 3 9 2 3 10 1075 3 11 1107 4 12 34 4 13 1078 4 14 6 10 30 7 10 31 5 10 32 10 11 33 524 11 34 9 11 35 5 12 36 9 12 37 524 12 38 10 13 39 6 13 40 524 13 41 16 19 57 17 19 58 15 19 59 20 20 60 1248 20 61 19 20 62 15 21 63 19 21 64 1248 21 65 20 22 66 16 22 67 1248 22 68 0 28 84 25 28 85 2 28 86 28 29 87 1075 29 88 27 29 89 2 30 90 27 30 91 1075 30 92 28 31 93 0 31 94 1075 31 95 33 37 111 35 37 112 34 37 113 38 38 114 1078 38 115 37 38 116 34 39 117 37 39 118 1078 39 119 38 40 120 33 40 121 1078 40 122 1115 41 123 47 41 124 1081 41 125 2 42 126 4 42 127 0 42 128 34 43 129 46 43 130 33 43 131 1101 44 132 1 44 133 1094 44 134 0 45 135 1087 45 136 1114 45 137 33 46 138 1136 46 139 1168 46 140 16 47 141 1144 47 142 1152 47 143 16 48 144 45 48 145 44 48 146 1121 49 147 1137 49 148 1225 49 149 1 50 150 1122 50 151 1094 50 152 56 51 153 60 51 154 59 51 155 57 52 156 50 52 157 58 52 158 60 63 189 66 63 190 59 63 191 58 64 192 53 64 193 57 64 194 136 65 195 54 65 196 58 65 197 123 66 198 54 66 199 127 66 200 137 67 201 66 67 202 121 67 203 75 68 204 74 68 205 73 68 206 77 69 207 76 69 208 75 69 209 79 70 210 78 70 211 77 70 212 81 71 213 80 71 214 79 71 215 83 72 216 82 72 217 81 72 218 85 73 219 84 73 220 83 73 221 86 74 222 88 74 223 74 74 224 87 75 225 86 75 226 85 75 227 73 76 228 88 76 229 87 76 230 91 77 231 90 77 232 89 77 233 93 78 234 92 78 235 91 78 236 95 79 237 94 79 238 93 79 239 97 80 240 96 80 241 95 80 242 99 81 243 98 81 244 97 81 245 101 82 246 100 82 247 99 82 248 102 83 249 104 83 250 90 83 251 103 84 252 102 84 253 101 84 254 89 85 255 104 85 256 103 85 257 87 86 258 64 86 259 73 86 260 73 87 261 64 87 262 75 87 263 123 88 264 75 88 265 64 88 266 97 89 267 65 89 268 99 89 269 101 90 270 65 90 271 69 90 272 101 91 273 69 91 274 103 91 275 63 92 276 87 92 277 85 92 278 148 93 279 95 93 280 93 93 281 499 94 282 50 94 283 49 94 284 131 95 285 499 95 286 633 95 287 56 96 288 483 96 289 48 96 290 106 97 291 79 97 292 108 97 293 152 98 294 95 98 295 150 98 296 110 99 297 79 99 298 77 99 299 110 100 300 75 100 301 112 100 302 122 101 303 97 101 304 152 101 305 122 102 306 66 102 307 65 102 308 56 103 309 137 103 310 134 103 311 136 104 312 50 104 313 131 104 314 148 105 315 91 105 316 146 105 317 49 106 318 222 106 319 225 106 320 233 107 321 81 107 322 231 107 323 250 108 324 144 108 325 253 108 326 134 109 327 483 109 328 56 109 329 134 110 330 138 110 331 133 110 332 131 111 333 135 111 334 136 111 335 138 122 366 121 122 367 117 122 368 128 123 369 136 123 370 135 123 371 484 124 372 49 124 373 225 124 374 113 125 375 112 125 376 114 125 377 111 126 378 110 126 379 112 126 380 109 127 381 108 127 382 110 127 383 107 128 384 106 128 385 108 128 386 105 129 387 61 129 388 106 129 389 139 130 390 140 130 391 61 130 392 105 131 393 107 131 394 109 131 395 141 132 396 142 132 397 140 132 398 143 133 399 114 133 400 142 133 401 145 134 402 146 134 403 144 134 404 147 135 405 148 135 406 146 135 407 149 136 408 150 136 409 148 136 410 151 137 411 152 137 412 150 137 413 153 138 414 154 138 415 152 138 416 155 139 417 156 139 418 154 139 419 145 140 420 157 140 421 153 140 422 157 141 423 158 141 424 156 141 425 159 142 426 144 142 427 158 142 428 114 143 429 124 143 430 142 143 431 114 144 432 112 144 433 123 144 434 152 145 435 154 145 436 122 145 437 118 146 438 154 146 439 156 146 440 156 147 441 158 147 442 118 147 443 124 148 444 140 148 445 142 148 446 633 149 447 132 149 448 131 149 449 134 150 450 133 150 451 637 150 452 135 151 453 237 151 454 218 151 455 224 152 456 63 152 457 227 152 458 81 153 459 243 153 460 231 153 461 140 154 462 239 154 463 235 154 464 247 155 465 89 155 466 103 155 467 124 156 468 220 156 469 239 156 470 106 157 471 241 157 472 243 157 473 632 158 474 637 158 475 730 158 476 227 159 477 85 159 478 229 159 479 257 160 480 70 160 481 60 160 482 161 161 483 474 161 484 184 161 485 470 162 486 212 162 487 215 162 488 469 163 489 175 163 490 468 163 491 167 164 492 165 164 493 180 164 494 184 165 495 165 165 496 163 165 497 178 166 498 179 166 499 713 166 500 477 167 501 179 167 502 176 167 503 473 168 504 207 168 505 206 168 506 162 169 507 166 169 508 170 169 509 169 170 510 166 170 511 167 170 512 172 171 513 171 171 514 173 171 515 167 172 516 164 172 517 165 172 518 165 173 519 162 173 520 163 173 521 201 177 531 481 177 532 173 177 533 163 178 534 161 178 535 184 178 536 160 179 537 175 179 538 161 179 539 176 180 540 181 180 541 185 180 542 472 181 543 189 181 544 207 181 545 481 182 546 175 182 547 173 182 548 174 183 549 173 183 550 175 183 551 170 184 552 169 184 553 171 184 554 477 186 558 185 186 559 475 186 560 184 187 561 475 187 562 185 187 563 193 188 564 194 188 565 195 188 566 179 189 567 712 189 568 713 189 569 197 190 570 198 190 571 199 190 572 190 191 573 188 191 574 202 191 575 203 192 576 480 192 577 479 192 578 180 193 579 210 193 580 211 193 581 180 194 582 195 194 583 167 194 584 214 195 585 177 195 586 178 195 587 169 196 588 195 196 589 197 196 590 191 197 591 192 197 592 193 197 593 178 198 594 700 198 595 214 198 596 178 199 597 176 199 598 179 199 599 171 200 600 201 200 601 173 200 602 177 201 603 210 201 604 181 201 605 169 202 606 199 202 607 171 202 608 214 203 609 700 203 610 215 203 611 207 204 612 193 204 613 211 204 614 189 205 615 190 205 616 191 205 617 199 206 618 200 206 619 201 206 620 195 207 621 211 207 622 193 207 623 191 208 624 207 208 625 189 208 626 473 211 633 212 211 634 471 211 635 197 214 642 194 214 643 196 214 644 212 216 648 210 216 649 213 216 650 203 217 651 200 217 652 202 217 653 708 218 654 215 218 655 700 218 656 163 219 657 160 219 658 161 219 659 214 220 660 212 220 661 213 220 662 203 222 666 188 222 667 189 222 668 203 223 669 478 223 670 201 223 671 255 224 672 117 224 673 256 224 674 132 225 675 636 225 676 237 225 677 251 226 678 635 226 679 634 226 680 238 227 681 636 227 682 635 227 683 135 228 684 220 228 685 128 228 686 218 229 687 219 229 688 220 229 689 57 230 690 224 230 691 222 230 692 224 231 693 221 231 694 222 231 695 228 232 696 247 232 697 246 232 698 228 233 699 229 233 700 230 233 701 254 234 702 242 234 703 253 234 704 244 235 705 241 235 706 242 235 707 252 236 708 219 236 709 256 236 710 239 237 711 219 237 712 240 237 713 83 238 714 229 238 715 85 238 716 233 239 717 230 239 718 229 239 719 250 240 720 240 240 721 252 240 722 235 241 723 240 241 724 236 241 725 232 242 726 254 242 727 248 242 728 232 243 729 243 243 730 244 243 731 223 244 732 246 244 733 258 244 734 223 245 735 227 245 736 228 245 737 217 246 738 251 246 739 255 246 740 218 247 741 238 247 742 217 247 743 485 248 744 245 248 745 486 248 746 484 249 747 226 249 748 485 249 749 61 250 750 235 250 751 241 250 752 235 251 753 242 251 754 241 251 755 234 252 756 248 252 757 249 252 758 234 253 759 231 253 760 232 253 761 226 254 762 257 254 763 245 254 764 225 255 765 221 255 766 226 255 767 245 256 768 60 256 769 48 256 770 249 257 771 91 257 772 89 257 773 486 258 774 48 258 775 483 258 776 255 259 777 133 259 778 138 259 779 258 260 780 69 260 781 70 260 782 248 261 783 146 261 784 91 261 785 158 262 786 252 262 787 118 262 788 118 263 789 256 263 790 117 263 791 146 264 792 253 264 793 144 264 794 246 265 795 103 265 796 69 265 797 133 266 798 634 266 799 637 266 800 217 267 801 256 267 802 219 267 803 221 268 804 258 268 805 257 268 806 230 269 807 249 269 808 247 269 809 236 270 810 253 270 811 242 270 812 272 280 840 259 280 841 216 280 842 260 281 843 266 281 844 274 281 845 499 282 846 724 282 847 633 282 848 723 283 849 704 283 850 722 283 851 723 284 852 702 284 853 703 284 854 720 285 855 700 285 856 713 285 857 720 286 858 705 286 859 699 286 860 722 287 861 705 287 862 721 287 863 266 289 867 276 289 868 280 289 869 269 290 870 216 290 871 259 290 872 346 291 873 268 291 874 337 291 875 268 292 876 333 292 877 337 292 878 276 293 879 347 293 880 331 293 881 284 294 882 285 294 883 283 294 884 286 295 885 287 295 886 285 295 887 288 296 888 289 296 889 287 296 890 290 297 891 291 297 892 289 297 893 292 298 894 293 298 895 291 298 896 294 299 897 295 299 898 293 299 899 292 300 900 290 300 901 288 300 902 296 301 903 297 301 904 295 301 905 298 302 906 283 302 907 297 302 908 300 303 909 301 303 910 299 303 911 302 304 912 303 304 913 301 304 914 304 305 915 305 305 916 303 305 917 306 306 918 307 306 919 305 306 920 308 307 921 309 307 922 307 307 923 310 308 924 311 308 925 309 308 926 306 309 927 304 309 928 312 309 929 312 310 930 313 310 931 311 310 932 314 311 933 299 311 934 313 311 935 297 312 936 262 312 937 263 312 938 283 313 939 285 313 940 262 313 941 333 314 942 285 314 943 322 314 944 307 315 945 309 315 946 261 315 947 261 316 948 311 316 949 279 316 950 311 317 951 313 317 952 279 317 953 263 318 954 295 318 955 297 318 956 358 319 957 305 319 958 360 319 959 571 320 960 273 320 961 272 320 962 571 321 963 341 321 964 627 321 965 260 322 966 274 322 967 511 322 968 289 323 969 316 323 970 318 323 971 305 324 972 362 324 973 360 324 974 320 325 975 289 325 976 318 325 977 285 326 978 320 326 979 322 326 980 307 327 981 332 327 982 362 327 983 332 328 984 276 328 985 331 328 986 347 329 987 260 329 988 344 329 989 272 330 990 346 330 991 341 330 992 301 331 993 358 331 994 356 331 995 431 332 996 273 332 997 434 332 998 442 333 999 291 333 1000 293 333 1001 354 334 1002 459 334 1003 462 334 1004 344 335 1005 511 335 1006 631 335 1007 344 336 1008 348 336 1009 347 336 1010 345 337 1011 341 337 1012 346 337 1013 348 348 1044 331 348 1045 347 348 1046 346 349 1047 338 349 1048 345 349 1049 520 350 1050 273 350 1051 571 350 1052 322 351 1053 323 351 1054 324 351 1055 320 352 1056 321 352 1057 322 352 1058 318 353 1059 319 353 1060 320 353 1061 316 354 1062 317 354 1063 318 354 1064 265 355 1065 315 355 1066 316 355 1067 350 356 1068 349 356 1069 265 356 1070 351 357 1071 353 357 1072 323 357 1073 352 358 1074 351 358 1075 350 358 1076 324 359 1077 353 359 1078 352 359 1079 356 360 1080 355 360 1081 354 360 1082 358 361 1083 357 361 1084 356 361 1085 360 362 1086 359 362 1087 358 362 1088 362 363 1089 361 363 1090 360 363 1091 364 364 1092 363 364 1093 362 364 1094 366 365 1095 365 365 1096 364 365 1097 367 366 1098 369 366 1099 355 366 1100 368 367 1101 367 367 1102 366 367 1103 354 368 1104 369 368 1105 368 368 1106 334 369 1107 324 369 1108 352 369 1109 324 370 1110 333 370 1111 322 370 1112 362 371 1113 332 371 1114 364 371 1115 328 372 1116 364 372 1117 332 372 1118 366 373 1119 328 373 1120 368 373 1121 334 374 1122 352 374 1123 350 374 1124 627 375 1125 341 375 1126 342 375 1127 344 376 1128 631 376 1129 343 376 1130 446 377 1131 345 377 1132 427 377 1133 433 378 1134 263 378 1135 269 378 1136 452 379 1137 291 379 1138 440 379 1139 448 380 1140 350 380 1141 444 380 1142 456 381 1143 299 381 1144 458 381 1145 429 382 1146 334 382 1147 448 382 1148 450 383 1149 316 383 1150 452 383 1151 1238 384 1152 631 384 1153 511 384 1154 436 385 1155 295 385 1156 263 385 1157 466 386 1158 280 386 1159 467 386 1160 371 387 1161 474 387 1162 469 387 1163 422 388 1164 470 388 1165 425 388 1166 469 389 1167 385 389 1168 371 389 1169 377 390 1170 390 390 1171 375 390 1172 394 391 1173 375 391 1174 390 391 1175 388 392 1176 719 392 1177 389 392 1178 389 393 1179 477 393 1180 386 393 1181 417 394 1182 473 394 1183 416 394 1184 370 395 1185 384 395 1186 376 395 1187 379 396 1188 376 396 1189 378 396 1190 381 397 1191 382 397 1192 383 397 1193 377 398 1194 374 398 1195 376 398 1196 375 399 1197 372 399 1198 374 399 1199 411 403 1209 481 403 1210 478 403 1211 373 404 1212 394 404 1213 371 404 1214 385 405 1215 370 405 1216 371 405 1217 386 406 1218 391 406 1219 387 406 1220 399 407 1221 472 407 1222 417 407 1223 385 408 1224 481 408 1225 383 408 1226 383 409 1227 384 409 1228 385 409 1229 379 410 1230 380 410 1231 381 410 1232 477 412 1236 395 412 1237 386 412 1238 394 413 1239 475 413 1240 474 413 1241 404 414 1242 403 414 1243 405 414 1244 389 415 1245 712 415 1246 476 415 1247 408 416 1248 407 416 1249 409 416 1250 404 417 1251 406 417 1252 408 417 1253 480 418 1254 413 418 1255 479 418 1256 390 419 1257 420 419 1258 391 419 1259 405 420 1260 390 420 1261 377 420 1262 387 421 1263 424 421 1264 388 421 1265 379 422 1266 405 422 1267 377 422 1268 402 423 1269 401 423 1270 403 423 1271 388 424 1272 707 424 1273 719 424 1274 388 425 1275 386 425 1276 387 425 1277 411 426 1278 381 426 1279 383 426 1280 420 427 1281 387 427 1282 391 427 1283 409 428 1284 379 428 1285 381 428 1286 424 429 1287 425 429 1288 707 429 1289 417 430 1290 403 430 1291 401 430 1292 400 431 1293 399 431 1294 401 431 1295 410 432 1296 409 432 1297 411 432 1298 405 433 1299 403 433 1300 421 433 1301 401 434 1302 399 434 1303 417 434 1304 473 437 1311 422 437 1312 416 437 1313 407 440 1320 404 440 1321 405 440 1322 422 442 1326 420 442 1327 416 442 1328 413 443 1329 410 443 1330 411 443 1331 425 444 1332 708 444 1333 707 444 1334 373 445 1335 370 445 1336 372 445 1337 424 446 1338 422 446 1339 425 446 1340 398 448 1344 413 448 1345 399 448 1346 411 449 1347 479 449 1348 413 449 1349 327 450 1350 464 450 1351 465 450 1352 630 451 1353 342 451 1354 446 451 1355 460 452 1356 629 452 1357 447 452 1358 447 453 1359 630 453 1360 446 453 1361 429 454 1362 345 454 1363 338 454 1364 428 455 1365 427 455 1366 429 455 1367 259 456 1368 433 456 1369 269 456 1370 430 457 1371 433 457 1372 431 457 1373 456 458 1374 437 458 1375 455 458 1376 437 459 1377 438 459 1378 436 459 1379 463 460 1380 451 460 1381 453 460 1382 453 461 1383 450 461 1384 452 461 1385 461 462 1386 428 462 1387 449 462 1388 428 463 1389 448 463 1390 449 463 1391 438 464 1392 293 464 1393 295 464 1394 439 465 1395 442 465 1396 438 465 1397 459 466 1398 449 466 1399 445 466 1400 449 467 1401 444 467 1402 445 467 1403 463 468 1404 441 468 1405 457 468 1406 441 469 1407 452 469 1408 440 469 1409 455 470 1410 432 470 1411 467 470 1412 432 471 1413 436 471 1414 433 471 1415 460 472 1416 426 472 1417 464 472 1418 447 473 1419 427 473 1420 426 473 1421 454 474 1422 521 474 1423 522 474 1424 435 475 1425 520 475 1426 521 475 1427 265 476 1428 444 476 1429 350 476 1430 451 477 1431 444 477 1432 450 477 1433 457 478 1434 443 478 1435 458 478 1436 443 479 1437 440 479 1438 442 479 1439 466 480 1440 435 480 1441 454 480 1442 430 481 1443 434 481 1444 435 481 1445 266 482 1446 454 482 1447 274 482 1448 301 483 1449 458 483 1450 299 483 1451 274 484 1452 522 484 1453 511 484 1454 343 485 1455 464 485 1456 348 485 1457 279 486 1458 467 486 1459 280 486 1460 356 487 1461 457 487 1462 301 487 1463 368 488 1464 461 488 1465 459 488 1466 328 489 1467 465 489 1468 461 489 1469 356 490 1470 462 490 1471 463 490 1472 313 491 1473 455 491 1474 279 491 1475 343 492 1476 628 492 1477 460 492 1478 465 493 1479 426 493 1480 428 493 1481 430 494 1482 467 494 1483 432 494 1484 439 495 1485 458 495 1486 443 495 1487 462 496 1488 445 496 1489 451 496 1490 718 497 1491 571 497 1492 627 497 1493 710 498 1494 717 498 1495 716 498 1496 717 499 1497 709 499 1498 718 499 1499 707 500 1500 714 500 1501 719 500 1502 714 501 1503 711 501 1504 715 501 1505 711 502 1506 716 502 1507 715 502 1508 486 503 1509 732 503 1510 734 503 1511 581 504 1512 483 504 1513 632 504 1514 499 506 1518 735 506 1519 507 506 1520 735 507 1521 485 507 1522 737 507 1523 485 508 1524 734 508 1525 737 508 1526 686 510 1530 727 510 1531 726 510 1532 563 511 1533 686 511 1534 745 511 1535 728 513 1539 588 513 1540 604 513 1541 685 514 1542 727 514 1543 752 514 1544 531 516 1548 538 516 1549 544 516 1550 1242 517 1551 529 517 1552 750 517 1553 539 518 1554 536 518 1555 528 518 1556 534 519 1557 532 519 1558 533 519 1559 541 520 1560 528 520 1561 525 520 1562 532 521 1563 1063 521 1564 526 521 1565 532 522 1566 535 522 1567 533 522 1568 532 523 1569 547 523 1570 529 523 1571 534 524 1572 528 524 1573 536 524 1574 1003 525 1575 718 525 1576 627 525 1577 533 527 1581 525 527 1582 528 527 1583 564 528 1584 595 528 1585 566 528 1586 519 531 1593 522 531 1594 517 531 1595 1239 532 1596 511 532 1597 519 532 1598 536 535 1605 542 535 1606 540 535 1607 516 536 1608 571 536 1609 736 536 1610 516 537 1611 521 537 1612 520 537 1613 517 538 1614 521 538 1615 515 538 1616 565 539 1617 541 539 1618 567 539 1619 565 540 1620 542 540 1621 539 540 1622 545 541 1623 546 541 1624 547 541 1625 555 542 1626 547 542 1627 546 542 1628 554 543 1629 557 543 1630 555 543 1631 695 544 1632 558 544 1633 490 544 1634 534 546 1638 555 546 1639 546 546 1640 555 547 1641 553 547 1642 554 547 1643 536 548 1644 552 548 1645 534 548 1646 550 549 1647 553 549 1648 552 549 1649 540 550 1650 550 550 1651 536 550 1652 548 551 1653 551 551 1654 550 551 1655 595 552 1656 568 552 1657 566 552 1658 613 553 1659 569 553 1660 568 553 1661 690 554 1662 556 554 1663 554 554 1664 553 556 1668 690 556 1669 554 556 1670 551 557 1671 562 557 1672 553 557 1673 549 558 1674 561 558 1675 551 558 1676 612 559 1677 570 559 1678 569 559 1679 569 560 1680 560 560 1681 549 560 1682 568 561 1683 549 561 1684 548 561 1685 566 562 1686 548 562 1687 540 562 1688 596 563 1689 565 563 1690 587 563 1691 587 564 1692 567 564 1693 589 564 1694 542 565 1695 566 565 1696 540 565 1697 741 567 1701 504 567 1702 740 567 1703 599 573 1719 594 573 1720 602 573 1721 592 574 1722 590 574 1723 605 574 1724 601 575 1725 585 575 1726 599 575 1727 590 576 1728 1068 576 1729 586 576 1730 593 577 1731 590 577 1732 591 577 1733 607 578 1734 590 578 1735 586 578 1736 585 579 1737 592 579 1738 594 579 1739 582 581 1743 591 581 1744 585 581 1745 595 582 1746 625 582 1747 639 582 1748 736 584 1752 709 584 1753 496 584 1754 594 585 1755 600 585 1756 602 585 1757 601 586 1758 626 586 1759 640 586 1760 626 587 1761 602 587 1762 625 587 1763 726 588 1764 621 588 1765 620 588 1766 605 589 1767 606 589 1768 592 589 1769 529 590 1770 746 590 1771 750 590 1772 607 591 1773 617 591 1774 606 591 1775 619 592 1776 616 592 1777 617 592 1778 745 593 1779 925 593 1780 563 593 1781 685 594 1782 586 594 1783 742 594 1784 617 595 1785 592 595 1786 606 595 1787 617 596 1788 615 596 1789 614 596 1790 614 597 1791 594 597 1792 592 597 1793 615 598 1794 610 598 1795 614 598 1796 610 599 1797 600 599 1798 594 599 1799 611 600 1800 608 600 1801 610 600 1802 641 601 1803 595 601 1804 639 601 1805 642 602 1806 613 602 1807 641 602 1808 618 603 1809 925 603 1810 616 603 1811 1240 604 1812 487 604 1813 1241 604 1814 616 606 1818 926 606 1819 615 606 1820 926 607 1821 611 607 1822 615 607 1823 865 608 1824 609 608 1825 611 608 1826 643 609 1827 612 609 1828 642 609 1829 622 610 1830 642 610 1831 609 610 1832 609 611 1833 641 611 1834 608 611 1835 608 612 1836 639 612 1837 600 612 1838 626 613 1839 596 613 1840 587 613 1841 640 614 1842 587 614 1843 589 614 1844 639 615 1845 602 615 1846 600 615 1847 514 617 1851 495 617 1852 494 617 1853 727 620 1860 604 620 1861 621 620 1862 751 632 1896 537 632 1897 793 632 1898 544 644 1932 537 644 1933 559 644 1934 629 646 1938 821 646 1939 819 646 1940 820 647 1941 629 647 1942 819 647 1943 627 648 1944 820 648 1945 1003 648 1946 1236 649 1947 631 649 1948 1237 649 1949 628 650 1950 823 650 1951 821 650 1952 1001 652 1956 635 652 1957 1004 652 1958 1002 653 1959 635 653 1960 636 653 1961 1002 654 1962 633 654 1963 813 654 1964 824 655 1965 637 655 1966 999 655 1967 999 656 1968 634 656 1969 1001 656 1970 547 661 1983 793 661 1984 746 661 1985 489 662 1986 620 662 1987 576 662 1988 791 664 1992 490 664 1993 751 664 1994 738 665 1995 496 665 1996 506 665 1997 518 666 1998 500 666 1999 495 666 2000 738 667 2001 502 667 2002 513 667 2003 513 668 2004 501 668 2005 512 668 2006 694 670 2010 696 670 2011 693 670 2012 490 671 2013 559 671 2014 537 671 2015 1233 672 2016 586 672 2017 1068 672 2018 523 674 2022 598 674 2023 531 674 2024 708 677 2031 497 677 2032 494 677 2033 498 678 2034 702 678 2035 493 678 2036 497 679 2037 699 679 2038 503 679 2039 505 680 2040 703 680 2041 498 680 2042 505 681 2043 705 681 2044 704 681 2045 503 682 2046 705 682 2047 504 682 2048 494 683 2049 707 683 2050 708 683 2051 709 684 2052 506 684 2053 496 684 2054 706 685 2055 495 685 2056 500 685 2057 701 686 2058 502 686 2059 506 686 2060 502 687 2061 711 687 2062 501 687 2063 711 688 2064 500 688 2065 501 688 2066 806 689 2067 715 689 2068 807 689 2069 808 690 2070 715 690 2071 716 690 2072 812 691 2073 716 691 2074 717 691 2075 806 692 2076 719 692 2077 714 692 2078 812 693 2079 718 693 2080 803 693 2081 801 694 2082 719 694 2083 802 694 2084 721 695 2085 809 695 2086 810 695 2087 811 696 2088 721 696 2089 810 696 2090 805 697 2091 722 697 2092 811 697 2093 809 698 2094 713 698 2095 804 698 2096 724 699 2097 805 699 2098 800 699 2099 804 700 2100 712 700 2101 801 700 2102 791 701 2103 690 701 2104 792 701 2105 813 702 2106 724 702 2107 800 702 2108 507 703 2109 702 703 2110 499 703 2111 512 704 2112 646 704 2113 645 704 2114 513 705 2115 645 705 2116 644 705 2117 738 706 2118 644 706 2119 543 706 2120 509 707 2121 584 707 2122 646 707 2123 736 708 2124 543 708 2125 576 708 2126 624 709 2127 518 709 2128 514 709 2129 604 710 2130 515 710 2131 621 710 2132 621 711 2133 516 711 2134 620 711 2135 620 712 2136 736 712 2137 576 712 2138 1240 713 2139 519 713 2140 588 713 2141 588 714 2142 517 714 2143 604 714 2144 574 715 2145 740 715 2146 573 715 2147 573 716 2148 739 716 2149 572 716 2150 572 717 2151 508 717 2152 693 717 2153 527 718 2154 741 718 2155 574 718 2156 693 719 2157 507 719 2158 694 719 2159 514 720 2160 527 720 2161 624 720 2162 737 721 2163 544 721 2164 559 721 2165 735 722 2166 559 722 2167 558 722 2168 507 723 2169 558 723 2170 694 723 2171 523 724 2172 732 724 2173 581 724 2174 734 725 2175 531 725 2176 544 725 2177 740 726 2178 505 726 2179 739 726 2180 739 727 2181 498 727 2182 508 727 2183 733 728 2184 503 728 2185 741 728 2186 508 729 2187 493 729 2188 507 729 2189 514 730 2190 497 730 2191 733 730 2192 512 731 2193 500 731 2194 509 731 2195 576 732 2196 488 732 2197 489 732 2198 607 734 2202 752 734 2203 619 734 2204 510 737 2211 750 737 2212 598 737 2213 750 742 2226 538 742 2227 598 742 2228 489 744 2232 743 744 2233 745 744 2234 728 745 2235 742 745 2236 487 745 2237 556 747 2241 793 747 2242 557 747 2243 746 749 2247 537 749 2248 538 749 2249 692 750 2250 751 750 2251 556 750 2252 1241 752 2256 742 752 2257 1233 752 2258 695 753 2259 792 753 2260 696 753 2261 618 767 2301 752 767 2302 686 767 2303 745 769 2307 726 769 2308 489 769 2309 978 798 2394 994 798 2395 1019 798 2396 978 799 2397 864 799 2398 1012 799 2399 890 801 2403 995 801 2404 906 801 2405 994 802 2406 977 802 2407 1019 802 2408 832 804 2412 839 804 2413 900 804 2414 830 805 2415 1247 805 2416 1017 805 2417 840 806 2418 837 806 2419 843 806 2420 835 807 2421 833 807 2422 846 807 2423 842 808 2424 829 808 2425 840 808 2426 833 809 2427 1061 809 2428 830 809 2429 836 810 2430 833 810 2431 834 810 2432 848 811 2433 833 811 2434 830 811 2435 829 812 2436 835 812 2437 837 812 2438 826 814 2442 834 814 2443 829 814 2444 897 815 2445 866 815 2446 868 815 2447 837 820 2460 841 820 2461 843 820 2462 842 821 2463 867 821 2464 869 821 2465 867 822 2466 843 822 2467 866 822 2468 846 823 2469 847 823 2470 835 823 2471 848 824 2472 856 824 2473 847 824 2474 858 825 2475 855 825 2476 856 825 2477 859 826 2478 987 826 2479 797 826 2480 856 828 2484 835 828 2485 847 828 2486 856 829 2487 854 829 2488 853 829 2489 853 830 2490 837 830 2491 835 830 2492 854 831 2493 851 831 2494 853 831 2495 851 832 2496 841 832 2497 837 832 2498 852 833 2499 849 833 2500 851 833 2501 870 834 2502 897 834 2503 868 834 2504 871 835 2505 915 835 2506 870 835 2507 857 836 2508 982 836 2509 855 836 2510 982 838 2514 854 838 2515 855 838 2516 863 839 2517 852 839 2518 854 839 2519 862 840 2520 850 840 2521 852 840 2522 872 841 2523 914 841 2524 871 841 2525 861 842 2526 871 842 2527 850 842 2528 850 843 2529 870 843 2530 849 843 2531 849 844 2532 868 844 2533 841 844 2534 867 845 2535 898 845 2536 889 845 2537 869 846 2538 889 846 2539 891 846 2540 868 847 2541 843 847 2542 841 847 2543 810 849 2547 1008 849 2548 1007 849 2549 901 855 2565 896 855 2566 886 855 2567 894 856 2568 892 856 2569 893 856 2570 903 857 2571 886 857 2572 883 857 2573 892 858 2574 998 858 2575 884 858 2576 892 859 2577 895 859 2578 893 859 2579 892 860 2580 909 860 2581 887 860 2582 894 861 2583 886 861 2584 896 861 2585 893 863 2589 883 863 2590 886 863 2591 929 864 2592 897 864 2593 931 864 2594 896 866 2598 904 866 2599 902 866 2600 930 867 2601 903 867 2602 932 867 2603 930 868 2604 904 868 2605 901 868 2606 993 869 2607 923 869 2608 994 869 2609 907 870 2610 908 870 2611 909 870 2612 1013 871 2613 830 871 2614 1017 871 2615 919 872 2616 909 872 2617 908 872 2618 918 873 2619 921 873 2620 919 873 2621 1012 874 2622 1252 874 2623 1010 874 2624 977 875 2625 887 875 2626 909 875 2627 894 876 2628 919 876 2629 908 876 2630 919 877 2631 917 877 2632 918 877 2633 896 878 2634 916 878 2635 894 878 2636 912 879 2637 917 879 2638 916 879 2639 902 880 2640 912 880 2641 896 880 2642 910 881 2643 913 881 2644 912 881 2645 897 882 2646 933 882 2647 931 882 2648 915 883 2649 934 883 2650 933 883 2651 1252 884 2652 920 884 2653 918 884 2654 1235 885 2655 794 885 2656 890 885 2657 918 887 2661 1251 887 2662 1252 887 2663 913 888 2664 1251 888 2665 917 888 2666 911 889 2667 1253 889 2668 913 889 2669 914 890 2670 935 890 2671 934 890 2672 934 891 2673 924 891 2674 911 891 2675 933 892 2676 911 892 2677 910 892 2678 931 893 2679 910 893 2680 902 893 2681 898 894 2682 930 894 2683 889 894 2684 889 895 2685 932 895 2686 891 895 2687 904 896 2688 931 896 2689 902 896 2690 818 898 2694 802 898 2695 822 898 2696 994 901 2703 906 901 2704 995 901 2705 838 913 2739 1018 913 2740 1060 913 2741 845 925 2775 838 925 2776 839 925 2777 1060 932 2796 848 932 2797 1013 932 2798 922 933 2799 796 933 2800 877 933 2801 797 935 2805 1058 935 2806 1018 935 2807 1005 936 2808 803 936 2809 1003 936 2810 822 937 2811 806 937 2812 815 937 2813 808 938 2814 1005 938 2815 817 938 2816 807 939 2817 817 939 2818 816 939 2819 988 941 2823 986 941 2824 985 941 2825 860 942 2826 797 942 2827 838 942 2828 1246 943 2829 887 943 2830 1009 943 2831 900 945 2835 882 945 2836 832 945 2837 982 948 2844 1058 948 2845 1059 948 2846 938 949 2847 816 949 2848 937 949 2849 937 950 2850 817 950 2851 936 950 2852 936 951 2853 1005 951 2854 844 951 2855 885 952 2856 815 952 2857 938 952 2858 844 953 2859 1003 953 2860 877 953 2861 928 954 2862 822 954 2863 885 954 2864 819 955 2865 906 955 2866 923 955 2867 820 956 2868 923 956 2869 922 956 2870 1003 957 2871 922 957 2872 877 957 2873 1235 958 2874 823 958 2875 1236 958 2876 821 959 2877 890 959 2878 906 959 2879 1007 960 2880 875 960 2881 874 960 2882 1006 961 2883 874 961 2884 873 961 2885 814 962 2886 873 962 2887 985 962 2888 1008 963 2889 828 963 2890 875 963 2891 813 964 2892 985 964 2893 986 964 2894 828 965 2895 818 965 2896 928 965 2897 845 966 2898 1004 966 2899 860 966 2900 860 967 2901 1002 967 2902 859 967 2903 859 968 2904 813 968 2905 986 968 2906 882 969 2907 999 969 2908 832 969 2909 832 970 2910 1001 970 2911 845 970 2912 811 971 2913 1007 971 2914 1006 971 2915 805 972 2916 1006 972 2917 814 972 2918 809 973 2919 1000 973 2920 1008 973 2921 800 974 2922 814 974 2923 813 974 2924 804 975 2925 818 975 2926 1000 975 2927 806 976 2928 816 976 2929 815 976 2930 877 977 2931 795 977 2932 844 977 2933 1019 979 2937 909 979 2938 921 979 2939 1017 982 2946 997 982 2947 900 982 2948 839 987 2961 1017 987 2962 900 987 2963 796 989 2967 1010 989 2968 795 989 2969 995 990 2970 1009 990 2971 977 990 2972 1060 992 2976 857 992 2977 858 992 2978 838 994 2982 1013 994 2983 839 994 2984 1018 995 2985 984 995 2986 857 995 2987 1234 997 2991 1009 997 2992 794 997 2993 1059 998 2994 987 998 2995 988 998 2996 920 1012 3036 1019 1012 3037 921 1012 3038 993 1014 3042 1012 1014 3043 796 1014 3044 541 1041 3123 1066 1041 3124 567 1041 3125 589 1042 3126 1072 1042 3127 640 1042 3128 567 1043 3129 1069 1043 3130 589 1043 3131 640 1044 3132 1071 1044 3133 601 1044 3134 593 1045 3135 1068 1045 3136 583 1045 3137 535 1046 3138 1062 1046 3139 525 1046 3140 601 1047 3141 1067 1047 3142 582 1047 3143 525 1049 3147 1065 1049 3148 541 1049 3149 582 1050 3150 1070 1050 3151 593 1050 3152 526 1051 3153 1064 1051 3154 535 1051 3155 1065 1052 3156 1104 1052 3157 1066 1052 3158 1063 1054 3162 1075 1054 3163 1064 1054 3164 1072 1055 3165 1106 1055 3166 1071 1055 3167 1068 1056 3168 1078 1056 3169 1233 1056 3170 1062 1057 3171 1103 1057 3172 1065 1057 3173 1069 1058 3174 1105 1058 3175 1072 1058 3176 1071 1059 3177 1107 1059 3178 1067 1059 3179 1064 1060 3180 1102 1060 3181 1062 1060 3182 1066 1061 3183 1077 1061 3184 1069 1061 3185 1070 1062 3186 1107 1062 3187 1078 1062 3188 45 1063 3189 1128 1063 3190 44 1063 3191 1088 1064 3192 1127 1064 3193 1128 1064 3194 1089 1065 3195 1126 1065 3196 1127 1065 3197 1090 1066 3198 1125 1066 3199 1126 1066 3200 1092 1067 3201 1125 1067 3202 1091 1067 3203 1093 1068 3204 1124 1068 3205 1092 1068 3206 1094 1069 3207 1123 1069 3208 1093 1069 3209 1136 1070 3210 1115 1070 3211 1177 1070 3212 1115 1071 3213 1185 1071 3214 1177 1071 3215 1116 1072 3216 1193 1072 3217 1185 1072 3218 1193 1073 3219 1118 1073 3220 1201 1073 3221 1118 1074 3222 1209 1074 3223 1201 1074 3224 1119 1075 3225 1217 1075 3226 1209 1075 3227 1120 1076 3228 1225 1076 3229 1217 1076 3230 1108 1077 3231 47 1077 3232 34 1077 3233 1109 1078 3234 1081 1078 3235 1108 1078 3236 1110 1079 3237 1082 1079 3238 1109 1079 3239 1111 1080 3240 1083 1080 3241 1110 1080 3242 1112 1081 3243 1084 1081 3244 1111 1081 3245 1113 1082 3246 1085 1082 3247 1112 1082 3248 1114 1083 3249 1086 1083 3250 1113 1083 3251 15 1084 3252 1088 1084 3253 45 1084 3254 1095 1085 3255 1089 1085 3256 1088 1085 3257 1096 1086 3258 1090 1086 3259 1089 1086 3260 1097 1087 3261 1091 1087 3262 1090 1087 3263 1098 1088 3264 1092 1088 3265 1091 1088 3266 1099 1089 3267 1093 1089 3268 1092 1089 3269 1100 1090 3270 1094 1090 3271 1093 1090 3272 4 1091 3273 1121 1091 3274 1087 1091 3275 1087 1092 3276 1120 1092 3277 1086 1092 3278 1086 1093 3279 1119 1093 3280 1085 1093 3281 1085 1094 3282 1118 1094 3283 1084 1094 3284 1118 1095 3285 1083 1095 3286 1084 1095 3287 1117 1096 3288 1082 1096 3289 1083 1096 3290 1116 1097 3291 1081 1097 3292 1082 1097 3293 0 1098 3294 1102 1098 3295 1075 1098 3296 1114 1099 3297 1103 1099 3298 1102 1099 3299 1113 1100 3300 1104 1100 3301 1103 1100 3302 1112 1101 3303 1077 1101 3304 1104 1101 3305 1077 1102 3306 1110 1102 3307 1105 1102 3308 1105 1103 3309 1109 1103 3310 1106 1103 3311 1106 1104 3312 1108 1104 3313 1107 1104 3314 6 1105 3315 1249 1105 3316 524 1105 3317 1101 1106 3318 638 1106 3319 1249 1106 3320 1100 1107 3321 831 1107 3322 638 1107 3323 1099 1108 3324 482 1108 3325 831 1108 3326 482 1109 3327 1097 1109 3328 1250 1109 3329 1250 1110 3330 1096 1110 3331 888 1110 3332 888 1111 3333 1095 1111 3334 1245 1111 3335 1127 1112 3336 1232 1112 3337 1128 1112 3338 1224 1113 3339 1231 1113 3340 1232 1113 3341 1223 1114 3342 1230 1114 3343 1231 1114 3344 1222 1115 3345 1229 1115 3346 1230 1115 3347 1220 1116 3348 1229 1116 3349 1221 1116 3350 1219 1117 3351 1228 1117 3352 1220 1117 3353 1218 1118 3354 1227 1118 3355 1219 1118 3356 1217 1119 3357 1226 1119 3358 1218 1119 3359 1126 1120 3360 1224 1120 3361 1127 1120 3362 1215 1121 3363 1224 1121 3364 1216 1121 3365 1214 1122 3366 1223 1122 3367 1215 1122 3368 1213 1123 3369 1222 1123 3370 1214 1123 3371 1212 1124 3372 1221 1124 3373 1213 1124 3374 1211 1125 3375 1220 1125 3376 1212 1125 3377 1210 1126 3378 1219 1126 3379 1211 1126 3380 1209 1127 3381 1218 1127 3382 1210 1127 3383 1208 1128 3384 1126 1128 3385 1125 1128 3386 1208 1129 3387 1215 1129 3388 1216 1129 3389 1207 1130 3390 1214 1130 3391 1215 1130 3392 1205 1131 3393 1214 1131 3394 1206 1131 3395 1204 1132 3396 1213 1132 3397 1205 1132 3398 1204 1133 3399 1211 1133 3400 1212 1133 3401 1203 1134 3402 1210 1134 3403 1211 1134 3404 1201 1135 3405 1210 1135 3406 1202 1135 3407 1200 1136 3408 1125 1136 3409 1124 1136 3410 1200 1137 3411 1207 1137 3412 1208 1137 3413 1198 1138 3414 1207 1138 3415 1199 1138 3416 1198 1139 3417 1205 1139 3418 1206 1139 3419 1196 1140 3420 1205 1140 3421 1197 1140 3422 1196 1141 3423 1203 1141 3424 1204 1141 3425 1195 1142 3426 1202 1142 3427 1203 1142 3428 1194 1143 3429 1201 1143 3430 1202 1143 3431 1192 1144 3432 1124 1144 3433 1123 1144 3434 1192 1145 3435 1199 1145 3436 1200 1145 3437 1191 1146 3438 1198 1146 3439 1199 1146 3440 1189 1147 3441 1198 1147 3442 1190 1147 3443 1188 1148 3444 1197 1148 3445 1189 1148 3446 1187 1149 3447 1196 1149 3448 1188 1149 3449 1186 1150 3450 1195 1150 3451 1187 1150 3452 1185 1151 3453 1194 1151 3454 1186 1151 3455 1184 1152 3456 1123 1152 3457 1122 1152 3458 1184 1153 3459 1191 1153 3460 1192 1153 3461 1183 1154 3462 1190 1154 3463 1191 1154 3464 1181 1155 3465 1190 1155 3466 1182 1155 3467 1180 1156 3468 1189 1156 3469 1181 1156 3470 1179 1157 3471 1188 1157 3472 1180 1157 3473 1178 1158 3474 1187 1158 3475 1179 1158 3476 1177 1159 3477 1186 1159 3478 1178 1159 3479 1129 1160 3480 1122 1160 3481 43 1160 3482 1129 1161 3483 1183 1161 3484 1184 1161 3485 1130 1162 3486 1182 1162 3487 1183 1162 3488 1131 1163 3489 1181 1163 3490 1182 1163 3491 1132 1164 3492 1180 1164 3493 1181 1164 3494 1133 1165 3495 1179 1165 3496 1180 1165 3497 1134 1166 3498 1178 1166 3499 1179 1166 3500 1135 1167 3501 1177 1167 3502 1178 1167 3503 1128 1168 3504 1144 1168 3505 44 1168 3506 1232 1169 3507 1143 1169 3508 1144 1169 3509 1230 1170 3510 1143 1170 3511 1231 1170 3512 1229 1171 3513 1142 1171 3514 1230 1171 3515 1228 1172 3516 1141 1172 3517 1229 1172 3518 1227 1173 3519 1140 1173 3520 1228 1173 3521 1226 1174 3522 1139 1174 3523 1227 1174 3524 1225 1175 3525 1138 1175 3526 1226 1175 3527 2 1176 3528 1137 1176 3529 3 1176 3530 1145 1177 3531 1138 1177 3532 1137 1177 3533 1146 1178 3534 1139 1178 3535 1138 1178 3536 1147 1179 3537 1140 1179 3538 1139 1179 3539 1148 1180 3540 1141 1180 3541 1140 1180 3542 1149 1181 3543 1142 1181 3544 1141 1181 3545 1150 1182 3546 1143 1182 3547 1142 1182 3548 1151 1183 3549 1144 1183 3550 1143 1183 3551 1161 1184 3552 43 1184 3553 5 1184 3554 1162 1185 3555 1129 1185 3556 1161 1185 3557 1163 1186 3558 1130 1186 3559 1162 1186 3560 1164 1187 3561 1131 1187 3562 1163 1187 3563 1165 1188 3564 1132 1188 3565 1164 1188 3566 1166 1189 3567 1133 1189 3568 1165 1189 3569 1167 1190 3570 1134 1190 3571 1166 1190 3572 1168 1191 3573 1135 1191 3574 1167 1191 3575 16 1192 3576 1153 1192 3577 1248 1192 3578 1152 1193 3579 1154 1193 3580 1153 1193 3581 1151 1194 3582 1155 1194 3583 1154 1194 3584 1150 1195 3585 1156 1195 3586 1155 1195 3587 1149 1196 3588 1157 1196 3589 1156 1196 3590 1157 1197 3591 1147 1197 3592 1158 1197 3593 1158 1198 3594 1146 1198 3595 1159 1198 3596 1159 1199 3597 1145 1199 3598 1160 1199 3599 33 1200 3600 1176 1200 3601 1078 1200 3602 1168 1201 3603 1175 1201 3604 1176 1201 3605 1167 1202 3606 1174 1202 3607 1175 1202 3608 1166 1203 3609 1173 1203 3610 1174 1203 3611 1165 1204 3612 1172 1204 3613 1173 1204 3614 1172 1205 3615 1163 1205 3616 1171 1205 3617 1171 1206 3618 1162 1206 3619 1170 1206 3620 1170 1207 3621 1161 1207 3622 1169 1207 3623 1170 1208 3624 1236 1208 3625 1171 1208 3626 1174 1209 3627 1240 1209 3628 1175 1209 3629 1171 1210 3630 1237 1210 3631 1172 1210 3632 524 1211 3633 1234 1211 3634 1169 1211 3635 1175 1212 3636 1241 1212 3637 1176 1212 3638 1172 1213 3639 1238 1213 3640 1173 1213 3641 1169 1214 3642 1235 1214 3643 1170 1214 3644 1078 1215 3645 1241 1215 3646 1233 1215 3647 1173 1216 3648 1239 1216 3649 1174 1216 3650 1154 1217 3651 997 1217 3652 1153 1217 3653 1158 1218 3654 632 1218 3655 1157 1218 3656 1155 1219 3657 882 1219 3658 1154 1219 3659 1159 1220 3660 581 1220 3661 1158 1220 3662 1156 1221 3663 824 1221 3664 1155 1221 3665 1248 1222 3666 997 1222 3667 1247 1222 3668 1160 1223 3669 523 1223 3670 1159 1223 3671 1157 1224 3672 730 1224 3673 1156 1224 3674 1075 1225 3675 510 1225 3676 1160 1225 3677 883 1226 3678 731 1226 3679 903 1226 3680 932 1227 3681 990 1227 3682 891 1227 3683 895 1228 3684 1243 1228 3685 883 1228 3686 826 1229 3687 1076 1229 3688 836 1229 3689 842 1230 3690 991 1230 3691 826 1230 3692 836 1231 3693 1061 1231 3694 827 1231 3695 891 1232 3696 1244 1232 3697 869 1232 3698 903 1233 3699 698 1233 3700 932 1233 3701 884 1234 3702 825 1234 3703 895 1234 3704 869 1235 3705 530 1235 3706 842 1235 3707 698 1236 3708 482 1236 3709 990 1236 3710 731 1237 3711 831 1237 3712 698 1237 3713 1243 1238 3714 638 1238 3715 731 1238 3716 990 1239 3717 1250 1239 3718 1244 1239 3719 1076 1240 3720 1245 1240 3721 1248 1240 3722 998 1241 3723 524 1241 3724 825 1241 3725 1244 1242 3726 888 1242 3727 530 1242 3728 1061 1243 3729 1248 1243 3730 1247 1243 3731 530 1244 3732 1245 1244 3733 991 1244 3734 825 1245 3735 1249 1245 3736 1243 1245 3737 1169 1248 3744 1161 1248 3745 5 1248 3746 5 1249 3747 43 1249 3748 1 1249 3749 1245 1250 3750 1095 1250 3751 15 1250 3752 1160 1251 3753 1145 1251 3754 2 1251 3755 1107 1252 3756 1108 1252 3757 34 1252 3758 6 1258 3774 8 1258 3775 7 1258 3776 5 1259 3777 7 1259 3778 9 1259 3779 10 1260 3780 8 1260 3781 6 1260 3782 16 1266 3798 18 1266 3799 17 1266 3800 15 1267 3801 17 1267 3802 19 1267 3803 20 1268 3804 18 1268 3805 16 1268 3806 0 1274 3822 26 1274 3823 25 1274 3824 2 1275 3825 25 1275 3826 27 1275 3827 28 1276 3828 26 1276 3829 0 1276 3830 33 1282 3846 36 1282 3847 35 1282 3848 34 1283 3849 35 1283 3850 37 1283 3851 38 1284 3852 36 1284 3853 33 1284 3854 1115 1285 3855 46 1285 3856 47 1285 3857 2 1286 3858 3 1286 3859 4 1286 3860 34 1287 3861 47 1287 3862 46 1287 3863 1101 1288 3864 6 1288 3865 1 1288 3866 0 1289 3867 4 1289 3868 1087 1289 3869 33 1290 3870 46 1290 3871 1136 1290 3872 16 1291 3873 44 1291 3874 1144 1291 3875 16 1292 3876 15 1292 3877 45 1292 3878 1121 1293 3879 3 1293 3880 1137 1293 3881 1 1294 3882 43 1294 3883 1122 1294 3884 56 1295 3885 48 1295 3886 60 1295 3887 57 1296 3888 49 1296 3889 50 1296 3890 60 1307 3921 70 1307 3922 66 1307 3923 58 1308 3924 54 1308 3925 53 1308 3926 136 1309 3927 127 1309 3928 54 1309 3929 123 1310 3930 64 1310 3931 54 1310 3932 137 1311 3933 59 1311 3934 66 1311 3935 75 1312 3936 76 1312 3937 74 1312 3938 77 1313 3939 78 1313 3940 76 1313 3941 79 1314 3942 80 1314 3943 78 1314 3944 81 1315 3945 82 1315 3946 80 1315 3947 83 1316 3948 84 1316 3949 82 1316 3950 85 1317 3951 86 1317 3952 84 1317 3953 74 1318 3954 76 1318 3955 82 1318 3956 76 1319 3957 78 1319 3958 82 1319 3959 78 1320 3960 80 1320 3961 82 1320 3962 82 1321 3963 84 1321 3964 74 1321 3965 84 1322 3966 86 1322 3967 74 1322 3968 87 1323 3969 88 1323 3970 86 1323 3971 73 1324 3972 74 1324 3973 88 1324 3974 91 1325 3975 92 1325 3976 90 1325 3977 93 1326 3978 94 1326 3979 92 1326 3980 95 1327 3981 96 1327 3982 94 1327 3983 97 1328 3984 98 1328 3985 96 1328 3986 99 1329 3987 100 1329 3988 98 1329 3989 101 1330 3990 102 1330 3991 100 1330 3992 90 1331 3993 92 1331 3994 94 1331 3995 94 1332 3996 96 1332 3997 90 1332 3998 96 1333 3999 98 1333 4000 90 1333 4001 98 1334 4002 100 1334 4003 90 1334 4004 100 1335 4005 102 1335 4006 90 1335 4007 103 1336 4008 104 1336 4009 102 1336 4010 89 1337 4011 90 1337 4012 104 1337 4013 87 1338 4014 63 1338 4015 64 1338 4016 123 1339 4017 112 1339 4018 75 1339 4019 101 1340 4020 99 1340 4021 65 1340 4022 148 1341 4023 150 1341 4024 95 1341 4025 131 1342 4026 50 1342 4027 499 1342 4028 106 1343 4029 81 1343 4030 79 1343 4031 152 1344 4032 97 1344 4033 95 1344 4034 110 1345 4035 108 1345 4036 79 1345 4037 110 1346 4038 77 1346 4039 75 1346 4040 122 1347 4041 65 1347 4042 97 1347 4043 122 1348 4044 121 1348 4045 66 1348 4046 56 1349 4047 59 1349 4048 137 1349 4049 136 1350 4050 58 1350 4051 50 1350 4052 148 1351 4053 93 1351 4054 91 1351 4055 49 1352 4056 57 1352 4057 222 1352 4058 233 1353 4059 83 1353 4060 81 1353 4061 250 1354 4062 158 1354 4063 144 1354 4064 134 1355 4065 637 1355 4066 483 1355 4067 134 1356 4068 137 1356 4069 138 1356 4070 131 1357 4071 132 1357 4072 135 1357 4073 138 1368 4104 137 1368 4105 121 1368 4106 128 1369 4107 127 1369 4108 136 1369 4109 484 1370 4110 499 1370 4111 49 1370 4112 113 1371 4113 111 1371 4114 112 1371 4115 111 1372 4116 109 1372 4117 110 1372 4118 109 1373 4119 107 1373 4120 108 1373 4121 107 1374 4122 105 1374 4123 106 1374 4124 105 1375 4125 139 1375 4126 61 1375 4127 139 1376 4128 141 1376 4129 140 1376 4130 109 1377 4131 111 1377 4132 141 1377 4133 111 1378 4134 113 1378 4135 141 1378 4136 113 1379 4137 143 1379 4138 141 1379 4139 141 1380 4140 139 1380 4141 109 1380 4142 139 1381 4143 105 1381 4144 109 1381 4145 141 1382 4146 143 1382 4147 142 1382 4148 143 1383 4149 113 1383 4150 114 1383 4151 145 1384 4152 147 1384 4153 146 1384 4154 147 1385 4155 149 1385 4156 148 1385 4157 149 1386 4158 151 1386 4159 150 1386 4160 151 1387 4161 153 1387 4162 152 1387 4163 153 1388 4164 155 1388 4165 154 1388 4166 155 1389 4167 157 1389 4168 156 1389 4169 149 1390 4170 147 1390 4171 145 1390 4172 145 1391 4173 159 1391 4174 157 1391 4175 157 1392 4176 155 1392 4177 153 1392 4178 153 1393 4179 151 1393 4180 149 1393 4181 149 1394 4182 145 1394 4183 153 1394 4184 157 1395 4185 159 1395 4186 158 1395 4187 159 1396 4188 145 1396 4189 144 1396 4190 114 1397 4191 123 1397 4192 124 1397 4193 118 1398 4194 122 1398 4195 154 1398 4196 135 1399 4197 132 1399 4198 237 1399 4199 224 1400 4200 53 1400 4201 63 1400 4202 81 1401 4203 106 1401 4204 243 1401 4205 140 1402 4206 124 1402 4207 239 1402 4208 247 1403 4209 249 1403 4210 89 1403 4211 124 1404 4212 128 1404 4213 220 1404 4214 106 1405 4215 61 1405 4216 241 1405 4217 632 1406 4218 483 1406 4219 637 1406 4220 227 1407 4221 63 1407 4222 85 1407 4223 257 1408 4224 258 1408 4225 70 1408 4226 161 1409 4227 469 1409 4228 474 1409 4229 470 1410 4230 471 1410 4231 212 1410 4232 469 1411 4233 161 1411 4234 175 1411 4235 184 1412 4236 180 1412 4237 165 1412 4238 477 1413 4239 476 1413 4240 179 1413 4241 473 1414 4242 472 1414 4243 207 1414 4244 170 1415 4245 172 1415 4246 174 1415 4247 174 1416 4248 160 1416 4249 170 1416 4250 160 1417 4251 162 1417 4252 170 1417 4253 162 1418 4254 164 1418 4255 166 1418 4256 166 1419 4257 168 1419 4258 170 1419 4259 169 1420 4260 168 1420 4261 166 1420 4262 172 1421 4263 170 1421 4264 171 1421 4265 167 1422 4266 166 1422 4267 164 1422 4268 165 1423 4269 164 1423 4270 162 1423 4271 201 1427 4281 478 1427 4282 481 1427 4283 160 1428 4284 174 1428 4285 175 1428 4286 176 1429 4287 177 1429 4288 181 1429 4289 472 1430 4290 480 1430 4291 189 1430 4292 481 1431 4293 468 1431 4294 175 1431 4295 174 1432 4296 172 1432 4297 173 1432 4298 170 1433 4299 168 1433 4300 169 1433 4301 477 1435 4305 176 1435 4306 185 1435 4307 184 1436 4308 474 1436 4309 475 1436 4310 193 1437 4311 192 1437 4312 194 1437 4313 179 1438 4314 476 1438 4315 712 1438 4316 197 1439 4317 196 1439 4318 198 1439 4319 202 1440 4320 200 1440 4321 198 1440 4322 198 1441 4323 196 1441 4324 202 1441 4325 196 1442 4326 194 1442 4327 202 1442 4328 194 1443 4329 192 1443 4330 202 1443 4331 192 1444 4332 190 1444 4333 202 1444 4334 203 1445 4335 189 1445 4336 480 1445 4337 180 1446 4338 181 1446 4339 210 1446 4340 180 1447 4341 211 1447 4342 195 1447 4343 214 1448 4344 213 1448 4345 177 1448 4346 169 1449 4347 167 1449 4348 195 1449 4349 191 1450 4350 190 1450 4351 192 1450 4352 178 1451 4353 713 1451 4354 700 1451 4355 178 1452 4356 177 1452 4357 176 1452 4358 171 1453 4359 199 1453 4360 201 1453 4361 177 1454 4362 213 1454 4363 210 1454 4364 169 1455 4365 197 1455 4366 199 1455 4367 207 1456 4368 191 1456 4369 193 1456 4370 189 1457 4371 188 1457 4372 190 1457 4373 199 1458 4374 198 1458 4375 200 1458 4376 473 1461 4383 206 1461 4384 212 1461 4385 197 1464 4392 195 1464 4393 194 1464 4394 212 1466 4398 206 1466 4399 210 1466 4400 203 1467 4401 201 1467 4402 200 1467 4403 708 1468 4404 470 1468 4405 215 1468 4406 163 1469 4407 162 1469 4408 160 1469 4409 214 1470 4410 215 1470 4411 212 1470 4412 203 1472 4416 202 1472 4417 188 1472 4418 203 1473 4419 479 1473 4420 478 1473 4421 255 1474 4422 138 1474 4423 117 1474 4424 132 1475 4425 633 1475 4426 636 1475 4427 251 1476 4428 238 1476 4429 635 1476 4430 238 1477 4431 237 1477 4432 636 1477 4433 135 1478 4434 218 1478 4435 220 1478 4436 218 1479 4437 217 1479 4438 219 1479 4439 57 1480 4440 53 1480 4441 224 1480 4442 224 1481 4443 223 1481 4444 221 1481 4445 228 1482 4446 230 1482 4447 247 1482 4448 228 1483 4449 227 1483 4450 229 1483 4451 254 1484 4452 244 1484 4453 242 1484 4454 244 1485 4455 243 1485 4456 241 1485 4457 252 1486 4458 240 1486 4459 219 1486 4460 239 1487 4461 220 1487 4462 219 1487 4463 83 1488 4464 233 1488 4465 229 1488 4466 233 1489 4467 234 1489 4468 230 1489 4469 250 1490 4470 236 1490 4471 240 1490 4472 235 1491 4473 239 1491 4474 240 1491 4475 232 1492 4476 244 1492 4477 254 1492 4478 232 1493 4479 231 1493 4480 243 1493 4481 223 1494 4482 228 1494 4483 246 1494 4484 223 1495 4485 224 1495 4486 227 1495 4487 217 1496 4488 238 1496 4489 251 1496 4490 218 1497 4491 237 1497 4492 238 1497 4493 485 1498 4494 226 1498 4495 245 1498 4496 484 1499 4497 225 1499 4498 226 1499 4499 61 1500 4500 140 1500 4501 235 1500 4502 235 1501 4503 236 1501 4504 242 1501 4505 234 1502 4506 232 1502 4507 248 1502 4508 234 1503 4509 233 1503 4510 231 1503 4511 226 1504 4512 221 1504 4513 257 1504 4514 225 1505 4515 222 1505 4516 221 1505 4517 245 1506 4518 257 1506 4519 60 1506 4520 249 1507 4521 248 1507 4522 91 1507 4523 486 1508 4524 245 1508 4525 48 1508 4526 255 1509 4527 251 1509 4528 133 1509 4529 258 1510 4530 246 1510 4531 69 1510 4532 248 1511 4533 254 1511 4534 146 1511 4535 158 1512 4536 250 1512 4537 252 1512 4538 118 1513 4539 252 1513 4540 256 1513 4541 146 1514 4542 254 1514 4543 253 1514 4544 246 1515 4545 247 1515 4546 103 1515 4547 133 1516 4548 251 1516 4549 634 1516 4550 217 1517 4551 255 1517 4552 256 1517 4553 221 1518 4554 223 1518 4555 258 1518 4556 230 1519 4557 234 1519 4558 249 1519 4559 236 1520 4560 250 1520 4561 253 1520 4562 272 1530 4590 273 1530 4591 259 1530 4592 260 1531 4593 275 1531 4594 266 1531 4595 499 1532 4596 702 1532 4597 724 1532 4598 723 1533 4599 703 1533 4600 704 1533 4601 723 1534 4602 724 1534 4603 702 1534 4604 720 1535 4605 699 1535 4606 700 1535 4607 720 1536 4608 721 1536 4609 705 1536 4610 722 1537 4611 704 1537 4612 705 1537 4613 266 1539 4617 275 1539 4618 276 1539 4619 269 1540 4620 268 1540 4621 216 1540 4622 346 1541 4623 216 1541 4624 268 1541 4625 268 1542 4626 262 1542 4627 333 1542 4628 276 1543 4629 275 1543 4630 347 1543 4631 284 1544 4632 286 1544 4633 285 1544 4634 286 1545 4635 288 1545 4636 287 1545 4637 288 1546 4638 290 1546 4639 289 1546 4640 290 1547 4641 292 1547 4642 291 1547 4643 292 1548 4644 294 1548 4645 293 1548 4646 294 1549 4647 296 1549 4648 295 1549 4649 288 1550 4650 286 1550 4651 284 1550 4652 284 1551 4653 298 1551 4654 288 1551 4655 298 1552 4656 296 1552 4657 288 1552 4658 296 1553 4659 294 1553 4660 288 1553 4661 294 1554 4662 292 1554 4663 288 1554 4664 296 1555 4665 298 1555 4666 297 1555 4667 298 1556 4668 284 1556 4669 283 1556 4670 300 1557 4671 302 1557 4672 301 1557 4673 302 1558 4674 304 1558 4675 303 1558 4676 304 1559 4677 306 1559 4678 305 1559 4679 306 1560 4680 308 1560 4681 307 1560 4682 308 1561 4683 310 1561 4684 309 1561 4685 310 1562 4686 312 1562 4687 311 1562 4688 304 1563 4689 302 1563 4690 300 1563 4691 300 1564 4692 314 1564 4693 304 1564 4694 314 1565 4695 312 1565 4696 304 1565 4697 312 1566 4698 310 1566 4699 308 1566 4700 308 1567 4701 306 1567 4702 312 1567 4703 312 1568 4704 314 1568 4705 313 1568 4706 314 1569 4707 300 1569 4708 299 1569 4709 297 1570 4710 283 1570 4711 262 1570 4712 333 1571 4713 262 1571 4714 285 1571 4715 261 1572 4716 309 1572 4717 311 1572 4718 358 1573 4719 303 1573 4720 305 1573 4721 571 1574 4722 272 1574 4723 341 1574 4724 289 1575 4725 291 1575 4726 316 1575 4727 305 1576 4728 307 1576 4729 362 1576 4730 320 1577 4731 287 1577 4732 289 1577 4733 285 1578 4734 287 1578 4735 320 1578 4736 307 1579 4737 261 1579 4738 332 1579 4739 332 1580 4740 261 1580 4741 276 1580 4742 347 1581 4743 275 1581 4744 260 1581 4745 272 1582 4746 216 1582 4747 346 1582 4748 301 1583 4749 303 1583 4750 358 1583 4751 431 1584 4752 259 1584 4753 273 1584 4754 442 1585 4755 440 1585 4756 291 1585 4757 354 1586 4758 368 1586 4759 459 1586 4760 344 1587 4761 260 1587 4762 511 1587 4763 344 1588 4764 343 1588 4765 348 1588 4766 345 1589 4767 342 1589 4768 341 1589 4769 348 1600 4800 327 1600 4801 331 1600 4802 346 1601 4803 337 1601 4804 338 1601 4805 520 1602 4806 434 1602 4807 273 1602 4808 322 1603 4809 321 1603 4810 323 1603 4811 320 1604 4812 319 1604 4813 321 1604 4814 318 1605 4815 317 1605 4816 319 1605 4817 316 1606 4818 315 1606 4819 317 1606 4820 265 1607 4821 349 1607 4822 315 1607 4823 350 1608 4824 351 1608 4825 349 1608 4826 323 1609 4827 321 1609 4828 319 1609 4829 319 1610 4830 317 1610 4831 323 1610 4832 317 1611 4833 315 1611 4834 323 1611 4835 315 1612 4836 349 1612 4837 323 1612 4838 349 1613 4839 351 1613 4840 323 1613 4841 352 1614 4842 353 1614 4843 351 1614 4844 324 1615 4845 323 1615 4846 353 1615 4847 356 1616 4848 357 1616 4849 355 1616 4850 358 1617 4851 359 1617 4852 357 1617 4853 360 1618 4854 361 1618 4855 359 1618 4856 362 1619 4857 363 1619 4858 361 1619 4859 364 1620 4860 365 1620 4861 363 1620 4862 366 1621 4863 367 1621 4864 365 1621 4865 355 1622 4866 357 1622 4867 359 1622 4868 359 1623 4869 361 1623 4870 355 1623 4871 361 1624 4872 363 1624 4873 355 1624 4874 363 1625 4875 365 1625 4876 355 1625 4877 365 1626 4878 367 1626 4879 355 1626 4880 368 1627 4881 369 1627 4882 367 1627 4883 354 1628 4884 355 1628 4885 369 1628 4886 334 1629 4887 333 1629 4888 324 1629 4889 328 1630 4890 366 1630 4891 364 1630 4892 446 1631 4893 342 1631 4894 345 1631 4895 433 1632 4896 436 1632 4897 263 1632 4898 452 1633 4899 316 1633 4900 291 1633 4901 448 1634 4902 334 1634 4903 350 1634 4904 456 1635 4905 313 1635 4906 299 1635 4907 429 1636 4908 338 1636 4909 334 1636 4910 450 1637 4911 265 1637 4912 316 1637 4913 1238 1638 4914 1237 1638 4915 631 1638 4916 436 1639 4917 438 1639 4918 295 1639 4919 466 1640 4920 266 1640 4921 280 1640 4922 371 1641 4923 394 1641 4924 474 1641 4925 422 1642 4926 471 1642 4927 470 1642 4928 469 1643 4929 468 1643 4930 385 1643 4931 394 1644 4932 373 1644 4933 375 1644 4934 389 1645 4935 476 1645 4936 477 1645 4937 417 1646 4938 472 1646 4939 473 1646 4940 384 1647 4941 382 1647 4942 376 1647 4943 382 1648 4944 380 1648 4945 376 1648 4946 380 1649 4947 378 1649 4948 376 1649 4949 376 1650 4950 374 1650 4951 372 1650 4952 372 1651 4953 370 1651 4954 376 1651 4955 379 1652 4956 377 1652 4957 376 1652 4958 381 1653 4959 380 1653 4960 382 1653 4961 377 1654 4962 375 1654 4963 374 1654 4964 375 1655 4965 373 1655 4966 372 1655 4967 411 1659 4977 383 1659 4978 481 1659 4979 385 1660 4980 384 1660 4981 370 1660 4982 386 1661 4983 395 1661 4984 391 1661 4985 399 1662 4986 480 1662 4987 472 1662 4988 385 1663 4989 468 1663 4990 481 1663 4991 383 1664 4992 382 1664 4993 384 1664 4994 379 1665 4995 378 1665 4996 380 1665 4997 477 1667 5001 475 1667 5002 395 1667 5003 394 1668 5004 395 1668 5005 475 1668 5006 404 1669 5007 402 1669 5008 403 1669 5009 389 1670 5010 719 1670 5011 712 1670 5012 408 1671 5013 406 1671 5014 407 1671 5015 408 1672 5016 410 1672 5017 400 1672 5018 410 1673 5019 412 1673 5020 400 1673 5021 412 1674 5022 398 1674 5023 400 1674 5024 400 1675 5025 402 1675 5026 408 1675 5027 402 1676 5028 404 1676 5029 408 1676 5030 480 1677 5031 399 1677 5032 413 1677 5033 390 1678 5034 421 1678 5035 420 1678 5036 405 1679 5037 421 1679 5038 390 1679 5039 387 1680 5040 423 1680 5041 424 1680 5042 379 1681 5043 407 1681 5044 405 1681 5045 402 1682 5046 400 1682 5047 401 1682 5048 388 1683 5049 424 1683 5050 707 1683 5051 388 1684 5052 389 1684 5053 386 1684 5054 411 1685 5055 409 1685 5056 381 1685 5057 420 1686 5058 423 1686 5059 387 1686 5060 409 1687 5061 407 1687 5062 379 1687 5063 417 1688 5064 421 1688 5065 403 1688 5066 400 1689 5067 398 1689 5068 399 1689 5069 410 1690 5070 408 1690 5071 409 1690 5072 473 1693 5079 471 1693 5080 422 1693 5081 407 1696 5088 406 1696 5089 404 1696 5090 422 1698 5094 423 1698 5095 420 1698 5096 413 1699 5097 412 1699 5098 410 1699 5099 425 1700 5100 470 1700 5101 708 1700 5102 373 1701 5103 371 1701 5104 370 1701 5105 424 1702 5106 423 1702 5107 422 1702 5108 398 1704 5112 412 1704 5113 413 1704 5114 411 1705 5115 478 1705 5116 479 1705 5117 327 1706 5118 348 1706 5119 464 1706 5120 630 1707 5121 627 1707 5122 342 1707 5123 460 1708 5124 628 1708 5125 629 1708 5126 447 1709 5127 629 1709 5128 630 1709 5129 429 1710 5130 427 1710 5131 345 1710 5132 428 1711 5133 426 1711 5134 427 1711 5135 259 1712 5136 431 1712 5137 433 1712 5138 430 1713 5139 432 1713 5140 433 1713 5141 456 1714 5142 439 1714 5143 437 1714 5144 437 1715 5145 439 1715 5146 438 1715 5147 463 1716 5148 462 1716 5149 451 1716 5150 453 1717 5151 451 1717 5152 450 1717 5153 461 1718 5154 465 1718 5155 428 1718 5156 428 1719 5157 429 1719 5158 448 1719 5159 438 1720 5160 442 1720 5161 293 1720 5162 439 1721 5163 443 1721 5164 442 1721 5165 459 1722 5166 461 1722 5167 449 1722 5168 449 1723 5169 448 1723 5170 444 1723 5171 463 1724 5172 453 1724 5173 441 1724 5174 441 1725 5175 453 1725 5176 452 1725 5177 455 1726 5178 437 1726 5179 432 1726 5180 432 1727 5181 437 1727 5182 436 1727 5183 460 1728 5184 447 1728 5185 426 1728 5186 447 1729 5187 446 1729 5188 427 1729 5189 454 1730 5190 435 1730 5191 521 1730 5192 435 1731 5193 434 1731 5194 520 1731 5195 265 1732 5196 450 1732 5197 444 1732 5198 451 1733 5199 445 1733 5200 444 1733 5201 457 1734 5202 441 1734 5203 443 1734 5204 443 1735 5205 441 1735 5206 440 1735 5207 466 1736 5208 430 1736 5209 435 1736 5210 430 1737 5211 431 1737 5212 434 1737 5213 266 1738 5214 466 1738 5215 454 1738 5216 301 1739 5217 457 1739 5218 458 1739 5219 274 1740 5220 454 1740 5221 522 1740 5222 343 1741 5223 460 1741 5224 464 1741 5225 279 1742 5226 455 1742 5227 467 1742 5228 356 1743 5229 463 1743 5230 457 1743 5231 368 1744 5232 328 1744 5233 461 1744 5234 328 1745 5235 327 1745 5236 465 1745 5237 356 1746 5238 354 1746 5239 462 1746 5240 313 1747 5241 456 1747 5242 455 1747 5243 343 1748 5244 631 1748 5245 628 1748 5246 465 1749 5247 464 1749 5248 426 1749 5249 430 1750 5250 466 1750 5251 467 1750 5252 439 1751 5253 456 1751 5254 458 1751 5255 462 1752 5256 459 1752 5257 445 1752 5258 718 1753 5259 709 1753 5260 571 1753 5261 710 1754 5262 701 1754 5263 717 1754 5264 717 1755 5265 701 1755 5266 709 1755 5267 707 1756 5268 706 1756 5269 714 1756 5270 714 1757 5271 706 1757 5272 711 1757 5273 711 1758 5274 710 1758 5275 716 1758 5276 486 1759 5277 483 1759 5278 732 1759 5279 581 1760 5280 732 1760 5281 483 1760 5282 499 1762 5286 484 1762 5287 735 1762 5288 735 1763 5289 484 1763 5290 485 1763 5291 485 1764 5292 486 1764 5293 734 1764 5294 686 1766 5298 752 1766 5299 727 1766 5300 563 1767 5301 618 1767 5302 686 1767 5303 728 1769 5307 487 1769 5308 588 1769 5309 685 1770 5310 728 1770 5311 727 1770 5312 531 1772 5316 598 1772 5317 538 1772 5318 1242 1773 5319 1063 1773 5320 529 1773 5321 539 1774 5322 542 1774 5323 536 1774 5324 534 1775 5325 545 1775 5326 532 1775 5327 541 1776 5328 539 1776 5329 528 1776 5330 532 1777 5331 529 1777 5332 1063 1777 5333 532 1778 5334 526 1778 5335 535 1778 5336 532 1779 5337 545 1779 5338 547 1779 5339 534 1780 5340 533 1780 5341 528 1780 5342 1003 1781 5343 803 1781 5344 718 1781 5345 533 1783 5349 535 1783 5350 525 1783 5351 564 1784 5352 596 1784 5353 595 1784 5354 519 1787 5361 511 1787 5362 522 1787 5363 1239 1788 5364 1238 1788 5365 511 1788 5366 516 1791 5373 520 1791 5374 571 1791 5375 516 1792 5376 515 1792 5377 521 1792 5378 517 1793 5379 522 1793 5380 521 1793 5381 565 1794 5382 539 1794 5383 541 1794 5384 565 1795 5385 564 1795 5386 542 1795 5387 545 1796 5388 534 1796 5389 546 1796 5390 555 1797 5391 557 1797 5392 547 1797 5393 554 1798 5394 556 1798 5395 557 1798 5396 695 1799 5397 694 1799 5398 558 1799 5399 534 1801 5403 552 1801 5404 555 1801 5405 555 1802 5406 552 1802 5407 553 1802 5408 536 1803 5409 550 1803 5410 552 1803 5411 550 1804 5412 551 1804 5413 553 1804 5414 540 1805 5415 548 1805 5416 550 1805 5417 548 1806 5418 549 1806 5419 551 1806 5420 595 1807 5421 613 1807 5422 568 1807 5423 613 1808 5424 612 1808 5425 569 1808 5426 690 1809 5427 692 1809 5428 556 1809 5429 553 1811 5433 562 1811 5434 690 1811 5435 551 1812 5436 561 1812 5437 562 1812 5438 549 1813 5439 560 1813 5440 561 1813 5441 612 1814 5442 623 1814 5443 570 1814 5444 569 1815 5445 570 1815 5446 560 1815 5447 568 1816 5448 569 1816 5449 549 1816 5450 566 1817 5451 568 1817 5452 548 1817 5453 596 1818 5454 564 1818 5455 565 1818 5456 587 1819 5457 565 1819 5458 567 1819 5459 542 1820 5460 564 1820 5461 566 1820 5462 741 1822 5466 503 1822 5467 504 1822 5468 599 1828 5484 585 1828 5485 594 1828 5486 592 1829 5487 591 1829 5488 590 1829 5489 601 1830 5490 582 1830 5491 585 1830 5492 590 1831 5493 583 1831 5494 1068 1831 5495 593 1832 5496 583 1832 5497 590 1832 5498 607 1833 5499 605 1833 5500 590 1833 5501 585 1834 5502 591 1834 5503 592 1834 5504 582 1836 5508 593 1836 5509 591 1836 5510 595 1837 5511 596 1837 5512 625 1837 5513 736 1839 5517 571 1839 5518 709 1839 5519 601 1840 5520 599 1840 5521 626 1840 5522 626 1841 5523 599 1841 5524 602 1841 5525 726 1842 5526 727 1842 5527 621 1842 5528 605 1843 5529 607 1843 5530 606 1843 5531 529 1844 5532 547 1844 5533 746 1844 5534 607 1845 5535 619 1845 5536 617 1845 5537 619 1846 5538 618 1846 5539 616 1846 5540 745 1847 5541 743 1847 5542 925 1847 5543 685 1848 5544 607 1848 5545 586 1848 5546 617 1849 5547 614 1849 5548 592 1849 5549 617 1850 5550 616 1850 5551 615 1850 5552 614 1851 5553 610 1851 5554 594 1851 5555 615 1852 5556 611 1852 5557 610 1852 5558 610 1853 5559 608 1853 5560 600 1853 5561 611 1854 5562 609 1854 5563 608 1854 5564 641 1855 5565 613 1855 5566 595 1855 5567 642 1856 5568 612 1856 5569 613 1856 5570 618 1857 5571 563 1857 5572 925 1857 5573 1240 1858 5574 588 1858 5575 487 1858 5576 616 1860 5580 925 1860 5581 926 1860 5582 926 1861 5583 865 1861 5584 611 1861 5585 865 1862 5586 622 1862 5587 609 1862 5588 643 1863 5589 623 1863 5590 612 1863 5591 622 1864 5592 643 1864 5593 642 1864 5594 609 1865 5595 642 1865 5596 641 1865 5597 608 1866 5598 641 1866 5599 639 1866 5600 626 1867 5601 625 1867 5602 596 1867 5603 640 1868 5604 626 1868 5605 587 1868 5606 639 1869 5607 625 1869 5608 602 1869 5609 514 1871 5613 518 1871 5614 495 1871 5615 727 1874 5622 728 1874 5623 604 1874 5624 751 1886 5658 490 1886 5659 537 1886 5660 544 1898 5694 538 1898 5695 537 1898 5696 629 1900 5700 628 1900 5701 821 1900 5702 820 1901 5703 630 1901 5704 629 1901 5705 627 1902 5706 630 1902 5707 820 1902 5708 1236 1903 5709 823 1903 5710 631 1903 5711 628 1904 5712 631 1904 5713 823 1904 5714 1001 1906 5718 634 1906 5719 635 1906 5720 1002 1907 5721 1004 1907 5722 635 1907 5723 1002 1908 5724 636 1908 5725 633 1908 5726 824 1909 5727 730 1909 5728 637 1909 5729 999 1910 5730 637 1910 5731 634 1910 5732 547 1915 5745 557 1915 5746 793 1915 5747 489 1916 5748 726 1916 5749 620 1916 5750 791 1918 5754 695 1918 5755 490 1918 5756 738 1919 5757 736 1919 5758 496 1919 5759 518 1920 5760 509 1920 5761 500 1920 5762 738 1921 5763 506 1921 5764 502 1921 5765 513 1922 5766 502 1922 5767 501 1922 5768 694 1924 5772 695 1924 5773 696 1924 5774 490 1925 5775 558 1925 5776 559 1925 5777 1233 1926 5778 742 1926 5779 586 1926 5780 523 1928 5784 510 1928 5785 598 1928 5786 708 1931 5793 700 1931 5794 497 1931 5795 498 1932 5796 703 1932 5797 702 1932 5798 497 1933 5799 700 1933 5800 699 1933 5801 505 1934 5802 704 1934 5803 703 1934 5804 505 1935 5805 504 1935 5806 705 1935 5807 503 1936 5808 699 1936 5809 705 1936 5810 494 1937 5811 495 1937 5812 707 1937 5813 709 1938 5814 701 1938 5815 506 1938 5816 706 1939 5817 707 1939 5818 495 1939 5819 701 1940 5820 710 1940 5821 502 1940 5822 502 1941 5823 710 1941 5824 711 1941 5825 711 1942 5826 706 1942 5827 500 1942 5828 806 1943 5829 714 1943 5830 715 1943 5831 808 1944 5832 807 1944 5833 715 1944 5834 812 1945 5835 808 1945 5836 716 1945 5837 806 1946 5838 802 1946 5839 719 1946 5840 812 1947 5841 717 1947 5842 718 1947 5843 801 1948 5844 712 1948 5845 719 1948 5846 721 1949 5847 720 1949 5848 809 1949 5849 811 1950 5850 722 1950 5851 721 1950 5852 805 1951 5853 723 1951 5854 722 1951 5855 809 1952 5856 720 1952 5857 713 1952 5858 724 1953 5859 723 1953 5860 805 1953 5861 804 1954 5862 713 1954 5863 712 1954 5864 791 1955 5865 692 1955 5866 690 1955 5867 813 1956 5868 633 1956 5869 724 1956 5870 507 1957 5871 493 1957 5872 702 1957 5873 512 1958 5874 509 1958 5875 646 1958 5876 513 1959 5877 512 1959 5878 645 1959 5879 738 1960 5880 513 1960 5881 644 1960 5882 509 1961 5883 518 1961 5884 584 1961 5885 736 1962 5886 738 1962 5887 543 1962 5888 624 1963 5889 584 1963 5890 518 1963 5891 604 1964 5892 517 1964 5893 515 1964 5894 621 1965 5895 515 1965 5896 516 1965 5897 620 1966 5898 516 1966 5899 736 1966 5900 1240 1967 5901 1239 1967 5902 519 1967 5903 588 1968 5904 519 1968 5905 517 1968 5906 574 1969 5907 741 1969 5908 740 1969 5909 573 1970 5910 740 1970 5911 739 1970 5912 572 1971 5913 739 1971 5914 508 1971 5915 527 1972 5916 733 1972 5917 741 1972 5918 693 1973 5919 508 1973 5920 507 1973 5921 514 1974 5922 733 1974 5923 527 1974 5924 737 1975 5925 734 1975 5926 544 1975 5927 735 1976 5928 737 1976 5929 559 1976 5930 507 1977 5931 735 1977 5932 558 1977 5933 523 1978 5934 531 1978 5935 732 1978 5936 734 1979 5937 732 1979 5938 531 1979 5939 740 1980 5940 504 1980 5941 505 1980 5942 739 1981 5943 505 1981 5944 498 1981 5945 733 1982 5946 497 1982 5947 503 1982 5948 508 1983 5949 498 1983 5950 493 1983 5951 514 1984 5952 494 1984 5953 497 1984 5954 512 1985 5955 501 1985 5956 500 1985 5957 576 1986 5958 543 1986 5959 488 1986 5960 607 1988 5964 685 1988 5965 752 1988 5966 510 1991 5973 1242 1991 5974 750 1991 5975 750 1996 5988 746 1996 5989 538 1996 5990 489 1998 5994 488 1998 5995 743 1998 5996 728 1999 5997 685 1999 5998 742 1999 5999 556 2001 6003 751 2001 6004 793 2001 6005 746 2003 6009 793 2003 6010 537 2003 6011 692 2004 6012 791 2004 6013 751 2004 6014 1241 2006 6018 487 2006 6019 742 2006 6020 695 2007 6021 791 2007 6022 792 2007 6023 618 2021 6063 619 2021 6064 752 2021 6065 745 2023 6069 686 2023 6070 726 2023 6071 978 2052 6156 993 2052 6157 994 2052 6158 978 2053 6159 920 2053 6160 864 2053 6161 890 2055 6165 794 2055 6166 995 2055 6167 994 2056 6168 995 2056 6169 977 2056 6170 832 2058 6174 845 2058 6175 839 2058 6176 830 2059 6177 1061 2059 6178 1247 2059 6179 840 2060 6180 829 2060 6181 837 2060 6182 835 2061 6183 834 2061 6184 833 2061 6185 842 2062 6186 826 2062 6187 829 2062 6188 833 2063 6189 827 2063 6190 1061 2063 6191 836 2064 6192 827 2064 6193 833 2064 6194 848 2065 6195 846 2065 6196 833 2065 6197 829 2066 6198 834 2066 6199 835 2066 6200 826 2068 6204 836 2068 6205 834 2068 6206 897 2069 6207 898 2069 6208 866 2069 6209 842 2074 6222 840 2074 6223 867 2074 6224 867 2075 6225 840 2075 6226 843 2075 6227 846 2076 6228 848 2076 6229 847 2076 6230 848 2077 6231 858 2077 6232 856 2077 6233 858 2078 6234 857 2078 6235 855 2078 6236 859 2079 6237 986 2079 6238 987 2079 6239 856 2081 6243 853 2081 6244 835 2081 6245 856 2082 6246 855 2082 6247 854 2082 6248 853 2083 6249 851 2083 6250 837 2083 6251 854 2084 6252 852 2084 6253 851 2084 6254 851 2085 6255 849 2085 6256 841 2085 6257 852 2086 6258 850 2086 6259 849 2086 6260 870 2087 6261 915 2087 6262 897 2087 6263 871 2088 6264 914 2088 6265 915 2088 6266 857 2089 6267 984 2089 6268 982 2089 6269 982 2091 6273 863 2091 6274 854 2091 6275 863 2092 6276 862 2092 6277 852 2092 6278 862 2093 6279 861 2093 6280 850 2093 6281 872 2094 6282 927 2094 6283 914 2094 6284 861 2095 6285 872 2095 6286 871 2095 6287 850 2096 6288 871 2096 6289 870 2096 6290 849 2097 6291 870 2097 6292 868 2097 6293 867 2098 6294 866 2098 6295 898 2098 6296 869 2099 6297 867 2099 6298 889 2099 6299 868 2100 6300 866 2100 6301 843 2100 6302 810 2102 6306 809 2102 6307 1008 2102 6308 901 2108 6324 904 2108 6325 896 2108 6326 894 2109 6327 907 2109 6328 892 2109 6329 903 2110 6330 901 2110 6331 886 2110 6332 892 2111 6333 887 2111 6334 998 2111 6335 892 2112 6336 884 2112 6337 895 2112 6338 892 2113 6339 907 2113 6340 909 2113 6341 894 2114 6342 893 2114 6343 886 2114 6344 893 2116 6348 895 2116 6349 883 2116 6350 929 2117 6351 898 2117 6352 897 2117 6353 930 2119 6357 901 2119 6358 903 2119 6359 930 2120 6360 929 2120 6361 904 2120 6362 993 2121 6363 922 2121 6364 923 2121 6365 907 2122 6366 894 2122 6367 908 2122 6368 1013 2123 6369 848 2123 6370 830 2123 6371 919 2124 6372 921 2124 6373 909 2124 6374 918 2125 6375 920 2125 6376 921 2125 6377 1012 2126 6378 864 2126 6379 1252 2126 6380 977 2127 6381 1009 2127 6382 887 2127 6383 894 2128 6384 916 2128 6385 919 2128 6386 919 2129 6387 916 2129 6388 917 2129 6389 896 2130 6390 912 2130 6391 916 2130 6392 912 2131 6393 913 2131 6394 917 2131 6395 902 2132 6396 910 2132 6397 912 2132 6398 910 2133 6399 911 2133 6400 913 2133 6401 897 2134 6402 915 2134 6403 933 2134 6404 915 2135 6405 914 2135 6406 934 2135 6407 1252 2136 6408 864 2136 6409 920 2136 6410 1235 2137 6411 1234 2137 6412 794 2137 6413 918 2139 6417 917 2139 6418 1251 2139 6419 913 2140 6420 1253 2140 6421 1251 2140 6422 911 2141 6423 924 2141 6424 1253 2141 6425 914 2142 6426 927 2142 6427 935 2142 6428 934 2143 6429 935 2143 6430 924 2143 6431 933 2144 6432 934 2144 6433 911 2144 6434 931 2145 6435 933 2145 6436 910 2145 6437 898 2146 6438 929 2146 6439 930 2146 6440 889 2147 6441 930 2147 6442 932 2147 6443 904 2148 6444 929 2148 6445 931 2148 6446 818 2150 6450 801 2150 6451 802 2150 6452 994 2153 6459 923 2153 6460 906 2153 6461 838 2165 6495 797 2165 6496 1018 2165 6497 845 2177 6531 860 2177 6532 838 2177 6533 1060 2184 6552 858 2184 6553 848 2184 6554 922 2185 6555 993 2185 6556 796 2185 6557 797 2187 6561 987 2187 6562 1058 2187 6563 1005 2188 6564 812 2188 6565 803 2188 6566 822 2189 6567 802 2189 6568 806 2189 6569 808 2190 6570 812 2190 6571 1005 2190 6572 807 2191 6573 808 2191 6574 817 2191 6575 988 2193 6579 987 2193 6580 986 2193 6581 860 2194 6582 859 2194 6583 797 2194 6584 1246 2195 6585 998 2195 6586 887 2195 6587 900 2197 6591 997 2197 6592 882 2197 6593 982 2200 6600 984 2200 6601 1058 2200 6602 938 2201 6603 815 2201 6604 816 2201 6605 937 2202 6606 816 2202 6607 817 2202 6608 936 2203 6609 817 2203 6610 1005 2203 6611 885 2204 6612 822 2204 6613 815 2204 6614 844 2205 6615 1005 2205 6616 1003 2205 6617 928 2206 6618 818 2206 6619 822 2206 6620 819 2207 6621 821 2207 6622 906 2207 6623 820 2208 6624 819 2208 6625 923 2208 6626 1003 2209 6627 820 2209 6628 922 2209 6629 1235 2210 6630 890 2210 6631 823 2210 6632 821 2211 6633 823 2211 6634 890 2211 6635 1007 2212 6636 1008 2212 6637 875 2212 6638 1006 2213 6639 1007 2213 6640 874 2213 6641 814 2214 6642 1006 2214 6643 873 2214 6644 1008 2215 6645 1000 2215 6646 828 2215 6647 813 2216 6648 814 2216 6649 985 2216 6650 828 2217 6651 1000 2217 6652 818 2217 6653 845 2218 6654 1001 2218 6655 1004 2218 6656 860 2219 6657 1004 2219 6658 1002 2219 6659 859 2220 6660 1002 2220 6661 813 2220 6662 882 2221 6663 824 2221 6664 999 2221 6665 832 2222 6666 999 2222 6667 1001 2222 6668 811 2223 6669 810 2223 6670 1007 2223 6671 805 2224 6672 811 2224 6673 1006 2224 6674 809 2225 6675 804 2225 6676 1000 2225 6677 800 2226 6678 805 2226 6679 814 2226 6680 804 2227 6681 801 2227 6682 818 2227 6683 806 2228 6684 807 2228 6685 816 2228 6686 877 2229 6687 796 2229 6688 795 2229 6689 1019 2231 6693 977 2231 6694 909 2231 6695 1017 2234 6702 1247 2234 6703 997 2234 6704 839 2239 6717 1013 2239 6718 1017 2239 6719 796 2241 6723 1012 2241 6724 1010 2241 6725 995 2242 6726 794 2242 6727 1009 2242 6728 1060 2244 6732 1018 2244 6733 857 2244 6734 838 2246 6738 1060 2246 6739 1013 2246 6740 1018 2247 6741 1058 2247 6742 984 2247 6743 1234 2249 6747 1246 2249 6748 1009 2249 6749 1059 2250 6750 1058 2250 6751 987 2250 6752 920 2264 6792 978 2264 6793 1019 2264 6794 993 2266 6798 978 2266 6799 1012 2266 6800 541 2293 6879 1065 2293 6880 1066 2293 6881 589 2294 6882 1069 2294 6883 1072 2294 6884 567 2295 6885 1066 2295 6886 1069 2295 6887 640 2296 6888 1072 2296 6889 1071 2296 6890 593 2297 6891 1070 2297 6892 1068 2297 6893 535 2298 6894 1064 2298 6895 1062 2298 6896 601 2299 6897 1071 2299 6898 1067 2299 6899 525 2301 6903 1062 2301 6904 1065 2301 6905 582 2302 6906 1067 2302 6907 1070 2302 6908 526 2303 6909 1063 2303 6910 1064 2303 6911 1065 2304 6912 1103 2304 6913 1104 2304 6914 1063 2306 6918 1242 2306 6919 1075 2306 6920 1072 2307 6921 1105 2307 6922 1106 2307 6923 1068 2308 6924 1070 2308 6925 1078 2308 6926 1062 2309 6927 1102 2309 6928 1103 2309 6929 1069 2310 6930 1077 2310 6931 1105 2310 6932 1071 2311 6933 1106 2311 6934 1107 2311 6935 1064 2312 6936 1075 2312 6937 1102 2312 6938 1066 2313 6939 1104 2313 6940 1077 2313 6941 1070 2314 6942 1067 2314 6943 1107 2314 6944 45 2315 6945 1088 2315 6946 1128 2315 6947 1088 2316 6948 1089 2316 6949 1127 2316 6950 1089 2317 6951 1090 2317 6952 1126 2317 6953 1090 2318 6954 1091 2318 6955 1125 2318 6956 1092 2319 6957 1124 2319 6958 1125 2319 6959 1093 2320 6960 1123 2320 6961 1124 2320 6962 1094 2321 6963 1122 2321 6964 1123 2321 6965 1136 2322 6966 46 2322 6967 1115 2322 6968 1115 2323 6969 1116 2323 6970 1185 2323 6971 1116 2324 6972 1117 2324 6973 1193 2324 6974 1193 2325 6975 1117 2325 6976 1118 2325 6977 1118 2326 6978 1119 2326 6979 1209 2326 6980 1119 2327 6981 1120 2327 6982 1217 2327 6983 1120 2328 6984 1121 2328 6985 1225 2328 6986 1108 2329 6987 1081 2329 6988 47 2329 6989 1109 2330 6990 1082 2330 6991 1081 2330 6992 1110 2331 6993 1083 2331 6994 1082 2331 6995 1111 2332 6996 1084 2332 6997 1083 2332 6998 1112 2333 6999 1085 2333 7000 1084 2333 7001 1113 2334 7002 1086 2334 7003 1085 2334 7004 1114 2335 7005 1087 2335 7006 1086 2335 7007 15 2336 7008 1095 2336 7009 1088 2336 7010 1095 2337 7011 1096 2337 7012 1089 2337 7013 1096 2338 7014 1097 2338 7015 1090 2338 7016 1097 2339 7017 1098 2339 7018 1091 2339 7019 1098 2340 7020 1099 2340 7021 1092 2340 7022 1099 2341 7023 1100 2341 7024 1093 2341 7025 1100 2342 7026 1101 2342 7027 1094 2342 7028 4 2343 7029 3 2343 7030 1121 2343 7031 1087 2344 7032 1121 2344 7033 1120 2344 7034 1086 2345 7035 1120 2345 7036 1119 2345 7037 1085 2346 7038 1119 2346 7039 1118 2346 7040 1118 2347 7041 1117 2347 7042 1083 2347 7043 1117 2348 7044 1116 2348 7045 1082 2348 7046 1116 2349 7047 1115 2349 7048 1081 2349 7049 0 2350 7050 1114 2350 7051 1102 2350 7052 1114 2351 7053 1113 2351 7054 1103 2351 7055 1113 2352 7056 1112 2352 7057 1104 2352 7058 1112 2353 7059 1111 2353 7060 1077 2353 7061 1077 2354 7062 1111 2354 7063 1110 2354 7064 1105 2355 7065 1110 2355 7066 1109 2355 7067 1106 2356 7068 1109 2356 7069 1108 2356 7070 6 2357 7071 1101 2357 7072 1249 2357 7073 1101 2358 7074 1100 2358 7075 638 2358 7076 1100 2359 7077 1099 2359 7078 831 2359 7079 1099 2360 7080 1098 2360 7081 482 2360 7082 482 2361 7083 1098 2361 7084 1097 2361 7085 1250 2362 7086 1097 2362 7087 1096 2362 7088 888 2363 7089 1096 2363 7090 1095 2363 7091 1127 2364 7092 1224 2364 7093 1232 2364 7094 1224 2365 7095 1223 2365 7096 1231 2365 7097 1223 2366 7098 1222 2366 7099 1230 2366 7100 1222 2367 7101 1221 2367 7102 1229 2367 7103 1220 2368 7104 1228 2368 7105 1229 2368 7106 1219 2369 7107 1227 2369 7108 1228 2369 7109 1218 2370 7110 1226 2370 7111 1227 2370 7112 1217 2371 7113 1225 2371 7114 1226 2371 7115 1126 2372 7116 1216 2372 7117 1224 2372 7118 1215 2373 7119 1223 2373 7120 1224 2373 7121 1214 2374 7122 1222 2374 7123 1223 2374 7124 1213 2375 7125 1221 2375 7126 1222 2375 7127 1212 2376 7128 1220 2376 7129 1221 2376 7130 1211 2377 7131 1219 2377 7132 1220 2377 7133 1210 2378 7134 1218 2378 7135 1219 2378 7136 1209 2379 7137 1217 2379 7138 1218 2379 7139 1208 2380 7140 1216 2380 7141 1126 2380 7142 1208 2381 7143 1207 2381 7144 1215 2381 7145 1207 2382 7146 1206 2382 7147 1214 2382 7148 1205 2383 7149 1213 2383 7150 1214 2383 7151 1204 2384 7152 1212 2384 7153 1213 2384 7154 1204 2385 7155 1203 2385 7156 1211 2385 7157 1203 2386 7158 1202 2386 7159 1210 2386 7160 1201 2387 7161 1209 2387 7162 1210 2387 7163 1200 2388 7164 1208 2388 7165 1125 2388 7166 1200 2389 7167 1199 2389 7168 1207 2389 7169 1198 2390 7170 1206 2390 7171 1207 2390 7172 1198 2391 7173 1197 2391 7174 1205 2391 7175 1196 2392 7176 1204 2392 7177 1205 2392 7178 1196 2393 7179 1195 2393 7180 1203 2393 7181 1195 2394 7182 1194 2394 7183 1202 2394 7184 1194 2395 7185 1193 2395 7186 1201 2395 7187 1192 2396 7188 1200 2396 7189 1124 2396 7190 1192 2397 7191 1191 2397 7192 1199 2397 7193 1191 2398 7194 1190 2398 7195 1198 2398 7196 1189 2399 7197 1197 2399 7198 1198 2399 7199 1188 2400 7200 1196 2400 7201 1197 2400 7202 1187 2401 7203 1195 2401 7204 1196 2401 7205 1186 2402 7206 1194 2402 7207 1195 2402 7208 1185 2403 7209 1193 2403 7210 1194 2403 7211 1184 2404 7212 1192 2404 7213 1123 2404 7214 1184 2405 7215 1183 2405 7216 1191 2405 7217 1183 2406 7218 1182 2406 7219 1190 2406 7220 1181 2407 7221 1189 2407 7222 1190 2407 7223 1180 2408 7224 1188 2408 7225 1189 2408 7226 1179 2409 7227 1187 2409 7228 1188 2409 7229 1178 2410 7230 1186 2410 7231 1187 2410 7232 1177 2411 7233 1185 2411 7234 1186 2411 7235 1129 2412 7236 1184 2412 7237 1122 2412 7238 1129 2413 7239 1130 2413 7240 1183 2413 7241 1130 2414 7242 1131 2414 7243 1182 2414 7244 1131 2415 7245 1132 2415 7246 1181 2415 7247 1132 2416 7248 1133 2416 7249 1180 2416 7250 1133 2417 7251 1134 2417 7252 1179 2417 7253 1134 2418 7254 1135 2418 7255 1178 2418 7256 1135 2419 7257 1136 2419 7258 1177 2419 7259 1128 2420 7260 1232 2420 7261 1144 2420 7262 1232 2421 7263 1231 2421 7264 1143 2421 7265 1230 2422 7266 1142 2422 7267 1143 2422 7268 1229 2423 7269 1141 2423 7270 1142 2423 7271 1228 2424 7272 1140 2424 7273 1141 2424 7274 1227 2425 7275 1139 2425 7276 1140 2425 7277 1226 2426 7278 1138 2426 7279 1139 2426 7280 1225 2427 7281 1137 2427 7282 1138 2427 7283 2 2428 7284 1145 2428 7285 1137 2428 7286 1145 2429 7287 1146 2429 7288 1138 2429 7289 1146 2430 7290 1147 2430 7291 1139 2430 7292 1147 2431 7293 1148 2431 7294 1140 2431 7295 1148 2432 7296 1149 2432 7297 1141 2432 7298 1149 2433 7299 1150 2433 7300 1142 2433 7301 1150 2434 7302 1151 2434 7303 1143 2434 7304 1151 2435 7305 1152 2435 7306 1144 2435 7307 1161 2436 7308 1129 2436 7309 43 2436 7310 1162 2437 7311 1130 2437 7312 1129 2437 7313 1163 2438 7314 1131 2438 7315 1130 2438 7316 1164 2439 7317 1132 2439 7318 1131 2439 7319 1165 2440 7320 1133 2440 7321 1132 2440 7322 1166 2441 7323 1134 2441 7324 1133 2441 7325 1167 2442 7326 1135 2442 7327 1134 2442 7328 1168 2443 7329 1136 2443 7330 1135 2443 7331 16 2444 7332 1152 2444 7333 1153 2444 7334 1152 2445 7335 1151 2445 7336 1154 2445 7337 1151 2446 7338 1150 2446 7339 1155 2446 7340 1150 2447 7341 1149 2447 7342 1156 2447 7343 1149 2448 7344 1148 2448 7345 1157 2448 7346 1157 2449 7347 1148 2449 7348 1147 2449 7349 1158 2450 7350 1147 2450 7351 1146 2450 7352 1159 2451 7353 1146 2451 7354 1145 2451 7355 33 2452 7356 1168 2452 7357 1176 2452 7358 1168 2453 7359 1167 2453 7360 1175 2453 7361 1167 2454 7362 1166 2454 7363 1174 2454 7364 1166 2455 7365 1165 2455 7366 1173 2455 7367 1165 2456 7368 1164 2456 7369 1172 2456 7370 1172 2457 7371 1164 2457 7372 1163 2457 7373 1171 2458 7374 1163 2458 7375 1162 2458 7376 1170 2459 7377 1162 2459 7378 1161 2459 7379 1170 2460 7380 1235 2460 7381 1236 2460 7382 1174 2461 7383 1239 2461 7384 1240 2461 7385 1171 2462 7386 1236 2462 7387 1237 2462 7388 524 2463 7389 1246 2463 7390 1234 2463 7391 1175 2464 7392 1240 2464 7393 1241 2464 7394 1172 2465 7395 1237 2465 7396 1238 2465 7397 1169 2466 7398 1234 2466 7399 1235 2466 7400 1078 2467 7401 1176 2467 7402 1241 2467 7403 1173 2468 7404 1238 2468 7405 1239 2468 7406 1154 2469 7407 882 2469 7408 997 2469 7409 1158 2470 7410 581 2470 7411 632 2470 7412 1155 2471 7413 824 2471 7414 882 2471 7415 1159 2472 7416 523 2472 7417 581 2472 7418 1156 2473 7419 730 2473 7420 824 2473 7421 1248 2474 7422 1153 2474 7423 997 2474 7424 1160 2475 7425 510 2475 7426 523 2475 7427 1157 2476 7428 632 2476 7429 730 2476 7430 1075 2477 7431 1242 2477 7432 510 2477 7433 883 2478 7434 1243 2478 7435 731 2478 7436 932 2479 7437 698 2479 7438 990 2479 7439 895 2480 7440 825 2480 7441 1243 2480 7442 826 2481 7443 991 2481 7444 1076 2481 7445 842 2482 7446 530 2482 7447 991 2482 7448 836 2483 7449 1076 2483 7450 1061 2483 7451 891 2484 7452 990 2484 7453 1244 2484 7454 903 2485 7455 731 2485 7456 698 2485 7457 884 2486 7458 998 2486 7459 825 2486 7460 869 2487 7461 1244 2487 7462 530 2487 7463 698 2488 7464 831 2488 7465 482 2488 7466 731 2489 7467 638 2489 7468 831 2489 7469 1243 2490 7470 1249 2490 7471 638 2490 7472 990 2491 7473 482 2491 7474 1250 2491 7475 1076 2492 7476 991 2492 7477 1245 2492 7478 998 2493 7479 1246 2493 7480 524 2493 7481 1244 2494 7482 1250 2494 7483 888 2494 7484 1061 2495 7485 1076 2495 7486 1248 2495 7487 530 2496 7488 888 2496 7489 1245 2496 7490 825 2497 7491 524 2497 7492 1249 2497 7493</p>
        </triangles>
        <triangles material="lightgray-material" count="160">
          <input semantic="VERTEX" source="#Cube-mesh-vertices" offset="0"/>
          <input semantic="NORMAL" source="#Cube-mesh-normals" offset="1"/>
          <input semantic="TEXCOORD" source="#Cube-mesh-map-0" offset="2" set="0"/>
          <p>13 5 15 10 5 16 9 5 17 13 6 18 12 6 19 14 6 20 11 7 21 8 7 22 12 7 23 9 8 24 11 8 25 13 8 26 12 9 27 10 9 28 14 9 29 23 14 42 20 14 43 19 14 44 23 15 45 22 15 46 24 15 47 17 16 48 22 16 49 21 16 50 17 17 51 23 17 52 19 17 53 22 18 54 20 18 55 24 18 56 31 23 69 28 23 70 27 23 71 31 24 72 30 24 73 32 24 74 25 25 75 30 25 76 29 25 77 25 26 78 31 26 79 27 26 80 30 27 81 28 27 82 32 27 83 37 32 96 42 32 97 38 32 98 41 33 99 40 33 100 42 33 101 35 34 102 40 34 103 39 34 104 37 35 105 39 35 106 41 35 107 40 36 108 38 36 109 42 36 110 53 53 159 52 53 160 51 53 161 55 54 162 64 54 163 63 54 164 55 55 165 52 55 166 62 55 167 51 56 168 63 56 169 53 56 170 62 57 171 54 57 172 64 57 173 70 58 174 71 58 175 72 58 176 68 59 177 65 59 178 66 59 179 68 60 180 71 60 181 67 60 182 72 61 183 66 61 184 70 61 185 67 62 186 69 62 187 65 62 188 129 112 336 128 112 337 130 112 338 123 113 339 126 113 340 124 113 341 126 114 342 129 114 343 130 114 344 124 115 345 130 115 346 128 115 347 127 116 348 125 116 349 123 116 350 116 117 351 117 117 352 115 117 353 122 118 354 119 118 355 121 118 356 119 119 357 116 119 358 115 119 359 121 120 360 115 120 361 117 120 362 118 121 363 120 121 364 122 121 365 185 174 522 183 174 523 187 174 524 187 175 525 184 175 526 185 175 527 180 176 528 186 176 529 182 176 530 183 185 555 186 185 556 187 185 557 180 209 627 183 209 628 181 209 629 208 210 630 205 210 631 209 210 632 204 212 636 207 212 637 205 212 638 204 213 639 210 213 640 206 213 641 209 215 645 207 215 646 211 215 647 210 221 663 209 221 664 211 221 665 276 271 813 282 271 814 280 271 815 278 272 816 281 272 817 282 272 818 261 273 819 278 273 820 276 273 821 281 274 822 280 274 823 282 274 824 268 275 825 264 275 826 262 275 827 263 276 828 271 276 829 269 276 830 267 277 831 270 277 832 271 277 833 262 278 834 267 278 835 263 278 836 270 279 837 269 279 838 271 279 839 279 288 864 277 288 865 261 288 866 338 338 1014 339 338 1015 340 338 1016 336 339 1017 333 339 1018 334 339 1019 336 340 1020 339 340 1021 335 340 1022 340 341 1023 334 341 1024 338 341 1025 335 342 1026 337 342 1027 333 342 1028 327 343 1029 326 343 1030 325 343 1031 329 344 1032 332 344 1033 331 344 1034 329 345 1035 326 345 1036 330 345 1037 325 346 1038 331 346 1039 327 346 1040 330 347 1041 328 347 1042 332 347 1043 395 400 1200 393 400 1201 391 400 1202 397 401 1203 394 401 1204 396 401 1205 390 402 1206 396 402 1207 394 402 1208 393 411 1233 396 411 1234 392 411 1235 393 435 1305 390 435 1306 391 435 1307 418 436 1308 415 436 1309 414 436 1310 414 438 1314 417 438 1315 416 438 1316 420 439 1317 414 439 1318 416 439 1319 417 441 1323 419 441 1324 421 441 1325 420 447 1341 419 447 1342 418 447 1343 13 1253 3759 14 1253 3760 10 1253 3761 13 1254 3762 11 1254 3763 12 1254 3764 11 1255 3765 7 1255 3766 8 1255 3767 9 1256 3768 7 1256 3769 11 1256 3770 12 1257 3771 8 1257 3772 10 1257 3773 23 1261 3783 24 1261 3784 20 1261 3785 23 1262 3786 21 1262 3787 22 1262 3788 17 1263 3789 18 1263 3790 22 1263 3791 17 1264 3792 21 1264 3793 23 1264 3794 22 1265 3795 18 1265 3796 20 1265 3797 31 1269 3807 32 1269 3808 28 1269 3809 31 1270 3810 29 1270 3811 30 1270 3812 25 1271 3813 26 1271 3814 30 1271 3815 25 1272 3816 29 1272 3817 31 1272 3818 30 1273 3819 26 1273 3820 28 1273 3821 37 1277 3831 41 1277 3832 42 1277 3833 41 1278 3834 39 1278 3835 40 1278 3836 35 1279 3837 36 1279 3838 40 1279 3839 37 1280 3840 35 1280 3841 39 1280 3842 40 1281 3843 36 1281 3844 38 1281 3845 53 1297 3891 54 1297 3892 52 1297 3893 55 1298 3894 62 1298 3895 64 1298 3896 55 1299 3897 51 1299 3898 52 1299 3899 51 1300 3900 55 1300 3901 63 1300 3902 62 1301 3903 52 1301 3904 54 1301 3905 70 1302 3906 69 1302 3907 71 1302 3908 68 1303 3909 67 1303 3910 65 1303 3911 68 1304 3912 72 1304 3913 71 1304 3914 72 1305 3915 68 1305 3916 66 1305 3917 67 1306 3918 71 1306 3919 69 1306 3920 129 1358 4074 127 1358 4075 128 1358 4076 123 1359 4077 125 1359 4078 126 1359 4079 126 1360 4080 125 1360 4081 129 1360 4082 124 1361 4083 126 1361 4084 130 1361 4085 127 1362 4086 129 1362 4087 125 1362 4088 116 1363 4089 118 1363 4090 117 1363 4091 122 1364 4092 120 1364 4093 119 1364 4094 119 1365 4095 120 1365 4096 116 1365 4097 121 1366 4098 119 1366 4099 115 1366 4100 118 1367 4101 116 1367 4102 120 1367 4103 185 1424 4272 181 1424 4273 183 1424 4274 187 1425 4275 186 1425 4276 184 1425 4277 180 1426 4278 184 1426 4279 186 1426 4280 183 1434 4302 182 1434 4303 186 1434 4304 180 1459 4377 182 1459 4378 183 1459 4379 208 1460 4380 204 1460 4381 205 1460 4382 204 1462 4386 206 1462 4387 207 1462 4388 204 1463 4389 208 1463 4390 210 1463 4391 209 1465 4395 205 1465 4396 207 1465 4397 210 1471 4413 208 1471 4414 209 1471 4415 276 1521 4563 278 1521 4564 282 1521 4565 278 1522 4566 277 1522 4567 281 1522 4568 261 1523 4569 277 1523 4570 278 1523 4571 281 1524 4572 279 1524 4573 280 1524 4574 268 1525 4575 270 1525 4576 264 1525 4577 263 1526 4578 267 1526 4579 271 1526 4580 267 1527 4581 264 1527 4582 270 1527 4583 262 1528 4584 264 1528 4585 267 1528 4586 270 1529 4587 268 1529 4588 269 1529 4589 279 1538 4614 281 1538 4615 277 1538 4616 338 1590 4770 337 1590 4771 339 1590 4772 336 1591 4773 335 1591 4774 333 1591 4775 336 1592 4776 340 1592 4777 339 1592 4778 340 1593 4779 336 1593 4780 334 1593 4781 335 1594 4782 339 1594 4783 337 1594 4784 327 1595 4785 328 1595 4786 326 1595 4787 329 1596 4788 330 1596 4789 332 1596 4790 329 1597 4791 325 1597 4792 326 1597 4793 325 1598 4794 329 1598 4795 331 1598 4796 330 1599 4797 326 1599 4798 328 1599 4799 395 1656 4968 397 1656 4969 393 1656 4970 397 1657 4971 395 1657 4972 394 1657 4973 390 1658 4974 392 1658 4975 396 1658 4976 393 1666 4998 397 1666 4999 396 1666 5000 393 1691 5073 392 1691 5074 390 1691 5075 418 1692 5076 419 1692 5077 415 1692 5078 414 1694 5082 415 1694 5083 417 1694 5084 420 1695 5085 418 1695 5086 414 1695 5087 417 1697 5091 415 1697 5092 419 1697 5093 420 1703 5109 421 1703 5110 419 1703 5111</p>
        </triangles>
        <triangles material="darkgray-material" count="436">
          <input semantic="VERTEX" source="#Cube-mesh-vertices" offset="0"/>
          <input semantic="NORMAL" source="#Cube-mesh-normals" offset="1"/>
          <input semantic="TEXCOORD" source="#Cube-mesh-map-0" offset="2" set="0"/>
          <p>679 505 1515 762 505 1516 680 505 1517 691 509 1527 675 509 1528 664 509 1529 577 512 1536 597 512 1537 684 512 1538 729 515 1545 543 515 1546 671 515 1547 623 526 1578 657 526 1579 570 526 1580 560 529 1587 656 529 1588 561 529 1589 491 530 1590 756 530 1591 677 530 1592 561 533 1599 653 533 1600 562 533 1601 690 534 1602 653 534 1603 654 534 1604 666 545 1635 926 545 1636 663 545 1637 675 555 1665 753 555 1666 674 555 1667 570 566 1698 655 566 1699 560 566 1700 527 568 1704 670 568 1705 624 568 1706 572 569 1707 662 569 1708 573 569 1709 573 570 1710 658 570 1711 574 570 1712 574 571 1713 659 571 1714 527 571 1715 693 572 1716 661 572 1717 572 572 1718 667 580 1740 623 580 1741 643 580 1742 666 583 1749 622 583 1750 865 583 1751 664 605 1815 743 605 1816 691 605 1817 665 616 1848 643 616 1849 622 616 1850 670 618 1854 584 618 1855 624 618 1856 673 619 1857 644 619 1858 645 619 1859 668 621 1863 645 621 1864 646 621 1865 669 622 1866 646 622 1867 584 622 1868 672 623 1869 543 623 1870 644 623 1871 681 624 1872 653 624 1873 680 624 1874 679 625 1875 655 625 1876 678 625 1877 680 626 1878 656 626 1879 679 626 1880 682 627 1881 655 627 1882 657 627 1883 575 628 1884 658 628 1885 580 628 1886 577 629 1887 661 629 1888 660 629 1889 579 630 1890 661 630 1891 578 630 1892 580 631 1893 662 631 1894 579 631 1895 663 633 1899 675 633 1900 674 633 1901 665 634 1902 492 634 1903 491 634 1904 666 635 1905 674 635 1906 492 635 1907 677 636 1908 665 636 1909 491 636 1910 676 637 1911 667 637 1912 677 637 1913 668 638 1914 647 638 1915 652 638 1916 669 639 1917 648 639 1918 647 639 1919 649 640 1920 672 640 1921 650 640 1922 672 641 1923 651 641 1924 650 641 1925 677 642 1926 765 642 1927 676 642 1928 673 643 1929 652 643 1930 651 643 1931 676 645 1935 657 645 1936 603 645 1937 648 651 1953 659 651 1954 575 651 1955 693 657 1971 597 657 1972 660 657 1973 684 658 1974 749 658 1975 790 658 1976 678 659 1977 763 659 1978 679 659 1979 649 660 1980 729 660 1981 671 660 1982 676 663 1989 768 663 1990 682 663 1991 792 669 2007 654 669 2008 749 669 2009 491 673 2019 754 673 2020 755 673 2021 674 675 2025 754 675 2026 492 675 2027 682 676 2028 767 676 2029 678 676 2030 652 733 2199 760 733 2200 764 733 2201 725 735 2205 744 735 2206 773 735 2207 774 736 2208 786 736 2209 753 736 2210 575 738 2214 687 738 2215 688 738 2216 790 739 2217 766 739 2218 779 739 2219 684 740 2220 761 740 2221 577 740 2222 782 741 2223 777 741 2224 778 741 2225 647 743 2229 747 743 2230 760 743 2231 691 746 2238 488 746 2239 729 746 2240 681 748 2244 749 748 2245 654 748 2246 696 751 2253 749 751 2254 597 751 2255 681 754 2262 762 754 2263 766 754 2264 725 755 2265 691 755 2266 729 755 2267 788 756 2268 769 756 2269 772 756 2270 684 757 2271 779 757 2272 759 757 2273 648 758 2274 688 758 2275 747 758 2276 774 759 2277 683 759 2278 780 759 2279 580 760 2280 689 760 2281 687 760 2282 785 761 2283 771 761 2284 770 761 2285 651 762 2286 764 762 2287 758 762 2288 755 763 2289 789 763 2290 756 763 2291 780 764 2292 725 764 2293 773 764 2294 755 765 2295 785 765 2296 787 765 2297 579 766 2298 697 766 2299 689 766 2300 783 768 2304 776 768 2305 775 768 2306 754 770 2310 786 770 2311 785 770 2312 778 771 2313 689 771 2314 776 771 2315 770 772 2316 764 772 2317 757 772 2318 785 773 2319 757 773 2320 787 773 2321 759 774 2322 697 774 2323 761 774 2324 788 775 2325 777 775 2326 784 775 2327 776 776 2328 697 776 2329 775 776 2330 779 777 2331 775 777 2332 759 777 2333 769 778 2334 747 778 2335 772 778 2336 782 779 2337 776 779 2338 781 779 2339 780 780 2340 771 780 2341 786 780 2342 772 781 2343 688 781 2344 777 781 2345 771 782 2346 758 782 2347 770 782 2348 765 783 2349 789 783 2350 788 783 2351 762 784 2352 781 784 2353 783 784 2354 777 785 2355 687 785 2356 778 785 2357 767 786 2358 784 786 2359 782 786 2360 773 787 2361 748 787 2362 771 787 2363 757 788 2364 760 788 2365 769 788 2366 787 789 2367 769 789 2368 789 789 2369 765 790 2370 784 790 2371 768 790 2372 649 791 2373 748 791 2374 744 791 2375 766 792 2376 783 792 2377 779 792 2378 697 793 2379 577 793 2380 761 793 2381 767 794 2382 781 794 2383 763 794 2384 650 795 2385 758 795 2386 748 795 2387 1029 796 2388 971 796 2389 972 796 2390 983 797 2391 967 797 2392 975 797 2393 899 800 2400 878 800 2401 976 800 2402 844 803 2409 996 803 2410 963 803 2411 949 813 2439 927 813 2440 872 813 2441 948 816 2448 861 816 2449 862 816 2450 1023 817 2451 798 817 2452 969 817 2453 945 818 2454 862 818 2455 863 818 2456 982 819 2457 945 819 2458 863 819 2459 955 827 2481 1253 827 2482 958 827 2483 1020 837 2511 967 837 2512 966 837 2513 947 848 2544 872 848 2545 861 848 2546 962 850 2550 828 850 2551 928 850 2552 954 851 2553 873 851 2554 874 851 2555 950 852 2556 874 852 2557 875 852 2558 951 853 2559 875 853 2560 828 853 2561 953 854 2562 985 854 2563 873 854 2564 927 862 2586 959 862 2587 935 862 2588 924 865 2595 958 865 2596 1253 865 2597 1010 886 2658 956 886 2659 983 886 2660 935 897 2691 957 897 2692 924 897 2693 885 899 2697 962 899 2698 928 899 2699 936 900 2700 965 900 2701 937 900 2702 937 902 2706 960 902 2707 938 902 2708 938 903 2709 961 903 2710 885 903 2711 844 904 2712 964 904 2713 936 904 2714 945 905 2715 973 905 2716 972 905 2717 947 906 2718 971 906 2719 970 906 2720 948 907 2721 972 907 2722 971 907 2723 974 908 2724 947 908 2725 970 908 2726 950 909 2727 876 909 2728 881 909 2729 878 910 2730 953 910 2731 879 910 2732 953 911 2733 880 911 2734 879 911 2735 954 912 2736 881 912 2737 880 912 2738 967 914 2742 955 914 2743 966 914 2744 799 915 2745 957 915 2746 798 915 2747 966 916 2748 958 916 2749 799 916 2750 969 917 2751 957 917 2752 959 917 2753 968 918 2754 959 918 2755 905 918 2756 939 919 2757 960 919 2758 944 919 2759 940 920 2760 961 920 2761 939 920 2762 941 921 2763 964 921 2764 963 921 2765 943 922 2766 964 922 2767 942 922 2768 1032 923 2769 969 923 2770 968 923 2771 944 924 2772 965 924 2773 943 924 2774 968 926 2778 949 926 2779 974 926 2780 951 927 2781 940 927 2782 876 927 2783 899 928 2784 985 928 2785 952 928 2786 1016 929 2787 976 929 2788 1057 929 2789 1030 930 2790 970 930 2791 971 930 2792 996 931 2793 941 931 2794 963 931 2795 1035 934 2802 968 934 2803 974 934 2804 946 940 2820 1059 940 2821 1016 940 2822 798 944 2832 1021 944 2833 799 944 2834 1021 946 2838 966 946 2839 799 946 2840 1034 947 2841 974 947 2842 970 947 2843 1027 978 2934 944 978 2935 1031 978 2936 992 980 2940 1011 980 2941 941 980 2942 1053 981 2943 1041 981 2944 1020 981 2945 979 983 2949 876 983 2950 980 983 2951 1057 984 2952 1033 984 2953 973 984 2954 1028 985 2955 976 985 2956 878 985 2957 1044 986 2958 1049 986 2959 1045 986 2960 1014 988 2964 939 988 2965 1027 988 2966 795 991 2973 983 991 2974 996 991 2975 973 993 2979 1016 993 2980 1057 993 2981 1016 996 2988 988 996 2989 899 996 2990 973 999 2997 1029 999 2998 972 999 2999 983 1000 3000 992 1000 3001 996 1000 3002 1036 1001 3003 1055 1001 3004 1039 1001 3005 976 1002 3006 1046 1002 3007 1057 1002 3008 980 1003 3009 940 1003 3010 1014 1003 3011 1041 1004 3012 975 1004 3013 967 1004 3014 981 1005 3015 881 1005 3016 979 1005 3017 1038 1006 3018 1052 1006 3019 1037 1006 3020 1031 1007 3021 943 1007 3022 1025 1007 3023 1056 1008 3024 1022 1008 3025 1023 1008 3026 1047 1009 3027 992 1009 3028 975 1009 3029 1022 1010 3030 1052 1010 3031 1021 1010 3032 989 1011 3033 880 1011 3034 981 1011 3035 1043 1013 3039 1050 1013 3040 1042 1013 3041 1053 1015 3045 1021 1015 3046 1052 1015 3047 981 1016 3048 1045 1016 3049 1043 1016 3050 1031 1017 3051 1037 1017 3052 1024 1017 3053 1024 1018 3054 1052 1018 3055 1054 1018 3056 1026 1019 3057 989 1019 3058 1042 1019 3059 1044 1020 3060 1055 1020 3061 1051 1020 3062 989 1021 3063 1043 1021 3064 1042 1021 3065 1046 1022 3066 1042 1022 3067 1050 1022 3068 1014 1023 3069 1036 1023 3070 1039 1023 3071 1043 1024 3072 1049 1024 3073 1048 1024 3074 1038 1025 3075 1047 1025 3076 1053 1025 3077 980 1026 3078 1039 1026 3079 1044 1026 3080 1025 1027 3081 1038 1027 3082 1037 1027 3083 1056 1028 3084 1032 1028 3085 1055 1028 3086 1048 1029 3087 1029 1029 3088 1050 1029 3089 979 1030 3090 1044 1030 3091 1045 1030 3092 1051 1031 3093 1034 1031 3094 1049 1031 3095 1015 1032 3096 1040 1032 3097 1038 1032 3098 1027 1033 3099 1024 1033 3100 1036 1033 3101 1036 1034 3102 1054 1034 3103 1056 1034 3104 1051 1035 3105 1032 1035 3106 1035 1035 3107 1015 1036 3108 941 1036 3109 1011 1036 3110 1033 1037 3111 1050 1037 3112 1029 1037 3113 989 1038 3114 878 1038 3115 879 1038 3116 1048 1039 3117 1034 1039 3118 1030 1039 3119 1025 1040 3120 942 1040 3121 1015 1040 3122 785 1048 3144 1073 1048 3145 754 1048 3146 1074 1053 3159 1079 1053 3160 1073 1053 3161 955 1246 3738 1252 1246 3739 1251 1246 3740 663 1247 3741 925 1247 3742 664 1247 3743 679 1761 5283 763 1761 5284 762 1761 5285 691 1765 5295 683 1765 5296 675 1765 5297 577 1768 5304 660 1768 5305 597 1768 5306 729 1771 5313 488 1771 5314 543 1771 5315 623 1782 5346 603 1782 5347 657 1782 5348 560 1785 5355 655 1785 5356 656 1785 5357 491 1786 5358 755 1786 5359 756 1786 5360 561 1789 5367 656 1789 5368 653 1789 5369 690 1790 5370 562 1790 5371 653 1790 5372 666 1800 5400 865 1800 5401 926 1800 5402 675 1810 5430 774 1810 5431 753 1810 5432 570 1821 5463 657 1821 5464 655 1821 5465 527 1823 5469 659 1823 5470 670 1823 5471 572 1824 5472 661 1824 5473 662 1824 5474 573 1825 5475 662 1825 5476 658 1825 5477 574 1826 5478 658 1826 5479 659 1826 5480 693 1827 5481 660 1827 5482 661 1827 5483 667 1835 5505 603 1835 5506 623 1835 5507 666 1838 5514 665 1838 5515 622 1838 5516 664 1859 5577 925 1859 5578 743 1859 5579 665 1870 5610 667 1870 5611 643 1870 5612 670 1872 5616 669 1872 5617 584 1872 5618 673 1873 5619 672 1873 5620 644 1873 5621 668 1875 5625 673 1875 5626 645 1875 5627 669 1876 5628 668 1876 5629 646 1876 5630 672 1877 5631 671 1877 5632 543 1877 5633 681 1878 5634 654 1878 5635 653 1878 5636 679 1879 5637 656 1879 5638 655 1879 5639 680 1880 5640 653 1880 5641 656 1880 5642 682 1881 5643 678 1881 5644 655 1881 5645 575 1882 5646 659 1882 5647 658 1882 5648 577 1883 5649 578 1883 5650 661 1883 5651 579 1884 5652 662 1884 5653 661 1884 5654 580 1885 5655 658 1885 5656 662 1885 5657 663 1887 5661 664 1887 5662 675 1887 5663 665 1888 5664 666 1888 5665 492 1888 5666 666 1889 5667 663 1889 5668 674 1889 5669 677 1890 5670 667 1890 5671 665 1890 5672 676 1891 5673 603 1891 5674 667 1891 5675 668 1892 5676 669 1892 5677 647 1892 5678 669 1893 5679 670 1893 5680 648 1893 5681 649 1894 5682 671 1894 5683 672 1894 5684 672 1895 5685 673 1895 5686 651 1895 5687 677 1896 5688 756 1896 5689 765 1896 5690 673 1897 5691 668 1897 5692 652 1897 5693 676 1899 5697 682 1899 5698 657 1899 5699 648 1905 5715 670 1905 5716 659 1905 5717 693 1911 5733 696 1911 5734 597 1911 5735 684 1912 5736 597 1912 5737 749 1912 5738 678 1913 5739 767 1913 5740 763 1913 5741 649 1914 5742 725 1914 5743 729 1914 5744 676 1917 5751 765 1917 5752 768 1917 5753 792 1923 5769 690 1923 5770 654 1923 5771 491 1927 5781 492 1927 5782 754 1927 5783 674 1929 5787 753 1929 5788 754 1929 5789 682 1930 5790 768 1930 5791 767 1930 5792 652 1987 5961 647 1987 5962 760 1987 5963 725 1989 5967 649 1989 5968 744 1989 5969 774 1990 5970 780 1990 5971 786 1990 5972 575 1992 5976 580 1992 5977 687 1992 5978 790 1993 5979 681 1993 5980 766 1993 5981 684 1994 5982 759 1994 5983 761 1994 5984 782 1995 5985 784 1995 5986 777 1995 5987 647 1997 5991 648 1997 5992 747 1997 5993 691 2000 6000 743 2000 6001 488 2000 6002 681 2002 6006 790 2002 6007 749 2002 6008 696 2005 6015 792 2005 6016 749 2005 6017 681 2008 6024 680 2008 6025 762 2008 6026 725 2009 6027 683 2009 6028 691 2009 6029 788 2010 6030 789 2010 6031 769 2010 6032 684 2011 6033 790 2011 6034 779 2011 6035 648 2012 6036 575 2012 6037 688 2012 6038 774 2013 6039 675 2013 6040 683 2013 6041 580 2014 6042 579 2014 6043 689 2014 6044 785 2015 6045 786 2015 6046 771 2015 6047 651 2016 6048 652 2016 6049 764 2016 6050 755 2017 6051 787 2017 6052 789 2017 6053 780 2018 6054 683 2018 6055 725 2018 6056 755 2019 6057 754 2019 6058 785 2019 6059 579 2020 6060 578 2020 6061 697 2020 6062 783 2022 6066 781 2022 6067 776 2022 6068 754 2024 6072 753 2024 6073 786 2024 6074 778 2025 6075 687 2025 6076 689 2025 6077 770 2026 6078 758 2026 6079 764 2026 6080 785 2027 6081 770 2027 6082 757 2027 6083 759 2028 6084 775 2028 6085 697 2028 6086 788 2029 6087 772 2029 6088 777 2029 6089 776 2030 6090 689 2030 6091 697 2030 6092 779 2031 6093 783 2031 6094 775 2031 6095 769 2032 6096 760 2032 6097 747 2032 6098 782 2033 6099 778 2033 6100 776 2033 6101 780 2034 6102 773 2034 6103 771 2034 6104 772 2035 6105 747 2035 6106 688 2035 6107 771 2036 6108 748 2036 6109 758 2036 6110 765 2037 6111 756 2037 6112 789 2037 6113 762 2038 6114 763 2038 6115 781 2038 6116 777 2039 6117 688 2039 6118 687 2039 6119 767 2040 6120 768 2040 6121 784 2040 6122 773 2041 6123 744 2041 6124 748 2041 6125 757 2042 6126 764 2042 6127 760 2042 6128 787 2043 6129 757 2043 6130 769 2043 6131 765 2044 6132 788 2044 6133 784 2044 6134 649 2045 6135 650 2045 6136 748 2045 6137 766 2046 6138 762 2046 6139 783 2046 6140 697 2047 6141 578 2047 6142 577 2047 6143 767 2048 6144 782 2048 6145 781 2048 6146 650 2049 6147 651 2049 6148 758 2049 6149 1029 2050 6150 1030 2050 6151 971 2050 6152 983 2051 6153 956 2051 6154 967 2051 6155 899 2054 6162 952 2054 6163 878 2054 6164 844 2057 6171 795 2057 6172 996 2057 6173 949 2067 6201 905 2067 6202 927 2067 6203 948 2070 6210 947 2070 6211 861 2070 6212 1023 2071 6213 1022 2071 6214 798 2071 6215 945 2072 6216 948 2072 6217 862 2072 6218 982 2073 6219 946 2073 6220 945 2073 6221 955 2080 6240 1251 2080 6241 1253 2080 6242 1020 2090 6270 1041 2090 6271 967 2090 6272 947 2101 6303 949 2101 6304 872 2101 6305 962 2103 6309 951 2103 6310 828 2103 6311 954 2104 6312 953 2104 6313 873 2104 6314 950 2105 6315 954 2105 6316 874 2105 6317 951 2106 6318 950 2106 6319 875 2106 6320 953 2107 6321 952 2107 6322 985 2107 6323 927 2115 6345 905 2115 6346 959 2115 6347 924 2118 6354 957 2118 6355 958 2118 6356 1010 2138 6414 1252 2138 6415 956 2138 6416 935 2149 6447 959 2149 6448 957 2149 6449 885 2151 6453 961 2151 6454 962 2151 6455 936 2152 6456 964 2152 6457 965 2152 6458 937 2154 6462 965 2154 6463 960 2154 6464 938 2155 6465 960 2155 6466 961 2155 6467 844 2156 6468 963 2156 6469 964 2156 6470 945 2157 6471 946 2157 6472 973 2157 6473 947 2158 6474 948 2158 6475 971 2158 6476 948 2159 6477 945 2159 6478 972 2159 6479 974 2160 6480 949 2160 6481 947 2160 6482 950 2161 6483 951 2161 6484 876 2161 6485 878 2162 6486 952 2162 6487 953 2162 6488 953 2163 6489 954 2163 6490 880 2163 6491 954 2164 6492 950 2164 6493 881 2164 6494 967 2166 6498 956 2166 6499 955 2166 6500 799 2167 6501 958 2167 6502 957 2167 6503 966 2168 6504 955 2168 6505 958 2168 6506 969 2169 6507 798 2169 6508 957 2169 6509 968 2170 6510 969 2170 6511 959 2170 6512 939 2171 6513 961 2171 6514 960 2171 6515 940 2172 6516 962 2172 6517 961 2172 6518 941 2173 6519 942 2173 6520 964 2173 6521 943 2174 6522 965 2174 6523 964 2174 6524 1032 2175 6525 1023 2175 6526 969 2175 6527 944 2176 6528 960 2176 6529 965 2176 6530 968 2178 6534 905 2178 6535 949 2178 6536 951 2179 6537 962 2179 6538 940 2179 6539 899 2180 6540 988 2180 6541 985 2180 6542 1016 2181 6543 899 2181 6544 976 2181 6545 1030 2182 6546 1034 2182 6547 970 2182 6548 996 2183 6549 992 2183 6550 941 2183 6551 1035 2186 6558 1032 2186 6559 968 2186 6560 946 2192 6576 982 2192 6577 1059 2192 6578 798 2196 6588 1022 2196 6589 1021 2196 6590 1021 2198 6594 1020 2198 6595 966 2198 6596 1034 2199 6597 1035 2199 6598 974 2199 6599 1027 2230 6690 939 2230 6691 944 2230 6692 992 2232 6696 1040 2232 6697 1011 2232 6698 1053 2233 6699 1047 2233 6700 1041 2233 6701 979 2235 6705 881 2235 6706 876 2235 6707 1057 2236 6708 1046 2236 6709 1033 2236 6710 1028 2237 6711 1026 2237 6712 976 2237 6713 1044 2238 6714 1051 2238 6715 1049 2238 6716 1014 2240 6720 940 2240 6721 939 2240 6722 795 2243 6729 1010 2243 6730 983 2243 6731 973 2245 6735 946 2245 6736 1016 2245 6737 1016 2248 6744 1059 2248 6745 988 2248 6746 973 2251 6753 1033 2251 6754 1029 2251 6755 983 2252 6756 975 2252 6757 992 2252 6758 1036 2253 6759 1056 2253 6760 1055 2253 6761 976 2254 6762 1026 2254 6763 1046 2254 6764 980 2255 6765 876 2255 6766 940 2255 6767 1041 2256 6768 1047 2256 6769 975 2256 6770 981 2257 6771 880 2257 6772 881 2257 6773 1038 2258 6774 1053 2258 6775 1052 2258 6776 1031 2259 6777 944 2259 6778 943 2259 6779 1056 2260 6780 1054 2260 6781 1022 2260 6782 1047 2261 6783 1040 2261 6784 992 2261 6785 1022 2262 6786 1054 2262 6787 1052 2262 6788 989 2263 6789 879 2263 6790 880 2263 6791 1043 2265 6795 1048 2265 6796 1050 2265 6797 1053 2267 6801 1020 2267 6802 1021 2267 6803 981 2268 6804 979 2268 6805 1045 2268 6806 1031 2269 6807 1025 2269 6808 1037 2269 6809 1024 2270 6810 1037 2270 6811 1052 2270 6812 1026 2271 6813 1028 2271 6814 989 2271 6815 1044 2272 6816 1039 2272 6817 1055 2272 6818 989 2273 6819 981 2273 6820 1043 2273 6821 1046 2274 6822 1026 2274 6823 1042 2274 6824 1014 2275 6825 1027 2275 6826 1036 2275 6827 1043 2276 6828 1045 2276 6829 1049 2276 6830 1038 2277 6831 1040 2277 6832 1047 2277 6833 980 2278 6834 1014 2278 6835 1039 2278 6836 1025 2279 6837 1015 2279 6838 1038 2279 6839 1056 2280 6840 1023 2280 6841 1032 2280 6842 1048 2281 6843 1030 2281 6844 1029 2281 6845 979 2282 6846 980 2282 6847 1044 2282 6848 1051 2283 6849 1035 2283 6850 1034 2283 6851 1015 2284 6852 1011 2284 6853 1040 2284 6854 1027 2285 6855 1031 2285 6856 1024 2285 6857 1036 2286 6858 1024 2286 6859 1054 2286 6860 1051 2287 6861 1055 2287 6862 1032 2287 6863 1015 2288 6864 942 2288 6865 941 2288 6866 1033 2289 6867 1046 2289 6868 1050 2289 6869 989 2290 6870 1028 2290 6871 878 2290 6872 1048 2291 6873 1049 2291 6874 1034 2291 6875 1025 2292 6876 943 2292 6877 942 2292 6878 785 2300 6900 1074 2300 6901 1073 2300 6902 1074 2305 6915 1080 2305 6916 1079 2305 6917 955 2498 7494 956 2498 7495 1252 2498 7496 663 2499 7497 926 2499 7498 925 2499 7499</p>
        </triangles>
      </mesh>
    </geometry>
  </library_geometries>
  <library_visual_scenes>
    <visual_scene id="Scene" name="Scene">
      <node id="Cube" name="Cube" type="NODE">
        <matrix sid="transform">1 0 0 0 0 1 0 0 0 0 1 0 0 0 0 1</matrix>
        <instance_geometry url="#Cube-mesh" name="Cube">
          <bind_material>
            <technique_common>
              <instance_material symbol="paintable-0-material" target="#paintable-0-material">
                <bind_vertex_input semantic="UVMap" input_semantic="TEXCOORD" input_set="0"/>
              </instance_material>
              <instance_material symbol="paintable-1-material" target="#paintable-1-material">
                <bind_vertex_input semantic="UVMap" input_semantic="TEXCOORD" input_set="0"/>
              </instance_material>
              <instance_material symbol="lightgray-material" target="#lightgray-material">
                <bind_vertex_input semantic="UVMap" input_semantic="TEXCOORD" input_set="0"/>
              </instance_material>
              <instance_material symbol="darkgray-material" target="#darkgray-material">
                <bind_vertex_input semantic="UVMap" input_semantic="TEXCOORD" input_set="0"/>
              </instance_material>
            </technique_common>
          </bind_material>
        </instance_geometry>
      </node>
    </visual_scene>
  </library_visual_scenes>
  <scene>
    <instance_visual_scene url="#Scene"/>
  </scene>
</COLLADA>