<?xml version="1.0" encoding="utf-8"?>
<COLLADA xmlns="http://www.collada.org/2005/11/COLLADASchema" version="1.4.1" xmlns:xsi="http://www.w3.org/2001/XMLSchema-instance">
  <asset>
    <contributor>
      <author>Blender User</author>
      <authoring_tool>Blender 4.2.22 LTS commit date:2026-06-22, commit time:11:10, hash:88937221abfc</authoring_tool>
    </contributor>
    <created>2026-07-20T21:45:34</created>
    <modified>2026-07-20T21:45:34</modified>
    <unit name="meter" meter="1"/>
    <up_axis>Z_UP</up_axis>
  </asset>
  <library_effects>
    <effect id="paintable-0-effect">
      <profile_COMMON>
        <technique sid="common">
          <lambert>
            <emission>
              <color sid="emission">0 0 0 1</color>
            </emission>
            <diffuse>
              <color sid="diffuse">1 0.4969335 0 1</color>
            </diffuse>
            <index_of_refraction>
              <float sid="ior">1.45</float>
            </index_of_refraction>
          </lambert>
        </technique>
      </profile_COMMON>
    </effect>
    <effect id="paintable-1-effect">
      <profile_COMMON>
        <technique sid="common">
          <lambert>
            <emission>
              <color sid="emission">0 0 0 1</color>
            </emission>
            <diffuse>
              <color sid="diffuse">0.6104922 0.4910214 0 1</color>
            </diffuse>
            <index_of_refraction>
              <float sid="ior">1.5</float>
            </index_of_refraction>
          </lambert>
        </technique>
      </profile_COMMON>
    </effect>
    <effect id="lightgrey-effect">
      <profile_COMMON>
        <technique sid="common">
          <lambert>
            <emission>
              <color sid="emission">0 0 0 1</color>
            </emission>
            <diffuse>
              <color sid="diffuse">0.7835327 0.7835385 0.7835382 1</color>
            </diffuse>
            <index_of_refraction>
              <float sid="ior">1.5</float>
            </index_of_refraction>
          </lambert>
        </technique>
      </profile_COMMON>
    </effect>
    <effect id="darkgrey-effect">
      <profile_COMMON>
        <technique sid="common">
          <lambert>
            <emission>
              <color sid="emission">0 0 0 1</color>
            </emission>
            <diffuse>
              <color sid="diffuse">0.3371614 0.3371639 0.3371637 1</color>
            </diffuse>
            <index_of_refraction>
              <float sid="ior">1.5</float>
            </index_of_refraction>
          </lambert>
        </technique>
      </profile_COMMON>
    </effect>
    <effect id="Material-effect">
      <profile_COMMON>
        <technique sid="common">
          <lambert>
            <emission>
              <color sid="emission">0 0 0 1</color>
            </emission>
            <diffuse>
              <color sid="diffuse">1 0.4969335 0 1</color>
            </diffuse>
            <index_of_refraction>
              <float sid="ior">1.45</float>
            </index_of_refraction>
          </lambert>
        </technique>
      </profile_COMMON>
    </effect>
    <effect id="paintable-0_001-effect">
      <profile_COMMON>
        <technique sid="common">
          <lambert>
            <emission>
              <color sid="emission">0 0 0 1</color>
            </emission>
            <diffuse>
              <color sid="diffuse">1 0.4969335 0 1</color>
            </diffuse>
            <index_of_refraction>
              <float sid="ior">1.45</float>
            </index_of_refraction>
          </lambert>
        </technique>
      </profile_COMMON>
    </effect>
    <effect id="paintable-1_001-effect">
      <profile_COMMON>
        <technique sid="common">
          <lambert>
            <emission>
              <color sid="emission">0 0 0 1</color>
            </emission>
            <diffuse>
              <color sid="diffuse">0.6104922 0.4910214 0 1</color>
            </diffuse>
            <index_of_refraction>
              <float sid="ior">1.5</float>
            </index_of_refraction>
          </lambert>
        </technique>
      </profile_COMMON>
    </effect>
    <effect id="lightgrey_001-effect">
      <profile_COMMON>
        <technique sid="common">
          <lambert>
            <emission>
              <color sid="emission">0 0 0 1</color>
            </emission>
            <diffuse>
              <color sid="diffuse">0.7835327 0.7835385 0.7835382 1</color>
            </diffuse>
            <index_of_refraction>
              <float sid="ior">1.5</float>
            </index_of_refraction>
          </lambert>
        </technique>
      </profile_COMMON>
    </effect>
    <effect id="darkgrey_001-effect">
      <profile_COMMON>
        <technique sid="common">
          <lambert>
            <emission>
              <color sid="emission">0 0 0 1</color>
            </emission>
            <diffuse>
              <color sid="diffuse">0.3371614 0.3371639 0.3371637 1</color>
            </diffuse>
            <index_of_refraction>
              <float sid="ior">1.5</float>
            </index_of_refraction>
          </lambert>
        </technique>
      </profile_COMMON>
    </effect>
  </library_effects>
  <library_images/>
  <library_materials>
    <material id="paintable-0-material" name="paintable-0">
      <instance_effect url="#paintable-0-effect"/>
    </material>
    <material id="paintable-1-material" name="paintable-1">
      <instance_effect url="#paintable-1-effect"/>
    </material>
    <material id="lightgrey-material" name="lightgrey">
      <instance_effect url="#lightgrey-effect"/>
    </material>
    <material id="darkgrey-material" name="darkgrey">
      <instance_effect url="#darkgrey-effect"/>
    </material>
    <material id="Material-material" name="Material">
      <instance_effect url="#Material-effect"/>
    </material>
    <material id="paintable-0_001-material" name="paintable-0.001">
      <instance_effect url="#paintable-0_001-effect"/>
    </material>
    <material id="paintable-1_001-material" name="paintable-1.001">
      <instance_effect url="#paintable-1_001-effect"/>
    </material>
    <material id="lightgrey_001-material" name="lightgrey.001">
      <instance_effect url="#lightgrey_001-effect"/>
    </material>
    <material id="darkgrey_001-material" name="darkgrey.001">
      <instance_effect url="#darkgrey_001-effect"/>
    </material>
  </library_materials>
  <library_geometries>
    <geometry id="Cube-mesh" name="Cube">
      <mesh>
        <source id="Cube-mesh-positions">
          <float_array id="Cube-mesh-positions-array" count="2580">0.07499998 0.08499997 -0.125 -0.07499998 0.08499997 -0.125 0.07499998 -0.115 0.07499998 0.07499998 -0.115 -0.07499998 -0.08499997 -0.07499998 -0.125 -0.07499998 -0.08499997 -0.125 0.07499998 -0.08499997 -0.125 0.08499997 -0.07499998 -0.125 -0.08499997 0.07499998 -0.125 0.08499997 0.07499998 -0.125 -0.08499997 -0.07499998 -0.115 -0.07499998 -0.08499997 -0.115 0.07499998 -0.08499997 -0.115 0.08499997 -0.07499998 -0.115 -0.08499997 0.07499998 -0.115 -0.07499998 0.08499997 -0.115 0.08499997 0.07499998 -0.115 0.07499998 0.08499997 -0.115 -0.07499998 -0.07499998 -0.115 -0.07499998 0.07499998 -0.115 0.07499998 -0.07499998 -0.115 0.07499998 0.07499998 -0.115 0.07499998 -0.115 -0.08500003 0.08499997 -0.115 -0.07499998 -0.07499998 -0.115 -0.08500003 -0.08499997 -0.115 -0.07499998 0.08499997 -0.115 0.07499998 0.07499998 -0.115 0.08499997 -0.07499998 -0.115 0.08499997 -0.08499997 -0.115 0.07499998 0.08499997 -0.125 -0.07499998 -0.08499997 -0.125 -0.07499998 0.08499997 -0.125 0.07499998 0.07499998 -0.125 0.08499997 -0.07499998 -0.125 0.08499997 -0.08499997 -0.125 0.07499998 -0.07499998 -0.125 -0.08499997 0.07499998 -0.125 -0.08499997 -0.07499998 -0.115 0.07499998 -0.07499998 -0.115 -0.07499998 0.07499998 0.07499998 -0.125 0.07499998 -0.07499992 -0.125 -0.07499992 0.07499998 -0.125 -0.00999993 0.04535526 -0.12 -0.01646441 -0.04999989 -0.125 -0.06199991 -0.0461837 -0.12 -0.06199991 -0.02381616 -0.12 -0.0461837 -0.007999956 -0.12 -0.02381616 -0.007999956 -0.12 -0.007999897 -0.02381616 -0.12 -0.007999897 -0.04618376 -0.12 -0.02381616 -0.06199997 -0.12 -0.07499992 -0.07499992 -0.125 -0.00999993 -0.04535537 -0.125 -0.00999993 -0.02464467 -0.125 -0.02464455 -0.00999993 -0.125 -0.04535526 -0.00999993 -0.125 -0.05999994 -0.02464467 -0.125 -0.007999897 -0.02381616 -0.125 -0.007999897 -0.04618376 -0.125 -0.02381616 -0.06199997 -0.125 -0.06199991 -0.02381616 -0.125 0.008000016 -0.02381616 -0.125 0.008000016 -0.0461837 -0.125 0.02381622 -0.06199997 -0.125 0.04618376 -0.06199997 -0.125 -0.0461837 -0.06199997 -0.12 -0.04999995 -0.02353543 -0.1274999 -0.04646444 -0.01999992 -0.1274999 -0.05353546 -0.01999992 -0.1274999 -0.04999995 -0.01646441 -0.1274999 -0.01999992 -0.02353543 -0.1274999 -0.01646441 -0.01999992 -0.1274999 -0.02353543 -0.01999992 -0.1274999 -0.01999992 -0.01646441 -0.1274999 -0.04999995 -0.05353546 -0.1274999 -0.04646444 -0.04999989 -0.1274999 -0.05353546 -0.04999989 -0.1274999 -0.04999995 -0.04646438 -0.1274999 -0.01999992 -0.05353546 -0.1274999 -0.01646441 -0.04999989 -0.1274999 -0.02353543 -0.04999989 -0.1274999 -0.01999992 -0.04646438 -0.1274999 -0.05999994 -0.04535526 -0.12 -0.05999994 -0.02464467 -0.12 -0.04535526 -0.00999993 -0.12 -0.02464455 -0.00999993 -0.12 -0.00999993 -0.02464467 -0.12 -0.00999993 -0.04535537 -0.12 -0.02464455 -0.05999994 -0.12 -0.04535526 -0.05999994 -0.12 0.0464645 0.01999992 -0.125 0.05000001 0.02353543 -0.125 0.05353552 0.04999995 -0.125 0.05000001 0.04646438 -0.125 0.0464645 0.04999995 -0.125 0.05000001 0.05353546 -0.125 0.02000004 0.05353546 -0.125 -0.06199991 0.04618364 -0.125 -0.06199991 0.02381616 -0.125 -0.02381616 -0.007999956 -0.125 -0.02381616 0.007999956 -0.125 -0.0461837 0.007999956 -0.125 -0.0461837 -0.007999956 -0.125 -0.0461837 -0.06199997 -0.125 -0.02464455 -0.05999994 -0.125 -0.04535526 -0.05999994 -0.125 -0.05999994 -0.04535526 -0.125 -0.06199991 -0.04618364 -0.125 0.00999999 -0.02464467 -0.125 0.00999999 -0.04535526 -0.125 0.02464467 -0.05999994 -0.125 0.04535531 -0.05999994 -0.125 0.02381622 0.007999956 -0.125 0.02353554 0.04999995 -0.125 0.02000004 0.04646438 -0.125 0.01646447 0.04999995 -0.125 0.01646447 0.01999992 -0.125 0.02000004 0.02353543 -0.125 0.02353554 0.01999992 -0.125 0.02000004 0.01646441 -0.125 0.05000001 0.01646441 -0.125 0.05353552 0.01999992 -0.125 0.008000016 0.02381616 -0.12 0.008000016 0.04618364 -0.12 0.02381622 0.06199991 -0.12 0.04618376 0.06199991 -0.12 0.06200003 0.04618364 -0.12 0.06200003 0.02381604 -0.12 0.04618376 0.007999956 -0.12 0.02381622 0.007999956 -0.12 0.02000004 0.04646438 -0.1274999 0.02353554 0.04999995 -0.1274999 0.01646447 0.04999995 -0.1274999 0.02000004 0.05353546 -0.1274999 0.05000001 0.04646438 -0.1274999 0.05353552 0.04999995 -0.1274999 0.0464645 0.04999995 -0.1274999 0.05000001 0.05353546 -0.1274999 0.02000004 0.01646441 -0.1274999 0.02353554 0.01999992 -0.1274999 0.01646447 0.01999992 -0.1274999 0.02000004 0.02353543 -0.1274999 0.05000001 0.01646441 -0.1274999 0.05353552 0.01999992 -0.1274999 0.0464645 0.01999992 -0.1274999 0.02381622 -0.007999956 -0.125 0.01590812 -0.01590806 -0.125 0.01732236 -0.01732224 -0.125 0.02464467 -0.00999993 -0.125 0.04535537 -0.00999993 -0.125 0.06 -0.02464467 -0.125 0.06 -0.04535537 -0.125 0.06 0.02464455 -0.125 0.06 0.04535526 -0.125 0.04535537 0.05999988 -0.125 0.02464467 0.05999988 -0.125 0.00999999 0.04535526 -0.125 0.04535531 0.00999993 -0.125 0.02464467 0.00999993 -0.125 0.00999999 0.02464455 -0.125 0.008000016 0.02381622 -0.125 0.05000001 0.02353543 -0.1274999 0.01000005 0.02464455 -0.12 0.00999999 0.04535526 -0.12 0.02464467 0.05999988 -0.12 0.04535537 0.05999988 -0.12 0.06 0.04535526 -0.12 0.06 0.02464455 -0.12 0.04535531 0.00999993 -0.12 0.02464467 0.00999993 -0.12 -0.02353543 0.01999992 -0.125 -0.01999992 0.02353543 -0.125 -0.01646441 0.04999995 -0.125 -0.01999992 0.04646438 -0.125 -0.02353543 0.04999995 -0.125 -0.01999992 0.05353546 -0.125 -0.04999989 0.05353546 -0.125 -0.04646438 0.04999995 -0.125 -0.04999989 0.04646438 -0.125 -0.05353546 0.04999995 -0.125 -0.05353546 0.01999992 -0.125 -0.04999989 0.02353543 -0.125 -0.04646438 0.01999992 -0.125 -0.04999989 0.01646441 -0.125 -0.01999992 0.01646441 -0.125 -0.01646441 0.01999992 -0.125 -0.06199991 0.02381616 -0.12 -0.06199991 0.04618364 -0.12 -0.0461837 0.06199991 -0.12 -0.02381616 0.06199991 -0.12 -0.007999897 0.04618364 -0.12 -0.007999897 0.02381604 -0.12 -0.02381616 0.007999956 -0.12 0.02381622 0.06199991 -0.125 0.04618376 0.06199991 -0.125 0.06200003 0.04618364 -0.125 0.06200003 0.02381604 -0.125 0.04618376 0.007999956 -0.125 0.04618376 -0.007999956 -0.125 0.06200003 -0.02381616 -0.125 0.06200003 -0.04618376 -0.125 0.008000016 0.04618364 -0.125 -0.007999897 0.02381604 -0.125 -0.007999897 0.04618364 -0.125 -0.02381616 0.06199991 -0.125 -0.0461837 0.06199991 -0.125 -0.015908 0.01590806 -0.125 -0.0461837 0.007999956 -0.12 -0.04999995 0.04646438 -0.1274999 -0.04646444 0.04999995 -0.1274999 -0.05353546 0.04999995 -0.1274999 -0.04999995 0.05353546 -0.1274999 -0.01999992 0.04646438 -0.1274999 -0.01646441 0.04999995 -0.1274999 -0.02353543 0.04999995 -0.1274999 -0.01999992 0.05353546 -0.1274999 -0.04999995 0.01646441 -0.1274999 -0.04646444 0.01999992 -0.1274999 -0.05353546 0.01999992 -0.1274999 -0.04999995 0.02353543 -0.1274999 -0.01999992 0.01646441 -0.1274999 -0.01646441 0.01999992 -0.1274999 -0.02353543 0.01999992 -0.1274999 -0.01999992 0.02353543 -0.1274999 -0.05999994 0.02464455 -0.12 -0.05999994 0.04535526 -0.12 -0.04535526 0.05999988 -0.12 -0.02464455 0.05999988 -0.12 -0.04535526 0.00999993 -0.12 -0.02464455 0.00999993 -0.12 -0.00999993 0.02464455 -0.12 -0.05999994 0.04535526 -0.125 -0.05999994 0.02464455 -0.125 -0.04535526 0.00999993 -0.125 -0.02464455 0.00999993 -0.125 -0.01732224 0.01732224 -0.125 -0.00999993 0.02464455 -0.125 -0.00999993 0.04535526 -0.125 -0.02464455 0.05999988 -0.125 -0.04535526 0.05999988 -0.125 0.0464645 -0.04999989 -0.125 0.05000001 -0.04646438 -0.125 0.05353552 -0.01999992 -0.125 0.05000001 -0.02353543 -0.125 0.0464645 -0.01999992 -0.125 0.05000001 -0.01646441 -0.125 0.02000004 -0.01646441 -0.125 0.02353554 -0.01999992 -0.125 0.02000004 -0.02353543 -0.125 0.01646447 -0.01999992 -0.125 0.01646447 -0.04999989 -0.125 0.02000004 -0.04646438 -0.125 0.02353554 -0.04999989 -0.125 0.02000004 -0.05353546 -0.125 0.05000001 -0.05353546 -0.125 0.05353552 -0.04999989 -0.125 0.008000016 -0.0461837 -0.12 0.008000016 -0.02381616 -0.12 0.02381622 -0.007999956 -0.12 0.04618376 -0.007999956 -0.12 0.06200003 -0.02381616 -0.12 0.06200003 -0.04618376 -0.12 0.04618376 -0.06199997 -0.12 0.02381622 -0.06199997 -0.12 0.02000004 -0.02353543 -0.1274999 0.02353554 -0.01999992 -0.1274999 0.01646447 -0.01999992 -0.1274999 0.02000004 -0.01646441 -0.1274999 0.05000001 -0.02353543 -0.1274999 0.05353552 -0.01999992 -0.1274999 0.0464645 -0.01999992 -0.1274999 0.05000001 -0.01646441 -0.1274999 0.02000004 -0.05353546 -0.1274999 0.02353554 -0.04999989 -0.1274999 0.01646447 -0.04999989 -0.1274999 0.02000004 -0.04646438 -0.1274999 0.05000001 -0.05353546 -0.1274999 0.05353552 -0.04999989 -0.1274999 0.0464645 -0.04999989 -0.1274999 0.05000001 -0.04646438 -0.1274999 0.01000005 -0.04535526 -0.12 0.00999999 -0.02464467 -0.12 0.02464467 -0.00999993 -0.12 0.04535537 -0.00999993 -0.12 0.06 -0.02464467 -0.12 0.06 -0.04535537 -0.12 0.04535531 -0.05999994 -0.12 0.02464467 -0.05999994 -0.12 -0.02353543 -0.04999989 -0.125 -0.01999992 -0.04646438 -0.125 -0.01646441 -0.01999992 -0.125 -0.01999992 -0.02353543 -0.125 -0.02353543 -0.01999992 -0.125 -0.01999992 -0.01646441 -0.125 -0.04999989 -0.01646441 -0.125 -0.04646438 -0.01999992 -0.125 -0.04999989 -0.02353543 -0.125 -0.05353546 -0.01999992 -0.125 -0.05353546 -0.04999989 -0.125 -0.04999989 -0.04646438 -0.125 -0.04646438 -0.04999989 -0.125 -0.04999989 -0.05353546 -0.125 -0.01999992 -0.05353546 -0.125 0.07499998 -0.125 -0.07499998 0.07499998 -0.125 0.07499992 -0.07499992 -0.125 -0.07499998 -0.00999993 -0.12 -0.04535526 -0.01646441 -0.125 0.04999989 -0.06199991 -0.12 0.0461837 -0.06199991 -0.12 0.02381616 -0.0461837 -0.12 0.007999956 -0.02381616 -0.12 0.007999956 -0.007999897 -0.12 0.02381616 -0.007999897 -0.12 0.04618376 -0.02381616 -0.12 0.06199997 -0.07499992 -0.125 0.07499992 -0.00999993 -0.125 0.04535537 -0.00999993 -0.125 0.02464467 -0.02464455 -0.125 0.00999993 -0.04535526 -0.125 0.00999993 -0.05999994 -0.125 0.02464467 -0.007999897 -0.125 0.02381616 -0.007999897 -0.125 0.04618376 -0.02381616 -0.125 0.06199997 -0.06199991 -0.125 0.02381616 0.008000016 -0.125 0.02381616 0.008000016 -0.125 0.0461837 0.02381622 -0.125 0.06199997 0.04618376 -0.125 0.06199997 -0.0461837 -0.12 0.06199997 -0.04999995 -0.1274999 0.02353543 -0.04646438 -0.1274999 0.01999992 -0.05353546 -0.1274999 0.01999992 -0.04999995 -0.1274999 0.01646441 -0.01999992 -0.1274999 0.02353543 -0.01646441 -0.1274999 0.01999992 -0.02353543 -0.1274999 0.01999992 -0.01999992 -0.1274999 0.01646441 -0.04999995 -0.1274999 0.05353546 -0.04646438 -0.1274999 0.04999989 -0.05353546 -0.1274999 0.04999989 -0.04999995 -0.1274999 0.04646438 -0.01999992 -0.1274999 0.05353546 -0.01646441 -0.1274999 0.04999989 -0.02353543 -0.1274999 0.04999989 -0.01999992 -0.1274999 0.04646438 -0.05999988 -0.12 0.04535526 -0.05999994 -0.12 0.02464467 -0.04535526 -0.12 0.00999993 -0.02464455 -0.12 0.00999993 -0.00999993 -0.12 0.02464467 -0.00999993 -0.12 0.04535537 -0.02464455 -0.12 0.05999994 -0.04535526 -0.12 0.05999994 0.0464645 -0.125 -0.01999992 0.05000001 -0.125 -0.02353543 0.05353552 -0.125 -0.04999995 0.05000001 -0.125 -0.04646438 0.0464645 -0.125 -0.04999995 0.05000001 -0.125 -0.05353546 0.02000004 -0.125 -0.05353546 -0.06199991 -0.125 -0.04618364 -0.06199991 -0.125 -0.02381616 -0.02381616 -0.125 0.007999956 -0.02381616 -0.125 -0.007999956 -0.0461837 -0.125 -0.007999956 -0.0461837 -0.125 0.007999956 -0.0461837 -0.125 0.06199997 -0.02464455 -0.125 0.05999994 -0.04535526 -0.125 0.05999994 -0.05999994 -0.125 0.04535526 -0.06199991 -0.125 0.04618364 0.00999999 -0.125 0.02464467 0.00999999 -0.125 0.04535526 0.02464467 -0.125 0.05999994 0.04535531 -0.125 0.05999994 0.02381622 -0.125 -0.007999956 0.02353554 -0.125 -0.04999995 0.02000004 -0.125 -0.04646438 0.01646447 -0.125 -0.04999995 0.01646447 -0.125 -0.01999992 0.02000004 -0.125 -0.02353543 0.02353554 -0.125 -0.01999992 0.02000004 -0.125 -0.01646441 0.05000001 -0.125 -0.01646441 0.05353552 -0.125 -0.01999992 0.008000016 -0.12 -0.02381616 0.008000016 -0.12 -0.04618364 0.02381622 -0.12 -0.06199991 0.04618376 -0.12 -0.06199991 0.06200003 -0.12 -0.04618364 0.06200003 -0.12 -0.02381604 0.04618376 -0.12 -0.007999956 0.02381622 -0.12 -0.007999956 0.02000004 -0.1274999 -0.04646438 0.02353554 -0.1274999 -0.04999995 0.01646447 -0.1274999 -0.04999995 0.02000004 -0.1274999 -0.05353546 0.05000001 -0.1274999 -0.04646438 0.05353552 -0.1274999 -0.04999995 0.04646444 -0.1274999 -0.04999995 0.05000001 -0.1274999 -0.05353546 0.02000004 -0.1274999 -0.01646441 0.02353554 -0.1274999 -0.01999992 0.01646447 -0.1274999 -0.01999992 0.02000004 -0.1274999 -0.02353543 0.05000001 -0.1274999 -0.01646441 0.05353552 -0.1274999 -0.01999992 0.04646444 -0.1274999 -0.01999992 0.02381622 -0.125 0.007999956 0.01590812 -0.125 0.01590806 0.01732236 -0.125 0.01732224 0.02464467 -0.125 0.00999993 0.04535537 -0.125 0.00999993 0.06 -0.125 0.02464467 0.06 -0.125 0.04535537 0.06 -0.125 -0.02464455 0.06 -0.125 -0.04535526 0.04535537 -0.125 -0.05999988 0.02464467 -0.125 -0.05999988 0.00999999 -0.125 -0.04535526 0.04535531 -0.125 -0.00999993 0.02464467 -0.125 -0.00999993 0.00999999 -0.125 -0.02464455 0.008000016 -0.125 -0.02381622 0.05000001 -0.1274999 -0.02353543 0.01000005 -0.12 -0.02464455 0.00999999 -0.12 -0.04535526 0.02464467 -0.12 -0.05999988 0.04535537 -0.12 -0.05999988 0.06 -0.12 -0.04535526 0.06 -0.12 -0.02464455 0.04535531 -0.12 -0.00999993 0.02464467 -0.12 -0.00999993 -0.02353543 -0.125 -0.01999992 -0.01999992 -0.125 -0.02353543 -0.01646441 -0.125 -0.04999995 -0.01999992 -0.125 -0.04646438 -0.02353543 -0.125 -0.04999995 -0.01999992 -0.125 -0.05353546 -0.04999989 -0.125 -0.05353546 -0.04646438 -0.125 -0.04999995 -0.04999989 -0.125 -0.04646438 -0.05353546 -0.125 -0.04999995 -0.05353546 -0.125 -0.01999992 -0.04999989 -0.125 -0.02353543 -0.04646438 -0.125 -0.01999992 -0.04999989 -0.125 -0.01646441 -0.01999992 -0.125 -0.01646441 -0.01646441 -0.125 -0.01999992 -0.06199991 -0.12 -0.02381616 -0.06199991 -0.12 -0.04618364 -0.0461837 -0.12 -0.06199991 -0.02381616 -0.12 -0.06199991 -0.007999897 -0.12 -0.04618364 -0.007999897 -0.12 -0.02381604 -0.02381616 -0.12 -0.007999956 0.02381622 -0.125 -0.06199991 0.04618376 -0.125 -0.06199991 0.06200003 -0.125 -0.04618364 0.06200003 -0.125 -0.02381604 0.04618376 -0.125 -0.007999956 0.04618376 -0.125 0.007999956 0.06200003 -0.125 0.02381616 0.06200003 -0.125 0.04618376 0.008000016 -0.125 -0.04618364 -0.007999897 -0.125 -0.02381604 -0.007999897 -0.125 -0.04618364 -0.02381616 -0.125 -0.06199991 -0.0461837 -0.125 -0.06199991 -0.015908 -0.125 -0.01590806 -0.0461837 -0.12 -0.007999956 -0.04999995 -0.1274999 -0.04646438 -0.04646438 -0.1274999 -0.04999995 -0.05353546 -0.1274999 -0.04999995 -0.04999995 -0.1274999 -0.05353546 -0.01999992 -0.1274999 -0.04646438 -0.01646441 -0.1274999 -0.04999995 -0.02353543 -0.1274999 -0.04999995 -0.01999992 -0.1274999 -0.05353546 -0.04999995 -0.1274999 -0.01646441 -0.04646438 -0.1274999 -0.01999992 -0.05353546 -0.1274999 -0.01999992 -0.04999995 -0.1274999 -0.02353543 -0.01999992 -0.1274999 -0.01646441 -0.01646441 -0.1274999 -0.01999992 -0.02353543 -0.1274999 -0.01999992 -0.01999992 -0.1274999 -0.02353543 -0.05999988 -0.12 -0.02464455 -0.05999994 -0.12 -0.04535526 -0.04535526 -0.12 -0.05999988 -0.02464455 -0.12 -0.05999988 -0.04535526 -0.12 -0.00999993 -0.02464455 -0.12 -0.00999993 -0.00999993 -0.12 -0.02464455 -0.05999994 -0.125 -0.04535526 -0.05999994 -0.125 -0.02464455 -0.04535526 -0.125 -0.00999993 -0.02464455 -0.125 -0.00999993 -0.01732224 -0.125 -0.01732224 -0.00999993 -0.125 -0.02464455 -0.00999993 -0.125 -0.04535526 -0.02464455 -0.125 -0.05999988 -0.04535526 -0.125 -0.05999988 0.0464645 -0.125 0.04999989 0.05000001 -0.125 0.04646438 0.05353552 -0.125 0.01999992 0.05000001 -0.125 0.02353543 0.0464645 -0.125 0.01999992 0.05000001 -0.125 0.01646441 0.02000004 -0.125 0.01646441 0.02353554 -0.125 0.01999992 0.02000004 -0.125 0.02353543 0.01646447 -0.125 0.01999992 0.01646447 -0.125 0.04999989 0.02000004 -0.125 0.04646438 0.02353554 -0.125 0.04999989 0.02000004 -0.125 0.05353546 0.05000001 -0.125 0.05353546 0.05353552 -0.125 0.04999989 0.008000016 -0.12 0.0461837 0.008000016 -0.12 0.02381616 0.02381622 -0.12 0.007999956 0.04618376 -0.12 0.007999956 0.06200003 -0.12 0.02381616 0.06200003 -0.12 0.04618376 0.04618376 -0.12 0.06199997 0.02381622 -0.12 0.06199997 0.02000004 -0.1274999 0.02353543 0.02353554 -0.1274999 0.01999992 0.01646447 -0.1274999 0.01999992 0.02000004 -0.1274999 0.01646441 0.05000001 -0.1274999 0.02353543 0.05353552 -0.1274999 0.01999992 0.04646444 -0.1274999 0.01999992 0.05000001 -0.1274999 0.01646441 0.02000004 -0.1274999 0.05353546 0.02353554 -0.1274999 0.04999989 0.01646447 -0.1274999 0.04999989 0.02000004 -0.1274999 0.04646438 0.05000001 -0.1274999 0.05353546 0.05353552 -0.1274999 0.04999989 0.04646444 -0.1274999 0.04999989 0.05000001 -0.1274999 0.04646438 0.01000005 -0.12 0.04535526 0.00999999 -0.12 0.02464467 0.02464467 -0.12 0.00999993 0.04535537 -0.12 0.00999993 0.06 -0.12 0.02464467 0.06 -0.12 0.04535537 0.04535531 -0.12 0.05999994 0.02464467 -0.12 0.05999994 -0.02353543 -0.125 0.04999989 -0.01999992 -0.125 0.04646438 -0.01646441 -0.125 0.01999992 -0.01999992 -0.125 0.02353543 -0.02353543 -0.125 0.01999992 -0.01999992 -0.125 0.01646441 -0.04999989 -0.125 0.01646441 -0.04646438 -0.125 0.01999992 -0.04999989 -0.125 0.02353543 -0.05353546 -0.125 0.01999992 -0.05353546 -0.125 0.04999989 -0.04999989 -0.125 0.04646438 -0.04646438 -0.125 0.04999989 -0.04999989 -0.125 0.05353546 -0.01999992 -0.125 0.05353546 -0.07499998 0.115 0.07499998 0.07499998 -0.07499998 0.07499998 0.07499998 -0.07499998 -0.07499998 -0.07499998 -0.07499998 0.07499998 -0.07499998 -0.07499998 -0.07499998 -0.07499998 0.115 -0.07499998 -0.07499998 0.07499998 -0.07499998 -0.07499998 0.07499998 0.07499998 0.07499998 0.07499998 -0.07499998 0.07499998 0.07499998 0.07499998 -0.07499998 0.115 -0.08500003 -0.08499997 0.115 -0.07499998 0.07499998 0.115 -0.08500003 0.08499997 0.115 -0.07499998 -0.08499997 0.115 0.07499998 -0.07499998 0.115 0.08499997 0.07499998 0.115 0.08499997 0.08499997 0.115 0.07499998 -0.08499997 0.125 -0.07499998 0.08499997 0.125 -0.07499998 -0.08499997 0.125 0.07499998 -0.07499998 0.125 0.08499997 0.07499998 0.125 0.08499997 0.08499997 0.125 0.07499998 0.07499998 0.125 -0.08499997 -0.07499998 0.125 -0.08499997 -0.07499998 0.125 -0.07499998 -0.07499998 0.125 0.07499992 0.07499992 0.125 -0.07499998 0.00999993 0.12 -0.04535526 0.01646435 0.125 0.04999989 0.06199991 0.12 0.0461837 0.06199991 0.12 0.02381616 0.04618364 0.12 0.007999956 0.0238161 0.12 0.007999956 0.007999897 0.12 0.02381616 0.007999897 0.12 0.04618376 0.0238161 0.12 0.06199997 0.07499992 0.125 0.07499992 0.00999993 0.125 0.04535537 0.00999993 0.125 0.02464467 0.02464455 0.125 0.00999993 0.04535526 0.125 0.00999993 0.05999988 0.125 0.02464467 0.007999897 0.125 0.02381616 0.007999897 0.125 0.04618376 0.0238161 0.125 0.06199997 0.06199991 0.125 0.02381616 -0.008000016 0.125 0.02381616 -0.008000016 0.125 0.0461837 -0.02381622 0.125 0.06199997 -0.04618376 0.125 0.06199997 0.04618364 0.12 0.06199997 0.04999989 0.1274999 0.02353543 0.04646438 0.1274999 0.01999992 0.05353546 0.1274999 0.01999992 0.04999989 0.1274999 0.01646441 0.01999992 0.1274999 0.02353543 0.01646435 0.1274999 0.01999992 0.02353543 0.1274999 0.01999992 0.01999992 0.1274999 0.01646441 0.04999989 0.1274999 0.05353546 0.04646438 0.1274999 0.04999989 0.05353546 0.1274999 0.04999989 0.04999989 0.1274999 0.04646438 0.01999992 0.1274999 0.05353546 0.01646435 0.1274999 0.04999989 0.02353543 0.1274999 0.04999989 0.01999992 0.1274999 0.04646438 0.05999988 0.12 0.04535526 0.05999988 0.12 0.02464467 0.04535526 0.12 0.00999993 0.02464455 0.12 0.00999993 0.00999993 0.12 0.02464467 0.00999993 0.12 0.04535537 0.02464455 0.12 0.05999994 0.04535526 0.12 0.05999994 -0.0464645 0.125 -0.01999992 -0.05000001 0.125 -0.02353543 -0.05353552 0.125 -0.04999995 -0.05000001 0.125 -0.04646438 -0.0464645 0.125 -0.04999995 -0.05000001 0.125 -0.05353546 -0.02000004 0.125 -0.05353546 0.06199991 0.125 -0.04618364 0.06199991 0.125 -0.02381616 0.0238161 0.125 0.007999956 0.0238161 0.125 -0.007999956 0.04618364 0.125 -0.007999956 0.04618364 0.125 0.007999956 0.04618364 0.125 0.06199997 0.02464455 0.125 0.05999994 0.04535526 0.125 0.05999994 0.05999988 0.125 0.04535526 0.06199991 0.125 0.04618364 -0.00999999 0.125 0.02464467 -0.00999999 0.125 0.04535526 -0.02464467 0.125 0.05999994 -0.04535531 0.125 0.05999994 -0.02381622 0.125 -0.007999956 -0.02353554 0.125 -0.04999995 -0.02000004 0.125 -0.04646438 -0.01646447 0.125 -0.04999995 -0.01646447 0.125 -0.01999992 -0.02000004 0.125 -0.02353543 -0.02353554 0.125 -0.01999992 -0.02000004 0.125 -0.01646441 -0.05000001 0.125 -0.01646441 -0.05353552 0.125 -0.01999992 -0.008000016 0.12 -0.02381616 -0.008000016 0.12 -0.04618364 -0.02381622 0.12 -0.06199991 -0.04618376 0.12 -0.06199991 -0.06200003 0.12 -0.04618364 -0.06200003 0.12 -0.02381604 -0.04618376 0.12 -0.007999956 -0.02381622 0.12 -0.007999956 -0.02000004 0.1274999 -0.04646438 -0.02353554 0.1274999 -0.04999995 -0.01646447 0.1274999 -0.04999995 -0.02000004 0.1274999 -0.05353546 -0.05000001 0.1274999 -0.04646438 -0.05353552 0.1274999 -0.04999995 -0.0464645 0.1274999 -0.04999995 -0.05000001 0.1274999 -0.05353546 -0.02000004 0.1274999 -0.01646441 -0.02353554 0.1274999 -0.01999992 -0.01646447 0.1274999 -0.01999992 -0.02000004 0.1274999 -0.02353543 -0.05000001 0.1274999 -0.01646441 -0.05353552 0.1274999 -0.01999992 -0.0464645 0.1274999 -0.01999992 -0.02381622 0.125 0.007999956 -0.01590812 0.125 0.01590806 -0.01732236 0.125 0.01732224 -0.02464467 0.125 0.00999993 -0.04535537 0.125 0.00999993 -0.06 0.125 0.02464467 -0.06 0.125 0.04535537 -0.06 0.125 -0.02464455 -0.06 0.125 -0.04535526 -0.04535537 0.125 -0.05999988 -0.02464467 0.125 -0.05999988 -0.00999999 0.125 -0.04535526 -0.04535531 0.125 -0.00999993 -0.02464467 0.125 -0.00999993 -0.00999999 0.125 -0.02464455 -0.008000016 0.125 -0.02381622 -0.05000001 0.1274999 -0.02353543 -0.01000005 0.12 -0.02464455 -0.00999999 0.12 -0.04535526 -0.02464467 0.12 -0.05999988 -0.04535537 0.12 -0.05999988 -0.06 0.12 -0.04535526 -0.06 0.12 -0.02464455 -0.04535531 0.12 -0.00999993 -0.02464467 0.12 -0.00999993 0.02353543 0.125 -0.01999992 0.01999992 0.125 -0.02353543 0.01646435 0.125 -0.04999995 0.01999992 0.125 -0.04646438 0.02353543 0.125 -0.04999995 0.01999992 0.125 -0.05353546 0.04999989 0.125 -0.05353546 0.04646438 0.125 -0.04999995 0.04999989 0.125 -0.04646438 0.05353546 0.125 -0.04999995 0.05353546 0.125 -0.01999992 0.04999989 0.125 -0.02353543 0.04646438 0.125 -0.01999992 0.04999989 0.125 -0.01646441 0.01999992 0.125 -0.01646441 0.01646435 0.125 -0.01999992 0.06199991 0.12 -0.02381616 0.06199991 0.12 -0.04618364 0.04618364 0.12 -0.06199991 0.0238161 0.12 -0.06199991 0.007999897 0.12 -0.04618364 0.007999897 0.12 -0.02381604 0.0238161 0.12 -0.007999956 -0.02381622 0.125 -0.06199991 -0.04618376 0.125 -0.06199991 -0.06200003 0.125 -0.04618364 -0.06200003 0.125 -0.02381604 -0.04618376 0.125 -0.007999956 -0.04618376 0.125 0.007999956 -0.06200003 0.125 0.02381616 -0.06200003 0.125 0.04618376 -0.008000016 0.125 -0.04618364 0.007999897 0.125 -0.02381604 0.007999897 0.125 -0.04618364 0.0238161 0.125 -0.06199991 0.04618364 0.125 -0.06199991 0.015908 0.125 -0.01590806 0.04618364 0.12 -0.007999956 0.04999989 0.1274999 -0.04646438 0.04646438 0.1274999 -0.04999995 0.05353546 0.1274999 -0.04999995 0.04999989 0.1274999 -0.05353546 0.01999992 0.1274999 -0.04646438 0.01646435 0.1274999 -0.04999995 0.02353543 0.1274999 -0.04999995 0.01999992 0.1274999 -0.05353546 0.04999989 0.1274999 -0.01646441 0.04646438 0.1274999 -0.01999992 0.05353546 0.1274999 -0.01999992 0.04999989 0.1274999 -0.02353543 0.01999992 0.1274999 -0.01646441 0.01646435 0.1274999 -0.01999992 0.02353543 0.1274999 -0.01999992 0.01999992 0.1274999 -0.02353543 0.05999988 0.12 -0.02464455 0.05999988 0.12 -0.04535526 0.04535526 0.12 -0.05999988 0.02464455 0.12 -0.05999988 0.04535526 0.12 -0.00999993 0.02464455 0.12 -0.00999993 0.00999993 0.12 -0.02464455 0.05999988 0.125 -0.04535526 0.05999988 0.125 -0.02464455 0.04535526 0.125 -0.00999993 0.02464455 0.125 -0.00999993 0.01732218 0.125 -0.01732224 0.00999993 0.125 -0.02464455 0.00999993 0.125 -0.04535526 0.02464455 0.125 -0.05999988 0.04535526 0.125 -0.05999988 -0.0464645 0.125 0.04999989 -0.05000001 0.125 0.04646438 -0.05353552 0.125 0.01999992 -0.05000001 0.125 0.02353543 -0.0464645 0.125 0.01999992 -0.05000001 0.125 0.01646441 -0.02000004 0.125 0.01646441 -0.02353554 0.125 0.01999992 -0.02000004 0.125 0.02353543 -0.01646447 0.125 0.01999992 -0.01646447 0.125 0.04999989 -0.02000004 0.125 0.04646438 -0.02353554 0.125 0.04999989 -0.02000004 0.125 0.05353546 -0.05000001 0.125 0.05353546 -0.05353552 0.125 0.04999989 -0.008000016 0.12 0.0461837 -0.008000016 0.12 0.02381616 -0.02381622 0.12 0.007999956 -0.04618376 0.12 0.007999956 -0.06200003 0.12 0.02381616 -0.06200003 0.12 0.04618376 -0.04618376 0.12 0.06199997 -0.02381622 0.12 0.06199997 -0.02000004 0.1274999 0.02353543 -0.02353554 0.1274999 0.01999992 -0.01646447 0.1274999 0.01999992 -0.02000004 0.1274999 0.01646441 -0.05000001 0.1274999 0.02353543 -0.05353552 0.1274999 0.01999992 -0.0464645 0.1274999 0.01999992 -0.05000001 0.1274999 0.01646441 -0.02000004 0.1274999 0.05353546 -0.02353554 0.1274999 0.04999989 -0.01646447 0.1274999 0.04999989 -0.02000004 0.1274999 0.04646438 -0.05000001 0.1274999 0.05353546 -0.05353552 0.1274999 0.04999989 -0.0464645 0.1274999 0.04999989 -0.05000001 0.1274999 0.04646438 -0.01000005 0.12 0.04535526 -0.00999999 0.12 0.02464467 -0.02464467 0.12 0.00999993 -0.04535537 0.12 0.00999993 -0.06 0.12 0.02464467 -0.06 0.12 0.04535537 -0.04535531 0.12 0.05999994 -0.02464467 0.12 0.05999994 0.02353543 0.125 0.04999989 0.01999992 0.125 0.04646438 0.01646435 0.125 0.01999992 0.01999992 0.125 0.02353543 0.02353543 0.125 0.01999992 0.01999992 0.125 0.01646441 0.04999989 0.125 0.01646441 0.04646438 0.125 0.01999992 0.04999989 0.125 0.02353543 0.05353546 0.125 0.01999992 0.05353546 0.125 0.04999989 0.04999989 0.125 0.04646438 0.04646438 0.125 0.04999989 0.04999989 0.125 0.05353546 0.01999992 0.125 0.05353546 0.07499998 0.115 -0.07499998 0.07499998 0.115 0.07499998</float_array>
          <technique_common>
            <accessor source="#Cube-mesh-positions-array" count="860" stride="3">
              <param name="X" type="float"/>
              <param name="Y" type="float"/>
              <param name="Z" type="float"/>
            </accessor>
          </technique_common>
        </source>
        <source id="Cube-mesh-normals">
          <float_array id="Cube-mesh-normals-array" count="4284">0.7071068 0.7071068 0 0.7071068 -0.7071068 0 1 0 0 -1 0 0 -0.7071068 0.7071068 0 -0.7071068 -0.7071068 0 0 1 0 0 -1 0 0 0 -1 0 0 -1 0 0 -1 0 0 -1 0 0 -1 0 0 -1 0 0 -1 0 0 -1 0 0 1 0 0 1 0 0 1 0 0 1 0 0 1 0 0 1 0 0 1 0 0 1 -3.72529e-6 1 2.98023e-6 0 1 0 0 1 0 -3.72529e-6 1 2.48353e-7 0 1 2.98023e-6 0 1 0 0 1 2.48353e-7 3.72529e-6 1 2.98023e-6 0 -1 0 0 -1 7.45055e-7 0 -1 0 0 -1 7.45055e-7 0 -1 7.45055e-7 0 -1 0 0 -1 0 0 -1 0 0 0 1 0 -7.45057e-7 -1 -0.7071063 0 0.7071074 -0.7071071 5.14487e-7 -0.7071065 -1 0 0 1 0 0 0.7071063 0 0.7071074 0.7071071 5.26835e-7 -0.7071065 -0.7071038 0.7071098 2.11001e-6 -4.67045e-6 3.12837e-7 -1 3.56348e-7 -3.56348e-7 -1 0 -1.14624e-6 -1 -1.2317e-6 3.12837e-7 -1 -1.06905e-6 -1.06904e-6 -1 3.12836e-7 3.52421e-6 -1 6.49244e-7 -2.92897e-7 -1 -7.12698e-7 7.127e-7 -1 0 -1 0 0 0 -1 0 0 -1 1.49012e-5 0 -1 -1.43899e-6 -5.96041e-7 -1 0 1.49009e-5 -1 -0.7071065 -0.7071071 0 -1 0 0 0.7071068 0.7071068 -2.11002e-6 0.7071038 0.7071098 -4.22005e-6 -0.7071086 0.707105 0 0 1 0 -0.7071038 0.7071098 4.22005e-6 0 0 -1 0 0 -1 -1 0 1.49012e-6 -0.7071072 -0.7071064 1.05368e-6 0 1 0 -0.7071065 0.7071071 0 -0.7071098 -0.7071038 4.21468e-6 0 0 -1 0 0 -1 0.7071058 0.7071078 -3.38304e-6 3.12837e-7 3.12837e-7 -1 0 0 -1 -9.31314e-7 9.31323e-7 -1 0 0 -1 0 0 -1 3.12836e-7 6.29308e-7 -1 3.12836e-7 -6.29306e-7 -1 0 0 -1 0 0 -1 1.17632e-6 2.34174e-7 -1 0 0 -1 0 0 -1 1.88428e-6 0 -1 0 0 -1 0 0 -1 0 0 -1 0 0 -1 0 0 -1 9.20434e-6 -1.10887e-5 -1 -0.7071098 -0.7071039 6.32206e-6 0.707106 0.7071076 -4.22008e-6 -0.7071039 0.7071098 6.25735e-6 0 0 -1 0.707112 -0.7071015 -4.21472e-6 0 0 -1 -5.51873e-7 1.33241e-6 -1 1 0 -4.47037e-6 0.707106 0.7071076 -4.22008e-6 0.7071053 -0.7071083 0 0.7071053 0.7071083 0 -0.7071039 0.7071098 6.25735e-6 0.707106 -0.7071076 -4.21468e-6 -0.7071098 -0.7071039 0 0.7071053 0.7071083 0 0.7071112 -0.7071023 0 0.7071089 0.7071046 0 0 -1 0 0.7071053 -0.7071083 0 0 0 -1 -0.7071039 0.7071098 0 -0.7071054 0.7071082 0 3.12836e-7 3.12837e-7 -1 6.66196e-7 0 -1 0 9.31323e-7 -1 0 0 -1 9.42142e-7 0 -1 0 0 -1 0 0 -1 0 0 -1 2.98023e-7 0 -1 3.59746e-7 1.49012e-7 -1 -0.7071061 -0.7071074 0 1 0 0 0.7071069 -0.7071067 0 0.7071081 0.7071055 0 0 -1 0 0 1 0 0.7071046 -0.7071089 0 1 0 0 0 -1 0 0.7071061 0.7071075 0 -0.7071039 0.7071098 0 0 0 -1 0.7071112 -0.7071023 0 -0.7071039 -0.7071098 6.32201e-6 0.707106 0.7071076 -4.22008e-6 -0.7071039 0.7071098 6.25735e-6 0.7071053 0.7071083 0 -0.7071098 -0.7071039 0 0.7071061 0.7071075 0 -0.7071038 -0.7071098 4.21465e-6 0 0 -1 9.2044e-6 -1.10887e-5 -1 0 1 0 0 1.49009e-5 -1 -0.7071038 0.7071098 2.11001e-6 -0.7071074 -0.7071061 0 0 0 -1 0 -1 0 0.7071081 -0.7071055 0 -0.7071054 -0.7071081 4.21468e-6 0 0 -1 -1 0 5.96047e-6 0.7071076 -0.7071059 0 -0.7071028 0.7071108 0 -1 0 1.49012e-6 -0.7071058 -0.7071079 1.05367e-6 -0.7071057 0.7071079 0 0 1 0 0 0 -1 -0.7071078 -0.7071058 0 0 -1 0 -1 0 0 1.43899e-6 -5.9605e-7 -1 0 0 -1 0 0 -1 1.43898e-6 -5.96046e-7 -1 0 0 -1 0 0 -1 0 0 -1 -0.7071038 -0.7071098 4.21465e-6 0.7071038 0.7071098 -4.22005e-6 0 0 -1 -0.7071038 0.7071098 4.22005e-6 -0.7071039 -0.7071098 0 0.7071053 0.7071083 0 -0.7071039 0.7071098 0 0 0 -1 0.7071063 -0.7071073 0 0.7071053 -0.7071083 0 0.707106 -0.7071076 -4.21468e-6 0 0 -1 -0.7071068 0.7071068 0 -0.7071069 -0.7071067 4.21471e-6 -0.7071061 0.7071074 0 0.7071098 -0.7071038 -4.21468e-6 0 0 -1 0.7071038 0.7071098 -4.22005e-6 -0.7071038 0.7071098 4.22005e-6 -0.7071038 -0.7071098 2.10732e-6 0.7071068 0.7071068 -2.11003e-6 -0.7071038 0.7071098 2.11002e-6 0 0 -1 0.7071068 -0.7071068 -2.10733e-6 -0.7071098 -0.7071038 4.21468e-6 0 0 -1 -0.7071039 -0.7071098 6.32201e-6 -0.7071034 0.7071101 0 1 0 0 0.7071068 -0.7071068 -2.10732e-6 0.7071038 -0.7071098 -4.21465e-6 0 0 -1 0.707112 -0.7071015 -4.21472e-6 1 0 -1.49012e-6 -0.7071098 -0.7071037 2.10733e-6 0.7071068 0.7071068 0 0 0 -1 1 0 -1.49012e-6 0.7071127 -0.7071008 -2.10735e-6 0.7071127 -0.7071008 -2.10734e-6 0.7071098 -0.7071038 -4.21468e-6 -0.7071038 0.7071098 4.22005e-6 0.7071068 0.7071068 -2.11002e-6 1 0 0 -0.7071039 -0.7071098 2.10731e-6 0.7071038 -0.7071098 -4.21465e-6 0 0 -1 0 0 -1 -1 0 1.49012e-6 -1 0 1.49012e-6 -0.7071039 0.7071098 6.25735e-6 0.7071068 0.7071068 -2.11003e-6 0 1 0 -0.7071038 0.7071098 2.11002e-6 0 1 0 -0.7071098 -0.7071038 2.10734e-6 0 0 -1 0 0 -1 0.7071047 -0.7071089 0 0.7071089 0.7071046 0 0 0 -1 0 0 -1 0 0 -1 0.7071038 0.7071098 -4.22005e-6 0 -1 0 0.7071039 -0.7071096 0 -1 0 5.96051e-6 0 1 0 0 0 -1 0 0 -1 0.707106 0.7071076 -4.22008e-6 0 0 -1 1 0 -4.47035e-6 0 -1 0 -0.7071039 0.7071098 0 0 0 -1 0.7071084 0.7071052 5.20464e-6 -0.7071098 -0.7071039 6.32206e-6 -0.7071039 -0.7071098 0 0 0 -1 -0.7071038 2.11001e-6 -0.7071098 -4.67045e-6 -1 -3.12837e-7 3.56348e-7 -1 3.56348e-7 0 -1 1.14624e-6 -1.2317e-6 -1 -3.12837e-7 -1.06905e-6 -1 1.06904e-6 3.12836e-7 -1 -3.52421e-6 6.49244e-7 -1 2.92896e-7 -7.12698e-7 -1 -7.127e-7 0 0 1 0 -1 0 0 -1 0 1.49012e-5 -1 0 -1.43899e-6 -1 5.96041e-7 0 -1 -1.49009e-5 -0.7071065 0 0.7071071 -1 0 0 0.7071068 -2.11002e-6 -0.7071068 0.7071038 -4.22005e-6 -0.7071098 -0.7071086 0 -0.707105 0 0 -1 -0.7071038 4.22005e-6 -0.7071098 0 -1 0 0 -1 0 -1 1.49012e-6 0 -0.7071072 5.62103e-7 0.7071064 0 -7.45061e-7 -1 -0.7071065 -5.20468e-7 -0.7071071 -0.7071098 4.21468e-6 0.7071038 0 -1 0 0 -1 0 0.7071058 -3.38304e-6 -0.7071078 3.12837e-7 -1 -3.12837e-7 0 -1 0 -9.31314e-7 -1 -9.31323e-7 0 -1 0 0 -1 0 3.12836e-7 -1 -6.29308e-7 3.12836e-7 -1 6.29306e-7 0 -1 0 0 -1 0 1.17632e-6 -1 -2.34174e-7 0 -1 0 0 -1 0 1.88428e-6 -1 0 0 -1 0 0 -1 0 0 -1 0 0 -1 0 0 -1 0 9.20435e-6 -1 1.10887e-5 -0.7071098 6.32206e-6 0.7071039 0.707106 -4.22008e-6 -0.7071076 -0.7071039 6.25735e-6 -0.7071098 0 -1 0 0.707112 -4.21472e-6 0.7071015 0 -1 0 -5.51873e-7 -1 -1.33241e-6 1 -4.47037e-6 0 0.707106 -4.22008e-6 -0.7071076 0.7071053 0 0.7071083 0.7071053 0 -0.7071083 -0.7071039 6.25735e-6 -0.7071098 0.707106 -4.21468e-6 0.7071076 -0.7071098 0 0.7071039 0.7071053 0 -0.7071083 0.7071112 0 0.7071023 0.7071089 0 -0.7071046 0 0 1 0.7071053 0 0.7071083 0 -1 0 -0.7071039 0 -0.7071098 -0.7071054 0 -0.7071081 3.12836e-7 -1 -3.12837e-7 6.66196e-7 -1 0 0 -1 -9.31323e-7 0 -1 0 9.42142e-7 -1 0 0 -1 0 0 -1 0 0 -1 0 2.98023e-7 -1 0 3.59746e-7 -1 -1.49012e-7 -0.7071061 0 0.7071074 1 0 0 0.7071069 0 0.7071067 0.7071082 -5.26838e-7 -0.7071054 0 0 1 0 0 -1 0.7071046 0 0.7071089 1 0 0 0 0 1 0.7071061 0 -0.7071075 -0.7071039 0 -0.7071098 0 -1 0 0.7071112 0 0.7071023 -0.7071039 6.32201e-6 0.7071098 0.707106 -4.22008e-6 -0.7071076 -0.7071039 6.25735e-6 -0.7071098 0.7071053 0 -0.7071083 -0.7071098 0 0.7071039 0.7071061 0 -0.7071075 -0.7071038 4.21465e-6 0.7071098 0 -1 0 9.2044e-6 -1 1.10887e-5 0 0 -1 0 -1 -1.49009e-5 -0.7071038 2.11001e-6 -0.7071098 -0.7071074 0 0.7071061 0 -1 0 0 0 1 0.7071082 0 0.7071054 -0.7071054 4.21468e-6 0.7071081 0 -1 0 -1 5.96047e-6 0 0.7071076 0 0.7071059 -0.7071028 0 -0.7071107 -1 1.49012e-6 0 -0.7071058 1.05367e-6 0.7071079 -0.7071057 0 -0.7071079 0 0 -1 0 -1 0 -0.7071079 0 0.7071058 0 0 1 -1 0 0 1.43899e-6 -1 5.9605e-7 0 -1 0 0 -1 0 1.43898e-6 -1 5.96046e-7 0 -1 0 0 -1 0 0 -1 0 -0.7071038 4.21465e-6 0.7071098 0.7071038 -4.22005e-6 -0.7071098 0 -1 0 -0.7071038 4.22005e-6 -0.7071098 -0.7071039 0 0.7071098 0.7071053 0 -0.7071083 -0.7071039 0 -0.7071098 0 -1 0 0.7071063 0 0.7071073 0.7071053 0 0.7071083 0.707106 -4.21468e-6 0.7071076 0 -1 0 -0.7071068 0 -0.7071068 -0.7071069 4.21471e-6 0.7071067 -0.7071061 -5.20466e-7 -0.7071074 0.7071098 -4.21468e-6 0.7071038 0 -1 0 0.7071038 -4.22005e-6 -0.7071098 -0.7071038 4.22005e-6 -0.7071098 -0.7071038 2.10732e-6 0.7071098 0.7071068 -2.11003e-6 -0.7071068 -0.7071038 2.11002e-6 -0.7071098 0 -1 0 0.7071068 -2.10733e-6 0.7071068 -0.7071098 4.21468e-6 0.7071038 0 -1 0 -0.7071039 6.32201e-6 0.7071098 -0.7071034 0 -0.7071101 1 0 0 0.7071068 -2.10732e-6 0.7071068 0.7071038 -4.21465e-6 0.7071098 0 -1 0 0.707112 -4.21472e-6 0.7071015 1 -1.49012e-6 0 -0.7071098 2.10733e-6 0.7071037 0.7071068 0 -0.7071067 0 -1 0 1 -1.49012e-6 0 0.7071127 -2.10735e-6 0.7071008 0.7071127 -2.10734e-6 0.7071008 0.7071098 -4.21468e-6 0.7071038 -0.7071038 4.22005e-6 -0.7071098 0.7071068 -2.11002e-6 -0.7071068 1 0 0 -0.7071039 2.10731e-6 0.7071098 0.7071038 -4.21465e-6 0.7071098 0 -1 0 0 -1 0 -1 1.49012e-6 0 -1 1.49012e-6 0 -0.7071039 6.25735e-6 -0.7071098 0.7071068 -2.11003e-6 -0.7071068 0 0 -1 -0.7071038 2.11002e-6 -0.7071098 0 -7.45063e-7 -1 -0.7071098 2.10734e-6 0.7071038 0 -1 0 0 -1 0 0.7071047 5.26841e-7 0.7071089 0.7071089 0 -0.7071046 0 -1 0 0 -1 0 0 -1 0 0.7071038 -4.22005e-6 -0.7071098 0 7.45059e-7 1 0.7071039 5.26838e-7 0.7071096 -1 5.96051e-6 0 0 0 -1 0 -1 0 0 -1 0 0.707106 -4.22008e-6 -0.7071076 0 -1 0 1 -4.47035e-6 0 0 7.45063e-7 1 -0.7071039 0 -0.7071098 0 -1 0 0.7071084 5.20464e-6 -0.7071052 -0.7071098 6.32206e-6 0.7071039 -0.7071039 0 0.7071098 0 -1 0 1 0 1.86265e-7 -1 0 3.72529e-7 0 -1 0 0 1 0 1 0 0 0 -1.86265e-7 1 0 1.86265e-7 -1 -1 0 0 0 0 1 1 0 0 1 0 0 -1 0 0 2.23517e-6 -1 2.98024e-6 1.98682e-7 -1 2.98022e-6 0 -1 0 2.23517e-6 -1 1.49012e-7 1.98682e-7 -1 0 2.98023e-6 -1 2.98022e-6 2.98023e-6 -1 3.47694e-7 -2.23517e-6 -1 0 0 1 0 0 1 2.23516e-6 0 1 0 0 1 2.23516e-6 0 1 0 0 1 0 0 1 0 0 1 0 0 0 1 0 7.45058e-7 -1 0.7071058 0 0.7071079 0.7071065 -5.65936e-7 -0.7071071 1 0 0 -1 0 0 -0.7071068 0 0.7071068 -0.7071076 -5.26834e-7 -0.707106 0.7071038 -2.11001e-6 -0.7071098 4.67045e-6 1 -3.12837e-7 -3.56348e-7 1 3.56348e-7 0 1 1.14624e-6 1.2317e-6 1 -3.12837e-7 1.06905e-6 1 1.06904e-6 -3.12836e-7 1 -3.52421e-6 -6.49244e-7 1 2.92896e-7 7.12698e-7 1 -7.127e-7 0 0 1 0 1 0 0 1 0 -1.49012e-5 1 0 1.43899e-6 1 5.96041e-7 0 1 -1.49009e-5 0.7071065 0 0.7071071 1 0 0 -0.7071068 2.11002e-6 -0.7071068 -0.7071038 4.22005e-6 -0.7071098 0.7071086 0 -0.707105 0 0 -1 0.7071038 -4.22005e-6 -0.7071098 0 1 0 0 1 0 1 -1.49012e-6 0 0.7071072 -5.62103e-7 0.7071064 0 7.45061e-7 -1 0.7071065 5.20468e-7 -0.7071071 0.7071098 -4.21468e-6 0.7071038 0 1 0 0 1 0 -0.7071058 3.38304e-6 -0.7071078 -3.12837e-7 1 -3.12837e-7 0 1 0 9.31314e-7 1 -9.31323e-7 0 1 0 0 1 0 -3.12836e-7 1 -6.29308e-7 -3.12836e-7 1 6.29306e-7 0 1 0 0 1 0 -1.17632e-6 1 -2.34174e-7 0 1 0 0 1 0 -1.88428e-6 1 0 0 1 0 0 1 0 0 1 0 0 1 0 0 1 0 -9.20435e-6 1 1.10887e-5 0.7071098 -6.32206e-6 0.7071039 -0.707106 4.22008e-6 -0.7071076 0.7071039 -6.25735e-6 -0.7071098 0 1 0 -0.707112 4.21472e-6 0.7071015 0 1 0 5.51873e-7 1 -1.33241e-6 -1 4.47037e-6 0 -0.707106 4.22008e-6 -0.7071076 -0.7071053 0 0.7071083 -0.7071053 0 -0.7071083 0.7071039 -6.25735e-6 -0.7071098 -0.707106 4.21468e-6 0.7071076 0.7071098 0 0.7071039 -0.7071053 0 -0.7071083 -0.7071112 0 0.7071023 -0.7071089 0 -0.7071046 0 0 1 -0.7071053 0 0.7071083 0 1 0 0.7071039 0 -0.7071098 0.7071054 0 -0.7071081 -3.12836e-7 1 -3.12837e-7 -6.66196e-7 1 0 0 1 -9.31323e-7 0 1 0 -9.42142e-7 1 0 0 1 0 0 1 0 0 1 0 -2.98023e-7 1 0 -3.59746e-7 1 -1.49012e-7 0.7071061 0 0.7071074 -1 0 0 -0.7071069 0 0.7071067 -0.7071082 5.26838e-7 -0.7071054 0 0 1 0 0 -1 -0.7071046 0 0.7071089 -1 0 0 0 0 1 -0.7071061 0 -0.7071075 0.7071039 0 -0.7071098 0 1 0 -0.7071112 0 0.7071023 0.7071039 -6.32201e-6 0.7071098 -0.707106 4.22008e-6 -0.7071076 0.7071039 -6.25735e-6 -0.7071098 -0.7071053 0 -0.7071083 0.7071098 0 0.7071039 -0.7071061 0 -0.7071075 0.7071038 -4.21465e-6 0.7071098 0 1 0 -9.2044e-6 1 1.10887e-5 0 0 -1 0 1 -1.49009e-5 0.7071038 -2.11001e-6 -0.7071098 0.7071074 0 0.7071061 0 1 0 0 0 1 -0.7071082 0 0.7071054 0.7071054 -4.21468e-6 0.7071081 0 1 0 1 -5.96047e-6 0 -0.7071076 0 0.7071059 0.7071028 0 -0.7071107 1 -1.49012e-6 0 0.7071058 -1.05367e-6 0.7071079 0.7071057 0 -0.7071079 0 0 -1 0 1 0 0.7071079 0 0.7071058 0 0 1 1 0 0 -1.43899e-6 1 5.9605e-7 0 1 0 0 1 0 -1.43898e-6 1 5.96046e-7 0 1 0 0 1 0 0 1 0 0.7071038 -4.21465e-6 0.7071098 -0.7071038 4.22005e-6 -0.7071098 0 1 0 0.7071038 -4.22005e-6 -0.7071098 0.7071039 0 0.7071098 -0.7071053 0 -0.7071083 0.7071039 0 -0.7071098 0 1 0 -0.7071063 0 0.7071073 -0.7071053 0 0.7071083 -0.707106 4.21468e-6 0.7071076 0 1 0 0.7071068 0 -0.7071068 0.7071069 -4.21471e-6 0.7071067 0.7071061 5.20466e-7 -0.7071074 -0.7071098 4.21468e-6 0.7071038 0 1 0 -0.7071038 4.22005e-6 -0.7071098 0.7071038 -4.22005e-6 -0.7071098 0.7071038 -2.10732e-6 0.7071098 -0.7071068 2.11003e-6 -0.7071068 0.7071038 -2.11002e-6 -0.7071098 0 1 0 -0.7071068 2.10733e-6 0.7071068 0.7071098 -4.21468e-6 0.7071038 0 1 0 0.7071039 -6.32201e-6 0.7071098 0.7071034 0 -0.7071101 -1 0 0 -0.7071068 2.10732e-6 0.7071068 -0.7071038 4.21465e-6 0.7071098 0 1 0 -0.707112 4.21472e-6 0.7071015 -1 1.49012e-6 0 0.7071098 -2.10733e-6 0.7071037 -0.7071068 0 -0.7071067 0 1 0 -1 1.49012e-6 0 -0.7071127 2.10735e-6 0.7071008 -0.7071127 2.10734e-6 0.7071008 -0.7071098 4.21468e-6 0.7071038 0.7071038 -4.22005e-6 -0.7071098 -0.7071068 2.11002e-6 -0.7071068 -1 0 0 0.7071039 -2.10731e-6 0.7071098 -0.7071038 4.21465e-6 0.7071098 0 1 0 0 1 0 1 -1.49012e-6 0 1 -1.49012e-6 0 0.7071039 -6.25735e-6 -0.7071098 -0.7071068 2.11003e-6 -0.7071068 0 0 -1 0.7071038 -2.11002e-6 -0.7071098 0 7.45063e-7 -1 0.7071098 -2.10734e-6 0.7071038 0 1 0 0 1 0 -0.7071047 -5.26841e-7 0.7071089 -0.7071089 0 -0.7071046 0 1 0 0 1 0 0 1 0 -0.7071038 4.22005e-6 -0.7071098 0 -7.45059e-7 1 -0.7071039 -5.26838e-7 0.7071096 1 -5.96051e-6 0 0 0 -1 0 1 0 0 1 0 -0.707106 4.22008e-6 -0.7071076 0 1 0 -1 4.47035e-6 0 0 -7.45063e-7 1 0.7071039 0 -0.7071098 0 1 0 -0.7071084 -5.20464e-6 -0.7071052 0.7071098 -6.32206e-6 0.7071039 0.7071039 0 0.7071098 0 1 0 -1 0 0 0 0 -1 0 0 1 0.7071068 0.7071068 0 0.7071068 -0.7071068 0 1 0 0 -1 0 0 -0.7071068 0.7071068 0 -0.7071068 -0.7071068 0 0 1 0 0 -1 0 0 0 -1 0 0 -1 0 0 -1 0 0 -1 0 0 1 0 0 1 0 0 1 0 0 1 0 1 0 0 1 0 0 1 2.98023e-6 3.72529e-6 1 0 0 -1 0 0 -1 7.45055e-7 0 -1 0 0 -1 0 0 0 1 0 -7.45057e-7 -1 -0.7071063 0 0.7071074 -0.7071076 -5.26834e-7 -0.707106 -1 0 0 1 0 0 0.7071063 0 0.7071074 0.7071076 -5.26834e-7 -0.707106 -0.7071038 0.7071098 2.10731e-6 -3.43874e-6 0 -1 -2.29249e-6 0 -1 -2.29249e-6 0 -1 6.66196e-7 -4.91542e-6 -1 0 -1.14624e-6 -1 3.12836e-7 -3.52417e-6 -1 1.14624e-6 0 -1 1.14624e-6 0 -1 0 0 -1 0 2.2925e-6 -1 0 1.14625e-6 -1 0 1.14625e-6 -1 0 -1 0 1.33239e-6 -1.43494e-5 -1 0 0 -1 -5.96014e-7 1.43898e-6 -1 1.05369e-5 -1.05369e-5 -1 1.33239e-6 5.51887e-7 -1 -0.7071065 -0.7071071 0 -1 0 0 0.7071068 0.7071068 -2.10732e-6 0.7071038 0.7071098 -4.21465e-6 -0.7071084 0.7071052 -1.05368e-6 0 1 0 -0.7071038 0.7071098 4.21465e-6 0 0 -1 0 0 -1 -1 -7.19495e-7 -1.49012e-6 -0.7071074 -0.7071062 0 0 1 0 -0.7071065 0.7071071 0 -0.7071098 -0.7071038 4.21468e-6 0 0 -1 0 0 -1 0.7071063 0.7071073 0 0 0 -1 -0.7071098 -0.7071039 6.32206e-6 0.7071053 0.7071083 -6.32202e-6 -0.7071039 0.7071098 6.32201e-6 0 0 -1 0.7071113 -0.7071024 -6.32207e-6 0 0 -1 1.05366e-5 1.05366e-5 -1 1 0 -4.47037e-6 0.7071053 0.7071083 -6.32202e-6 0.7071053 -0.7071083 0 0.7071053 0.7071083 0 -0.7071039 0.7071098 6.32201e-6 0.7071053 -0.7071083 -6.32202e-6 -0.7071098 -0.7071039 0 0.7071053 0.7071083 0 0.7071113 -0.7071024 0 0.7071087 0.7071048 -1.05368e-6 0 -1 0 0.7071052 -0.7071084 -1.05367e-6 0 0 -1 -0.7071039 0.7071098 0 -0.7071054 0.7071082 0 -4.03391e-7 -6.14126e-7 -1 1.43898e-6 5.96048e-7 -1 4.21468e-7 4.21469e-7 -1 2.03504e-6 0 -1 1.43898e-6 -3.47403e-6 -1 2.10734e-7 1.22825e-6 -1 0 0 -1 0 0 -1 0 0 -1 0 0 -1 0 0 -1 0 0 -1 2.10734e-7 -2.10735e-7 -1 1.43898e-6 1.01752e-6 -1 -1.01751e-6 0 -1 1.43898e-6 -2.45649e-6 -1 2.98023e-7 2.98021e-7 -1 7.19493e-7 -7.19496e-7 -1 0 0 -1 7.19492e-7 -7.19495e-7 -1 0 0 -1 3.59746e-7 1.49012e-7 -1 -0.7071059 -0.7071076 1.05367e-6 1 0 0 0.7071068 -0.7071068 0 0.7071068 -0.7071068 -1.30117e-7 0.7071081 0.7071055 0 0 -1 0 0 1 0 0.7071076 -0.707106 0 0.7071061 -0.7071074 4.28606e-6 1 0 0 0 -1 0 0.7071061 0.7071075 0 -0.7071039 0.7071098 0 0 0 -1 0.7071113 -0.7071024 0 -0.7071039 -0.7071098 6.32201e-6 0.7071053 0.7071083 -6.32202e-6 -0.7071039 0.7071098 6.32201e-6 0.7071053 0.7071083 0 -0.7071098 -0.7071039 0 0.7071059 0.7071077 -1.05367e-6 -0.7071038 -0.7071098 4.21465e-6 0 0 -1 0 0 -1 0 1 0 1.33239e-6 5.51887e-7 -1 -0.7071038 0.7071098 2.10731e-6 -0.7071073 -0.7071063 1.05368e-6 0 0 -1 0 -1 0 0.7071081 -0.7071055 0 -0.7071061 -0.7071074 0 0 0 -1 -1 -1.43898e-6 0 0.7071071 -0.7071065 -3.16103e-6 -0.7071048 0.7071088 0 -0.7071038 0.7071098 2.9927e-6 -1 -7.19489e-7 -1.49011e-6 -0.7071059 -0.7071077 0 -0.7071055 0.707108 -1.05367e-6 0 1 0 0 0 -1 -0.7071078 -0.7071058 0 0 -1 0 -1 0 0 1.33239e-6 5.51897e-7 -1 0 0 -1 0 0 -1 1.33239e-6 5.51914e-7 -1 0 0 -1 0 0 -1 0 0 -1 -0.7071038 -0.7071098 4.21465e-6 0.7071038 0.7071098 -4.21465e-6 0 0 -1 -0.7071038 0.7071098 4.21465e-6 -0.7071039 -0.7071098 0 0.7071053 0.7071083 0 -0.7071039 0.7071098 0 0 0 -1 0.7071058 -0.7071077 -3.16101e-6 0.7071053 -0.7071083 0 0.7071053 -0.7071083 -6.32202e-6 0 0 -1 -0.7071098 0.7071039 0 -0.7071083 0.7071053 4.28605e-6 -0.7071076 -0.707106 0 -0.7071059 0.7071076 1.05367e-6 0.7071098 -0.7071038 -4.21468e-6 0 0 -1 0.7071038 0.7071098 -4.21465e-6 -0.7071038 0.7071098 4.21465e-6 -0.7071038 -0.7071098 2.10732e-6 0.7071068 0.7071068 -2.10733e-6 -0.7071038 0.7071098 2.10732e-6 0 0 -1 0.7071068 -0.7071068 -2.10733e-6 -0.7071098 -0.7071038 4.21468e-6 0 0 -1 -0.7071039 -0.7071098 6.32201e-6 -0.7071033 0.7071103 1.05367e-6 1 0 0 0.7071068 -0.7071068 -2.10732e-6 0.7071038 -0.7071098 -4.21465e-6 0 0 -1 0.7071113 -0.7071024 -6.32207e-6 1 0 -1.49012e-6 -0.7071098 -0.7071038 2.10733e-6 0.7071081 0.7071055 8.42936e-6 0 0 -1 1 0 -1.49012e-6 0.7071127 -0.7071008 -2.10735e-6 0.7071127 -0.7071008 -2.10734e-6 0.7071098 -0.7071038 -4.21468e-6 -0.7071038 0.7071098 4.21465e-6 0.7071068 0.7071068 -2.10732e-6 1 0 0 -0.7071038 -0.7071098 2.10731e-6 0.7071038 -0.7071098 -4.21465e-6 0 0 -1 0 0 -1 -1 0 1.49012e-6 -1 0 1.49012e-6 -0.7071039 0.7071098 6.32201e-6 0.7071068 0.7071068 -2.10733e-6 0 1 0 -0.7071038 0.7071098 2.10732e-6 0 1 0 -0.7071098 -0.7071038 2.10734e-6 0 0 -1 0 0 -1 0.7071047 -0.7071089 0 0.7071089 0.7071046 0 0 0 -1 0 0 -1 0 0 -1 0.7071038 0.7071098 -4.21465e-6 0 -1 0 0.7071037 -0.7071099 -1.05367e-6 -1 -1.43899e-6 0 0 1 0 9.2042e-6 1.10885e-5 -1 1.33239e-6 -1.43494e-5 -1 0.7071053 0.7071083 -6.32202e-6 0 0 -1 1 0 -4.47035e-6 0 -1 0 -0.7071039 0.7071098 0 0 0 -1 0.7071076 0.707106 0 -0.7071098 -0.7071039 6.32206e-6 -0.7071039 -0.7071098 0 0 0 -1 -0.7071038 2.10731e-6 -0.7071098 -3.43874e-6 -1 0 -2.29249e-6 -1 0 -2.29249e-6 -1 0 6.66196e-7 -1 4.91542e-6 0 -1 1.14624e-6 3.12836e-7 -1 3.52417e-6 1.14624e-6 -1 0 1.14624e-6 -1 0 0 -1 0 0 -1 -2.2925e-6 0 -1 -1.14625e-6 0 -1 -1.14625e-6 0 0 1 1.33239e-6 -1 1.43494e-5 0 -1 0 -5.96014e-7 -1 -1.43898e-6 1.05369e-5 -1 1.05369e-5 1.33239e-6 -1 -5.51887e-7 -0.7071065 0 0.7071071 -1 0 0 0.7071068 -2.10732e-6 -0.7071068 0.7071038 -4.21465e-6 -0.7071098 -0.7071084 -1.05368e-6 -0.7071052 0 0 -1 -0.7071038 4.21465e-6 -0.7071098 0 -1 0 0 -1 0 -1 -1.49012e-6 7.19495e-7 -0.7071073 1.05368e-6 0.7071064 0 -7.45065e-7 -1 -0.7071064 0 -0.7071072 -0.7071098 4.21468e-6 0.7071038 0 -1 0 0 -1 0 0.7071063 0 -0.7071073 0 -1 0 -0.7071098 6.32206e-6 0.7071039 0.7071053 -6.32202e-6 -0.7071083 -0.7071039 6.32201e-6 -0.7071098 0 -1 0 0.7071113 -6.32207e-6 0.7071024 0 -1 0 1.05366e-5 -1 -1.05366e-5 1 -4.47037e-6 0 0.7071053 -6.32202e-6 -0.7071083 0.7071053 0 0.7071083 0.7071053 0 -0.7071083 -0.7071039 6.32201e-6 -0.7071098 0.7071053 -6.32202e-6 0.7071083 -0.7071098 0 0.7071039 0.7071053 0 -0.7071083 0.7071113 0 0.7071024 0.7071087 -1.05368e-6 -0.7071048 0 0 1 0.7071052 -1.05367e-6 0.7071084 0 -1 0 -0.7071039 0 -0.7071098 -0.7071054 0 -0.7071081 -4.03391e-7 -1 6.14125e-7 1.43898e-6 -1 -5.96048e-7 4.21468e-7 -1 -4.21469e-7 2.03504e-6 -1 0 1.43898e-6 -1 3.47403e-6 2.10734e-7 -1 -1.22825e-6 0 -1 0 0 -1 0 0 -1 0 0 -1 0 0 -1 0 0 -1 0 2.10734e-7 -1 2.10735e-7 1.43898e-6 -1 -1.01752e-6 -1.01751e-6 -1 0 1.43898e-6 -1 2.45649e-6 2.98023e-7 -1 -2.98021e-7 7.19493e-7 -1 7.19496e-7 0 -1 0 7.19492e-7 -1 7.19495e-7 0 -1 0 3.59746e-7 -1 -1.49012e-7 -0.7071059 1.05367e-6 0.7071076 1 0 0 0.7071068 0 0.7071068 0.7071069 -1.30118e-7 0.7071067 0.7071081 0 -0.7071055 0 0 1 0 0 -1 0.7071076 0 0.7071059 0.7071061 4.35632e-6 0.7071074 1 0 0 0 0 1 0.7071061 0 -0.7071075 -0.7071039 0 -0.7071098 0 -1 0 0.7071113 0 0.7071024 -0.7071039 6.32201e-6 0.7071098 0.7071053 -6.32202e-6 -0.7071083 -0.7071039 6.32201e-6 -0.7071098 0.7071053 0 -0.7071083 -0.7071098 0 0.7071039 0.7071059 -1.05367e-6 -0.7071077 -0.7071038 4.21465e-6 0.7071098 0 -1 0 0 -1 0 0 0 -1 1.33239e-6 -1 -5.51887e-7 -0.7071038 2.10731e-6 -0.7071098 -0.7071073 1.05368e-6 0.7071063 0 -1 0 0 0 1 0.7071082 0 0.7071054 -0.7071061 0 0.7071074 0 -1 0 -1 0 1.43898e-6 0.7071071 -3.16103e-6 0.7071065 -0.7071048 0 -0.7071088 -0.7071039 2.9927e-6 -0.7071098 -1 -1.49011e-6 7.19489e-7 -0.7071059 0 0.7071077 -0.7071055 -1.05367e-6 -0.707108 0 0 -1 0 -1 0 -0.7071079 0 0.7071058 0 0 1 -1 0 0 1.33239e-6 -1 -5.51898e-7 0 -1 0 0 -1 0 1.33239e-6 -1 -5.51914e-7 0 -1 0 0 -1 0 0 -1 0 -0.7071038 4.21465e-6 0.7071098 0.7071038 -4.21465e-6 -0.7071098 0 -1 0 -0.7071038 4.21465e-6 -0.7071098 -0.7071039 0 0.7071098 0.7071053 0 -0.7071083 -0.7071039 0 -0.7071098 0 -1 0 0.7071058 -3.16101e-6 0.7071077 0.7071053 0 0.7071083 0.7071053 -6.32202e-6 0.7071083 0 -1 0 -0.7071098 0 -0.7071039 -0.7071083 4.35631e-6 -0.7071053 -0.7071074 5.26839e-7 0.7071061 -0.7071059 1.05367e-6 -0.7071077 0.7071098 -4.21468e-6 0.7071038 0 -1 0 0.7071038 -4.21465e-6 -0.7071098 -0.7071038 4.21465e-6 -0.7071098 -0.7071038 2.10732e-6 0.7071098 0.7071068 -2.10733e-6 -0.7071068 -0.7071038 2.10732e-6 -0.7071098 0 -1 0 0.7071068 -2.10733e-6 0.7071068 -0.7071098 4.21468e-6 0.7071038 0 -1 0 -0.7071039 6.32201e-6 0.7071098 -0.7071033 1.05367e-6 -0.7071103 1 0 0 0.7071068 -2.10732e-6 0.7071068 0.7071038 -4.21465e-6 0.7071098 0 -1 0 0.7071113 -6.32207e-6 0.7071024 1 -1.49012e-6 0 -0.7071098 2.10733e-6 0.7071038 0.7071082 8.42936e-6 -0.7071054 0 -1 0 1 -1.49012e-6 0 0.7071127 -2.10735e-6 0.7071008 0.7071127 -2.10734e-6 0.7071008 0.7071098 -4.21468e-6 0.7071038 -0.7071038 4.21465e-6 -0.7071098 0.7071068 -2.10732e-6 -0.7071068 1 0 0 -0.7071038 2.10731e-6 0.7071098 0.7071038 -4.21465e-6 0.7071098 0 -1 0 0 -1 0 -1 1.49012e-6 0 -1 1.49012e-6 0 -0.7071039 6.32201e-6 -0.7071098 0.7071068 -2.10733e-6 -0.7071068 0 0 -1 -0.7071038 2.10732e-6 -0.7071098 0 -7.45059e-7 -1 -0.7071098 2.10734e-6 0.7071038 0 -1 0 0 -1 0 0.7071046 0 0.707109 0.7071089 0 -0.7071046 0 -1 0 0 -1 0 0 -1 0 0.7071038 -4.21465e-6 -0.7071098 0 7.45063e-7 1 0.7071036 -1.05367e-6 0.7071099 -1 0 1.43899e-6 0 0 -1 9.20419e-6 -1 -1.10885e-5 1.33239e-6 -1 1.43494e-5 0.7071053 -6.32202e-6 -0.7071083 0 -1 0 1 -4.47035e-6 0 0 7.45059e-7 1 -0.7071039 0 -0.7071098 0 -1 0 0.7071076 -5.2684e-7 -0.7071061 -0.7071098 6.32206e-6 0.7071039 -0.7071039 0 0.7071098 0 -1 0 1 0 0 -1 0 1.86265e-7 0 -1 0 0 1 0 1 0 0 0 -1.86265e-7 1 0 1.86265e-7 -1 -1 0 0 0 0 1 1 0 0 1 0 0 -1 0 0 0 -1 0 0 -1 0 0 -1 2.98024e-6 -2.23517e-6 -1 0 0 1 0 -1.49012e-7 1 0 0 1 0 0 1 0 0 0 1 0 7.45056e-7 -1 0.7071058 0 0.7071079 0.7071071 5.26836e-7 -0.7071065 1 0 0 -1 0 0 -0.7071068 0 0.7071068 -0.7071081 5.26833e-7 -0.7071055 0.7071038 -2.10731e-6 -0.7071098 3.43874e-6 1 0 2.29249e-6 1 0 2.29249e-6 1 0 -6.66196e-7 1 4.91542e-6 0 1 1.14624e-6 -3.12836e-7 1 3.52417e-6 -1.14624e-6 1 0 -1.14624e-6 1 0 0 1 0 0 1 -2.2925e-6 0 1 -1.14625e-6 0 1 -1.14625e-6 0 0 1 -1.33239e-6 1 1.43494e-5 0 1 0 5.96014e-7 1 -1.43898e-6 -1.05369e-5 1 1.05369e-5 -1.33239e-6 1 -5.51887e-7 0.7071065 0 0.7071071 1 0 0 -0.7071068 2.10732e-6 -0.7071068 -0.7071038 4.21465e-6 -0.7071098 0.7071084 1.05368e-6 -0.7071052 0 0 -1 0.7071038 -4.21465e-6 -0.7071098 0 1 0 0 1 0 1 1.49012e-6 7.19495e-7 0.7071073 -1.05368e-6 0.7071064 0 7.45065e-7 -1 0.7071064 0 -0.7071072 0.7071098 -4.21468e-6 0.7071038 0 1 0 0 1 0 -0.7071063 0 -0.7071073 0 1 0 0.7071098 -6.32206e-6 0.7071039 -0.7071053 6.32202e-6 -0.7071083 0.7071039 -6.32201e-6 -0.7071098 0 1 0 -0.7071113 6.32207e-6 0.7071024 0 1 0 -1.05366e-5 1 -1.05366e-5 -1 4.47037e-6 0 -0.7071053 6.32202e-6 -0.7071083 -0.7071053 0 0.7071083 -0.7071053 0 -0.7071083 0.7071039 -6.32201e-6 -0.7071098 -0.7071053 6.32202e-6 0.7071083 0.7071098 0 0.7071039 -0.7071053 0 -0.7071083 -0.7071113 0 0.7071024 -0.7071087 1.05368e-6 -0.7071048 0 0 1 -0.7071052 1.05367e-6 0.7071084 0 1 0 0.7071039 0 -0.7071098 0.7071054 0 -0.7071081 4.03391e-7 1 6.14125e-7 -1.43898e-6 1 -5.96048e-7 -4.21468e-7 1 -4.21469e-7 -2.03504e-6 1 0 -1.43898e-6 1 3.47403e-6 -2.10734e-7 1 -1.22825e-6 0 1 0 0 1 0 0 1 0 0 1 0 0 1 0 0 1 0 -2.10734e-7 1 2.10735e-7 -1.43898e-6 1 -1.01752e-6 1.01751e-6 1 0 -1.43898e-6 1 2.45649e-6 -2.98023e-7 1 -2.98021e-7 -7.19493e-7 1 7.19496e-7 0 1 0 -7.19492e-7 1 7.19495e-7 0 1 0 -3.59746e-7 1 -1.49012e-7 0.7071059 -1.05367e-6 0.7071076 -1 0 0 -0.7071068 0 0.7071068 -0.7071069 1.30118e-7 0.7071067 -0.7071081 0 -0.7071055 0 0 1 0 0 -1 -0.7071076 0 0.7071059 -0.7071061 -4.35632e-6 0.7071074 -1 0 0 0 0 1 -0.7071061 0 -0.7071075 0.7071039 0 -0.7071098 0 1 0 -0.7071113 0 0.7071024 0.7071039 -6.32201e-6 0.7071098 -0.7071053 6.32202e-6 -0.7071083 0.7071039 -6.32201e-6 -0.7071098 -0.7071053 0 -0.7071083 0.7071098 0 0.7071039 -0.7071059 1.05367e-6 -0.7071077 0.7071038 -4.21465e-6 0.7071098 0 1 0 0 1 0 0 0 -1 -1.33239e-6 1 -5.51887e-7 0.7071038 -2.10731e-6 -0.7071098 0.7071073 -1.05368e-6 0.7071063 0 1 0 0 0 1 -0.7071082 0 0.7071054 0.7071061 0 0.7071074 0 1 0 1 0 1.43898e-6 -0.7071071 3.16103e-6 0.7071065 0.7071048 0 -0.7071088 0.7071039 -2.9927e-6 -0.7071098 1 1.49011e-6 7.19489e-7 0.7071059 0 0.7071077 0.7071055 1.05367e-6 -0.707108 0 0 -1 0 1 0 0.7071079 0 0.7071058 0 0 1 1 0 0 -1.33239e-6 1 -5.51897e-7 0 1 0 0 1 0 -1.33239e-6 1 -5.51914e-7 0 1 0 0 1 0 0 1 0 0.7071038 -4.21465e-6 0.7071098 -0.7071038 4.21465e-6 -0.7071098 0 1 0 0.7071038 -4.21465e-6 -0.7071098 0.7071039 0 0.7071098 -0.7071053 0 -0.7071083 0.7071039 0 -0.7071098 0 1 0 -0.7071058 3.16101e-6 0.7071077 -0.7071053 0 0.7071083 -0.7071053 6.32202e-6 0.7071083 0 1 0 0.7071098 0 -0.7071039 0.7071083 -4.35631e-6 -0.7071053 0.7071074 -5.26839e-7 0.7071061 0.7071059 -1.05367e-6 -0.7071077 -0.7071098 4.21468e-6 0.7071038 0 1 0 -0.7071038 4.21465e-6 -0.7071098 0.7071038 -4.21465e-6 -0.7071098 0.7071038 -2.10732e-6 0.7071098 -0.7071068 2.10733e-6 -0.7071068 0.7071038 -2.10732e-6 -0.7071098 0 1 0 -0.7071068 2.10733e-6 0.7071068 0.7071098 -4.21468e-6 0.7071038 0 1 0 0.7071039 -6.32201e-6 0.7071098 0.7071033 -1.05367e-6 -0.7071103 -1 0 0 -0.7071068 2.10732e-6 0.7071068 -0.7071038 4.21465e-6 0.7071098 0 1 0 -0.7071113 6.32207e-6 0.7071024 -1 1.49012e-6 0 0.7071098 -2.10733e-6 0.7071038 -0.7071082 -8.42936e-6 -0.7071054 0 1 0 -1 1.49012e-6 0 -0.7071127 2.10735e-6 0.7071008 -0.7071127 2.10734e-6 0.7071008 -0.7071098 4.21468e-6 0.7071038 0.7071038 -4.21465e-6 -0.7071098 -0.7071068 2.10732e-6 -0.7071068 -1 0 0 0.7071038 -2.10731e-6 0.7071098 -0.7071038 4.21465e-6 0.7071098 0 1 0 0 1 0 1 -1.49012e-6 0 1 -1.49012e-6 0 0.7071039 -6.32201e-6 -0.7071098 -0.7071068 2.10733e-6 -0.7071068 0 0 -1 0.7071038 -2.10732e-6 -0.7071098 0 7.45059e-7 -1 0.7071098 -2.10734e-6 0.7071038 0 1 0 0 1 0 -0.7071046 0 0.707109 -0.7071089 0 -0.7071046 0 1 0 0 1 0 0 1 0 -0.7071038 4.21465e-6 -0.7071098 0 -7.45063e-7 1 -0.7071036 1.05367e-6 0.7071099 1 0 1.43899e-6 0 0 -1 -9.20419e-6 1 -1.10885e-5 -1.33239e-6 1 1.43494e-5 -0.7071053 6.32202e-6 -0.7071083 0 1 0 -1 4.47035e-6 0 0 -7.45059e-7 1 0.7071039 0 -0.7071098 0 1 0 -0.7071076 5.2684e-7 -0.7071061 0.7071098 -6.32206e-6 0.7071039 0.7071039 0 0.7071098 0 1 0 -1 0 0 0 0 -1 0 0 1</float_array>
          <technique_common>
            <accessor source="#Cube-mesh-normals-array" count="1428" stride="3">
              <param name="X" type="float"/>
              <param name="Y" type="float"/>
              <param name="Z" type="float"/>
            </accessor>
          </technique_common>
        </source>
        <source id="Cube-mesh-map-0">
          <float_array id="Cube-mesh-map-0-array" count="8568">0 0 0 0 0 0 0 0 0 0 0 0 0 0 0 0 0 0 0 0 0 0 0 0 0 0 0 0 0 0 0 0 0 0 0 0 0 0 0 0 0 0 0 0 0 0 0 0 0 0 0 0 0 0 0 0 0 0 0 0 0 0 0 0 0 0 0 0 0 0 0 0 0 0 0 0 0 0 0 0 0 0 0 0 0 0 0 0 0 0 0 0 0 0 0 0 0 0 0 0 0 0 0 0 0 0 0 0 0 0 0 0 0 0 0 0 0 0 0 0 0 0 0 0 0 0 0 0 0 0 0 0 0 0 0 0 0 0 0 0 0 0 0 0 0 0 0 0 0 0 0 0 0 0 0 0 0 0 0 0 0 0 0 0 0 0 0 0 0 0 0 0 0 0 0 0 0 0 0 0 0 0 0 0 0 0 0 0 0 0 0 0 0 0 0 0 0 0 0 0 0 0 0 0 0 0 0 0 0 0 0 0 0 0 0 0 0 0 0 0 0 0 0 0 0 0 0 0 0 0 0 0 0 0 0 0 0 0 0 0 0 0 0 0 0 0 0 0 0 0 0 0 0 0 0 0 0 0 0 0 0 0 0 0 0 0 0 0 0 0 0 0 0 0 0 0 0 0 0 0 0 0 0 0 0 0 0 0 0.375 0.75 0.625 1 0.375 1 0.625 0.9999978 0.4649763 0.6148692 0 0 0.25 1 0 0 0.375 1 0.5 1 0 0 0 0 0.4649762 0.6351307 0.25 1 0 0 0.5 0.9999993 0 0 0.625 0.9999993 0.8750005 1 0.5911765 0.6211084 0 0 0 0.9999985 0 0 0.125 1 0 0 0 0 0.875 0.9999978 0.5 1 0.375 0.5 0.375 0.9999985 0 0 0 0 0 0 0 0 0 0 0 0 0 0 0 0 0 0 0 0 0 0 0 0 0 0 0 0 0 0 0.625 1 0.5 0.5 0.5 0.9999985 0.75 0.5 0.625 0.9999985 0.75 1 0.375 0.5 0.125 0.75 0.125 0.5 0.375 0.5 0.125 0.75 0.125 0.5 0.25 1 0.375 0.5 0.375 0.9999985 0.375 0.5 0.5 0.9999985 0.375 1 0.375 0.75 0.625 1 0.375 1 0 0 0 0 0 0 0 0 0 0 0 0 0.125 0.5 0.25 0.9999985 0.125 1 0 1 0.125 0.5 0.125 0.9999985 0.8750005 1 1 0.5 0.875 0.5 0.875 0.5 0.75 0.9999985 0.875 1 0.625 0.5 0.875 0.75 0.625 0.75 0.875 0.5 0.75 0.5 0.875 0.5 0.375 0.5 0.625 0.75 0.375 0.75 0.125 0.5 0 0.9999985 0.125 1 0.5350239 0.6148692 0.5117647 0.6174536 0.4649763 0.6148692 0.5117648 0.6325463 0.4882354 0.6325463 0.4882354 0.6288915 0.5117647 0.6174536 0.4882354 0.6174536 0.4649763 0.6148692 0.5679175 0.6263071 0.5350239 0.6263071 0.5679174 0.6236928 0.4088236 0.6211084 0.4320828 0.6236928 0.4320828 0.6263071 0.5911765 0.6288915 0.5679175 0.6263071 0.5911765 0.6211084 0.4088236 0.6211084 0.4320828 0.6263071 0.4088236 0.6288915 0.5679175 0.6263071 0.5679174 0.6236928 0.5911765 0.6211084 0.4649763 0.6263072 0.4320828 0.6263071 0.4649761 0.6236928 0.5350239 0.6263071 0.5117648 0.6288915 0.4766058 0.6275993 0.4766058 0.6275993 0.4649763 0.6263072 0.4649761 0.6236928 0.5350239 0.6263071 0.5350239 0.6236928 0.5679174 0.6236928 0.5117648 0.6288915 0.4882354 0.6288915 0.4766058 0.6275993 0.4320828 0.6263071 0.4320828 0.6236928 0.4649761 0.6236928 0.5233942 0.6224005 0.5350239 0.6236928 0.5350239 0.6263071 0.4649761 0.6236928 0.5233942 0.6224005 0.4766058 0.6275993 0.4766058 0.6275993 0.5233942 0.6224005 0.5350239 0.6263071 0.4649761 0.6236928 0.4882354 0.6211084 0.5233942 0.6224005 0.875 0.5 0.75 0.5 0.875 0.5 0.625 0.5 0.875 0.75 0.625 0.75 0.375 0.5 0.125 0.75 0.125 0.5 0.375 0.75 0.625 1 0.375 1 0.375 0.5 0.625 0.75 0.375 0.75 0.625 0.25 0.375 0.5 0.375 0.25 0 0 0 0 0 0 0 0 0 0 0 0 0.25 0.5 0.125 0.9999985 0.25 1 0.375 0.5 0.125 0.75 0.125 0.5 0.625 0.25 0.375 0.5 0.375 0.25 0.375 0.5 0.125 0.75 0.125 0.5 0.375 0.75 0.625 1 0.375 1 0.625 0.25 0.375 0.5 0.375 0.25 0.875 0.5 0.625 0.75 0.625 0.5 0.375 0.5 0.125 0.75 0.125 0.5 0.625 0.25 0.375 0.5 0.375 0.25 0.5 0.5 0.625 0.9999978 0.5 1 0.875 1 1 0.5 1 0.9999985 0.75 1 0.875 0.5 0.875 0.9999985 0.375 0.5 0.625 0.75 0.375 0.75 0.625 0.75 0.375 1 0.375 0.75 0.25 0.5 0.375 0.9999993 0.25 1 0.4649762 0.6351307 0.4882354 0.6325463 0.5350239 0.6351307 0.4882354 0.6211084 0.4882354 0.6174536 0.5117648 0.6211084 0.4882354 0.6174536 0.5117647 0.6174536 0.5117648 0.6211084 0.4882354 0.6211084 0.5117648 0.6211084 0.5233942 0.6224005 0.4882354 0.6325463 0.5117648 0.6325463 0.5350239 0.6351307 0.4637579 0.6348039 0.4333011 0.6348039 0.4745261 0.6278304 0.5117648 0.6325463 0.4882354 0.6288915 0.5117648 0.6288915 0.5666991 0.6233659 0.5362423 0.623366 0.525474 0.6221695 0.5362423 0.626634 0.5666992 0.626634 0.5362423 0.6348039 0.4852942 0.6209731 0.433301 0.6233659 0.4117648 0.6175889 0.625 1 0.5 0.5 0.5 0.9999985 0.25 0.5 0.125 0.9999978 0.25 1 0.25 0.5 0.25 0.9999985 0.3125002 1 0.125 0.5 0 0.9999978 0.125 1 0.375 0.5 0.5 1 0.5 0.5 0.375 0.5 0.5 0.9999993 0.375 1 0.875 0.5 0.875 0.9999985 0.8124998 1 0.625 0.5 0.75 0.9999993 0.625 1 0.875 1 1 0.5 1 0.9999993 0.5 0.5 0.625 0.9999993 0.5 1 0.625 0.75 0.375 1 0.375 0.75 0.375 0.5 0.625 0.75 0.375 0.75 0.625 0.25 0.375 0.5 0.375 0.25 0.625 0.5 0.875 0.75 0.625 0.75 0.375 0.5 0.125 0.75 0.125 0.5 0.375 0.75 0.625 1 0.375 1 0.375 0.5 0.125 0.75 0.125 0.5 0.875 0.5 0.625 0.75 0.625 0.5 0.5 0.5 0.625 0.9999993 0.5 1 0.625 0.5 0.875 0.75 0.625 0.75 0.625 0.5 0.375 0.75 0.375 0.5 0 0 0 0 0 0 0.375 0.5 0.5 0.9999993 0.375 1 0 0 0 0 0 0 0.375 0.75 0.625 1 0.375 1 0.625 1 0.5 0.5 0.5 0.9999993 0 0 0 0 0 0 0.375 0.5 0.5 1 0.5 0.5 0.25 0.5 0.375 1 0.375 0.5 0 1 0.125 0.5 0.125 0.9999993 0 0 0 0 0 0 0.125 0.5 0.25 0.9999993 0.125 1 0.25 0.5 0.375 1 0.375 0.5 0.75 0.5 0.75 0.9999993 0.8124997 1 0.125 0.5 0.25 1 0.125 1 0 1 0.125 0.5 0.125 1 0.25 1 0.375 0.5 0.375 0.9999985 1 0.5 0.875 0.9999985 1 1 0 0 0 0 0 0 0.625 0.5 0.5 0.9999993 0.625 1 0.375 0.5 0.5 1 0.5 0.5 0.75 0.5 0.625 0.9999993 0.75 1 0 0 0 0 0 0 0 0 0 0 0 0 0 0 0 0 0 0 0 0 0 0 0 0 0 0 0 0 0 0 0 0 0 0 0 0 0.625 0.5 0.375 0.75 0.375 0.5 0.625 0.5 0.875 0.75 0.625 0.75 0.375 0.5 0.125 0.75 0.125 0.5 0.875 0.5 0.75 0.5 0.75 0.5 0.375 0.75 0.625 1 0.375 1 0.875 0.5 0.625 0.75 0.625 0.5 0.375 0.5 0.125 0.75 0.125 0.5 0.625 0.75 0.375 1 0.375 0.75 0.625 0.5 0.375 0.75 0.375 0.5 0.25 0.5 0.375 1 0.375 0.5 0.625 0.25 0.375 0.5 0.375 0.25 0.625 0.25 0.375 0.5 0.375 0.25 0.625 0.5 0.375 0.75 0.375 0.5 0.375 0.5 0.375 0.9999985 0.3125002 1 0 1 0.125 0.5 0.125 0.9999978 0.875 0.5 0.75 0.9999978 0.875 1 0.625 0.25 0.375 0.5 0.375 0.25 0.375 0.5 0.625 0.75 0.375 0.75 0.375 0.5 0.125 0.75 0.125 0.5 0.375 0.75 0.625 1 0.375 1 0.625 0.5 0.875 0.75 0.625 0.75 0.375 0.5 0.125 0.75 0.125 0.5 0.375 0.75 0.625 1 0.375 1 0.625 0.5 0.375 0.75 0.375 0.5 0.625 0.25 0.375 0.5 0.375 0.25 0.625 0.5 0.875 0.75 0.625 0.75 0 0 0 0 0 0 0.625 0.5 0.875 0.75 0.625 0.75 0.875 0.5 0.75 0.9999993 0.875 1 0.625 0.5 0.75 0.9999985 0.625 1 0.625 0.25 0.375 0.5 0.375 0.25 0.625 0.25 0.375 0.5 0.375 0.25 0.625 0.5 0.375 0.75 0.375 0.5 0.625 0.25 0.375 0.5 0.375 0.25 0.625 0.5 0.75 0.9999993 0.625 1 0.625 0.5 0.875 0.75 0.625 0.75 3.33098e-7 1 0.125 0.5 0 0.5 0 0 0 0 0 0 0.625 0.5 0.75 0.9999978 0.625 1 0.625 0.25 0.375 0.5 0.375 0.25 0.625 0.25 0.375 0.5 0.375 0.25 0.625 0.25 0.375 0.5 0.375 0.25 0.375 0.75 0.625 1 0.375 1 0.375 0.5 0.125 0.75 0.125 0.5 0.1250002 1 0.25 0.5 0.125 0.5 0.625 0.5 0.875 0.75 0.625 0.75 0.625 0.25 0.375 0.5 0.375 0.25 0.875 0.5 0.75 0.5 0.75 0.5 0.625 0.5 0.375 0.75 0.375 0.5 0.75 0.5 0.625 0.9999993 0.75 1 0.75 0.5 0.625 0.9999978 0.75 1 0.375 0.75 0.625 1 0.375 1 0.375 0.5 0.125 0.75 0.125 0.5 1 0.5 0.875 0.9999985 1 1 0.375 0.75 0.625 1 0.375 1 1 0.5 0.875 0.9999978 1 1 0.625 0.5 0.875 0.75 0.625 0.75 0.625 0.5 0.375 0.75 0.375 0.5 0.375 0.5 0.625 0.75 0.375 0.75 0.75 0.5 0.875 0.9999985 0.75 1 0.5 0.5 0.625 0.9999985 0.5 1 0 0 0 0 0 0 0 0 0 0 0 0 0.625 0.5 0.375 0.75 0.375 0.5 0.375 0.5 0.125 0.75 0.125 0.5 0.875 1 1 0.5 1 0.9999985 0.75 1 0.875 0.5 0.875 0.9999978 0.125 0.5 0.25 0.9999985 0.125 1 0.375 0.5 0.5 0.9999985 0.375 1 0 0 0 0 0 0 0 0 0 0 0 0 0.375 0.5 0.125 0.75 0.125 0.5 0 0 0 0 0 0 0.1250003 1 0.25 0.5 0.125 0.5 0.875 1 1 0.5 1 0.9999978 0.625 0.75 0.375 1 0.375 0.75 0 0 0 0 0 0 0.125 0.5 0 0.9999985 0.125 1 0.625 0.5 0.875 0.75 0.625 0.75 0.875 0.5 0.625 0.75 0.625 0.5 0.625 0.5 0.375 0.75 0.375 0.5 0.375 0.75 0.625 1 0.375 1 0.625 0.9999978 0.4649763 0.6148692 0 0 0.25 1 0 0 0.375 1 0.5 1 0 0 0 0 0.4649762 0.6351307 0.25 1 0 0 0.5 0.9999993 0 0 0.625 0.9999993 0.8750005 1 0.5911765 0.6211084 0 0 0 0.9999985 0 0 0.125 1 0 0 0 0 0.875 0.9999978 0.5 1 0.375 0.5 0.375 0.9999985 0 0 0 0 0 0 0 0 0 0 0 0 0 0 0 0 0 0 0 0 0 0 0 0 0 0 0 0 0 0 0.625 1 0.5 0.5 0.5 0.9999985 0.75 0.5 0.625 0.9999985 0.75 1 0.375 0.5 0.125 0.75 0.125 0.5 0.375 0.5 0.125 0.75 0.125 0.5 0.25 1 0.375 0.5 0.375 0.9999985 0.375 0.5 0.5 0.9999985 0.375 1 0.375 0.75 0.625 1 0.375 1 0 0 0 0 0 0 0 0 0 0 0 0 0.125 0.5 0.25 0.9999985 0.125 1 0 0.5 0.125 0.9999985 0 1 0.8750005 1 1 0.5 0.875 0.5 0.875 0.5 0.75 0.9999985 0.875 1 0.625 0.5 0.875 0.75 0.625 0.75 0.875 0.5 0.75 0.5 0.875 0.5 0.375 0.5 0.625 0.75 0.375 0.75 0.125 0.5 0 0.9999985 0.125 1 0.5350239 0.6148692 0.5117647 0.6174536 0.4649763 0.6148692 0.5117648 0.6325463 0.4882354 0.6325463 0.4882354 0.6288915 0.5117647 0.6174536 0.4882354 0.6174536 0.4649763 0.6148692 0.5679175 0.6263071 0.5350239 0.6263071 0.5679174 0.6236928 0.4088236 0.6211084 0.4320828 0.6236928 0.4320828 0.6263071 0.5911765 0.6288915 0.5679175 0.6263071 0.5911765 0.6211084 0.4088236 0.6211084 0.4320828 0.6263071 0.4088236 0.6288915 0.5679175 0.6263071 0.5679174 0.6236928 0.5911765 0.6211084 0.4649763 0.6263072 0.4320828 0.6263071 0.4649761 0.6236928 0.5350239 0.6263071 0.5117648 0.6288915 0.4766058 0.6275993 0.4766058 0.6275993 0.4649763 0.6263072 0.4649761 0.6236928 0.5350239 0.6263071 0.5350239 0.6236928 0.5679174 0.6236928 0.5117648 0.6288915 0.4882354 0.6288915 0.4766058 0.6275993 0.4320828 0.6263071 0.4320828 0.6236928 0.4649761 0.6236928 0.5233942 0.6224005 0.5350239 0.6236928 0.5350239 0.6263071 0.4649761 0.6236928 0.5233942 0.6224005 0.4766058 0.6275993 0.4766058 0.6275993 0.5233942 0.6224005 0.5350239 0.6263071 0.4649761 0.6236928 0.4882354 0.6211084 0.5233942 0.6224005 0.875 0.5 0.75 0.5 0.875 0.5 0.625 0.5 0.875 0.75 0.625 0.75 0.375 0.5 0.125 0.75 0.125 0.5 0.375 0.75 0.625 1 0.375 1 0.375 0.5 0.625 0.75 0.375 0.75 0.625 0.25 0.375 0.5 0.375 0.25 0 0 0 0 0 0 0 0 0 0 0 0 0.25 0.5 0.125 0.9999985 0.25 1 0.375 0.5 0.125 0.75 0.125 0.5 0.625 0.25 0.375 0.5 0.375 0.25 0.375 0.5 0.125 0.75 0.125 0.5 0.375 0.75 0.625 1 0.375 1 0.625 0.25 0.375 0.5 0.375 0.25 0.875 0.5 0.625 0.75 0.625 0.5 0.375 0.5 0.125 0.75 0.125 0.5 0.625 0.25 0.375 0.5 0.375 0.25 0.5 0.5 0.625 0.9999978 0.5 1 0.875 1 1 0.5 1 0.9999985 0.75 1 0.875 0.5 0.875 0.9999985 0.375 0.5 0.625 0.75 0.375 0.75 0.625 0.75 0.375 1 0.375 0.75 0.25 0.5 0.375 0.9999993 0.25 1 0.4649762 0.6351307 0.4882354 0.6325463 0.5350239 0.6351307 0.4882354 0.6211084 0.4882354 0.6174536 0.5117648 0.6211084 0.4882354 0.6174536 0.5117647 0.6174536 0.5117648 0.6211084 0.4882354 0.6211084 0.5117648 0.6211084 0.5233942 0.6224005 0.4882354 0.6325463 0.5117648 0.6325463 0.5350239 0.6351307 0.4637579 0.6348039 0.4333011 0.6348039 0.4745261 0.6278304 0.5117648 0.6325463 0.4882354 0.6288915 0.5117648 0.6288915 0.5666991 0.6233659 0.5362423 0.623366 0.525474 0.6221695 0.5362423 0.626634 0.5666992 0.626634 0.5362423 0.6348039 0.4852942 0.6209731 0.433301 0.6233659 0.4117648 0.6175889 0.625 1 0.5 0.5 0.5 0.9999985 0.25 0.5 0.125 0.9999978 0.25 1 0.25 0.5 0.25 0.9999985 0.3125002 1 0.125 1 0 0.5 0 0.9999978 0.375 0.5 0.5 1 0.5 0.5 0.375 0.5 0.5 0.9999993 0.375 1 0.875 0.5 0.875 0.9999985 0.8124998 1 0.625 0.5 0.75 0.9999993 0.625 1 0.875 1 1 0.5 1 0.9999993 0.5 0.5 0.625 0.9999993 0.5 1 0.625 0.75 0.375 1 0.375 0.75 0.375 0.5 0.625 0.75 0.375 0.75 0.625 0.25 0.375 0.5 0.375 0.25 0.625 0.5 0.875 0.75 0.625 0.75 0.375 0.5 0.125 0.75 0.125 0.5 0.375 0.75 0.625 1 0.375 1 0.375 0.5 0.125 0.75 0.125 0.5 0.875 0.5 0.625 0.75 0.625 0.5 0.5 0.5 0.625 0.9999993 0.5 1 0.625 0.5 0.875 0.75 0.625 0.75 0.625 0.5 0.375 0.75 0.375 0.5 0 0 0 0 0 0 0.375 0.5 0.5 0.9999993 0.375 1 0 0 0 0 0 0 0.375 0.75 0.625 1 0.375 1 0.625 1 0.5 0.5 0.5 0.9999993 0 0 0 0 0 0 0.375 0.5 0.5 1 0.5 0.5 0.25 0.5 0.375 1 0.375 0.5 0 1 0.125 0.5 0.125 0.9999993 0 0 0 0 0 0 0.125 0.5 0.25 0.9999993 0.125 1 0.25 0.5 0.375 1 0.375 0.5 0.75 0.5 0.75 0.9999993 0.8124997 1 0.125 0.5 0.25 1 0.125 1 0 1 0.125 0.5 0.125 1 0.25 1 0.375 0.5 0.375 0.9999985 1 0.5 0.875 0.9999985 1 1 0 0 0 0 0 0 0.625 0.5 0.5 0.9999993 0.625 1 0.375 0.5 0.5 1 0.5 0.5 0.75 0.5 0.625 0.9999993 0.75 1 0 0 0 0 0 0 0 0 0 0 0 0 0 0 0 0 0 0 0 0 0 0 0 0 0 0 0 0 0 0 0 0 0 0 0 0 0.625 0.5 0.375 0.75 0.375 0.5 0.625 0.5 0.875 0.75 0.625 0.75 0.375 0.5 0.125 0.75 0.125 0.5 0.875 0.5 0.75 0.5 0.75 0.5 0.375 0.75 0.625 1 0.375 1 0.875 0.5 0.625 0.75 0.625 0.5 0.375 0.5 0.125 0.75 0.125 0.5 0.625 0.75 0.375 1 0.375 0.75 0.625 0.5 0.375 0.75 0.375 0.5 0.25 0.5 0.375 1 0.375 0.5 0.625 0.25 0.375 0.5 0.375 0.25 0.625 0.25 0.375 0.5 0.375 0.25 0.625 0.5 0.375 0.75 0.375 0.5 0.375 0.5 0.375 0.9999985 0.3125002 1 0 1 0.125 0.5 0.125 0.9999978 0.875 0.5 0.75 0.9999978 0.875 1 0.625 0.25 0.375 0.5 0.375 0.25 0.375 0.5 0.625 0.75 0.375 0.75 0.375 0.5 0.125 0.75 0.125 0.5 0.375 0.75 0.625 1 0.375 1 0.625 0.5 0.875 0.75 0.625 0.75 0.375 0.5 0.125 0.75 0.125 0.5 0.375 0.75 0.625 1 0.375 1 0.625 0.5 0.375 0.75 0.375 0.5 0.625 0.25 0.375 0.5 0.375 0.25 0.625 0.5 0.875 0.75 0.625 0.75 0 0 0 0 0 0 0.625 0.5 0.875 0.75 0.625 0.75 0.875 0.5 0.75 0.9999993 0.875 1 0.625 0.5 0.75 0.9999985 0.625 1 0.625 0.25 0.375 0.5 0.375 0.25 0.625 0.25 0.375 0.5 0.375 0.25 0.625 0.5 0.375 0.75 0.375 0.5 0.625 0.25 0.375 0.5 0.375 0.25 0.625 0.5 0.75 0.9999993 0.625 1 0.625 0.5 0.875 0.75 0.625 0.75 3.33098e-7 1 0.125 0.5 0 0.5 0 0 0 0 0 0 0.625 0.5 0.75 0.9999978 0.625 1 0.625 0.25 0.375 0.5 0.375 0.25 0.625 0.25 0.375 0.5 0.375 0.25 0.625 0.25 0.375 0.5 0.375 0.25 0.375 0.75 0.625 1 0.375 1 0.375 0.5 0.125 0.75 0.125 0.5 0.1250002 1 0.25 0.5 0.125 0.5 0.625 0.5 0.875 0.75 0.625 0.75 0.625 0.25 0.375 0.5 0.375 0.25 0.875 0.5 0.75 0.5 0.75 0.5 0.625 0.5 0.375 0.75 0.375 0.5 0.75 0.5 0.625 0.9999993 0.75 1 0.75 0.5 0.625 0.9999978 0.75 1 0.375 0.75 0.625 1 0.375 1 0.375 0.5 0.125 0.75 0.125 0.5 1 0.5 0.875 0.9999985 1 1 0.375 0.75 0.625 1 0.375 1 1 0.5 0.875 0.9999978 1 1 0.625 0.5 0.875 0.75 0.625 0.75 0.625 0.5 0.375 0.75 0.375 0.5 0.375 0.5 0.625 0.75 0.375 0.75 0.75 1 0.875 0.5 0.875 0.9999985 0.5 0.5 0.625 0.9999985 0.5 1 0 0 0 0 0 0 0 0 0 0 0 0 0.625 0.5 0.375 0.75 0.375 0.5 0.375 0.5 0.125 0.75 0.125 0.5 0.875 1 1 0.5 1 0.9999985 0.75 1 0.875 0.5 0.875 0.9999978 0.125 0.5 0.25 0.9999985 0.125 1 0.375 0.5 0.5 0.9999985 0.375 1 0 0 0 0 0 0 0 0 0 0 0 0 0.375 0.5 0.125 0.75 0.125 0.5 0 0 0 0 0 0 0.1250003 1 0.25 0.5 0.125 0.5 0.875 1 1 0.5 1 0.9999978 0.625 0.75 0.375 1 0.375 0.75 0 0 0 0 0 0 0.125 0.5 0 0.9999985 0.125 1 0.625 0.5 0.875 0.75 0.625 0.75 0.875 0.5 0.625 0.75 0.625 0.5 0.625 0.5 0.375 0.75 0.375 0.5 0 0 0 0 0 0 0 0 0 0 0 0 0 0 0 0 0 0 0 0 0 0 0 0 0 0 0 0 0 0 0 0 0 0 0 0 0 0 0 0 0 0 0 0 0 0 0 0 0 0 0 0 0 0 0 0 0 0 0 0 0 0 0 0 0 0 0 0 0 0 0 0 0 0 0 0 0 0 0 0 0 0 0 0 0 0 0 0 0 0 0 0 0 0 0 0 0 0 0 0 0 0 0 0 0 0 0 0 0 0 0 0 0 0 0 0 0 0 0 0 0 0 0 0 0 0 0 0 0 0 0 0 0 0 0 0 0 0 0 0 0 0 0 0 0 0 0 0 0 0 0 0 0 0 0 0 0 0 0 0 0 0 0 0 0 0 0 0 0 0 0 0 0 0 0 0 0 0 0 0 0 0 0 0 0 0 0 0 0 0 0 0 0 0 0 0 0 0 0 0 0 0 0 0 0 0 0 0 0 0 0 0 0 0 0 0 0.375 0.75 0.625 1 0.375 1 0.625 0.9999978 0.4649763 0.6148692 0 0 0.25 1 0 0 0.375 1 0.5 1 0 0 0 0 0.4649762 0.6351307 0.25 1 0 0 0.5 0.9999993 0 0 0.625 0.9999993 0.8750005 1 0.5911765 0.6211084 0 0 0 0.9999985 0 0 0.125 1 0 0 0 0 0.875 0.9999978 0.5 1 0.375 0.5 0.375 0.9999985 0 0 0 0 0 0 0 0 0 0 0 0 0 0 0 0 0 0 0 0 0 0 0 0 0 0 0 0 0 0 0.625 1 0.5 0.5 0.5 0.9999985 0.75 0.5 0.625 0.9999985 0.75 1 0.375 0.5 0.125 0.75 0.125 0.5 0.375 0.5 0.125 0.75 0.125 0.5 0.25 1 0.375 0.5 0.375 0.9999985 0.375 0.5 0.5 0.9999985 0.375 1 0.375 0.75 0.625 1 0.375 1 0 0 0 0 0 0 0 0 0 0 0 0 0.125 0.5 0.25 0.9999985 0.125 1 0 0.5 0.125 0.9999985 0 1 0.8750005 1 1 0.5 0.875 0.5 0.875 0.5 0.75 0.9999985 0.875 1 0.625 0.5 0.875 0.75 0.625 0.75 0.875 0.5 0.75 0.5 0.875 0.5 0.375 0.5 0.625 0.75 0.375 0.75 0.125 0.5 0 0.9999985 0.125 1 0.5350239 0.6148692 0.5117647 0.6174536 0.4649763 0.6148692 0.5117648 0.6325463 0.4882354 0.6325463 0.4882354 0.6288915 0.5117647 0.6174536 0.4882354 0.6174536 0.4649763 0.6148692 0.5679175 0.6263071 0.5350239 0.6263071 0.5679174 0.6236928 0.4088236 0.6211084 0.4320828 0.6236928 0.4320828 0.6263071 0.5911765 0.6288915 0.5679175 0.6263071 0.5911765 0.6211084 0.4088236 0.6211084 0.4320828 0.6263071 0.4088236 0.6288915 0.5679175 0.6263071 0.5679174 0.6236928 0.5911765 0.6211084 0.4649763 0.6263072 0.4320828 0.6263071 0.4649761 0.6236928 0.5350239 0.6263071 0.5117648 0.6288915 0.4766058 0.6275993 0.4766058 0.6275993 0.4649763 0.6263072 0.4649761 0.6236928 0.5350239 0.6263071 0.5350239 0.6236928 0.5679174 0.6236928 0.5117648 0.6288915 0.4882354 0.6288915 0.4766058 0.6275993 0.4320828 0.6263071 0.4320828 0.6236928 0.4649761 0.6236928 0.5233942 0.6224005 0.5350239 0.6236928 0.5350239 0.6263071 0.4649761 0.6236928 0.5233942 0.6224005 0.4766058 0.6275993 0.4766058 0.6275993 0.5233942 0.6224005 0.5350239 0.6263071 0.4649761 0.6236928 0.4882354 0.6211084 0.5233942 0.6224005 0.875 0.5 0.75 0.5 0.875 0.5 0.625 0.5 0.875 0.75 0.625 0.75 0.375 0.5 0.125 0.75 0.125 0.5 0.375 0.75 0.625 1 0.375 1 0.375 0.5 0.625 0.75 0.375 0.75 0.625 0.25 0.375 0.5 0.375 0.25 0 0 0 0 0 0 0 0 0 0 0 0 0.25 0.5 0.125 0.9999985 0.25 1 0.375 0.5 0.125 0.75 0.125 0.5 0.625 0.25 0.375 0.5 0.375 0.25 0.375 0.5 0.125 0.75 0.125 0.5 0.375 0.75 0.625 1 0.375 1 0.625 0.25 0.375 0.5 0.375 0.25 0.875 0.5 0.625 0.75 0.625 0.5 0.375 0.5 0.125 0.75 0.125 0.5 0.625 0.25 0.375 0.5 0.375 0.25 0.5 0.5 0.625 0.9999978 0.5 1 0.875 1 1 0.5 1 0.9999985 0.75 1 0.875 0.5 0.875 0.9999985 0.375 0.5 0.625 0.75 0.375 0.75 0.625 0.75 0.375 1 0.375 0.75 0.25 0.5 0.375 0.9999993 0.25 1 0.4649762 0.6351307 0.4882354 0.6325463 0.5350239 0.6351307 0.4882354 0.6211084 0.4882354 0.6174536 0.5117648 0.6211084 0.4882354 0.6174536 0.5117647 0.6174536 0.5117648 0.6211084 0.4882354 0.6211084 0.5117648 0.6211084 0.5233942 0.6224005 0.4882354 0.6325463 0.5117648 0.6325463 0.5350239 0.6351307 0.4637579 0.6348039 0.4333011 0.6348039 0.4745261 0.6278304 0.5117648 0.6325463 0.4882354 0.6288915 0.5117648 0.6288915 0.5666991 0.6233659 0.5362423 0.623366 0.525474 0.6221695 0.5362423 0.626634 0.5666992 0.626634 0.5362423 0.6348039 0.4852942 0.6209731 0.433301 0.6233659 0.4117648 0.6175889 0.625 1 0.5 0.5 0.5 0.9999985 0.25 0.5 0.125 0.9999978 0.25 1 0.25 0.5 0.25 0.9999985 0.3125002 1 0.125 1 0 0.5 0 0.9999978 0.375 0.5 0.5 1 0.5 0.5 0.375 0.5 0.5 0.9999993 0.375 1 0.875 0.5 0.875 0.9999985 0.8124998 1 0.625 0.5 0.75 0.9999993 0.625 1 0.875 1 1 0.5 1 0.9999993 0.5 0.5 0.625 0.9999993 0.5 1 0.625 0.75 0.375 1 0.375 0.75 0.375 0.5 0.625 0.75 0.375 0.75 0.625 0.25 0.375 0.5 0.375 0.25 0.625 0.5 0.875 0.75 0.625 0.75 0.375 0.5 0.125 0.75 0.125 0.5 0.375 0.75 0.625 1 0.375 1 0.375 0.5 0.125 0.75 0.125 0.5 0.875 0.5 0.625 0.75 0.625 0.5 0.5 0.5 0.625 0.9999993 0.5 1 0.625 0.5 0.875 0.75 0.625 0.75 0.625 0.5 0.375 0.75 0.375 0.5 0 0 0 0 0 0 0.375 0.5 0.5 0.9999993 0.375 1 0 0 0 0 0 0 0.375 0.75 0.625 1 0.375 1 0.625 1 0.5 0.5 0.5 0.9999993 0 0 0 0 0 0 0.375 0.5 0.5 1 0.5 0.5 0.25 0.5 0.375 1 0.375 0.5 0 1 0.125 0.5 0.125 0.9999993 0 0 0 0 0 0 0.125 0.5 0.25 0.9999993 0.125 1 0.25 0.5 0.375 1 0.375 0.5 0.75 0.5 0.75 0.9999993 0.8124997 1 0.125 0.5 0.25 1 0.125 1 0 1 0.125 0.5 0.125 1 0.25 1 0.375 0.5 0.375 0.9999985 1 0.5 0.875 0.9999985 1 1 0 0 0 0 0 0 0.625 0.5 0.5 0.9999993 0.625 1 0.375 0.5 0.5 1 0.5 0.5 0.75 0.5 0.625 0.9999993 0.75 1 0 0 0 0 0 0 0 0 0 0 0 0 0 0 0 0 0 0 0 0 0 0 0 0 0 0 0 0 0 0 0 0 0 0 0 0 0.625 0.5 0.375 0.75 0.375 0.5 0.625 0.5 0.875 0.75 0.625 0.75 0.375 0.5 0.125 0.75 0.125 0.5 0.875 0.5 0.75 0.5 0.75 0.5 0.375 0.75 0.625 1 0.375 1 0.875 0.5 0.625 0.75 0.625 0.5 0.375 0.5 0.125 0.75 0.125 0.5 0.625 0.75 0.375 1 0.375 0.75 0.625 0.5 0.375 0.75 0.375 0.5 0.25 0.5 0.375 1 0.375 0.5 0.625 0.25 0.375 0.5 0.375 0.25 0.625 0.25 0.375 0.5 0.375 0.25 0.625 0.5 0.375 0.75 0.375 0.5 0.375 0.5 0.375 0.9999985 0.3125002 1 0 1 0.125 0.5 0.125 0.9999978 0.875 0.5 0.75 0.9999978 0.875 1 0.625 0.25 0.375 0.5 0.375 0.25 0.375 0.5 0.625 0.75 0.375 0.75 0.375 0.5 0.125 0.75 0.125 0.5 0.375 0.75 0.625 1 0.375 1 0.625 0.5 0.875 0.75 0.625 0.75 0.375 0.5 0.125 0.75 0.125 0.5 0.375 0.75 0.625 1 0.375 1 0.625 0.5 0.375 0.75 0.375 0.5 0.625 0.25 0.375 0.5 0.375 0.25 0.625 0.5 0.875 0.75 0.625 0.75 0 0 0 0 0 0 0.625 0.5 0.875 0.75 0.625 0.75 0.875 0.5 0.75 0.9999993 0.875 1 0.625 0.5 0.75 0.9999985 0.625 1 0.625 0.25 0.375 0.5 0.375 0.25 0.625 0.25 0.375 0.5 0.375 0.25 0.625 0.5 0.375 0.75 0.375 0.5 0.625 0.25 0.375 0.5 0.375 0.25 0.625 0.5 0.75 0.9999993 0.625 1 0.625 0.5 0.875 0.75 0.625 0.75 3.33098e-7 1 0.125 0.5 0 0.5 0 0 0 0 0 0 0.625 0.5 0.75 0.9999978 0.625 1 0.625 0.25 0.375 0.5 0.375 0.25 0.625 0.25 0.375 0.5 0.375 0.25 0.625 0.25 0.375 0.5 0.375 0.25 0.375 0.75 0.625 1 0.375 1 0.375 0.5 0.125 0.75 0.125 0.5 0.1250002 1 0.25 0.5 0.125 0.5 0.625 0.5 0.875 0.75 0.625 0.75 0.625 0.25 0.375 0.5 0.375 0.25 0.875 0.5 0.75 0.5 0.75 0.5 0.625 0.5 0.375 0.75 0.375 0.5 0.75 0.5 0.625 0.9999993 0.75 1 0.75 0.5 0.625 0.9999978 0.75 1 0.375 0.75 0.625 1 0.375 1 0.375 0.5 0.125 0.75 0.125 0.5 1 0.5 0.875 0.9999985 1 1 0.375 0.75 0.625 1 0.375 1 1 0.5 0.875 0.9999978 1 1 0.625 0.5 0.875 0.75 0.625 0.75 0.625 0.5 0.375 0.75 0.375 0.5 0.375 0.5 0.625 0.75 0.375 0.75 0.75 1 0.875 0.5 0.875 0.9999985 0.5 0.5 0.625 0.9999985 0.5 1 0 0 0 0 0 0 0 0 0 0 0 0 0.625 0.5 0.375 0.75 0.375 0.5 0.375 0.5 0.125 0.75 0.125 0.5 0.875 1 1 0.5 1 0.9999985 0.75 1 0.875 0.5 0.875 0.9999978 0.125 0.5 0.25 0.9999985 0.125 1 0.375 0.5 0.5 0.9999985 0.375 1 0 0 0 0 0 0 0 0 0 0 0 0 0.375 0.5 0.125 0.75 0.125 0.5 0 0 0 0 0 0 0.1250003 1 0.25 0.5 0.125 0.5 0.875 1 1 0.5 1 0.9999978 0.625 0.75 0.375 1 0.375 0.75 0 0 0 0 0 0 0.125 0.5 0 0.9999985 0.125 1 0.625 0.5 0.875 0.75 0.625 0.75 0.875 0.5 0.625 0.75 0.625 0.5 0.625 0.5 0.375 0.75 0.375 0.5 0 0 0 0 0 0 0 0 0 0 0 0 0 0 0 0 0 0 0 0 0 0 0 0 0 0 0 0 0 0 0 0 0 0 0 0 0 0 0 0 0 0 0 0 0 0 0 0 0 0 0 0 0 0 0 0 0 0 0 0 0 0 0 0 0 0 0 0 0 0 0 0 0 0 0 0 0 0 0 0 0 0 0 0 0 0 0 0 0 0 0 0 0 0 0 0 0 0 0 0 0 0 0 0 0 0 0 0 0 0 0 0 0 0 0 0 0 0 0 0 0 0 0 0 0 0 0 0 0 0 0 0 0 0 0 0 0 0 0 0 0 0 0 0 0 0 0 0 0 0 0 0 0 0 0 0 0 0 0 0 0 0 0 0 0 0 0 0 0 0 0 0 0 0 0 0 0 0 0 0 0 0 0 0 0 0 0 0 0 0 0 0 0 0 0 0 0 0 0 0 0 0 0 0 0 0 0 0 0 0 0.375 0.75 0.625 0.75 0.625 1 0.4649763 0.6148692 0.625 0.9999993 0 0 0 0 0 0 0.625 0.9999978 0 0 0 0 0.625 0.9999978 0 0 0.5 0.9999993 0.4088236 0.6211084 0.5 1 0.375 0.9999993 0 0 0 0 0.4088236 0.6211084 0.5 1 0 0 0 0 0.4649762 0.6351307 0 0 0.25 1 0.4649762 0.6351307 0.25 1 0.125 1 0 0 0.5911765 0.6211084 0.875 0.9999978 0 0 0 0 0 0 0.8750005 1 0 0 0 0.9999985 0.8750005 1 0.5 1 0.5 0.5 0.375 0.5 0 0 0 0 0 0 0 0 0 0 0 0 0 0 0 0 0 0 0 0 0 0 0 0 0 0 0 0 0 0 0.625 1 0.625 0.5 0.5 0.5 0.75 0.5 0.625 0.5 0.625 0.9999985 0.375 0.5 0.375 0.75 0.125 0.75 0.375 0.5 0.375 0.75 0.125 0.75 0.25 1 0.25 0.5 0.375 0.5 0.375 0.5 0.5 0.5 0.5 0.9999985 0.375 0.75 0.625 0.75 0.625 1 0 0 0 0 0 0 0 0 0 0 0 0 0.125 0.5 0.25 0.5 0.25 0.9999985 0 1 0 0.5 0.125 0.5 0.8750005 1 1 1 1 0.5 0.875 0.5 0.75 0.5 0.75 0.9999985 0.625 0.5 0.875 0.5 0.875 0.75 0.875 0.5 0.75 0.5 0.75 0.5 0.375 0.5 0.625 0.5 0.625 0.75 0.125 0.5 0 0.5 0 0.9999985 0.875 0.5 0.75 0.5 0.75 0.5 0.625 0.5 0.875 0.5 0.875 0.75 0.375 0.5 0.375 0.75 0.125 0.75 0.375 0.75 0.625 0.75 0.625 1 0.375 0.5 0.625 0.5 0.625 0.75 0.625 0.25 0.625 0.5 0.375 0.5 0 0 0 0 0 0 0 0 0 0 0 0 0.25 0.5 0.125 0.5 0.125 0.9999985 0.375 0.5 0.375 0.75 0.125 0.75 0.625 0.25 0.625 0.5 0.375 0.5 0.375 0.5 0.375 0.75 0.125 0.75 0.375 0.75 0.625 0.75 0.625 1 0.625 0.25 0.625 0.5 0.375 0.5 0.875 0.5 0.875 0.75 0.625 0.75 0.375 0.5 0.375 0.75 0.125 0.75 0.625 0.25 0.625 0.5 0.375 0.5 0.5 0.5 0.625 0.5 0.625 0.9999978 0.875 1 0.875 0.5 1 0.5 0.75 1 0.75 0.5 0.875 0.5 0.375 0.5 0.625 0.5 0.625 0.75 0.625 0.75 0.625 1 0.375 1 0.25 0.5 0.375 0.5 0.375 0.9999993 0.4333011 0.6348039 0.4117648 0.632411 0.4745261 0.6278304 0.4117648 0.632411 0.4117648 0.6290269 0.4745261 0.6278304 0.4117648 0.6290269 0.433301 0.6266339 0.4745261 0.6278304 0.433301 0.6266339 0.4637581 0.626634 0.4745261 0.6278304 0.4745261 0.6278304 0.4852942 0.6290269 0.4852942 0.632411 0.4852942 0.632411 0.4637579 0.6348039 0.4745261 0.6278304 0.525474 0.6221695 0.514706 0.620973 0.5147059 0.6175889 0.5147059 0.6175889 0.5362423 0.615196 0.525474 0.6221695 0.5362423 0.615196 0.5666992 0.615196 0.525474 0.6221695 0.5666992 0.615196 0.5882354 0.6175889 0.525474 0.6221695 0.5882354 0.6175889 0.5882353 0.620973 0.525474 0.6221695 0.5882353 0.620973 0.5666991 0.6233659 0.525474 0.6221695 0.5666992 0.626634 0.5882354 0.6290269 0.5362423 0.6348039 0.5882354 0.6290269 0.5882354 0.632411 0.5362423 0.6348039 0.5882354 0.632411 0.5666991 0.6348039 0.5362423 0.6348039 0.5362423 0.6348039 0.5147059 0.6324109 0.5147059 0.6290268 0.5147059 0.6290268 0.5362423 0.626634 0.5362423 0.6348039 0.463758 0.6151961 0.4852942 0.6175889 0.4852942 0.6209731 0.4852942 0.6209731 0.4637579 0.6233659 0.433301 0.6233659 0.433301 0.6233659 0.4117648 0.620973 0.4117648 0.6175889 0.4117648 0.6175889 0.433301 0.615196 0.463758 0.6151961 0.463758 0.6151961 0.4852942 0.6209731 0.4117648 0.6175889 0.625 1 0.625 0.5 0.5 0.5 0.25 0.5 0.125 0.5 0.125 0.9999978 0.375 1 0.375 0.5 0.3125002 1 0.375 0.5 0.25 0.5 0.3125002 1 0.125 0.5 0 0.5 0 0.9999978 0.375 0.5 0.375 0.9999985 0.5 1 0.375 0.5 0.5 0.5 0.5 0.9999993 0.8124998 1 0.75 1 0.75 0.5 0.75 0.5 0.875 0.5 0.8124998 1 0.625 0.5 0.75 0.5 0.75 0.9999993 0.875 1 0.875 0.5 1 0.5 0.5 0.5 0.625 0.5 0.625 0.9999993 0.625 0.75 0.625 1 0.375 1 0.375 0.5 0.625 0.5 0.625 0.75 0.625 0.25 0.625 0.5 0.375 0.5 0.625 0.5 0.875 0.5 0.875 0.75 0.375 0.5 0.375 0.75 0.125 0.75 0.375 0.75 0.625 0.75 0.625 1 0.375 0.5 0.375 0.75 0.125 0.75 0.875 0.5 0.875 0.75 0.625 0.75 0.5 0.5 0.625 0.5 0.625 0.9999993 0.625 0.5 0.875 0.5 0.875 0.75 0.625 0.5 0.625 0.75 0.375 0.75 0 0 0 0 0 0 0.375 0.5 0.5 0.5 0.5 0.9999993 0 0 0 0 0 0 0.375 0.75 0.625 0.75 0.625 1 0.625 1 0.625 0.5 0.5 0.5 0 0 0 0 0 0 0.375 0.5 0.375 0.9999993 0.5 1 0.25 0.5 0.25 0.9999993 0.375 1 0 1 0 0.5 0.125 0.5 0 0 0 0 0 0 0.125 0.5 0.25 0.5 0.25 0.9999993 0.25 0.5 0.25 1 0.375 1 0.8124997 1 0.875 1 0.875 0.5 0.875 0.5 0.75 0.5 0.8124997 1 0.125 0.5 0.25 0.5 0.25 1 0 1 0 0.5 0.125 0.5 0.25 1 0.25 0.5 0.375 0.5 1 0.5 0.875 0.5 0.875 0.9999985 0 0 0 0 0 0 0.625 0.5 0.5 0.5 0.5 0.9999993 0.375 0.5 0.375 0.9999993 0.5 1 0.75 0.5 0.625 0.5 0.625 0.9999993 0 0 0 0 0 0 0 0 0 0 0 0 0 0 0 0 0 0 0 0 0 0 0 0 0 0 0 0 0 0 0 0 0 0 0 0 0.625 0.5 0.625 0.75 0.375 0.75 0.625 0.5 0.875 0.5 0.875 0.75 0.375 0.5 0.375 0.75 0.125 0.75 0.875 0.5 0.875 0.5 0.75 0.5 0.375 0.75 0.625 0.75 0.625 1 0.875 0.5 0.875 0.75 0.625 0.75 0.375 0.5 0.375 0.75 0.125 0.75 0.625 0.75 0.625 1 0.375 1 0.625 0.5 0.625 0.75 0.375 0.75 0.25 0.5 0.25 0.9999985 0.375 1 0.625 0.25 0.625 0.5 0.375 0.5 0.625 0.25 0.625 0.5 0.375 0.5 0.625 0.5 0.625 0.75 0.375 0.75 0.3125002 1 0.25 1 0.25 0.5 0.25 0.5 0.375 0.5 0.3125002 1 0 1 0 0.5 0.125 0.5 0.875 0.5 0.75 0.5 0.75 0.9999978 0.625 0.25 0.625 0.5 0.375 0.5 0.375 0.5 0.625 0.5 0.625 0.75 0.375 0.5 0.375 0.75 0.125 0.75 0.375 0.75 0.625 0.75 0.625 1 0.625 0.5 0.875 0.5 0.875 0.75 0.375 0.5 0.375 0.75 0.125 0.75 0.375 0.75 0.625 0.75 0.625 1 0.625 0.5 0.625 0.75 0.375 0.75 0.625 0.25 0.625 0.5 0.375 0.5 0.625 0.5 0.875 0.5 0.875 0.75 0 0 0 0 0 0 0.625 0.5 0.875 0.5 0.875 0.75 0.875 0.5 0.75 0.5 0.75 0.9999993 0.625 0.5 0.75 0.5 0.75 0.9999985 0.625 0.25 0.625 0.5 0.375 0.5 0.625 0.25 0.625 0.5 0.375 0.5 0.625 0.5 0.625 0.75 0.375 0.75 0.625 0.25 0.625 0.5 0.375 0.5 0.625 0.5 0.75 0.5 0.75 0.9999993 0.625 0.5 0.875 0.5 0.875 0.75 3.33098e-7 1 0.125 1 0.125 0.5 0 0 0 0 0 0 0.625 0.5 0.75 0.5 0.75 0.9999978 0.625 0.25 0.625 0.5 0.375 0.5 0.625 0.25 0.625 0.5 0.375 0.5 0.625 0.25 0.625 0.5 0.375 0.5 0.375 0.75 0.625 0.75 0.625 1 0.375 0.5 0.375 0.75 0.125 0.75 0.1250002 1 0.25 1 0.25 0.5 0.625 0.5 0.875 0.5 0.875 0.75 0.625 0.25 0.625 0.5 0.375 0.5 0.875 0.5 0.875 0.5 0.75 0.5 0.625 0.5 0.625 0.75 0.375 0.75 0.75 0.5 0.625 0.5 0.625 0.9999993 0.75 0.5 0.625 0.5 0.625 0.9999978 0.375 0.75 0.625 0.75 0.625 1 0.375 0.5 0.375 0.75 0.125 0.75 1 0.5 0.875 0.5 0.875 0.9999985 0.375 0.75 0.625 0.75 0.625 1 1 0.5 0.875 0.5 0.875 0.9999978 0.625 0.5 0.875 0.5 0.875 0.75 0.625 0.5 0.625 0.75 0.375 0.75 0.375 0.5 0.625 0.5 0.625 0.75 0.75 0.5 0.875 0.5 0.875 0.9999985 0.5 0.5 0.625 0.5 0.625 0.9999985 0 0 0 0 0 0 0 0 0 0 0 0 0.625 0.5 0.625 0.75 0.375 0.75 0.375 0.5 0.375 0.75 0.125 0.75 0.875 1 0.875 0.5 1 0.5 0.75 1 0.75 0.5 0.875 0.5 0.125 0.5 0.25 0.5 0.25 0.9999985 0.375 0.5 0.5 0.5 0.5 0.9999985 0 0 0 0 0 0 0 0 0 0 0 0 0.375 0.5 0.375 0.75 0.125 0.75 0 0 0 0 0 0 0.1250003 1 0.25 1 0.25 0.5 0.875 1 0.875 0.5 1 0.5 0.625 0.75 0.625 1 0.375 1 0 0 0 0 0 0 0.125 0.5 0 0.5 0 0.9999985 0.625 0.5 0.875 0.5 0.875 0.75 0.875 0.5 0.875 0.75 0.625 0.75 0.625 0.5 0.625 0.75 0.375 0.75 0.375 0.75 0.625 0.75 0.625 1 0.4649763 0.6148692 0.625 0.9999993 0 0 0 0 0 0 0.625 0.9999978 0 0 0 0 0.625 0.9999978 0 0 0.5 0.9999993 0.4088236 0.6211084 0.5 1 0.375 0.9999993 0 0 0 0 0.4088236 0.6211084 0.5 1 0 0 0 0 0.4649762 0.6351307 0 0 0.25 1 0.4649762 0.6351307 0.25 1 0.125 1 0 0 0.5911765 0.6211084 0.875 0.9999978 0 0 0 0 0 0 0.8750005 1 0 0 0 0.9999985 0.8750005 1 0.5 1 0.5 0.5 0.375 0.5 0 0 0 0 0 0 0 0 0 0 0 0 0 0 0 0 0 0 0 0 0 0 0 0 0 0 0 0 0 0 0.625 1 0.625 0.5 0.5 0.5 0.75 0.5 0.625 0.5 0.625 0.9999985 0.375 0.5 0.375 0.75 0.125 0.75 0.375 0.5 0.375 0.75 0.125 0.75 0.25 1 0.25 0.5 0.375 0.5 0.375 0.5 0.5 0.5 0.5 0.9999985 0.375 0.75 0.625 0.75 0.625 1 0 0 0 0 0 0 0 0 0 0 0 0 0.125 0.5 0.25 0.5 0.25 0.9999985 0 0.5 0.125 0.5 0.125 0.9999985 0.8750005 1 1 1 1 0.5 0.875 0.5 0.75 0.5 0.75 0.9999985 0.625 0.5 0.875 0.5 0.875 0.75 0.875 0.5 0.75 0.5 0.75 0.5 0.375 0.5 0.625 0.5 0.625 0.75 0.125 0.5 0 0.5 0 0.9999985 0.875 0.5 0.75 0.5 0.75 0.5 0.625 0.5 0.875 0.5 0.875 0.75 0.375 0.5 0.375 0.75 0.125 0.75 0.375 0.75 0.625 0.75 0.625 1 0.375 0.5 0.625 0.5 0.625 0.75 0.625 0.25 0.625 0.5 0.375 0.5 0 0 0 0 0 0 0 0 0 0 0 0 0.25 0.5 0.125 0.5 0.125 0.9999985 0.375 0.5 0.375 0.75 0.125 0.75 0.625 0.25 0.625 0.5 0.375 0.5 0.375 0.5 0.375 0.75 0.125 0.75 0.375 0.75 0.625 0.75 0.625 1 0.625 0.25 0.625 0.5 0.375 0.5 0.875 0.5 0.875 0.75 0.625 0.75 0.375 0.5 0.375 0.75 0.125 0.75 0.625 0.25 0.625 0.5 0.375 0.5 0.5 0.5 0.625 0.5 0.625 0.9999978 0.875 1 0.875 0.5 1 0.5 0.75 1 0.75 0.5 0.875 0.5 0.375 0.5 0.625 0.5 0.625 0.75 0.625 0.75 0.625 1 0.375 1 0.25 0.5 0.375 0.5 0.375 0.9999993 0.4333011 0.6348039 0.4117648 0.632411 0.4745261 0.6278304 0.4117648 0.632411 0.4117648 0.6290269 0.4745261 0.6278304 0.4117648 0.6290269 0.433301 0.6266339 0.4745261 0.6278304 0.433301 0.6266339 0.4637581 0.626634 0.4745261 0.6278304 0.4745261 0.6278304 0.4852942 0.6290269 0.4852942 0.632411 0.4852942 0.632411 0.4637579 0.6348039 0.4745261 0.6278304 0.525474 0.6221695 0.514706 0.620973 0.5147059 0.6175889 0.5147059 0.6175889 0.5362423 0.615196 0.525474 0.6221695 0.5362423 0.615196 0.5666992 0.615196 0.525474 0.6221695 0.5666992 0.615196 0.5882354 0.6175889 0.525474 0.6221695 0.5882354 0.6175889 0.5882353 0.620973 0.525474 0.6221695 0.5882353 0.620973 0.5666991 0.6233659 0.525474 0.6221695 0.5666992 0.626634 0.5882354 0.6290269 0.5362423 0.6348039 0.5882354 0.6290269 0.5882354 0.632411 0.5362423 0.6348039 0.5882354 0.632411 0.5666991 0.6348039 0.5362423 0.6348039 0.5362423 0.6348039 0.5147059 0.6324109 0.5147059 0.6290268 0.5147059 0.6290268 0.5362423 0.626634 0.5362423 0.6348039 0.463758 0.6151961 0.4852942 0.6175889 0.4852942 0.6209731 0.4852942 0.6209731 0.4637579 0.6233659 0.433301 0.6233659 0.433301 0.6233659 0.4117648 0.620973 0.4117648 0.6175889 0.4117648 0.6175889 0.433301 0.615196 0.463758 0.6151961 0.463758 0.6151961 0.4852942 0.6209731 0.4117648 0.6175889 0.625 1 0.625 0.5 0.5 0.5 0.25 0.5 0.125 0.5 0.125 0.9999978 0.375 1 0.375 0.5 0.3125002 1 0.375 0.5 0.25 0.5 0.3125002 1 0.125 1 0.125 0.5 0 0.5 0.375 0.5 0.375 0.9999985 0.5 1 0.375 0.5 0.5 0.5 0.5 0.9999993 0.8124998 1 0.75 1 0.75 0.5 0.75 0.5 0.875 0.5 0.8124998 1 0.625 0.5 0.75 0.5 0.75 0.9999993 0.875 1 0.875 0.5 1 0.5 0.5 0.5 0.625 0.5 0.625 0.9999993 0.625 0.75 0.625 1 0.375 1 0.375 0.5 0.625 0.5 0.625 0.75 0.625 0.25 0.625 0.5 0.375 0.5 0.625 0.5 0.875 0.5 0.875 0.75 0.375 0.5 0.375 0.75 0.125 0.75 0.375 0.75 0.625 0.75 0.625 1 0.375 0.5 0.375 0.75 0.125 0.75 0.875 0.5 0.875 0.75 0.625 0.75 0.5 0.5 0.625 0.5 0.625 0.9999993 0.625 0.5 0.875 0.5 0.875 0.75 0.625 0.5 0.625 0.75 0.375 0.75 0 0 0 0 0 0 0.375 0.5 0.5 0.5 0.5 0.9999993 0 0 0 0 0 0 0.375 0.75 0.625 0.75 0.625 1 0.625 1 0.625 0.5 0.5 0.5 0 0 0 0 0 0 0.375 0.5 0.375 0.9999993 0.5 1 0.25 0.5 0.25 0.9999993 0.375 1 0 1 0 0.5 0.125 0.5 0 0 0 0 0 0 0.125 0.5 0.25 0.5 0.25 0.9999993 0.25 0.5 0.25 1 0.375 1 0.8124997 1 0.875 1 0.875 0.5 0.875 0.5 0.75 0.5 0.8124997 1 0.125 0.5 0.25 0.5 0.25 1 0 1 0 0.5 0.125 0.5 0.25 1 0.25 0.5 0.375 0.5 1 0.5 0.875 0.5 0.875 0.9999985 0 0 0 0 0 0 0.625 0.5 0.5 0.5 0.5 0.9999993 0.375 0.5 0.375 0.9999993 0.5 1 0.75 0.5 0.625 0.5 0.625 0.9999993 0 0 0 0 0 0 0 0 0 0 0 0 0 0 0 0 0 0 0 0 0 0 0 0 0 0 0 0 0 0 0 0 0 0 0 0 0.625 0.5 0.625 0.75 0.375 0.75 0.625 0.5 0.875 0.5 0.875 0.75 0.375 0.5 0.375 0.75 0.125 0.75 0.875 0.5 0.875 0.5 0.75 0.5 0.375 0.75 0.625 0.75 0.625 1 0.875 0.5 0.875 0.75 0.625 0.75 0.375 0.5 0.375 0.75 0.125 0.75 0.625 0.75 0.625 1 0.375 1 0.625 0.5 0.625 0.75 0.375 0.75 0.25 0.5 0.25 0.9999985 0.375 1 0.625 0.25 0.625 0.5 0.375 0.5 0.625 0.25 0.625 0.5 0.375 0.5 0.625 0.5 0.625 0.75 0.375 0.75 0.3125002 1 0.25 1 0.25 0.5 0.25 0.5 0.375 0.5 0.3125002 1 0 1 0 0.5 0.125 0.5 0.875 0.5 0.75 0.5 0.75 0.9999978 0.625 0.25 0.625 0.5 0.375 0.5 0.375 0.5 0.625 0.5 0.625 0.75 0.375 0.5 0.375 0.75 0.125 0.75 0.375 0.75 0.625 0.75 0.625 1 0.625 0.5 0.875 0.5 0.875 0.75 0.375 0.5 0.375 0.75 0.125 0.75 0.375 0.75 0.625 0.75 0.625 1 0.625 0.5 0.625 0.75 0.375 0.75 0.625 0.25 0.625 0.5 0.375 0.5 0.625 0.5 0.875 0.5 0.875 0.75 0 0 0 0 0 0 0.625 0.5 0.875 0.5 0.875 0.75 0.875 0.5 0.75 0.5 0.75 0.9999993 0.625 0.5 0.75 0.5 0.75 0.9999985 0.625 0.25 0.625 0.5 0.375 0.5 0.625 0.25 0.625 0.5 0.375 0.5 0.625 0.5 0.625 0.75 0.375 0.75 0.625 0.25 0.625 0.5 0.375 0.5 0.625 0.5 0.75 0.5 0.75 0.9999993 0.625 0.5 0.875 0.5 0.875 0.75 3.33098e-7 1 0.125 1 0.125 0.5 0 0 0 0 0 0 0.625 0.5 0.75 0.5 0.75 0.9999978 0.625 0.25 0.625 0.5 0.375 0.5 0.625 0.25 0.625 0.5 0.375 0.5 0.625 0.25 0.625 0.5 0.375 0.5 0.375 0.75 0.625 0.75 0.625 1 0.375 0.5 0.375 0.75 0.125 0.75 0.1250002 1 0.25 1 0.25 0.5 0.625 0.5 0.875 0.5 0.875 0.75 0.625 0.25 0.625 0.5 0.375 0.5 0.875 0.5 0.875 0.5 0.75 0.5 0.625 0.5 0.625 0.75 0.375 0.75 0.75 0.5 0.625 0.5 0.625 0.9999993 0.75 0.5 0.625 0.5 0.625 0.9999978 0.375 0.75 0.625 0.75 0.625 1 0.375 0.5 0.375 0.75 0.125 0.75 1 0.5 0.875 0.5 0.875 0.9999985 0.375 0.75 0.625 0.75 0.625 1 1 0.5 0.875 0.5 0.875 0.9999978 0.625 0.5 0.875 0.5 0.875 0.75 0.625 0.5 0.625 0.75 0.375 0.75 0.375 0.5 0.625 0.5 0.625 0.75 0.75 1 0.75 0.5 0.875 0.5 0.5 0.5 0.625 0.5 0.625 0.9999985 0 0 0 0 0 0 0 0 0 0 0 0 0.625 0.5 0.625 0.75 0.375 0.75 0.375 0.5 0.375 0.75 0.125 0.75 0.875 1 0.875 0.5 1 0.5 0.75 1 0.75 0.5 0.875 0.5 0.125 0.5 0.25 0.5 0.25 0.9999985 0.375 0.5 0.5 0.5 0.5 0.9999985 0 0 0 0 0 0 0 0 0 0 0 0 0.375 0.5 0.375 0.75 0.125 0.75 0 0 0 0 0 0 0.1250003 1 0.25 1 0.25 0.5 0.875 1 0.875 0.5 1 0.5 0.625 0.75 0.625 1 0.375 1 0 0 0 0 0 0 0.125 0.5 0 0.5 0 0.9999985 0.625 0.5 0.875 0.5 0.875 0.75 0.875 0.5 0.875 0.75 0.625 0.75 0.625 0.5 0.625 0.75 0.375 0.75 0 0 0 0 0 0 0 0 0 0 0 0 0 0 0 0 0 0 0 0 0 0 0 0 0 0 0 0 0 0 0 0 0 0 0 0 0 0 0 0 0 0 0 0 0 0 0 0 0 0 0 0 0 0 0 0 0 0 0 0 0 0 0 0 0 0 0 0 0 0 0 0 0 0 0 0 0 0 0 0 0 0 0 0 0 0 0 0 0 0 0 0 0 0 0 0 0 0 0 0 0 0 0 0 0 0 0 0 0 0 0 0 0 0 0 0 0 0 0 0 0 0 0 0 0 0 0 0 0 0 0 0 0 0 0 0 0 0 0 0 0 0 0 0 0 0 0 0 0 0 0 0 0 0 0 0 0 0 0 0 0 0 0 0 0 0 0 0 0.375 0.75 0.625 0.75 0.625 1 0.4649763 0.6148692 0.625 0.9999993 0 0 0 0 0 0 0.625 0.9999978 0 0 0 0 0.625 0.9999978 0 0 0.5 0.9999993 0.4088236 0.6211084 0.5 1 0.375 0.9999993 0 0 0 0 0.4088236 0.6211084 0.5 1 0 0 0 0 0.4649762 0.6351307 0 0 0.25 1 0.4649762 0.6351307 0.25 1 0.125 1 0 0 0.5911765 0.6211084 0.875 0.9999978 0 0 0 0 0 0 0.8750005 1 0 0 0 0.9999985 0.8750005 1 0.5 1 0.5 0.5 0.375 0.5 0 0 0 0 0 0 0 0 0 0 0 0 0 0 0 0 0 0 0 0 0 0 0 0 0 0 0 0 0 0 0.625 1 0.625 0.5 0.5 0.5 0.75 0.5 0.625 0.5 0.625 0.9999985 0.375 0.5 0.375 0.75 0.125 0.75 0.375 0.5 0.375 0.75 0.125 0.75 0.25 1 0.25 0.5 0.375 0.5 0.375 0.5 0.5 0.5 0.5 0.9999985 0.375 0.75 0.625 0.75 0.625 1 0 0 0 0 0 0 0 0 0 0 0 0 0.125 0.5 0.25 0.5 0.25 0.9999985 0 0.5 0.125 0.5 0.125 0.9999985 0.8750005 1 1 1 1 0.5 0.875 0.5 0.75 0.5 0.75 0.9999985 0.625 0.5 0.875 0.5 0.875 0.75 0.875 0.5 0.75 0.5 0.75 0.5 0.375 0.5 0.625 0.5 0.625 0.75 0.125 0.5 0 0.5 0 0.9999985 0.875 0.5 0.75 0.5 0.75 0.5 0.625 0.5 0.875 0.5 0.875 0.75 0.375 0.5 0.375 0.75 0.125 0.75 0.375 0.75 0.625 0.75 0.625 1 0.375 0.5 0.625 0.5 0.625 0.75 0.625 0.25 0.625 0.5 0.375 0.5 0 0 0 0 0 0 0 0 0 0 0 0 0.25 0.5 0.125 0.5 0.125 0.9999985 0.375 0.5 0.375 0.75 0.125 0.75 0.625 0.25 0.625 0.5 0.375 0.5 0.375 0.5 0.375 0.75 0.125 0.75 0.375 0.75 0.625 0.75 0.625 1 0.625 0.25 0.625 0.5 0.375 0.5 0.875 0.5 0.875 0.75 0.625 0.75 0.375 0.5 0.375 0.75 0.125 0.75 0.625 0.25 0.625 0.5 0.375 0.5 0.5 0.5 0.625 0.5 0.625 0.9999978 0.875 1 0.875 0.5 1 0.5 0.75 1 0.75 0.5 0.875 0.5 0.375 0.5 0.625 0.5 0.625 0.75 0.625 0.75 0.625 1 0.375 1 0.25 0.5 0.375 0.5 0.375 0.9999993 0.4333011 0.6348039 0.4117648 0.632411 0.4745261 0.6278304 0.4117648 0.632411 0.4117648 0.6290269 0.4745261 0.6278304 0.4117648 0.6290269 0.433301 0.6266339 0.4745261 0.6278304 0.433301 0.6266339 0.4637581 0.626634 0.4745261 0.6278304 0.4745261 0.6278304 0.4852942 0.6290269 0.4852942 0.632411 0.4852942 0.632411 0.4637579 0.6348039 0.4745261 0.6278304 0.525474 0.6221695 0.514706 0.620973 0.5147059 0.6175889 0.5147059 0.6175889 0.5362423 0.615196 0.525474 0.6221695 0.5362423 0.615196 0.5666992 0.615196 0.525474 0.6221695 0.5666992 0.615196 0.5882354 0.6175889 0.525474 0.6221695 0.5882354 0.6175889 0.5882353 0.620973 0.525474 0.6221695 0.5882353 0.620973 0.5666991 0.6233659 0.525474 0.6221695 0.5666992 0.626634 0.5882354 0.6290269 0.5362423 0.6348039 0.5882354 0.6290269 0.5882354 0.632411 0.5362423 0.6348039 0.5882354 0.632411 0.5666991 0.6348039 0.5362423 0.6348039 0.5362423 0.6348039 0.5147059 0.6324109 0.5147059 0.6290268 0.5147059 0.6290268 0.5362423 0.626634 0.5362423 0.6348039 0.463758 0.6151961 0.4852942 0.6175889 0.4852942 0.6209731 0.4852942 0.6209731 0.4637579 0.6233659 0.433301 0.6233659 0.433301 0.6233659 0.4117648 0.620973 0.4117648 0.6175889 0.4117648 0.6175889 0.433301 0.615196 0.463758 0.6151961 0.463758 0.6151961 0.4852942 0.6209731 0.4117648 0.6175889 0.625 1 0.625 0.5 0.5 0.5 0.25 0.5 0.125 0.5 0.125 0.9999978 0.375 1 0.375 0.5 0.3125002 1 0.375 0.5 0.25 0.5 0.3125002 1 0.125 1 0.125 0.5 0 0.5 0.375 0.5 0.375 0.9999985 0.5 1 0.375 0.5 0.5 0.5 0.5 0.9999993 0.8124998 1 0.75 1 0.75 0.5 0.75 0.5 0.875 0.5 0.8124998 1 0.625 0.5 0.75 0.5 0.75 0.9999993 0.875 1 0.875 0.5 1 0.5 0.5 0.5 0.625 0.5 0.625 0.9999993 0.625 0.75 0.625 1 0.375 1 0.375 0.5 0.625 0.5 0.625 0.75 0.625 0.25 0.625 0.5 0.375 0.5 0.625 0.5 0.875 0.5 0.875 0.75 0.375 0.5 0.375 0.75 0.125 0.75 0.375 0.75 0.625 0.75 0.625 1 0.375 0.5 0.375 0.75 0.125 0.75 0.875 0.5 0.875 0.75 0.625 0.75 0.5 0.5 0.625 0.5 0.625 0.9999993 0.625 0.5 0.875 0.5 0.875 0.75 0.625 0.5 0.625 0.75 0.375 0.75 0 0 0 0 0 0 0.375 0.5 0.5 0.5 0.5 0.9999993 0 0 0 0 0 0 0.375 0.75 0.625 0.75 0.625 1 0.625 1 0.625 0.5 0.5 0.5 0 0 0 0 0 0 0.375 0.5 0.375 0.9999993 0.5 1 0.25 0.5 0.25 0.9999993 0.375 1 0 1 0 0.5 0.125 0.5 0 0 0 0 0 0 0.125 0.5 0.25 0.5 0.25 0.9999993 0.25 0.5 0.25 1 0.375 1 0.8124997 1 0.875 1 0.875 0.5 0.875 0.5 0.75 0.5 0.8124997 1 0.125 0.5 0.25 0.5 0.25 1 0 1 0 0.5 0.125 0.5 0.25 1 0.25 0.5 0.375 0.5 1 0.5 0.875 0.5 0.875 0.9999985 0 0 0 0 0 0 0.625 0.5 0.5 0.5 0.5 0.9999993 0.375 0.5 0.375 0.9999993 0.5 1 0.75 0.5 0.625 0.5 0.625 0.9999993 0 0 0 0 0 0 0 0 0 0 0 0 0 0 0 0 0 0 0 0 0 0 0 0 0 0 0 0 0 0 0 0 0 0 0 0 0.625 0.5 0.625 0.75 0.375 0.75 0.625 0.5 0.875 0.5 0.875 0.75 0.375 0.5 0.375 0.75 0.125 0.75 0.875 0.5 0.875 0.5 0.75 0.5 0.375 0.75 0.625 0.75 0.625 1 0.875 0.5 0.875 0.75 0.625 0.75 0.375 0.5 0.375 0.75 0.125 0.75 0.625 0.75 0.625 1 0.375 1 0.625 0.5 0.625 0.75 0.375 0.75 0.25 0.5 0.25 0.9999985 0.375 1 0.625 0.25 0.625 0.5 0.375 0.5 0.625 0.25 0.625 0.5 0.375 0.5 0.625 0.5 0.625 0.75 0.375 0.75 0.3125002 1 0.25 1 0.25 0.5 0.25 0.5 0.375 0.5 0.3125002 1 0 1 0 0.5 0.125 0.5 0.875 0.5 0.75 0.5 0.75 0.9999978 0.625 0.25 0.625 0.5 0.375 0.5 0.375 0.5 0.625 0.5 0.625 0.75 0.375 0.5 0.375 0.75 0.125 0.75 0.375 0.75 0.625 0.75 0.625 1 0.625 0.5 0.875 0.5 0.875 0.75 0.375 0.5 0.375 0.75 0.125 0.75 0.375 0.75 0.625 0.75 0.625 1 0.625 0.5 0.625 0.75 0.375 0.75 0.625 0.25 0.625 0.5 0.375 0.5 0.625 0.5 0.875 0.5 0.875 0.75 0 0 0 0 0 0 0.625 0.5 0.875 0.5 0.875 0.75 0.875 0.5 0.75 0.5 0.75 0.9999993 0.625 0.5 0.75 0.5 0.75 0.9999985 0.625 0.25 0.625 0.5 0.375 0.5 0.625 0.25 0.625 0.5 0.375 0.5 0.625 0.5 0.625 0.75 0.375 0.75 0.625 0.25 0.625 0.5 0.375 0.5 0.625 0.5 0.75 0.5 0.75 0.9999993 0.625 0.5 0.875 0.5 0.875 0.75 3.33098e-7 1 0.125 1 0.125 0.5 0 0 0 0 0 0 0.625 0.5 0.75 0.5 0.75 0.9999978 0.625 0.25 0.625 0.5 0.375 0.5 0.625 0.25 0.625 0.5 0.375 0.5 0.625 0.25 0.625 0.5 0.375 0.5 0.375 0.75 0.625 0.75 0.625 1 0.375 0.5 0.375 0.75 0.125 0.75 0.1250002 1 0.25 1 0.25 0.5 0.625 0.5 0.875 0.5 0.875 0.75 0.625 0.25 0.625 0.5 0.375 0.5 0.875 0.5 0.875 0.5 0.75 0.5 0.625 0.5 0.625 0.75 0.375 0.75 0.75 0.5 0.625 0.5 0.625 0.9999993 0.75 0.5 0.625 0.5 0.625 0.9999978 0.375 0.75 0.625 0.75 0.625 1 0.375 0.5 0.375 0.75 0.125 0.75 1 0.5 0.875 0.5 0.875 0.9999985 0.375 0.75 0.625 0.75 0.625 1 1 0.5 0.875 0.5 0.875 0.9999978 0.625 0.5 0.875 0.5 0.875 0.75 0.625 0.5 0.625 0.75 0.375 0.75 0.375 0.5 0.625 0.5 0.625 0.75 0.75 1 0.75 0.5 0.875 0.5 0.5 0.5 0.625 0.5 0.625 0.9999985 0 0 0 0 0 0 0 0 0 0 0 0 0.625 0.5 0.625 0.75 0.375 0.75 0.375 0.5 0.375 0.75 0.125 0.75 0.875 1 0.875 0.5 1 0.5 0.75 1 0.75 0.5 0.875 0.5 0.125 0.5 0.25 0.5 0.25 0.9999985 0.375 0.5 0.5 0.5 0.5 0.9999985 0 0 0 0 0 0 0 0 0 0 0 0 0.375 0.5 0.375 0.75 0.125 0.75 0 0 0 0 0 0 0.1250003 1 0.25 1 0.25 0.5 0.875 1 0.875 0.5 1 0.5 0.625 0.75 0.625 1 0.375 1 0 0 0 0 0 0 0.125 0.5 0 0.5 0 0.9999985 0.625 0.5 0.875 0.5 0.875 0.75 0.875 0.5 0.875 0.75 0.625 0.75 0.625 0.5 0.625 0.75 0.375 0.75 0 0 0 0 0 0 0 0 0 0 0 0 0 0 0 0 0 0</float_array>
          <technique_common>
            <accessor source="#Cube-mesh-map-0-array" count="4284" stride="2">
              <param name="S" type="float"/>
              <param name="T" type="float"/>
            </accessor>
          </technique_common>
        </source>
        <vertices id="Cube-mesh-vertices">
          <input semantic="POSITION" source="#Cube-mesh-positions"/>
        </vertices>
        <triangles material="paintable-0-material" count="150">
          <input semantic="VERTEX" source="#Cube-mesh-vertices" offset="0"/>
          <input semantic="NORMAL" source="#Cube-mesh-normals" offset="1"/>
          <input semantic="TEXCOORD" source="#Cube-mesh-map-0" offset="2" set="0"/>
          <p>0 0 0 16 0 1 9 0 2 7 1 3 12 1 4 6 1 5 9 2 6 13 2 7 7 2 8 10 3 9 8 3 10 4 3 11 14 4 12 1 4 13 8 4 14 5 5 15 10 5 16 4 5 17 15 6 18 0 6 19 1 6 20 6 7 21 11 7 22 5 7 23 9 8 24 40 8 25 0 8 26 52 9 27 8 9 28 42 9 29 8 10 30 1 10 31 42 10 32 5 11 33 4 11 34 52 11 35 6 12 36 41 12 37 7 12 38 42 13 39 0 13 40 40 13 41 6 14 42 52 14 43 41 14 44 9 15 45 41 15 46 40 15 47 12 16 48 13 16 49 20 16 50 21 17 51 13 17 52 16 17 53 17 18 54 21 18 55 16 18 56 20 19 57 11 19 58 12 19 59 18 20 60 14 20 61 10 20 62 15 21 63 14 21 64 19 21 65 19 22 66 17 22 67 15 22 68 11 23 69 18 23 70 10 23 71 28 24 72 38 24 73 29 24 74 39 25 75 22 25 76 24 25 77 24 26 78 25 26 79 39 26 80 38 27 81 25 27 82 29 27 83 2 28 84 28 28 85 27 28 86 22 29 87 3 29 88 23 29 89 3 30 90 26 30 91 23 30 92 27 31 93 26 31 94 2 31 95 30 32 96 305 32 97 304 32 98 33 33 99 316 33 100 305 33 101 306 34 102 37 34 103 304 34 104 33 35 105 305 35 106 32 35 107 34 36 108 35 36 109 316 36 110 31 37 111 36 37 112 306 37 113 316 38 114 31 38 115 306 38 116 30 39 117 304 39 118 37 39 119 33 40 120 28 40 121 34 40 122 24 41 123 37 41 124 36 41 125 34 42 126 29 42 127 35 42 128 25 43 129 36 43 130 31 43 131 29 44 132 31 44 133 35 44 134 30 45 135 26 45 136 32 45 137 33 46 138 26 46 139 27 46 140 37 47 141 23 47 142 30 47 143 21 472 1416 570 472 1417 20 472 1418 18 473 1419 574 473 1420 19 473 1421 20 474 1422 572 474 1423 18 474 1424 21 475 1425 574 475 1426 576 475 1427 2 476 1428 570 476 1429 569 476 1430 2 477 1431 571 477 1432 38 477 1433 39 478 1434 570 478 1435 3 478 1436 38 479 1437 572 479 1438 39 479 1439 569 480 1440 575 480 1441 571 480 1442 570 481 1443 577 481 1444 569 481 1445 576 482 1446 859 482 1447 577 482 1448 571 483 1449 574 483 1450 572 483 1451 584 484 1452 859 484 1453 585 484 1454 580 485 1455 573 485 1456 578 485 1457 580 486 1458 581 486 1459 858 486 1460 859 487 1461 581 487 1462 585 487 1463 568 488 1464 584 488 1465 583 488 1466 578 489 1467 573 489 1468 579 489 1469 573 490 1470 582 490 1471 579 490 1472 583 491 1473 582 491 1474 568 491 1475 586 492 1476 595 492 1477 594 492 1478 589 493 1479 606 493 1480 595 493 1481 596 494 1482 593 494 1483 594 494 1484 589 495 1485 595 495 1486 588 495 1487 590 496 1488 591 496 1489 606 496 1490 587 497 1491 592 497 1492 596 497 1493 606 498 1494 587 498 1495 596 498 1496 586 499 1497 594 499 1498 593 499 1499 589 500 1500 584 500 1501 590 500 1502 580 501 1503 593 501 1504 592 501 1505 591 502 1506 584 502 1507 585 502 1508 581 503 1509 592 503 1510 587 503 1511 585 504 1512 587 504 1513 591 504 1514 586 505 1515 582 505 1516 588 505 1517 589 506 1518 582 506 1519 583 506 1520 593 507 1521 579 507 1522 586 507 1523 575 720 2160 573 720 2161 574 720 2162 574 721 2163 858 721 2164 576 721 2165 577 722 2166 568 722 2167 575 722 2168 0 723 2169 17 723 2170 16 723 2171 7 724 2172 13 724 2173 12 724 2174 9 725 2175 16 725 2176 13 725 2177 10 726 2178 14 726 2179 8 726 2180 14 727 2181 15 727 2182 1 727 2183 5 728 2184 11 728 2185 10 728 2186 15 729 2187 17 729 2188 0 729 2189 6 730 2190 12 730 2191 11 730 2192 52 731 2193 4 731 2194 8 731 2195 42 732 2196 1 732 2197 0 732 2198 6 733 2199 5 733 2200 52 733 2201 9 734 2202 7 734 2203 41 734 2204 21 735 2205 20 735 2206 13 735 2207 20 736 2208 18 736 2209 11 736 2210 18 737 2211 19 737 2212 14 737 2213 19 738 2214 21 738 2215 17 738 2216 39 739 2217 3 739 2218 22 739 2219 38 740 2220 39 740 2221 25 740 2222 2 741 2223 38 741 2224 28 741 2225 3 742 2226 2 742 2227 26 742 2228 30 743 2229 32 743 2230 305 743 2231 33 744 2232 34 744 2233 316 744 2234 306 745 2235 36 745 2236 37 745 2237 316 746 2238 35 746 2239 31 746 2240 33 747 2241 27 747 2242 28 747 2243 24 748 2244 22 748 2245 37 748 2246 34 749 2247 28 749 2248 29 749 2249 25 750 2250 24 750 2251 36 750 2252 29 751 2253 25 751 2254 31 751 2255 30 752 2256 23 752 2257 26 752 2258 33 753 2259 32 753 2260 26 753 2261 37 754 2262 22 754 2263 23 754 2264 21 1183 3549 576 1183 3550 570 1183 3551 18 1184 3552 572 1184 3553 574 1184 3554 20 1185 3555 570 1185 3556 572 1185 3557 21 1186 3558 19 1186 3559 574 1186 3560 2 1187 3561 3 1187 3562 570 1187 3563 2 1188 3564 569 1188 3565 571 1188 3566 39 1189 3567 572 1189 3568 570 1189 3569 38 1190 3570 571 1190 3571 572 1190 3572 569 1191 3573 577 1191 3574 575 1191 3575 570 1192 3576 576 1192 3577 577 1192 3578 576 1193 3579 858 1193 3580 859 1193 3581 571 1194 3582 575 1194 3583 574 1194 3584 580 1195 3585 858 1195 3586 573 1195 3587 859 1196 3588 858 1196 3589 581 1196 3590 568 1197 3591 859 1197 3592 584 1197 3593 573 1198 3594 568 1198 3595 582 1198 3596 586 1199 3597 588 1199 3598 595 1199 3599 589 1200 3600 590 1200 3601 606 1200 3602 596 1201 3603 592 1201 3604 593 1201 3605 606 1202 3606 591 1202 3607 587 1202 3608 589 1203 3609 583 1203 3610 584 1203 3611 580 1204 3612 578 1204 3613 593 1204 3614 591 1205 3615 590 1205 3616 584 1205 3617 581 1206 3618 580 1206 3619 592 1206 3620 585 1207 3621 581 1207 3622 587 1207 3623 586 1208 3624 579 1208 3625 582 1208 3626 589 1209 3627 588 1209 3628 582 1209 3629 593 1210 3630 578 1210 3631 579 1210 3632 575 1425 4275 568 1425 4276 573 1425 4277 574 1426 4278 573 1426 4279 858 1426 4280 577 1427 4281 859 1427 4282 568 1427 4283</p>
        </triangles>
        <triangles material="paintable-0_001-material" count="798">
          <input semantic="VERTEX" source="#Cube-mesh-vertices" offset="0"/>
          <input semantic="NORMAL" source="#Cube-mesh-normals" offset="1"/>
          <input semantic="TEXCOORD" source="#Cube-mesh-map-0" offset="2" set="0"/>
          <p>200 49 147 197 49 148 40 49 149 98 50 150 42 50 151 206 50 152 205 51 153 42 51 154 40 51 155 99 52 156 61 52 157 52 52 158 195 53 159 40 53 160 196 53 161 60 54 162 64 54 163 41 54 164 104 55 165 52 55 166 108 55 167 201 56 168 41 56 169 65 56 170 100 57 171 47 57 172 103 57 173 230 58 174 208 58 175 229 58 176 225 59 177 208 59 178 187 59 179 226 60 180 187 60 181 188 60 182 226 61 183 189 61 184 227 61 185 227 62 186 190 62 187 228 62 188 58 63 189 48 63 190 100 63 191 50 64 192 58 64 193 59 64 194 57 67 201 85 67 202 56 67 203 85 68 204 55 68 205 56 68 206 167 70 210 126 70 211 127 70 212 168 71 213 127 71 214 128 71 215 83 72 216 57 72 217 107 72 218 106 73 219 83 73 220 107 73 221 60 74 222 66 74 223 51 74 224 51 75 225 59 75 226 60 75 227 169 77 231 128 77 232 129 77 233 187 79 237 102 79 238 99 79 239 200 80 240 199 80 241 197 80 242 103 81 243 102 81 244 101 81 245 199 82 246 198 82 247 197 82 248 59 83 249 58 83 250 63 83 251 194 84 252 202 84 253 204 84 254 60 85 255 59 85 256 64 85 257 194 86 258 204 86 259 205 86 260 59 87 261 63 87 262 64 87 263 203 88 264 204 88 265 161 88 266 58 89 267 100 89 268 207 89 269 207 90 270 203 90 271 161 90 272 58 91 273 62 91 274 63 91 275 100 92 276 101 92 277 207 92 278 204 93 279 202 93 280 161 93 281 147 94 282 62 94 283 58 94 284 161 95 285 147 95 286 207 95 287 207 96 288 147 96 289 58 96 290 161 97 291 113 97 292 147 97 293 230 98 294 192 98 295 193 98 296 231 104 312 191 104 313 192 104 314 43 105 315 190 105 316 191 105 317 188 106 318 99 106 319 98 106 320 284 115 345 151 115 346 150 115 347 158 116 348 170 116 349 159 116 350 153 117 351 169 117 352 158 117 353 164 120 360 156 120 361 157 120 362 99 121 363 102 121 364 61 121 365 113 122 366 198 122 367 146 122 368 198 123 369 199 123 370 146 123 371 113 124 372 146 124 373 147 124 374 102 125 375 103 125 376 61 125 377 233 126 378 232 126 379 236 126 380 103 127 381 101 127 382 100 127 383 110 128 384 109 128 385 148 128 386 54 129 387 53 129 388 57 129 389 159 130 390 157 130 391 155 130 392 200 131 393 260 131 394 199 131 395 258 132 396 63 132 397 62 132 398 258 133 399 62 133 400 147 133 401 257 134 402 64 134 403 63 134 404 259 135 405 199 135 406 260 135 407 227 136 408 239 136 409 240 136 410 230 137 411 235 137 412 236 137 413 43 138 414 237 138 415 238 138 416 235 139 417 229 139 418 234 139 419 228 140 420 238 140 421 239 140 422 166 149 447 154 149 448 155 149 449 85 152 456 46 152 457 47 152 458 165 153 459 155 153 460 156 153 461 89 154 462 66 154 463 90 154 464 196 156 468 126 156 469 195 156 470 164 157 471 125 157 472 165 157 473 125 158 474 195 158 475 126 158 476 124 159 477 194 159 478 125 159 479 159 160 480 163 160 481 160 160 482 163 161 483 130 161 484 123 161 485 163 162 486 157 162 487 160 162 488 188 163 489 206 163 490 189 163 491 192 164 492 203 164 493 207 164 494 225 165 495 232 165 496 233 165 497 234 166 498 225 166 499 233 166 500 232 167 501 227 167 502 240 167 503 208 168 504 101 168 505 102 168 506 288 169 507 257 169 508 281 169 509 191 170 510 205 170 511 204 170 512 189 171 513 205 171 514 190 171 515 192 172 516 204 172 517 203 172 518 287 173 519 264 173 520 288 173 521 285 174 522 262 174 523 286 174 524 283 175 525 258 175 526 259 175 527 283 176 528 260 176 529 284 176 530 282 177 531 257 177 532 258 177 533 284 178 534 261 178 535 285 178 536 263 182 546 286 182 547 262 182 548 46 188 564 103 188 565 47 188 566 283 192 576 149 192 577 148 192 578 111 193 579 281 193 580 110 193 581 263 194 582 201 194 583 65 194 584 86 205 615 49 205 616 87 205 617 129 207 621 197 207 622 198 207 623 87 208 624 53 208 625 54 208 626 167 213 639 153 213 640 154 213 641 113 215 645 123 215 646 130 215 647 165 216 648 126 216 649 166 216 650 285 217 651 152 217 652 151 217 653 161 223 669 124 223 670 123 223 671 51 226 678 88 226 679 50 226 680 128 228 684 196 228 685 197 228 686 262 229 687 200 229 688 201 229 689 130 232 696 198 232 697 113 232 698 264 234 702 65 234 703 64 234 704 88 238 714 105 238 715 53 238 716 86 239 717 54 239 718 55 239 719 169 240 720 130 240 721 170 240 722 164 241 723 123 241 724 124 241 725 105 244 732 90 244 733 106 244 734 152 245 735 287 245 736 112 245 737 281 246 738 109 246 739 110 246 740 283 247 741 150 247 742 149 247 743 90 248 744 45 248 745 83 248 746 85 249 747 48 249 748 86 249 749 84 251 753 45 251 754 46 251 755 108 252 756 46 252 757 45 252 758 112 253 759 288 253 760 111 253 761 87 255 765 50 255 766 88 255 767 45 256 768 104 256 769 108 256 770 464 261 783 461 261 784 304 261 785 362 262 786 306 262 787 470 262 788 469 263 789 306 263 790 304 263 791 363 264 792 325 264 793 316 264 794 459 265 795 304 265 796 460 265 797 324 266 798 328 266 799 305 266 800 368 267 801 316 267 802 372 267 803 465 268 804 305 268 805 329 268 806 364 269 807 311 269 808 367 269 809 494 270 810 472 270 811 493 270 812 489 271 813 472 271 814 451 271 815 490 272 816 451 272 817 452 272 818 490 273 819 453 273 820 491 273 821 491 274 822 454 274 823 492 274 824 322 275 825 312 275 826 364 275 827 314 276 828 322 276 829 323 276 830 321 279 837 349 279 838 320 279 839 349 280 840 319 280 841 320 280 842 431 282 846 390 282 847 391 282 848 432 283 849 391 283 850 392 283 851 347 284 852 321 284 853 371 284 854 354 285 855 371 285 856 370 285 857 324 286 858 330 286 859 315 286 860 315 287 861 323 287 862 324 287 863 433 289 867 392 289 868 393 289 869 451 291 873 366 291 874 363 291 875 464 292 876 463 292 877 461 292 878 367 293 879 366 293 880 365 293 881 463 294 882 462 294 883 461 294 884 323 295 885 322 295 886 327 295 887 458 296 888 466 296 889 468 296 890 324 297 891 323 297 892 328 297 893 458 298 894 468 298 895 469 298 896 323 299 897 327 299 898 328 299 899 467 300 900 468 300 901 425 300 902 322 301 903 364 301 904 471 301 905 471 302 906 467 302 907 425 302 908 322 303 909 326 303 910 327 303 911 364 304 912 365 304 913 471 304 914 468 305 915 466 305 916 425 305 917 411 306 918 326 306 919 322 306 920 425 307 921 411 307 922 471 307 923 471 308 924 411 308 925 322 308 926 425 309 927 377 309 928 411 309 929 494 310 930 456 310 931 457 310 932 495 316 948 455 316 949 456 316 950 307 317 951 454 317 952 455 317 953 452 318 954 363 318 955 362 318 956 548 327 981 415 327 982 414 327 983 422 328 984 434 328 985 423 328 986 417 329 987 433 329 988 422 329 989 428 332 996 420 332 997 421 332 998 363 333 999 366 333 1000 325 333 1001 377 334 1002 462 334 1003 410 334 1004 462 335 1005 463 335 1006 410 335 1007 377 336 1008 410 336 1009 411 336 1010 366 337 1011 367 337 1012 325 337 1013 497 338 1014 496 338 1015 500 338 1016 367 339 1017 365 339 1018 364 339 1019 374 340 1020 373 340 1021 412 340 1022 318 341 1023 317 341 1024 321 341 1025 423 342 1026 421 342 1027 419 342 1028 464 343 1029 524 343 1030 463 343 1031 522 344 1032 327 344 1033 326 344 1034 522 345 1035 326 345 1036 411 345 1037 327 346 1038 528 346 1039 328 346 1040 523 347 1041 463 347 1042 524 347 1043 491 348 1044 503 348 1045 504 348 1046 494 349 1047 499 349 1048 500 349 1049 307 350 1050 501 350 1051 502 350 1052 499 351 1053 493 351 1054 498 351 1055 492 352 1056 502 352 1057 503 352 1058 430 361 1083 418 361 1084 419 361 1085 349 364 1092 310 364 1093 311 364 1094 429 365 1095 419 365 1096 420 365 1097 353 366 1098 330 366 1099 354 366 1100 460 368 1104 390 368 1105 459 368 1106 428 369 1107 389 369 1108 429 369 1109 389 370 1110 459 370 1111 390 370 1112 388 371 1113 458 371 1114 389 371 1115 423 372 1116 427 372 1117 424 372 1118 427 373 1119 394 373 1120 387 373 1121 427 374 1122 421 374 1123 424 374 1124 452 375 1125 470 375 1126 453 375 1127 456 376 1128 467 376 1129 471 376 1130 489 377 1131 496 377 1132 497 377 1133 498 378 1134 489 378 1135 497 378 1136 496 379 1137 491 379 1138 504 379 1139 472 380 1140 365 380 1141 366 380 1142 552 381 1143 521 381 1144 545 381 1145 455 382 1146 469 382 1147 468 382 1148 453 383 1149 469 383 1150 454 383 1151 456 384 1152 468 384 1153 467 384 1154 551 385 1155 528 385 1156 552 385 1157 549 386 1158 526 386 1159 550 386 1160 547 387 1161 522 387 1162 523 387 1163 547 388 1164 524 388 1165 548 388 1166 546 389 1167 521 389 1168 522 389 1169 548 390 1170 525 390 1171 549 390 1172 527 394 1182 550 394 1183 526 394 1184 310 400 1200 367 400 1201 311 400 1202 547 404 1212 413 404 1213 412 404 1214 375 405 1215 545 405 1216 374 405 1217 527 406 1218 465 406 1219 329 406 1220 350 417 1251 313 417 1252 351 417 1253 393 419 1257 461 419 1258 462 419 1259 351 420 1260 317 420 1261 318 420 1262 431 425 1275 417 425 1276 418 425 1277 377 427 1281 387 427 1282 394 427 1283 429 428 1284 390 428 1285 430 428 1286 549 429 1287 416 429 1288 415 429 1289 425 435 1305 388 435 1306 387 435 1307 315 438 1314 352 438 1315 314 438 1316 392 440 1320 460 440 1321 461 440 1322 526 441 1323 464 441 1324 465 441 1325 394 444 1332 462 444 1333 377 444 1334 528 446 1338 329 446 1339 328 446 1340 317 450 1350 353 450 1351 369 450 1352 350 451 1353 318 451 1354 319 451 1355 433 452 1356 394 452 1357 434 452 1358 428 453 1359 387 453 1360 388 453 1361 369 456 1368 354 456 1369 370 456 1370 416 457 1371 551 457 1372 376 457 1373 545 458 1374 373 458 1375 374 458 1376 547 459 1377 414 459 1378 413 459 1379 354 460 1380 309 460 1381 347 460 1382 349 461 1383 312 461 1384 350 461 1385 348 463 1389 309 463 1390 310 463 1391 372 464 1392 310 464 1393 309 464 1394 376 465 1395 552 465 1396 375 465 1397 351 467 1401 314 467 1402 352 467 1403 309 468 1404 368 468 1405 372 468 1406 754 509 1527 751 509 1528 594 509 1529 652 510 1530 596 510 1531 760 510 1532 759 511 1533 596 511 1534 594 511 1535 653 512 1536 615 512 1537 606 512 1538 749 513 1539 594 513 1540 750 513 1541 614 514 1542 618 514 1543 595 514 1544 658 515 1545 606 515 1546 662 515 1547 755 516 1548 595 516 1549 619 516 1550 654 517 1551 601 517 1552 657 517 1553 784 518 1554 762 518 1555 783 518 1556 779 519 1557 762 519 1558 741 519 1559 780 520 1560 741 520 1561 742 520 1562 780 521 1563 743 521 1564 781 521 1565 781 522 1566 744 522 1567 782 522 1568 612 523 1569 602 523 1570 654 523 1571 604 524 1572 612 524 1573 613 524 1574 611 527 1581 639 527 1582 610 527 1583 639 528 1584 609 528 1585 610 528 1586 721 530 1590 680 530 1591 681 530 1592 722 531 1593 681 531 1594 682 531 1595 637 532 1596 611 532 1597 661 532 1598 644 533 1599 661 533 1600 660 533 1601 614 534 1602 620 534 1603 605 534 1604 605 535 1605 613 535 1606 614 535 1607 723 537 1611 682 537 1612 683 537 1613 741 539 1617 656 539 1618 653 539 1619 754 540 1620 753 540 1621 751 540 1622 657 541 1623 656 541 1624 655 541 1625 753 542 1626 752 542 1627 751 542 1628 613 543 1629 612 543 1630 617 543 1631 748 544 1632 756 544 1633 758 544 1634 614 545 1635 613 545 1636 618 545 1637 748 546 1638 758 546 1639 759 546 1640 613 547 1641 617 547 1642 618 547 1643 757 548 1644 758 548 1645 715 548 1646 612 549 1647 654 549 1648 761 549 1649 761 550 1650 757 550 1651 715 550 1652 612 551 1653 616 551 1654 617 551 1655 654 552 1656 655 552 1657 761 552 1658 758 553 1659 756 553 1660 715 553 1661 701 554 1662 616 554 1663 612 554 1664 715 555 1665 701 555 1666 761 555 1667 761 556 1668 701 556 1669 612 556 1670 715 557 1671 667 557 1672 701 557 1673 784 558 1674 746 558 1675 747 558 1676 785 564 1692 745 564 1693 746 564 1694 597 565 1695 744 565 1696 745 565 1697 742 566 1698 653 566 1699 652 566 1700 838 575 1725 705 575 1726 704 575 1727 712 576 1728 724 576 1729 713 576 1730 707 577 1731 723 577 1732 712 577 1733 718 580 1740 710 580 1741 711 580 1742 653 581 1743 656 581 1744 615 581 1745 667 582 1746 752 582 1747 700 582 1748 752 583 1749 753 583 1750 700 583 1751 667 584 1752 700 584 1753 701 584 1754 656 585 1755 657 585 1756 615 585 1757 787 586 1758 786 586 1759 790 586 1760 657 587 1761 655 587 1762 654 587 1763 664 588 1764 663 588 1765 702 588 1766 608 589 1767 607 589 1768 611 589 1769 713 590 1770 711 590 1771 709 590 1772 754 591 1773 814 591 1774 753 591 1775 812 592 1776 617 592 1777 616 592 1778 812 593 1779 616 593 1780 701 593 1781 617 594 1782 818 594 1783 618 594 1784 813 595 1785 753 595 1786 814 595 1787 781 596 1788 793 596 1789 794 596 1790 784 597 1791 789 597 1792 790 597 1793 597 598 1794 791 598 1795 792 598 1796 789 599 1797 783 599 1798 788 599 1799 782 600 1800 792 600 1801 793 600 1802 720 609 1827 708 609 1828 709 609 1829 639 612 1836 600 612 1837 601 612 1838 719 613 1839 709 613 1840 710 613 1841 643 614 1842 620 614 1843 644 614 1844 750 616 1848 680 616 1849 749 616 1850 718 617 1851 679 617 1852 719 617 1853 679 618 1854 749 618 1855 680 618 1856 678 619 1857 748 619 1858 679 619 1859 713 620 1860 717 620 1861 714 620 1862 717 621 1863 684 621 1864 677 621 1865 717 622 1866 711 622 1867 714 622 1868 742 623 1869 760 623 1870 743 623 1871 746 624 1872 757 624 1873 761 624 1874 779 625 1875 786 625 1876 787 625 1877 788 626 1878 779 626 1879 787 626 1880 786 627 1881 781 627 1882 794 627 1883 762 628 1884 655 628 1885 656 628 1886 842 629 1887 811 629 1888 835 629 1889 745 630 1890 759 630 1891 758 630 1892 743 631 1893 759 631 1894 744 631 1895 746 632 1896 758 632 1897 757 632 1898 841 633 1899 818 633 1900 842 633 1901 839 634 1902 816 634 1903 840 634 1904 837 635 1905 812 635 1906 813 635 1907 837 636 1908 814 636 1909 838 636 1910 836 637 1911 811 637 1912 812 637 1913 838 638 1914 815 638 1915 839 638 1916 817 642 1926 840 642 1927 816 642 1928 600 648 1944 657 648 1945 601 648 1946 837 652 1956 703 652 1957 702 652 1958 665 653 1959 835 653 1960 664 653 1961 817 654 1962 755 654 1963 619 654 1964 640 665 1995 603 665 1996 641 665 1997 683 667 2001 751 667 2002 752 667 2003 641 668 2004 607 668 2005 608 668 2006 721 673 2019 707 673 2020 708 673 2021 667 675 2025 677 675 2026 684 675 2027 719 676 2028 680 676 2029 720 676 2030 839 677 2031 706 677 2032 705 677 2033 715 683 2049 678 683 2050 677 683 2051 605 686 2058 642 686 2059 604 686 2060 682 688 2064 750 688 2065 751 688 2066 816 689 2067 754 689 2068 755 689 2069 684 692 2076 752 692 2077 667 692 2078 818 694 2082 619 694 2083 618 694 2084 607 698 2094 643 698 2095 659 698 2096 640 699 2097 608 699 2098 609 699 2099 723 700 2100 684 700 2101 724 700 2102 718 701 2103 677 701 2104 678 701 2105 659 704 2112 644 704 2113 660 704 2114 706 705 2115 841 705 2116 666 705 2117 835 706 2118 663 706 2119 664 706 2120 837 707 2121 704 707 2122 703 707 2123 644 708 2124 599 708 2125 637 708 2126 639 709 2127 602 709 2128 640 709 2129 638 711 2133 599 711 2134 600 711 2135 662 712 2136 600 712 2137 599 712 2138 666 713 2139 842 713 2140 665 713 2141 641 715 2145 604 715 2146 642 715 2147 599 716 2148 658 716 2149 662 716 2150 197 756 2268 196 756 2269 40 756 2270 40 757 2271 41 757 2272 200 757 2273 41 758 2274 201 758 2275 200 758 2276 40 759 2277 195 759 2278 194 759 2279 205 760 2280 206 760 2281 42 760 2282 40 761 2283 194 761 2284 205 761 2285 52 762 2286 42 762 2287 99 762 2288 42 763 2289 98 763 2290 99 763 2291 61 764 2292 108 764 2293 52 764 2294 64 765 2295 65 765 2296 41 765 2297 41 766 2298 52 766 2299 60 766 2300 52 767 2301 104 767 2302 60 767 2303 100 768 2304 48 768 2305 47 768 2306 230 769 2307 193 769 2308 208 769 2309 225 770 2310 229 770 2311 208 770 2312 226 771 2313 225 771 2314 187 771 2315 226 772 2316 188 772 2317 189 772 2318 227 773 2319 189 773 2320 190 773 2321 58 774 2322 49 774 2323 48 774 2324 50 775 2325 49 775 2326 58 775 2327 57 778 2334 84 778 2335 85 778 2336 85 779 2337 86 779 2338 55 779 2339 167 781 2343 166 781 2344 126 781 2345 168 782 2346 167 782 2347 127 782 2348 83 783 2349 84 783 2350 57 783 2351 106 784 2352 90 784 2353 83 784 2354 60 785 2355 104 785 2356 66 785 2357 51 786 2358 50 786 2359 59 786 2360 169 788 2364 168 788 2365 128 788 2366 187 790 2370 208 790 2371 102 790 2372 230 791 2373 231 791 2374 192 791 2375 231 797 2391 43 797 2392 191 797 2393 43 798 2394 228 798 2395 190 798 2396 188 799 2397 187 799 2398 99 799 2399 284 808 2424 285 808 2425 151 808 2426 158 809 2427 169 809 2428 170 809 2429 153 810 2430 168 810 2431 169 810 2432 164 813 2439 165 813 2440 156 813 2441 232 814 2442 240 814 2443 236 814 2444 240 815 2445 239 815 2446 236 815 2447 239 816 2448 238 816 2449 236 816 2450 238 817 2451 237 817 2452 236 817 2453 236 818 2454 235 818 2455 234 818 2456 234 819 2457 233 819 2458 236 819 2459 148 820 2460 149 820 2461 150 820 2462 150 821 2463 151 821 2464 148 821 2465 151 822 2466 152 822 2467 148 822 2468 152 823 2469 112 823 2470 148 823 2471 112 824 2472 111 824 2473 148 824 2474 111 825 2475 110 825 2476 148 825 2477 53 826 2478 105 826 2479 57 826 2480 105 827 2481 106 827 2482 57 827 2483 106 828 2484 107 828 2485 57 828 2486 57 829 2487 56 829 2488 55 829 2489 55 830 2490 54 830 2491 57 830 2492 153 831 2493 158 831 2494 159 831 2495 159 832 2496 160 832 2497 157 832 2498 157 833 2499 156 833 2500 155 833 2501 155 834 2502 154 834 2503 153 834 2504 153 835 2505 159 835 2506 155 835 2507 200 836 2508 261 836 2509 260 836 2510 258 837 2511 257 837 2512 63 837 2513 146 838 2514 259 838 2515 147 838 2516 259 839 2517 258 839 2518 147 839 2519 257 840 2520 264 840 2521 64 840 2522 259 841 2523 146 841 2524 199 841 2525 227 842 2526 228 842 2527 239 842 2528 236 843 2529 237 843 2530 231 843 2531 231 844 2532 230 844 2533 236 844 2534 43 845 2535 231 845 2536 237 845 2537 235 846 2538 230 846 2539 229 846 2540 228 847 2541 43 847 2542 238 847 2543 166 856 2568 167 856 2569 154 856 2570 85 859 2577 84 859 2578 46 859 2579 165 860 2580 166 860 2581 155 860 2582 89 861 2583 51 861 2584 66 861 2585 196 863 2589 127 863 2590 126 863 2591 164 864 2592 124 864 2593 125 864 2594 125 865 2595 194 865 2596 195 865 2597 124 866 2598 202 866 2599 194 866 2600 159 867 2601 170 867 2602 163 867 2603 163 868 2604 170 868 2605 130 868 2606 163 869 2607 164 869 2608 157 869 2609 188 870 2610 98 870 2611 206 870 2612 207 871 2613 101 871 2614 193 871 2615 193 872 2616 192 872 2617 207 872 2618 225 873 2619 226 873 2620 232 873 2621 234 874 2622 229 874 2623 225 874 2624 232 875 2625 226 875 2626 227 875 2627 208 876 2628 193 876 2629 101 876 2630 288 877 2631 264 877 2632 257 877 2633 191 878 2634 190 878 2635 205 878 2636 189 879 2637 206 879 2638 205 879 2639 192 880 2640 191 880 2641 204 880 2642 287 881 2643 263 881 2644 264 881 2645 285 882 2646 261 882 2647 262 882 2648 283 883 2649 282 883 2650 258 883 2651 283 884 2652 259 884 2653 260 884 2654 282 885 2655 281 885 2656 257 885 2657 284 886 2658 260 886 2659 261 886 2660 263 890 2670 287 890 2671 286 890 2672 46 896 2688 61 896 2689 103 896 2690 148 900 2700 109 900 2701 282 900 2702 282 901 2703 283 901 2704 148 901 2705 111 902 2706 288 902 2707 281 902 2708 263 903 2709 262 903 2710 201 903 2711 86 914 2742 48 914 2743 49 914 2744 129 916 2748 128 916 2749 197 916 2750 87 917 2751 88 917 2752 53 917 2753 167 922 2766 168 922 2767 153 922 2768 113 924 2772 161 924 2773 123 924 2774 165 925 2775 125 925 2776 126 925 2777 285 926 2778 286 926 2779 152 926 2780 161 932 2796 202 932 2797 124 932 2798 51 935 2805 89 935 2806 88 935 2807 128 937 2811 127 937 2812 196 937 2813 262 938 2814 261 938 2815 200 938 2816 130 941 2823 129 941 2824 198 941 2825 264 943 2829 263 943 2830 65 943 2831 88 947 2841 89 947 2842 105 947 2843 86 948 2844 87 948 2845 54 948 2846 169 949 2847 129 949 2848 130 949 2849 164 950 2850 163 950 2851 123 950 2852 105 953 2859 89 953 2860 90 953 2861 152 954 2862 286 954 2863 287 954 2864 281 955 2865 282 955 2866 109 955 2867 283 956 2868 284 956 2869 150 956 2870 90 957 2871 66 957 2872 45 957 2873 85 958 2874 47 958 2875 48 958 2876 84 960 2880 83 960 2881 45 960 2882 108 961 2883 61 961 2884 46 961 2885 112 962 2886 287 962 2887 288 962 2888 87 964 2892 49 964 2893 50 964 2894 45 965 2895 66 965 2896 104 965 2897 461 970 2910 460 970 2911 304 970 2912 304 971 2913 305 971 2914 464 971 2915 305 972 2916 465 972 2917 464 972 2918 304 973 2919 459 973 2920 458 973 2921 469 974 2922 470 974 2923 306 974 2924 304 975 2925 458 975 2926 469 975 2927 316 976 2928 306 976 2929 363 976 2930 306 977 2931 362 977 2932 363 977 2933 325 978 2934 372 978 2935 316 978 2936 328 979 2937 329 979 2938 305 979 2939 305 980 2940 316 980 2941 324 980 2942 316 981 2943 368 981 2944 324 981 2945 364 982 2946 312 982 2947 311 982 2948 494 983 2949 457 983 2950 472 983 2951 489 984 2952 493 984 2953 472 984 2954 490 985 2955 489 985 2956 451 985 2957 490 986 2958 452 986 2959 453 986 2960 491 987 2961 453 987 2962 454 987 2963 322 988 2964 313 988 2965 312 988 2966 314 989 2967 313 989 2968 322 989 2969 321 992 2976 348 992 2977 349 992 2978 349 993 2979 350 993 2980 319 993 2981 431 995 2985 430 995 2986 390 995 2987 432 996 2988 431 996 2989 391 996 2990 347 997 2991 348 997 2992 321 997 2993 354 998 2994 347 998 2995 371 998 2996 324 999 2997 368 999 2998 330 999 2999 315 1000 3000 314 1000 3001 323 1000 3002 433 1002 3006 432 1002 3007 392 1002 3008 451 1004 3012 472 1004 3013 366 1004 3014 494 1005 3015 495 1005 3016 456 1005 3017 495 1011 3033 307 1011 3034 455 1011 3035 307 1012 3036 492 1012 3037 454 1012 3038 452 1013 3039 451 1013 3040 363 1013 3041 548 1022 3066 549 1022 3067 415 1022 3068 422 1023 3069 433 1023 3070 434 1023 3071 417 1024 3072 432 1024 3073 433 1024 3074 428 1027 3081 429 1027 3082 420 1027 3083 496 1028 3084 504 1028 3085 500 1028 3086 504 1029 3087 503 1029 3088 500 1029 3089 503 1030 3090 502 1030 3091 500 1030 3092 502 1031 3093 501 1031 3094 500 1031 3095 500 1032 3096 499 1032 3097 498 1032 3098 498 1033 3099 497 1033 3100 500 1033 3101 412 1034 3102 413 1034 3103 414 1034 3104 414 1035 3105 415 1035 3106 412 1035 3107 415 1036 3108 416 1036 3109 412 1036 3110 416 1037 3111 376 1037 3112 412 1037 3113 376 1038 3114 375 1038 3115 412 1038 3116 375 1039 3117 374 1039 3118 412 1039 3119 317 1040 3120 369 1040 3121 321 1040 3122 369 1041 3123 370 1041 3124 321 1041 3125 370 1042 3126 371 1042 3127 321 1042 3128 321 1043 3129 320 1043 3130 319 1043 3131 319 1044 3132 318 1044 3133 321 1044 3134 417 1045 3135 422 1045 3136 423 1045 3137 423 1046 3138 424 1046 3139 421 1046 3140 421 1047 3141 420 1047 3142 419 1047 3143 419 1048 3144 418 1048 3145 417 1048 3146 417 1049 3147 423 1049 3148 419 1049 3149 464 1050 3150 525 1050 3151 524 1050 3152 522 1051 3153 521 1051 3154 327 1051 3155 410 1052 3156 523 1052 3157 411 1052 3158 523 1053 3159 522 1053 3160 411 1053 3161 327 1054 3162 521 1054 3163 528 1054 3164 523 1055 3165 410 1055 3166 463 1055 3167 491 1056 3168 492 1056 3169 503 1056 3170 500 1057 3171 501 1057 3172 495 1057 3173 495 1058 3174 494 1058 3175 500 1058 3176 307 1059 3177 495 1059 3178 501 1059 3179 499 1060 3180 494 1060 3181 493 1060 3182 492 1061 3183 307 1061 3184 502 1061 3185 430 1070 3210 431 1070 3211 418 1070 3212 349 1073 3219 348 1073 3220 310 1073 3221 429 1074 3222 430 1074 3223 419 1074 3224 353 1075 3225 315 1075 3226 330 1075 3227 460 1077 3231 391 1077 3232 390 1077 3233 428 1078 3234 388 1078 3235 389 1078 3236 389 1079 3237 458 1079 3238 459 1079 3239 388 1080 3240 466 1080 3241 458 1080 3242 423 1081 3243 434 1081 3244 427 1081 3245 427 1082 3246 434 1082 3247 394 1082 3248 427 1083 3249 428 1083 3250 421 1083 3251 452 1084 3252 362 1084 3253 470 1084 3254 471 1085 3255 365 1085 3256 457 1085 3257 457 1086 3258 456 1086 3259 471 1086 3260 489 1087 3261 490 1087 3262 496 1087 3263 498 1088 3264 493 1088 3265 489 1088 3266 496 1089 3267 490 1089 3268 491 1089 3269 472 1090 3270 457 1090 3271 365 1090 3272 552 1091 3273 528 1091 3274 521 1091 3275 455 1092 3276 454 1092 3277 469 1092 3278 453 1093 3279 470 1093 3280 469 1093 3281 456 1094 3282 455 1094 3283 468 1094 3284 551 1095 3285 527 1095 3286 528 1095 3287 549 1096 3288 525 1096 3289 526 1096 3290 547 1097 3291 546 1097 3292 522 1097 3293 547 1098 3294 523 1098 3295 524 1098 3296 546 1099 3297 545 1099 3298 521 1099 3299 548 1100 3300 524 1100 3301 525 1100 3302 527 1104 3312 551 1104 3313 550 1104 3314 310 1110 3330 325 1110 3331 367 1110 3332 412 1114 3342 373 1114 3343 546 1114 3344 546 1115 3345 547 1115 3346 412 1115 3347 375 1116 3348 552 1116 3349 545 1116 3350 527 1117 3351 526 1117 3352 465 1117 3353 350 1128 3384 312 1128 3385 313 1128 3386 393 1130 3390 392 1130 3391 461 1130 3392 351 1131 3393 352 1131 3394 317 1131 3395 431 1136 3408 432 1136 3409 417 1136 3410 377 1138 3414 425 1138 3415 387 1138 3416 429 1139 3417 389 1139 3418 390 1139 3419 549 1140 3420 550 1140 3421 416 1140 3422 425 1146 3438 466 1146 3439 388 1146 3440 315 1149 3447 353 1149 3448 352 1149 3449 392 1151 3453 391 1151 3454 460 1151 3455 526 1152 3456 525 1152 3457 464 1152 3458 394 1155 3465 393 1155 3466 462 1155 3467 528 1157 3471 527 1157 3472 329 1157 3473 317 1161 3483 352 1161 3484 353 1161 3485 350 1162 3486 351 1162 3487 318 1162 3488 433 1163 3489 393 1163 3490 394 1163 3491 428 1164 3492 427 1164 3493 387 1164 3494 369 1167 3501 353 1167 3502 354 1167 3503 416 1168 3504 550 1168 3505 551 1168 3506 545 1169 3507 546 1169 3508 373 1169 3509 547 1170 3510 548 1170 3511 414 1170 3512 354 1171 3513 330 1171 3514 309 1171 3515 349 1172 3516 311 1172 3517 312 1172 3518 348 1174 3522 347 1174 3523 309 1174 3524 372 1175 3525 325 1175 3526 310 1175 3527 376 1176 3528 551 1176 3529 552 1176 3530 351 1178 3534 313 1178 3535 314 1178 3536 309 1179 3537 330 1179 3538 368 1179 3539 751 1212 3636 750 1212 3637 594 1212 3638 594 1213 3639 595 1213 3640 754 1213 3641 595 1214 3642 755 1214 3643 754 1214 3644 594 1215 3645 749 1215 3646 748 1215 3647 759 1216 3648 760 1216 3649 596 1216 3650 594 1217 3651 748 1217 3652 759 1217 3653 606 1218 3654 596 1218 3655 653 1218 3656 596 1219 3657 652 1219 3658 653 1219 3659 615 1220 3660 662 1220 3661 606 1220 3662 618 1221 3663 619 1221 3664 595 1221 3665 595 1222 3666 606 1222 3667 614 1222 3668 606 1223 3669 658 1223 3670 614 1223 3671 654 1224 3672 602 1224 3673 601 1224 3674 784 1225 3675 747 1225 3676 762 1225 3677 779 1226 3678 783 1226 3679 762 1226 3680 780 1227 3681 779 1227 3682 741 1227 3683 780 1228 3684 742 1228 3685 743 1228 3686 781 1229 3687 743 1229 3688 744 1229 3689 612 1230 3690 603 1230 3691 602 1230 3692 604 1231 3693 603 1231 3694 612 1231 3695 611 1234 3702 638 1234 3703 639 1234 3704 639 1235 3705 640 1235 3706 609 1235 3707 721 1237 3711 720 1237 3712 680 1237 3713 722 1238 3714 721 1238 3715 681 1238 3716 637 1239 3717 638 1239 3718 611 1239 3719 644 1240 3720 637 1240 3721 661 1240 3722 614 1241 3723 658 1241 3724 620 1241 3725 605 1242 3726 604 1242 3727 613 1242 3728 723 1244 3732 722 1244 3733 682 1244 3734 741 1246 3738 762 1246 3739 656 1246 3740 784 1247 3741 785 1247 3742 746 1247 3743 785 1253 3759 597 1253 3760 745 1253 3761 597 1254 3762 782 1254 3763 744 1254 3764 742 1255 3765 741 1255 3766 653 1255 3767 838 1264 3792 839 1264 3793 705 1264 3794 712 1265 3795 723 1265 3796 724 1265 3797 707 1266 3798 722 1266 3799 723 1266 3800 718 1269 3807 719 1269 3808 710 1269 3809 786 1270 3810 794 1270 3811 790 1270 3812 794 1271 3813 793 1271 3814 790 1271 3815 793 1272 3816 792 1272 3817 790 1272 3818 792 1273 3819 791 1273 3820 790 1273 3821 790 1274 3822 789 1274 3823 788 1274 3824 788 1275 3825 787 1275 3826 790 1275 3827 702 1276 3828 703 1276 3829 704 1276 3830 704 1277 3831 705 1277 3832 702 1277 3833 705 1278 3834 706 1278 3835 702 1278 3836 706 1279 3837 666 1279 3838 702 1279 3839 666 1280 3840 665 1280 3841 702 1280 3842 665 1281 3843 664 1281 3844 702 1281 3845 607 1282 3846 659 1282 3847 611 1282 3848 659 1283 3849 660 1283 3850 611 1283 3851 660 1284 3852 661 1284 3853 611 1284 3854 611 1285 3855 610 1285 3856 609 1285 3857 609 1286 3858 608 1286 3859 611 1286 3860 707 1287 3861 712 1287 3862 713 1287 3863 713 1288 3864 714 1288 3865 711 1288 3866 711 1289 3867 710 1289 3868 709 1289 3869 709 1290 3870 708 1290 3871 707 1290 3872 707 1291 3873 713 1291 3874 709 1291 3875 754 1292 3876 815 1292 3877 814 1292 3878 812 1293 3879 811 1293 3880 617 1293 3881 700 1294 3882 813 1294 3883 701 1294 3884 813 1295 3885 812 1295 3886 701 1295 3887 617 1296 3888 811 1296 3889 818 1296 3890 813 1297 3891 700 1297 3892 753 1297 3893 781 1298 3894 782 1298 3895 793 1298 3896 790 1299 3897 791 1299 3898 785 1299 3899 785 1300 3900 784 1300 3901 790 1300 3902 597 1301 3903 785 1301 3904 791 1301 3905 789 1302 3906 784 1302 3907 783 1302 3908 782 1303 3909 597 1303 3910 792 1303 3911 720 1312 3936 721 1312 3937 708 1312 3938 639 1315 3945 638 1315 3946 600 1315 3947 719 1316 3948 720 1316 3949 709 1316 3950 643 1317 3951 605 1317 3952 620 1317 3953 750 1319 3957 681 1319 3958 680 1319 3959 718 1320 3960 678 1320 3961 679 1320 3962 679 1321 3963 748 1321 3964 749 1321 3965 678 1322 3966 756 1322 3967 748 1322 3968 713 1323 3969 724 1323 3970 717 1323 3971 717 1324 3972 724 1324 3973 684 1324 3974 717 1325 3975 718 1325 3976 711 1325 3977 742 1326 3978 652 1326 3979 760 1326 3980 761 1327 3981 655 1327 3982 747 1327 3983 747 1328 3984 746 1328 3985 761 1328 3986 779 1329 3987 780 1329 3988 786 1329 3989 788 1330 3990 783 1330 3991 779 1330 3992 786 1331 3993 780 1331 3994 781 1331 3995 762 1332 3996 747 1332 3997 655 1332 3998 842 1333 3999 818 1333 4000 811 1333 4001 745 1334 4002 744 1334 4003 759 1334 4004 743 1335 4005 760 1335 4006 759 1335 4007 746 1336 4008 745 1336 4009 758 1336 4010 841 1337 4011 817 1337 4012 818 1337 4013 839 1338 4014 815 1338 4015 816 1338 4016 837 1339 4017 836 1339 4018 812 1339 4019 837 1340 4020 813 1340 4021 814 1340 4022 836 1341 4023 835 1341 4024 811 1341 4025 838 1342 4026 814 1342 4027 815 1342 4028 817 1346 4038 841 1346 4039 840 1346 4040 600 1352 4056 615 1352 4057 657 1352 4058 702 1356 4068 663 1356 4069 836 1356 4070 836 1357 4071 837 1357 4072 702 1357 4073 665 1358 4074 842 1358 4075 835 1358 4076 817 1359 4077 816 1359 4078 755 1359 4079 640 1370 4110 602 1370 4111 603 1370 4112 683 1372 4116 682 1372 4117 751 1372 4118 641 1373 4119 642 1373 4120 607 1373 4121 721 1378 4134 722 1378 4135 707 1378 4136 667 1380 4140 715 1380 4141 677 1380 4142 719 1381 4143 679 1381 4144 680 1381 4145 839 1382 4146 840 1382 4147 706 1382 4148 715 1388 4164 756 1388 4165 678 1388 4166 605 1391 4173 643 1391 4174 642 1391 4175 682 1393 4179 681 1393 4180 750 1393 4181 816 1394 4182 815 1394 4183 754 1394 4184 684 1397 4191 683 1397 4192 752 1397 4193 818 1399 4197 817 1399 4198 619 1399 4199 607 1403 4209 642 1403 4210 643 1403 4211 640 1404 4212 641 1404 4213 608 1404 4214 723 1405 4215 683 1405 4216 684 1405 4217 718 1406 4218 717 1406 4219 677 1406 4220 659 1409 4227 643 1409 4228 644 1409 4229 706 1410 4230 840 1410 4231 841 1410 4232 835 1411 4233 836 1411 4234 663 1411 4235 837 1412 4236 838 1412 4237 704 1412 4238 644 1413 4239 620 1413 4240 599 1413 4241 639 1414 4242 601 1414 4243 602 1414 4244 638 1416 4248 637 1416 4249 599 1416 4250 662 1417 4251 615 1417 4252 600 1417 4253 666 1418 4254 841 1418 4255 842 1418 4256 641 1420 4260 603 1420 4261 604 1420 4262 599 1421 4263 620 1421 4264 658 1421 4265</p>
        </triangles>
        <triangles material="lightgrey_001-material" count="480">
          <input semantic="VERTEX" source="#Cube-mesh-vertices" offset="0"/>
          <input semantic="NORMAL" source="#Cube-mesh-normals" offset="1"/>
          <input semantic="TEXCOORD" source="#Cube-mesh-map-0" offset="2" set="0"/>
          <p>138 48 144 95 48 145 96 48 146 136 65 195 96 65 196 93 65 197 140 66 198 118 66 199 119 66 200 134 69 207 116 69 208 97 69 209 131 76 228 116 76 229 133 76 230 76 78 234 77 78 235 78 78 236 209 99 297 180 99 298 211 99 299 210 100 300 177 100 301 178 100 302 212 101 303 180 101 304 177 101 305 210 102 306 211 102 307 212 102 308 179 103 309 210 103 310 178 103 311 76 107 321 300 107 322 301 107 323 292 108 324 72 108 325 291 108 326 72 109 327 294 109 328 291 109 329 70 110 330 298 110 331 295 110 332 297 111 333 68 111 334 296 111 335 303 112 336 81 112 337 79 112 338 80 113 339 290 113 340 44 113 341 303 114 342 80 114 343 44 114 344 80 118 354 81 118 355 82 118 356 81 119 357 290 119 358 82 119 359 215 141 423 176 141 424 216 141 425 214 142 426 215 142 427 216 142 428 174 143 429 214 143 430 173 143 431 217 144 432 181 144 433 219 144 434 218 145 435 182 145 436 183 145 437 220 146 438 181 146 439 182 146 440 214 147 441 176 147 442 173 147 443 174 148 444 215 148 445 213 148 446 139 150 450 117 150 451 141 150 452 139 151 453 142 151 454 140 151 455 162 155 465 91 155 466 92 155 467 265 179 537 268 179 538 266 179 539 265 180 540 250 180 541 267 180 542 266 181 543 247 181 544 248 181 545 268 183 549 250 183 550 247 183 551 185 184 552 223 184 553 221 184 554 222 185 555 172 185 556 186 185 557 223 186 558 172 186 559 224 186 560 221 187 561 224 187 562 222 187 563 185 189 567 222 189 568 186 189 569 184 190 570 218 190 571 183 190 572 217 191 573 220 191 574 218 191 575 254 195 585 274 195 586 253 195 587 136 196 588 137 196 589 138 196 590 274 197 591 252 197 592 253 197 593 276 198 594 251 198 595 252 198 596 269 199 597 245 199 598 271 199 599 270 200 600 246 200 601 243 200 602 272 201 603 245 201 604 246 201 605 269 202 606 272 202 607 270 202 608 244 203 609 270 203 610 243 203 611 273 204 612 251 204 613 275 204 614 67 206 618 298 206 619 69 206 620 121 209 627 144 209 628 122 209 629 249 210 630 266 210 631 248 210 632 71 211 633 74 211 634 72 211 635 302 212 636 76 212 637 301 212 638 135 214 642 95 214 643 137 214 644 255 218 654 278 218 655 256 218 656 94 219 657 136 219 658 93 219 659 115 220 660 132 220 661 114 220 662 142 221 663 117 221 664 118 221 665 144 222 666 92 222 667 122 222 668 143 224 672 91 224 673 145 224 674 120 225 675 140 225 676 119 225 677 67 227 681 70 227 682 68 227 683 78 230 690 299 230 691 300 230 692 278 231 693 242 231 694 256 231 695 280 233 699 241 233 700 242 233 701 277 235 705 241 235 706 279 235 707 273 236 708 276 236 709 274 236 710 278 237 711 279 237 712 280 237 713 143 242 726 162 242 727 144 242 728 132 243 729 97 243 730 114 243 731 68 250 750 295 250 751 296 250 752 73 254 762 294 254 763 74 254 764 75 257 771 299 257 772 77 257 773 292 258 774 73 258 775 71 258 776 131 259 777 134 259 778 132 259 779 402 260 780 359 260 781 360 260 782 400 277 831 360 277 832 357 277 833 404 278 834 382 278 835 383 278 836 398 281 843 380 281 844 361 281 845 395 288 864 380 288 865 397 288 866 340 290 870 341 290 871 342 290 872 473 311 933 444 311 934 475 311 935 474 312 936 441 312 937 442 312 938 476 313 939 444 313 940 441 313 941 474 314 942 475 314 943 476 314 944 443 315 945 474 315 946 442 315 947 340 319 957 564 319 958 565 319 959 556 320 960 336 320 961 555 320 962 336 321 963 558 321 964 555 321 965 334 322 966 562 322 967 559 322 968 561 323 969 332 323 970 560 323 971 567 324 972 345 324 973 343 324 974 344 325 975 554 325 976 308 325 977 567 326 978 344 326 979 308 326 980 344 330 990 345 330 991 346 330 992 345 331 993 554 331 994 346 331 995 479 353 1059 440 353 1060 480 353 1061 478 354 1062 479 354 1063 480 354 1064 438 355 1065 478 355 1066 437 355 1067 481 356 1068 445 356 1069 483 356 1070 482 357 1071 446 357 1072 447 357 1073 484 358 1074 445 358 1075 446 358 1076 478 359 1077 440 359 1078 437 359 1079 438 360 1080 479 360 1081 477 360 1082 403 362 1086 381 362 1087 405 362 1088 403 363 1089 406 363 1090 404 363 1091 426 367 1101 355 367 1102 356 367 1103 529 391 1173 532 391 1174 530 391 1175 529 392 1176 514 392 1177 531 392 1178 530 393 1179 511 393 1180 512 393 1181 532 395 1185 514 395 1186 511 395 1187 449 396 1188 487 396 1189 485 396 1190 486 397 1191 436 397 1192 450 397 1193 487 398 1194 436 398 1195 488 398 1196 485 399 1197 488 399 1198 486 399 1199 449 401 1203 486 401 1204 450 401 1205 448 402 1206 482 402 1207 447 402 1208 481 403 1209 484 403 1210 482 403 1211 518 407 1221 538 407 1222 517 407 1223 400 408 1224 401 408 1225 402 408 1226 538 409 1227 516 409 1228 517 409 1229 540 410 1230 515 410 1231 516 410 1232 533 411 1233 509 411 1234 535 411 1235 534 412 1236 510 412 1237 507 412 1238 536 413 1239 509 413 1240 510 413 1241 533 414 1242 536 414 1243 534 414 1244 508 415 1245 534 415 1246 507 415 1247 537 416 1248 515 416 1249 539 416 1250 331 418 1254 562 418 1255 333 418 1256 385 421 1263 408 421 1264 386 421 1265 513 422 1266 530 422 1267 512 422 1268 335 423 1269 338 423 1270 336 423 1271 566 424 1272 340 424 1273 565 424 1274 399 426 1278 359 426 1279 401 426 1280 519 430 1290 542 430 1291 520 430 1292 358 431 1293 400 431 1294 357 431 1295 379 432 1296 396 432 1297 378 432 1298 406 433 1299 381 433 1300 382 433 1301 408 434 1302 356 434 1303 386 434 1304 407 436 1308 355 436 1309 409 436 1310 384 437 1311 404 437 1312 383 437 1313 331 439 1317 334 439 1318 332 439 1319 342 442 1326 563 442 1327 564 442 1328 542 443 1329 506 443 1330 520 443 1331 544 445 1335 505 445 1336 506 445 1337 541 447 1341 505 447 1342 543 447 1343 537 448 1344 540 448 1345 538 448 1346 542 449 1347 543 449 1348 544 449 1349 407 454 1362 426 454 1363 408 454 1364 396 455 1365 361 455 1366 378 455 1367 332 462 1386 559 462 1387 560 462 1388 337 466 1398 558 466 1399 338 466 1400 339 469 1407 563 469 1408 341 469 1409 556 470 1410 337 470 1411 335 470 1412 395 471 1413 398 471 1414 396 471 1415 692 508 1524 649 508 1525 650 508 1526 690 525 1575 650 525 1576 647 525 1577 694 526 1578 672 526 1579 673 526 1580 688 529 1587 670 529 1588 651 529 1589 685 536 1608 670 536 1609 687 536 1610 630 538 1614 631 538 1615 632 538 1616 763 559 1677 734 559 1678 765 559 1679 764 560 1680 731 560 1681 732 560 1682 766 561 1683 734 561 1684 731 561 1685 764 562 1686 765 562 1687 766 562 1688 733 563 1689 764 563 1690 732 563 1691 630 567 1701 854 567 1702 855 567 1703 846 568 1704 626 568 1705 845 568 1706 626 569 1707 848 569 1708 845 569 1709 624 570 1710 852 570 1711 849 570 1712 851 571 1713 622 571 1714 850 571 1715 857 572 1716 635 572 1717 633 572 1718 634 573 1719 844 573 1720 598 573 1721 857 574 1722 634 574 1723 598 574 1724 634 578 1734 635 578 1735 636 578 1736 635 579 1737 844 579 1738 636 579 1739 769 601 1803 730 601 1804 770 601 1805 768 602 1806 769 602 1807 770 602 1808 728 603 1809 768 603 1810 727 603 1811 771 604 1812 735 604 1813 773 604 1814 772 605 1815 736 605 1816 737 605 1817 774 606 1818 735 606 1819 736 606 1820 768 607 1821 730 607 1822 727 607 1823 728 608 1824 769 608 1825 767 608 1826 693 610 1830 671 610 1831 695 610 1832 693 611 1833 696 611 1834 694 611 1835 716 615 1845 645 615 1846 646 615 1847 819 639 1917 822 639 1918 820 639 1919 819 640 1920 804 640 1921 821 640 1922 820 641 1923 801 641 1924 802 641 1925 822 643 1929 804 643 1930 801 643 1931 739 644 1932 777 644 1933 775 644 1934 776 645 1935 726 645 1936 740 645 1937 777 646 1938 726 646 1939 778 646 1940 775 647 1941 778 647 1942 776 647 1943 739 649 1947 776 649 1948 740 649 1949 738 650 1950 772 650 1951 737 650 1952 771 651 1953 774 651 1954 772 651 1955 808 655 1965 828 655 1966 807 655 1967 690 656 1968 691 656 1969 692 656 1970 828 657 1971 806 657 1972 807 657 1973 830 658 1974 805 658 1975 806 658 1976 823 659 1977 799 659 1978 825 659 1979 824 660 1980 800 660 1981 797 660 1982 826 661 1983 799 661 1984 800 661 1985 823 662 1986 826 662 1987 824 662 1988 798 663 1989 824 663 1990 797 663 1991 827 664 1992 805 664 1993 829 664 1994 621 666 1998 852 666 1999 623 666 2000 675 669 2007 698 669 2008 676 669 2009 803 670 2010 820 670 2011 802 670 2012 625 671 2013 628 671 2014 626 671 2015 856 672 2016 630 672 2017 855 672 2018 689 674 2022 649 674 2023 691 674 2024 809 678 2034 832 678 2035 810 678 2036 648 679 2037 690 679 2038 647 679 2039 669 680 2040 686 680 2041 668 680 2042 696 681 2043 671 681 2044 672 681 2045 698 682 2046 646 682 2047 676 682 2048 697 684 2052 645 684 2053 699 684 2054 674 685 2055 694 685 2056 673 685 2057 621 687 2061 624 687 2062 622 687 2063 632 690 2070 853 690 2071 854 690 2072 832 691 2073 796 691 2074 810 691 2075 834 693 2079 795 693 2080 796 693 2081 831 695 2085 795 695 2086 833 695 2087 827 696 2088 830 696 2089 828 696 2090 832 697 2091 833 697 2092 834 697 2093 697 702 2106 716 702 2107 698 702 2108 686 703 2109 651 703 2110 668 703 2111 622 710 2130 849 710 2131 850 710 2132 627 714 2142 848 714 2143 628 714 2144 629 717 2151 853 717 2152 631 717 2153 846 718 2154 627 718 2155 625 718 2156 685 719 2157 688 719 2158 686 719 2159 138 755 2265 137 755 2266 95 755 2267 136 776 2328 138 776 2329 96 776 2330 140 777 2331 142 777 2332 118 777 2333 134 780 2340 133 780 2341 116 780 2342 131 787 2361 115 787 2362 116 787 2363 76 789 2367 75 789 2368 77 789 2369 209 792 2376 179 792 2377 180 792 2378 210 793 2379 212 793 2380 177 793 2381 212 794 2382 211 794 2383 180 794 2384 210 795 2385 209 795 2386 211 795 2387 179 796 2388 209 796 2389 210 796 2390 76 800 2400 78 800 2401 300 800 2402 292 801 2403 71 801 2404 72 801 2405 72 802 2406 74 802 2407 294 802 2408 70 803 2409 69 803 2410 298 803 2411 297 804 2412 67 804 2413 68 804 2414 303 805 2415 289 805 2416 81 805 2417 80 806 2418 82 806 2419 290 806 2420 303 807 2421 79 807 2422 80 807 2423 80 811 2433 79 811 2434 81 811 2435 81 812 2436 289 812 2437 290 812 2438 215 848 2544 175 848 2545 176 848 2546 214 849 2547 213 849 2548 215 849 2549 174 850 2550 213 850 2551 214 850 2552 217 851 2553 184 851 2554 181 851 2555 218 852 2556 220 852 2557 182 852 2558 220 853 2559 219 853 2560 181 853 2561 214 854 2562 216 854 2563 176 854 2564 174 855 2565 175 855 2566 215 855 2567 139 857 2571 120 857 2572 117 857 2573 139 858 2574 141 858 2575 142 858 2576 162 862 2586 145 862 2587 91 862 2588 265 887 2661 267 887 2662 268 887 2663 265 888 2664 249 888 2665 250 888 2666 266 889 2667 268 889 2668 247 889 2669 268 891 2673 267 891 2674 250 891 2675 185 892 2676 171 892 2677 223 892 2678 222 893 2679 224 893 2680 172 893 2681 223 894 2682 171 894 2683 172 894 2684 221 895 2685 223 895 2686 224 895 2687 185 897 2691 221 897 2692 222 897 2693 184 898 2694 217 898 2695 218 898 2696 217 899 2697 219 899 2698 220 899 2699 254 904 2712 273 904 2713 274 904 2714 136 905 2715 135 905 2716 137 905 2717 274 906 2718 276 906 2719 252 906 2720 276 907 2721 275 907 2722 251 907 2723 269 908 2724 244 908 2725 245 908 2726 270 909 2727 272 909 2728 246 909 2729 272 910 2730 271 910 2731 245 910 2732 269 911 2733 271 911 2734 272 911 2735 244 912 2736 269 912 2737 270 912 2738 273 913 2739 254 913 2740 251 913 2741 67 915 2745 297 915 2746 298 915 2747 121 918 2754 143 918 2755 144 918 2756 249 919 2757 265 919 2758 266 919 2759 71 920 2760 73 920 2761 74 920 2762 302 921 2763 75 921 2764 76 921 2765 135 923 2769 94 923 2770 95 923 2771 255 927 2781 277 927 2782 278 927 2783 94 928 2784 135 928 2785 136 928 2786 115 929 2787 131 929 2788 132 929 2789 142 930 2790 141 930 2791 117 930 2792 144 931 2793 162 931 2794 92 931 2795 143 933 2799 121 933 2800 91 933 2801 120 934 2802 139 934 2803 140 934 2804 67 936 2808 69 936 2809 70 936 2810 78 939 2817 77 939 2818 299 939 2819 278 940 2820 280 940 2821 242 940 2822 280 942 2826 279 942 2827 241 942 2828 277 944 2832 255 944 2833 241 944 2834 273 945 2835 275 945 2836 276 945 2837 278 946 2838 277 946 2839 279 946 2840 143 951 2853 145 951 2854 162 951 2855 132 952 2856 134 952 2857 97 952 2858 68 959 2877 70 959 2878 295 959 2879 73 963 2889 293 963 2890 294 963 2891 75 966 2898 302 966 2899 299 966 2900 292 967 2901 293 967 2902 73 967 2903 131 968 2904 133 968 2905 134 968 2906 402 969 2907 401 969 2908 359 969 2909 400 990 2970 402 990 2971 360 990 2972 404 991 2973 406 991 2974 382 991 2975 398 994 2982 397 994 2983 380 994 2984 395 1001 3003 379 1001 3004 380 1001 3005 340 1003 3009 339 1003 3010 341 1003 3011 473 1006 3018 443 1006 3019 444 1006 3020 474 1007 3021 476 1007 3022 441 1007 3023 476 1008 3024 475 1008 3025 444 1008 3026 474 1009 3027 473 1009 3028 475 1009 3029 443 1010 3030 473 1010 3031 474 1010 3032 340 1014 3042 342 1014 3043 564 1014 3044 556 1015 3045 335 1015 3046 336 1015 3047 336 1016 3048 338 1016 3049 558 1016 3050 334 1017 3051 333 1017 3052 562 1017 3053 561 1018 3054 331 1018 3055 332 1018 3056 567 1019 3057 553 1019 3058 345 1019 3059 344 1020 3060 346 1020 3061 554 1020 3062 567 1021 3063 343 1021 3064 344 1021 3065 344 1025 3075 343 1025 3076 345 1025 3077 345 1026 3078 553 1026 3079 554 1026 3080 479 1062 3186 439 1062 3187 440 1062 3188 478 1063 3189 477 1063 3190 479 1063 3191 438 1064 3192 477 1064 3193 478 1064 3194 481 1065 3195 448 1065 3196 445 1065 3197 482 1066 3198 484 1066 3199 446 1066 3200 484 1067 3201 483 1067 3202 445 1067 3203 478 1068 3204 480 1068 3205 440 1068 3206 438 1069 3207 439 1069 3208 479 1069 3209 403 1071 3213 384 1071 3214 381 1071 3215 403 1072 3216 405 1072 3217 406 1072 3218 426 1076 3228 409 1076 3229 355 1076 3230 529 1101 3303 531 1101 3304 532 1101 3305 529 1102 3306 513 1102 3307 514 1102 3308 530 1103 3309 532 1103 3310 511 1103 3311 532 1105 3315 531 1105 3316 514 1105 3317 449 1106 3318 435 1106 3319 487 1106 3320 486 1107 3321 488 1107 3322 436 1107 3323 487 1108 3324 435 1108 3325 436 1108 3326 485 1109 3327 487 1109 3328 488 1109 3329 449 1111 3333 485 1111 3334 486 1111 3335 448 1112 3336 481 1112 3337 482 1112 3338 481 1113 3339 483 1113 3340 484 1113 3341 518 1118 3354 537 1118 3355 538 1118 3356 400 1119 3357 399 1119 3358 401 1119 3359 538 1120 3360 540 1120 3361 516 1120 3362 540 1121 3363 539 1121 3364 515 1121 3365 533 1122 3366 508 1122 3367 509 1122 3368 534 1123 3369 536 1123 3370 510 1123 3371 536 1124 3372 535 1124 3373 509 1124 3374 533 1125 3375 535 1125 3376 536 1125 3377 508 1126 3378 533 1126 3379 534 1126 3380 537 1127 3381 518 1127 3382 515 1127 3383 331 1129 3387 561 1129 3388 562 1129 3389 385 1132 3396 407 1132 3397 408 1132 3398 513 1133 3399 529 1133 3400 530 1133 3401 335 1134 3402 337 1134 3403 338 1134 3404 566 1135 3405 339 1135 3406 340 1135 3407 399 1137 3411 358 1137 3412 359 1137 3413 519 1141 3423 541 1141 3424 542 1141 3425 358 1142 3426 399 1142 3427 400 1142 3428 379 1143 3429 395 1143 3430 396 1143 3431 406 1144 3432 405 1144 3433 381 1144 3434 408 1145 3435 426 1145 3436 356 1145 3437 407 1147 3441 385 1147 3442 355 1147 3443 384 1148 3444 403 1148 3445 404 1148 3446 331 1150 3450 333 1150 3451 334 1150 3452 342 1153 3459 341 1153 3460 563 1153 3461 542 1154 3462 544 1154 3463 506 1154 3464 544 1156 3468 543 1156 3469 505 1156 3470 541 1158 3474 519 1158 3475 505 1158 3476 537 1159 3477 539 1159 3478 540 1159 3479 542 1160 3480 541 1160 3481 543 1160 3482 407 1165 3495 409 1165 3496 426 1165 3497 396 1166 3498 398 1166 3499 361 1166 3500 332 1173 3519 334 1173 3520 559 1173 3521 337 1177 3531 557 1177 3532 558 1177 3533 339 1180 3540 566 1180 3541 563 1180 3542 556 1181 3543 557 1181 3544 337 1181 3545 395 1182 3546 397 1182 3547 398 1182 3548 692 1211 3633 691 1211 3634 649 1211 3635 690 1232 3696 692 1232 3697 650 1232 3698 694 1233 3699 696 1233 3700 672 1233 3701 688 1236 3708 687 1236 3709 670 1236 3710 685 1243 3729 669 1243 3730 670 1243 3731 630 1245 3735 629 1245 3736 631 1245 3737 763 1248 3744 733 1248 3745 734 1248 3746 764 1249 3747 766 1249 3748 731 1249 3749 766 1250 3750 765 1250 3751 734 1250 3752 764 1251 3753 763 1251 3754 765 1251 3755 733 1252 3756 763 1252 3757 764 1252 3758 630 1256 3768 632 1256 3769 854 1256 3770 846 1257 3771 625 1257 3772 626 1257 3773 626 1258 3774 628 1258 3775 848 1258 3776 624 1259 3777 623 1259 3778 852 1259 3779 851 1260 3780 621 1260 3781 622 1260 3782 857 1261 3783 843 1261 3784 635 1261 3785 634 1262 3786 636 1262 3787 844 1262 3788 857 1263 3789 633 1263 3790 634 1263 3791 634 1267 3801 633 1267 3802 635 1267 3803 635 1268 3804 843 1268 3805 844 1268 3806 769 1304 3912 729 1304 3913 730 1304 3914 768 1305 3915 767 1305 3916 769 1305 3917 728 1306 3918 767 1306 3919 768 1306 3920 771 1307 3921 738 1307 3922 735 1307 3923 772 1308 3924 774 1308 3925 736 1308 3926 774 1309 3927 773 1309 3928 735 1309 3929 768 1310 3930 770 1310 3931 730 1310 3932 728 1311 3933 729 1311 3934 769 1311 3935 693 1313 3939 674 1313 3940 671 1313 3941 693 1314 3942 695 1314 3943 696 1314 3944 716 1318 3954 699 1318 3955 645 1318 3956 819 1343 4029 821 1343 4030 822 1343 4031 819 1344 4032 803 1344 4033 804 1344 4034 820 1345 4035 822 1345 4036 801 1345 4037 822 1347 4041 821 1347 4042 804 1347 4043 739 1348 4044 725 1348 4045 777 1348 4046 776 1349 4047 778 1349 4048 726 1349 4049 777 1350 4050 725 1350 4051 726 1350 4052 775 1351 4053 777 1351 4054 778 1351 4055 739 1353 4059 775 1353 4060 776 1353 4061 738 1354 4062 771 1354 4063 772 1354 4064 771 1355 4065 773 1355 4066 774 1355 4067 808 1360 4080 827 1360 4081 828 1360 4082 690 1361 4083 689 1361 4084 691 1361 4085 828 1362 4086 830 1362 4087 806 1362 4088 830 1363 4089 829 1363 4090 805 1363 4091 823 1364 4092 798 1364 4093 799 1364 4094 824 1365 4095 826 1365 4096 800 1365 4097 826 1366 4098 825 1366 4099 799 1366 4100 823 1367 4101 825 1367 4102 826 1367 4103 798 1368 4104 823 1368 4105 824 1368 4106 827 1369 4107 808 1369 4108 805 1369 4109 621 1371 4113 851 1371 4114 852 1371 4115 675 1374 4122 697 1374 4123 698 1374 4124 803 1375 4125 819 1375 4126 820 1375 4127 625 1376 4128 627 1376 4129 628 1376 4130 856 1377 4131 629 1377 4132 630 1377 4133 689 1379 4137 648 1379 4138 649 1379 4139 809 1383 4149 831 1383 4150 832 1383 4151 648 1384 4152 689 1384 4153 690 1384 4154 669 1385 4155 685 1385 4156 686 1385 4157 696 1386 4158 695 1386 4159 671 1386 4160 698 1387 4161 716 1387 4162 646 1387 4163 697 1389 4167 675 1389 4168 645 1389 4169 674 1390 4170 693 1390 4171 694 1390 4172 621 1392 4176 623 1392 4177 624 1392 4178 632 1395 4185 631 1395 4186 853 1395 4187 832 1396 4188 834 1396 4189 796 1396 4190 834 1398 4194 833 1398 4195 795 1398 4196 831 1400 4200 809 1400 4201 795 1400 4202 827 1401 4203 829 1401 4204 830 1401 4205 832 1402 4206 831 1402 4207 833 1402 4208 697 1407 4221 699 1407 4222 716 1407 4223 686 1408 4224 688 1408 4225 651 1408 4226 622 1415 4245 624 1415 4246 849 1415 4247 627 1419 4257 847 1419 4258 848 1419 4259 629 1422 4266 856 1422 4267 853 1422 4268 846 1423 4269 847 1423 4270 627 1423 4271 685 1424 4272 687 1424 4273 688 1424 4274</p>
        </triangles>
      </mesh>
    </geometry>
  </library_geometries>
  <library_visual_scenes>
    <visual_scene id="Scene" name="Scene">
      <node id="Cube" name="Cube" type="NODE">
        <matrix sid="transform">1 0 0 0 0 1 0 0 0 0 1 0 0 0 0 1</matrix>
        <instance_geometry url="#Cube-mesh" name="Cube">
          <bind_material>
            <technique_common>
              <instance_material symbol="paintable-0-material" target="#paintable-0-material">
                <bind_vertex_input semantic="UVMap" input_semantic="TEXCOORD" input_set="0"/>
              </instance_material>
              <instance_material symbol="paintable-1-material" target="#paintable-1-material">
                <bind_vertex_input semantic="UVMap" input_semantic="TEXCOORD" input_set="0"/>
              </instance_material>
              <instance_material symbol="lightgrey-material" target="#lightgrey-material">
                <bind_vertex_input semantic="UVMap" input_semantic="TEXCOORD" input_set="0"/>
              </instance_material>
              <instance_material symbol="darkgrey-material" target="#darkgrey-material">
                <bind_vertex_input semantic="UVMap" input_semantic="TEXCOORD" input_set="0"/>
              </instance_material>
              <instance_material symbol="Material-material" target="#Material-material">
                <bind_vertex_input semantic="UVMap" input_semantic="TEXCOORD" input_set="0"/>
              </instance_material>
              <instance_material symbol="paintable-0_001-material" target="#paintable-0_001-material">
                <bind_vertex_input semantic="UVMap" input_semantic="TEXCOORD" input_set="0"/>
              </instance_material>
              <instance_material symbol="paintable-1_001-material" target="#paintable-1_001-material">
                <bind_vertex_input semantic="UVMap" input_semantic="TEXCOORD" input_set="0"/>
              </instance_material>
              <instance_material symbol="lightgrey_001-material" target="#lightgrey_001-material">
                <bind_vertex_input semantic="UVMap" input_semantic="TEXCOORD" input_set="0"/>
              </instance_material>
              <instance_material symbol="darkgrey_001-material" target="#darkgrey_001-material">
                <bind_vertex_input semantic="UVMap" input_semantic="TEXCOORD" input_set="0"/>
              </instance_material>
            </technique_common>
          </bind_material>
        </instance_geometry>
      </node>
    </visual_scene>
  </library_visual_scenes>
  <scene>
    <instance_visual_scene url="#Scene"/>
  </scene>
</COLLADA>