<?xml version="1.0" encoding="utf-8"?>
<COLLADA xmlns="http://www.collada.org/2005/11/COLLADASchema" version="1.4.1" xmlns:xsi="http://www.w3.org/2001/XMLSchema-instance">
  <asset>
    <contributor>
      <author>Blender User</author>
      <authoring_tool>Blender 4.2.22 LTS commit date:2026-06-22, commit time:11:10, hash:88937221abfc</authoring_tool>
    </contributor>
    <created>2026-07-20T21:43:43</created>
    <modified>2026-07-20T21:43:43</modified>
    <unit name="meter" meter="1"/>
    <up_axis>Z_UP</up_axis>
  </asset>
  <library_effects>
    <effect id="paintable-0-effect">
      <profile_COMMON>
        <technique sid="common">
          <lambert>
            <emission>
              <color sid="emission">0 0 0 1</color>
            </emission>
            <diffuse>
              <color sid="diffuse">1 0.4969335 0 1</color>
            </diffuse>
            <index_of_refraction>
              <float sid="ior">1.45</float>
            </index_of_refraction>
          </lambert>
        </technique>
      </profile_COMMON>
    </effect>
    <effect id="paintable-1-effect">
      <profile_COMMON>
        <technique sid="common">
          <lambert>
            <emission>
              <color sid="emission">0 0 0 1</color>
            </emission>
            <diffuse>
              <color sid="diffuse">0.6104922 0.4910214 0 1</color>
            </diffuse>
            <index_of_refraction>
              <float sid="ior">1.5</float>
            </index_of_refraction>
          </lambert>
        </technique>
      </profile_COMMON>
    </effect>
    <effect id="lightgrey-effect">
      <profile_COMMON>
        <technique sid="common">
          <lambert>
            <emission>
              <color sid="emission">0 0 0 1</color>
            </emission>
            <diffuse>
              <color sid="diffuse">0.7835327 0.7835385 0.7835382 1</color>
            </diffuse>
            <index_of_refraction>
              <float sid="ior">1.5</float>
            </index_of_refraction>
          </lambert>
        </technique>
      </profile_COMMON>
    </effect>
    <effect id="darkgrey-effect">
      <profile_COMMON>
        <technique sid="common">
          <lambert>
            <emission>
              <color sid="emission">0 0 0 1</color>
            </emission>
            <diffuse>
              <color sid="diffuse">0.3371614 0.3371639 0.3371637 1</color>
            </diffuse>
            <index_of_refraction>
              <float sid="ior">1.5</float>
            </index_of_refraction>
          </lambert>
        </technique>
      </profile_COMMON>
    </effect>
    <effect id="Material-effect">
      <profile_COMMON>
        <technique sid="common">
          <lambert>
            <emission>
              <color sid="emission">0 0 0 1</color>
            </emission>
            <diffuse>
              <color sid="diffuse">1 0.4969335 0 1</color>
            </diffuse>
            <index_of_refraction>
              <float sid="ior">1.45</float>
            </index_of_refraction>
          </lambert>
        </technique>
      </profile_COMMON>
    </effect>
    <effect id="paintable-0_001-effect">
      <profile_COMMON>
        <technique sid="common">
          <lambert>
            <emission>
              <color sid="emission">0 0 0 1</color>
            </emission>
            <diffuse>
              <color sid="diffuse">1 0.4969335 0 1</color>
            </diffuse>
            <index_of_refraction>
              <float sid="ior">1.45</float>
            </index_of_refraction>
          </lambert>
        </technique>
      </profile_COMMON>
    </effect>
    <effect id="paintable-1_001-effect">
      <profile_COMMON>
        <technique sid="common">
          <lambert>
            <emission>
              <color sid="emission">0 0 0 1</color>
            </emission>
            <diffuse>
              <color sid="diffuse">0.6104922 0.4910214 0 1</color>
            </diffuse>
            <index_of_refraction>
              <float sid="ior">1.5</float>
            </index_of_refraction>
          </lambert>
        </technique>
      </profile_COMMON>
    </effect>
    <effect id="lightgrey_001-effect">
      <profile_COMMON>
        <technique sid="common">
          <lambert>
            <emission>
              <color sid="emission">0 0 0 1</color>
            </emission>
            <diffuse>
              <color sid="diffuse">0.7835327 0.7835385 0.7835382 1</color>
            </diffuse>
            <index_of_refraction>
              <float sid="ior">1.5</float>
            </index_of_refraction>
          </lambert>
        </technique>
      </profile_COMMON>
    </effect>
    <effect id="darkgrey_001-effect">
      <profile_COMMON>
        <technique sid="common">
          <lambert>
            <emission>
              <color sid="emission">0 0 0 1</color>
            </emission>
            <diffuse>
              <color sid="diffuse">0.3371614 0.3371639 0.3371637 1</color>
            </diffuse>
            <index_of_refraction>
              <float sid="ior">1.5</float>
            </index_of_refraction>
          </lambert>
        </technique>
      </profile_COMMON>
    </effect>
  </library_effects>
  <library_images/>
  <library_materials>
    <material id="paintable-0-material" name="paintable-0">
      <instance_effect url="#paintable-0-effect"/>
    </material>
    <material id="paintable-1-material" name="paintable-1">
      <instance_effect url="#paintable-1-effect"/>
    </material>
    <material id="lightgrey-material" name="lightgrey">
      <instance_effect url="#lightgrey-effect"/>
    </material>
    <material id="darkgrey-material" name="darkgrey">
      <instance_effect url="#darkgrey-effect"/>
    </material>
    <material id="Material-material" name="Material">
      <instance_effect url="#Material-effect"/>
    </material>
    <material id="paintable-0_001-material" name="paintable-0.001">
      <instance_effect url="#paintable-0_001-effect"/>
    </material>
    <material id="paintable-1_001-material" name="paintable-1.001">
      <instance_effect url="#paintable-1_001-effect"/>
    </material>
    <material id="lightgrey_001-material" name="lightgrey.001">
      <instance_effect url="#lightgrey_001-effect"/>
    </material>
    <material id="darkgrey_001-material" name="darkgrey.001">
      <instance_effect url="#darkgrey_001-effect"/>
    </material>
  </library_materials>
  <library_geometries>
    <geometry id="Cube-mesh" name="Cube">
      <mesh>
        <source id="Cube-mesh-positions">
          <float_array id="Cube-mesh-positions-array" count="1734">0.07499998 0.08499997 -0.125 -0.07499998 0.08499997 -0.125 0.07499998 -0.115 0.07499998 0.07499998 -0.115 -0.07499998 -0.08499997 -0.07499998 -0.125 -0.07499998 -0.08499997 -0.125 0.07499998 -0.08499997 -0.125 0.08499997 -0.07499998 -0.125 -0.08499997 0.07499998 -0.125 0.08499997 0.07499998 -0.125 -0.08499997 -0.07499998 -0.115 -0.07499998 -0.08499997 -0.115 0.07499998 -0.08499997 -0.115 0.08499997 -0.07499998 -0.115 -0.08499997 0.07499998 -0.115 -0.07499998 0.08499997 -0.115 0.08499997 0.07499998 -0.115 0.07499998 0.08499997 -0.115 -0.07499998 -0.07499998 -0.115 -0.07499998 0.07499998 -0.115 0.07499998 -0.07499998 -0.115 0.07499998 0.07499998 -0.115 0.07499998 -0.115 -0.08500003 0.08499997 -0.115 -0.07499998 -0.07499998 -0.115 -0.08500003 -0.08499997 -0.115 -0.07499998 0.08499997 -0.115 0.07499998 0.07499998 -0.115 0.08499997 -0.07499998 -0.115 0.08499997 -0.08499997 -0.115 0.07499998 0.08499997 -0.125 -0.07499998 -0.08499997 -0.125 -0.07499998 0.08499997 -0.125 0.07499998 0.07499998 -0.125 0.08499997 -0.07499998 -0.125 0.08499997 -0.08499997 -0.125 0.07499998 -0.07499998 -0.125 -0.08499997 0.07499998 -0.125 -0.08499997 -0.07499998 -0.115 0.07499998 -0.07499998 -0.115 -0.07499998 0.07499998 0.07499998 -0.125 0.07499998 -0.07499992 -0.125 -0.07499992 0.07499998 -0.125 -0.00999993 0.04535526 -0.12 -0.01646441 -0.04999989 -0.125 -0.06199991 -0.0461837 -0.12 -0.06199991 -0.02381616 -0.12 -0.0461837 -0.007999956 -0.12 -0.02381616 -0.007999956 -0.12 -0.007999897 -0.02381616 -0.12 -0.007999897 -0.04618376 -0.12 -0.02381616 -0.06199997 -0.12 -0.07499992 -0.07499992 -0.125 -0.00999993 -0.04535537 -0.125 -0.00999993 -0.02464467 -0.125 -0.02464455 -0.00999993 -0.125 -0.04535526 -0.00999993 -0.125 -0.05999994 -0.02464467 -0.125 -0.007999897 -0.02381616 -0.125 -0.007999897 -0.04618376 -0.125 -0.02381616 -0.06199997 -0.125 -0.06199991 -0.02381616 -0.125 0.008000016 -0.02381616 -0.125 0.008000016 -0.0461837 -0.125 0.02381622 -0.06199997 -0.125 0.04618376 -0.06199997 -0.125 -0.0461837 -0.06199997 -0.12 -0.04999995 -0.02353543 -0.1274999 -0.04646444 -0.01999992 -0.1274999 -0.05353546 -0.01999992 -0.1274999 -0.04999995 -0.01646441 -0.1274999 -0.01999992 -0.02353543 -0.1274999 -0.01646441 -0.01999992 -0.1274999 -0.02353543 -0.01999992 -0.1274999 -0.01999992 -0.01646441 -0.1274999 -0.04999995 -0.05353546 -0.1274999 -0.04646444 -0.04999989 -0.1274999 -0.05353546 -0.04999989 -0.1274999 -0.04999995 -0.04646438 -0.1274999 -0.01999992 -0.05353546 -0.1274999 -0.01646441 -0.04999989 -0.1274999 -0.02353543 -0.04999989 -0.1274999 -0.01999992 -0.04646438 -0.1274999 -0.05999994 -0.04535526 -0.12 -0.05999994 -0.02464467 -0.12 -0.04535526 -0.00999993 -0.12 -0.02464455 -0.00999993 -0.12 -0.00999993 -0.02464467 -0.12 -0.00999993 -0.04535537 -0.12 -0.02464455 -0.05999994 -0.12 -0.04535526 -0.05999994 -0.12 0.0464645 0.01999992 -0.125 0.05000001 0.02353543 -0.125 0.05353552 0.04999995 -0.125 0.05000001 0.04646438 -0.125 0.0464645 0.04999995 -0.125 0.05000001 0.05353546 -0.125 0.02000004 0.05353546 -0.125 -0.06199991 0.04618364 -0.125 -0.06199991 0.02381616 -0.125 -0.02381616 -0.007999956 -0.125 -0.02381616 0.007999956 -0.125 -0.0461837 0.007999956 -0.125 -0.0461837 -0.007999956 -0.125 -0.0461837 -0.06199997 -0.125 -0.02464455 -0.05999994 -0.125 -0.04535526 -0.05999994 -0.125 -0.05999994 -0.04535526 -0.125 -0.06199991 -0.04618364 -0.125 0.00999999 -0.02464467 -0.125 0.00999999 -0.04535526 -0.125 0.02464467 -0.05999994 -0.125 0.04535531 -0.05999994 -0.125 0.02381622 0.007999956 -0.125 0.02353554 0.04999995 -0.125 0.02000004 0.04646438 -0.125 0.01646447 0.04999995 -0.125 0.01646447 0.01999992 -0.125 0.02000004 0.02353543 -0.125 0.02353554 0.01999992 -0.125 0.02000004 0.01646441 -0.125 0.05000001 0.01646441 -0.125 0.05353552 0.01999992 -0.125 0.008000016 0.02381616 -0.12 0.008000016 0.04618364 -0.12 0.02381622 0.06199991 -0.12 0.04618376 0.06199991 -0.12 0.06200003 0.04618364 -0.12 0.06200003 0.02381604 -0.12 0.04618376 0.007999956 -0.12 0.02381622 0.007999956 -0.12 0.02000004 0.04646438 -0.1274999 0.02353554 0.04999995 -0.1274999 0.01646447 0.04999995 -0.1274999 0.02000004 0.05353546 -0.1274999 0.05000001 0.04646438 -0.1274999 0.05353552 0.04999995 -0.1274999 0.0464645 0.04999995 -0.1274999 0.05000001 0.05353546 -0.1274999 0.02000004 0.01646441 -0.1274999 0.02353554 0.01999992 -0.1274999 0.01646447 0.01999992 -0.1274999 0.02000004 0.02353543 -0.1274999 0.05000001 0.01646441 -0.1274999 0.05353552 0.01999992 -0.1274999 0.0464645 0.01999992 -0.1274999 0.02381622 -0.007999956 -0.125 0.01590812 -0.01590806 -0.125 0.01732236 -0.01732224 -0.125 0.02464467 -0.00999993 -0.125 0.04535537 -0.00999993 -0.125 0.06 -0.02464467 -0.125 0.06 -0.04535537 -0.125 0.06 0.02464455 -0.125 0.06 0.04535526 -0.125 0.04535537 0.05999988 -0.125 0.02464467 0.05999988 -0.125 0.00999999 0.04535526 -0.125 0.04535531 0.00999993 -0.125 0.02464467 0.00999993 -0.125 0.00999999 0.02464455 -0.125 0.008000016 0.02381622 -0.125 0.05000001 0.02353543 -0.1274999 0.01000005 0.02464455 -0.12 0.00999999 0.04535526 -0.12 0.02464467 0.05999988 -0.12 0.04535537 0.05999988 -0.12 0.06 0.04535526 -0.12 0.06 0.02464455 -0.12 0.04535531 0.00999993 -0.12 0.02464467 0.00999993 -0.12 -0.02353543 0.01999992 -0.125 -0.01999992 0.02353543 -0.125 -0.01646441 0.04999995 -0.125 -0.01999992 0.04646438 -0.125 -0.02353543 0.04999995 -0.125 -0.01999992 0.05353546 -0.125 -0.04999989 0.05353546 -0.125 -0.04646438 0.04999995 -0.125 -0.04999989 0.04646438 -0.125 -0.05353546 0.04999995 -0.125 -0.05353546 0.01999992 -0.125 -0.04999989 0.02353543 -0.125 -0.04646438 0.01999992 -0.125 -0.04999989 0.01646441 -0.125 -0.01999992 0.01646441 -0.125 -0.01646441 0.01999992 -0.125 -0.06199991 0.02381616 -0.12 -0.06199991 0.04618364 -0.12 -0.0461837 0.06199991 -0.12 -0.02381616 0.06199991 -0.12 -0.007999897 0.04618364 -0.12 -0.007999897 0.02381604 -0.12 -0.02381616 0.007999956 -0.12 0.02381622 0.06199991 -0.125 0.04618376 0.06199991 -0.125 0.06200003 0.04618364 -0.125 0.06200003 0.02381604 -0.125 0.04618376 0.007999956 -0.125 0.04618376 -0.007999956 -0.125 0.06200003 -0.02381616 -0.125 0.06200003 -0.04618376 -0.125 0.008000016 0.04618364 -0.125 -0.007999897 0.02381604 -0.125 -0.007999897 0.04618364 -0.125 -0.02381616 0.06199991 -0.125 -0.0461837 0.06199991 -0.125 -0.015908 0.01590806 -0.125 -0.0461837 0.007999956 -0.12 -0.04999995 0.04646438 -0.1274999 -0.04646444 0.04999995 -0.1274999 -0.05353546 0.04999995 -0.1274999 -0.04999995 0.05353546 -0.1274999 -0.01999992 0.04646438 -0.1274999 -0.01646441 0.04999995 -0.1274999 -0.02353543 0.04999995 -0.1274999 -0.01999992 0.05353546 -0.1274999 -0.04999995 0.01646441 -0.1274999 -0.04646444 0.01999992 -0.1274999 -0.05353546 0.01999992 -0.1274999 -0.04999995 0.02353543 -0.1274999 -0.01999992 0.01646441 -0.1274999 -0.01646441 0.01999992 -0.1274999 -0.02353543 0.01999992 -0.1274999 -0.01999992 0.02353543 -0.1274999 -0.05999994 0.02464455 -0.12 -0.05999994 0.04535526 -0.12 -0.04535526 0.05999988 -0.12 -0.02464455 0.05999988 -0.12 -0.04535526 0.00999993 -0.12 -0.02464455 0.00999993 -0.12 -0.00999993 0.02464455 -0.12 -0.05999994 0.04535526 -0.125 -0.05999994 0.02464455 -0.125 -0.04535526 0.00999993 -0.125 -0.02464455 0.00999993 -0.125 -0.01732224 0.01732224 -0.125 -0.00999993 0.02464455 -0.125 -0.00999993 0.04535526 -0.125 -0.02464455 0.05999988 -0.125 -0.04535526 0.05999988 -0.125 0.0464645 -0.04999989 -0.125 0.05000001 -0.04646438 -0.125 0.05353552 -0.01999992 -0.125 0.05000001 -0.02353543 -0.125 0.0464645 -0.01999992 -0.125 0.05000001 -0.01646441 -0.125 0.02000004 -0.01646441 -0.125 0.02353554 -0.01999992 -0.125 0.02000004 -0.02353543 -0.125 0.01646447 -0.01999992 -0.125 0.01646447 -0.04999989 -0.125 0.02000004 -0.04646438 -0.125 0.02353554 -0.04999989 -0.125 0.02000004 -0.05353546 -0.125 0.05000001 -0.05353546 -0.125 0.05353552 -0.04999989 -0.125 0.008000016 -0.0461837 -0.12 0.008000016 -0.02381616 -0.12 0.02381622 -0.007999956 -0.12 0.04618376 -0.007999956 -0.12 0.06200003 -0.02381616 -0.12 0.06200003 -0.04618376 -0.12 0.04618376 -0.06199997 -0.12 0.02381622 -0.06199997 -0.12 0.02000004 -0.02353543 -0.1274999 0.02353554 -0.01999992 -0.1274999 0.01646447 -0.01999992 -0.1274999 0.02000004 -0.01646441 -0.1274999 0.05000001 -0.02353543 -0.1274999 0.05353552 -0.01999992 -0.1274999 0.0464645 -0.01999992 -0.1274999 0.05000001 -0.01646441 -0.1274999 0.02000004 -0.05353546 -0.1274999 0.02353554 -0.04999989 -0.1274999 0.01646447 -0.04999989 -0.1274999 0.02000004 -0.04646438 -0.1274999 0.05000001 -0.05353546 -0.1274999 0.05353552 -0.04999989 -0.1274999 0.0464645 -0.04999989 -0.1274999 0.05000001 -0.04646438 -0.1274999 0.01000005 -0.04535526 -0.12 0.00999999 -0.02464467 -0.12 0.02464467 -0.00999993 -0.12 0.04535537 -0.00999993 -0.12 0.06 -0.02464467 -0.12 0.06 -0.04535537 -0.12 0.04535531 -0.05999994 -0.12 0.02464467 -0.05999994 -0.12 -0.02353543 -0.04999989 -0.125 -0.01999992 -0.04646438 -0.125 -0.01646441 -0.01999992 -0.125 -0.01999992 -0.02353543 -0.125 -0.02353543 -0.01999992 -0.125 -0.01999992 -0.01646441 -0.125 -0.04999989 -0.01646441 -0.125 -0.04646438 -0.01999992 -0.125 -0.04999989 -0.02353543 -0.125 -0.05353546 -0.01999992 -0.125 -0.05353546 -0.04999989 -0.125 -0.04999989 -0.04646438 -0.125 -0.04646438 -0.04999989 -0.125 -0.04999989 -0.05353546 -0.125 -0.01999992 -0.05353546 -0.125 0.07499998 -0.125 -0.07499998 0.07499998 -0.125 0.07499992 -0.07499992 -0.125 -0.07499998 -0.00999993 -0.12 -0.04535526 -0.01646441 -0.125 0.04999989 -0.06199991 -0.12 0.0461837 -0.06199991 -0.12 0.02381616 -0.0461837 -0.12 0.007999956 -0.02381616 -0.12 0.007999956 -0.007999897 -0.12 0.02381616 -0.007999897 -0.12 0.04618376 -0.02381616 -0.12 0.06199997 -0.07499992 -0.125 0.07499992 -0.00999993 -0.125 0.04535537 -0.00999993 -0.125 0.02464467 -0.02464455 -0.125 0.00999993 -0.04535526 -0.125 0.00999993 -0.05999994 -0.125 0.02464467 -0.007999897 -0.125 0.02381616 -0.007999897 -0.125 0.04618376 -0.02381616 -0.125 0.06199997 -0.06199991 -0.125 0.02381616 0.008000016 -0.125 0.02381616 0.008000016 -0.125 0.0461837 0.02381622 -0.125 0.06199997 0.04618376 -0.125 0.06199997 -0.0461837 -0.12 0.06199997 -0.04999995 -0.1274999 0.02353543 -0.04646438 -0.1274999 0.01999992 -0.05353546 -0.1274999 0.01999992 -0.04999995 -0.1274999 0.01646441 -0.01999992 -0.1274999 0.02353543 -0.01646441 -0.1274999 0.01999992 -0.02353543 -0.1274999 0.01999992 -0.01999992 -0.1274999 0.01646441 -0.04999995 -0.1274999 0.05353546 -0.04646438 -0.1274999 0.04999989 -0.05353546 -0.1274999 0.04999989 -0.04999995 -0.1274999 0.04646438 -0.01999992 -0.1274999 0.05353546 -0.01646441 -0.1274999 0.04999989 -0.02353543 -0.1274999 0.04999989 -0.01999992 -0.1274999 0.04646438 -0.05999988 -0.12 0.04535526 -0.05999994 -0.12 0.02464467 -0.04535526 -0.12 0.00999993 -0.02464455 -0.12 0.00999993 -0.00999993 -0.12 0.02464467 -0.00999993 -0.12 0.04535537 -0.02464455 -0.12 0.05999994 -0.04535526 -0.12 0.05999994 0.0464645 -0.125 -0.01999992 0.05000001 -0.125 -0.02353543 0.05353552 -0.125 -0.04999995 0.05000001 -0.125 -0.04646438 0.0464645 -0.125 -0.04999995 0.05000001 -0.125 -0.05353546 0.02000004 -0.125 -0.05353546 -0.06199991 -0.125 -0.04618364 -0.06199991 -0.125 -0.02381616 -0.02381616 -0.125 0.007999956 -0.02381616 -0.125 -0.007999956 -0.0461837 -0.125 -0.007999956 -0.0461837 -0.125 0.007999956 -0.0461837 -0.125 0.06199997 -0.02464455 -0.125 0.05999994 -0.04535526 -0.125 0.05999994 -0.05999994 -0.125 0.04535526 -0.06199991 -0.125 0.04618364 0.00999999 -0.125 0.02464467 0.00999999 -0.125 0.04535526 0.02464467 -0.125 0.05999994 0.04535531 -0.125 0.05999994 0.02381622 -0.125 -0.007999956 0.02353554 -0.125 -0.04999995 0.02000004 -0.125 -0.04646438 0.01646447 -0.125 -0.04999995 0.01646447 -0.125 -0.01999992 0.02000004 -0.125 -0.02353543 0.02353554 -0.125 -0.01999992 0.02000004 -0.125 -0.01646441 0.05000001 -0.125 -0.01646441 0.05353552 -0.125 -0.01999992 0.008000016 -0.12 -0.02381616 0.008000016 -0.12 -0.04618364 0.02381622 -0.12 -0.06199991 0.04618376 -0.12 -0.06199991 0.06200003 -0.12 -0.04618364 0.06200003 -0.12 -0.02381604 0.04618376 -0.12 -0.007999956 0.02381622 -0.12 -0.007999956 0.02000004 -0.1274999 -0.04646438 0.02353554 -0.1274999 -0.04999995 0.01646447 -0.1274999 -0.04999995 0.02000004 -0.1274999 -0.05353546 0.05000001 -0.1274999 -0.04646438 0.05353552 -0.1274999 -0.04999995 0.04646444 -0.1274999 -0.04999995 0.05000001 -0.1274999 -0.05353546 0.02000004 -0.1274999 -0.01646441 0.02353554 -0.1274999 -0.01999992 0.01646447 -0.1274999 -0.01999992 0.02000004 -0.1274999 -0.02353543 0.05000001 -0.1274999 -0.01646441 0.05353552 -0.1274999 -0.01999992 0.04646444 -0.1274999 -0.01999992 0.02381622 -0.125 0.007999956 0.01590812 -0.125 0.01590806 0.01732236 -0.125 0.01732224 0.02464467 -0.125 0.00999993 0.04535537 -0.125 0.00999993 0.06 -0.125 0.02464467 0.06 -0.125 0.04535537 0.06 -0.125 -0.02464455 0.06 -0.125 -0.04535526 0.04535537 -0.125 -0.05999988 0.02464467 -0.125 -0.05999988 0.00999999 -0.125 -0.04535526 0.04535531 -0.125 -0.00999993 0.02464467 -0.125 -0.00999993 0.00999999 -0.125 -0.02464455 0.008000016 -0.125 -0.02381622 0.05000001 -0.1274999 -0.02353543 0.01000005 -0.12 -0.02464455 0.00999999 -0.12 -0.04535526 0.02464467 -0.12 -0.05999988 0.04535537 -0.12 -0.05999988 0.06 -0.12 -0.04535526 0.06 -0.12 -0.02464455 0.04535531 -0.12 -0.00999993 0.02464467 -0.12 -0.00999993 -0.02353543 -0.125 -0.01999992 -0.01999992 -0.125 -0.02353543 -0.01646441 -0.125 -0.04999995 -0.01999992 -0.125 -0.04646438 -0.02353543 -0.125 -0.04999995 -0.01999992 -0.125 -0.05353546 -0.04999989 -0.125 -0.05353546 -0.04646438 -0.125 -0.04999995 -0.04999989 -0.125 -0.04646438 -0.05353546 -0.125 -0.04999995 -0.05353546 -0.125 -0.01999992 -0.04999989 -0.125 -0.02353543 -0.04646438 -0.125 -0.01999992 -0.04999989 -0.125 -0.01646441 -0.01999992 -0.125 -0.01646441 -0.01646441 -0.125 -0.01999992 -0.06199991 -0.12 -0.02381616 -0.06199991 -0.12 -0.04618364 -0.0461837 -0.12 -0.06199991 -0.02381616 -0.12 -0.06199991 -0.007999897 -0.12 -0.04618364 -0.007999897 -0.12 -0.02381604 -0.02381616 -0.12 -0.007999956 0.02381622 -0.125 -0.06199991 0.04618376 -0.125 -0.06199991 0.06200003 -0.125 -0.04618364 0.06200003 -0.125 -0.02381604 0.04618376 -0.125 -0.007999956 0.04618376 -0.125 0.007999956 0.06200003 -0.125 0.02381616 0.06200003 -0.125 0.04618376 0.008000016 -0.125 -0.04618364 -0.007999897 -0.125 -0.02381604 -0.007999897 -0.125 -0.04618364 -0.02381616 -0.125 -0.06199991 -0.0461837 -0.125 -0.06199991 -0.015908 -0.125 -0.01590806 -0.0461837 -0.12 -0.007999956 -0.04999995 -0.1274999 -0.04646438 -0.04646438 -0.1274999 -0.04999995 -0.05353546 -0.1274999 -0.04999995 -0.04999995 -0.1274999 -0.05353546 -0.01999992 -0.1274999 -0.04646438 -0.01646441 -0.1274999 -0.04999995 -0.02353543 -0.1274999 -0.04999995 -0.01999992 -0.1274999 -0.05353546 -0.04999995 -0.1274999 -0.01646441 -0.04646438 -0.1274999 -0.01999992 -0.05353546 -0.1274999 -0.01999992 -0.04999995 -0.1274999 -0.02353543 -0.01999992 -0.1274999 -0.01646441 -0.01646441 -0.1274999 -0.01999992 -0.02353543 -0.1274999 -0.01999992 -0.01999992 -0.1274999 -0.02353543 -0.05999988 -0.12 -0.02464455 -0.05999994 -0.12 -0.04535526 -0.04535526 -0.12 -0.05999988 -0.02464455 -0.12 -0.05999988 -0.04535526 -0.12 -0.00999993 -0.02464455 -0.12 -0.00999993 -0.00999993 -0.12 -0.02464455 -0.05999994 -0.125 -0.04535526 -0.05999994 -0.125 -0.02464455 -0.04535526 -0.125 -0.00999993 -0.02464455 -0.125 -0.00999993 -0.01732224 -0.125 -0.01732224 -0.00999993 -0.125 -0.02464455 -0.00999993 -0.125 -0.04535526 -0.02464455 -0.125 -0.05999988 -0.04535526 -0.125 -0.05999988 0.0464645 -0.125 0.04999989 0.05000001 -0.125 0.04646438 0.05353552 -0.125 0.01999992 0.05000001 -0.125 0.02353543 0.0464645 -0.125 0.01999992 0.05000001 -0.125 0.01646441 0.02000004 -0.125 0.01646441 0.02353554 -0.125 0.01999992 0.02000004 -0.125 0.02353543 0.01646447 -0.125 0.01999992 0.01646447 -0.125 0.04999989 0.02000004 -0.125 0.04646438 0.02353554 -0.125 0.04999989 0.02000004 -0.125 0.05353546 0.05000001 -0.125 0.05353546 0.05353552 -0.125 0.04999989 0.008000016 -0.12 0.0461837 0.008000016 -0.12 0.02381616 0.02381622 -0.12 0.007999956 0.04618376 -0.12 0.007999956 0.06200003 -0.12 0.02381616 0.06200003 -0.12 0.04618376 0.04618376 -0.12 0.06199997 0.02381622 -0.12 0.06199997 0.02000004 -0.1274999 0.02353543 0.02353554 -0.1274999 0.01999992 0.01646447 -0.1274999 0.01999992 0.02000004 -0.1274999 0.01646441 0.05000001 -0.1274999 0.02353543 0.05353552 -0.1274999 0.01999992 0.04646444 -0.1274999 0.01999992 0.05000001 -0.1274999 0.01646441 0.02000004 -0.1274999 0.05353546 0.02353554 -0.1274999 0.04999989 0.01646447 -0.1274999 0.04999989 0.02000004 -0.1274999 0.04646438 0.05000001 -0.1274999 0.05353546 0.05353552 -0.1274999 0.04999989 0.04646444 -0.1274999 0.04999989 0.05000001 -0.1274999 0.04646438 0.01000005 -0.12 0.04535526 0.00999999 -0.12 0.02464467 0.02464467 -0.12 0.00999993 0.04535537 -0.12 0.00999993 0.06 -0.12 0.02464467 0.06 -0.12 0.04535537 0.04535531 -0.12 0.05999994 0.02464467 -0.12 0.05999994 -0.02353543 -0.125 0.04999989 -0.01999992 -0.125 0.04646438 -0.01646441 -0.125 0.01999992 -0.01999992 -0.125 0.02353543 -0.02353543 -0.125 0.01999992 -0.01999992 -0.125 0.01646441 -0.04999989 -0.125 0.01646441 -0.04646438 -0.125 0.01999992 -0.04999989 -0.125 0.02353543 -0.05353546 -0.125 0.01999992 -0.05353546 -0.125 0.04999989 -0.04999989 -0.125 0.04646438 -0.04646438 -0.125 0.04999989 -0.04999989 -0.125 0.05353546 -0.01999992 -0.125 0.05353546 0.07499998 0.07499998 -0.07499998 0.07499998 -0.07499998 0.07499998 0.07499998 -0.07499998 -0.07499998 -0.07499998 -0.07499998 0.07499998 -0.07499998 -0.07499998 -0.07499998 -0.07499998 0.07499998 -0.07499998 0.07499998 0.07499998 -0.02499997 0.07499998 -0.02499997 0.07499998 -0.07499998 -0.02499997 0.07499998 -0.07499998 0.07499998 -0.02499997</float_array>
          <technique_common>
            <accessor source="#Cube-mesh-positions-array" count="578" stride="3">
              <param name="X" type="float"/>
              <param name="Y" type="float"/>
              <param name="Z" type="float"/>
            </accessor>
          </technique_common>
        </source>
        <source id="Cube-mesh-normals">
          <float_array id="Cube-mesh-normals-array" count="2880">0.7071068 0.7071068 0 0.7071068 -0.7071068 0 1 0 0 -1 0 0 -0.7071068 0.7071068 0 -0.7071068 -0.7071068 0 0 1 0 0 -1 0 0 0 -1 0 0 -1 0 0 -1 0 0 -1 0 0 -1 0 0 -1 0 0 -1 0 0 -1 0 0 1 0 0 1 0 0 1 0 0 1 0 0 1 0 0 1 0 0 1 0 0 1 -3.72529e-6 1 2.98023e-6 0 1 0 0 1 0 -3.72529e-6 1 2.48353e-7 0 1 2.98023e-6 0 1 0 0 1 2.48353e-7 3.72529e-6 1 2.98023e-6 0 -1 0 0 -1 7.45055e-7 0 -1 0 0 -1 7.45055e-7 0 -1 7.45055e-7 0 -1 0 0 -1 0 0 -1 0 0 0 1 0 -7.45057e-7 -1 -0.7071063 0 0.7071074 -0.7071071 5.14487e-7 -0.7071065 -1 0 0 1 0 0 0.7071063 0 0.7071074 0.7071071 5.26835e-7 -0.7071065 -0.7071038 0.7071098 2.11001e-6 -4.67045e-6 3.12837e-7 -1 3.56348e-7 -3.56348e-7 -1 0 -1.14624e-6 -1 -1.2317e-6 3.12837e-7 -1 -1.06905e-6 -1.06904e-6 -1 3.12836e-7 3.52421e-6 -1 6.49244e-7 -2.92897e-7 -1 -7.12698e-7 7.127e-7 -1 0 -1 0 0 0 -1 0 0 -1 1.49012e-5 0 -1 -1.43899e-6 -5.96041e-7 -1 0 1.49009e-5 -1 -0.7071065 -0.7071071 0 -1 0 0 0.7071068 0.7071068 -2.11002e-6 0.7071038 0.7071098 -4.22005e-6 -0.7071086 0.707105 0 0 1 0 -0.7071038 0.7071098 4.22005e-6 0 0 -1 0 0 -1 -1 0 1.49012e-6 -0.7071072 -0.7071064 1.05368e-6 0 1 0 -0.7071065 0.7071071 0 -0.7071098 -0.7071038 4.21468e-6 0 0 -1 0 0 -1 0.7071058 0.7071078 -3.38304e-6 3.12837e-7 3.12837e-7 -1 0 0 -1 -9.31314e-7 9.31323e-7 -1 0 0 -1 0 0 -1 3.12836e-7 6.29308e-7 -1 3.12836e-7 -6.29306e-7 -1 0 0 -1 0 0 -1 1.17632e-6 2.34174e-7 -1 0 0 -1 0 0 -1 1.88428e-6 0 -1 0 0 -1 0 0 -1 0 0 -1 0 0 -1 0 0 -1 9.20434e-6 -1.10887e-5 -1 -0.7071098 -0.7071039 6.32206e-6 0.707106 0.7071076 -4.22008e-6 -0.7071039 0.7071098 6.25735e-6 0 0 -1 0.707112 -0.7071015 -4.21472e-6 0 0 -1 -5.51873e-7 1.33241e-6 -1 1 0 -4.47037e-6 0.707106 0.7071076 -4.22008e-6 0.7071053 -0.7071083 0 0.7071053 0.7071083 0 -0.7071039 0.7071098 6.25735e-6 0.707106 -0.7071076 -4.21468e-6 -0.7071098 -0.7071039 0 0.7071053 0.7071083 0 0.7071112 -0.7071023 0 0.7071089 0.7071046 0 0 -1 0 0.7071053 -0.7071083 0 0 0 -1 -0.7071039 0.7071098 0 -0.7071054 0.7071082 0 3.12836e-7 3.12837e-7 -1 6.66196e-7 0 -1 0 9.31323e-7 -1 0 0 -1 9.42142e-7 0 -1 0 0 -1 0 0 -1 0 0 -1 2.98023e-7 0 -1 3.59746e-7 1.49012e-7 -1 -0.7071061 -0.7071074 0 1 0 0 0.7071069 -0.7071067 0 0.7071081 0.7071055 0 0 -1 0 0 1 0 0.7071046 -0.7071089 0 1 0 0 0 -1 0 0.7071061 0.7071075 0 -0.7071039 0.7071098 0 0 0 -1 0.7071112 -0.7071023 0 -0.7071039 -0.7071098 6.32201e-6 0.707106 0.7071076 -4.22008e-6 -0.7071039 0.7071098 6.25735e-6 0.7071053 0.7071083 0 -0.7071098 -0.7071039 0 0.7071061 0.7071075 0 -0.7071038 -0.7071098 4.21465e-6 0 0 -1 9.2044e-6 -1.10887e-5 -1 0 1 0 0 1.49009e-5 -1 -0.7071038 0.7071098 2.11001e-6 -0.7071074 -0.7071061 0 0 0 -1 0 -1 0 0.7071081 -0.7071055 0 -0.7071054 -0.7071081 4.21468e-6 0 0 -1 -1 0 5.96047e-6 0.7071076 -0.7071059 0 -0.7071028 0.7071108 0 -1 0 1.49012e-6 -0.7071058 -0.7071079 1.05367e-6 -0.7071057 0.7071079 0 0 1 0 0 0 -1 -0.7071078 -0.7071058 0 0 -1 0 -1 0 0 1.43899e-6 -5.9605e-7 -1 0 0 -1 0 0 -1 1.43898e-6 -5.96046e-7 -1 0 0 -1 0 0 -1 0 0 -1 -0.7071038 -0.7071098 4.21465e-6 0.7071038 0.7071098 -4.22005e-6 0 0 -1 -0.7071038 0.7071098 4.22005e-6 -0.7071039 -0.7071098 0 0.7071053 0.7071083 0 -0.7071039 0.7071098 0 0 0 -1 0.7071063 -0.7071073 0 0.7071053 -0.7071083 0 0.707106 -0.7071076 -4.21468e-6 0 0 -1 -0.7071068 0.7071068 0 -0.7071069 -0.7071067 4.21471e-6 -0.7071061 0.7071074 0 0.7071098 -0.7071038 -4.21468e-6 0 0 -1 0.7071038 0.7071098 -4.22005e-6 -0.7071038 0.7071098 4.22005e-6 -0.7071038 -0.7071098 2.10732e-6 0.7071068 0.7071068 -2.11003e-6 -0.7071038 0.7071098 2.11002e-6 0 0 -1 0.7071068 -0.7071068 -2.10733e-6 -0.7071098 -0.7071038 4.21468e-6 0 0 -1 -0.7071039 -0.7071098 6.32201e-6 -0.7071034 0.7071101 0 1 0 0 0.7071068 -0.7071068 -2.10732e-6 0.7071038 -0.7071098 -4.21465e-6 0 0 -1 0.707112 -0.7071015 -4.21472e-6 1 0 -1.49012e-6 -0.7071098 -0.7071037 2.10733e-6 0.7071068 0.7071068 0 0 0 -1 1 0 -1.49012e-6 0.7071127 -0.7071008 -2.10735e-6 0.7071127 -0.7071008 -2.10734e-6 0.7071098 -0.7071038 -4.21468e-6 -0.7071038 0.7071098 4.22005e-6 0.7071068 0.7071068 -2.11002e-6 1 0 0 -0.7071039 -0.7071098 2.10731e-6 0.7071038 -0.7071098 -4.21465e-6 0 0 -1 0 0 -1 -1 0 1.49012e-6 -1 0 1.49012e-6 -0.7071039 0.7071098 6.25735e-6 0.7071068 0.7071068 -2.11003e-6 0 1 0 -0.7071038 0.7071098 2.11002e-6 0 1 0 -0.7071098 -0.7071038 2.10734e-6 0 0 -1 0 0 -1 0.7071047 -0.7071089 0 0.7071089 0.7071046 0 0 0 -1 0 0 -1 0 0 -1 0.7071038 0.7071098 -4.22005e-6 0 -1 0 0.7071039 -0.7071096 0 -1 0 5.96051e-6 0 1 0 0 0 -1 0 0 -1 0.707106 0.7071076 -4.22008e-6 0 0 -1 1 0 -4.47035e-6 0 -1 0 -0.7071039 0.7071098 0 0 0 -1 0.7071084 0.7071052 5.20464e-6 -0.7071098 -0.7071039 6.32206e-6 -0.7071039 -0.7071098 0 0 0 -1 -0.7071038 2.11001e-6 -0.7071098 -4.67045e-6 -1 -3.12837e-7 3.56348e-7 -1 3.56348e-7 0 -1 1.14624e-6 -1.2317e-6 -1 -3.12837e-7 -1.06905e-6 -1 1.06904e-6 3.12836e-7 -1 -3.52421e-6 6.49244e-7 -1 2.92896e-7 -7.12698e-7 -1 -7.127e-7 0 0 1 0 -1 0 0 -1 0 1.49012e-5 -1 0 -1.43899e-6 -1 5.96041e-7 0 -1 -1.49009e-5 -0.7071065 0 0.7071071 -1 0 0 0.7071068 -2.11002e-6 -0.7071068 0.7071038 -4.22005e-6 -0.7071098 -0.7071086 0 -0.707105 0 0 -1 -0.7071038 4.22005e-6 -0.7071098 0 -1 0 0 -1 0 -1 1.49012e-6 0 -0.7071072 5.62103e-7 0.7071064 0 -7.45061e-7 -1 -0.7071065 -5.20468e-7 -0.7071071 -0.7071098 4.21468e-6 0.7071038 0 -1 0 0 -1 0 0.7071058 -3.38304e-6 -0.7071078 3.12837e-7 -1 -3.12837e-7 0 -1 0 -9.31314e-7 -1 -9.31323e-7 0 -1 0 0 -1 0 3.12836e-7 -1 -6.29308e-7 3.12836e-7 -1 6.29306e-7 0 -1 0 0 -1 0 1.17632e-6 -1 -2.34174e-7 0 -1 0 0 -1 0 1.88428e-6 -1 0 0 -1 0 0 -1 0 0 -1 0 0 -1 0 0 -1 0 9.20435e-6 -1 1.10887e-5 -0.7071098 6.32206e-6 0.7071039 0.707106 -4.22008e-6 -0.7071076 -0.7071039 6.25735e-6 -0.7071098 0 -1 0 0.707112 -4.21472e-6 0.7071015 0 -1 0 -5.51873e-7 -1 -1.33241e-6 1 -4.47037e-6 0 0.707106 -4.22008e-6 -0.7071076 0.7071053 0 0.7071083 0.7071053 0 -0.7071083 -0.7071039 6.25735e-6 -0.7071098 0.707106 -4.21468e-6 0.7071076 -0.7071098 0 0.7071039 0.7071053 0 -0.7071083 0.7071112 0 0.7071023 0.7071089 0 -0.7071046 0 0 1 0.7071053 0 0.7071083 0 -1 0 -0.7071039 0 -0.7071098 -0.7071054 0 -0.7071081 3.12836e-7 -1 -3.12837e-7 6.66196e-7 -1 0 0 -1 -9.31323e-7 0 -1 0 9.42142e-7 -1 0 0 -1 0 0 -1 0 0 -1 0 2.98023e-7 -1 0 3.59746e-7 -1 -1.49012e-7 -0.7071061 0 0.7071074 1 0 0 0.7071069 0 0.7071067 0.7071082 -5.26838e-7 -0.7071054 0 0 1 0 0 -1 0.7071046 0 0.7071089 1 0 0 0 0 1 0.7071061 0 -0.7071075 -0.7071039 0 -0.7071098 0 -1 0 0.7071112 0 0.7071023 -0.7071039 6.32201e-6 0.7071098 0.707106 -4.22008e-6 -0.7071076 -0.7071039 6.25735e-6 -0.7071098 0.7071053 0 -0.7071083 -0.7071098 0 0.7071039 0.7071061 0 -0.7071075 -0.7071038 4.21465e-6 0.7071098 0 -1 0 9.2044e-6 -1 1.10887e-5 0 0 -1 0 -1 -1.49009e-5 -0.7071038 2.11001e-6 -0.7071098 -0.7071074 0 0.7071061 0 -1 0 0 0 1 0.7071082 0 0.7071054 -0.7071054 4.21468e-6 0.7071081 0 -1 0 -1 5.96047e-6 0 0.7071076 0 0.7071059 -0.7071028 0 -0.7071107 -1 1.49012e-6 0 -0.7071058 1.05367e-6 0.7071079 -0.7071057 0 -0.7071079 0 0 -1 0 -1 0 -0.7071079 0 0.7071058 0 0 1 -1 0 0 1.43899e-6 -1 5.9605e-7 0 -1 0 0 -1 0 1.43898e-6 -1 5.96046e-7 0 -1 0 0 -1 0 0 -1 0 -0.7071038 4.21465e-6 0.7071098 0.7071038 -4.22005e-6 -0.7071098 0 -1 0 -0.7071038 4.22005e-6 -0.7071098 -0.7071039 0 0.7071098 0.7071053 0 -0.7071083 -0.7071039 0 -0.7071098 0 -1 0 0.7071063 0 0.7071073 0.7071053 0 0.7071083 0.707106 -4.21468e-6 0.7071076 0 -1 0 -0.7071068 0 -0.7071068 -0.7071069 4.21471e-6 0.7071067 -0.7071061 -5.20466e-7 -0.7071074 0.7071098 -4.21468e-6 0.7071038 0 -1 0 0.7071038 -4.22005e-6 -0.7071098 -0.7071038 4.22005e-6 -0.7071098 -0.7071038 2.10732e-6 0.7071098 0.7071068 -2.11003e-6 -0.7071068 -0.7071038 2.11002e-6 -0.7071098 0 -1 0 0.7071068 -2.10733e-6 0.7071068 -0.7071098 4.21468e-6 0.7071038 0 -1 0 -0.7071039 6.32201e-6 0.7071098 -0.7071034 0 -0.7071101 1 0 0 0.7071068 -2.10732e-6 0.7071068 0.7071038 -4.21465e-6 0.7071098 0 -1 0 0.707112 -4.21472e-6 0.7071015 1 -1.49012e-6 0 -0.7071098 2.10733e-6 0.7071037 0.7071068 0 -0.7071067 0 -1 0 1 -1.49012e-6 0 0.7071127 -2.10735e-6 0.7071008 0.7071127 -2.10734e-6 0.7071008 0.7071098 -4.21468e-6 0.7071038 -0.7071038 4.22005e-6 -0.7071098 0.7071068 -2.11002e-6 -0.7071068 1 0 0 -0.7071039 2.10731e-6 0.7071098 0.7071038 -4.21465e-6 0.7071098 0 -1 0 0 -1 0 -1 1.49012e-6 0 -1 1.49012e-6 0 -0.7071039 6.25735e-6 -0.7071098 0.7071068 -2.11003e-6 -0.7071068 0 0 -1 -0.7071038 2.11002e-6 -0.7071098 0 -7.45063e-7 -1 -0.7071098 2.10734e-6 0.7071038 0 -1 0 0 -1 0 0.7071047 5.26841e-7 0.7071089 0.7071089 0 -0.7071046 0 -1 0 0 -1 0 0 -1 0 0.7071038 -4.22005e-6 -0.7071098 0 7.45059e-7 1 0.7071039 5.26838e-7 0.7071096 -1 5.96051e-6 0 0 0 -1 0 -1 0 0 -1 0 0.707106 -4.22008e-6 -0.7071076 0 -1 0 1 -4.47035e-6 0 0 7.45063e-7 1 -0.7071039 0 -0.7071098 0 -1 0 0.7071084 5.20464e-6 -0.7071052 -0.7071098 6.32206e-6 0.7071039 -0.7071039 0 0.7071098 0 -1 0 1 0 1.86265e-7 -1 0 0 0 -1 0 0 1 0 1 0 0 0 -1.86265e-7 1 0 1.86265e-7 -1 -1 0 0 -1 0 0 1 0 0 0 0 1 0 0.7071068 0.7071068 0 1 0 0.7071068 0.7071068 0 0.7071068 -0.7071068 0 1 0 0 -1 0 0 -0.7071068 0.7071068 0 -0.7071068 -0.7071068 0 0 1 0 0 -1 0 0 0 -1 0 0 -1 0 0 -1 0 0 -1 0 0 1 0 0 1 0 0 1 0 0 1 0 1 0 0 1 0 0 1 2.98023e-6 3.72529e-6 1 0 0 -1 0 0 -1 7.45055e-7 0 -1 0 0 -1 0 0 0 1 0 -7.45057e-7 -1 -0.7071063 0 0.7071074 -0.7071076 -5.26834e-7 -0.707106 -1 0 0 1 0 0 0.7071063 0 0.7071074 0.7071076 -5.26834e-7 -0.707106 -0.7071038 0.7071098 2.10731e-6 -3.43874e-6 0 -1 -2.29249e-6 0 -1 -2.29249e-6 0 -1 6.66196e-7 -4.91542e-6 -1 0 -1.14624e-6 -1 3.12836e-7 -3.52417e-6 -1 1.14624e-6 0 -1 1.14624e-6 0 -1 0 0 -1 0 2.2925e-6 -1 0 1.14625e-6 -1 0 1.14625e-6 -1 0 -1 0 1.33239e-6 -1.43494e-5 -1 0 0 -1 -5.96014e-7 1.43898e-6 -1 1.05369e-5 -1.05369e-5 -1 1.33239e-6 5.51887e-7 -1 -0.7071065 -0.7071071 0 -1 0 0 0.7071068 0.7071068 -2.10732e-6 0.7071038 0.7071098 -4.21465e-6 -0.7071084 0.7071052 -1.05368e-6 0 1 0 -0.7071038 0.7071098 4.21465e-6 0 0 -1 0 0 -1 -1 -7.19495e-7 -1.49012e-6 -0.7071074 -0.7071062 0 0 1 0 -0.7071065 0.7071071 0 -0.7071098 -0.7071038 4.21468e-6 0 0 -1 0 0 -1 0.7071063 0.7071073 0 0 0 -1 -0.7071098 -0.7071039 6.32206e-6 0.7071053 0.7071083 -6.32202e-6 -0.7071039 0.7071098 6.32201e-6 0 0 -1 0.7071113 -0.7071024 -6.32207e-6 0 0 -1 1.05366e-5 1.05366e-5 -1 1 0 -4.47037e-6 0.7071053 0.7071083 -6.32202e-6 0.7071053 -0.7071083 0 0.7071053 0.7071083 0 -0.7071039 0.7071098 6.32201e-6 0.7071053 -0.7071083 -6.32202e-6 -0.7071098 -0.7071039 0 0.7071053 0.7071083 0 0.7071113 -0.7071024 0 0.7071087 0.7071048 -1.05368e-6 0 -1 0 0.7071052 -0.7071084 -1.05367e-6 0 0 -1 -0.7071039 0.7071098 0 -0.7071054 0.7071082 0 -4.03391e-7 -6.14126e-7 -1 1.43898e-6 5.96048e-7 -1 4.21468e-7 4.21469e-7 -1 2.03504e-6 0 -1 1.43898e-6 -3.47403e-6 -1 2.10734e-7 1.22825e-6 -1 0 0 -1 0 0 -1 0 0 -1 0 0 -1 0 0 -1 0 0 -1 2.10734e-7 -2.10735e-7 -1 1.43898e-6 1.01752e-6 -1 -1.01751e-6 0 -1 1.43898e-6 -2.45649e-6 -1 2.98023e-7 2.98021e-7 -1 7.19493e-7 -7.19496e-7 -1 0 0 -1 7.19492e-7 -7.19495e-7 -1 0 0 -1 3.59746e-7 1.49012e-7 -1 -0.7071059 -0.7071076 1.05367e-6 1 0 0 0.7071068 -0.7071068 0 0.7071068 -0.7071068 -1.30117e-7 0.7071081 0.7071055 0 0 -1 0 0 1 0 0.7071076 -0.707106 0 0.7071061 -0.7071074 4.28606e-6 1 0 0 0 -1 0 0.7071061 0.7071075 0 -0.7071039 0.7071098 0 0 0 -1 0.7071113 -0.7071024 0 -0.7071039 -0.7071098 6.32201e-6 0.7071053 0.7071083 -6.32202e-6 -0.7071039 0.7071098 6.32201e-6 0.7071053 0.7071083 0 -0.7071098 -0.7071039 0 0.7071059 0.7071077 -1.05367e-6 -0.7071038 -0.7071098 4.21465e-6 0 0 -1 0 0 -1 0 1 0 1.33239e-6 5.51887e-7 -1 -0.7071038 0.7071098 2.10731e-6 -0.7071073 -0.7071063 1.05368e-6 0 0 -1 0 -1 0 0.7071081 -0.7071055 0 -0.7071061 -0.7071074 0 0 0 -1 -1 -1.43898e-6 0 0.7071071 -0.7071065 -3.16103e-6 -0.7071048 0.7071088 0 -0.7071038 0.7071098 2.9927e-6 -1 -7.19489e-7 -1.49011e-6 -0.7071059 -0.7071077 0 -0.7071055 0.707108 -1.05367e-6 0 1 0 0 0 -1 -0.7071078 -0.7071058 0 0 -1 0 -1 0 0 1.33239e-6 5.51897e-7 -1 0 0 -1 0 0 -1 1.33239e-6 5.51914e-7 -1 0 0 -1 0 0 -1 0 0 -1 -0.7071038 -0.7071098 4.21465e-6 0.7071038 0.7071098 -4.21465e-6 0 0 -1 -0.7071038 0.7071098 4.21465e-6 -0.7071039 -0.7071098 0 0.7071053 0.7071083 0 -0.7071039 0.7071098 0 0 0 -1 0.7071058 -0.7071077 -3.16101e-6 0.7071053 -0.7071083 0 0.7071053 -0.7071083 -6.32202e-6 0 0 -1 -0.7071098 0.7071039 0 -0.7071083 0.7071053 4.28605e-6 -0.7071076 -0.707106 0 -0.7071059 0.7071076 1.05367e-6 0.7071098 -0.7071038 -4.21468e-6 0 0 -1 0.7071038 0.7071098 -4.21465e-6 -0.7071038 0.7071098 4.21465e-6 -0.7071038 -0.7071098 2.10732e-6 0.7071068 0.7071068 -2.10733e-6 -0.7071038 0.7071098 2.10732e-6 0 0 -1 0.7071068 -0.7071068 -2.10733e-6 -0.7071098 -0.7071038 4.21468e-6 0 0 -1 -0.7071039 -0.7071098 6.32201e-6 -0.7071033 0.7071103 1.05367e-6 1 0 0 0.7071068 -0.7071068 -2.10732e-6 0.7071038 -0.7071098 -4.21465e-6 0 0 -1 0.7071113 -0.7071024 -6.32207e-6 1 0 -1.49012e-6 -0.7071098 -0.7071038 2.10733e-6 0.7071081 0.7071055 8.42936e-6 0 0 -1 1 0 -1.49012e-6 0.7071127 -0.7071008 -2.10735e-6 0.7071127 -0.7071008 -2.10734e-6 0.7071098 -0.7071038 -4.21468e-6 -0.7071038 0.7071098 4.21465e-6 0.7071068 0.7071068 -2.10732e-6 1 0 0 -0.7071038 -0.7071098 2.10731e-6 0.7071038 -0.7071098 -4.21465e-6 0 0 -1 0 0 -1 -1 0 1.49012e-6 -1 0 1.49012e-6 -0.7071039 0.7071098 6.32201e-6 0.7071068 0.7071068 -2.10733e-6 0 1 0 -0.7071038 0.7071098 2.10732e-6 0 1 0 -0.7071098 -0.7071038 2.10734e-6 0 0 -1 0 0 -1 0.7071047 -0.7071089 0 0.7071089 0.7071046 0 0 0 -1 0 0 -1 0 0 -1 0.7071038 0.7071098 -4.21465e-6 0 -1 0 0.7071037 -0.7071099 -1.05367e-6 -1 -1.43899e-6 0 0 1 0 9.2042e-6 1.10885e-5 -1 1.33239e-6 -1.43494e-5 -1 0.7071053 0.7071083 -6.32202e-6 0 0 -1 1 0 -4.47035e-6 0 -1 0 -0.7071039 0.7071098 0 0 0 -1 0.7071076 0.707106 0 -0.7071098 -0.7071039 6.32206e-6 -0.7071039 -0.7071098 0 0 0 -1 -0.7071038 2.10731e-6 -0.7071098 -3.43874e-6 -1 0 -2.29249e-6 -1 0 -2.29249e-6 -1 0 6.66196e-7 -1 4.91542e-6 0 -1 1.14624e-6 3.12836e-7 -1 3.52417e-6 1.14624e-6 -1 0 1.14624e-6 -1 0 0 -1 0 0 -1 -2.2925e-6 0 -1 -1.14625e-6 0 -1 -1.14625e-6 0 0 1 1.33239e-6 -1 1.43494e-5 0 -1 0 -5.96014e-7 -1 -1.43898e-6 1.05369e-5 -1 1.05369e-5 1.33239e-6 -1 -5.51887e-7 -0.7071065 0 0.7071071 -1 0 0 0.7071068 -2.10732e-6 -0.7071068 0.7071038 -4.21465e-6 -0.7071098 -0.7071084 -1.05368e-6 -0.7071052 0 0 -1 -0.7071038 4.21465e-6 -0.7071098 0 -1 0 0 -1 0 -1 -1.49012e-6 7.19495e-7 -0.7071073 1.05368e-6 0.7071064 0 -7.45065e-7 -1 -0.7071064 0 -0.7071072 -0.7071098 4.21468e-6 0.7071038 0 -1 0 0 -1 0 0.7071063 0 -0.7071073 0 -1 0 -0.7071098 6.32206e-6 0.7071039 0.7071053 -6.32202e-6 -0.7071083 -0.7071039 6.32201e-6 -0.7071098 0 -1 0 0.7071113 -6.32207e-6 0.7071024 0 -1 0 1.05366e-5 -1 -1.05366e-5 1 -4.47037e-6 0 0.7071053 -6.32202e-6 -0.7071083 0.7071053 0 0.7071083 0.7071053 0 -0.7071083 -0.7071039 6.32201e-6 -0.7071098 0.7071053 -6.32202e-6 0.7071083 -0.7071098 0 0.7071039 0.7071053 0 -0.7071083 0.7071113 0 0.7071024 0.7071087 -1.05368e-6 -0.7071048 0 0 1 0.7071052 -1.05367e-6 0.7071084 0 -1 0 -0.7071039 0 -0.7071098 -0.7071054 0 -0.7071081 -4.03391e-7 -1 6.14125e-7 1.43898e-6 -1 -5.96048e-7 4.21468e-7 -1 -4.21469e-7 2.03504e-6 -1 0 1.43898e-6 -1 3.47403e-6 2.10734e-7 -1 -1.22825e-6 0 -1 0 0 -1 0 0 -1 0 0 -1 0 0 -1 0 0 -1 0 2.10734e-7 -1 2.10735e-7 1.43898e-6 -1 -1.01752e-6 -1.01751e-6 -1 0 1.43898e-6 -1 2.45649e-6 2.98023e-7 -1 -2.98021e-7 7.19493e-7 -1 7.19496e-7 0 -1 0 7.19492e-7 -1 7.19495e-7 0 -1 0 3.59746e-7 -1 -1.49012e-7 -0.7071059 1.05367e-6 0.7071076 1 0 0 0.7071068 0 0.7071068 0.7071069 -1.30118e-7 0.7071067 0.7071081 0 -0.7071055 0 0 1 0 0 -1 0.7071076 0 0.7071059 0.7071061 4.35632e-6 0.7071074 1 0 0 0 0 1 0.7071061 0 -0.7071075 -0.7071039 0 -0.7071098 0 -1 0 0.7071113 0 0.7071024 -0.7071039 6.32201e-6 0.7071098 0.7071053 -6.32202e-6 -0.7071083 -0.7071039 6.32201e-6 -0.7071098 0.7071053 0 -0.7071083 -0.7071098 0 0.7071039 0.7071059 -1.05367e-6 -0.7071077 -0.7071038 4.21465e-6 0.7071098 0 -1 0 0 -1 0 0 0 -1 1.33239e-6 -1 -5.51887e-7 -0.7071038 2.10731e-6 -0.7071098 -0.7071073 1.05368e-6 0.7071063 0 -1 0 0 0 1 0.7071082 0 0.7071054 -0.7071061 0 0.7071074 0 -1 0 -1 0 1.43898e-6 0.7071071 -3.16103e-6 0.7071065 -0.7071048 0 -0.7071088 -0.7071039 2.9927e-6 -0.7071098 -1 -1.49011e-6 7.19489e-7 -0.7071059 0 0.7071077 -0.7071055 -1.05367e-6 -0.707108 0 0 -1 0 -1 0 -0.7071079 0 0.7071058 0 0 1 -1 0 0 1.33239e-6 -1 -5.51898e-7 0 -1 0 0 -1 0 1.33239e-6 -1 -5.51914e-7 0 -1 0 0 -1 0 0 -1 0 -0.7071038 4.21465e-6 0.7071098 0.7071038 -4.21465e-6 -0.7071098 0 -1 0 -0.7071038 4.21465e-6 -0.7071098 -0.7071039 0 0.7071098 0.7071053 0 -0.7071083 -0.7071039 0 -0.7071098 0 -1 0 0.7071058 -3.16101e-6 0.7071077 0.7071053 0 0.7071083 0.7071053 -6.32202e-6 0.7071083 0 -1 0 -0.7071098 0 -0.7071039 -0.7071083 4.35631e-6 -0.7071053 -0.7071074 5.26839e-7 0.7071061 -0.7071059 1.05367e-6 -0.7071077 0.7071098 -4.21468e-6 0.7071038 0 -1 0 0.7071038 -4.21465e-6 -0.7071098 -0.7071038 4.21465e-6 -0.7071098 -0.7071038 2.10732e-6 0.7071098 0.7071068 -2.10733e-6 -0.7071068 -0.7071038 2.10732e-6 -0.7071098 0 -1 0 0.7071068 -2.10733e-6 0.7071068 -0.7071098 4.21468e-6 0.7071038 0 -1 0 -0.7071039 6.32201e-6 0.7071098 -0.7071033 1.05367e-6 -0.7071103 1 0 0 0.7071068 -2.10732e-6 0.7071068 0.7071038 -4.21465e-6 0.7071098 0 -1 0 0.7071113 -6.32207e-6 0.7071024 1 -1.49012e-6 0 -0.7071098 2.10733e-6 0.7071038 0.7071082 8.42936e-6 -0.7071054 0 -1 0 1 -1.49012e-6 0 0.7071127 -2.10735e-6 0.7071008 0.7071127 -2.10734e-6 0.7071008 0.7071098 -4.21468e-6 0.7071038 -0.7071038 4.21465e-6 -0.7071098 0.7071068 -2.10732e-6 -0.7071068 1 0 0 -0.7071038 2.10731e-6 0.7071098 0.7071038 -4.21465e-6 0.7071098 0 -1 0 0 -1 0 -1 1.49012e-6 0 -1 1.49012e-6 0 -0.7071039 6.32201e-6 -0.7071098 0.7071068 -2.10733e-6 -0.7071068 0 0 -1 -0.7071038 2.10732e-6 -0.7071098 0 -7.45059e-7 -1 -0.7071098 2.10734e-6 0.7071038 0 -1 0 0 -1 0 0.7071046 0 0.707109 0.7071089 0 -0.7071046 0 -1 0 0 -1 0 0 -1 0 0.7071038 -4.21465e-6 -0.7071098 0 7.45063e-7 1 0.7071036 -1.05367e-6 0.7071099 -1 0 1.43899e-6 0 0 -1 9.20419e-6 -1 -1.10885e-5 1.33239e-6 -1 1.43494e-5 0.7071053 -6.32202e-6 -0.7071083 0 -1 0 1 -4.47035e-6 0 0 7.45059e-7 1 -0.7071039 0 -0.7071098 0 -1 0 0.7071076 -5.2684e-7 -0.7071061 -0.7071098 6.32206e-6 0.7071039 -0.7071039 0 0.7071098 0 -1 0 1 0 3.72529e-7 -1 0 1.86265e-7 0 -1 0 0 1 0 1 0 0 0 -1.86265e-7 1 0 1.86265e-7 -1 -1 0 0 -1 0 0 -1 0 0 1 0 0 1 0 0 0 0 1 0 0.7071068 0.7071068 0 1 0</float_array>
          <technique_common>
            <accessor source="#Cube-mesh-normals-array" count="960" stride="3">
              <param name="X" type="float"/>
              <param name="Y" type="float"/>
              <param name="Z" type="float"/>
            </accessor>
          </technique_common>
        </source>
        <source id="Cube-mesh-map-0">
          <float_array id="Cube-mesh-map-0-array" count="5760">0 0 0 0 0 0 0 0 0 0 0 0 0 0 0 0 0 0 0 0 0 0 0 0 0 0 0 0 0 0 0 0 0 0 0 0 0 0 0 0 0 0 0 0 0 0 0 0 0 0 0 0 0 0 0 0 0 0 0 0 0 0 0 0 0 0 0 0 0 0 0 0 0 0 0 0 0 0 0 0 0 0 0 0 0 0 0 0 0 0 0 0 0 0 0 0 0 0 0 0 0 0 0 0 0 0 0 0 0 0 0 0 0 0 0 0 0 0 0 0 0 0 0 0 0 0 0 0 0 0 0 0 0 0 0 0 0 0 0 0 0 0 0 0 0 0 0 0 0 0 0 0 0 0 0 0 0 0 0 0 0 0 0 0 0 0 0 0 0 0 0 0 0 0 0 0 0 0 0 0 0 0 0 0 0 0 0 0 0 0 0 0 0 0 0 0 0 0 0 0 0 0 0 0 0 0 0 0 0 0 0 0 0 0 0 0 0 0 0 0 0 0 0 0 0 0 0 0 0 0 0 0 0 0 0 0 0 0 0 0 0 0 0 0 0 0 0 0 0 0 0 0 0 0 0 0 0 0 0 0 0 0 0 0 0 0 0 0 0 0 0 0 0 0 0 0 0 0 0 0 0 0 0 0 0 0 0 0 0.375 0.75 0.625 1 0.375 1 0.625 0.9999978 0.4649763 0.6148692 0 0 0.25 1 0 0 0.375 1 0.5 1 0 0 0 0 0.4649762 0.6351307 0.25 1 0 0 0.5 0.9999993 0 0 0.625 0.9999993 0.8750005 1 0.5911765 0.6211084 0 0 0 0.9999985 0 0 0.125 1 0 0 0 0 0.875 0.9999978 0.5 1 0.375 0.5 0.375 0.9999985 0 0 0 0 0 0 0 0 0 0 0 0 0 0 0 0 0 0 0 0 0 0 0 0 0 0 0 0 0 0 0.625 1 0.5 0.5 0.5 0.9999985 0.75 0.5 0.625 0.9999985 0.75 1 0.375 0.5 0.125 0.75 0.125 0.5 0.375 0.5 0.125 0.75 0.125 0.5 0.25 1 0.375 0.5 0.375 0.9999985 0.375 0.5 0.5 0.9999985 0.375 1 0.375 0.75 0.625 1 0.375 1 0 0 0 0 0 0 0 0 0 0 0 0 0.125 0.5 0.25 0.9999985 0.125 1 0 1 0.125 0.5 0.125 0.9999985 0.8750005 1 1 0.5 0.875 0.5 0.875 0.5 0.75 0.9999985 0.875 1 0.625 0.5 0.875 0.75 0.625 0.75 0.875 0.5 0.75 0.5 0.875 0.5 0.375 0.5 0.625 0.75 0.375 0.75 0.125 0.5 0 0.9999985 0.125 1 0.5350239 0.6148692 0.5117647 0.6174536 0.4649763 0.6148692 0.5117648 0.6325463 0.4882354 0.6325463 0.4882354 0.6288915 0.5117647 0.6174536 0.4882354 0.6174536 0.4649763 0.6148692 0.5679175 0.6263071 0.5350239 0.6263071 0.5679174 0.6236928 0.4088236 0.6211084 0.4320828 0.6236928 0.4320828 0.6263071 0.5911765 0.6288915 0.5679175 0.6263071 0.5911765 0.6211084 0.4088236 0.6211084 0.4320828 0.6263071 0.4088236 0.6288915 0.5679175 0.6263071 0.5679174 0.6236928 0.5911765 0.6211084 0.4649763 0.6263072 0.4320828 0.6263071 0.4649761 0.6236928 0.5350239 0.6263071 0.5117648 0.6288915 0.4766058 0.6275993 0.4766058 0.6275993 0.4649763 0.6263072 0.4649761 0.6236928 0.5350239 0.6263071 0.5350239 0.6236928 0.5679174 0.6236928 0.5117648 0.6288915 0.4882354 0.6288915 0.4766058 0.6275993 0.4320828 0.6263071 0.4320828 0.6236928 0.4649761 0.6236928 0.5233942 0.6224005 0.5350239 0.6236928 0.5350239 0.6263071 0.4649761 0.6236928 0.5233942 0.6224005 0.4766058 0.6275993 0.4766058 0.6275993 0.5233942 0.6224005 0.5350239 0.6263071 0.4649761 0.6236928 0.4882354 0.6211084 0.5233942 0.6224005 0.875 0.5 0.75 0.5 0.875 0.5 0.625 0.5 0.875 0.75 0.625 0.75 0.375 0.5 0.125 0.75 0.125 0.5 0.375 0.75 0.625 1 0.375 1 0.375 0.5 0.625 0.75 0.375 0.75 0.625 0.25 0.375 0.5 0.375 0.25 0 0 0 0 0 0 0 0 0 0 0 0 0.25 0.5 0.125 0.9999985 0.25 1 0.375 0.5 0.125 0.75 0.125 0.5 0.625 0.25 0.375 0.5 0.375 0.25 0.375 0.5 0.125 0.75 0.125 0.5 0.375 0.75 0.625 1 0.375 1 0.625 0.25 0.375 0.5 0.375 0.25 0.875 0.5 0.625 0.75 0.625 0.5 0.375 0.5 0.125 0.75 0.125 0.5 0.625 0.25 0.375 0.5 0.375 0.25 0.5 0.5 0.625 0.9999978 0.5 1 0.875 1 1 0.5 1 0.9999985 0.75 1 0.875 0.5 0.875 0.9999985 0.375 0.5 0.625 0.75 0.375 0.75 0.625 0.75 0.375 1 0.375 0.75 0.25 0.5 0.375 0.9999993 0.25 1 0.4649762 0.6351307 0.4882354 0.6325463 0.5350239 0.6351307 0.4882354 0.6211084 0.4882354 0.6174536 0.5117648 0.6211084 0.4882354 0.6174536 0.5117647 0.6174536 0.5117648 0.6211084 0.4882354 0.6211084 0.5117648 0.6211084 0.5233942 0.6224005 0.4882354 0.6325463 0.5117648 0.6325463 0.5350239 0.6351307 0.4637579 0.6348039 0.4333011 0.6348039 0.4745261 0.6278304 0.5117648 0.6325463 0.4882354 0.6288915 0.5117648 0.6288915 0.5666991 0.6233659 0.5362423 0.623366 0.525474 0.6221695 0.5362423 0.626634 0.5666992 0.626634 0.5362423 0.6348039 0.4852942 0.6209731 0.433301 0.6233659 0.4117648 0.6175889 0.625 1 0.5 0.5 0.5 0.9999985 0.25 0.5 0.125 0.9999978 0.25 1 0.25 0.5 0.25 0.9999985 0.3125002 1 0.125 0.5 0 0.9999978 0.125 1 0.375 0.5 0.5 1 0.5 0.5 0.375 0.5 0.5 0.9999993 0.375 1 0.875 0.5 0.875 0.9999985 0.8124998 1 0.625 0.5 0.75 0.9999993 0.625 1 0.875 1 1 0.5 1 0.9999993 0.5 0.5 0.625 0.9999993 0.5 1 0.625 0.75 0.375 1 0.375 0.75 0.375 0.5 0.625 0.75 0.375 0.75 0.625 0.25 0.375 0.5 0.375 0.25 0.625 0.5 0.875 0.75 0.625 0.75 0.375 0.5 0.125 0.75 0.125 0.5 0.375 0.75 0.625 1 0.375 1 0.375 0.5 0.125 0.75 0.125 0.5 0.875 0.5 0.625 0.75 0.625 0.5 0.5 0.5 0.625 0.9999993 0.5 1 0.625 0.5 0.875 0.75 0.625 0.75 0.625 0.5 0.375 0.75 0.375 0.5 0 0 0 0 0 0 0.375 0.5 0.5 0.9999993 0.375 1 0 0 0 0 0 0 0.375 0.75 0.625 1 0.375 1 0.625 1 0.5 0.5 0.5 0.9999993 0 0 0 0 0 0 0.375 0.5 0.5 1 0.5 0.5 0.25 0.5 0.375 1 0.375 0.5 0 1 0.125 0.5 0.125 0.9999993 0 0 0 0 0 0 0.125 0.5 0.25 0.9999993 0.125 1 0.25 0.5 0.375 1 0.375 0.5 0.75 0.5 0.75 0.9999993 0.8124997 1 0.125 0.5 0.25 1 0.125 1 0 1 0.125 0.5 0.125 1 0.25 1 0.375 0.5 0.375 0.9999985 1 0.5 0.875 0.9999985 1 1 0 0 0 0 0 0 0.625 0.5 0.5 0.9999993 0.625 1 0.375 0.5 0.5 1 0.5 0.5 0.75 0.5 0.625 0.9999993 0.75 1 0 0 0 0 0 0 0 0 0 0 0 0 0 0 0 0 0 0 0 0 0 0 0 0 0 0 0 0 0 0 0 0 0 0 0 0 0.625 0.5 0.375 0.75 0.375 0.5 0.625 0.5 0.875 0.75 0.625 0.75 0.375 0.5 0.125 0.75 0.125 0.5 0.875 0.5 0.75 0.5 0.75 0.5 0.375 0.75 0.625 1 0.375 1 0.875 0.5 0.625 0.75 0.625 0.5 0.375 0.5 0.125 0.75 0.125 0.5 0.625 0.75 0.375 1 0.375 0.75 0.625 0.5 0.375 0.75 0.375 0.5 0.25 0.5 0.375 1 0.375 0.5 0.625 0.25 0.375 0.5 0.375 0.25 0.625 0.25 0.375 0.5 0.375 0.25 0.625 0.5 0.375 0.75 0.375 0.5 0.375 0.5 0.375 0.9999985 0.3125002 1 0 1 0.125 0.5 0.125 0.9999978 0.875 0.5 0.75 0.9999978 0.875 1 0.625 0.25 0.375 0.5 0.375 0.25 0.375 0.5 0.625 0.75 0.375 0.75 0.375 0.5 0.125 0.75 0.125 0.5 0.375 0.75 0.625 1 0.375 1 0.625 0.5 0.875 0.75 0.625 0.75 0.375 0.5 0.125 0.75 0.125 0.5 0.375 0.75 0.625 1 0.375 1 0.625 0.5 0.375 0.75 0.375 0.5 0.625 0.25 0.375 0.5 0.375 0.25 0.625 0.5 0.875 0.75 0.625 0.75 0 0 0 0 0 0 0.625 0.5 0.875 0.75 0.625 0.75 0.875 0.5 0.75 0.9999993 0.875 1 0.625 0.5 0.75 0.9999985 0.625 1 0.625 0.25 0.375 0.5 0.375 0.25 0.625 0.25 0.375 0.5 0.375 0.25 0.625 0.5 0.375 0.75 0.375 0.5 0.625 0.25 0.375 0.5 0.375 0.25 0.625 0.5 0.75 0.9999993 0.625 1 0.625 0.5 0.875 0.75 0.625 0.75 3.33098e-7 1 0.125 0.5 0 0.5 0 0 0 0 0 0 0.625 0.5 0.75 0.9999978 0.625 1 0.625 0.25 0.375 0.5 0.375 0.25 0.625 0.25 0.375 0.5 0.375 0.25 0.625 0.25 0.375 0.5 0.375 0.25 0.375 0.75 0.625 1 0.375 1 0.375 0.5 0.125 0.75 0.125 0.5 0.1250002 1 0.25 0.5 0.125 0.5 0.625 0.5 0.875 0.75 0.625 0.75 0.625 0.25 0.375 0.5 0.375 0.25 0.875 0.5 0.75 0.5 0.75 0.5 0.625 0.5 0.375 0.75 0.375 0.5 0.75 0.5 0.625 0.9999993 0.75 1 0.75 0.5 0.625 0.9999978 0.75 1 0.375 0.75 0.625 1 0.375 1 0.375 0.5 0.125 0.75 0.125 0.5 1 0.5 0.875 0.9999985 1 1 0.375 0.75 0.625 1 0.375 1 1 0.5 0.875 0.9999978 1 1 0.625 0.5 0.875 0.75 0.625 0.75 0.625 0.5 0.375 0.75 0.375 0.5 0.375 0.5 0.625 0.75 0.375 0.75 0.75 0.5 0.875 0.9999985 0.75 1 0.5 0.5 0.625 0.9999985 0.5 1 0 0 0 0 0 0 0 0 0 0 0 0 0.625 0.5 0.375 0.75 0.375 0.5 0.375 0.5 0.125 0.75 0.125 0.5 0.875 1 1 0.5 1 0.9999985 0.75 1 0.875 0.5 0.875 0.9999978 0.125 0.5 0.25 0.9999985 0.125 1 0.375 0.5 0.5 0.9999985 0.375 1 0 0 0 0 0 0 0 0 0 0 0 0 0.375 0.5 0.125 0.75 0.125 0.5 0 0 0 0 0 0 0.1250003 1 0.25 0.5 0.125 0.5 0.875 1 1 0.5 1 0.9999978 0.625 0.75 0.375 1 0.375 0.75 0 0 0 0 0 0 0.125 0.5 0 0.9999985 0.125 1 0.625 0.5 0.875 0.75 0.625 0.75 0.875 0.5 0.625 0.75 0.625 0.5 0.625 0.5 0.375 0.75 0.375 0.5 0.375 0.75 0.625 1 0.375 1 0.625 0.9999978 0.4649763 0.6148692 0 0 0.25 1 0 0 0.375 1 0.5 1 0 0 0 0 0.4649762 0.6351307 0.25 1 0 0 0.5 0.9999993 0 0 0.625 0.9999993 0.8750005 1 0.5911765 0.6211084 0 0 0 0.9999985 0 0 0.125 1 0 0 0 0 0.875 0.9999978 0.5 1 0.375 0.5 0.375 0.9999985 0 0 0 0 0 0 0 0 0 0 0 0 0 0 0 0 0 0 0 0 0 0 0 0 0 0 0 0 0 0 0.625 1 0.5 0.5 0.5 0.9999985 0.75 0.5 0.625 0.9999985 0.75 1 0.375 0.5 0.125 0.75 0.125 0.5 0.375 0.5 0.125 0.75 0.125 0.5 0.25 1 0.375 0.5 0.375 0.9999985 0.375 0.5 0.5 0.9999985 0.375 1 0.375 0.75 0.625 1 0.375 1 0 0 0 0 0 0 0 0 0 0 0 0 0.125 0.5 0.25 0.9999985 0.125 1 0 0.5 0.125 0.9999985 0 1 0.8750005 1 1 0.5 0.875 0.5 0.875 0.5 0.75 0.9999985 0.875 1 0.625 0.5 0.875 0.75 0.625 0.75 0.875 0.5 0.75 0.5 0.875 0.5 0.375 0.5 0.625 0.75 0.375 0.75 0.125 0.5 0 0.9999985 0.125 1 0.5350239 0.6148692 0.5117647 0.6174536 0.4649763 0.6148692 0.5117648 0.6325463 0.4882354 0.6325463 0.4882354 0.6288915 0.5117647 0.6174536 0.4882354 0.6174536 0.4649763 0.6148692 0.5679175 0.6263071 0.5350239 0.6263071 0.5679174 0.6236928 0.4088236 0.6211084 0.4320828 0.6236928 0.4320828 0.6263071 0.5911765 0.6288915 0.5679175 0.6263071 0.5911765 0.6211084 0.4088236 0.6211084 0.4320828 0.6263071 0.4088236 0.6288915 0.5679175 0.6263071 0.5679174 0.6236928 0.5911765 0.6211084 0.4649763 0.6263072 0.4320828 0.6263071 0.4649761 0.6236928 0.5350239 0.6263071 0.5117648 0.6288915 0.4766058 0.6275993 0.4766058 0.6275993 0.4649763 0.6263072 0.4649761 0.6236928 0.5350239 0.6263071 0.5350239 0.6236928 0.5679174 0.6236928 0.5117648 0.6288915 0.4882354 0.6288915 0.4766058 0.6275993 0.4320828 0.6263071 0.4320828 0.6236928 0.4649761 0.6236928 0.5233942 0.6224005 0.5350239 0.6236928 0.5350239 0.6263071 0.4649761 0.6236928 0.5233942 0.6224005 0.4766058 0.6275993 0.4766058 0.6275993 0.5233942 0.6224005 0.5350239 0.6263071 0.4649761 0.6236928 0.4882354 0.6211084 0.5233942 0.6224005 0.875 0.5 0.75 0.5 0.875 0.5 0.625 0.5 0.875 0.75 0.625 0.75 0.375 0.5 0.125 0.75 0.125 0.5 0.375 0.75 0.625 1 0.375 1 0.375 0.5 0.625 0.75 0.375 0.75 0.625 0.25 0.375 0.5 0.375 0.25 0 0 0 0 0 0 0 0 0 0 0 0 0.25 0.5 0.125 0.9999985 0.25 1 0.375 0.5 0.125 0.75 0.125 0.5 0.625 0.25 0.375 0.5 0.375 0.25 0.375 0.5 0.125 0.75 0.125 0.5 0.375 0.75 0.625 1 0.375 1 0.625 0.25 0.375 0.5 0.375 0.25 0.875 0.5 0.625 0.75 0.625 0.5 0.375 0.5 0.125 0.75 0.125 0.5 0.625 0.25 0.375 0.5 0.375 0.25 0.5 0.5 0.625 0.9999978 0.5 1 0.875 1 1 0.5 1 0.9999985 0.75 1 0.875 0.5 0.875 0.9999985 0.375 0.5 0.625 0.75 0.375 0.75 0.625 0.75 0.375 1 0.375 0.75 0.25 0.5 0.375 0.9999993 0.25 1 0.4649762 0.6351307 0.4882354 0.6325463 0.5350239 0.6351307 0.4882354 0.6211084 0.4882354 0.6174536 0.5117648 0.6211084 0.4882354 0.6174536 0.5117647 0.6174536 0.5117648 0.6211084 0.4882354 0.6211084 0.5117648 0.6211084 0.5233942 0.6224005 0.4882354 0.6325463 0.5117648 0.6325463 0.5350239 0.6351307 0.4637579 0.6348039 0.4333011 0.6348039 0.4745261 0.6278304 0.5117648 0.6325463 0.4882354 0.6288915 0.5117648 0.6288915 0.5666991 0.6233659 0.5362423 0.623366 0.525474 0.6221695 0.5362423 0.626634 0.5666992 0.626634 0.5362423 0.6348039 0.4852942 0.6209731 0.433301 0.6233659 0.4117648 0.6175889 0.625 1 0.5 0.5 0.5 0.9999985 0.25 0.5 0.125 0.9999978 0.25 1 0.25 0.5 0.25 0.9999985 0.3125002 1 0.125 1 0 0.5 0 0.9999978 0.375 0.5 0.5 1 0.5 0.5 0.375 0.5 0.5 0.9999993 0.375 1 0.875 0.5 0.875 0.9999985 0.8124998 1 0.625 0.5 0.75 0.9999993 0.625 1 0.875 1 1 0.5 1 0.9999993 0.5 0.5 0.625 0.9999993 0.5 1 0.625 0.75 0.375 1 0.375 0.75 0.375 0.5 0.625 0.75 0.375 0.75 0.625 0.25 0.375 0.5 0.375 0.25 0.625 0.5 0.875 0.75 0.625 0.75 0.375 0.5 0.125 0.75 0.125 0.5 0.375 0.75 0.625 1 0.375 1 0.375 0.5 0.125 0.75 0.125 0.5 0.875 0.5 0.625 0.75 0.625 0.5 0.5 0.5 0.625 0.9999993 0.5 1 0.625 0.5 0.875 0.75 0.625 0.75 0.625 0.5 0.375 0.75 0.375 0.5 0 0 0 0 0 0 0.375 0.5 0.5 0.9999993 0.375 1 0 0 0 0 0 0 0.375 0.75 0.625 1 0.375 1 0.625 1 0.5 0.5 0.5 0.9999993 0 0 0 0 0 0 0.375 0.5 0.5 1 0.5 0.5 0.25 0.5 0.375 1 0.375 0.5 0 1 0.125 0.5 0.125 0.9999993 0 0 0 0 0 0 0.125 0.5 0.25 0.9999993 0.125 1 0.25 0.5 0.375 1 0.375 0.5 0.75 0.5 0.75 0.9999993 0.8124997 1 0.125 0.5 0.25 1 0.125 1 0 1 0.125 0.5 0.125 1 0.25 1 0.375 0.5 0.375 0.9999985 1 0.5 0.875 0.9999985 1 1 0 0 0 0 0 0 0.625 0.5 0.5 0.9999993 0.625 1 0.375 0.5 0.5 1 0.5 0.5 0.75 0.5 0.625 0.9999993 0.75 1 0 0 0 0 0 0 0 0 0 0 0 0 0 0 0 0 0 0 0 0 0 0 0 0 0 0 0 0 0 0 0 0 0 0 0 0 0.625 0.5 0.375 0.75 0.375 0.5 0.625 0.5 0.875 0.75 0.625 0.75 0.375 0.5 0.125 0.75 0.125 0.5 0.875 0.5 0.75 0.5 0.75 0.5 0.375 0.75 0.625 1 0.375 1 0.875 0.5 0.625 0.75 0.625 0.5 0.375 0.5 0.125 0.75 0.125 0.5 0.625 0.75 0.375 1 0.375 0.75 0.625 0.5 0.375 0.75 0.375 0.5 0.25 0.5 0.375 1 0.375 0.5 0.625 0.25 0.375 0.5 0.375 0.25 0.625 0.25 0.375 0.5 0.375 0.25 0.625 0.5 0.375 0.75 0.375 0.5 0.375 0.5 0.375 0.9999985 0.3125002 1 0 1 0.125 0.5 0.125 0.9999978 0.875 0.5 0.75 0.9999978 0.875 1 0.625 0.25 0.375 0.5 0.375 0.25 0.375 0.5 0.625 0.75 0.375 0.75 0.375 0.5 0.125 0.75 0.125 0.5 0.375 0.75 0.625 1 0.375 1 0.625 0.5 0.875 0.75 0.625 0.75 0.375 0.5 0.125 0.75 0.125 0.5 0.375 0.75 0.625 1 0.375 1 0.625 0.5 0.375 0.75 0.375 0.5 0.625 0.25 0.375 0.5 0.375 0.25 0.625 0.5 0.875 0.75 0.625 0.75 0 0 0 0 0 0 0.625 0.5 0.875 0.75 0.625 0.75 0.875 0.5 0.75 0.9999993 0.875 1 0.625 0.5 0.75 0.9999985 0.625 1 0.625 0.25 0.375 0.5 0.375 0.25 0.625 0.25 0.375 0.5 0.375 0.25 0.625 0.5 0.375 0.75 0.375 0.5 0.625 0.25 0.375 0.5 0.375 0.25 0.625 0.5 0.75 0.9999993 0.625 1 0.625 0.5 0.875 0.75 0.625 0.75 3.33098e-7 1 0.125 0.5 0 0.5 0 0 0 0 0 0 0.625 0.5 0.75 0.9999978 0.625 1 0.625 0.25 0.375 0.5 0.375 0.25 0.625 0.25 0.375 0.5 0.375 0.25 0.625 0.25 0.375 0.5 0.375 0.25 0.375 0.75 0.625 1 0.375 1 0.375 0.5 0.125 0.75 0.125 0.5 0.1250002 1 0.25 0.5 0.125 0.5 0.625 0.5 0.875 0.75 0.625 0.75 0.625 0.25 0.375 0.5 0.375 0.25 0.875 0.5 0.75 0.5 0.75 0.5 0.625 0.5 0.375 0.75 0.375 0.5 0.75 0.5 0.625 0.9999993 0.75 1 0.75 0.5 0.625 0.9999978 0.75 1 0.375 0.75 0.625 1 0.375 1 0.375 0.5 0.125 0.75 0.125 0.5 1 0.5 0.875 0.9999985 1 1 0.375 0.75 0.625 1 0.375 1 1 0.5 0.875 0.9999978 1 1 0.625 0.5 0.875 0.75 0.625 0.75 0.625 0.5 0.375 0.75 0.375 0.5 0.375 0.5 0.625 0.75 0.375 0.75 0.75 1 0.875 0.5 0.875 0.9999985 0.5 0.5 0.625 0.9999985 0.5 1 0 0 0 0 0 0 0 0 0 0 0 0 0.625 0.5 0.375 0.75 0.375 0.5 0.375 0.5 0.125 0.75 0.125 0.5 0.875 1 1 0.5 1 0.9999985 0.75 1 0.875 0.5 0.875 0.9999978 0.125 0.5 0.25 0.9999985 0.125 1 0.375 0.5 0.5 0.9999985 0.375 1 0 0 0 0 0 0 0 0 0 0 0 0 0.375 0.5 0.125 0.75 0.125 0.5 0 0 0 0 0 0 0.1250003 1 0.25 0.5 0.125 0.5 0.875 1 1 0.5 1 0.9999978 0.625 0.75 0.375 1 0.375 0.75 0 0 0 0 0 0 0.125 0.5 0 0.9999985 0.125 1 0.625 0.5 0.875 0.75 0.625 0.75 0.875 0.5 0.625 0.75 0.625 0.5 0.625 0.5 0.375 0.75 0.375 0.5 0 0 0 0 0 0 0 0 0 0 0 0 0 0 0 0 0 0 0 0 0 0 0 0 0 0 0 0 0 0 0 0 0 0 0 0 0 0 0 0 0 0 0 0 0 0 0 0 0 0 0 0 0 0 0 0 0 0 0 0 0 0 0 0 0 0 0 0 0 0 0 0 0 0 0 0 0 0 0 0 0 0 0 0 0 0 0 0 0 0 0 0 0 0 0 0 0 0 0 0 0 0 0 0 0 0 0 0 0 0 0 0 0 0 0 0 0 0 0 0 0 0 0 0 0 0 0 0 0 0 0 0 0 0 0 0 0 0 0 0 0 0 0 0 0 0 0 0 0 0 0 0 0 0 0 0 0 0 0 0 0 0 0 0 0 0 0 0 0 0 0 0 0 0 0 0 0 0 0 0 0 0 0 0 0 0 0 0 0 0 0 0 0 0 0 0 0 0 0 0 0 0 0 0 0 0 0 0 0 0 0 0 0 0 0 0 0 0 0 0 0 0 0 0 0 0 0 0 0 0 0 0 0 0 0 0 0 0 0 0 0 0 0 0 0 0 0 0 0 0 0 0 0 0 0 0 0 0 0 0 0 0 0 0 0 0 0 0 0 0 0.375 0.75 0.625 0.75 0.625 1 0.4649763 0.6148692 0.625 0.9999993 0 0 0 0 0 0 0.625 0.9999978 0 0 0 0 0.625 0.9999978 0 0 0.5 0.9999993 0.4088236 0.6211084 0.5 1 0.375 0.9999993 0 0 0 0 0.4088236 0.6211084 0.5 1 0 0 0 0 0.4649762 0.6351307 0 0 0.25 1 0.4649762 0.6351307 0.25 1 0.125 1 0 0 0.5911765 0.6211084 0.875 0.9999978 0 0 0 0 0 0 0.8750005 1 0 0 0 0.9999985 0.8750005 1 0.5 1 0.5 0.5 0.375 0.5 0 0 0 0 0 0 0 0 0 0 0 0 0 0 0 0 0 0 0 0 0 0 0 0 0 0 0 0 0 0 0.625 1 0.625 0.5 0.5 0.5 0.75 0.5 0.625 0.5 0.625 0.9999985 0.375 0.5 0.375 0.75 0.125 0.75 0.375 0.5 0.375 0.75 0.125 0.75 0.25 1 0.25 0.5 0.375 0.5 0.375 0.5 0.5 0.5 0.5 0.9999985 0.375 0.75 0.625 0.75 0.625 1 0 0 0 0 0 0 0 0 0 0 0 0 0.125 0.5 0.25 0.5 0.25 0.9999985 0 1 0 0.5 0.125 0.5 0.8750005 1 1 1 1 0.5 0.875 0.5 0.75 0.5 0.75 0.9999985 0.625 0.5 0.875 0.5 0.875 0.75 0.875 0.5 0.75 0.5 0.75 0.5 0.375 0.5 0.625 0.5 0.625 0.75 0.125 0.5 0 0.5 0 0.9999985 0.875 0.5 0.75 0.5 0.75 0.5 0.625 0.5 0.875 0.5 0.875 0.75 0.375 0.5 0.375 0.75 0.125 0.75 0.375 0.75 0.625 0.75 0.625 1 0.375 0.5 0.625 0.5 0.625 0.75 0.625 0.25 0.625 0.5 0.375 0.5 0 0 0 0 0 0 0 0 0 0 0 0 0.25 0.5 0.125 0.5 0.125 0.9999985 0.375 0.5 0.375 0.75 0.125 0.75 0.625 0.25 0.625 0.5 0.375 0.5 0.375 0.5 0.375 0.75 0.125 0.75 0.375 0.75 0.625 0.75 0.625 1 0.625 0.25 0.625 0.5 0.375 0.5 0.875 0.5 0.875 0.75 0.625 0.75 0.375 0.5 0.375 0.75 0.125 0.75 0.625 0.25 0.625 0.5 0.375 0.5 0.5 0.5 0.625 0.5 0.625 0.9999978 0.875 1 0.875 0.5 1 0.5 0.75 1 0.75 0.5 0.875 0.5 0.375 0.5 0.625 0.5 0.625 0.75 0.625 0.75 0.625 1 0.375 1 0.25 0.5 0.375 0.5 0.375 0.9999993 0.4333011 0.6348039 0.4117648 0.632411 0.4745261 0.6278304 0.4117648 0.632411 0.4117648 0.6290269 0.4745261 0.6278304 0.4117648 0.6290269 0.433301 0.6266339 0.4745261 0.6278304 0.433301 0.6266339 0.4637581 0.626634 0.4745261 0.6278304 0.4745261 0.6278304 0.4852942 0.6290269 0.4852942 0.632411 0.4852942 0.632411 0.4637579 0.6348039 0.4745261 0.6278304 0.525474 0.6221695 0.514706 0.620973 0.5147059 0.6175889 0.5147059 0.6175889 0.5362423 0.615196 0.525474 0.6221695 0.5362423 0.615196 0.5666992 0.615196 0.525474 0.6221695 0.5666992 0.615196 0.5882354 0.6175889 0.525474 0.6221695 0.5882354 0.6175889 0.5882353 0.620973 0.525474 0.6221695 0.5882353 0.620973 0.5666991 0.6233659 0.525474 0.6221695 0.5666992 0.626634 0.5882354 0.6290269 0.5362423 0.6348039 0.5882354 0.6290269 0.5882354 0.632411 0.5362423 0.6348039 0.5882354 0.632411 0.5666991 0.6348039 0.5362423 0.6348039 0.5362423 0.6348039 0.5147059 0.6324109 0.5147059 0.6290268 0.5147059 0.6290268 0.5362423 0.626634 0.5362423 0.6348039 0.463758 0.6151961 0.4852942 0.6175889 0.4852942 0.6209731 0.4852942 0.6209731 0.4637579 0.6233659 0.433301 0.6233659 0.433301 0.6233659 0.4117648 0.620973 0.4117648 0.6175889 0.4117648 0.6175889 0.433301 0.615196 0.463758 0.6151961 0.463758 0.6151961 0.4852942 0.6209731 0.4117648 0.6175889 0.625 1 0.625 0.5 0.5 0.5 0.25 0.5 0.125 0.5 0.125 0.9999978 0.375 1 0.375 0.5 0.3125002 1 0.375 0.5 0.25 0.5 0.3125002 1 0.125 0.5 0 0.5 0 0.9999978 0.375 0.5 0.375 0.9999985 0.5 1 0.375 0.5 0.5 0.5 0.5 0.9999993 0.8124998 1 0.75 1 0.75 0.5 0.75 0.5 0.875 0.5 0.8124998 1 0.625 0.5 0.75 0.5 0.75 0.9999993 0.875 1 0.875 0.5 1 0.5 0.5 0.5 0.625 0.5 0.625 0.9999993 0.625 0.75 0.625 1 0.375 1 0.375 0.5 0.625 0.5 0.625 0.75 0.625 0.25 0.625 0.5 0.375 0.5 0.625 0.5 0.875 0.5 0.875 0.75 0.375 0.5 0.375 0.75 0.125 0.75 0.375 0.75 0.625 0.75 0.625 1 0.375 0.5 0.375 0.75 0.125 0.75 0.875 0.5 0.875 0.75 0.625 0.75 0.5 0.5 0.625 0.5 0.625 0.9999993 0.625 0.5 0.875 0.5 0.875 0.75 0.625 0.5 0.625 0.75 0.375 0.75 0 0 0 0 0 0 0.375 0.5 0.5 0.5 0.5 0.9999993 0 0 0 0 0 0 0.375 0.75 0.625 0.75 0.625 1 0.625 1 0.625 0.5 0.5 0.5 0 0 0 0 0 0 0.375 0.5 0.375 0.9999993 0.5 1 0.25 0.5 0.25 0.9999993 0.375 1 0 1 0 0.5 0.125 0.5 0 0 0 0 0 0 0.125 0.5 0.25 0.5 0.25 0.9999993 0.25 0.5 0.25 1 0.375 1 0.8124997 1 0.875 1 0.875 0.5 0.875 0.5 0.75 0.5 0.8124997 1 0.125 0.5 0.25 0.5 0.25 1 0 1 0 0.5 0.125 0.5 0.25 1 0.25 0.5 0.375 0.5 1 0.5 0.875 0.5 0.875 0.9999985 0 0 0 0 0 0 0.625 0.5 0.5 0.5 0.5 0.9999993 0.375 0.5 0.375 0.9999993 0.5 1 0.75 0.5 0.625 0.5 0.625 0.9999993 0 0 0 0 0 0 0 0 0 0 0 0 0 0 0 0 0 0 0 0 0 0 0 0 0 0 0 0 0 0 0 0 0 0 0 0 0.625 0.5 0.625 0.75 0.375 0.75 0.625 0.5 0.875 0.5 0.875 0.75 0.375 0.5 0.375 0.75 0.125 0.75 0.875 0.5 0.875 0.5 0.75 0.5 0.375 0.75 0.625 0.75 0.625 1 0.875 0.5 0.875 0.75 0.625 0.75 0.375 0.5 0.375 0.75 0.125 0.75 0.625 0.75 0.625 1 0.375 1 0.625 0.5 0.625 0.75 0.375 0.75 0.25 0.5 0.25 0.9999985 0.375 1 0.625 0.25 0.625 0.5 0.375 0.5 0.625 0.25 0.625 0.5 0.375 0.5 0.625 0.5 0.625 0.75 0.375 0.75 0.3125002 1 0.25 1 0.25 0.5 0.25 0.5 0.375 0.5 0.3125002 1 0 1 0 0.5 0.125 0.5 0.875 0.5 0.75 0.5 0.75 0.9999978 0.625 0.25 0.625 0.5 0.375 0.5 0.375 0.5 0.625 0.5 0.625 0.75 0.375 0.5 0.375 0.75 0.125 0.75 0.375 0.75 0.625 0.75 0.625 1 0.625 0.5 0.875 0.5 0.875 0.75 0.375 0.5 0.375 0.75 0.125 0.75 0.375 0.75 0.625 0.75 0.625 1 0.625 0.5 0.625 0.75 0.375 0.75 0.625 0.25 0.625 0.5 0.375 0.5 0.625 0.5 0.875 0.5 0.875 0.75 0 0 0 0 0 0 0.625 0.5 0.875 0.5 0.875 0.75 0.875 0.5 0.75 0.5 0.75 0.9999993 0.625 0.5 0.75 0.5 0.75 0.9999985 0.625 0.25 0.625 0.5 0.375 0.5 0.625 0.25 0.625 0.5 0.375 0.5 0.625 0.5 0.625 0.75 0.375 0.75 0.625 0.25 0.625 0.5 0.375 0.5 0.625 0.5 0.75 0.5 0.75 0.9999993 0.625 0.5 0.875 0.5 0.875 0.75 3.33098e-7 1 0.125 1 0.125 0.5 0 0 0 0 0 0 0.625 0.5 0.75 0.5 0.75 0.9999978 0.625 0.25 0.625 0.5 0.375 0.5 0.625 0.25 0.625 0.5 0.375 0.5 0.625 0.25 0.625 0.5 0.375 0.5 0.375 0.75 0.625 0.75 0.625 1 0.375 0.5 0.375 0.75 0.125 0.75 0.1250002 1 0.25 1 0.25 0.5 0.625 0.5 0.875 0.5 0.875 0.75 0.625 0.25 0.625 0.5 0.375 0.5 0.875 0.5 0.875 0.5 0.75 0.5 0.625 0.5 0.625 0.75 0.375 0.75 0.75 0.5 0.625 0.5 0.625 0.9999993 0.75 0.5 0.625 0.5 0.625 0.9999978 0.375 0.75 0.625 0.75 0.625 1 0.375 0.5 0.375 0.75 0.125 0.75 1 0.5 0.875 0.5 0.875 0.9999985 0.375 0.75 0.625 0.75 0.625 1 1 0.5 0.875 0.5 0.875 0.9999978 0.625 0.5 0.875 0.5 0.875 0.75 0.625 0.5 0.625 0.75 0.375 0.75 0.375 0.5 0.625 0.5 0.625 0.75 0.75 0.5 0.875 0.5 0.875 0.9999985 0.5 0.5 0.625 0.5 0.625 0.9999985 0 0 0 0 0 0 0 0 0 0 0 0 0.625 0.5 0.625 0.75 0.375 0.75 0.375 0.5 0.375 0.75 0.125 0.75 0.875 1 0.875 0.5 1 0.5 0.75 1 0.75 0.5 0.875 0.5 0.125 0.5 0.25 0.5 0.25 0.9999985 0.375 0.5 0.5 0.5 0.5 0.9999985 0 0 0 0 0 0 0 0 0 0 0 0 0.375 0.5 0.375 0.75 0.125 0.75 0 0 0 0 0 0 0.1250003 1 0.25 1 0.25 0.5 0.875 1 0.875 0.5 1 0.5 0.625 0.75 0.625 1 0.375 1 0 0 0 0 0 0 0.125 0.5 0 0.5 0 0.9999985 0.625 0.5 0.875 0.5 0.875 0.75 0.875 0.5 0.875 0.75 0.625 0.75 0.625 0.5 0.625 0.75 0.375 0.75 0.375 0.75 0.625 0.75 0.625 1 0.4649763 0.6148692 0.625 0.9999993 0 0 0 0 0 0 0.625 0.9999978 0 0 0 0 0.625 0.9999978 0 0 0.5 0.9999993 0.4088236 0.6211084 0.5 1 0.375 0.9999993 0 0 0 0 0.4088236 0.6211084 0.5 1 0 0 0 0 0.4649762 0.6351307 0 0 0.25 1 0.4649762 0.6351307 0.25 1 0.125 1 0 0 0.5911765 0.6211084 0.875 0.9999978 0 0 0 0 0 0 0.8750005 1 0 0 0 0.9999985 0.8750005 1 0.5 1 0.5 0.5 0.375 0.5 0 0 0 0 0 0 0 0 0 0 0 0 0 0 0 0 0 0 0 0 0 0 0 0 0 0 0 0 0 0 0.625 1 0.625 0.5 0.5 0.5 0.75 0.5 0.625 0.5 0.625 0.9999985 0.375 0.5 0.375 0.75 0.125 0.75 0.375 0.5 0.375 0.75 0.125 0.75 0.25 1 0.25 0.5 0.375 0.5 0.375 0.5 0.5 0.5 0.5 0.9999985 0.375 0.75 0.625 0.75 0.625 1 0 0 0 0 0 0 0 0 0 0 0 0 0.125 0.5 0.25 0.5 0.25 0.9999985 0 0.5 0.125 0.5 0.125 0.9999985 0.8750005 1 1 1 1 0.5 0.875 0.5 0.75 0.5 0.75 0.9999985 0.625 0.5 0.875 0.5 0.875 0.75 0.875 0.5 0.75 0.5 0.75 0.5 0.375 0.5 0.625 0.5 0.625 0.75 0.125 0.5 0 0.5 0 0.9999985 0.875 0.5 0.75 0.5 0.75 0.5 0.625 0.5 0.875 0.5 0.875 0.75 0.375 0.5 0.375 0.75 0.125 0.75 0.375 0.75 0.625 0.75 0.625 1 0.375 0.5 0.625 0.5 0.625 0.75 0.625 0.25 0.625 0.5 0.375 0.5 0 0 0 0 0 0 0 0 0 0 0 0 0.25 0.5 0.125 0.5 0.125 0.9999985 0.375 0.5 0.375 0.75 0.125 0.75 0.625 0.25 0.625 0.5 0.375 0.5 0.375 0.5 0.375 0.75 0.125 0.75 0.375 0.75 0.625 0.75 0.625 1 0.625 0.25 0.625 0.5 0.375 0.5 0.875 0.5 0.875 0.75 0.625 0.75 0.375 0.5 0.375 0.75 0.125 0.75 0.625 0.25 0.625 0.5 0.375 0.5 0.5 0.5 0.625 0.5 0.625 0.9999978 0.875 1 0.875 0.5 1 0.5 0.75 1 0.75 0.5 0.875 0.5 0.375 0.5 0.625 0.5 0.625 0.75 0.625 0.75 0.625 1 0.375 1 0.25 0.5 0.375 0.5 0.375 0.9999993 0.4333011 0.6348039 0.4117648 0.632411 0.4745261 0.6278304 0.4117648 0.632411 0.4117648 0.6290269 0.4745261 0.6278304 0.4117648 0.6290269 0.433301 0.6266339 0.4745261 0.6278304 0.433301 0.6266339 0.4637581 0.626634 0.4745261 0.6278304 0.4745261 0.6278304 0.4852942 0.6290269 0.4852942 0.632411 0.4852942 0.632411 0.4637579 0.6348039 0.4745261 0.6278304 0.525474 0.6221695 0.514706 0.620973 0.5147059 0.6175889 0.5147059 0.6175889 0.5362423 0.615196 0.525474 0.6221695 0.5362423 0.615196 0.5666992 0.615196 0.525474 0.6221695 0.5666992 0.615196 0.5882354 0.6175889 0.525474 0.6221695 0.5882354 0.6175889 0.5882353 0.620973 0.525474 0.6221695 0.5882353 0.620973 0.5666991 0.6233659 0.525474 0.6221695 0.5666992 0.626634 0.5882354 0.6290269 0.5362423 0.6348039 0.5882354 0.6290269 0.5882354 0.632411 0.5362423 0.6348039 0.5882354 0.632411 0.5666991 0.6348039 0.5362423 0.6348039 0.5362423 0.6348039 0.5147059 0.6324109 0.5147059 0.6290268 0.5147059 0.6290268 0.5362423 0.626634 0.5362423 0.6348039 0.463758 0.6151961 0.4852942 0.6175889 0.4852942 0.6209731 0.4852942 0.6209731 0.4637579 0.6233659 0.433301 0.6233659 0.433301 0.6233659 0.4117648 0.620973 0.4117648 0.6175889 0.4117648 0.6175889 0.433301 0.615196 0.463758 0.6151961 0.463758 0.6151961 0.4852942 0.6209731 0.4117648 0.6175889 0.625 1 0.625 0.5 0.5 0.5 0.25 0.5 0.125 0.5 0.125 0.9999978 0.375 1 0.375 0.5 0.3125002 1 0.375 0.5 0.25 0.5 0.3125002 1 0.125 1 0.125 0.5 0 0.5 0.375 0.5 0.375 0.9999985 0.5 1 0.375 0.5 0.5 0.5 0.5 0.9999993 0.8124998 1 0.75 1 0.75 0.5 0.75 0.5 0.875 0.5 0.8124998 1 0.625 0.5 0.75 0.5 0.75 0.9999993 0.875 1 0.875 0.5 1 0.5 0.5 0.5 0.625 0.5 0.625 0.9999993 0.625 0.75 0.625 1 0.375 1 0.375 0.5 0.625 0.5 0.625 0.75 0.625 0.25 0.625 0.5 0.375 0.5 0.625 0.5 0.875 0.5 0.875 0.75 0.375 0.5 0.375 0.75 0.125 0.75 0.375 0.75 0.625 0.75 0.625 1 0.375 0.5 0.375 0.75 0.125 0.75 0.875 0.5 0.875 0.75 0.625 0.75 0.5 0.5 0.625 0.5 0.625 0.9999993 0.625 0.5 0.875 0.5 0.875 0.75 0.625 0.5 0.625 0.75 0.375 0.75 0 0 0 0 0 0 0.375 0.5 0.5 0.5 0.5 0.9999993 0 0 0 0 0 0 0.375 0.75 0.625 0.75 0.625 1 0.625 1 0.625 0.5 0.5 0.5 0 0 0 0 0 0 0.375 0.5 0.375 0.9999993 0.5 1 0.25 0.5 0.25 0.9999993 0.375 1 0 1 0 0.5 0.125 0.5 0 0 0 0 0 0 0.125 0.5 0.25 0.5 0.25 0.9999993 0.25 0.5 0.25 1 0.375 1 0.8124997 1 0.875 1 0.875 0.5 0.875 0.5 0.75 0.5 0.8124997 1 0.125 0.5 0.25 0.5 0.25 1 0 1 0 0.5 0.125 0.5 0.25 1 0.25 0.5 0.375 0.5 1 0.5 0.875 0.5 0.875 0.9999985 0 0 0 0 0 0 0.625 0.5 0.5 0.5 0.5 0.9999993 0.375 0.5 0.375 0.9999993 0.5 1 0.75 0.5 0.625 0.5 0.625 0.9999993 0 0 0 0 0 0 0 0 0 0 0 0 0 0 0 0 0 0 0 0 0 0 0 0 0 0 0 0 0 0 0 0 0 0 0 0 0.625 0.5 0.625 0.75 0.375 0.75 0.625 0.5 0.875 0.5 0.875 0.75 0.375 0.5 0.375 0.75 0.125 0.75 0.875 0.5 0.875 0.5 0.75 0.5 0.375 0.75 0.625 0.75 0.625 1 0.875 0.5 0.875 0.75 0.625 0.75 0.375 0.5 0.375 0.75 0.125 0.75 0.625 0.75 0.625 1 0.375 1 0.625 0.5 0.625 0.75 0.375 0.75 0.25 0.5 0.25 0.9999985 0.375 1 0.625 0.25 0.625 0.5 0.375 0.5 0.625 0.25 0.625 0.5 0.375 0.5 0.625 0.5 0.625 0.75 0.375 0.75 0.3125002 1 0.25 1 0.25 0.5 0.25 0.5 0.375 0.5 0.3125002 1 0 1 0 0.5 0.125 0.5 0.875 0.5 0.75 0.5 0.75 0.9999978 0.625 0.25 0.625 0.5 0.375 0.5 0.375 0.5 0.625 0.5 0.625 0.75 0.375 0.5 0.375 0.75 0.125 0.75 0.375 0.75 0.625 0.75 0.625 1 0.625 0.5 0.875 0.5 0.875 0.75 0.375 0.5 0.375 0.75 0.125 0.75 0.375 0.75 0.625 0.75 0.625 1 0.625 0.5 0.625 0.75 0.375 0.75 0.625 0.25 0.625 0.5 0.375 0.5 0.625 0.5 0.875 0.5 0.875 0.75 0 0 0 0 0 0 0.625 0.5 0.875 0.5 0.875 0.75 0.875 0.5 0.75 0.5 0.75 0.9999993 0.625 0.5 0.75 0.5 0.75 0.9999985 0.625 0.25 0.625 0.5 0.375 0.5 0.625 0.25 0.625 0.5 0.375 0.5 0.625 0.5 0.625 0.75 0.375 0.75 0.625 0.25 0.625 0.5 0.375 0.5 0.625 0.5 0.75 0.5 0.75 0.9999993 0.625 0.5 0.875 0.5 0.875 0.75 3.33098e-7 1 0.125 1 0.125 0.5 0 0 0 0 0 0 0.625 0.5 0.75 0.5 0.75 0.9999978 0.625 0.25 0.625 0.5 0.375 0.5 0.625 0.25 0.625 0.5 0.375 0.5 0.625 0.25 0.625 0.5 0.375 0.5 0.375 0.75 0.625 0.75 0.625 1 0.375 0.5 0.375 0.75 0.125 0.75 0.1250002 1 0.25 1 0.25 0.5 0.625 0.5 0.875 0.5 0.875 0.75 0.625 0.25 0.625 0.5 0.375 0.5 0.875 0.5 0.875 0.5 0.75 0.5 0.625 0.5 0.625 0.75 0.375 0.75 0.75 0.5 0.625 0.5 0.625 0.9999993 0.75 0.5 0.625 0.5 0.625 0.9999978 0.375 0.75 0.625 0.75 0.625 1 0.375 0.5 0.375 0.75 0.125 0.75 1 0.5 0.875 0.5 0.875 0.9999985 0.375 0.75 0.625 0.75 0.625 1 1 0.5 0.875 0.5 0.875 0.9999978 0.625 0.5 0.875 0.5 0.875 0.75 0.625 0.5 0.625 0.75 0.375 0.75 0.375 0.5 0.625 0.5 0.625 0.75 0.75 1 0.75 0.5 0.875 0.5 0.5 0.5 0.625 0.5 0.625 0.9999985 0 0 0 0 0 0 0 0 0 0 0 0 0.625 0.5 0.625 0.75 0.375 0.75 0.375 0.5 0.375 0.75 0.125 0.75 0.875 1 0.875 0.5 1 0.5 0.75 1 0.75 0.5 0.875 0.5 0.125 0.5 0.25 0.5 0.25 0.9999985 0.375 0.5 0.5 0.5 0.5 0.9999985 0 0 0 0 0 0 0 0 0 0 0 0 0.375 0.5 0.375 0.75 0.125 0.75 0 0 0 0 0 0 0.1250003 1 0.25 1 0.25 0.5 0.875 1 0.875 0.5 1 0.5 0.625 0.75 0.625 1 0.375 1 0 0 0 0 0 0 0.125 0.5 0 0.5 0 0.9999985 0.625 0.5 0.875 0.5 0.875 0.75 0.875 0.5 0.875 0.75 0.625 0.75 0.625 0.5 0.625 0.75 0.375 0.75 0 0 0 0 0 0 0 0 0 0 0 0 0 0 0 0 0 0 0 0 0 0 0 0 0 0 0 0 0 0 0 0 0 0 0 0 0 0 0 0 0 0 0 0 0 0 0 0 0 0 0 0 0 0 0 0 0 0 0 0 0 0 0 0 0 0 0 0 0 0 0 0 0 0 0 0 0 0 0 0 0 0 0 0 0 0 0 0 0 0</float_array>
          <technique_common>
            <accessor source="#Cube-mesh-map-0-array" count="2880" stride="2">
              <param name="S" type="float"/>
              <param name="T" type="float"/>
            </accessor>
          </technique_common>
        </source>
        <vertices id="Cube-mesh-vertices">
          <input semantic="POSITION" source="#Cube-mesh-positions"/>
        </vertices>
        <triangles material="paintable-0-material" count="108">
          <input semantic="VERTEX" source="#Cube-mesh-vertices" offset="0"/>
          <input semantic="NORMAL" source="#Cube-mesh-normals" offset="1"/>
          <input semantic="TEXCOORD" source="#Cube-mesh-map-0" offset="2" set="0"/>
          <p>0 0 0 16 0 1 9 0 2 7 1 3 12 1 4 6 1 5 9 2 6 13 2 7 7 2 8 10 3 9 8 3 10 4 3 11 14 4 12 1 4 13 8 4 14 5 5 15 10 5 16 4 5 17 15 6 18 0 6 19 1 6 20 6 7 21 11 7 22 5 7 23 9 8 24 40 8 25 0 8 26 52 9 27 8 9 28 42 9 29 8 10 30 1 10 31 42 10 32 5 11 33 4 11 34 52 11 35 6 12 36 41 12 37 7 12 38 42 13 39 0 13 40 40 13 41 6 14 42 52 14 43 41 14 44 9 15 45 41 15 46 40 15 47 12 16 48 13 16 49 20 16 50 21 17 51 13 17 52 16 17 53 17 18 54 21 18 55 16 18 56 20 19 57 11 19 58 12 19 59 18 20 60 14 20 61 10 20 62 15 21 63 14 21 64 19 21 65 19 22 66 17 22 67 15 22 68 11 23 69 18 23 70 10 23 71 28 24 72 38 24 73 29 24 74 39 25 75 22 25 76 24 25 77 24 26 78 25 26 79 39 26 80 38 27 81 25 27 82 29 27 83 2 28 84 28 28 85 27 28 86 22 29 87 3 29 88 23 29 89 3 30 90 26 30 91 23 30 92 27 31 93 26 31 94 2 31 95 30 32 96 305 32 97 304 32 98 33 33 99 316 33 100 305 33 101 306 34 102 37 34 103 304 34 104 33 35 105 305 35 106 32 35 107 34 36 108 35 36 109 316 36 110 31 37 111 36 37 112 306 37 113 316 38 114 31 38 115 306 38 116 30 39 117 304 39 118 37 39 119 33 40 120 28 40 121 34 40 122 24 41 123 37 41 124 36 41 125 34 42 126 29 42 127 35 42 128 25 43 129 36 43 130 31 43 131 29 44 132 31 44 133 35 44 134 30 45 135 26 45 136 32 45 137 33 46 138 26 46 139 27 46 140 37 47 141 23 47 142 30 47 143 21 472 1416 570 472 1417 20 472 1418 18 473 1419 573 473 1420 19 473 1421 20 474 1422 572 474 1423 18 474 1424 19 475 1425 568 475 1426 21 475 1427 2 476 1428 570 476 1429 569 476 1430 2 477 1431 571 477 1432 38 477 1433 39 478 1434 570 478 1435 3 478 1436 38 479 1437 572 479 1438 39 479 1439 577 480 1440 572 480 1441 576 480 1442 570 481 1443 574 481 1444 575 481 1445 569 482 1446 576 482 1447 571 482 1448 577 483 1449 575 483 1450 574 483 1451 574 484 1452 573 484 1453 577 484 1454 0 485 1455 17 485 1456 16 485 1457 7 486 1458 13 486 1459 12 486 1460 9 487 1461 16 487 1462 13 487 1463 10 488 1464 14 488 1465 8 488 1466 14 489 1467 15 489 1468 1 489 1469 5 490 1470 11 490 1471 10 490 1472 15 491 1473 17 491 1474 0 491 1475 6 492 1476 12 492 1477 11 492 1478 52 493 1479 4 493 1480 8 493 1481 42 494 1482 1 494 1483 0 494 1484 6 495 1485 5 495 1486 52 495 1487 9 496 1488 7 496 1489 41 496 1490 21 497 1491 20 497 1492 13 497 1493 20 498 1494 18 498 1495 11 498 1496 18 499 1497 19 499 1498 14 499 1499 19 500 1500 21 500 1501 17 500 1502 39 501 1503 3 501 1504 22 501 1505 38 502 1506 39 502 1507 25 502 1508 2 503 1509 38 503 1510 28 503 1511 3 504 1512 2 504 1513 26 504 1514 30 505 1515 32 505 1516 305 505 1517 33 506 1518 34 506 1519 316 506 1520 306 507 1521 36 507 1522 37 507 1523 316 508 1524 35 508 1525 31 508 1526 33 509 1527 27 509 1528 28 509 1529 24 510 1530 22 510 1531 37 510 1532 34 511 1533 28 511 1534 29 511 1535 25 512 1536 24 512 1537 36 512 1538 29 513 1539 25 513 1540 31 513 1541 30 514 1542 23 514 1543 26 514 1544 33 515 1545 32 515 1546 26 515 1547 37 516 1548 22 516 1549 23 516 1550 21 945 2835 568 945 2836 570 945 2837 18 946 2838 572 946 2839 573 946 2840 20 947 2841 570 947 2842 572 947 2843 19 948 2844 573 948 2845 568 948 2846 2 949 2847 3 949 2848 570 949 2849 2 950 2850 569 950 2851 571 950 2852 39 951 2853 572 951 2854 570 951 2855 38 952 2856 571 952 2857 572 952 2858 573 953 2859 572 953 2860 577 953 2861 572 954 2862 571 954 2863 576 954 2864 575 955 2865 569 955 2866 570 955 2867 570 956 2868 568 956 2869 574 956 2870 569 957 2871 575 957 2872 576 957 2873 577 958 2874 576 958 2875 575 958 2876 574 959 2877 568 959 2878 573 959 2879</p>
        </triangles>
        <triangles material="paintable-0_001-material" count="532">
          <input semantic="VERTEX" source="#Cube-mesh-vertices" offset="0"/>
          <input semantic="NORMAL" source="#Cube-mesh-normals" offset="1"/>
          <input semantic="TEXCOORD" source="#Cube-mesh-map-0" offset="2" set="0"/>
          <p>200 49 147 197 49 148 40 49 149 98 50 150 42 50 151 206 50 152 205 51 153 42 51 154 40 51 155 99 52 156 61 52 157 52 52 158 195 53 159 40 53 160 196 53 161 60 54 162 64 54 163 41 54 164 104 55 165 52 55 166 108 55 167 201 56 168 41 56 169 65 56 170 100 57 171 47 57 172 103 57 173 230 58 174 208 58 175 229 58 176 225 59 177 208 59 178 187 59 179 226 60 180 187 60 181 188 60 182 226 61 183 189 61 184 227 61 185 227 62 186 190 62 187 228 62 188 58 63 189 48 63 190 100 63 191 50 64 192 58 64 193 59 64 194 57 67 201 85 67 202 56 67 203 85 68 204 55 68 205 56 68 206 167 70 210 126 70 211 127 70 212 168 71 213 127 71 214 128 71 215 83 72 216 57 72 217 107 72 218 106 73 219 83 73 220 107 73 221 60 74 222 66 74 223 51 74 224 51 75 225 59 75 226 60 75 227 169 77 231 128 77 232 129 77 233 187 79 237 102 79 238 99 79 239 200 80 240 199 80 241 197 80 242 103 81 243 102 81 244 101 81 245 199 82 246 198 82 247 197 82 248 59 83 249 58 83 250 63 83 251 194 84 252 202 84 253 204 84 254 60 85 255 59 85 256 64 85 257 194 86 258 204 86 259 205 86 260 59 87 261 63 87 262 64 87 263 203 88 264 204 88 265 161 88 266 58 89 267 100 89 268 207 89 269 207 90 270 203 90 271 161 90 272 58 91 273 62 91 274 63 91 275 100 92 276 101 92 277 207 92 278 204 93 279 202 93 280 161 93 281 147 94 282 62 94 283 58 94 284 161 95 285 147 95 286 207 95 287 207 96 288 147 96 289 58 96 290 161 97 291 113 97 292 147 97 293 230 98 294 192 98 295 193 98 296 231 104 312 191 104 313 192 104 314 43 105 315 190 105 316 191 105 317 188 106 318 99 106 319 98 106 320 284 115 345 151 115 346 150 115 347 158 116 348 170 116 349 159 116 350 153 117 351 169 117 352 158 117 353 164 120 360 156 120 361 157 120 362 99 121 363 102 121 364 61 121 365 113 122 366 198 122 367 146 122 368 198 123 369 199 123 370 146 123 371 113 124 372 146 124 373 147 124 374 102 125 375 103 125 376 61 125 377 233 126 378 232 126 379 236 126 380 103 127 381 101 127 382 100 127 383 110 128 384 109 128 385 148 128 386 54 129 387 53 129 388 57 129 389 159 130 390 157 130 391 155 130 392 200 131 393 260 131 394 199 131 395 258 132 396 63 132 397 62 132 398 258 133 399 62 133 400 147 133 401 257 134 402 64 134 403 63 134 404 259 135 405 199 135 406 260 135 407 227 136 408 239 136 409 240 136 410 230 137 411 235 137 412 236 137 413 43 138 414 237 138 415 238 138 416 235 139 417 229 139 418 234 139 419 228 140 420 238 140 421 239 140 422 166 149 447 154 149 448 155 149 449 85 152 456 46 152 457 47 152 458 165 153 459 155 153 460 156 153 461 89 154 462 66 154 463 90 154 464 196 156 468 126 156 469 195 156 470 164 157 471 125 157 472 165 157 473 125 158 474 195 158 475 126 158 476 124 159 477 194 159 478 125 159 479 159 160 480 163 160 481 160 160 482 163 161 483 130 161 484 123 161 485 163 162 486 157 162 487 160 162 488 188 163 489 206 163 490 189 163 491 192 164 492 203 164 493 207 164 494 225 165 495 232 165 496 233 165 497 234 166 498 225 166 499 233 166 500 232 167 501 227 167 502 240 167 503 208 168 504 101 168 505 102 168 506 288 169 507 257 169 508 281 169 509 191 170 510 205 170 511 204 170 512 189 171 513 205 171 514 190 171 515 192 172 516 204 172 517 203 172 518 287 173 519 264 173 520 288 173 521 285 174 522 262 174 523 286 174 524 283 175 525 258 175 526 259 175 527 283 176 528 260 176 529 284 176 530 282 177 531 257 177 532 258 177 533 284 178 534 261 178 535 285 178 536 263 182 546 286 182 547 262 182 548 46 188 564 103 188 565 47 188 566 283 192 576 149 192 577 148 192 578 111 193 579 281 193 580 110 193 581 263 194 582 201 194 583 65 194 584 86 205 615 49 205 616 87 205 617 129 207 621 197 207 622 198 207 623 87 208 624 53 208 625 54 208 626 167 213 639 153 213 640 154 213 641 113 215 645 123 215 646 130 215 647 165 216 648 126 216 649 166 216 650 285 217 651 152 217 652 151 217 653 161 223 669 124 223 670 123 223 671 51 226 678 88 226 679 50 226 680 128 228 684 196 228 685 197 228 686 262 229 687 200 229 688 201 229 689 130 232 696 198 232 697 113 232 698 264 234 702 65 234 703 64 234 704 88 238 714 105 238 715 53 238 716 86 239 717 54 239 718 55 239 719 169 240 720 130 240 721 170 240 722 164 241 723 123 241 724 124 241 725 105 244 732 90 244 733 106 244 734 152 245 735 287 245 736 112 245 737 281 246 738 109 246 739 110 246 740 283 247 741 150 247 742 149 247 743 90 248 744 45 248 745 83 248 746 85 249 747 48 249 748 86 249 749 84 251 753 45 251 754 46 251 755 108 252 756 46 252 757 45 252 758 112 253 759 288 253 760 111 253 761 87 255 765 50 255 766 88 255 767 45 256 768 104 256 769 108 256 770 464 261 783 461 261 784 304 261 785 362 262 786 306 262 787 470 262 788 469 263 789 306 263 790 304 263 791 363 264 792 325 264 793 316 264 794 459 265 795 304 265 796 460 265 797 324 266 798 328 266 799 305 266 800 368 267 801 316 267 802 372 267 803 465 268 804 305 268 805 329 268 806 364 269 807 311 269 808 367 269 809 494 270 810 472 270 811 493 270 812 489 271 813 472 271 814 451 271 815 490 272 816 451 272 817 452 272 818 490 273 819 453 273 820 491 273 821 491 274 822 454 274 823 492 274 824 322 275 825 312 275 826 364 275 827 314 276 828 322 276 829 323 276 830 321 279 837 349 279 838 320 279 839 349 280 840 319 280 841 320 280 842 431 282 846 390 282 847 391 282 848 432 283 849 391 283 850 392 283 851 347 284 852 321 284 853 371 284 854 354 285 855 371 285 856 370 285 857 324 286 858 330 286 859 315 286 860 315 287 861 323 287 862 324 287 863 433 289 867 392 289 868 393 289 869 451 291 873 366 291 874 363 291 875 464 292 876 463 292 877 461 292 878 367 293 879 366 293 880 365 293 881 463 294 882 462 294 883 461 294 884 323 295 885 322 295 886 327 295 887 458 296 888 466 296 889 468 296 890 324 297 891 323 297 892 328 297 893 458 298 894 468 298 895 469 298 896 323 299 897 327 299 898 328 299 899 467 300 900 468 300 901 425 300 902 322 301 903 364 301 904 471 301 905 471 302 906 467 302 907 425 302 908 322 303 909 326 303 910 327 303 911 364 304 912 365 304 913 471 304 914 468 305 915 466 305 916 425 305 917 411 306 918 326 306 919 322 306 920 425 307 921 411 307 922 471 307 923 471 308 924 411 308 925 322 308 926 425 309 927 377 309 928 411 309 929 494 310 930 456 310 931 457 310 932 495 316 948 455 316 949 456 316 950 307 317 951 454 317 952 455 317 953 452 318 954 363 318 955 362 318 956 548 327 981 415 327 982 414 327 983 422 328 984 434 328 985 423 328 986 417 329 987 433 329 988 422 329 989 428 332 996 420 332 997 421 332 998 363 333 999 366 333 1000 325 333 1001 377 334 1002 462 334 1003 410 334 1004 462 335 1005 463 335 1006 410 335 1007 377 336 1008 410 336 1009 411 336 1010 366 337 1011 367 337 1012 325 337 1013 497 338 1014 496 338 1015 500 338 1016 367 339 1017 365 339 1018 364 339 1019 374 340 1020 373 340 1021 412 340 1022 318 341 1023 317 341 1024 321 341 1025 423 342 1026 421 342 1027 419 342 1028 464 343 1029 524 343 1030 463 343 1031 522 344 1032 327 344 1033 326 344 1034 522 345 1035 326 345 1036 411 345 1037 327 346 1038 528 346 1039 328 346 1040 523 347 1041 463 347 1042 524 347 1043 491 348 1044 503 348 1045 504 348 1046 494 349 1047 499 349 1048 500 349 1049 307 350 1050 501 350 1051 502 350 1052 499 351 1053 493 351 1054 498 351 1055 492 352 1056 502 352 1057 503 352 1058 430 361 1083 418 361 1084 419 361 1085 349 364 1092 310 364 1093 311 364 1094 429 365 1095 419 365 1096 420 365 1097 353 366 1098 330 366 1099 354 366 1100 460 368 1104 390 368 1105 459 368 1106 428 369 1107 389 369 1108 429 369 1109 389 370 1110 459 370 1111 390 370 1112 388 371 1113 458 371 1114 389 371 1115 423 372 1116 427 372 1117 424 372 1118 427 373 1119 394 373 1120 387 373 1121 427 374 1122 421 374 1123 424 374 1124 452 375 1125 470 375 1126 453 375 1127 456 376 1128 467 376 1129 471 376 1130 489 377 1131 496 377 1132 497 377 1133 498 378 1134 489 378 1135 497 378 1136 496 379 1137 491 379 1138 504 379 1139 472 380 1140 365 380 1141 366 380 1142 552 381 1143 521 381 1144 545 381 1145 455 382 1146 469 382 1147 468 382 1148 453 383 1149 469 383 1150 454 383 1151 456 384 1152 468 384 1153 467 384 1154 551 385 1155 528 385 1156 552 385 1157 549 386 1158 526 386 1159 550 386 1160 547 387 1161 522 387 1162 523 387 1163 547 388 1164 524 388 1165 548 388 1166 546 389 1167 521 389 1168 522 389 1169 548 390 1170 525 390 1171 549 390 1172 527 394 1182 550 394 1183 526 394 1184 310 400 1200 367 400 1201 311 400 1202 547 404 1212 413 404 1213 412 404 1214 375 405 1215 545 405 1216 374 405 1217 527 406 1218 465 406 1219 329 406 1220 350 417 1251 313 417 1252 351 417 1253 393 419 1257 461 419 1258 462 419 1259 351 420 1260 317 420 1261 318 420 1262 431 425 1275 417 425 1276 418 425 1277 377 427 1281 387 427 1282 394 427 1283 429 428 1284 390 428 1285 430 428 1286 549 429 1287 416 429 1288 415 429 1289 425 435 1305 388 435 1306 387 435 1307 315 438 1314 352 438 1315 314 438 1316 392 440 1320 460 440 1321 461 440 1322 526 441 1323 464 441 1324 465 441 1325 394 444 1332 462 444 1333 377 444 1334 528 446 1338 329 446 1339 328 446 1340 317 450 1350 353 450 1351 369 450 1352 350 451 1353 318 451 1354 319 451 1355 433 452 1356 394 452 1357 434 452 1358 428 453 1359 387 453 1360 388 453 1361 369 456 1368 354 456 1369 370 456 1370 416 457 1371 551 457 1372 376 457 1373 545 458 1374 373 458 1375 374 458 1376 547 459 1377 414 459 1378 413 459 1379 354 460 1380 309 460 1381 347 460 1382 349 461 1383 312 461 1384 350 461 1385 348 463 1389 309 463 1390 310 463 1391 372 464 1392 310 464 1393 309 464 1394 376 465 1395 552 465 1396 375 465 1397 351 467 1401 314 467 1402 352 467 1403 309 468 1404 368 468 1405 372 468 1406 197 518 1554 196 518 1555 40 518 1556 40 519 1557 41 519 1558 200 519 1559 41 520 1560 201 520 1561 200 520 1562 40 521 1563 195 521 1564 194 521 1565 205 522 1566 206 522 1567 42 522 1568 40 523 1569 194 523 1570 205 523 1571 52 524 1572 42 524 1573 99 524 1574 42 525 1575 98 525 1576 99 525 1577 61 526 1578 108 526 1579 52 526 1580 64 527 1581 65 527 1582 41 527 1583 41 528 1584 52 528 1585 60 528 1586 52 529 1587 104 529 1588 60 529 1589 100 530 1590 48 530 1591 47 530 1592 230 531 1593 193 531 1594 208 531 1595 225 532 1596 229 532 1597 208 532 1598 226 533 1599 225 533 1600 187 533 1601 226 534 1602 188 534 1603 189 534 1604 227 535 1605 189 535 1606 190 535 1607 58 536 1608 49 536 1609 48 536 1610 50 537 1611 49 537 1612 58 537 1613 57 540 1620 84 540 1621 85 540 1622 85 541 1623 86 541 1624 55 541 1625 167 543 1629 166 543 1630 126 543 1631 168 544 1632 167 544 1633 127 544 1634 83 545 1635 84 545 1636 57 545 1637 106 546 1638 90 546 1639 83 546 1640 60 547 1641 104 547 1642 66 547 1643 51 548 1644 50 548 1645 59 548 1646 169 550 1650 168 550 1651 128 550 1652 187 552 1656 208 552 1657 102 552 1658 230 553 1659 231 553 1660 192 553 1661 231 559 1677 43 559 1678 191 559 1679 43 560 1680 228 560 1681 190 560 1682 188 561 1683 187 561 1684 99 561 1685 284 570 1710 285 570 1711 151 570 1712 158 571 1713 169 571 1714 170 571 1715 153 572 1716 168 572 1717 169 572 1718 164 575 1725 165 575 1726 156 575 1727 232 576 1728 240 576 1729 236 576 1730 240 577 1731 239 577 1732 236 577 1733 239 578 1734 238 578 1735 236 578 1736 238 579 1737 237 579 1738 236 579 1739 236 580 1740 235 580 1741 234 580 1742 234 581 1743 233 581 1744 236 581 1745 148 582 1746 149 582 1747 150 582 1748 150 583 1749 151 583 1750 148 583 1751 151 584 1752 152 584 1753 148 584 1754 152 585 1755 112 585 1756 148 585 1757 112 586 1758 111 586 1759 148 586 1760 111 587 1761 110 587 1762 148 587 1763 53 588 1764 105 588 1765 57 588 1766 105 589 1767 106 589 1768 57 589 1769 106 590 1770 107 590 1771 57 590 1772 57 591 1773 56 591 1774 55 591 1775 55 592 1776 54 592 1777 57 592 1778 153 593 1779 158 593 1780 159 593 1781 159 594 1782 160 594 1783 157 594 1784 157 595 1785 156 595 1786 155 595 1787 155 596 1788 154 596 1789 153 596 1790 153 597 1791 159 597 1792 155 597 1793 200 598 1794 261 598 1795 260 598 1796 258 599 1797 257 599 1798 63 599 1799 146 600 1800 259 600 1801 147 600 1802 259 601 1803 258 601 1804 147 601 1805 257 602 1806 264 602 1807 64 602 1808 259 603 1809 146 603 1810 199 603 1811 227 604 1812 228 604 1813 239 604 1814 236 605 1815 237 605 1816 231 605 1817 231 606 1818 230 606 1819 236 606 1820 43 607 1821 231 607 1822 237 607 1823 235 608 1824 230 608 1825 229 608 1826 228 609 1827 43 609 1828 238 609 1829 166 618 1854 167 618 1855 154 618 1856 85 621 1863 84 621 1864 46 621 1865 165 622 1866 166 622 1867 155 622 1868 89 623 1869 51 623 1870 66 623 1871 196 625 1875 127 625 1876 126 625 1877 164 626 1878 124 626 1879 125 626 1880 125 627 1881 194 627 1882 195 627 1883 124 628 1884 202 628 1885 194 628 1886 159 629 1887 170 629 1888 163 629 1889 163 630 1890 170 630 1891 130 630 1892 163 631 1893 164 631 1894 157 631 1895 188 632 1896 98 632 1897 206 632 1898 207 633 1899 101 633 1900 193 633 1901 193 634 1902 192 634 1903 207 634 1904 225 635 1905 226 635 1906 232 635 1907 234 636 1908 229 636 1909 225 636 1910 232 637 1911 226 637 1912 227 637 1913 208 638 1914 193 638 1915 101 638 1916 288 639 1917 264 639 1918 257 639 1919 191 640 1920 190 640 1921 205 640 1922 189 641 1923 206 641 1924 205 641 1925 192 642 1926 191 642 1927 204 642 1928 287 643 1929 263 643 1930 264 643 1931 285 644 1932 261 644 1933 262 644 1934 283 645 1935 282 645 1936 258 645 1937 283 646 1938 259 646 1939 260 646 1940 282 647 1941 281 647 1942 257 647 1943 284 648 1944 260 648 1945 261 648 1946 263 652 1956 287 652 1957 286 652 1958 46 658 1974 61 658 1975 103 658 1976 148 662 1986 109 662 1987 282 662 1988 282 663 1989 283 663 1990 148 663 1991 111 664 1992 288 664 1993 281 664 1994 263 665 1995 262 665 1996 201 665 1997 86 676 2028 48 676 2029 49 676 2030 129 678 2034 128 678 2035 197 678 2036 87 679 2037 88 679 2038 53 679 2039 167 684 2052 168 684 2053 153 684 2054 113 686 2058 161 686 2059 123 686 2060 165 687 2061 125 687 2062 126 687 2063 285 688 2064 286 688 2065 152 688 2066 161 694 2082 202 694 2083 124 694 2084 51 697 2091 89 697 2092 88 697 2093 128 699 2097 127 699 2098 196 699 2099 262 700 2100 261 700 2101 200 700 2102 130 703 2109 129 703 2110 198 703 2111 264 705 2115 263 705 2116 65 705 2117 88 709 2127 89 709 2128 105 709 2129 86 710 2130 87 710 2131 54 710 2132 169 711 2133 129 711 2134 130 711 2135 164 712 2136 163 712 2137 123 712 2138 105 715 2145 89 715 2146 90 715 2147 152 716 2148 286 716 2149 287 716 2150 281 717 2151 282 717 2152 109 717 2153 283 718 2154 284 718 2155 150 718 2156 90 719 2157 66 719 2158 45 719 2159 85 720 2160 47 720 2161 48 720 2162 84 722 2166 83 722 2167 45 722 2168 108 723 2169 61 723 2170 46 723 2171 112 724 2172 287 724 2173 288 724 2174 87 726 2178 49 726 2179 50 726 2180 45 727 2181 66 727 2182 104 727 2183 461 732 2196 460 732 2197 304 732 2198 304 733 2199 305 733 2200 464 733 2201 305 734 2202 465 734 2203 464 734 2204 304 735 2205 459 735 2206 458 735 2207 469 736 2208 470 736 2209 306 736 2210 304 737 2211 458 737 2212 469 737 2213 316 738 2214 306 738 2215 363 738 2216 306 739 2217 362 739 2218 363 739 2219 325 740 2220 372 740 2221 316 740 2222 328 741 2223 329 741 2224 305 741 2225 305 742 2226 316 742 2227 324 742 2228 316 743 2229 368 743 2230 324 743 2231 364 744 2232 312 744 2233 311 744 2234 494 745 2235 457 745 2236 472 745 2237 489 746 2238 493 746 2239 472 746 2240 490 747 2241 489 747 2242 451 747 2243 490 748 2244 452 748 2245 453 748 2246 491 749 2247 453 749 2248 454 749 2249 322 750 2250 313 750 2251 312 750 2252 314 751 2253 313 751 2254 322 751 2255 321 754 2262 348 754 2263 349 754 2264 349 755 2265 350 755 2266 319 755 2267 431 757 2271 430 757 2272 390 757 2273 432 758 2274 431 758 2275 391 758 2276 347 759 2277 348 759 2278 321 759 2279 354 760 2280 347 760 2281 371 760 2282 324 761 2283 368 761 2284 330 761 2285 315 762 2286 314 762 2287 323 762 2288 433 764 2292 432 764 2293 392 764 2294 451 766 2298 472 766 2299 366 766 2300 494 767 2301 495 767 2302 456 767 2303 495 773 2319 307 773 2320 455 773 2321 307 774 2322 492 774 2323 454 774 2324 452 775 2325 451 775 2326 363 775 2327 548 784 2352 549 784 2353 415 784 2354 422 785 2355 433 785 2356 434 785 2357 417 786 2358 432 786 2359 433 786 2360 428 789 2367 429 789 2368 420 789 2369 496 790 2370 504 790 2371 500 790 2372 504 791 2373 503 791 2374 500 791 2375 503 792 2376 502 792 2377 500 792 2378 502 793 2379 501 793 2380 500 793 2381 500 794 2382 499 794 2383 498 794 2384 498 795 2385 497 795 2386 500 795 2387 412 796 2388 413 796 2389 414 796 2390 414 797 2391 415 797 2392 412 797 2393 415 798 2394 416 798 2395 412 798 2396 416 799 2397 376 799 2398 412 799 2399 376 800 2400 375 800 2401 412 800 2402 375 801 2403 374 801 2404 412 801 2405 317 802 2406 369 802 2407 321 802 2408 369 803 2409 370 803 2410 321 803 2411 370 804 2412 371 804 2413 321 804 2414 321 805 2415 320 805 2416 319 805 2417 319 806 2418 318 806 2419 321 806 2420 417 807 2421 422 807 2422 423 807 2423 423 808 2424 424 808 2425 421 808 2426 421 809 2427 420 809 2428 419 809 2429 419 810 2430 418 810 2431 417 810 2432 417 811 2433 423 811 2434 419 811 2435 464 812 2436 525 812 2437 524 812 2438 522 813 2439 521 813 2440 327 813 2441 410 814 2442 523 814 2443 411 814 2444 523 815 2445 522 815 2446 411 815 2447 327 816 2448 521 816 2449 528 816 2450 523 817 2451 410 817 2452 463 817 2453 491 818 2454 492 818 2455 503 818 2456 500 819 2457 501 819 2458 495 819 2459 495 820 2460 494 820 2461 500 820 2462 307 821 2463 495 821 2464 501 821 2465 499 822 2466 494 822 2467 493 822 2468 492 823 2469 307 823 2470 502 823 2471 430 832 2496 431 832 2497 418 832 2498 349 835 2505 348 835 2506 310 835 2507 429 836 2508 430 836 2509 419 836 2510 353 837 2511 315 837 2512 330 837 2513 460 839 2517 391 839 2518 390 839 2519 428 840 2520 388 840 2521 389 840 2522 389 841 2523 458 841 2524 459 841 2525 388 842 2526 466 842 2527 458 842 2528 423 843 2529 434 843 2530 427 843 2531 427 844 2532 434 844 2533 394 844 2534 427 845 2535 428 845 2536 421 845 2537 452 846 2538 362 846 2539 470 846 2540 471 847 2541 365 847 2542 457 847 2543 457 848 2544 456 848 2545 471 848 2546 489 849 2547 490 849 2548 496 849 2549 498 850 2550 493 850 2551 489 850 2552 496 851 2553 490 851 2554 491 851 2555 472 852 2556 457 852 2557 365 852 2558 552 853 2559 528 853 2560 521 853 2561 455 854 2562 454 854 2563 469 854 2564 453 855 2565 470 855 2566 469 855 2567 456 856 2568 455 856 2569 468 856 2570 551 857 2571 527 857 2572 528 857 2573 549 858 2574 525 858 2575 526 858 2576 547 859 2577 546 859 2578 522 859 2579 547 860 2580 523 860 2581 524 860 2582 546 861 2583 545 861 2584 521 861 2585 548 862 2586 524 862 2587 525 862 2588 527 866 2598 551 866 2599 550 866 2600 310 872 2616 325 872 2617 367 872 2618 412 876 2628 373 876 2629 546 876 2630 546 877 2631 547 877 2632 412 877 2633 375 878 2634 552 878 2635 545 878 2636 527 879 2637 526 879 2638 465 879 2639 350 890 2670 312 890 2671 313 890 2672 393 892 2676 392 892 2677 461 892 2678 351 893 2679 352 893 2680 317 893 2681 431 898 2694 432 898 2695 417 898 2696 377 900 2700 425 900 2701 387 900 2702 429 901 2703 389 901 2704 390 901 2705 549 902 2706 550 902 2707 416 902 2708 425 908 2724 466 908 2725 388 908 2726 315 911 2733 353 911 2734 352 911 2735 392 913 2739 391 913 2740 460 913 2741 526 914 2742 525 914 2743 464 914 2744 394 917 2751 393 917 2752 462 917 2753 528 919 2757 527 919 2758 329 919 2759 317 923 2769 352 923 2770 353 923 2771 350 924 2772 351 924 2773 318 924 2774 433 925 2775 393 925 2776 394 925 2777 428 926 2778 427 926 2779 387 926 2780 369 929 2787 353 929 2788 354 929 2789 416 930 2790 550 930 2791 551 930 2792 545 931 2793 546 931 2794 373 931 2795 547 932 2796 548 932 2797 414 932 2798 354 933 2799 330 933 2800 309 933 2801 349 934 2802 311 934 2803 312 934 2804 348 936 2808 347 936 2809 309 936 2810 372 937 2811 325 937 2812 310 937 2813 376 938 2814 551 938 2815 552 938 2816 351 940 2820 313 940 2821 314 940 2822 309 941 2823 330 941 2824 368 941 2825</p>
        </triangles>
        <triangles material="lightgrey_001-material" count="320">
          <input semantic="VERTEX" source="#Cube-mesh-vertices" offset="0"/>
          <input semantic="NORMAL" source="#Cube-mesh-normals" offset="1"/>
          <input semantic="TEXCOORD" source="#Cube-mesh-map-0" offset="2" set="0"/>
          <p>138 48 144 95 48 145 96 48 146 136 65 195 96 65 196 93 65 197 140 66 198 118 66 199 119 66 200 134 69 207 116 69 208 97 69 209 131 76 228 116 76 229 133 76 230 76 78 234 77 78 235 78 78 236 209 99 297 180 99 298 211 99 299 210 100 300 177 100 301 178 100 302 212 101 303 180 101 304 177 101 305 210 102 306 211 102 307 212 102 308 179 103 309 210 103 310 178 103 311 76 107 321 300 107 322 301 107 323 292 108 324 72 108 325 291 108 326 72 109 327 294 109 328 291 109 329 70 110 330 298 110 331 295 110 332 297 111 333 68 111 334 296 111 335 303 112 336 81 112 337 79 112 338 80 113 339 290 113 340 44 113 341 303 114 342 80 114 343 44 114 344 80 118 354 81 118 355 82 118 356 81 119 357 290 119 358 82 119 359 215 141 423 176 141 424 216 141 425 214 142 426 215 142 427 216 142 428 174 143 429 214 143 430 173 143 431 217 144 432 181 144 433 219 144 434 218 145 435 182 145 436 183 145 437 220 146 438 181 146 439 182 146 440 214 147 441 176 147 442 173 147 443 174 148 444 215 148 445 213 148 446 139 150 450 117 150 451 141 150 452 139 151 453 142 151 454 140 151 455 162 155 465 91 155 466 92 155 467 265 179 537 268 179 538 266 179 539 265 180 540 250 180 541 267 180 542 266 181 543 247 181 544 248 181 545 268 183 549 250 183 550 247 183 551 185 184 552 223 184 553 221 184 554 222 185 555 172 185 556 186 185 557 223 186 558 172 186 559 224 186 560 221 187 561 224 187 562 222 187 563 185 189 567 222 189 568 186 189 569 184 190 570 218 190 571 183 190 572 217 191 573 220 191 574 218 191 575 254 195 585 274 195 586 253 195 587 136 196 588 137 196 589 138 196 590 274 197 591 252 197 592 253 197 593 276 198 594 251 198 595 252 198 596 269 199 597 245 199 598 271 199 599 270 200 600 246 200 601 243 200 602 272 201 603 245 201 604 246 201 605 269 202 606 272 202 607 270 202 608 244 203 609 270 203 610 243 203 611 273 204 612 251 204 613 275 204 614 67 206 618 298 206 619 69 206 620 121 209 627 144 209 628 122 209 629 249 210 630 266 210 631 248 210 632 71 211 633 74 211 634 72 211 635 302 212 636 76 212 637 301 212 638 135 214 642 95 214 643 137 214 644 255 218 654 278 218 655 256 218 656 94 219 657 136 219 658 93 219 659 115 220 660 132 220 661 114 220 662 142 221 663 117 221 664 118 221 665 144 222 666 92 222 667 122 222 668 143 224 672 91 224 673 145 224 674 120 225 675 140 225 676 119 225 677 67 227 681 70 227 682 68 227 683 78 230 690 299 230 691 300 230 692 278 231 693 242 231 694 256 231 695 280 233 699 241 233 700 242 233 701 277 235 705 241 235 706 279 235 707 273 236 708 276 236 709 274 236 710 278 237 711 279 237 712 280 237 713 143 242 726 162 242 727 144 242 728 132 243 729 97 243 730 114 243 731 68 250 750 295 250 751 296 250 752 73 254 762 294 254 763 74 254 764 75 257 771 299 257 772 77 257 773 292 258 774 73 258 775 71 258 776 131 259 777 134 259 778 132 259 779 402 260 780 359 260 781 360 260 782 400 277 831 360 277 832 357 277 833 404 278 834 382 278 835 383 278 836 398 281 843 380 281 844 361 281 845 395 288 864 380 288 865 397 288 866 340 290 870 341 290 871 342 290 872 473 311 933 444 311 934 475 311 935 474 312 936 441 312 937 442 312 938 476 313 939 444 313 940 441 313 941 474 314 942 475 314 943 476 314 944 443 315 945 474 315 946 442 315 947 340 319 957 564 319 958 565 319 959 556 320 960 336 320 961 555 320 962 336 321 963 558 321 964 555 321 965 334 322 966 562 322 967 559 322 968 561 323 969 332 323 970 560 323 971 567 324 972 345 324 973 343 324 974 344 325 975 554 325 976 308 325 977 567 326 978 344 326 979 308 326 980 344 330 990 345 330 991 346 330 992 345 331 993 554 331 994 346 331 995 479 353 1059 440 353 1060 480 353 1061 478 354 1062 479 354 1063 480 354 1064 438 355 1065 478 355 1066 437 355 1067 481 356 1068 445 356 1069 483 356 1070 482 357 1071 446 357 1072 447 357 1073 484 358 1074 445 358 1075 446 358 1076 478 359 1077 440 359 1078 437 359 1079 438 360 1080 479 360 1081 477 360 1082 403 362 1086 381 362 1087 405 362 1088 403 363 1089 406 363 1090 404 363 1091 426 367 1101 355 367 1102 356 367 1103 529 391 1173 532 391 1174 530 391 1175 529 392 1176 514 392 1177 531 392 1178 530 393 1179 511 393 1180 512 393 1181 532 395 1185 514 395 1186 511 395 1187 449 396 1188 487 396 1189 485 396 1190 486 397 1191 436 397 1192 450 397 1193 487 398 1194 436 398 1195 488 398 1196 485 399 1197 488 399 1198 486 399 1199 449 401 1203 486 401 1204 450 401 1205 448 402 1206 482 402 1207 447 402 1208 481 403 1209 484 403 1210 482 403 1211 518 407 1221 538 407 1222 517 407 1223 400 408 1224 401 408 1225 402 408 1226 538 409 1227 516 409 1228 517 409 1229 540 410 1230 515 410 1231 516 410 1232 533 411 1233 509 411 1234 535 411 1235 534 412 1236 510 412 1237 507 412 1238 536 413 1239 509 413 1240 510 413 1241 533 414 1242 536 414 1243 534 414 1244 508 415 1245 534 415 1246 507 415 1247 537 416 1248 515 416 1249 539 416 1250 331 418 1254 562 418 1255 333 418 1256 385 421 1263 408 421 1264 386 421 1265 513 422 1266 530 422 1267 512 422 1268 335 423 1269 338 423 1270 336 423 1271 566 424 1272 340 424 1273 565 424 1274 399 426 1278 359 426 1279 401 426 1280 519 430 1290 542 430 1291 520 430 1292 358 431 1293 400 431 1294 357 431 1295 379 432 1296 396 432 1297 378 432 1298 406 433 1299 381 433 1300 382 433 1301 408 434 1302 356 434 1303 386 434 1304 407 436 1308 355 436 1309 409 436 1310 384 437 1311 404 437 1312 383 437 1313 331 439 1317 334 439 1318 332 439 1319 342 442 1326 563 442 1327 564 442 1328 542 443 1329 506 443 1330 520 443 1331 544 445 1335 505 445 1336 506 445 1337 541 447 1341 505 447 1342 543 447 1343 537 448 1344 540 448 1345 538 448 1346 542 449 1347 543 449 1348 544 449 1349 407 454 1362 426 454 1363 408 454 1364 396 455 1365 361 455 1366 378 455 1367 332 462 1386 559 462 1387 560 462 1388 337 466 1398 558 466 1399 338 466 1400 339 469 1407 563 469 1408 341 469 1409 556 470 1410 337 470 1411 335 470 1412 395 471 1413 398 471 1414 396 471 1415 138 517 1551 137 517 1552 95 517 1553 136 538 1614 138 538 1615 96 538 1616 140 539 1617 142 539 1618 118 539 1619 134 542 1626 133 542 1627 116 542 1628 131 549 1647 115 549 1648 116 549 1649 76 551 1653 75 551 1654 77 551 1655 209 554 1662 179 554 1663 180 554 1664 210 555 1665 212 555 1666 177 555 1667 212 556 1668 211 556 1669 180 556 1670 210 557 1671 209 557 1672 211 557 1673 179 558 1674 209 558 1675 210 558 1676 76 562 1686 78 562 1687 300 562 1688 292 563 1689 71 563 1690 72 563 1691 72 564 1692 74 564 1693 294 564 1694 70 565 1695 69 565 1696 298 565 1697 297 566 1698 67 566 1699 68 566 1700 303 567 1701 289 567 1702 81 567 1703 80 568 1704 82 568 1705 290 568 1706 303 569 1707 79 569 1708 80 569 1709 80 573 1719 79 573 1720 81 573 1721 81 574 1722 289 574 1723 290 574 1724 215 610 1830 175 610 1831 176 610 1832 214 611 1833 213 611 1834 215 611 1835 174 612 1836 213 612 1837 214 612 1838 217 613 1839 184 613 1840 181 613 1841 218 614 1842 220 614 1843 182 614 1844 220 615 1845 219 615 1846 181 615 1847 214 616 1848 216 616 1849 176 616 1850 174 617 1851 175 617 1852 215 617 1853 139 619 1857 120 619 1858 117 619 1859 139 620 1860 141 620 1861 142 620 1862 162 624 1872 145 624 1873 91 624 1874 265 649 1947 267 649 1948 268 649 1949 265 650 1950 249 650 1951 250 650 1952 266 651 1953 268 651 1954 247 651 1955 268 653 1959 267 653 1960 250 653 1961 185 654 1962 171 654 1963 223 654 1964 222 655 1965 224 655 1966 172 655 1967 223 656 1968 171 656 1969 172 656 1970 221 657 1971 223 657 1972 224 657 1973 185 659 1977 221 659 1978 222 659 1979 184 660 1980 217 660 1981 218 660 1982 217 661 1983 219 661 1984 220 661 1985 254 666 1998 273 666 1999 274 666 2000 136 667 2001 135 667 2002 137 667 2003 274 668 2004 276 668 2005 252 668 2006 276 669 2007 275 669 2008 251 669 2009 269 670 2010 244 670 2011 245 670 2012 270 671 2013 272 671 2014 246 671 2015 272 672 2016 271 672 2017 245 672 2018 269 673 2019 271 673 2020 272 673 2021 244 674 2022 269 674 2023 270 674 2024 273 675 2025 254 675 2026 251 675 2027 67 677 2031 297 677 2032 298 677 2033 121 680 2040 143 680 2041 144 680 2042 249 681 2043 265 681 2044 266 681 2045 71 682 2046 73 682 2047 74 682 2048 302 683 2049 75 683 2050 76 683 2051 135 685 2055 94 685 2056 95 685 2057 255 689 2067 277 689 2068 278 689 2069 94 690 2070 135 690 2071 136 690 2072 115 691 2073 131 691 2074 132 691 2075 142 692 2076 141 692 2077 117 692 2078 144 693 2079 162 693 2080 92 693 2081 143 695 2085 121 695 2086 91 695 2087 120 696 2088 139 696 2089 140 696 2090 67 698 2094 69 698 2095 70 698 2096 78 701 2103 77 701 2104 299 701 2105 278 702 2106 280 702 2107 242 702 2108 280 704 2112 279 704 2113 241 704 2114 277 706 2118 255 706 2119 241 706 2120 273 707 2121 275 707 2122 276 707 2123 278 708 2124 277 708 2125 279 708 2126 143 713 2139 145 713 2140 162 713 2141 132 714 2142 134 714 2143 97 714 2144 68 721 2163 70 721 2164 295 721 2165 73 725 2175 293 725 2176 294 725 2177 75 728 2184 302 728 2185 299 728 2186 292 729 2187 293 729 2188 73 729 2189 131 730 2190 133 730 2191 134 730 2192 402 731 2193 401 731 2194 359 731 2195 400 752 2256 402 752 2257 360 752 2258 404 753 2259 406 753 2260 382 753 2261 398 756 2268 397 756 2269 380 756 2270 395 763 2289 379 763 2290 380 763 2291 340 765 2295 339 765 2296 341 765 2297 473 768 2304 443 768 2305 444 768 2306 474 769 2307 476 769 2308 441 769 2309 476 770 2310 475 770 2311 444 770 2312 474 771 2313 473 771 2314 475 771 2315 443 772 2316 473 772 2317 474 772 2318 340 776 2328 342 776 2329 564 776 2330 556 777 2331 335 777 2332 336 777 2333 336 778 2334 338 778 2335 558 778 2336 334 779 2337 333 779 2338 562 779 2339 561 780 2340 331 780 2341 332 780 2342 567 781 2343 553 781 2344 345 781 2345 344 782 2346 346 782 2347 554 782 2348 567 783 2349 343 783 2350 344 783 2351 344 787 2361 343 787 2362 345 787 2363 345 788 2364 553 788 2365 554 788 2366 479 824 2472 439 824 2473 440 824 2474 478 825 2475 477 825 2476 479 825 2477 438 826 2478 477 826 2479 478 826 2480 481 827 2481 448 827 2482 445 827 2483 482 828 2484 484 828 2485 446 828 2486 484 829 2487 483 829 2488 445 829 2489 478 830 2490 480 830 2491 440 830 2492 438 831 2493 439 831 2494 479 831 2495 403 833 2499 384 833 2500 381 833 2501 403 834 2502 405 834 2503 406 834 2504 426 838 2514 409 838 2515 355 838 2516 529 863 2589 531 863 2590 532 863 2591 529 864 2592 513 864 2593 514 864 2594 530 865 2595 532 865 2596 511 865 2597 532 867 2601 531 867 2602 514 867 2603 449 868 2604 435 868 2605 487 868 2606 486 869 2607 488 869 2608 436 869 2609 487 870 2610 435 870 2611 436 870 2612 485 871 2613 487 871 2614 488 871 2615 449 873 2619 485 873 2620 486 873 2621 448 874 2622 481 874 2623 482 874 2624 481 875 2625 483 875 2626 484 875 2627 518 880 2640 537 880 2641 538 880 2642 400 881 2643 399 881 2644 401 881 2645 538 882 2646 540 882 2647 516 882 2648 540 883 2649 539 883 2650 515 883 2651 533 884 2652 508 884 2653 509 884 2654 534 885 2655 536 885 2656 510 885 2657 536 886 2658 535 886 2659 509 886 2660 533 887 2661 535 887 2662 536 887 2663 508 888 2664 533 888 2665 534 888 2666 537 889 2667 518 889 2668 515 889 2669 331 891 2673 561 891 2674 562 891 2675 385 894 2682 407 894 2683 408 894 2684 513 895 2685 529 895 2686 530 895 2687 335 896 2688 337 896 2689 338 896 2690 566 897 2691 339 897 2692 340 897 2693 399 899 2697 358 899 2698 359 899 2699 519 903 2709 541 903 2710 542 903 2711 358 904 2712 399 904 2713 400 904 2714 379 905 2715 395 905 2716 396 905 2717 406 906 2718 405 906 2719 381 906 2720 408 907 2721 426 907 2722 356 907 2723 407 909 2727 385 909 2728 355 909 2729 384 910 2730 403 910 2731 404 910 2732 331 912 2736 333 912 2737 334 912 2738 342 915 2745 341 915 2746 563 915 2747 542 916 2748 544 916 2749 506 916 2750 544 918 2754 543 918 2755 505 918 2756 541 920 2760 519 920 2761 505 920 2762 537 921 2763 539 921 2764 540 921 2765 542 922 2766 541 922 2767 543 922 2768 407 927 2781 409 927 2782 426 927 2783 396 928 2784 398 928 2785 361 928 2786 332 935 2805 334 935 2806 559 935 2807 337 939 2817 557 939 2818 558 939 2819 339 942 2826 566 942 2827 563 942 2828 556 943 2829 557 943 2830 337 943 2831 395 944 2832 397 944 2833 398 944 2834</p>
        </triangles>
      </mesh>
    </geometry>
  </library_geometries>
  <library_visual_scenes>
    <visual_scene id="Scene" name="Scene">
      <node id="Cube" name="Cube" type="NODE">
        <matrix sid="transform">1 0 0 0 0 1 0 0 0 0 1 0 0 0 0 1</matrix>
        <instance_geometry url="#Cube-mesh" name="Cube">
          <bind_material>
            <technique_common>
              <instance_material symbol="paintable-0-material" target="#paintable-0-material">
                <bind_vertex_input semantic="UVMap" input_semantic="TEXCOORD" input_set="0"/>
              </instance_material>
              <instance_material symbol="paintable-1-material" target="#paintable-1-material">
                <bind_vertex_input semantic="UVMap" input_semantic="TEXCOORD" input_set="0"/>
              </instance_material>
              <instance_material symbol="lightgrey-material" target="#lightgrey-material">
                <bind_vertex_input semantic="UVMap" input_semantic="TEXCOORD" input_set="0"/>
              </instance_material>
              <instance_material symbol="darkgrey-material" target="#darkgrey-material">
                <bind_vertex_input semantic="UVMap" input_semantic="TEXCOORD" input_set="0"/>
              </instance_material>
              <instance_material symbol="Material-material" target="#Material-material">
                <bind_vertex_input semantic="UVMap" input_semantic="TEXCOORD" input_set="0"/>
              </instance_material>
              <instance_material symbol="paintable-0_001-material" target="#paintable-0_001-material">
                <bind_vertex_input semantic="UVMap" input_semantic="TEXCOORD" input_set="0"/>
              </instance_material>
              <instance_material symbol="paintable-1_001-material" target="#paintable-1_001-material">
                <bind_vertex_input semantic="UVMap" input_semantic="TEXCOORD" input_set="0"/>
              </instance_material>
              <instance_material symbol="lightgrey_001-material" target="#lightgrey_001-material">
                <bind_vertex_input semantic="UVMap" input_semantic="TEXCOORD" input_set="0"/>
              </instance_material>
              <instance_material symbol="darkgrey_001-material" target="#darkgrey_001-material">
                <bind_vertex_input semantic="UVMap" input_semantic="TEXCOORD" input_set="0"/>
              </instance_material>
            </technique_common>
          </bind_material>
        </instance_geometry>
      </node>
    </visual_scene>
  </library_visual_scenes>
  <scene>
    <instance_visual_scene url="#Scene"/>
  </scene>
</COLLADA>