<?xml version="1.0" encoding="utf-8"?>
<COLLADA xmlns="http://www.collada.org/2005/11/COLLADASchema" version="1.4.1" xmlns:xsi="http://www.w3.org/2001/XMLSchema-instance">
  <asset>
    <contributor>
      <author>Blender User</author>
      <authoring_tool>Blender 4.2.23 LTS commit date:2026-07-20, commit time:13:44, hash:d0cbe84903e8</authoring_tool>
    </contributor>
    <created>2026-08-14T15:13:54</created>
    <modified>2026-08-14T15:13:54</modified>
    <unit name="meter" meter="1"/>
    <up_axis>Z_UP</up_axis>
  </asset>
  <library_effects>
    <effect id="paintable-0-effect">
      <profile_COMMON>
        <technique sid="common">
          <lambert>
            <emission>
              <color sid="emission">0 0 0 1</color>
            </emission>
            <diffuse>
              <color sid="diffuse">1 0.4969335 0 1</color>
            </diffuse>
            <index_of_refraction>
              <float sid="ior">1.45</float>
            </index_of_refraction>
          </lambert>
        </technique>
      </profile_COMMON>
    </effect>
    <effect id="paintable-1-effect">
      <profile_COMMON>
        <technique sid="common">
          <lambert>
            <emission>
              <color sid="emission">0 0 0 1</color>
            </emission>
            <diffuse>
              <color sid="diffuse">0.6104922 0.4910214 0 1</color>
            </diffuse>
            <index_of_refraction>
              <float sid="ior">1.5</float>
            </index_of_refraction>
          </lambert>
        </technique>
      </profile_COMMON>
    </effect>
    <effect id="lightgray-effect">
      <profile_COMMON>
        <technique sid="common">
          <lambert>
            <emission>
              <color sid="emission">0 0 0 1</color>
            </emission>
            <diffuse>
              <color sid="diffuse">0.7835327 0.7835385 0.7835382 1</color>
            </diffuse>
            <index_of_refraction>
              <float sid="ior">1.5</float>
            </index_of_refraction>
          </lambert>
        </technique>
      </profile_COMMON>
    </effect>
  </library_effects>
  <library_images/>
  <library_materials>
    <material id="paintable-0-material" name="paintable-0">
      <instance_effect url="#paintable-0-effect"/>
    </material>
    <material id="paintable-1-material" name="paintable-1">
      <instance_effect url="#paintable-1-effect"/>
    </material>
    <material id="lightgray-material" name="lightgray">
      <instance_effect url="#lightgray-effect"/>
    </material>
  </library_materials>
  <library_geometries>
    <geometry id="Cube-mesh" name="Cube">
      <mesh>
        <source id="Cube-mesh-positions">
          <float_array id="Cube-mesh-positions-array" count="1392">-0.3249999 0.355 0.275 -0.3249999 0.355 -0.275 -0.355 0.325 -0.275 -0.355 0.325 0.275 -0.3249999 -0.355 -0.275 -0.3249999 -0.355 0.275 -0.355 -0.325 0.275 -0.355 -0.325 -0.275 -0.355 -0.275 -0.275 -0.355 0.2749999 -0.275 -0.355 -0.2749999 0.275 -0.355 0.275 0.275 -0.2249999 -0.355 0.215 -0.2249999 -0.375 0.235 -0.2349999 -0.375 0.225 -0.2149999 -0.375 0.225 -0.2249999 -0.375 0.215 -0.2749999 -0.375 0.2749999 -0.2249999 -0.375 0.175 -0.1749999 -0.375 0.225 -0.235 -0.355 -0.2249999 -0.225 -0.355 -0.2349999 -0.225 -0.355 -0.2149999 -0.215 -0.355 -0.2249999 -0.235 -0.375 -0.2249999 -0.225 -0.375 -0.2349999 -0.225 -0.375 -0.2149999 -0.215 -0.375 -0.2249999 -0.375 0.225 -0.175 -0.355 -0.225 0.175 -0.375 0.175 -0.2249999 -0.375 0.2749999 -0.275 -0.355 0.175 -0.2249999 -0.355 0.225 -0.175 -0.375 -0.2749999 0.275 -0.375 -0.175 0.225 -0.375 -0.225 0.175 -0.375 -0.215 0.225 -0.375 -0.225 0.215 -0.375 -0.225 0.235 -0.375 -0.235 0.225 -0.355 -0.215 0.225 -0.355 -0.225 0.215 -0.355 -0.225 0.235 -0.355 -0.235 0.225 -0.375 -0.275 -0.2749999 -0.375 -0.225 -0.175 -0.375 -0.175 -0.225 -0.375 -0.2249999 -0.215 -0.375 -0.2149999 -0.225 -0.375 -0.2349999 -0.225 -0.375 -0.2249999 -0.235 -0.355 -0.2249999 -0.215 -0.355 -0.2149999 -0.225 -0.355 -0.2349999 -0.225 -0.355 -0.2249999 -0.235 -0.375 0.215 -0.2249999 -0.375 0.225 -0.2149999 -0.375 0.225 -0.2349999 -0.375 0.235 -0.2249999 -0.355 0.215 -0.2249999 -0.355 0.225 -0.2149999 -0.355 0.225 -0.2349999 -0.355 0.235 -0.2249999 -0.375 0.1749999 0.225 -0.375 0.2249999 0.175 -0.375 0.275 0.2749999 -0.375 0.2249999 0.215 -0.375 0.2149999 0.225 -0.375 0.2349999 0.225 -0.375 0.2249999 0.2350001 -0.355 0.2249999 0.215 -0.355 0.2149999 0.225 -0.355 0.2349999 0.225 -0.355 0.2249999 0.2350001 -0.355 -0.175 0.225 -0.355 -0.175 -0.225 -0.355 -0.225 -0.175 -0.355 0.1749999 0.225 -0.355 0.2249999 0.175 0.225 -0.355 -0.235 0.235 -0.355 -0.225 0.215 -0.355 -0.225 0.225 -0.355 -0.215 0.225 -0.375 -0.235 0.235 -0.375 -0.225 0.215 -0.375 -0.225 0.225 -0.375 -0.215 0.3249999 0.355 -0.2749999 0.3249999 0.355 0.2750001 0.3549999 0.325 0.275 0.355 0.3249999 -0.2749999 0.3249999 -0.355 0.275 0.3249999 -0.355 -0.275 0.355 -0.325 -0.2749999 0.3549999 -0.3249999 0.275 0.3549999 -0.275 0.275 0.3549999 0.275 0.2750001 0.355 -0.275 -0.275 0.355 0.275 -0.2749999 0.175 -0.375 -0.225 0.225 -0.375 -0.175 0.275 -0.375 -0.275 0.235 -0.355 0.2249999 0.225 -0.355 0.2349999 0.225 -0.355 0.2149999 0.215 -0.355 0.2249999 0.235 -0.375 0.2249999 0.225 -0.375 0.2349999 0.225 -0.375 0.2149999 0.215 -0.375 0.2249999 0.225 -0.375 0.175 0.175 -0.375 0.225 0.2749999 -0.375 0.2749999 -0.225 -0.355 -0.175 -0.175 -0.355 -0.2249999 0.375 0.225 0.175 0.355 -0.2249999 -0.175 0.375 0.175 0.225 0.375 0.2749999 0.275 0.3549999 0.175 0.225 0.3549999 0.225 0.175 0.375 -0.275 -0.275 0.375 -0.175 -0.225 0.375 -0.2249999 -0.175 0.375 -0.215 -0.225 0.375 -0.225 -0.215 0.375 -0.225 -0.235 0.375 -0.235 -0.2249999 0.355 -0.215 -0.225 0.355 -0.225 -0.215 0.355 -0.225 -0.235 0.355 -0.235 -0.2249999 0.375 -0.275 0.275 0.375 -0.225 0.175 0.375 -0.175 0.225 0.375 -0.225 0.215 0.375 -0.215 0.225 0.375 -0.235 0.225 0.375 -0.225 0.235 0.3549999 -0.225 0.215 0.3549999 -0.215 0.225 0.3549999 -0.235 0.225 0.3549999 -0.225 0.235 0.375 0.215 0.225 0.375 0.225 0.215 0.375 0.225 0.235 0.375 0.235 0.225 0.3549999 0.215 0.225 0.3549999 0.225 0.215 0.3549999 0.225 0.235 0.3549999 0.235 0.225 0.375 0.175 -0.225 0.375 0.225 -0.175 0.375 0.275 -0.2749999 0.375 0.2249999 -0.215 0.375 0.2149999 -0.225 0.375 0.2349999 -0.225 0.375 0.2249999 -0.235 0.355 0.2249999 -0.215 0.355 0.2149999 -0.225 0.355 0.2349999 -0.225 0.355 0.2249999 -0.235 0.355 -0.175 -0.225 0.3549999 -0.175 0.225 0.3549999 -0.225 0.175 0.355 0.175 -0.225 0.355 0.225 -0.175 -0.2749999 -0.375 -0.275 -0.175 -0.375 -0.2249999 0.225 -0.355 0.175 -0.225 -0.375 -0.1749999 -0.2749999 -0.355 0.2749999 0.275 -0.355 0.2749999 -0.2749999 -0.355 -0.275 0.275 -0.355 -0.275 -0.2149999 -0.355 0.225 -0.2349999 -0.355 0.225 -0.2249999 -0.355 0.235 0.175 -0.355 0.225 0.175 -0.355 -0.225 0.225 -0.355 -0.175 -0.1749999 -0.355 0.225 -0.2249999 -0.355 0.175 0.2749999 0.3549999 0.2750001 -0.275 0.3549999 0.275 0.2749999 0.355 -0.2749999 -0.275 0.3550001 -0.2749999 -0.225 0.375 0.175 0.2249999 0.3550001 -0.1749999 -0.175 0.375 0.225 -0.2749999 0.375 0.2750001 -0.175 0.3549999 0.225 -0.225 0.3549999 0.175 0.2749999 0.375 -0.2749999 0.1749999 0.375 -0.2249999 0.2249999 0.375 -0.1749999 0.2149999 0.375 -0.2249999 0.225 0.375 -0.2149999 0.225 0.375 -0.2349999 0.235 0.375 -0.2249999 0.2149999 0.355 -0.2249999 0.225 0.355 -0.2149999 0.225 0.355 -0.2349999 0.235 0.355 -0.2249999 0.2749999 0.375 0.275 0.2249999 0.375 0.175 0.175 0.375 0.225 0.2249999 0.375 0.215 0.2149999 0.375 0.225 0.2349999 0.375 0.225 0.2249999 0.375 0.235 0.2249999 0.355 0.215 0.2149999 0.355 0.225 0.2349999 0.355 0.225 0.2249999 0.355 0.235 -0.215 0.375 0.225 -0.225 0.375 0.215 -0.225 0.375 0.235 -0.235 0.375 0.225 -0.215 0.3549999 0.225 -0.225 0.3549999 0.215 -0.225 0.3549999 0.235 -0.2350001 0.3549999 0.225 -0.1749999 0.375 -0.2249999 -0.2249999 0.375 -0.175 -0.275 0.375 -0.2749998 -0.2249999 0.375 -0.2149999 -0.2149999 0.375 -0.225 -0.2349999 0.375 -0.225 -0.2249999 0.375 -0.235 -0.225 0.3550001 -0.2149999 -0.215 0.355 -0.225 -0.235 0.355 -0.225 -0.225 0.3550001 -0.235 0.1749999 0.3550001 -0.2249999 0.175 0.3549999 0.225 0.2249999 0.3549999 0.175 -0.175 0.3550001 -0.2249999 -0.225 0.355 -0.175 0.3249999 0.355 -0.3449999 0.355 0.3250001 -0.3449999 0.355 -0.3249999 -0.3449999 0.3249999 -0.355 -0.3449999 0.355 -0.2749999 -0.3449999 0.355 0.275 -0.3449999 0.2749999 0.355 -0.3449999 0.2749999 -0.355 -0.3449999 -0.3549998 0.3250001 -0.3449999 -0.3249999 0.355 -0.3449999 -0.3249999 -0.355 -0.3449999 -0.3549998 -0.3249999 -0.3449999 -0.3549998 -0.2749999 -0.3449999 -0.3549998 0.275 -0.3449999 -0.2749999 0.355 -0.3449999 -0.2749999 -0.355 -0.3449999 0.305 0.25 -0.375 0.305 0.275 -0.375 0.25 0.305 -0.375 0.2749999 0.305 -0.375 0.2749999 -0.305 -0.375 0.305 -0.2749999 -0.375 0.305 -0.25 -0.375 0.25 -0.305 -0.375 -0.2499999 -0.305 -0.375 -0.2749999 -0.305 -0.375 -0.3049998 -0.25 -0.375 -0.3049998 -0.275 -0.3749999 -0.2749999 0.305 -0.375 -0.3049998 0.275 -0.375 -0.3049998 0.25 -0.375 -0.2499999 0.305 -0.375 0.02071064 -0.04999995 -0.375 0.1035534 -0.25 -0.3449999 -0.02071058 -0.04999995 -0.375 -0.1035533 -0.25 -0.3449999 -0.04999995 -0.02071064 -0.375 -0.2499999 -0.1035534 -0.3449999 -0.04999995 0.02071064 -0.375 -0.2499999 0.1035534 -0.3449999 -0.02071058 0.05000001 -0.375 -0.1035533 0.25 -0.3449999 0.02071064 0.05000001 -0.375 0.1035534 0.25 -0.3449999 0.05000001 0.02071064 -0.375 0.25 0.1035534 -0.3449999 0.05000001 -0.02071064 -0.375 0.25 -0.1035533 -0.3449999 0.1035534 -0.25 -0.375 -0.1035533 -0.25 -0.375 -0.2499999 -0.1035534 -0.375 -0.2499999 0.1035534 -0.375 -0.1035533 0.25 -0.375 0.1035534 0.25 -0.375 0.25 0.1035534 -0.375 0.25 -0.1035533 -0.375 0.0828427 -0.1999999 -0.375 -0.08284264 -0.1999999 -0.375 -0.1999999 -0.0828427 -0.375 -0.1999999 0.0828427 -0.375 -0.08284264 0.1999999 -0.375 0.0828427 0.1999999 -0.375 0.2 0.0828427 -0.375 0.2 -0.0828427 -0.375 0.0828427 -0.1999999 -0.3449999 -0.08284264 -0.1999999 -0.3449999 -0.1999999 -0.0828427 -0.3449999 -0.1999999 0.0828427 -0.3449999 -0.08284264 0.1999999 -0.3449999 0.0828427 0.1999999 -0.3449999 0.2 0.0828427 -0.3449999 0.2 -0.0828427 -0.3449999 0.02071064 -0.04999995 -0.3449999 -0.02071058 -0.04999995 -0.3449999 -0.04999995 -0.02071064 -0.3449999 -0.04999995 0.02071064 -0.3449999 -0.02071064 0.05000001 -0.3449999 0.02071064 0.05000001 -0.3449999 0.05000001 0.02071064 -0.3449999 0.05000001 -0.02071064 -0.3449999 0.355 0.275 -0.375 0.355 0.325 -0.375 0.2749999 0.355 -0.3749999 0.3249999 0.355 -0.3749999 0.3249999 -0.355 -0.375 0.355 -0.3249999 -0.375 0.355 -0.2749999 -0.375 0.2749999 -0.355 -0.375 -0.2749999 -0.355 -0.375 -0.3249999 -0.355 -0.375 -0.3549998 -0.2749999 -0.375 -0.3549998 -0.3249999 -0.375 -0.3249999 0.355 -0.3749999 -0.3549998 0.325 -0.375 -0.3549998 0.275 -0.375 -0.2749999 0.355 -0.3749999 0.305 0.25 -0.3449999 0.305 0.275 -0.3449999 0.25 0.305 -0.3449999 0.2749999 0.305 -0.3449999 0.2749999 -0.305 -0.3449999 0.305 -0.2749999 -0.3449999 0.305 -0.25 -0.3449999 0.25 -0.305 -0.3449999 -0.2499999 -0.305 -0.3449999 -0.2749999 -0.305 -0.3449999 -0.3049998 -0.25 -0.3449999 -0.3049998 -0.275 -0.3449999 -0.2749999 0.305 -0.3449999 -0.3049998 0.275 -0.3449999 -0.3049998 0.25 -0.3449999 -0.2499999 0.305 -0.3449999 -0.3249999 0.355 0.3449999 -0.3550001 0.3249999 0.3449999 -0.3550001 -0.3250001 0.3449999 -0.3249999 -0.355 0.3449999 -0.3550001 -0.275 0.3449999 -0.3550001 0.2749999 0.3449999 -0.2749999 0.355 0.3449999 -0.2749999 -0.355 0.3449999 0.3549998 0.3249999 0.3449999 0.3249999 0.355 0.3449999 0.3249999 -0.355 0.3449999 0.3549998 -0.3250001 0.3449999 0.3549998 -0.275 0.3449999 0.3549998 0.2749999 0.3449999 0.2749999 0.355 0.3449999 0.2749999 -0.355 0.3449999 -0.3050001 0.25 0.375 -0.3050001 0.2749999 0.375 -0.25 0.305 0.375 -0.2749999 0.305 0.375 -0.2749999 -0.305 0.375 -0.305 -0.275 0.375 -0.3050001 -0.2500001 0.375 -0.25 -0.305 0.375 0.2499999 -0.305 0.375 0.2749999 -0.305 0.375 0.3049998 -0.2500001 0.375 0.3049998 -0.2750001 0.375 0.2749999 0.305 0.375 0.3049998 0.2749999 0.375 0.3049998 0.25 0.375 0.2499999 0.305 0.375 -0.0207107 -0.05000001 0.375 -0.1035534 -0.25 0.3449999 0.02071058 -0.05000001 0.375 0.1035533 -0.25 0.3449999 0.04999989 -0.0207107 0.375 0.2499999 -0.1035534 0.3449999 0.04999989 0.02071064 0.375 0.2499999 0.1035534 0.3449999 0.02071058 0.04999995 0.375 0.1035533 0.25 0.3449999 -0.0207107 0.04999995 0.375 -0.1035534 0.25 0.3449999 -0.05000001 0.02071064 0.375 -0.25 0.1035534 0.3449999 -0.05000001 -0.02071064 0.375 -0.25 -0.1035534 0.3449999 -0.1035534 -0.2500001 0.375 0.1035533 -0.2500001 0.375 0.2499999 -0.1035534 0.375 0.2499999 0.1035533 0.375 0.1035533 0.25 0.375 -0.1035534 0.25 0.375 -0.25 0.1035534 0.375 -0.25 -0.1035534 0.375 -0.08284276 -0.1999999 0.375 0.08284258 -0.1999999 0.375 0.1999999 -0.08284276 0.375 0.1999999 0.08284264 0.375 0.08284264 0.1999999 0.375 -0.0828427 0.1999999 0.375 -0.2 0.0828427 0.375 -0.2 -0.0828427 0.375 -0.08284276 -0.2 0.3449999 0.08284258 -0.2 0.3449999 0.1999999 -0.08284276 0.3449999 0.1999999 0.08284264 0.3449999 0.08284264 0.1999999 0.3449999 -0.0828427 0.1999999 0.3449999 -0.2 0.0828427 0.3449999 -0.2 -0.0828427 0.3449999 -0.0207107 -0.05000001 0.3449999 0.02071058 -0.05000001 0.3449999 0.04999989 -0.0207107 0.3449999 0.04999989 0.02071064 0.3449999 0.02071058 0.04999995 0.3449999 -0.0207107 0.04999995 0.3449999 -0.05000001 0.02071064 0.3449999 -0.05000001 -0.02071064 0.3449999 -0.3550001 0.2749999 0.375 -0.3550001 0.3249999 0.375 -0.2749999 0.355 0.375 -0.3249999 0.355 0.375 -0.3249999 -0.355 0.3749999 -0.3550001 -0.325 0.375 -0.3550001 -0.275 0.375 -0.2749999 -0.355 0.3749999 0.2749999 -0.355 0.3749999 0.3249999 -0.355 0.3749999 0.3549998 -0.275 0.375 0.3549998 -0.325 0.375 0.3249999 0.355 0.375 0.3549998 0.3249999 0.375 0.3549998 0.2749999 0.375 0.2749999 0.355 0.375 -0.3050001 0.25 0.3449999 -0.3050001 0.2749999 0.3449999 -0.25 0.305 0.3449999 -0.2749999 0.305 0.3449999 -0.2749999 -0.305 0.3449999 -0.305 -0.275 0.3449999 -0.3050001 -0.25 0.3449999 -0.25 -0.305 0.3449999 0.2499999 -0.305 0.3449999 0.2749999 -0.305 0.3449999 0.3049998 -0.25 0.3449999 0.3049998 -0.2750001 0.3449999 0.2749999 0.305 0.3449999 0.3049998 0.2749999 0.3449999 0.3049998 0.25 0.3449999 0.2499999 0.305 0.3449999</float_array>
          <technique_common>
            <accessor source="#Cube-mesh-positions-array" count="464" stride="3">
              <param name="X" type="float"/>
              <param name="Y" type="float"/>
              <param name="Z" type="float"/>
            </accessor>
          </technique_common>
        </source>
        <source id="Cube-mesh-normals">
          <float_array id="Cube-mesh-normals-array" count="2772">-1 0 -1.70299e-6 -5.96045e-7 -1 -8.51495e-7 -0.7071065 0.7071071 -9.03147e-7 -0.7071065 -0.7071071 -2.93994e-7 -0.7071082 -0.7071053 -2.93994e-7 -0.7071068 -0.7071068 0 -0.7071054 0.7071082 -9.03145e-7 -0.7071068 0.7071068 0 -5.96046e-7 -1 0 -5.96046e-7 -1 0 -1 0 -1.70299e-6 -1 0 0 -1 0 0 1.49012e-6 -1 0 -1 0 -1.70299e-6 -1 0 -1.70299e-6 0 -1 0 -1 0 -1.70299e-6 -1 0 -1.70299e-6 -0.7071068 -2.10734e-6 -0.7071068 -1.78814e-6 1 0 1.19209e-6 1 4.25748e-7 7.45058e-7 -1 1.49011e-7 -0.7071068 1.0547e-6 -0.7071068 -0.7071068 1.05367e-6 0.7071068 0.7071068 -1.05367e-6 -0.7071068 2.7093e-7 -1 1.62558e-7 0 1 4.25748e-7 -0.7071068 0 0.7071068 0 0 1 0 0 -1 1.49012e-6 1 0 0 -1 0 0 -1 0 0.7071047 1.0547e-6 0.7071089 0 -1 0 0 -1 0 7.94727e-7 -1 -9.93408e-7 0.7071068 2.10734e-6 0.7071068 -1 0 0 0 0.7071068 -0.7071068 -1 0 0 -1 0 0 -1 0 0 0 0.7071058 -0.7071079 -1 0 0 0 -0.7071058 0.7071079 0 -0.7071058 -0.7071079 0 0.7071058 0.7071079 -1 0 0 -1 0 0 -1 0 0 -1 0 0 0 0.7071079 0.7071058 -1 0 0 0 -0.7071079 -0.7071058 0 0.7071079 -0.7071058 0 -0.7071079 0.7071058 -1 0 0 -1 0 0 -1 0 0 -1 0 0 0 -0.7071058 0.7071079 -1 0 0 0 0.7071058 -0.7071079 0 0.7071058 0.7071079 0 -0.7071058 -0.7071079 -1 0 0 -1 0 0 -1 0 0 -1 0 0 0 -0.7071079 -0.7071058 -1 0 0 0 0.7071079 0.7071058 0 -0.7071079 0.7071058 0 0.7071079 -0.7071058 -1 0 0 -1 0 0 -1 0 0 -1 0 0 -1 0 0 0 -0.7071068 0.7071068 0 -0.7071068 -0.7071068 0 1 0 0 -1 -2.12874e-7 0 1.27724e-7 -1 0 -1.27724e-7 1 0 0.7071068 0.7071068 -1 1.49012e-6 0 0 1.49012e-6 -1 0 0 1 0.7071089 0 -0.7071047 0 -1 9.75351e-7 -0.7071066 -1.05367e-6 -0.7071069 0 -1 0 1 0 0 5.96047e-7 -1 0 0.7071074 0.7071061 1.50525e-6 0.7071061 -0.7071074 -3.01049e-7 0.7071086 -0.7071051 -2.93995e-7 0.7071079 -0.7071057 1.91577e-7 0.7071058 0.7071079 9.03149e-7 0.7071065 0.7071071 0 0 -1 -4.25748e-7 0 -1 0 1 0 1.70299e-6 1 0 2.16744e-7 1 0 2.16744e-7 0 -1 0 1 0 1.70299e-6 1 0 1.70299e-6 1 0 0 1 0 0 5.96046e-7 1 0 0 1 4.25748e-7 0 1 -8.51495e-7 0 1 4.25749e-7 0 1 -4.25748e-7 0 0 -1 1.49011e-6 0 1 0 1 0 0 -1 0 0 -1 -4.25748e-7 1 0 0 0 0.7071068 0.7071068 1 0 0 1 0 0 1 0 0 0 0.7071068 0.7071068 1 0 0 0 -0.7071068 -0.7071068 0 -0.7071058 0.7071079 0 0.7071058 -0.7071079 1 0 0 1 0 0 1 0 0 1 0 0 0 0.7071079 -0.7071058 1 0 0 0 -0.7071079 0.7071058 0 0.7071079 0.7071058 0 -0.7071079 -0.7071058 1 0 0 1 0 0 1 0 0 1 0 0 0 -0.7071058 -0.7071079 1 0 0 0 0.7071058 0.7071079 0 0.7071058 -0.7071079 0 -0.7071058 0.7071079 1 0 0 1 0 0 1 0 0 1 0 0 0 -0.7071079 0.7071058 1 0 0 0 0.7071079 -0.7071058 0 -0.7071079 -0.7071058 0 0.7071079 0.7071058 1 0 0 1 0 0 1 0 0 1 0 0 1 0 2.93438e-7 0 -0.7071068 -0.7071068 0 -0.7071068 0.7071068 0 1 1.27724e-7 0 -1 0 0 0 1 0 0 -1 0 0.7071068 -0.7071068 1 1.49012e-6 0 0 -1 0 0 -1 0 0 -1 0 0 -1 0 0.7071057 0 0.7071078 -5.96045e-6 -1 0 -0.7071058 0 -0.7071079 -0.7071057 0 0.7071078 0.7071058 0 -0.7071079 0 -1 0 3.31137e-7 -1 3.31138e-7 -1.98681e-7 -1 9.93408e-7 9.93417e-7 -1 -1.98684e-7 0.7071079 0 -0.7071058 0 -1 0 -0.7071079 0 0.7071058 0.7071079 0 0.7071058 -0.7071079 0 -0.7071058 0 -1 0 -6.62276e-7 -1 6.62274e-7 -1.98682e-6 -1 -3.97362e-7 3.97369e-7 -1 1.98684e-6 0 -1 0 0.7071069 2.10734e-6 0.7071066 0.7071068 0 -0.7071068 -1 -1.49012e-6 0 1 0 -1.27724e-7 0 0 -1 1.70299e-7 0 1 -0.7071068 -2.10734e-6 0.7071068 1 -1.49011e-6 0 0 0 -1 0 -1.49011e-6 1 -1 -1.49012e-6 0 0 1 0 -0.7071068 0 0.7071068 1.08372e-6 1 0 0 1 0 0 1 0 -0.7071063 0 0.7071074 0 1 0 0.7071063 0 -0.7071074 0.7071063 0 0.7071074 -0.7071063 0 -0.7071074 -1.49012e-6 1 2.98022e-7 0 1 0 -1.58945e-6 1 -1.98682e-6 0 1 0 -0.7071089 -2.10939e-6 -0.7071047 0 1 0 0.7071089 2.10733e-6 0.7071047 -0.7071089 2.10939e-6 0.7071047 0.7071068 0 -0.7071068 1.49012e-7 1 7.45058e-7 3.31138e-7 1 3.31136e-7 0 1 5.96047e-7 -1.98684e-7 1 9.93415e-7 0.7071047 0 -0.7071088 0 1 0 -0.7071047 0 0.7071089 -0.7071068 2.10733e-6 -0.7071068 0.7071047 -2.10939e-6 0.7071088 0 1 0 0 1 0 0 1 0 0 1 0 0.7071079 -1.05368e-6 0.7071058 0 1 5.96045e-6 -0.7071078 1.05367e-6 -0.7071057 0.7071078 -1.0547e-6 -0.7071057 -0.7071079 1.0547e-6 0.7071058 1.49011e-7 1 7.45058e-7 0 1 0 -9.93403e-7 1 7.94726e-7 0 1 0 0 1 2.93438e-7 0.7071068 0 -0.7071068 0.7071067 -1.05368e-6 0.7071069 -1 0 0 1 -1.49012e-6 1.70299e-7 0 0 1 0 1.49011e-6 -1 -0.7071067 0 -0.7071068 1 0 0 0 -1 0 0.7071061 -0.7071075 0 0.7071064 0.7071071 -1.40489e-6 1 0 0 1 0 0 0 1 0 -1 0 0 0 -1 0 -0.7071079 0.7071058 0 -0.7071081 -0.7071053 0 -1 0 0 -1 0 0 0 1 0 0 1 0 0 -1 0 0.7071086 -0.7071051 -1.37197e-6 0 -1 4.96705e-7 -0.7071067 -0.7071069 2.99788e-7 -1 0 0 -0.7071069 0.7071067 -5.99576e-7 0 1 0 0.7071068 0.7071068 0 1 0 0 0.707107 -0.7071067 3.51223e-7 0 0 -1 0 0 -1 0 0 -1 0 0 -1 0 0 -1 0 0 -1 0 0 -1 0 0 -1 0 0 -1 -1 0 0 0.7071068 -0.7071068 0 -0.7071066 -0.7071069 0 1 0 0 0 -1 0 0.7071068 0.7071068 0 0.7071071 -0.7071065 0 0 1 0 0 0 -1 0 0 -1 0 0 -1 0 0 -1 0 0 -1 0 0 -1 0 0 -1 0 0 -1 0 -1 0 -0.7071071 0.7071065 0 -0.7071068 -0.7071068 0 0 1 0 -1 0 0 0.7071068 0.7071067 0 -0.7071068 0.7071068 0 1 -3.59746e-7 0 0 0 -1 0 5.96046e-7 -1 4.96705e-7 4.96705e-7 -1 -4.96704e-7 4.96705e-7 -1 0 0 -1 0 0 -1 0 0 -1 0 0 -1 5.96044e-7 -1.19209e-6 -1 1.98682e-7 7.94728e-7 -1 -6.95389e-7 1.29144e-6 -1 0 0 -1 0 0 -1 0 5.96046e-7 -1 0 5.96046e-7 -1 0 0 -1 0 -1.98683e-6 -1 -0.7071057 0.7071079 0 0.7071068 0.7071068 0 -0.7071057 -0.7071079 0 1 0 0 -1 -1.19209e-6 0 1 0 0 -1 0 0 0 -1 0 0 1 0 0 -1 0 0 1 0 -1 0 0 0 1 0 1 -1.19209e-6 0 0 -1 0 0 0 -1 0 -5.41861e-7 -1 -9.93407e-7 0 -1 1.47942e-7 -1.47942e-7 -1 0 0 -1 0 0 -1 0 0 -1 0 0 -1 0 0 -1 0 0 -1 0 0 -1 -1 0 0 0 -1 0 -0.707105 -0.7071085 0 -0.7071053 0.7071082 0 -1 0 0 -1 0 0 0 1 0 1 0 0 0 -1 0 0.7071089 0.7071047 0 0.7071093 -0.7071044 1.40489e-6 1 0 0 1 0 0 0 1 0 0 1 0 0 -1 0 -0.7071089 -0.7071047 0 0 -1 -1.98682e-6 0.7071069 -0.7071067 -1.49894e-6 1 0 0 0.7071069 0.7071067 2.99788e-7 0 1 4.96705e-7 -0.7071068 0.7071067 3.51223e-7 -1 0 0 -0.707107 -0.7071065 -1.40489e-6 0 0 1 0 0 1 0 0 1 0 0 1 0 0 1 0 0 1 0 0 1 0 0 1 0 0 1 1 0 0 -0.7071068 -0.7071067 0 0.7071067 -0.7071069 0 -1 0 0 0 -1 0 -0.7071068 0.7071068 -1.49894e-6 -0.7071071 -0.7071065 -1.87367e-7 0 1 -1.98682e-6 0 0 1 0 0 1 0 0 1 0 0 1 0 0 1 0 0 1 0 0 1 0 0 1 0 -1 0 0.707107 0.7071065 1.75612e-7 0.7071067 -0.7071068 0 -7.19492e-7 1 0 1 0 0 -0.7071065 0.707107 0 0.7071068 0.7071068 0 -1 -3.59746e-7 0 0 0 1 0 0 1 -2.98023e-7 -2.98024e-7 1 -4.96704e-7 -4.96704e-7 1 0 0 1 0 0 1 0 -5.96046e-7 1 0 -5.96046e-7 1 0 0 1 4.96707e-7 -4.96707e-7 1 0 0 1 0 0 1 0 0 1 0 0 1 0 0 1 0 -5.96046e-7 1 0 0 1 0.7071061 0.7071075 1.4177e-6 -0.7071068 0.7071068 0 0.7071054 -0.7071082 0 -1 0 0 1 1.19209e-6 0 -1 0 0 1 0 0 0 -1 0 0 1 0 0 -1 0 0 1 0 1 0 0 0 1 0 -1 -3.57627e-6 0 0 -1 0 0 0 1 0 0 1 0 0 1 0 0 1 0 0 1 9.93407e-7 0 1 -1.47942e-7 1.47942e-7 1 0 5.41861e-7 1 0 9.93411e-7 1 0 5.41861e-7 1 0 0 1 -1 0 -1.70299e-6 0 -1 -4.25748e-7 -0.7071079 0.7071057 3.01049e-7 -0.707105 -0.7071086 -1.50524e-6 -0.7071068 -0.7071068 -1.50525e-6 -0.7071064 -0.7071071 0 -0.7071068 0.7071068 3.01049e-7 -0.7071064 0.7071071 0 0 -1 -4.25748e-7 -5.96046e-7 -1 0 -1 0 -1.70299e-6 -1 0 0 -1 0 0 0 -1 0 -1 0 -1.70299e-6 -1 0 -1.70299e-6 0 -1 0 -1 0 -1.70299e-6 -1 0 -1.70299e-6 -0.7071089 0 -0.7071047 1.19209e-6 1 2.7093e-7 0 1 -4.25748e-7 0 -1 0 -0.7071068 1.05367e-6 -0.7071068 -0.7071068 1.05367e-6 0.7071068 0.7071047 1.05367e-6 -0.7071089 -1.19209e-6 -1 0 -1.78814e-6 1 -8.51496e-7 -0.7071068 0 0.7071068 -1.49012e-6 0 1 -1.49012e-6 0 -1 0 1 0 0 -1 0 0 -1 5.96046e-7 0.7071068 -1.05367e-6 0.7071068 0 -1 0 7.45057e-7 -1 -7.45057e-7 0.7071068 2.10734e-6 0.7071068 -1 0 0 0 0.7071068 -0.7071068 -1 0 0 -1 0 0 -1 0 0 0 0.7071058 -0.7071079 -1 0 0 0 -0.7071058 0.7071079 0 -0.7071058 -0.7071079 0 0.7071058 0.7071079 -1 0 0 -1 0 0 -1 0 0 0 0.7071079 0.7071058 -1 0 0 0 -0.7071079 -0.7071058 0 0.7071079 -0.7071058 0 -0.7071079 0.7071058 -1 0 0 -1 0 0 -1 0 0 0 -0.7071058 0.7071079 -1 0 0 0 0.7071058 -0.7071079 0 0.7071058 0.7071079 0 -0.7071058 -0.7071079 -1 0 0 -1 0 0 -1 0 0 0 -0.7071079 -0.7071058 -1 0 0 0 0.7071079 0.7071058 0 -0.7071079 0.7071058 0 0.7071079 -0.7071058 -1 0 0 -1 0 0 -1 0 0 -1 0 0 -1 0 0 -1 0 0 -1 0 0 -1 0 0 0 -0.7071068 0.7071068 0 -0.7071068 -0.7071068 0 1 0 0 -1 -2.12874e-7 0 1.27724e-7 -1 0 -1.27724e-7 1 0 0.7071068 0.7071068 -1 -1.49012e-6 0 0 -1.49012e-6 -1 0 -2.98024e-6 1 0.7071068 2.10734e-6 -0.7071068 0 -1 7.66346e-7 -0.7071066 -1.05367e-6 -0.7071069 0 -1 0 1 0 0 0 -1 -4.25748e-7 0.7071089 0.7071047 3.01049e-7 0.7071061 -0.7071075 -3.0105e-7 0.7071079 -0.7071058 3.01053e-7 0.7071061 -0.7071074 0 0.7071064 0.7071071 3.01049e-7 0.7071075 0.7071061 0 0 -1 -4.25748e-7 5.96047e-7 -1 0 1 0 1.70299e-6 1 0 2.16744e-7 1 0 2.16744e-7 0 -1 0 1 0 1.70299e-6 1 0 1.70299e-6 1 0 0 1 0 0 -1.78814e-6 1 2.16744e-7 5.96046e-7 1 0 0 1 0 -1.78814e-6 1 -8.51496e-7 0 1 -8.51497e-7 2.98024e-6 1.62558e-7 -1 2.98022e-6 0 1 1.49011e-6 1 0 0 -1 0 0 -1 -8.51495e-7 1 0 0 0 0.7071068 0.7071068 1 0 0 1 0 0 1 0 0 0 0.7071068 0.7071068 1 0 0 0 -0.7071068 -0.7071068 0 -0.7071058 0.7071079 0 0.7071058 -0.7071079 1 0 0 1 0 0 1 0 0 0 0.7071079 -0.7071058 1 0 0 0 -0.7071079 0.7071058 0 0.7071079 0.7071058 0 -0.7071079 -0.7071058 1 0 0 1 0 0 1 0 0 0 -0.7071058 -0.7071079 1 0 0 0 0.7071058 0.7071079 0 0.7071058 -0.7071079 0 -0.7071058 0.7071079 1 0 0 1 0 0 1 0 0 0 -0.7071079 0.7071058 1 0 0 0 0.7071079 -0.7071058 0 -0.7071079 -0.7071058 0 0.7071079 0.7071058 1 0 0 1 0 0 1 0 0 1 3.40598e-7 3.40598e-7 1 0 0 1 3.40598e-7 3.40598e-7 1 0 0 1 0 2.93438e-7 0 -0.7071068 -0.7071068 0 -0.7071068 0.7071068 0 1 1.27724e-7 0 -1 0 0 0 1 0 0 -1 0 0.7071068 -0.7071068 1 -1.49012e-6 0 0 -1 0 0 -1 0 0 -1 0 0.7071058 0 0.7071079 5.96045e-6 -1 0 -0.7071057 0 -0.7071078 -0.7071058 0 0.7071079 0.7071057 0 -0.7071078 0 -1 0 0 -1 0 0 -1 0 0.7071079 0 -0.7071058 0 -1 0 -0.7071079 0 0.7071058 0.7071079 0 0.7071058 -0.7071079 0 -0.7071058 0 -1 0 0 -1 0 0 -1 0 6.81196e-7 -1 0 0 -1 -1.27724e-6 0 -1 0 0 -1 0 0 -1 0 0.7071065 0 0.707107 0.7071068 0 -0.7071068 -1 -1.49011e-6 0 1 0 -1.27724e-7 0 0 -1 0 -1.49012e-6 1 -0.7071068 -2.10734e-6 0.7071068 1 0 0 0 2.98024e-6 -1 1.62558e-7 4.47033e-6 1 -1 1.49011e-6 0 1.70299e-7 1 1.53269e-6 -0.7071068 0 0.7071068 -1.70299e-7 1 0 0 1 5.96047e-7 7.66344e-7 1 0 -0.7071063 0 0.7071074 0 1 0 0.7071063 0 -0.7071074 0.7071063 0 0.7071074 -0.7071063 0 -0.7071074 0 1 0 -1.49011e-6 1 -1.49012e-6 0 1 0 -0.7071068 0 -0.7071068 0 1 0 0.7071068 0 0.7071068 -0.7071068 0 0.7071068 0.7071089 -2.10733e-6 -0.7071047 0 1 0 -7.45058e-7 1 7.45058e-7 0 1 0 0.7071047 0 -0.7071088 0 1 0 -0.7071068 -2.10733e-6 0.7071068 -0.7071047 0 -0.7071088 0.7071047 -2.10733e-6 0.7071088 0 1 0 0 1 0 0 1 0 0.7071078 -1.05367e-6 0.7071057 0 1 -5.96045e-6 -0.7071079 1.05368e-6 -0.7071058 0.7071079 -1.05368e-6 -0.7071058 -0.7071078 1.05367e-6 0.7071057 0 1 0 -7.4506e-7 1 7.45058e-7 0 1 0 -4.25747e-7 1 4.25747e-7 0 1 5.96046e-7 -3.40598e-7 1 3.40598e-7 0 1 6.81196e-7 0 1 3.75968e-7 0.7071068 0 -0.7071068 0.7071067 -1.05368e-6 0.7071069 -1 0 0 1 1.49011e-6 0 0 0 1 0 0 -1 -0.7071067 0 -0.7071068 1 0 0 0 -1 0 0.7071061 -0.7071075 0 0.7071057 0.7071079 0 1 0 0 1 0 0 0 1 0 -1 0 0 0 -1 0 -0.7071086 0.7071051 -1.40489e-6 -0.7071082 -0.7071053 0 -1 0 0 -1 0 0 0 1 0 0 1 0 0 -1 0 0.7071079 -0.7071058 0 0 -1 4.96705e-7 -0.7071067 -0.7071068 7.02447e-7 -1 0 0 -0.7071068 0.7071068 0 0 1 0 0.7071068 0.7071068 0 1 0 0 0.7071069 -0.7071067 0 0 0 -1 0 0 -1 0 0 -1 0 0 -1 0 0 -1 0 0 -1 0 0 -1 0 0 -1 0 0 -1 0 0 -1 0 0 -1 0 0 -1 0 0 -1 -1 0 0 0.7071068 -0.7071068 0 -0.7071067 -0.7071069 0 1 0 0 0 -1 0 0.7071068 0.7071068 0 0.7071071 -0.7071065 0 0 1 0 0 0 -1 0 0 -1 0 0 -1 0 0 -1 0 0 -1 0 0 -1 0 0 -1 0 0 -1 0 -1 0 -0.7071071 0.7071065 0 -0.7071068 -0.7071068 0 0 1 0 -1 0 0 0.7071068 0.7071068 0 -0.7071068 0.7071068 0 1 -3.59746e-7 0 0 0 -1 0 5.96046e-7 -1 4.96705e-7 4.96705e-7 -1 2.98023e-7 2.98024e-7 -1 0 0 -1 0 0 -1 0 0 -1 0 0 -1 5.96047e-7 0 -1 0 0 -1 -4.96706e-7 4.96706e-7 -1 0 0 -1 0 0 -1 0 5.96046e-7 -1 0 5.96046e-7 -1 0 0 -1 1.73395e-6 1.19209e-6 -1 -0.7071057 0.7071079 0 0.7071068 0.7071068 0 -0.7071064 -0.7071071 -1.40489e-6 1 0 0 -1 -1.19209e-6 0 1 0 0 -1 0 0 0 -1 0 0 1 0 0 -1 0 0 1 0 -1 0 0 0 1 0 1 -1.19209e-6 0 0 -1 0 0 -5.41861e-7 -1 0 -5.41861e-7 -1 0 -5.41861e-7 -1 -3.93919e-7 -1.47942e-7 -1 0 0 -1 0 0 -1 0 0 -1 0 0 -1 0 0 -1 0 0 -1 0 0 -1 -1 0 0 0 -1 0 -0.7071057 -0.7071078 1.4049e-6 -0.7071054 0.7071082 0 -1 0 0 -1 0 0 0 1 0 1 0 0 0 -1 0 0.7071089 0.7071047 0 0.7071086 -0.7071051 0 1 0 0 1 0 0 0 1 0 0 1 0 0 -1 0 -0.7071089 -0.7071046 0 0 -1 -1.98682e-6 0.7071067 -0.7071068 0 1 0 0 0.7071069 0.7071067 3.51223e-7 0 1 4.96705e-7 -0.7071068 0.7071067 3.51223e-7 -1 0 0 -0.707107 -0.7071066 -7.02447e-7 0 0 1 0 0 1 0 0 1 0 0 1 0 0 1 0 0 1 0 0 1 0 0 1 0 0 1 0 0 1 0 0 1 0 0 1 0 0 1 1 0 0 -0.7071068 -0.7071067 0 0.7071065 -0.707107 1.75612e-7 -1 0 0 0 -1 0 -0.7071066 0.707107 0 -0.7071071 -0.7071065 0 0 1 -1.98682e-6 0 0 1 0 0 1 0 0 1 0 0 1 0 0 1 0 0 1 0 0 1 0 0 1 0 -1 0 0.7071071 0.7071065 0 0.7071067 -0.7071068 0 -7.19492e-7 1 0 1 0 0 -0.7071065 0.7071071 -1.75612e-7 0.707107 0.7071066 -1.40489e-6 -1 -3.59746e-7 0 0 0 1 0 0 1 4.96704e-7 -4.96705e-7 1 -4.96704e-7 -4.96704e-7 1 0 0 1 0 0 1 0 -5.96046e-7 1 0 -5.96046e-7 1 0 0 1 4.96707e-7 -4.96707e-7 1 -1.98682e-7 -7.94729e-7 1 0 0 1 0 0 1 0 0 1 0 0 1 0 -5.96046e-7 1 0 0 1 0.7071054 0.7071082 0 -0.7071068 0.7071068 0 0.7071054 -0.7071082 0 -1 0 0 1 1.19209e-6 0 -1 0 0 1 0 0 0 -1 0 0 1 0 0 -1 0 0 1 0 1 0 0 0 1 0 -1 -3.57627e-6 0 0 -1 0 0 0 1 0 0 1 0 0 1 0 0 1 0 0 1 0 5.41861e-7 1 3.93918e-7 1.47942e-7 1 0 5.41861e-7 1 -5.41862e-7 0 1 0 0 1 0 0 1</float_array>
          <technique_common>
            <accessor source="#Cube-mesh-normals-array" count="924" stride="3">
              <param name="X" type="float"/>
              <param name="Y" type="float"/>
              <param name="Z" type="float"/>
            </accessor>
          </technique_common>
        </source>
        <source id="Cube-mesh-map-0">
          <float_array id="Cube-mesh-map-0-array" count="5544">0.5416666 0.1388888 0.5138888 0.1666666 0.5138888 0.1388888 0.7916666 0.6388888 0.7638888 0.6666666 0.7638888 0.6388888 0.2083333 0.6388888 0.125 0.6666666 0.125 0.6388888 0.625 0.1666666 0.5416666 0.1388888 0.625 0.1388888 0.625 0.1111111 0.5416666 0.08333331 0.625 0.08333331 0.625 0.1388888 0.5416666 0.1111111 0.625 0.1111111 0.2083332 0.5833333 0.125 0.6111111 0.125 0.5833333 0.2083333 0.6388888 0.125 0.6111111 0.2083333 0.6111111 0.7638888 0.5833333 0.7916666 0.6111111 0.7638888 0.6111111 0.7916666 0.6111111 0.7638888 0.6388888 0.7638888 0.6111111 0.5138888 0.08333331 0.5416666 0.1111111 0.5138888 0.1111111 0.5138888 0.1111111 0.5416666 0.1388888 0.5138888 0.1388888 0.4583333 0.1111111 0.4861111 0.1388888 0.4583333 0.1388888 0.5138888 0.1388888 0.5138888 0.1111111 0.5138888 0.1111111 0.4861111 0.08333331 0.4583333 0.1111111 0.4583333 0.08333331 0.5138888 0.08333331 0.4861111 0.1111111 0.4861111 0.08333331 0.375 0.5 0.625 0.75 0.625 0.5 0.4583333 0.1388888 0.4861111 0.1666666 0.4583333 0.1666666 0.5138888 0.1388888 0.4861111 0.1666666 0.4861111 0.1388888 0.125 0.75 0.375 0.5 0.125 0.5 0.2083333 0.6111111 0.2361111 0.6388888 0.2083333 0.6388888 0.2083333 0.5833333 0.2361111 0.6111111 0.2083333 0.6111111 0.5113636 0.1338384 0.375 1 0.5088384 0.1363636 0.375 0.5 0.625 0.25 0.375 0.25 0.625 0.75 0.875 0.5 0.625 0.5 0.125 0.75 0.375 0.5 0.125 0.5 0.4886363 0.1161616 0.4861111 0.1388888 0.4861111 0.1111111 0.2083333 0.6388888 0.2361111 0.6666666 0.2083333 0.6666666 0.375 0.5 0.625 0.25 0.375 0.25 0.4861111 0.1388888 0.5138888 0.1388888 0.5138888 0.1388888 0.5138888 0.1111111 0.4861111 0.1111111 0.4861111 0.1111111 0.4861111 0.1111111 0.4861111 0.1388888 0.4861111 0.1388888 0.625 0.25 0.5113636 0.1338384 0 0 0.5088384 0.1136363 0.4861111 0.1111111 0.5138888 0.1111111 0.375 1 0.625 0.75 0.375 0.75 0.625 0.25 0 0 0.375 0.25 0.375 0.5 0.625 0.75 0.625 0.5 0.5088384 0.1363636 0.125 0.5 0 0 0.625 0.75 0.875 0.5 0.625 0.5 0.4911617 0.1363636 0.5138888 0.1388888 0.4861111 0.1388888 0.5088384 0.1363636 0.5113636 0.1338384 0.5113636 0.1338384 0.5113636 0.1338384 0.5138888 0.1111111 0.5138888 0.1388888 0.5088384 0.1136363 0.4861111 0.1111111 0.5138888 0.1111111 0.4886363 0.1161616 0.4861111 0.1388888 0.4861111 0.1111111 0.375 0.5 0.625 0.25 0.375 0.25 0.375 0.5 0.625 0.75 0.625 0.5 0.375 1 0.625 0.75 0.375 0.75 0.125 0.75 0.375 0.5 0.125 0.5 0.625 0.75 0.875 0.5 0.625 0.5 0.5113636 0.1338384 0.375 1 0.5088384 0.1363636 0.625 0.25 0 0 0.375 0.25 0.5088384 0.1363636 0.125 0.5 0 0 0.625 0.25 0.5113636 0.1338384 0 0 0.375 0.5 0.625 0.25 0.375 0.25 0.375 0.5 0.625 0.75 0.625 0.5 0.375 1 0.625 0.75 0.375 0.75 0.125 0.75 0.375 0.5 0.125 0.5 0.625 0.75 0.875 0.5 0.625 0.5 0.5113636 0.1338384 0.375 1 0.5088384 0.1363636 0.625 0.25 0 0 0.375 0.25 0.5088384 0.1363636 0.125 0.5 0 0 0.625 0.25 0.5113636 0.1338384 0 0 0.375 0.5 0.625 0.25 0.375 0.25 0.375 0.5 0.625 0.75 0.625 0.5 0.375 1 0.625 0.75 0.375 0.75 0.125 0.75 0.375 0.5 0.125 0.5 0.625 0.75 0.875 0.5 0.625 0.5 0.5113636 0.1338384 0.375 1 0.5088384 0.1363636 0.625 0.25 0 0 0.375 0.25 0.5088384 0.1363636 0.125 0.5 0 0 0.625 0.25 0.5113636 0.1338384 0 0 0.375 0.5 0.625 0.25 0.375 0.25 0.375 0.5 0.625 0.75 0.625 0.5 0.375 1 0.625 0.75 0.375 0.75 0.125 0.75 0.375 0.5 0.125 0.5 0.625 0.75 0.875 0.5 0.625 0.5 0.5113636 0.1338384 0.375 1 0.5088384 0.1363636 0.625 0.25 0 0 0.375 0.25 0.5088384 0.1363636 0.125 0.5 0 0 0.625 0.25 0.5113636 0.1338384 0 0 0.5088384 0.1363636 0.4886364 0.1338384 0.4911615 0.1136363 0.5088384 0.1363636 0.5113636 0.1338384 0.5113636 0.1338384 0.5088384 0.1363636 0.5113636 0.1338384 0.5113636 0.1338384 0.5113636 0.1338384 0.5113636 0.1161616 0.5113636 0.1161616 0.4886363 0.1161616 0.4886364 0.1338384 0.4886364 0.1338384 0.4911617 0.1363636 0.5088384 0.1363636 0.5088384 0.1363636 0.5088384 0.1136363 0.4911615 0.1136363 0.4911615 0.1136363 0.5088384 0.1363636 0.5113636 0.1338384 0.5113636 0.1338384 0.4861111 0.1111111 0.4861111 0.1388888 0.4861111 0.1388888 0.5138888 0.1111111 0.4861111 0.1111111 0.4861111 0.1111111 0.4861111 0.1388888 0.5138888 0.1388888 0.5138888 0.1388888 0.375 0.75 0.625 1 0.625 0.75 0.4911617 0.1363636 0.5138888 0.1388888 0.4861111 0.1388888 0.5088384 0.1363636 0.5113636 0.1338384 0.5113636 0.1338384 0.5113636 0.1338384 0.5138888 0.1111111 0.5138888 0.1388888 0.5138888 0.1388888 0.5416666 0.1666666 0.5138888 0.1666666 0.7916666 0.6388888 0.7638888 0.6666666 0.7638888 0.6388888 0.2083333 0.6388888 0.125 0.6666666 0.125 0.6388888 0.625 0.1388888 0.5416666 0.1666666 0.5416666 0.1388888 0.625 0.1111111 0.5416666 0.08333331 0.625 0.08333331 0.625 0.1111111 0.5416666 0.1388888 0.5416666 0.1111111 0.2083332 0.5833333 0.125 0.6111111 0.125 0.5833333 0.2083333 0.6111111 0.125 0.6388888 0.125 0.6111111 0.7916666 0.5833333 0.7638888 0.6111111 0.7638888 0.5833333 0.7916666 0.6111111 0.7638888 0.6388888 0.7638888 0.6111111 0.5138888 0.08333331 0.5416666 0.1111111 0.5138888 0.1111111 0.5138888 0.1111111 0.5416666 0.1388888 0.5138888 0.1388888 0.4583333 0.1111111 0.4861111 0.1388888 0.4583333 0.1388888 0.5138888 0.1388888 0.5138888 0.1111111 0.5138888 0.1111111 0.4583333 0.08333331 0.4861111 0.1111111 0.4583333 0.1111111 0.5138888 0.08333331 0.4861111 0.1111111 0.4861111 0.08333331 0.4583333 0.1388888 0.4861111 0.1666666 0.4583333 0.1666666 0.5138888 0.1388888 0.4861111 0.1666666 0.4861111 0.1388888 0.2361111 0.6111111 0.2083333 0.6388888 0.2083333 0.6111111 0.2361111 0.5833333 0.2083333 0.6111111 0.2083333 0.5833333 0.2361111 0.6111111 0.2361111 0.6666666 0.2361111 0.6388888 0.2083333 0.6388888 0.2361111 0.6666666 0.2083333 0.6666666 0.2361111 0.5833333 0.2361111 0.6388888 0.2361111 0.6111111 0.4861111 0.1388888 0.5138888 0.1388888 0.5138888 0.1388888 0.5138888 0.1111111 0.4861111 0.1111111 0.4861111 0.1111111 0.4861111 0.1111111 0.4861111 0.1388888 0.4861111 0.1388888 0.7638888 0.6666666 0.7638888 0.6111111 0.7638888 0.6388888 0.7638888 0.6388888 0.7638888 0.5833333 0.7638888 0.6111111 0.4911617 0.1363636 0.5138888 0.1388888 0.4861111 0.1388888 0.5088384 0.1363636 0.5113636 0.1338384 0.5113636 0.1338384 0.5113636 0.1338384 0.5138888 0.1111111 0.5138888 0.1388888 0.5088384 0.1136363 0.4861111 0.1111111 0.5138888 0.1111111 0.4886363 0.1161616 0.4861111 0.1388888 0.4861111 0.1111111 0.375 0.5 0.625 0.25 0.375 0.25 0.375 0.5 0.625 0.75 0.625 0.5 0.375 1 0.625 0.75 0.375 0.75 0.125 0.75 0.375 0.5 0.125 0.5 0.625 0.75 0.875 0.5 0.625 0.5 0.5113636 0.1338384 0.375 1 0.5088384 0.1363636 0.625 0.25 0 0 0.375 0.25 0.5088384 0.1363636 0.125 0.5 0 0 0.625 0.25 0.5113636 0.1338384 0 0 0.375 0.5 0.625 0.25 0.375 0.25 0.375 0.5 0.625 0.75 0.625 0.5 0.375 1 0.625 0.75 0.375 0.75 0.125 0.75 0.375 0.5 0.125 0.5 0.625 0.75 0.875 0.5 0.625 0.5 0.5113636 0.1338384 0.375 1 0.5088384 0.1363636 0.625 0.25 0 0 0.375 0.25 0.5088384 0.1363636 0.125 0.5 0 0 0.625 0.25 0.5113636 0.1338384 0 0 0.375 0.5 0.625 0.25 0.375 0.25 0.375 0.5 0.625 0.75 0.625 0.5 0.375 1 0.625 0.75 0.375 0.75 0.125 0.75 0.375 0.5 0.125 0.5 0.625 0.75 0.875 0.5 0.625 0.5 0.5113636 0.1338384 0.375 1 0.5088384 0.1363636 0.625 0.25 0 0 0.375 0.25 0.5088384 0.1363636 0.125 0.5 0 0 0.625 0.25 0.5113636 0.1338384 0 0 0.375 0.5 0.625 0.25 0.375 0.25 0.375 0.5 0.625 0.75 0.625 0.5 0.375 1 0.625 0.75 0.375 0.75 0.125 0.75 0.375 0.5 0.125 0.5 0.625 0.75 0.875 0.5 0.625 0.5 0.5113636 0.1338384 0.375 1 0.5088384 0.1363636 0.625 0.25 0 0 0.375 0.25 0.5088384 0.1363636 0.125 0.5 0 0 0.625 0.25 0.5113636 0.1338384 0 0 0.5088384 0.1363636 0.4886364 0.1338384 0.4911615 0.1136363 0.5088384 0.1363636 0.5113636 0.1338384 0.5113636 0.1338384 0.5088384 0.1363636 0.5113636 0.1338384 0.5113636 0.1338384 0.5113636 0.1338384 0.5113636 0.1161616 0.5113636 0.1161616 0.4886363 0.1161616 0.4886364 0.1338384 0.4886364 0.1338384 0.4911617 0.1363636 0.5088384 0.1363636 0.5088384 0.1363636 0.5088384 0.1136363 0.4911615 0.1136363 0.4911615 0.1136363 0.5088384 0.1363636 0.5113636 0.1338384 0.5113636 0.1338384 0.5138888 0.1388888 0.5138888 0.1111111 0.5138888 0.1111111 0.625 1 0.5088384 0.1363636 0.5113636 0.1338384 0.625 0.25 0 0 0.375 0.25 0.5088384 0.1363636 0.125 0.5 0 0 0.625 0.25 0.5113636 0.1338384 0 0 0.375 0.5 0.625 0.25 0.375 0.25 0.375 0.5 0.625 0.75 0.625 0.5 0.375 1 0.625 0.75 0.375 0.75 0.125 0.75 0.375 0.5 0.125 0.5 0.625 0.75 0.875 0.5 0.625 0.5 0.5113636 0.1338384 0.375 1 0.5088384 0.1363636 0.625 0.25 0 0 0.375 0.25 0.5088384 0.1363636 0.125 0.5 0 0 0.625 0.25 0.5113636 0.1338384 0 0 0.375 0.5 0.625 0.25 0.375 0.25 0.375 0.5 0.625 0.75 0.625 0.5 0.375 1 0.625 0.75 0.375 0.75 0.125 0.75 0.375 0.5 0.125 0.5 0.625 0.75 0.875 0.5 0.625 0.5 0.5113636 0.1338384 0.375 1 0.5088384 0.1363636 0.625 0.25 0 0 0.375 0.25 0.5088384 0.1363636 0.125 0.5 0 0 0.625 0.25 0.5113636 0.1338384 0 0 0.4886364 0.1338384 0.4911615 0.1136363 0.5113636 0.1161616 0.5088384 0.1363636 0.5113636 0.1338384 0.5113636 0.1338384 0.5088384 0.1363636 0.5113636 0.1338384 0.5113636 0.1338384 0.5113636 0.1338384 0.5113636 0.1161616 0.5113636 0.1161616 0.4886363 0.1161616 0.4886364 0.1338384 0.4886364 0.1338384 0.4911617 0.1363636 0.5088384 0.1363636 0.5088384 0.1363636 0.5088384 0.1136363 0.4911615 0.1136363 0.4911615 0.1136363 0.5088384 0.1363636 0.5113636 0.1338384 0.5113636 0.1338384 0.5138888 0.1388888 0.5138888 0.1111111 0.5138888 0.1111111 0.4861111 0.1388888 0.5138888 0.1388888 0.5138888 0.1388888 0.5138888 0.1111111 0.4861111 0.1111111 0.4861111 0.1111111 0.4861111 0.1111111 0.4861111 0.1388888 0.4861111 0.1388888 0.4911617 0.1363636 0.5138888 0.1388888 0.4861111 0.1388888 0.5088384 0.1363636 0.5113636 0.1338384 0.5113636 0.1338384 0.5138888 0.1388888 0.5113636 0.1161616 0.5138888 0.1111111 0.5138888 0.1111111 0.4911615 0.1136363 0.4861111 0.1111111 0.4886363 0.1161616 0.4861111 0.1388888 0.4861111 0.1111111 0.375 0.5 0.625 0.25 0.375 0.25 0.375 0.5 0.625 0.75 0.625 0.5 0.375 1 0.625 0.75 0.375 0.75 0.125 0.75 0.375 0.5 0.125 0.5 0.625 0.75 0.875 0.5 0.625 0.5 0.5113636 0.1338384 0.375 1 0.5088384 0.1363636 0.625 0.25 0 0 0.375 0.25 0.5088384 0.1363636 0.125 0.5 0 0 0.625 0.25 0.5113636 0.1338384 0 0 0.375 0.5 0.625 0.25 0.375 0.25 0.375 0.5 0.625 0.75 0.625 0.5 0.375 0.75 0.625 1 0.625 0.75 0.125 0.5 0.375 0.75 0.375 0.5 0.625 0.75 0.875 0.5 0.625 0.5 0.5113636 0.1338384 0.375 1 0.5088384 0.1363636 0.625 0.25 0 0 0.375 0.25 0.5088384 0.1363636 0.125 0.5 0 0 0.625 0.25 0.5113636 0.1338384 0 0 0.375 0.5 0.625 0.25 0.375 0.25 0.375 0.5 0.625 0.75 0.625 0.5 0.375 0.75 0.625 1 0.625 0.75 0.125 0.75 0.375 0.5 0.125 0.5 0.625 0.5 0.875 0.75 0.875 0.5 0.625 1 0.5088384 0.1363636 0.5113636 0.1338384 0.625 0.25 0 0 0.375 0.25 0.5088384 0.1363636 0.125 0.5 0 0 0.625 0.25 0.5113636 0.1338384 0 0 0.375 0.25 0.625 0.5 0.625 0.25 0.375 0.5 0.625 0.75 0.625 0.5 0.375 0.75 0.625 1 0.625 0.75 0.125 0.5 0.375 0.75 0.375 0.5 0.625 0.5 0.875 0.75 0.875 0.5 0.5113636 0.1338384 0.375 1 0.5088384 0.1363636 0.625 0.25 0 0 0.375 0.25 0.5088384 0.1363636 0.125 0.5 0 0 0.625 0.25 0.5113636 0.1338384 0 0 0.4886364 0.1338384 0.4911615 0.1136363 0.5113636 0.1161616 0.5088384 0.1363636 0.5113636 0.1338384 0.5113636 0.1338384 0.5088384 0.1363636 0.5113636 0.1338384 0.5113636 0.1338384 0.5113636 0.1338384 0.5113636 0.1161616 0.5113636 0.1161616 0.4886363 0.1161616 0.4886364 0.1338384 0.4886364 0.1338384 0.5088384 0.1363636 0.4911617 0.1363636 0.5088384 0.1363636 0.4911615 0.1136363 0.5088384 0.1136363 0.4911615 0.1136363 0.5113636 0.1338384 0.5088384 0.1363636 0.5113636 0.1338384 0.5416666 0.1666666 0.5138888 0.25 0.5138888 0.1666666 0.7916666 0.5 0.7638888 0.5833333 0.7638888 0.5 0.625 0.1666666 0.5416666 0.25 0.5416666 0.1666666 0.2083332 0.5 0.125 0.5833333 0.125 0.5 0.4861111 0.1666666 0.4583333 0.25 0.4583333 0.1666666 0.5138888 0.1666666 0.4861111 0.25 0.4861111 0.1666666 0.2361111 0.5 0.2083333 0.5833333 0.2083333 0.5 0.5416666 0 0.5138888 0.08333331 0.5138888 0 0.7916667 0.6666666 0.7638888 0.75 0.7638888 0.6666666 0.2083333 0.75 0.125 0.6666666 0.2083332 0.6666666 0.625 0.08333331 0.5416666 0 0.625 0 0.4861111 0 0.4583333 0.08333331 0.4583333 0 0.5138888 0 0.4861111 0.08333331 0.4861111 0 0.2361111 0.6666666 0.2083333 0.75 0.2083333 0.6666666 0.2361111 0.75 0.2361111 0.5833333 0.2361111 0.5 0.7638888 0.5 0.7638888 0.6666666 0.7638888 0.75 0.3579229 0.3703945 0.3553084 0.378188 0.3579229 0.3703945 1 1 0.875 0.5 1 0.5 0.875 1 0.75 0.5 0.875 0.5 0.75 1 0.625 0.5 0.75 0.5 0.625 1 0.5 0.5 0.625 0.5 0.5 1 0.375 0.5 0.5 0.5 0.375 1 0.25 0.5 0.375 0.5 0.25 1 0.125 0.5 0.25 0.5 0.125 0.5 0 1 0 0.5 0.7839411 0.2160589 0.7160589 0.2160589 0.7160589 0.2839412 0.7500001 0.442 0.9197056 0.4197056 0.8857645 0.3857645 0.8857645 0.3857645 0.99 0.25 0.9420001 0.25 0.9420001 0.25 0.9197056 0.08029437 0.8857645 0.1142355 0.75 0.05799996 0.9197056 0.08029437 0.75 0.00999999 0.75 0.05799996 0.5802944 0.08029437 0.6142354 0.1142355 0.6142354 0.1142355 0.51 0.25 0.558 0.25 0.558 0.25 0.5802944 0.4197056 0.6142355 0.3857645 0.6142355 0.3857645 0.75 0.49 0.7500001 0.442 0.798 0.25 0.7839411 0.2160589 0.7839411 0.2160589 0.75 0.05799996 0.8857645 0.1142355 0.8857645 0.1142355 0.783941 0.2839411 0.798 0.25 0.798 0.25 0.8857645 0.1142355 0.9420001 0.25 0.9420001 0.25 0.783941 0.2839411 0.75 0.298 0.783941 0.2839411 0.9420001 0.25 0.8857645 0.3857645 0.8857645 0.3857645 0.7160589 0.2839412 0.75 0.298 0.75 0.298 0.8857645 0.3857645 0.7500001 0.442 0.7500001 0.442 0.75 0.298 0.8857645 0.3857645 0.783941 0.2839411 0.783941 0.2839411 0.9420001 0.25 0.798 0.25 0.798 0.25 0.8857645 0.1142355 0.7839411 0.2160589 0.75 0.202 0.8857645 0.1142355 0.75 0.05799996 0.75 0.202 0.6142354 0.1142355 0.7160589 0.2160589 0.7160589 0.2160589 0.558 0.25 0.702 0.25 0.7160589 0.2839412 0.558 0.25 0.6142355 0.3857645 0.75 0.298 0.6142355 0.3857645 0.7500001 0.442 0.6142354 0.1142355 0.75 0.05799996 0.75 0.05799996 0.7839411 0.2160589 0.75 0.202 0.75 0.202 0.558 0.25 0.6142354 0.1142355 0.6142354 0.1142355 0.75 0.202 0.7160589 0.2160589 0.7160589 0.2160589 0.6142355 0.3857645 0.558 0.25 0.558 0.25 0.7160589 0.2160589 0.702 0.25 0.702 0.25 0.7500001 0.442 0.6142355 0.3857645 0.6142355 0.3857645 0.702 0.25 0.7160589 0.2839412 0.7160589 0.2839412 0.2799742 0.4329368 0.4861111 0.25 0.3504641 0.3769644 0.2785913 0.4346407 0.2361111 0.5 0.2083333 0.5 0.602806 0.3169239 0.625 0.25 0.6048047 0.3186272 0.2799742 0.4329368 0.2083333 0.5 0.125 0.5 0.602806 0.3169239 0.5138888 0.25 0.5416666 0.25 0.3504641 0.3769644 0.5138888 0.25 0.5739722 0.3063209 0.6048047 0.3186272 0.7638888 0.5 0.6480047 0.3784566 0.6438232 0.378041 0.7638888 0.75 0.7916666 0.75 0.6412094 0.3702481 0.5138888 0 0.5938785 0.2522701 0.3553084 0.378188 0.4583333 0 0.2083333 0.75 0.6438232 0.378041 0.5416666 0 0.6412094 0.3702481 0.3579229 0.3703945 0.4861111 0 0.4583333 0 0.405023 0.2524518 0.5138888 0 0.4861111 0 0.3553084 0.378188 0.2361111 0.75 0.3235254 0.4923088 0.3235254 0.4923088 0.2361111 0.5 0.2838775 0.4491374 0.6753306 0.4920897 0.7638888 0.5 0.7638888 0.75 0.6412094 0.3702481 0.6753306 0.4920897 0.6438232 0.378041 0.6048047 0.3186272 0.602806 0.3169239 0.602806 0.3169239 0.6412094 0.3702481 0.6438232 0.378041 0.6438232 0.378041 0.2799742 0.4329368 0.2785913 0.4346407 0.2785913 0.4346407 0.405023 0.2524518 0.3579229 0.3703945 0.405023 0.2524518 0.602806 0.3169239 0.5739722 0.3063209 0.5739722 0.3063209 0.405023 0.2524518 0.5938785 0.2522701 0.5938785 0.2522701 0.5739722 0.3063209 0.3504641 0.3769644 0.3504641 0.3769644 0.3235254 0.4923088 0.3553084 0.378188 0.3553084 0.378188 0.6480047 0.3784566 0.6048047 0.3186272 0.6048047 0.3186272 0.2838775 0.4491374 0.3235254 0.4923088 0.3235254 0.4923088 0.6438232 0.378041 0.6753306 0.4920897 0.6753306 0.4920897 0.3504641 0.3769644 0.2799742 0.4329368 0.2799742 0.4329368 0.6753306 0.4920897 0.6480047 0.3784566 0.6480047 0.3784566 0.5938785 0.2522701 0.6412094 0.3702481 0.6412094 0.3702481 0.2785913 0.4346407 0.2838775 0.4491374 0.2838775 0.4491374 0.875 1 0.5938785 0.2522701 0.75 1 0.875 1 0.6480047 0.3784566 0.6753306 0.4920897 0.6048047 0.3186272 0.5739722 0.3063209 0.602806 0.3169239 0.125 1 0.6480047 0.3784566 1 1 0.3504641 0.3769644 0.125 1 0.25 1 0.2799742 0.4329368 0.2838775 0.4491374 0.2785913 0.4346407 0.2838775 0.4491374 0.25 1 0.375 1 0.5 1 0.2838775 0.4491374 0.375 1 0.3235254 0.4923088 0.3579229 0.3703945 0.3553084 0.378188 0.5 1 0.405023 0.2524518 0.3235254 0.4923088 0.75 1 0.405023 0.2524518 0.625 1 0.5416666 0.1666666 0.5138888 0.25 0.5138888 0.1666666 0.7916666 0.5 0.7638888 0.5833333 0.7638888 0.5 0.625 0.25 0.5416666 0.1666666 0.625 0.1666666 0.2083333 0.5833333 0.125 0.5 0.2083332 0.5 0.4861111 0.1666666 0.4583333 0.25 0.4583333 0.1666666 0.5138888 0.1666666 0.4861111 0.25 0.4861111 0.1666666 0.2361111 0.5 0.2083333 0.5833333 0.2083333 0.5 0.5416666 0 0.5138888 0.08333331 0.5138888 0 0.7916667 0.6666666 0.7638888 0.75 0.7638888 0.6666666 0.2083332 0.6666666 0.125 0.75 0.125 0.6666666 0.625 0 0.5416666 0.08333331 0.5416666 0 0.4861111 0 0.4583333 0.08333331 0.4583333 0 0.5138888 0 0.4861111 0.08333331 0.4861111 0 0.2361111 0.6666666 0.2083333 0.75 0.2083333 0.6666666 0.2361111 0.75 0.2361111 0.5833333 0.2361111 0.5 0.7638888 0.5 0.7638888 0.6666666 0.7638888 0.75 0.3553084 0.378188 0.3579229 0.3703945 0.3579229 0.3703945 1 1 0.875 0.5 1 0.5 0.875 1 0.75 0.5 0.875 0.5 0.75 1 0.625 0.5 0.75 0.5 0.625 1 0.5 0.5 0.625 0.5 0.5 1 0.375 0.5 0.5 0.5 0.375 0.5 0.25 1 0.25 0.5 0.25 0.5 0.125 1 0.125 0.5 0.125 0.5 0 1 0 0.5 0.7839411 0.2160589 0.7160589 0.2160589 0.7160589 0.2839412 0.7500001 0.442 0.9197056 0.4197056 0.8857645 0.3857645 0.8857645 0.3857645 0.99 0.25 0.9420001 0.25 0.8857645 0.1142355 0.99 0.25 0.9197056 0.08029437 0.75 0.05799996 0.9197056 0.08029437 0.75 0.00999999 0.75 0.05799996 0.5802944 0.08029437 0.6142354 0.1142355 0.6142354 0.1142355 0.51 0.25 0.558 0.25 0.6142355 0.3857645 0.51 0.25 0.5802944 0.4197056 0.7500001 0.442 0.5802944 0.4197056 0.75 0.49 0.798 0.25 0.7839411 0.2160589 0.7839411 0.2160589 0.75 0.05799996 0.8857645 0.1142355 0.8857645 0.1142355 0.798 0.25 0.783941 0.2839411 0.798 0.25 0.8857645 0.1142355 0.9420001 0.25 0.9420001 0.25 0.783941 0.2839411 0.75 0.298 0.783941 0.2839411 0.8857645 0.3857645 0.9420001 0.25 0.8857645 0.3857645 0.75 0.298 0.7160589 0.2839412 0.75 0.298 0.8857645 0.3857645 0.7500001 0.442 0.7500001 0.442 0.75 0.298 0.8857645 0.3857645 0.783941 0.2839411 0.783941 0.2839411 0.9420001 0.25 0.798 0.25 0.798 0.25 0.8857645 0.1142355 0.7839411 0.2160589 0.75 0.202 0.8857645 0.1142355 0.75 0.05799996 0.75 0.202 0.6142354 0.1142355 0.7160589 0.2160589 0.7160589 0.2160589 0.558 0.25 0.702 0.25 0.702 0.25 0.6142355 0.3857645 0.7160589 0.2839412 0.75 0.298 0.6142355 0.3857645 0.7500001 0.442 0.6142354 0.1142355 0.75 0.05799996 0.75 0.05799996 0.7839411 0.2160589 0.75 0.202 0.75 0.202 0.558 0.25 0.6142354 0.1142355 0.6142354 0.1142355 0.75 0.202 0.7160589 0.2160589 0.7160589 0.2160589 0.6142355 0.3857645 0.558 0.25 0.558 0.25 0.7160589 0.2160589 0.702 0.25 0.702 0.25 0.7500001 0.442 0.6142355 0.3857645 0.6142355 0.3857645 0.702 0.25 0.7160589 0.2839412 0.7160589 0.2839412 0.2799742 0.4329368 0.4861111 0.25 0.3504641 0.3769644 0.2785913 0.4346407 0.2361111 0.5 0.2083333 0.5 0.602806 0.3169239 0.625 0.25 0.6048047 0.3186272 0.2799742 0.4329368 0.2083333 0.5 0.125 0.5 0.602806 0.3169239 0.5138888 0.25 0.5416666 0.25 0.3504641 0.3769644 0.5138888 0.25 0.5739722 0.3063209 0.6048047 0.3186272 0.7638888 0.5 0.6480047 0.3784566 0.6438232 0.378041 0.7638888 0.75 0.7916666 0.75 0.6412094 0.3702481 0.5138888 0 0.5938785 0.2522701 0.3553084 0.378188 0.4583333 0 0.2083333 0.75 0.6438232 0.378041 0.5416666 0 0.6412094 0.3702481 0.3579229 0.3703945 0.4861111 0 0.4583333 0 0.5938785 0.2522701 0.4861111 0 0.405023 0.2524518 0.3553084 0.378188 0.2361111 0.75 0.3235254 0.4923088 0.3235254 0.4923088 0.2361111 0.5 0.2838775 0.4491374 0.6753306 0.4920897 0.7638888 0.5 0.7638888 0.75 0.6412094 0.3702481 0.6753306 0.4920897 0.6438232 0.378041 0.602806 0.3169239 0.6048047 0.3186272 0.602806 0.3169239 0.6412094 0.3702481 0.6438232 0.378041 0.6438232 0.378041 0.2799742 0.4329368 0.2785913 0.4346407 0.2785913 0.4346407 0.3579229 0.3703945 0.405023 0.2524518 0.405023 0.2524518 0.5739722 0.3063209 0.602806 0.3169239 0.5739722 0.3063209 0.405023 0.2524518 0.5938785 0.2522701 0.5938785 0.2522701 0.3504641 0.3769644 0.5739722 0.3063209 0.3504641 0.3769644 0.3235254 0.4923088 0.3553084 0.378188 0.3553084 0.378188 0.6480047 0.3784566 0.6048047 0.3186272 0.6048047 0.3186272 0.2838775 0.4491374 0.3235254 0.4923088 0.3235254 0.4923088 0.6438232 0.378041 0.6753306 0.4920897 0.6753306 0.4920897 0.3504641 0.3769644 0.2799742 0.4329368 0.2799742 0.4329368 0.6753306 0.4920897 0.6480047 0.3784566 0.6480047 0.3784566 0.5938785 0.2522701 0.6412094 0.3702481 0.6412094 0.3702481 0.2785913 0.4346407 0.2838775 0.4491374 0.2838775 0.4491374 0.875 1 0.5938785 0.2522701 0.75 1 0.875 1 0.6480047 0.3784566 0.6753306 0.4920897 0.6480047 0.3784566 0.602806 0.3169239 0.6048047 0.3186272 0.125 1 0.6480047 0.3784566 1 1 0.3504641 0.3769644 0.125 1 0.25 1 0.3504641 0.3769644 0.2785913 0.4346407 0.2799742 0.4329368 0.2838775 0.4491374 0.25 1 0.375 1 0.5 1 0.2838775 0.4491374 0.375 1 0.3235254 0.4923088 0.3579229 0.3703945 0.3553084 0.378188 0.5 1 0.405023 0.2524518 0.3235254 0.4923088 0.5938785 0.2522701 0.625 1 0.75 1 0.5416666 0.1388888 0.5416666 0.1666666 0.5138888 0.1666666 0.7916666 0.6388888 0.7916667 0.6666666 0.7638888 0.6666666 0.2083333 0.6388888 0.2083333 0.6666666 0.125 0.6666666 0.625 0.1666666 0.5416666 0.1666666 0.5416666 0.1388888 0.625 0.1111111 0.5416666 0.1111111 0.5416666 0.08333331 0.625 0.1388888 0.5416666 0.1388888 0.5416666 0.1111111 0.2083332 0.5833333 0.2083333 0.6111111 0.125 0.6111111 0.2083333 0.6388888 0.125 0.6388888 0.125 0.6111111 0.7638888 0.5833333 0.7916666 0.5833333 0.7916666 0.6111111 0.7916666 0.6111111 0.7916666 0.6388888 0.7638888 0.6388888 0.5138888 0.08333331 0.5416666 0.08333331 0.5416666 0.1111111 0.5138888 0.1111111 0.5416666 0.1111111 0.5416666 0.1388888 0.4583333 0.1111111 0.4861111 0.1111111 0.4861111 0.1388888 0.5138888 0.1388888 0.5138888 0.1388888 0.5138888 0.1111111 0.4861111 0.08333331 0.4861111 0.1111111 0.4583333 0.1111111 0.5138888 0.08333331 0.5138888 0.1111111 0.4861111 0.1111111 0.375 0.5 0.375 0.75 0.625 0.75 0.4583333 0.1388888 0.4861111 0.1388888 0.4861111 0.1666666 0.5138888 0.1388888 0.5138888 0.1666666 0.4861111 0.1666666 0.125 0.75 0.375 0.75 0.375 0.5 0.2083333 0.6111111 0.2361111 0.6111111 0.2361111 0.6388888 0.2083333 0.5833333 0.2361111 0.5833333 0.2361111 0.6111111 0.5113636 0.1338384 0.625 1 0.375 1 0.375 0.5 0.625 0.5 0.625 0.25 0.625 0.75 0.875 0.75 0.875 0.5 0.125 0.75 0.375 0.75 0.375 0.5 0.4886363 0.1161616 0.4886364 0.1338384 0.4861111 0.1388888 0.2083333 0.6388888 0.2361111 0.6388888 0.2361111 0.6666666 0.375 0.5 0.625 0.5 0.625 0.25 0.4861111 0.1388888 0.4861111 0.1388888 0.5138888 0.1388888 0.5138888 0.1111111 0.5138888 0.1111111 0.4861111 0.1111111 0.4861111 0.1111111 0.4861111 0.1111111 0.4861111 0.1388888 0.625 0.25 0.875 0.75 0.5113636 0.1338384 0.5088384 0.1136363 0.4911615 0.1136363 0.4861111 0.1111111 0.375 1 0.625 1 0.625 0.75 0.375 0.5 0.375 0.75 0.625 0.75 0.5088384 0.1363636 0.375 1 0.125 0.5 0.625 0.75 0.875 0.75 0.875 0.5 0.4911617 0.1363636 0.5088384 0.1363636 0.5138888 0.1388888 0.5088384 0.1363636 0.5088384 0.1363636 0.5113636 0.1338384 0.5113636 0.1338384 0.5113636 0.1161616 0.5138888 0.1111111 0.5088384 0.1136363 0.4911615 0.1136363 0.4861111 0.1111111 0.4886363 0.1161616 0.4886364 0.1338384 0.4861111 0.1388888 0.375 0.5 0.625 0.5 0.625 0.25 0.375 0.5 0.375 0.75 0.625 0.75 0.375 1 0.625 1 0.625 0.75 0.125 0.75 0.375 0.75 0.375 0.5 0.625 0.75 0.875 0.75 0.875 0.5 0.5113636 0.1338384 0.625 1 0.375 1 0.5088384 0.1363636 0.375 1 0.125 0.5 0.625 0.25 0.875 0.75 0.5113636 0.1338384 0.375 0.5 0.625 0.5 0.625 0.25 0.375 0.5 0.375 0.75 0.625 0.75 0.375 1 0.625 1 0.625 0.75 0.125 0.75 0.375 0.75 0.375 0.5 0.625 0.75 0.875 0.75 0.875 0.5 0.5113636 0.1338384 0.625 1 0.375 1 0.5088384 0.1363636 0.375 1 0.125 0.5 0.625 0.25 0.875 0.75 0.5113636 0.1338384 0.375 0.5 0.625 0.5 0.625 0.25 0.375 0.5 0.375 0.75 0.625 0.75 0.375 1 0.625 1 0.625 0.75 0.125 0.75 0.375 0.75 0.375 0.5 0.625 0.75 0.875 0.75 0.875 0.5 0.5113636 0.1338384 0.625 1 0.375 1 0.5088384 0.1363636 0.375 1 0.125 0.5 0.625 0.25 0.875 0.75 0.5113636 0.1338384 0.375 0.5 0.625 0.5 0.625 0.25 0.375 0.5 0.375 0.75 0.625 0.75 0.375 1 0.625 1 0.625 0.75 0.125 0.75 0.375 0.75 0.375 0.5 0.625 0.75 0.875 0.75 0.875 0.5 0.5113636 0.1338384 0.625 1 0.375 1 0.5088384 0.1363636 0.375 1 0.125 0.5 0.625 0.25 0.875 0.75 0.5113636 0.1338384 0.5113636 0.1161616 0.5113636 0.1338384 0.5088384 0.1363636 0.5088384 0.1363636 0.4911617 0.1363636 0.4886364 0.1338384 0.4886364 0.1338384 0.4886363 0.1161616 0.4911615 0.1136363 0.4911615 0.1136363 0.5088384 0.1136363 0.5113636 0.1161616 0.5113636 0.1161616 0.5088384 0.1363636 0.4911615 0.1136363 0.5088384 0.1363636 0.5088384 0.1363636 0.5113636 0.1338384 0.5088384 0.1363636 0.5088384 0.1363636 0.5113636 0.1338384 0.5113636 0.1338384 0.5113636 0.1338384 0.5113636 0.1161616 0.4886363 0.1161616 0.4886363 0.1161616 0.4886364 0.1338384 0.4911617 0.1363636 0.4911617 0.1363636 0.5088384 0.1363636 0.5088384 0.1136363 0.5088384 0.1136363 0.4911615 0.1136363 0.5088384 0.1363636 0.5088384 0.1363636 0.5113636 0.1338384 0.4861111 0.1111111 0.4861111 0.1111111 0.4861111 0.1388888 0.5138888 0.1111111 0.5138888 0.1111111 0.4861111 0.1111111 0.4861111 0.1388888 0.4861111 0.1388888 0.5138888 0.1388888 0.375 0.75 0.375 1 0.625 1 0.4911617 0.1363636 0.5088384 0.1363636 0.5138888 0.1388888 0.5088384 0.1363636 0.5088384 0.1363636 0.5113636 0.1338384 0.5113636 0.1338384 0.5113636 0.1161616 0.5138888 0.1111111 0.5138888 0.1388888 0.5416666 0.1388888 0.5416666 0.1666666 0.7916666 0.6388888 0.7916667 0.6666666 0.7638888 0.6666666 0.2083333 0.6388888 0.2083333 0.6666666 0.125 0.6666666 0.625 0.1388888 0.625 0.1666666 0.5416666 0.1666666 0.625 0.1111111 0.5416666 0.1111111 0.5416666 0.08333331 0.625 0.1111111 0.625 0.1388888 0.5416666 0.1388888 0.2083332 0.5833333 0.2083333 0.6111111 0.125 0.6111111 0.2083333 0.6111111 0.2083333 0.6388888 0.125 0.6388888 0.7916666 0.5833333 0.7916666 0.6111111 0.7638888 0.6111111 0.7916666 0.6111111 0.7916666 0.6388888 0.7638888 0.6388888 0.5138888 0.08333331 0.5416666 0.08333331 0.5416666 0.1111111 0.5138888 0.1111111 0.5416666 0.1111111 0.5416666 0.1388888 0.4583333 0.1111111 0.4861111 0.1111111 0.4861111 0.1388888 0.5138888 0.1388888 0.5138888 0.1388888 0.5138888 0.1111111 0.4583333 0.08333331 0.4861111 0.08333331 0.4861111 0.1111111 0.5138888 0.08333331 0.5138888 0.1111111 0.4861111 0.1111111 0.4583333 0.1388888 0.4861111 0.1388888 0.4861111 0.1666666 0.5138888 0.1388888 0.5138888 0.1666666 0.4861111 0.1666666 0.2361111 0.6111111 0.2361111 0.6388888 0.2083333 0.6388888 0.2361111 0.5833333 0.2361111 0.6111111 0.2083333 0.6111111 0.2361111 0.6111111 0.2361111 0.5833333 0.2361111 0.6666666 0.2083333 0.6388888 0.2361111 0.6388888 0.2361111 0.6666666 0.2361111 0.5833333 0.2361111 0.6666666 0.2361111 0.6388888 0.4861111 0.1388888 0.4861111 0.1388888 0.5138888 0.1388888 0.5138888 0.1111111 0.5138888 0.1111111 0.4861111 0.1111111 0.4861111 0.1111111 0.4861111 0.1111111 0.4861111 0.1388888 0.7638888 0.6666666 0.7638888 0.5833333 0.7638888 0.6111111 0.7638888 0.6388888 0.7638888 0.6666666 0.7638888 0.5833333 0.4911617 0.1363636 0.5088384 0.1363636 0.5138888 0.1388888 0.5088384 0.1363636 0.5088384 0.1363636 0.5113636 0.1338384 0.5113636 0.1338384 0.5113636 0.1161616 0.5138888 0.1111111 0.5088384 0.1136363 0.4911615 0.1136363 0.4861111 0.1111111 0.4886363 0.1161616 0.4886364 0.1338384 0.4861111 0.1388888 0.375 0.5 0.625 0.5 0.625 0.25 0.375 0.5 0.375 0.75 0.625 0.75 0.375 1 0.625 1 0.625 0.75 0.125 0.75 0.375 0.75 0.375 0.5 0.625 0.75 0.875 0.75 0.875 0.5 0.5113636 0.1338384 0.625 1 0.375 1 0.5088384 0.1363636 0.375 1 0.125 0.5 0.625 0.25 0.875 0.75 0.5113636 0.1338384 0.375 0.5 0.625 0.5 0.625 0.25 0.375 0.5 0.375 0.75 0.625 0.75 0.375 1 0.625 1 0.625 0.75 0.125 0.75 0.375 0.75 0.375 0.5 0.625 0.75 0.875 0.75 0.875 0.5 0.5113636 0.1338384 0.625 1 0.375 1 0.5088384 0.1363636 0.375 1 0.125 0.5 0.625 0.25 0.875 0.75 0.5113636 0.1338384 0.375 0.5 0.625 0.5 0.625 0.25 0.375 0.5 0.375 0.75 0.625 0.75 0.375 1 0.625 1 0.625 0.75 0.125 0.75 0.375 0.75 0.375 0.5 0.625 0.75 0.875 0.75 0.875 0.5 0.5113636 0.1338384 0.625 1 0.375 1 0.5088384 0.1363636 0.375 1 0.125 0.5 0.625 0.25 0.875 0.75 0.5113636 0.1338384 0.375 0.5 0.625 0.5 0.625 0.25 0.375 0.5 0.375 0.75 0.625 0.75 0.375 1 0.625 1 0.625 0.75 0.125 0.75 0.375 0.75 0.375 0.5 0.625 0.75 0.875 0.75 0.875 0.5 0.5113636 0.1338384 0.625 1 0.375 1 0.5088384 0.1363636 0.375 1 0.125 0.5 0.625 0.25 0.875 0.75 0.5113636 0.1338384 0.5113636 0.1161616 0.5113636 0.1338384 0.5088384 0.1363636 0.5088384 0.1363636 0.4911617 0.1363636 0.4886364 0.1338384 0.4886364 0.1338384 0.4886363 0.1161616 0.4911615 0.1136363 0.4911615 0.1136363 0.5088384 0.1136363 0.5113636 0.1161616 0.5113636 0.1161616 0.5088384 0.1363636 0.4911615 0.1136363 0.5088384 0.1363636 0.5088384 0.1363636 0.5113636 0.1338384 0.5088384 0.1363636 0.5088384 0.1363636 0.5113636 0.1338384 0.5113636 0.1338384 0.5113636 0.1338384 0.5113636 0.1161616 0.4886363 0.1161616 0.4886363 0.1161616 0.4886364 0.1338384 0.4911617 0.1363636 0.4911617 0.1363636 0.5088384 0.1363636 0.5088384 0.1136363 0.5088384 0.1136363 0.4911615 0.1136363 0.5088384 0.1363636 0.5088384 0.1363636 0.5113636 0.1338384 0.5138888 0.1388888 0.5138888 0.1388888 0.5138888 0.1111111 0.625 1 0.375 1 0.5088384 0.1363636 0.5088384 0.1363636 0.375 1 0.125 0.5 0.625 0.25 0.875 0.75 0.5113636 0.1338384 0.375 0.5 0.625 0.5 0.625 0.25 0.375 0.5 0.375 0.75 0.625 0.75 0.375 1 0.625 1 0.625 0.75 0.125 0.75 0.375 0.75 0.375 0.5 0.625 0.75 0.875 0.75 0.875 0.5 0.5113636 0.1338384 0.625 1 0.375 1 0.5088384 0.1363636 0.375 1 0.125 0.5 0.625 0.25 0.875 0.75 0.5113636 0.1338384 0.375 0.5 0.625 0.5 0.625 0.25 0.375 0.5 0.375 0.75 0.625 0.75 0.375 1 0.625 1 0.625 0.75 0.125 0.75 0.375 0.75 0.375 0.5 0.625 0.75 0.875 0.75 0.875 0.5 0.5113636 0.1338384 0.625 1 0.375 1 0.5088384 0.1363636 0.375 1 0.125 0.5 0.625 0.25 0.875 0.75 0.5113636 0.1338384 0.5113636 0.1161616 0.5113636 0.1338384 0.5088384 0.1363636 0.5088384 0.1363636 0.4911617 0.1363636 0.4886364 0.1338384 0.4886364 0.1338384 0.4886363 0.1161616 0.4911615 0.1136363 0.4911615 0.1136363 0.5088384 0.1136363 0.5113636 0.1161616 0.5113636 0.1161616 0.5088384 0.1363636 0.4886364 0.1338384 0.5088384 0.1363636 0.5088384 0.1363636 0.5113636 0.1338384 0.5088384 0.1363636 0.5088384 0.1363636 0.5113636 0.1338384 0.5113636 0.1338384 0.5113636 0.1338384 0.5113636 0.1161616 0.4886363 0.1161616 0.4886363 0.1161616 0.4886364 0.1338384 0.4911617 0.1363636 0.4911617 0.1363636 0.5088384 0.1363636 0.5088384 0.1136363 0.5088384 0.1136363 0.4911615 0.1136363 0.5088384 0.1363636 0.5088384 0.1363636 0.5113636 0.1338384 0.5138888 0.1388888 0.5138888 0.1388888 0.5138888 0.1111111 0.4861111 0.1388888 0.4861111 0.1388888 0.5138888 0.1388888 0.5138888 0.1111111 0.5138888 0.1111111 0.4861111 0.1111111 0.4861111 0.1111111 0.4861111 0.1111111 0.4861111 0.1388888 0.4911617 0.1363636 0.5088384 0.1363636 0.5138888 0.1388888 0.5088384 0.1363636 0.5088384 0.1363636 0.5113636 0.1338384 0.5138888 0.1388888 0.5113636 0.1338384 0.5113636 0.1161616 0.5138888 0.1111111 0.5088384 0.1136363 0.4911615 0.1136363 0.4886363 0.1161616 0.4886364 0.1338384 0.4861111 0.1388888 0.375 0.5 0.625 0.5 0.625 0.25 0.375 0.5 0.375 0.75 0.625 0.75 0.375 1 0.625 1 0.625 0.75 0.125 0.75 0.375 0.75 0.375 0.5 0.625 0.75 0.875 0.75 0.875 0.5 0.5113636 0.1338384 0.625 1 0.375 1 0.5088384 0.1363636 0.375 1 0.125 0.5 0.625 0.25 0.875 0.75 0.5113636 0.1338384 0.375 0.5 0.625 0.5 0.625 0.25 0.375 0.5 0.375 0.75 0.625 0.75 0.375 0.75 0.375 1 0.625 1 0.125 0.5 0.125 0.75 0.375 0.75 0.625 0.75 0.875 0.75 0.875 0.5 0.5113636 0.1338384 0.625 1 0.375 1 0.5088384 0.1363636 0.375 1 0.125 0.5 0.625 0.25 0.875 0.75 0.5113636 0.1338384 0.375 0.5 0.625 0.5 0.625 0.25 0.375 0.5 0.375 0.75 0.625 0.75 0.375 0.75 0.375 1 0.625 1 0.125 0.75 0.375 0.75 0.375 0.5 0.625 0.5 0.625 0.75 0.875 0.75 0.625 1 0.375 1 0.5088384 0.1363636 0.5088384 0.1363636 0.375 1 0.125 0.5 0.625 0.25 0.875 0.75 0.5113636 0.1338384 0.375 0.25 0.375 0.5 0.625 0.5 0.375 0.5 0.375 0.75 0.625 0.75 0.375 0.75 0.375 1 0.625 1 0.125 0.5 0.125 0.75 0.375 0.75 0.625 0.5 0.625 0.75 0.875 0.75 0.5113636 0.1338384 0.625 1 0.375 1 0.5088384 0.1363636 0.375 1 0.125 0.5 0.625 0.25 0.875 0.75 0.5113636 0.1338384 0.5113636 0.1161616 0.5113636 0.1338384 0.5088384 0.1363636 0.5088384 0.1363636 0.4911617 0.1363636 0.4886364 0.1338384 0.4886364 0.1338384 0.4886363 0.1161616 0.4911615 0.1136363 0.4911615 0.1136363 0.5088384 0.1136363 0.5113636 0.1161616 0.5113636 0.1161616 0.5088384 0.1363636 0.4886364 0.1338384 0.5088384 0.1363636 0.5088384 0.1363636 0.5113636 0.1338384 0.5088384 0.1363636 0.5088384 0.1363636 0.5113636 0.1338384 0.5113636 0.1338384 0.5113636 0.1338384 0.5113636 0.1161616 0.4886363 0.1161616 0.4886363 0.1161616 0.4886364 0.1338384 0.5088384 0.1363636 0.4911617 0.1363636 0.4911617 0.1363636 0.4911615 0.1136363 0.5088384 0.1136363 0.5088384 0.1136363 0.5113636 0.1338384 0.5088384 0.1363636 0.5088384 0.1363636 0.5416666 0.1666666 0.5416666 0.25 0.5138888 0.25 0.7916666 0.5 0.7916666 0.5833333 0.7638888 0.5833333 0.625 0.1666666 0.625 0.25 0.5416666 0.25 0.2083332 0.5 0.2083333 0.5833333 0.125 0.5833333 0.4861111 0.1666666 0.4861111 0.25 0.4583333 0.25 0.5138888 0.1666666 0.5138888 0.25 0.4861111 0.25 0.2361111 0.5 0.2361111 0.5833333 0.2083333 0.5833333 0.5416666 0 0.5416666 0.08333331 0.5138888 0.08333331 0.7916667 0.6666666 0.7916666 0.75 0.7638888 0.75 0.2083333 0.75 0.125 0.75 0.125 0.6666666 0.625 0.08333331 0.5416666 0.08333331 0.5416666 0 0.4861111 0 0.4861111 0.08333331 0.4583333 0.08333331 0.5138888 0 0.5138888 0.08333331 0.4861111 0.08333331 0.2361111 0.6666666 0.2361111 0.75 0.2083333 0.75 0.2361111 0.75 0.2361111 0.6666666 0.2361111 0.5833333 0.7638888 0.5 0.7638888 0.5833333 0.7638888 0.6666666 0.3579229 0.3703945 0.3553084 0.378188 0.3553084 0.378188 1 1 0.875 1 0.875 0.5 0.875 1 0.75 1 0.75 0.5 0.75 1 0.625 1 0.625 0.5 0.625 1 0.5 1 0.5 0.5 0.5 1 0.375 1 0.375 0.5 0.375 1 0.25 1 0.25 0.5 0.25 1 0.125 1 0.125 0.5 0.125 0.5 0.125 1 0 1 0.7160589 0.2839412 0.75 0.298 0.783941 0.2839411 0.783941 0.2839411 0.798 0.25 0.7839411 0.2160589 0.7839411 0.2160589 0.75 0.202 0.7160589 0.2160589 0.7160589 0.2160589 0.702 0.25 0.7160589 0.2839412 0.7160589 0.2839412 0.783941 0.2839411 0.7839411 0.2160589 0.7500001 0.442 0.75 0.49 0.9197056 0.4197056 0.8857645 0.3857645 0.9197056 0.4197056 0.99 0.25 0.9420001 0.25 0.99 0.25 0.9197056 0.08029437 0.75 0.05799996 0.8857645 0.1142355 0.9197056 0.08029437 0.75 0.05799996 0.75 0.00999999 0.5802944 0.08029437 0.6142354 0.1142355 0.5802944 0.08029437 0.51 0.25 0.558 0.25 0.51 0.25 0.5802944 0.4197056 0.6142355 0.3857645 0.5802944 0.4197056 0.75 0.49 0.798 0.25 0.798 0.25 0.7839411 0.2160589 0.75 0.05799996 0.75 0.05799996 0.8857645 0.1142355 0.783941 0.2839411 0.783941 0.2839411 0.798 0.25 0.8857645 0.1142355 0.8857645 0.1142355 0.9420001 0.25 0.783941 0.2839411 0.75 0.298 0.75 0.298 0.9420001 0.25 0.9420001 0.25 0.8857645 0.3857645 0.7160589 0.2839412 0.7160589 0.2839412 0.75 0.298 0.8857645 0.3857645 0.8857645 0.3857645 0.7500001 0.442 0.75 0.298 0.7500001 0.442 0.8857645 0.3857645 0.783941 0.2839411 0.8857645 0.3857645 0.9420001 0.25 0.798 0.25 0.9420001 0.25 0.8857645 0.1142355 0.75 0.202 0.7839411 0.2160589 0.8857645 0.1142355 0.75 0.202 0.75 0.05799996 0.6142354 0.1142355 0.7160589 0.2160589 0.6142354 0.1142355 0.558 0.25 0.7160589 0.2839412 0.702 0.25 0.558 0.25 0.75 0.298 0.7160589 0.2839412 0.6142355 0.3857645 0.6142354 0.1142355 0.6142354 0.1142355 0.75 0.05799996 0.7839411 0.2160589 0.7839411 0.2160589 0.75 0.202 0.558 0.25 0.558 0.25 0.6142354 0.1142355 0.75 0.202 0.75 0.202 0.7160589 0.2160589 0.6142355 0.3857645 0.6142355 0.3857645 0.558 0.25 0.7160589 0.2160589 0.7160589 0.2160589 0.702 0.25 0.7500001 0.442 0.7500001 0.442 0.6142355 0.3857645 0.702 0.25 0.702 0.25 0.7160589 0.2839412 0.2799742 0.4329368 0.125 0.5 0.4861111 0.25 0.2785913 0.4346407 0.2838775 0.4491374 0.2361111 0.5 0.602806 0.3169239 0.5416666 0.25 0.625 0.25 0.2799742 0.4329368 0.2785913 0.4346407 0.2083333 0.5 0.602806 0.3169239 0.5739722 0.3063209 0.5138888 0.25 0.3504641 0.3769644 0.4861111 0.25 0.5138888 0.25 0.6048047 0.3186272 0.625 0.25 0.7638888 0.5 0.6438232 0.378041 0.6753306 0.4920897 0.7638888 0.75 0.6412094 0.3702481 0.5416666 0 0.5138888 0 0.3553084 0.378188 0.3579229 0.3703945 0.4583333 0 0.6438232 0.378041 0.7916666 0.75 0.5416666 0 0.3579229 0.3703945 0.405023 0.2524518 0.4861111 0 0.405023 0.2524518 0.5938785 0.2522701 0.5138888 0 0.3553084 0.378188 0.2083333 0.75 0.2361111 0.75 0.3235254 0.4923088 0.2361111 0.75 0.2361111 0.5 0.6753306 0.4920897 0.6480047 0.3784566 0.7638888 0.5 0.6412094 0.3702481 0.5938785 0.2522701 0.6753306 0.4920897 0.6048047 0.3186272 0.6048047 0.3186272 0.602806 0.3169239 0.6412094 0.3702481 0.6412094 0.3702481 0.6438232 0.378041 0.2799742 0.4329368 0.2799742 0.4329368 0.2785913 0.4346407 0.405023 0.2524518 0.3579229 0.3703945 0.3579229 0.3703945 0.602806 0.3169239 0.602806 0.3169239 0.5739722 0.3063209 0.405023 0.2524518 0.405023 0.2524518 0.5938785 0.2522701 0.5739722 0.3063209 0.5739722 0.3063209 0.3504641 0.3769644 0.3235254 0.4923088 0.3235254 0.4923088 0.3553084 0.378188 0.6480047 0.3784566 0.6480047 0.3784566 0.6048047 0.3186272 0.2838775 0.4491374 0.2838775 0.4491374 0.3235254 0.4923088 0.6438232 0.378041 0.6438232 0.378041 0.6753306 0.4920897 0.3504641 0.3769644 0.3504641 0.3769644 0.2799742 0.4329368 0.6753306 0.4920897 0.6753306 0.4920897 0.6480047 0.3784566 0.5938785 0.2522701 0.5938785 0.2522701 0.6412094 0.3702481 0.2785913 0.4346407 0.2785913 0.4346407 0.2838775 0.4491374 0.875 1 0.6753306 0.4920897 0.5938785 0.2522701 0.875 1 1 1 0.6480047 0.3784566 0.6048047 0.3186272 0.6480047 0.3784566 0.5739722 0.3063209 0.125 1 0.5739722 0.3063209 0.6480047 0.3784566 0.3504641 0.3769644 0.5739722 0.3063209 0.125 1 0.2799742 0.4329368 0.3504641 0.3769644 0.2838775 0.4491374 0.2838775 0.4491374 0.3504641 0.3769644 0.25 1 0.5 1 0.3235254 0.4923088 0.2838775 0.4491374 0.3235254 0.4923088 0.405023 0.2524518 0.3579229 0.3703945 0.5 1 0.625 1 0.405023 0.2524518 0.75 1 0.5938785 0.2522701 0.405023 0.2524518 0.5416666 0.1666666 0.5416666 0.25 0.5138888 0.25 0.7916666 0.5 0.7916666 0.5833333 0.7638888 0.5833333 0.625 0.25 0.5416666 0.25 0.5416666 0.1666666 0.2083333 0.5833333 0.125 0.5833333 0.125 0.5 0.4861111 0.1666666 0.4861111 0.25 0.4583333 0.25 0.5138888 0.1666666 0.5138888 0.25 0.4861111 0.25 0.2361111 0.5 0.2361111 0.5833333 0.2083333 0.5833333 0.5416666 0 0.5416666 0.08333331 0.5138888 0.08333331 0.7916667 0.6666666 0.7916666 0.75 0.7638888 0.75 0.2083332 0.6666666 0.2083333 0.75 0.125 0.75 0.625 0 0.625 0.08333331 0.5416666 0.08333331 0.4861111 0 0.4861111 0.08333331 0.4583333 0.08333331 0.5138888 0 0.5138888 0.08333331 0.4861111 0.08333331 0.2361111 0.6666666 0.2361111 0.75 0.2083333 0.75 0.2361111 0.75 0.2361111 0.6666666 0.2361111 0.5833333 0.7638888 0.5 0.7638888 0.5833333 0.7638888 0.6666666 0.3553084 0.378188 0.3553084 0.378188 0.3579229 0.3703945 1 1 0.875 1 0.875 0.5 0.875 1 0.75 1 0.75 0.5 0.75 1 0.625 1 0.625 0.5 0.625 1 0.5 1 0.5 0.5 0.5 1 0.375 1 0.375 0.5 0.375 0.5 0.375 1 0.25 1 0.25 0.5 0.25 1 0.125 1 0.125 0.5 0.125 1 0 1 0.7160589 0.2839412 0.75 0.298 0.783941 0.2839411 0.783941 0.2839411 0.798 0.25 0.7839411 0.2160589 0.7839411 0.2160589 0.75 0.202 0.7160589 0.2160589 0.7160589 0.2160589 0.702 0.25 0.7160589 0.2839412 0.7160589 0.2839412 0.783941 0.2839411 0.7839411 0.2160589 0.7500001 0.442 0.75 0.49 0.9197056 0.4197056 0.8857645 0.3857645 0.9197056 0.4197056 0.99 0.25 0.8857645 0.1142355 0.9420001 0.25 0.99 0.25 0.75 0.05799996 0.8857645 0.1142355 0.9197056 0.08029437 0.75 0.05799996 0.75 0.00999999 0.5802944 0.08029437 0.6142354 0.1142355 0.5802944 0.08029437 0.51 0.25 0.6142355 0.3857645 0.558 0.25 0.51 0.25 0.7500001 0.442 0.6142355 0.3857645 0.5802944 0.4197056 0.798 0.25 0.798 0.25 0.7839411 0.2160589 0.75 0.05799996 0.75 0.05799996 0.8857645 0.1142355 0.798 0.25 0.783941 0.2839411 0.783941 0.2839411 0.8857645 0.1142355 0.8857645 0.1142355 0.9420001 0.25 0.783941 0.2839411 0.75 0.298 0.75 0.298 0.8857645 0.3857645 0.9420001 0.25 0.9420001 0.25 0.75 0.298 0.7160589 0.2839412 0.7160589 0.2839412 0.8857645 0.3857645 0.8857645 0.3857645 0.7500001 0.442 0.75 0.298 0.7500001 0.442 0.8857645 0.3857645 0.783941 0.2839411 0.8857645 0.3857645 0.9420001 0.25 0.798 0.25 0.9420001 0.25 0.8857645 0.1142355 0.75 0.202 0.7839411 0.2160589 0.8857645 0.1142355 0.75 0.202 0.75 0.05799996 0.6142354 0.1142355 0.7160589 0.2160589 0.6142354 0.1142355 0.558 0.25 0.702 0.25 0.558 0.25 0.6142355 0.3857645 0.75 0.298 0.7160589 0.2839412 0.6142355 0.3857645 0.6142354 0.1142355 0.6142354 0.1142355 0.75 0.05799996 0.7839411 0.2160589 0.7839411 0.2160589 0.75 0.202 0.558 0.25 0.558 0.25 0.6142354 0.1142355 0.75 0.202 0.75 0.202 0.7160589 0.2160589 0.6142355 0.3857645 0.6142355 0.3857645 0.558 0.25 0.7160589 0.2160589 0.7160589 0.2160589 0.702 0.25 0.7500001 0.442 0.7500001 0.442 0.6142355 0.3857645 0.702 0.25 0.702 0.25 0.7160589 0.2839412 0.2799742 0.4329368 0.125 0.5 0.4861111 0.25 0.2785913 0.4346407 0.2838775 0.4491374 0.2361111 0.5 0.602806 0.3169239 0.5416666 0.25 0.625 0.25 0.2799742 0.4329368 0.2785913 0.4346407 0.2083333 0.5 0.602806 0.3169239 0.5739722 0.3063209 0.5138888 0.25 0.3504641 0.3769644 0.4861111 0.25 0.5138888 0.25 0.6048047 0.3186272 0.625 0.25 0.7638888 0.5 0.6438232 0.378041 0.6753306 0.4920897 0.7638888 0.75 0.6412094 0.3702481 0.5416666 0 0.5138888 0 0.3553084 0.378188 0.3579229 0.3703945 0.4583333 0 0.6438232 0.378041 0.7916666 0.75 0.5416666 0 0.3579229 0.3703945 0.405023 0.2524518 0.4861111 0 0.5938785 0.2522701 0.5138888 0 0.4861111 0 0.3553084 0.378188 0.2083333 0.75 0.2361111 0.75 0.3235254 0.4923088 0.2361111 0.75 0.2361111 0.5 0.6753306 0.4920897 0.6480047 0.3784566 0.7638888 0.5 0.6412094 0.3702481 0.5938785 0.2522701 0.6753306 0.4920897 0.602806 0.3169239 0.6048047 0.3186272 0.6048047 0.3186272 0.6412094 0.3702481 0.6412094 0.3702481 0.6438232 0.378041 0.2799742 0.4329368 0.2799742 0.4329368 0.2785913 0.4346407 0.3579229 0.3703945 0.3579229 0.3703945 0.405023 0.2524518 0.5739722 0.3063209 0.602806 0.3169239 0.602806 0.3169239 0.405023 0.2524518 0.405023 0.2524518 0.5938785 0.2522701 0.3504641 0.3769644 0.5739722 0.3063209 0.5739722 0.3063209 0.3235254 0.4923088 0.3235254 0.4923088 0.3553084 0.378188 0.6480047 0.3784566 0.6480047 0.3784566 0.6048047 0.3186272 0.2838775 0.4491374 0.2838775 0.4491374 0.3235254 0.4923088 0.6438232 0.378041 0.6438232 0.378041 0.6753306 0.4920897 0.3504641 0.3769644 0.3504641 0.3769644 0.2799742 0.4329368 0.6753306 0.4920897 0.6753306 0.4920897 0.6480047 0.3784566 0.5938785 0.2522701 0.5938785 0.2522701 0.6412094 0.3702481 0.2785913 0.4346407 0.2785913 0.4346407 0.2838775 0.4491374 0.875 1 0.6753306 0.4920897 0.5938785 0.2522701 0.875 1 1 1 0.6480047 0.3784566 0.6480047 0.3784566 0.5739722 0.3063209 0.602806 0.3169239 0.125 1 0.5739722 0.3063209 0.6480047 0.3784566 0.3504641 0.3769644 0.5739722 0.3063209 0.125 1 0.3504641 0.3769644 0.2838775 0.4491374 0.2785913 0.4346407 0.2838775 0.4491374 0.3504641 0.3769644 0.25 1 0.5 1 0.3235254 0.4923088 0.2838775 0.4491374 0.3235254 0.4923088 0.405023 0.2524518 0.3579229 0.3703945 0.5 1 0.625 1 0.405023 0.2524518 0.5938785 0.2522701 0.405023 0.2524518 0.625 1</float_array>
          <technique_common>
            <accessor source="#Cube-mesh-map-0-array" count="2772" stride="2">
              <param name="S" type="float"/>
              <param name="T" type="float"/>
            </accessor>
          </technique_common>
        </source>
        <vertices id="Cube-mesh-vertices">
          <input semantic="POSITION" source="#Cube-mesh-positions"/>
        </vertices>
        <triangles material="paintable-0-material" count="592">
          <input semantic="VERTEX" source="#Cube-mesh-vertices" offset="0"/>
          <input semantic="NORMAL" source="#Cube-mesh-normals" offset="1"/>
          <input semantic="TEXCOORD" source="#Cube-mesh-map-0" offset="2" set="0"/>
          <p>6 0 0 356 0 1 10 0 2 4 1 3 255 1 4 174 1 5 1 2 6 248 2 7 2 2 8 355 3 9 6 3 10 5 3 11 4 4 12 251 4 13 250 4 14 5 5 15 7 5 16 4 5 17 352 6 18 3 6 19 353 6 20 1 7 21 3 7 22 0 7 23 359 8 24 5 8 25 172 8 26 5 9 27 174 9 28 172 9 29 252 10 30 7 10 31 8 10 32 8 11 33 6 11 34 10 11 35 2 12 36 11 12 37 3 12 38 10 13 39 45 13 40 8 13 41 253 14 42 2 14 43 248 14 44 252 15 45 9 15 46 253 15 47 3 17 51 357 17 52 353 17 53 10 18 54 357 18 55 11 18 56 0 20 60 187 20 61 1 20 62 352 21 63 185 21 64 0 21 65 111 22 66 110 22 67 112 22 68 171 26 78 17 26 79 168 26 80 1 27 81 254 27 82 249 27 83 11 29 87 34 29 88 10 29 89 8 30 90 31 30 91 9 30 92 9 31 93 66 31 94 11 31 95 107 32 96 111 32 97 113 32 98 100 33 99 168 33 100 102 33 101 107 35 105 113 35 106 108 35 107 112 37 111 108 37 112 113 37 113 64 39 117 34 39 118 66 39 119 35 40 120 29 40 121 36 40 122 36 41 123 45 41 124 34 41 125 47 42 126 31 42 127 45 42 128 28 43 129 66 43 130 31 43 131 36 49 147 37 49 148 35 49 149 40 50 150 34 50 151 39 50 152 35 51 153 39 51 154 34 51 155 40 52 156 36 52 157 34 52 158 47 58 174 48 58 175 46 58 176 51 59 177 45 59 178 50 59 179 46 60 180 50 60 181 45 60 182 51 61 183 47 61 184 45 61 185 28 67 201 56 67 202 30 67 203 59 68 204 31 68 205 58 68 206 30 69 207 58 69 208 31 69 209 59 70 210 28 70 211 31 70 212 64 76 228 67 76 229 65 76 230 70 77 231 66 77 232 69 77 233 65 78 234 69 78 235 66 78 236 70 79 237 64 79 238 66 79 239 75 80 240 79 80 241 32 80 242 30 81 243 33 81 244 28 81 245 65 82 246 78 82 247 64 82 248 36 83 249 77 83 250 46 83 251 28 84 252 79 84 253 65 84 254 64 85 255 75 85 256 35 85 257 47 86 258 32 86 259 30 86 260 46 87 261 76 87 262 47 87 263 174 88 264 17 88 265 172 88 266 175 89 267 168 89 268 174 89 269 172 90 270 113 90 271 173 90 272 19 92 276 113 92 277 17 92 278 112 93 279 170 93 280 111 93 281 111 94 282 102 94 283 113 94 284 98 95 285 242 95 286 244 95 287 92 96 288 367 96 289 173 96 290 89 97 291 360 97 292 90 97 293 93 98 294 242 98 295 94 98 296 92 99 297 363 99 298 362 99 299 92 100 300 94 100 301 95 100 302 240 101 303 91 101 304 241 101 305 88 102 306 90 102 307 91 102 308 243 103 309 175 103 310 247 103 311 93 104 312 173 104 313 175 104 314 364 105 315 95 105 316 96 105 317 96 106 318 94 106 319 98 106 320 90 107 321 99 107 322 91 107 323 98 108 324 133 108 325 96 108 326 360 109 327 97 109 328 90 109 329 364 110 330 97 110 331 365 110 332 91 111 333 245 111 334 241 111 335 98 112 336 245 112 337 99 112 338 186 113 339 89 113 340 88 113 341 246 114 342 88 114 343 240 114 344 186 115 345 254 115 346 187 115 347 89 116 348 366 116 349 361 116 350 358 117 351 184 117 352 185 117 353 99 118 354 122 118 355 98 118 356 96 119 357 119 119 358 97 119 359 97 120 360 154 120 361 99 120 362 367 121 363 172 121 364 173 121 365 174 122 366 247 122 367 175 122 368 152 123 369 122 123 370 154 123 371 123 124 372 117 124 373 124 124 374 124 125 375 133 125 376 122 125 377 135 126 378 119 126 379 133 126 380 116 127 381 154 127 382 119 127 383 124 133 399 125 133 400 123 133 401 128 134 402 122 134 403 127 134 404 123 135 405 127 135 406 122 135 407 128 136 408 124 136 409 122 136 410 135 142 426 136 142 427 134 142 428 139 143 429 133 143 430 138 143 431 134 144 432 138 144 433 133 144 434 139 145 435 135 145 436 133 145 437 116 151 453 144 151 454 118 151 455 147 152 456 119 152 457 146 152 458 118 153 459 146 153 460 119 153 461 147 154 462 116 154 463 119 154 464 152 160 480 155 160 481 153 160 482 158 161 483 154 161 484 157 161 485 153 162 486 157 162 487 154 162 488 158 163 489 152 163 490 154 163 491 163 164 492 167 164 493 120 164 494 118 165 495 121 165 496 116 165 497 153 166 498 166 166 499 152 166 500 124 167 501 165 167 502 134 167 503 116 168 504 167 168 505 153 168 506 152 169 507 163 169 508 123 169 509 135 170 510 120 170 511 118 170 512 134 171 513 164 171 514 135 171 515 173 172 516 102 172 517 175 172 518 86 173 519 101 173 520 100 173 521 84 174 522 102 174 523 85 174 524 101 175 525 85 175 526 102 175 527 84 176 528 100 176 529 102 176 530 171 182 546 27 182 547 169 182 548 24 183 549 168 183 550 25 183 551 169 184 552 25 184 553 168 184 554 24 185 555 171 185 556 168 185 557 19 191 573 16 191 574 18 191 575 13 192 576 17 192 577 14 192 578 18 193 579 14 193 580 17 193 581 13 194 582 19 194 583 17 194 584 183 195 585 115 195 586 181 195 587 169 196 588 114 196 589 171 196 590 18 197 591 182 197 592 19 197 593 111 198 594 181 198 595 101 198 596 171 199 597 183 199 598 18 199 599 19 200 600 179 200 601 112 200 602 100 201 603 115 201 604 169 201 605 101 202 606 180 202 607 100 202 608 186 203 609 205 203 610 184 203 611 187 204 612 194 204 613 186 204 614 184 205 615 191 205 616 185 205 617 185 206 618 226 206 619 187 206 620 224 207 621 194 207 622 226 207 623 195 208 624 189 208 625 196 208 626 194 209 627 206 209 628 205 209 629 205 210 630 190 210 631 191 210 632 188 211 633 226 211 634 191 211 635 196 217 651 197 217 652 195 217 653 200 218 654 194 218 655 199 218 656 195 219 657 199 219 658 194 219 659 200 220 660 196 220 661 194 220 662 207 226 678 208 226 679 206 226 680 211 227 681 205 227 682 210 227 683 206 228 684 210 228 685 205 228 686 211 229 687 207 229 688 205 229 689 217 235 705 190 235 706 188 235 707 219 236 708 191 236 709 218 236 710 190 237 711 218 237 712 191 237 713 219 238 714 188 238 715 191 238 716 224 244 732 227 244 733 225 244 734 230 245 735 226 245 736 229 245 737 225 246 738 229 246 739 226 246 740 230 247 741 224 247 742 226 247 743 239 248 744 192 248 745 237 248 746 190 249 747 193 249 748 188 249 749 225 250 750 238 250 751 224 250 752 196 251 753 237 251 754 206 251 755 188 252 756 239 252 757 225 252 758 195 253 759 238 253 760 235 253 761 190 254 762 236 254 763 192 254 764 207 255 765 237 255 766 236 255 767 242 256 768 326 256 769 244 256 770 324 257 771 247 257 772 327 257 773 243 258 774 325 258 775 242 258 776 323 259 777 241 259 778 321 259 779 245 260 780 321 260 781 241 260 782 244 261 783 320 261 784 245 261 785 322 262 786 240 262 787 323 262 788 331 263 789 252 263 790 330 263 791 250 264 792 328 264 793 255 264 794 332 265 795 248 265 796 249 265 797 250 266 798 331 266 799 329 266 800 334 267 801 248 267 802 333 267 803 330 268 804 253 268 805 334 268 806 254 269 807 332 269 808 249 269 809 335 270 810 246 270 811 322 270 812 327 271 813 255 271 814 328 271 815 269 272 816 348 272 817 349 272 818 257 314 942 320 314 943 256 314 944 259 315 945 322 315 946 323 315 947 261 316 948 324 316 949 260 316 950 257 317 951 323 317 952 321 317 953 261 318 954 326 318 955 325 318 956 256 319 957 326 319 958 262 319 959 260 320 960 327 320 961 263 320 962 265 321 963 328 321 964 329 321 965 267 322 966 330 322 967 266 322 968 268 323 969 333 323 970 332 323 971 265 324 972 331 324 973 267 324 974 269 325 975 334 325 976 333 325 977 270 326 978 330 326 979 334 326 980 268 327 981 335 327 982 271 327 983 271 328 984 322 328 985 258 328 986 264 329 987 327 329 988 328 329 989 347 330 990 344 330 991 345 330 992 260 331 993 341 331 994 261 331 995 267 332 996 345 332 997 265 332 998 257 333 999 339 333 1000 259 333 1001 270 334 1002 349 334 1003 350 334 1004 261 335 1005 342 335 1006 262 335 1007 270 336 1008 346 336 1009 266 336 1010 262 337 1011 336 337 1012 256 337 1013 271 338 1014 348 338 1015 268 338 1016 263 339 1017 340 339 1018 260 339 1019 258 340 1020 351 340 1021 271 340 1022 265 341 1023 344 341 1024 264 341 1025 256 342 1026 337 342 1027 257 342 1028 264 343 1029 343 343 1030 263 343 1031 266 344 1032 347 344 1033 267 344 1034 259 345 1035 338 345 1036 258 345 1037 275 346 1038 346 346 1039 277 346 1040 275 347 1041 343 347 1042 344 347 1043 340 348 1044 342 348 1045 341 348 1046 287 349 1047 343 349 1048 273 349 1049 336 350 1050 287 350 1051 285 350 1052 337 351 1053 338 351 1054 339 351 1055 338 352 1056 285 352 1057 283 352 1058 281 353 1059 338 353 1060 283 353 1061 351 354 1062 349 354 1063 348 354 1064 281 355 1065 350 355 1066 351 355 1067 277 356 1068 350 356 1069 279 356 1070 354 357 1071 438 357 1072 356 357 1073 436 358 1074 359 358 1075 439 358 1076 436 359 1077 354 359 1078 355 359 1079 352 360 1080 433 360 1081 435 360 1082 357 361 1083 433 361 1084 353 361 1085 356 362 1086 432 362 1087 357 362 1088 434 363 1089 352 363 1090 435 363 1091 443 364 1092 364 364 1093 442 364 1094 362 365 1095 440 365 1096 367 365 1097 361 366 1098 445 366 1099 360 366 1100 441 367 1101 363 367 1102 443 367 1103 446 368 1104 360 368 1105 445 368 1106 442 369 1107 365 369 1108 446 369 1109 366 370 1110 444 370 1111 361 370 1112 447 371 1113 358 371 1114 434 371 1115 439 372 1116 367 372 1117 440 372 1118 380 373 1119 461 373 1120 381 373 1121 369 415 1245 432 415 1246 368 415 1247 371 416 1248 434 416 1249 435 416 1250 373 417 1251 436 417 1252 372 417 1253 369 418 1254 435 418 1255 433 418 1256 373 419 1257 438 419 1258 437 419 1259 368 420 1260 438 420 1261 374 420 1262 372 421 1263 439 421 1264 375 421 1265 377 422 1266 440 422 1267 441 422 1268 379 423 1269 442 423 1270 378 423 1271 380 424 1272 445 424 1273 444 424 1274 377 425 1275 443 425 1276 379 425 1277 381 426 1278 446 426 1279 445 426 1280 378 427 1281 446 427 1282 382 427 1283 380 428 1284 447 428 1285 383 428 1286 383 429 1287 434 429 1288 370 429 1289 376 430 1290 439 430 1291 440 430 1292 459 431 1293 456 431 1294 457 431 1295 373 432 1296 452 432 1297 453 432 1298 379 433 1299 457 433 1300 377 433 1301 369 434 1302 451 434 1303 371 434 1304 381 435 1305 462 435 1306 382 435 1307 374 436 1308 453 436 1309 454 436 1310 382 437 1311 458 437 1312 378 437 1313 368 438 1314 454 438 1315 448 438 1316 383 439 1317 460 439 1318 380 439 1319 375 440 1320 452 440 1321 372 440 1322 370 441 1323 463 441 1324 383 441 1325 377 442 1326 456 442 1327 376 442 1328 368 443 1329 449 443 1330 369 443 1331 376 444 1332 455 444 1333 375 444 1334 378 445 1335 459 445 1336 379 445 1337 371 446 1338 450 446 1339 370 446 1340 387 447 1341 458 447 1342 389 447 1343 387 448 1344 455 448 1345 456 448 1346 455 449 1347 453 449 1348 452 449 1349 399 450 1350 455 450 1351 385 450 1352 448 451 1353 399 451 1354 397 451 1355 448 452 1356 451 452 1357 449 452 1358 450 453 1359 397 453 1360 395 453 1361 393 454 1362 450 454 1363 395 454 1364 463 455 1365 461 455 1366 460 455 1367 393 456 1368 462 456 1369 463 456 1370 458 457 1371 391 457 1372 389 457 1373 6 458 1374 354 458 1375 356 458 1376 4 459 1377 250 459 1378 255 459 1379 1 460 1380 249 460 1381 248 460 1382 355 461 1383 354 461 1384 6 461 1385 4 462 1386 7 462 1387 251 462 1388 5 463 1389 6 463 1390 7 463 1391 352 464 1392 0 464 1393 3 464 1394 1 465 1395 2 465 1396 3 465 1397 359 466 1398 355 466 1399 5 466 1400 5 467 1401 4 467 1402 174 467 1403 252 468 1404 251 468 1405 7 468 1406 8 469 1407 7 469 1408 6 469 1409 2 470 1410 9 470 1411 11 470 1412 10 471 1413 34 471 1414 45 471 1415 253 472 1416 9 472 1417 2 472 1418 252 473 1419 8 473 1420 9 473 1421 3 475 1425 11 475 1426 357 475 1427 10 476 1428 356 476 1429 357 476 1430 0 478 1434 185 478 1435 187 478 1436 352 479 1437 358 479 1438 185 479 1439 111 480 1440 109 480 1441 110 480 1442 171 484 1452 18 484 1453 17 484 1454 1 485 1455 187 485 1456 254 485 1457 11 487 1461 66 487 1462 34 487 1463 8 488 1464 45 488 1465 31 488 1466 9 489 1467 31 489 1468 66 489 1469 107 490 1470 109 490 1471 111 490 1472 100 491 1473 169 491 1474 168 491 1475 112 494 1482 110 494 1483 108 494 1484 64 496 1488 35 496 1489 34 496 1490 35 497 1491 75 497 1492 29 497 1493 36 498 1494 46 498 1495 45 498 1496 47 499 1497 30 499 1498 31 499 1499 28 500 1500 65 500 1501 66 500 1502 36 506 1518 38 506 1519 37 506 1520 35 507 1521 37 507 1522 39 507 1523 40 508 1524 38 508 1525 36 508 1526 47 514 1542 49 514 1543 48 514 1544 46 515 1545 48 515 1546 50 515 1547 51 516 1548 49 516 1549 47 516 1550 28 522 1566 57 522 1567 56 522 1568 30 523 1569 56 523 1570 58 523 1571 59 524 1572 57 524 1573 28 524 1574 64 530 1590 68 530 1591 67 530 1592 65 531 1593 67 531 1594 69 531 1595 70 532 1596 68 532 1597 64 532 1598 77 533 1599 29 533 1600 75 533 1601 75 534 1602 78 534 1603 79 534 1604 79 535 1605 33 535 1606 32 535 1607 32 536 1608 76 536 1609 77 536 1610 77 537 1611 75 537 1612 32 537 1613 30 538 1614 32 538 1615 33 538 1616 65 539 1617 79 539 1618 78 539 1619 36 540 1620 29 540 1621 77 540 1622 28 541 1623 33 541 1624 79 541 1625 64 542 1626 78 542 1627 75 542 1628 47 543 1629 76 543 1630 32 543 1631 46 544 1632 77 544 1633 76 544 1634 174 545 1635 168 545 1636 17 545 1637 175 546 1638 102 546 1639 168 546 1640 172 547 1641 17 547 1642 113 547 1643 19 549 1647 112 549 1648 113 549 1649 112 550 1650 179 550 1651 170 550 1652 111 551 1653 101 551 1654 102 551 1655 98 552 1656 94 552 1657 242 552 1658 92 553 1659 362 553 1660 367 553 1661 89 554 1662 361 554 1663 360 554 1664 93 555 1665 243 555 1666 242 555 1667 92 556 1668 95 556 1669 363 556 1670 92 557 1671 93 557 1672 94 557 1673 240 558 1674 88 558 1675 91 558 1676 88 559 1677 89 559 1678 90 559 1679 243 560 1680 93 560 1681 175 560 1682 93 561 1683 92 561 1684 173 561 1685 364 562 1686 363 562 1687 95 562 1688 96 563 1689 95 563 1690 94 563 1691 90 564 1692 97 564 1693 99 564 1694 98 565 1695 122 565 1696 133 565 1697 360 566 1698 365 566 1699 97 566 1700 364 567 1701 96 567 1702 97 567 1703 91 568 1704 99 568 1705 245 568 1706 98 569 1707 244 569 1708 245 569 1709 186 570 1710 184 570 1711 89 570 1712 246 571 1713 186 571 1714 88 571 1715 186 572 1716 246 572 1717 254 572 1718 89 573 1719 184 573 1720 366 573 1721 358 574 1722 366 574 1723 184 574 1724 99 575 1725 154 575 1726 122 575 1727 96 576 1728 133 576 1729 119 576 1730 97 577 1731 119 577 1732 154 577 1733 367 578 1734 359 578 1735 172 578 1736 174 579 1737 255 579 1738 247 579 1739 152 580 1740 123 580 1741 122 580 1742 123 581 1743 163 581 1744 117 581 1745 124 582 1746 134 582 1747 133 582 1748 135 583 1749 118 583 1750 119 583 1751 116 584 1752 153 584 1753 154 584 1754 124 590 1770 126 590 1771 125 590 1772 123 591 1773 125 591 1774 127 591 1775 128 592 1776 126 592 1777 124 592 1778 135 598 1794 137 598 1795 136 598 1796 134 599 1797 136 599 1798 138 599 1799 139 600 1800 137 600 1801 135 600 1802 116 606 1818 145 606 1819 144 606 1820 118 607 1821 144 607 1822 146 607 1823 147 608 1824 145 608 1825 116 608 1826 152 614 1842 156 614 1843 155 614 1844 153 615 1845 155 615 1846 157 615 1847 158 616 1848 156 616 1849 152 616 1850 165 617 1851 117 617 1852 163 617 1853 163 618 1854 166 618 1855 167 618 1856 167 619 1857 121 619 1858 120 619 1859 120 620 1860 164 620 1861 165 620 1862 165 621 1863 163 621 1864 120 621 1865 118 622 1866 120 622 1867 121 622 1868 153 623 1869 167 623 1870 166 623 1871 124 624 1872 117 624 1873 165 624 1874 116 625 1875 121 625 1876 167 625 1877 152 626 1878 166 626 1879 163 626 1880 135 627 1881 164 627 1882 120 627 1883 134 628 1884 165 628 1885 164 628 1886 173 629 1887 113 629 1888 102 629 1889 86 630 1890 87 630 1891 101 630 1892 101 631 1893 87 631 1894 85 631 1895 84 632 1896 86 632 1897 100 632 1898 171 638 1914 26 638 1915 27 638 1916 169 639 1917 27 639 1918 25 639 1919 24 640 1920 26 640 1921 171 640 1922 19 646 1938 15 646 1939 16 646 1940 18 647 1941 16 647 1942 14 647 1943 13 648 1944 15 648 1945 19 648 1946 181 649 1947 170 649 1948 179 649 1949 179 650 1950 182 650 1951 183 650 1952 183 651 1953 114 651 1954 115 651 1955 115 652 1956 180 652 1957 181 652 1958 181 653 1959 179 653 1960 183 653 1961 169 654 1962 115 654 1963 114 654 1964 18 655 1965 183 655 1966 182 655 1967 111 656 1968 170 656 1969 181 656 1970 171 657 1971 114 657 1972 183 657 1973 19 658 1974 182 658 1975 179 658 1976 100 659 1977 180 659 1978 115 659 1979 101 660 1980 181 660 1981 180 660 1982 186 661 1983 194 661 1984 205 661 1985 187 662 1986 226 662 1987 194 662 1988 184 663 1989 205 663 1990 191 663 1991 185 664 1992 191 664 1993 226 664 1994 224 665 1995 195 665 1996 194 665 1997 195 666 1998 235 666 1999 189 666 2000 194 667 2001 196 667 2002 206 667 2003 205 668 2004 207 668 2005 190 668 2006 188 669 2007 225 669 2008 226 669 2009 196 675 2025 198 675 2026 197 675 2027 195 676 2028 197 676 2029 199 676 2030 200 677 2031 198 677 2032 196 677 2033 207 683 2049 209 683 2050 208 683 2051 206 684 2052 208 684 2053 210 684 2054 211 685 2055 209 685 2056 207 685 2057 217 691 2073 216 691 2074 190 691 2075 190 692 2076 216 692 2077 218 692 2078 219 693 2079 217 693 2080 188 693 2081 224 699 2097 228 699 2098 227 699 2099 225 700 2100 227 700 2101 229 700 2102 230 701 2103 228 701 2104 224 701 2105 237 702 2106 189 702 2107 235 702 2108 235 703 2109 238 703 2110 239 703 2111 239 704 2112 193 704 2113 192 704 2114 192 705 2115 236 705 2116 237 705 2117 237 706 2118 235 706 2119 239 706 2120 190 707 2121 192 707 2122 193 707 2123 225 708 2124 239 708 2125 238 708 2126 196 709 2127 189 709 2128 237 709 2129 188 710 2130 193 710 2131 239 710 2132 195 711 2133 224 711 2134 238 711 2135 190 712 2136 207 712 2137 236 712 2138 207 713 2139 206 713 2140 237 713 2141 242 714 2142 325 714 2143 326 714 2144 324 715 2145 243 715 2146 247 715 2147 243 716 2148 324 716 2149 325 716 2150 323 717 2151 240 717 2152 241 717 2153 245 718 2154 320 718 2155 321 718 2156 244 719 2157 326 719 2158 320 719 2159 322 720 2160 246 720 2161 240 720 2162 331 721 2163 251 721 2164 252 721 2165 250 722 2166 329 722 2167 328 722 2168 332 723 2169 333 723 2170 248 723 2171 250 724 2172 251 724 2173 331 724 2174 334 725 2175 253 725 2176 248 725 2177 330 726 2178 252 726 2179 253 726 2180 254 727 2181 335 727 2182 332 727 2183 335 728 2184 254 728 2185 246 728 2186 327 729 2187 247 729 2188 255 729 2189 269 730 2190 268 730 2191 348 730 2192 257 776 2328 321 776 2329 320 776 2330 259 777 2331 258 777 2332 322 777 2333 261 778 2334 325 778 2335 324 778 2336 257 779 2337 259 779 2338 323 779 2339 261 780 2340 262 780 2341 326 780 2342 256 781 2343 320 781 2344 326 781 2345 260 782 2346 324 782 2347 327 782 2348 265 783 2349 264 783 2350 328 783 2351 267 784 2352 331 784 2353 330 784 2354 268 785 2355 269 785 2356 333 785 2357 265 786 2358 329 786 2359 331 786 2360 269 787 2361 270 787 2362 334 787 2363 270 788 2364 266 788 2365 330 788 2366 268 789 2367 332 789 2368 335 789 2369 271 790 2370 335 790 2371 322 790 2372 264 791 2373 263 791 2374 327 791 2375 347 792 2376 346 792 2377 344 792 2378 260 793 2379 340 793 2380 341 793 2381 267 794 2382 347 794 2383 345 794 2384 257 795 2385 337 795 2386 339 795 2387 270 796 2388 269 796 2389 349 796 2390 261 797 2391 341 797 2392 342 797 2393 270 798 2394 350 798 2395 346 798 2396 262 799 2397 342 799 2398 336 799 2399 271 800 2400 351 800 2401 348 800 2402 263 801 2403 343 801 2404 340 801 2405 258 802 2406 338 802 2407 351 802 2408 265 803 2409 345 803 2410 344 803 2411 256 804 2412 336 804 2413 337 804 2414 264 805 2415 344 805 2416 343 805 2417 266 806 2418 346 806 2419 347 806 2420 259 807 2421 339 807 2422 338 807 2423 275 808 2424 344 808 2425 346 808 2426 275 809 2427 273 809 2428 343 809 2429 340 810 2430 343 810 2431 342 810 2432 287 811 2433 342 811 2434 343 811 2435 336 812 2436 342 812 2437 287 812 2438 337 813 2439 336 813 2440 338 813 2441 338 814 2442 336 814 2443 285 814 2444 281 815 2445 351 815 2446 338 815 2447 351 816 2448 350 816 2449 349 816 2450 281 817 2451 279 817 2452 350 817 2453 277 818 2454 346 818 2455 350 818 2456 354 819 2457 437 819 2458 438 819 2459 436 820 2460 355 820 2461 359 820 2462 436 821 2463 437 821 2464 354 821 2465 352 822 2466 353 822 2467 433 822 2468 357 823 2469 432 823 2470 433 823 2471 356 824 2472 438 824 2473 432 824 2474 434 825 2475 358 825 2476 352 825 2477 443 826 2478 363 826 2479 364 826 2480 362 827 2481 441 827 2482 440 827 2483 361 828 2484 444 828 2485 445 828 2486 441 829 2487 362 829 2488 363 829 2489 446 830 2490 365 830 2491 360 830 2492 442 831 2493 364 831 2494 365 831 2495 366 832 2496 447 832 2497 444 832 2498 447 833 2499 366 833 2500 358 833 2501 439 834 2502 359 834 2503 367 834 2504 380 835 2505 460 835 2506 461 835 2507 369 881 2643 433 881 2644 432 881 2645 371 882 2646 370 882 2647 434 882 2648 373 883 2649 437 883 2650 436 883 2651 369 884 2652 371 884 2653 435 884 2654 373 885 2655 374 885 2656 438 885 2657 368 886 2658 432 886 2659 438 886 2660 372 887 2661 436 887 2662 439 887 2663 377 888 2664 376 888 2665 440 888 2666 379 889 2667 443 889 2668 442 889 2669 380 890 2670 381 890 2671 445 890 2672 377 891 2673 441 891 2674 443 891 2675 381 892 2676 382 892 2677 446 892 2678 378 893 2679 442 893 2680 446 893 2681 380 894 2682 444 894 2683 447 894 2684 383 895 2685 447 895 2686 434 895 2687 376 896 2688 375 896 2689 439 896 2690 459 897 2691 458 897 2692 456 897 2693 373 898 2694 372 898 2695 452 898 2696 379 899 2697 459 899 2698 457 899 2699 369 900 2700 449 900 2701 451 900 2702 381 901 2703 461 901 2704 462 901 2705 374 902 2706 373 902 2707 453 902 2708 382 903 2709 462 903 2710 458 903 2711 368 904 2712 374 904 2713 454 904 2714 383 905 2715 463 905 2716 460 905 2717 375 906 2718 455 906 2719 452 906 2720 370 907 2721 450 907 2722 463 907 2723 377 908 2724 457 908 2725 456 908 2726 368 909 2727 448 909 2728 449 909 2729 376 910 2730 456 910 2731 455 910 2732 378 911 2733 458 911 2734 459 911 2735 371 912 2736 451 912 2737 450 912 2738 387 913 2739 456 913 2740 458 913 2741 387 914 2742 385 914 2743 455 914 2744 455 915 2745 454 915 2746 453 915 2747 399 916 2748 454 916 2749 455 916 2750 448 917 2751 454 917 2752 399 917 2753 448 918 2754 450 918 2755 451 918 2756 450 919 2757 448 919 2758 397 919 2759 393 920 2760 463 920 2761 450 920 2762 463 921 2763 462 921 2764 461 921 2765 393 922 2766 391 922 2767 462 922 2768 458 923 2769 462 923 2770 391 923 2771</p>
        </triangles>
        <triangles material="lightgray-material" count="332">
          <input semantic="VERTEX" source="#Cube-mesh-vertices" offset="0"/>
          <input semantic="NORMAL" source="#Cube-mesh-normals" offset="1"/>
          <input semantic="TEXCOORD" source="#Cube-mesh-map-0" offset="2" set="0"/>
          <p>81 16 48 82 16 49 80 16 50 87 19 57 81 19 58 85 19 59 104 23 69 107 23 70 108 23 71 105 24 72 107 24 73 103 24 74 110 25 75 104 25 76 108 25 77 81 28 84 84 28 85 85 28 86 110 34 102 105 34 103 106 34 104 104 36 108 105 36 109 103 36 110 82 38 114 84 38 115 80 38 116 43 44 132 40 44 133 39 44 134 43 45 135 42 45 136 44 45 137 37 46 138 42 46 139 41 46 140 37 47 141 43 47 142 39 47 143 42 48 144 40 48 145 44 48 146 54 53 159 51 53 160 50 53 161 54 54 162 53 54 163 55 54 164 48 55 165 53 55 166 52 55 167 48 56 168 54 56 169 50 56 170 53 57 171 51 57 172 55 57 173 62 62 186 59 62 187 58 62 188 62 63 189 61 63 190 63 63 191 56 64 192 61 64 193 60 64 194 56 65 195 62 65 196 58 65 197 61 66 198 59 66 199 63 66 200 73 71 213 70 71 214 69 71 215 73 72 216 72 72 217 74 72 218 67 73 219 72 73 220 71 73 221 67 74 222 73 74 223 69 74 224 72 75 225 70 75 226 74 75 227 83 91 273 86 91 274 82 91 275 131 128 384 128 128 385 127 128 386 131 129 387 130 129 388 132 129 389 125 130 390 130 130 391 129 130 392 125 131 393 131 131 394 127 131 395 130 132 396 128 132 397 132 132 398 142 137 411 139 137 412 138 137 413 142 138 414 141 138 415 143 138 416 136 139 417 141 139 418 140 139 419 136 140 420 142 140 421 138 140 422 141 141 423 139 141 424 143 141 425 150 146 438 147 146 439 146 146 440 150 147 441 149 147 442 151 147 443 144 148 444 149 148 445 148 148 446 144 149 447 150 149 448 146 149 449 149 150 450 147 150 451 151 150 452 161 155 465 158 155 466 157 155 467 161 156 468 160 156 469 162 156 470 155 157 471 160 157 472 159 157 473 155 158 474 161 158 475 157 158 476 160 159 477 158 159 478 162 159 479 21 177 531 24 177 532 25 177 533 21 178 534 22 178 535 20 178 536 27 179 537 22 179 538 23 179 539 27 180 540 21 180 541 25 180 542 22 181 543 24 181 544 20 181 545 177 186 558 13 186 559 14 186 560 177 187 561 176 187 562 178 187 563 16 188 564 176 188 565 12 188 566 16 189 567 177 189 568 14 189 569 176 190 570 13 190 571 178 190 572 203 212 636 200 212 637 199 212 638 203 213 639 202 213 640 204 213 641 197 214 642 202 214 643 201 214 644 197 215 645 203 215 646 199 215 647 202 216 648 200 216 649 204 216 650 214 221 663 211 221 664 210 221 665 214 222 666 213 222 667 215 222 668 212 223 669 209 223 670 213 223 671 210 224 672 212 224 673 214 224 674 213 225 675 211 225 676 215 225 677 222 230 690 219 230 691 218 230 692 222 231 693 221 231 694 223 231 695 220 232 696 217 232 697 221 232 698 216 233 699 222 233 700 218 233 701 223 234 702 217 234 703 219 234 704 229 239 717 234 239 718 230 239 719 233 240 720 232 240 721 234 240 722 231 241 723 228 241 724 232 241 725 229 242 726 231 242 727 233 242 728 234 243 729 228 243 730 230 243 731 273 273 819 289 273 820 288 273 821 275 274 822 290 274 823 289 274 824 277 275 825 291 275 826 290 275 827 279 276 828 292 276 829 291 276 830 281 277 831 293 277 832 292 277 833 283 278 834 294 278 835 293 278 836 285 279 837 295 279 838 294 279 839 295 280 840 273 280 841 288 280 842 278 281 843 282 281 844 286 281 845 296 282 846 289 282 847 297 282 848 297 283 849 290 283 850 298 283 851 298 284 852 291 284 853 299 284 854 300 285 855 291 285 856 292 285 857 300 286 858 293 286 859 301 286 860 301 287 861 294 287 862 302 287 863 302 288 864 295 288 865 303 288 866 303 289 867 288 289 868 296 289 869 276 290 870 315 290 871 278 290 872 300 291 873 307 291 874 299 291 875 274 292 876 314 292 877 276 292 878 299 293 879 306 293 880 298 293 881 274 294 882 312 294 883 313 294 884 298 295 885 305 295 886 297 295 887 286 296 888 312 296 889 272 296 890 297 297 891 304 297 892 296 297 893 312 298 894 305 298 895 313 298 896 313 299 897 306 299 898 314 299 899 314 300 900 307 300 901 315 300 902 316 301 903 307 301 904 308 301 905 316 302 906 309 302 907 317 302 908 317 303 909 310 303 910 318 303 911 319 304 912 310 304 913 311 304 914 312 305 915 311 305 916 304 305 917 301 306 918 308 306 919 300 306 920 278 307 921 316 307 922 280 307 923 302 308 924 309 308 925 301 308 926 280 309 927 317 309 928 282 309 929 303 310 930 310 310 931 302 310 932 282 311 933 318 311 934 284 311 935 296 312 936 311 312 937 303 312 938 284 313 939 319 313 940 286 313 941 385 374 1122 401 374 1123 400 374 1124 387 375 1125 402 375 1126 401 375 1127 389 376 1128 403 376 1129 402 376 1130 391 377 1131 404 377 1132 403 377 1133 393 378 1134 405 378 1135 404 378 1136 405 379 1137 397 379 1138 406 379 1139 406 380 1140 399 380 1141 407 380 1142 407 381 1143 385 381 1144 400 381 1145 390 382 1146 394 382 1147 398 382 1148 408 383 1149 401 383 1150 409 383 1151 409 384 1152 402 384 1153 410 384 1154 411 385 1155 402 385 1156 403 385 1157 412 386 1158 403 386 1159 404 386 1160 412 387 1161 405 387 1162 413 387 1163 413 388 1164 406 388 1165 414 388 1166 415 389 1167 406 389 1168 407 389 1169 408 390 1170 407 390 1171 400 390 1172 388 391 1173 427 391 1174 390 391 1175 412 392 1176 419 392 1177 411 392 1178 388 393 1179 425 393 1180 426 393 1181 411 394 1182 418 394 1183 410 394 1184 386 395 1185 424 395 1186 425 395 1187 409 396 1188 418 396 1189 417 396 1190 384 397 1191 431 397 1192 424 397 1193 409 398 1194 416 398 1195 408 398 1196 424 399 1197 417 399 1198 425 399 1199 425 400 1200 418 400 1201 426 400 1202 426 401 1203 419 401 1204 427 401 1205 428 402 1206 419 402 1207 420 402 1208 428 403 1209 421 403 1210 429 403 1211 429 404 1212 422 404 1213 430 404 1214 430 405 1215 423 405 1216 431 405 1217 424 406 1218 423 406 1219 416 406 1220 413 407 1221 420 407 1222 412 407 1223 390 408 1224 428 408 1225 392 408 1226 414 409 1227 421 409 1228 413 409 1229 392 410 1230 429 410 1231 394 410 1232 415 411 1233 422 411 1234 414 411 1235 394 412 1236 430 412 1237 396 412 1238 408 413 1239 423 413 1240 415 413 1241 396 414 1242 431 414 1243 398 414 1244 81 474 1422 83 474 1423 82 474 1424 87 477 1431 83 477 1432 81 477 1433 104 481 1443 103 481 1444 107 481 1445 105 482 1446 109 482 1447 107 482 1448 110 483 1449 106 483 1450 104 483 1451 81 486 1458 80 486 1459 84 486 1460 110 492 1476 109 492 1477 105 492 1478 104 493 1479 106 493 1480 105 493 1481 82 495 1485 86 495 1486 84 495 1487 43 501 1503 44 501 1504 40 501 1505 43 502 1506 41 502 1507 42 502 1508 37 503 1509 38 503 1510 42 503 1511 37 504 1512 41 504 1513 43 504 1514 42 505 1515 38 505 1516 40 505 1517 54 509 1527 55 509 1528 51 509 1529 54 510 1530 52 510 1531 53 510 1532 48 511 1533 49 511 1534 53 511 1535 48 512 1536 52 512 1537 54 512 1538 53 513 1539 49 513 1540 51 513 1541 62 517 1551 63 517 1552 59 517 1553 62 518 1554 60 518 1555 61 518 1556 56 519 1557 57 519 1558 61 519 1559 56 520 1560 60 520 1561 62 520 1562 61 521 1563 57 521 1564 59 521 1565 73 525 1575 74 525 1576 70 525 1577 73 526 1578 71 526 1579 72 526 1580 67 527 1581 68 527 1582 72 527 1583 67 528 1584 71 528 1585 73 528 1586 72 529 1587 68 529 1588 70 529 1589 83 548 1644 87 548 1645 86 548 1646 131 585 1755 132 585 1756 128 585 1757 131 586 1758 129 586 1759 130 586 1760 125 587 1761 126 587 1762 130 587 1763 125 588 1764 129 588 1765 131 588 1766 130 589 1767 126 589 1768 128 589 1769 142 593 1779 143 593 1780 139 593 1781 142 594 1782 140 594 1783 141 594 1784 136 595 1785 137 595 1786 141 595 1787 136 596 1788 140 596 1789 142 596 1790 141 597 1791 137 597 1792 139 597 1793 150 601 1803 151 601 1804 147 601 1805 150 602 1806 148 602 1807 149 602 1808 144 603 1809 145 603 1810 149 603 1811 144 604 1812 148 604 1813 150 604 1814 149 605 1815 145 605 1816 147 605 1817 161 609 1827 162 609 1828 158 609 1829 161 610 1830 159 610 1831 160 610 1832 155 611 1833 156 611 1834 160 611 1835 155 612 1836 159 612 1837 161 612 1838 160 613 1839 156 613 1840 158 613 1841 21 633 1899 20 633 1900 24 633 1901 21 634 1902 23 634 1903 22 634 1904 27 635 1905 26 635 1906 22 635 1907 27 636 1908 23 636 1909 21 636 1910 22 637 1911 26 637 1912 24 637 1913 177 641 1923 178 641 1924 13 641 1925 177 642 1926 12 642 1927 176 642 1928 16 643 1929 15 643 1930 176 643 1931 16 644 1932 12 644 1933 177 644 1934 176 645 1935 15 645 1936 13 645 1937 203 670 2010 204 670 2011 200 670 2012 203 671 2013 201 671 2014 202 671 2015 197 672 2016 198 672 2017 202 672 2018 197 673 2019 201 673 2020 203 673 2021 202 674 2022 198 674 2023 200 674 2024 214 678 2034 215 678 2035 211 678 2036 214 679 2037 212 679 2038 213 679 2039 212 680 2040 208 680 2041 209 680 2042 210 681 2043 208 681 2044 212 681 2045 213 682 2046 209 682 2047 211 682 2048 222 686 2058 223 686 2059 219 686 2060 222 687 2061 220 687 2062 221 687 2063 220 688 2064 216 688 2065 217 688 2066 216 689 2067 220 689 2068 222 689 2069 223 690 2070 221 690 2071 217 690 2072 229 694 2082 233 694 2083 234 694 2084 233 695 2085 231 695 2086 232 695 2087 231 696 2088 227 696 2089 228 696 2090 229 697 2091 227 697 2092 231 697 2093 234 698 2094 232 698 2095 228 698 2096 273 731 2193 275 731 2194 289 731 2195 275 732 2196 277 732 2197 290 732 2198 277 733 2199 279 733 2200 291 733 2201 279 734 2202 281 734 2203 292 734 2204 281 735 2205 283 735 2206 293 735 2207 283 736 2208 285 736 2209 294 736 2210 285 737 2211 287 737 2212 295 737 2213 295 738 2214 287 738 2215 273 738 2216 286 739 2217 272 739 2218 274 739 2219 274 740 2220 276 740 2221 278 740 2222 278 741 2223 280 741 2224 282 741 2225 282 742 2226 284 742 2227 286 742 2228 286 743 2229 274 743 2230 278 743 2231 296 744 2232 288 744 2233 289 744 2234 297 745 2235 289 745 2236 290 745 2237 298 746 2238 290 746 2239 291 746 2240 300 747 2241 299 747 2242 291 747 2243 300 748 2244 292 748 2245 293 748 2246 301 749 2247 293 749 2248 294 749 2249 302 750 2250 294 750 2251 295 750 2252 303 751 2253 295 751 2254 288 751 2255 276 752 2256 314 752 2257 315 752 2258 300 753 2259 308 753 2260 307 753 2261 274 754 2262 313 754 2263 314 754 2264 299 755 2265 307 755 2266 306 755 2267 274 756 2268 272 756 2269 312 756 2270 298 757 2271 306 757 2272 305 757 2273 286 758 2274 319 758 2275 312 758 2276 297 759 2277 305 759 2278 304 759 2279 312 760 2280 304 760 2281 305 760 2282 313 761 2283 305 761 2284 306 761 2285 314 762 2286 306 762 2287 307 762 2288 316 763 2289 315 763 2290 307 763 2291 316 764 2292 308 764 2293 309 764 2294 317 765 2295 309 765 2296 310 765 2297 319 766 2298 318 766 2299 310 766 2300 312 767 2301 319 767 2302 311 767 2303 301 768 2304 309 768 2305 308 768 2306 278 769 2307 315 769 2308 316 769 2309 302 770 2310 310 770 2311 309 770 2312 280 771 2313 316 771 2314 317 771 2315 303 772 2316 311 772 2317 310 772 2318 282 773 2319 317 773 2320 318 773 2321 296 774 2322 304 774 2323 311 774 2324 284 775 2325 318 775 2326 319 775 2327 385 836 2508 387 836 2509 401 836 2510 387 837 2511 389 837 2512 402 837 2513 389 838 2514 391 838 2515 403 838 2516 391 839 2517 393 839 2518 404 839 2519 393 840 2520 395 840 2521 405 840 2522 405 841 2523 395 841 2524 397 841 2525 406 842 2526 397 842 2527 399 842 2528 407 843 2529 399 843 2530 385 843 2531 398 844 2532 384 844 2533 386 844 2534 386 845 2535 388 845 2536 390 845 2537 390 846 2538 392 846 2539 394 846 2540 394 847 2541 396 847 2542 398 847 2543 398 848 2544 386 848 2545 390 848 2546 408 849 2547 400 849 2548 401 849 2549 409 850 2550 401 850 2551 402 850 2552 411 851 2553 410 851 2554 402 851 2555 412 852 2556 411 852 2557 403 852 2558 412 853 2559 404 853 2560 405 853 2561 413 854 2562 405 854 2563 406 854 2564 415 855 2565 414 855 2566 406 855 2567 408 856 2568 415 856 2569 407 856 2570 388 857 2571 426 857 2572 427 857 2573 412 858 2574 420 858 2575 419 858 2576 388 859 2577 386 859 2578 425 859 2579 411 860 2580 419 860 2581 418 860 2582 386 861 2583 384 861 2584 424 861 2585 409 862 2586 410 862 2587 418 862 2588 384 863 2589 398 863 2590 431 863 2591 409 864 2592 417 864 2593 416 864 2594 424 865 2595 416 865 2596 417 865 2597 425 866 2598 417 866 2599 418 866 2600 426 867 2601 418 867 2602 419 867 2603 428 868 2604 427 868 2605 419 868 2606 428 869 2607 420 869 2608 421 869 2609 429 870 2610 421 870 2611 422 870 2612 430 871 2613 422 871 2614 423 871 2615 424 872 2616 431 872 2617 423 872 2618 413 873 2619 421 873 2620 420 873 2621 390 874 2622 427 874 2623 428 874 2624 414 875 2625 422 875 2626 421 875 2627 392 876 2628 428 876 2629 429 876 2630 415 877 2631 423 877 2632 422 877 2633 394 878 2634 429 878 2635 430 878 2636 408 879 2637 416 879 2638 423 879 2639 396 880 2640 430 880 2641 431 880 2642</p>
        </triangles>
      </mesh>
    </geometry>
  </library_geometries>
  <library_visual_scenes>
    <visual_scene id="Scene" name="Scene">
      <node id="Cube" name="Cube" type="NODE">
        <matrix sid="transform">1 0 0 0 0 1 0 0 0 0 1 0 0 0 0 1</matrix>
        <instance_geometry url="#Cube-mesh" name="Cube">
          <bind_material>
            <technique_common>
              <instance_material symbol="paintable-0-material" target="#paintable-0-material">
                <bind_vertex_input semantic="UVMap" input_semantic="TEXCOORD" input_set="0"/>
              </instance_material>
              <instance_material symbol="paintable-1-material" target="#paintable-1-material">
                <bind_vertex_input semantic="UVMap" input_semantic="TEXCOORD" input_set="0"/>
              </instance_material>
              <instance_material symbol="lightgray-material" target="#lightgray-material">
                <bind_vertex_input semantic="UVMap" input_semantic="TEXCOORD" input_set="0"/>
              </instance_material>
            </technique_common>
          </bind_material>
        </instance_geometry>
      </node>
    </visual_scene>
  </library_visual_scenes>
  <scene>
    <instance_visual_scene url="#Scene"/>
  </scene>
</COLLADA>