<?xml version="1.0" encoding="utf-8"?>
<COLLADA xmlns="http://www.collada.org/2005/11/COLLADASchema" version="1.4.1" xmlns:xsi="http://www.w3.org/2001/XMLSchema-instance">
  <asset>
    <contributor>
      <author>Blender User</author>
      <authoring_tool>Blender 4.2.23 LTS commit date:2026-07-20, commit time:13:44, hash:d0cbe84903e8</authoring_tool>
    </contributor>
    <created>2026-08-05T16:36:20</created>
    <modified>2026-08-05T16:36:20</modified>
    <unit name="meter" meter="1"/>
    <up_axis>Z_UP</up_axis>
  </asset>
  <library_effects>
    <effect id="paintable-0-effect">
      <profile_COMMON>
        <technique sid="common">
          <lambert>
            <emission>
              <color sid="emission">0 0 0 1</color>
            </emission>
            <diffuse>
              <color sid="diffuse">1 0.4969335 0 1</color>
            </diffuse>
            <index_of_refraction>
              <float sid="ior">1.45</float>
            </index_of_refraction>
          </lambert>
        </technique>
      </profile_COMMON>
    </effect>
    <effect id="paintable-1-effect">
      <profile_COMMON>
        <technique sid="common">
          <lambert>
            <emission>
              <color sid="emission">0 0 0 1</color>
            </emission>
            <diffuse>
              <color sid="diffuse">0.6104922 0.4910214 0 1</color>
            </diffuse>
            <index_of_refraction>
              <float sid="ior">1.5</float>
            </index_of_refraction>
          </lambert>
        </technique>
      </profile_COMMON>
    </effect>
    <effect id="lightgrey-effect">
      <profile_COMMON>
        <technique sid="common">
          <lambert>
            <emission>
              <color sid="emission">0 0 0 1</color>
            </emission>
            <diffuse>
              <color sid="diffuse">0.7835327 0.7835385 0.7835382 1</color>
            </diffuse>
            <index_of_refraction>
              <float sid="ior">1.5</float>
            </index_of_refraction>
          </lambert>
        </technique>
      </profile_COMMON>
    </effect>
    <effect id="darkgrey-effect">
      <profile_COMMON>
        <technique sid="common">
          <lambert>
            <emission>
              <color sid="emission">0 0 0 1</color>
            </emission>
            <diffuse>
              <color sid="diffuse">0.3371614 0.3371639 0.3371637 1</color>
            </diffuse>
            <index_of_refraction>
              <float sid="ior">1.5</float>
            </index_of_refraction>
          </lambert>
        </technique>
      </profile_COMMON>
    </effect>
  </library_effects>
  <library_images/>
  <library_materials>
    <material id="paintable-0-material" name="paintable-0">
      <instance_effect url="#paintable-0-effect"/>
    </material>
    <material id="paintable-1-material" name="paintable-1">
      <instance_effect url="#paintable-1-effect"/>
    </material>
    <material id="lightgrey-material" name="lightgrey">
      <instance_effect url="#lightgrey-effect"/>
    </material>
    <material id="darkgrey-material" name="darkgrey">
      <instance_effect url="#darkgrey-effect"/>
    </material>
  </library_materials>
  <library_geometries>
    <geometry id="Cube-mesh" name="Cube">
      <mesh>
        <source id="Cube-mesh-positions">
          <float_array id="Cube-mesh-positions-array" count="1524">0.06499993 0.07499992 0.1299999 0.05499994 -0.06499999 -0.125 0.06499999 -0.055 -0.125 0.06499999 -0.06 -0.125 0.05999994 -0.06499999 -0.125 0.06499999 -0.06999999 -0.125 0.06999999 -0.06499999 -0.125 0.06499999 0.055 -0.125 0.05499994 0.06499999 -0.125 0.05999994 0.06499999 -0.125 0.06499999 0.06 -0.125 0.06999999 0.06499999 -0.125 0.06499999 0.06999999 -0.125 -0.055 0.06499999 -0.125 -0.06499999 0.055 -0.125 -0.06499999 0.06 -0.125 -0.06 0.06499999 -0.125 -0.06499999 0.06999999 -0.125 -0.06999999 0.06499999 -0.125 -0.06499999 -0.05499994 -0.125 -0.055 -0.06499993 -0.125 -0.06 -0.06499993 -0.125 -0.06499999 -0.05999994 -0.125 -0.06999999 -0.06499993 -0.125 -0.06499999 -0.06999999 -0.125 0.06499999 -0.055 -0.12 0.05499994 -0.06499999 -0.12 0.05499994 0.06499999 -0.12 0.06499999 0.055 -0.12 -0.06499999 0.055 -0.12 -0.055 0.06499999 -0.12 -0.055 -0.06499993 -0.12 -0.06499999 -0.05499994 -0.12 0.05999994 -0.06499999 -0.105 0.06499999 -0.06 -0.105 0.06499999 -0.06999999 -0.105 0.06999999 -0.06499999 -0.105 0.06499999 0.06 -0.105 0.05999994 0.06499999 -0.105 0.06999999 0.06499999 -0.105 0.06499999 0.06999999 -0.105 -0.06 0.06499999 -0.105 -0.06499999 0.06 -0.105 -0.06499999 0.06999999 -0.105 -0.06999999 0.06499999 -0.105 -0.06499999 -0.05999994 -0.105 -0.06 -0.06499993 -0.105 -0.06999999 -0.06499993 -0.105 -0.06499999 -0.06999999 -0.105 0.07499998 0.06499993 0.1299999 0.08499997 -0.08499997 -0.125 0.08499997 0.08499997 -0.125 -0.07499998 -0.1299999 -0.06499999 -0.06499999 -0.1299999 -0.07499998 -0.06499999 -0.1299999 0.07499992 -0.07499998 -0.1299999 0.06499999 -0.06499999 -0.125 -0.07499998 -0.07499998 -0.125 -0.06499999 -0.07499998 -0.125 0.06499999 -0.06499999 -0.125 0.07499992 0.06499999 -0.1299999 -0.07499998 0.07499998 -0.1299999 -0.06499999 0.07499998 -0.1299999 0.06499993 0.06499999 -0.1299999 0.07499992 0.07499998 -0.125 -0.06499999 0.06499999 -0.125 -0.07499998 0.06499999 -0.125 0.07499992 0.07499998 -0.125 0.06499993 -0.07207101 -0.1349999 0.06499999 -0.06499999 -0.1349999 0.07207107 -0.07207101 -0.1299999 0.06499999 -0.06499999 -0.1299999 0.07207107 -0.06499999 -0.1349999 0.05792886 -0.05792891 -0.1349999 0.06499999 -0.06499999 -0.1299999 0.05792886 -0.05792891 -0.1299999 0.06499999 0.05792891 -0.1349999 0.06499993 0.06499993 -0.1349999 0.07207107 0.05792891 -0.1299999 0.06499993 0.06499993 -0.1299999 0.07207107 0.06499993 -0.1349999 0.05792891 0.07207107 -0.1349999 0.06499999 0.06499993 -0.1299999 0.05792891 0.07207107 -0.1299999 0.06499999 -0.05792891 -0.1299999 -0.06499999 -0.06499993 -0.1299999 -0.07207107 -0.05792891 -0.1349999 -0.06499999 -0.06499993 -0.1349999 -0.07207107 -0.06499999 -0.1299999 -0.05792891 -0.07207101 -0.1299999 -0.06499999 -0.06499999 -0.1349999 -0.05792891 -0.07207101 -0.1349999 -0.06499999 0.05792891 -0.1349999 -0.06499999 0.06499999 -0.1349999 -0.05792891 0.05792891 -0.1299999 -0.06499999 0.06499999 -0.1299999 -0.05792891 0.06499999 -0.1349999 -0.07207107 0.07207101 -0.1349999 -0.06499999 0.06499999 -0.1299999 -0.07207107 0.07207101 -0.1299999 -0.06499999 -0.04121321 -0.1299999 0.05000001 -0.04121321 -0.1349999 0.05000001 -0.02878677 -0.1299999 0.05000001 -0.02878677 -0.1349999 0.05000001 -0.01999998 -0.1299999 0.04121321 -0.01999998 -0.1349999 0.04121321 -0.01999998 -0.1299999 0.02878683 -0.01999998 -0.1349999 0.02878683 -0.02878677 -0.1299999 0.01999998 -0.02878677 -0.1349999 0.01999998 -0.04121321 -0.1299999 0.01999998 -0.04121321 -0.1349999 0.01999998 -0.05000001 -0.1299999 0.02878683 -0.05000001 -0.1349999 0.02878683 -0.04999995 -0.1299999 0.04121321 -0.04999995 -0.1349999 0.04121321 0.02878677 -0.1299999 0.05000001 0.02878677 -0.1349999 0.05000001 0.04121315 -0.1299999 0.05000001 0.04121315 -0.1349999 0.05000001 0.05000001 -0.1299999 0.04121321 0.05000001 -0.1349999 0.04121321 0.05000001 -0.1299999 0.02878683 0.05000001 -0.1349999 0.02878683 0.04121315 -0.1299999 0.01999998 0.04121315 -0.1349999 0.01999998 0.02878677 -0.1299999 0.01999998 0.02878677 -0.1349999 0.01999998 0.01999998 -0.1299999 0.02878683 0.01999998 -0.1349999 0.02878683 0.01999998 -0.1299999 0.04121321 0.01999998 -0.1349999 0.04121321 -0.04121315 -0.1299999 -0.01999998 -0.04121315 -0.1349999 -0.01999998 -0.02878677 -0.1299999 -0.01999992 -0.02878677 -0.1349999 -0.01999992 -0.01999998 -0.1299999 -0.02878671 -0.01999998 -0.1349999 -0.02878671 -0.01999998 -0.1299999 -0.04121315 -0.01999998 -0.1349999 -0.04121315 -0.02878677 -0.1299999 -0.04999995 -0.02878677 -0.1349999 -0.04999995 -0.04121315 -0.1299999 -0.04999995 -0.04121315 -0.1349999 -0.04999995 -0.05000001 -0.1299999 -0.04121315 -0.05000001 -0.1349999 -0.04121315 -0.04999995 -0.1299999 -0.02878671 -0.04999995 -0.1349999 -0.02878671 0.02878677 -0.1299999 -0.01999992 0.02878677 -0.1349999 -0.01999992 0.04121315 -0.1299999 -0.01999992 0.04121315 -0.1349999 -0.01999992 0.05000001 -0.1299999 -0.02878671 0.05000001 -0.1349999 -0.02878671 0.05000001 -0.1299999 -0.04121315 0.05000001 -0.1349999 -0.04121315 0.04121315 -0.1299999 -0.04999995 0.04121315 -0.1349999 -0.04999995 0.02878677 -0.1299999 -0.04999995 0.02878677 -0.1349999 -0.04999995 0.01999998 -0.1299999 -0.04121315 0.01999998 -0.1349999 -0.04121315 0.01999998 -0.1299999 -0.02878671 0.01999998 -0.1349999 -0.02878671 0.07499998 0.1299999 -0.06499999 0.06499999 0.1299999 -0.07499998 0.06499999 0.1299999 0.07499992 0.07499998 0.1299999 0.06499993 0.06499999 0.125 -0.07499998 0.07499998 0.125 -0.06499999 0.07499998 0.125 0.06499993 0.06499999 0.125 0.07499992 -0.06499999 0.1299999 -0.07500004 -0.07499998 0.1299999 -0.06499999 -0.07499998 0.1299999 0.06499993 -0.06499999 0.1299999 0.07499992 -0.07499998 0.125 -0.06499999 -0.06499999 0.125 -0.07499998 -0.06499999 0.125 0.07499992 -0.07499998 0.125 0.06499993 0.07207101 0.1349999 0.06499993 0.06499993 0.1349999 0.07207101 0.07207101 0.1299999 0.06499993 0.06499993 0.1299999 0.07207101 0.06499999 0.1349999 0.05792886 0.05792886 0.1349999 0.06499993 0.06499999 0.1299999 0.05792886 0.05792886 0.1299999 0.06499993 -0.05792891 0.1349999 0.06499993 -0.06499999 0.1349999 0.07207101 -0.05792891 0.1299999 0.06499993 -0.06499999 0.1299999 0.07207101 -0.06499999 0.1349999 0.05792886 -0.07207101 0.1349999 0.06499993 -0.06499999 0.1299999 0.05792886 -0.07207101 0.1299999 0.06499993 0.05792886 0.1299999 -0.06499999 0.06499999 0.1299999 -0.07207107 0.05792886 0.1349999 -0.06499999 0.06499999 0.1349999 -0.07207107 0.06499993 0.1299999 -0.05792897 0.07207101 0.1299999 -0.06499999 0.06499993 0.1349999 -0.05792897 0.07207101 0.1349999 -0.06499999 -0.05792891 0.1349999 -0.06499999 -0.06499999 0.1349999 -0.05792897 -0.05792891 0.1299999 -0.06499999 -0.06499999 0.1299999 -0.05792897 -0.06499999 0.1349999 -0.07207107 -0.07207101 0.1349999 -0.06499999 -0.06499999 0.1299999 -0.07207107 -0.07207101 0.1299999 -0.06499999 0.04121315 0.1299999 0.04999995 0.04121315 0.1349999 0.04999995 0.02878671 0.1299999 0.04999995 0.02878671 0.1349999 0.04999995 0.01999998 0.1299999 0.04121315 0.01999998 0.1349999 0.04121315 0.01999998 0.1299999 0.02878677 0.01999998 0.1349999 0.02878677 0.02878677 0.1299999 0.01999992 0.02878677 0.1349999 0.01999992 0.04121315 0.1299999 0.01999992 0.04121315 0.1349999 0.01999992 0.04999995 0.1299999 0.02878677 0.04999995 0.1349999 0.02878677 0.04999995 0.1299999 0.04121315 0.04999995 0.1349999 0.04121315 -0.02878677 0.1299999 0.04999995 -0.02878677 0.1349999 0.04999995 -0.04121321 0.1299999 0.04999995 -0.04121321 0.1349999 0.04999995 -0.05000001 0.1299999 0.04121315 -0.05000001 0.1349999 0.04121315 -0.05000001 0.1299999 0.02878677 -0.05000001 0.1349999 0.02878677 -0.04121321 0.1299999 0.01999992 -0.04121321 0.1349999 0.01999992 -0.02878677 0.1299999 0.01999992 -0.02878677 0.1349999 0.01999992 -0.01999998 0.1299999 0.02878677 -0.01999998 0.1349999 0.02878677 -0.01999998 0.1299999 0.04121315 -0.01999998 0.1349999 0.04121315 0.04121315 0.1299999 -0.01999998 0.04121315 0.1349999 -0.01999998 0.02878677 0.1299999 -0.01999998 0.02878677 0.1349999 -0.01999998 0.01999998 0.1299999 -0.02878677 0.01999998 0.1349999 -0.02878677 0.01999998 0.1299999 -0.04121315 0.01999998 0.1349999 -0.04121315 0.02878677 0.1299999 -0.05000001 0.02878677 0.1349999 -0.05000001 0.04121315 0.1299999 -0.05000001 0.04121315 0.1349999 -0.05000001 0.04999995 0.1299999 -0.04121315 0.04999995 0.1349999 -0.04121315 0.04999995 0.1299999 -0.02878677 0.04999995 0.1349999 -0.02878677 -0.02878677 0.1299999 -0.01999998 -0.02878677 0.1349999 -0.01999998 -0.04121321 0.1299999 -0.01999998 -0.04121321 0.1349999 -0.01999998 -0.05000001 0.1299999 -0.02878677 -0.05000001 0.1349999 -0.02878677 -0.05000001 0.1299999 -0.04121315 -0.05000001 0.1349999 -0.04121315 -0.04121321 0.1299999 -0.05000001 -0.04121321 0.1349999 -0.05000001 -0.02878677 0.1299999 -0.05000001 -0.02878677 0.1349999 -0.05000001 -0.01999998 0.1299999 -0.04121315 -0.01999998 0.1349999 -0.04121315 -0.01999998 0.1299999 -0.02878677 -0.01999998 0.1349999 -0.02878677 0.07499998 -0.06499999 0.1299999 0.1356773 -0.09186947 -0.125 0.06499999 -0.07499998 0.1299999 0.1356773 0.09186947 -0.125 0.08499997 -0.125 -0.125 0.08499997 0.125 -0.125 0.2322242 -0.125 0.002224266 0.2322242 0.125 0.002224266 0.1023205 0.125 0.07722425 0.2149038 0.125 0.01222425 0.2149038 -0.125 0.01222425 0.1023205 -0.125 0.07722425 0.2495448 0.07499998 -0.007775664 0.2495448 -0.07499998 -0.007775664 0.2474871 0.055 0.06866019 0.2474871 -0.055 0.06866019 0.1522243 0.055 0.1236602 0.1522243 -0.055 0.1236602 0.2322242 -0.09499996 0.002224266 0.2149038 -0.09499996 0.01222425 0.1023205 -0.09499996 0.07722425 0.2322242 0.09499996 0.002224266 0.2149038 0.09499996 0.01222425 0.1023205 0.09499996 0.07722425 0.2372243 0.09499996 0.01088452 0.2545448 0.07499998 8.84563e-4 0.2545448 -0.07499998 8.84563e-4 0.2199038 0.09499996 0.02088451 0.2372243 0.07499998 0.01088452 0.2372243 -0.07499998 0.01088452 0.2372243 -0.09499996 0.01088452 0.2199038 -0.09499996 0.02088451 0.2598076 0.07499998 0.05000001 0.2598076 -0.07499998 0.05000001 0.1299037 0.07499998 0.125 0.1299037 -0.07499998 0.125 0.1073205 0.09499996 0.08588451 0.1073205 0.07499998 0.08588451 0.1073205 -0.07499998 0.08588451 0.08999997 0.07499998 0.09588456 0.08999997 -0.07499998 0.09588456 0.1073205 -0.09499996 0.08588451 0.1356773 0.125 -0.125 0.1587713 0.125 -0.125 0.1587713 -0.09499996 -0.125 0.1587713 -0.125 -0.125 0.1356773 -0.125 -0.125 0.1587713 0.09499996 -0.125 0.1818653 0.07499998 -0.125 0.1818653 -0.07499998 -0.125 0.08499991 -0.125 0.08499997 0.08499991 0.125 0.08499997 -0.06499999 0.07499992 0.125 -0.07499998 0.06499999 0.125 0.08499997 -0.125 -0.08499997 0.08499997 0.125 -0.08499997 -0.08499997 -0.125 0.125 0.08499991 -0.125 0.1249999 -0.08499997 0.125 0.1249999 0.08499991 0.125 0.1249999 -0.08499997 -0.08500003 -0.125 -0.08499997 0.08499997 -0.125 -0.07499998 -0.06499999 0.125 -0.06499999 -0.07499998 0.125 0.08499991 -0.125 0.08722424 0.08499997 -0.07499998 0.0872243 -0.07499998 0.06499999 0.1299999 0.08499997 0.07499998 0.0872243 -0.06499999 0.07499992 0.1299999 0.08499991 0.125 0.08722424 -0.06499999 -0.07499998 0.1299999 -0.07499998 -0.06499999 0.1299999 -0.1356773 0.09186947 -0.125 -0.1356773 -0.09186953 -0.125 -0.08499997 0.125 -0.125 -0.08499997 -0.125 -0.125 -0.2322242 0.125 0.002224266 -0.2322242 -0.125 0.002224266 -0.1023205 -0.125 0.07722425 -0.2149037 -0.125 0.01222425 -0.2149038 0.125 0.01222425 -0.1023205 0.125 0.07722425 -0.2495448 -0.07499998 -0.007775664 -0.2495448 0.07499992 -0.007775664 -0.2474871 -0.055 0.06866019 -0.2474871 0.05499994 0.06866019 -0.1522243 -0.055 0.1236602 -0.1522243 0.05499994 0.1236602 -0.2322242 0.09499996 0.002224266 -0.2149038 0.09499996 0.01222425 -0.1023205 0.09499996 0.07722425 -0.2322242 -0.09500002 0.002224266 -0.2149037 -0.09500002 0.01222425 -0.1023205 -0.09499996 0.07722425 -0.2372243 -0.09500002 0.01088452 -0.2545448 -0.07499998 8.84563e-4 -0.2545448 0.07499992 8.84563e-4 -0.2199037 -0.09500002 0.02088451 -0.2372243 -0.07499998 0.01088452 -0.2372243 0.07499992 0.01088452 -0.2372243 0.09499996 0.01088452 -0.2199038 0.09499996 0.02088451 -0.2598076 -0.07499998 0.05000001 -0.2598076 0.07499992 0.05000001 -0.1299037 -0.07499998 0.125 -0.1299037 0.07499998 0.125 -0.1073205 -0.09499996 0.08588451 -0.1073205 -0.07499998 0.08588451 -0.1073205 0.07499998 0.08588451 -0.08999997 -0.07499998 0.09588456 -0.08999997 0.07499998 0.09588456 -0.1073205 0.09499996 0.08588451 -0.1356773 -0.125 -0.125 -0.1587713 -0.125 -0.125 -0.1587713 0.09499996 -0.125 -0.1587713 0.125 -0.125 -0.1356773 0.125 -0.125 -0.1587713 -0.09499996 -0.125 -0.1818653 -0.07499998 -0.125 -0.1818653 0.07499998 -0.125 -0.08499991 0.125 0.08499997 -0.08499991 -0.125 0.08499997 -0.08499997 0.125 -0.08499997 -0.08499997 -0.125 -0.08499997 -0.08499997 0.125 0.08722424 -0.08499997 0.07499998 0.0872243 -0.08499997 -0.07499998 0.0872243 -0.08499991 -0.125 0.08722424 0.07499998 -0.06499999 0.125 0.06499999 -0.07499998 0.125 0.06499993 0.07499992 0.125 0.07499998 0.06499993 0.125 -0.07207101 0.06499999 0.1349999 -0.06499999 0.07207107 0.1349999 -0.07207101 0.06499999 0.1299999 -0.06499999 0.07207107 0.1299999 -0.06499999 0.05792886 0.1349999 -0.05792891 0.06499999 0.1349999 -0.06499999 0.05792886 0.1299999 -0.05792891 0.06499999 0.1299999 0.05792891 0.06499993 0.1349999 0.06499993 0.07207107 0.1349999 0.05792891 0.06499993 0.1299999 0.06499993 0.07207107 0.1299999 0.06499993 0.05792891 0.1349999 0.07207107 0.06499999 0.1349999 0.06499993 0.05792891 0.1299999 0.07207107 0.06499999 0.1299999 -0.05792891 -0.06499999 0.1299999 -0.06499993 -0.07207107 0.1299999 -0.05792891 -0.06499999 0.1349999 -0.06499993 -0.07207107 0.1349999 -0.06499993 -0.05792891 0.1299999 -0.07207101 -0.06499999 0.1299999 -0.06499993 -0.05792891 0.1349999 -0.07207101 -0.06499999 0.1349999 0.05792891 -0.06499999 0.1349999 0.06499999 -0.05792886 0.1349999 0.05792891 -0.06499999 0.1299999 0.06499999 -0.05792886 0.1299999 0.06499999 -0.07207107 0.1349999 0.07207101 -0.06499999 0.1349999 0.06499999 -0.07207107 0.1299999 0.07207101 -0.06499999 0.1299999 -0.04121321 0.05000001 0.1299999 -0.04121321 0.05000001 0.1349999 -0.02878677 0.05000001 0.1299999 -0.02878677 0.05000001 0.1349999 -0.01999998 0.04121321 0.1299999 -0.01999998 0.04121321 0.1349999 -0.01999998 0.02878683 0.1299999 -0.01999998 0.02878683 0.1349999 -0.02878677 0.01999998 0.1299999 -0.02878677 0.01999998 0.1349999 -0.04121321 0.01999998 0.1299999 -0.04121321 0.01999998 0.1349999 -0.05000001 0.02878683 0.1299999 -0.05000001 0.02878683 0.1349999 -0.04999995 0.04121321 0.1299999 -0.04999995 0.04121321 0.1349999 0.02878677 0.05000001 0.1299999 0.02878677 0.05000001 0.1349999 0.04121315 0.05000001 0.1299999 0.04121315 0.05000001 0.1349999 0.05000001 0.04121321 0.1299999 0.05000001 0.04121321 0.1349999 0.05000001 0.02878683 0.1299999 0.05000001 0.02878683 0.1349999 0.04121315 0.01999998 0.1299999 0.04121315 0.01999998 0.1349999 0.02878677 0.01999998 0.1299999 0.02878677 0.01999998 0.1349999 0.01999998 0.02878683 0.1299999 0.01999998 0.02878683 0.1349999 0.01999998 0.04121321 0.1299999 0.01999998 0.04121321 0.1349999 -0.04121315 -0.01999992 0.1299999 -0.04121315 -0.01999992 0.1349999 -0.02878677 -0.01999992 0.1299999 -0.02878677 -0.01999992 0.1349999 -0.01999998 -0.02878671 0.1299999 -0.01999998 -0.02878671 0.1349999 -0.01999998 -0.04121309 0.1299999 -0.01999998 -0.04121309 0.1349999 -0.02878677 -0.04999995 0.1299999 -0.02878677 -0.04999995 0.1349999 -0.04121315 -0.04999995 0.1299999 -0.04121315 -0.04999995 0.1349999 -0.05000001 -0.04121309 0.1299999 -0.05000001 -0.04121309 0.1349999 -0.04999995 -0.02878671 0.1299999 -0.04999995 -0.02878671 0.1349999 0.02878677 -0.01999992 0.1299999 0.02878677 -0.01999992 0.1349999 0.04121315 -0.01999992 0.1299999 0.04121315 -0.01999992 0.1349999 0.05000001 -0.02878671 0.1299999 0.05000001 -0.02878671 0.1349999 0.04999995 -0.04121309 0.1299999 0.04999995 -0.04121309 0.1349999 0.04121315 -0.04999995 0.1299999 0.04121315 -0.04999995 0.1349999 0.02878677 -0.04999995 0.1299999 0.02878677 -0.04999995 0.1349999 0.01999998 -0.04121309 0.1299999 0.01999998 -0.04121309 0.1349999 0.01999998 -0.02878671 0.1299999 0.01999998 -0.02878671 0.1349999 0.08499991 0.08499997 0.125 0.08499997 -0.08499997 0.125 -0.08499991 0.08499997 0.125 -0.08499997 -0.08499997 0.125</float_array>
          <technique_common>
            <accessor source="#Cube-mesh-positions-array" count="508" stride="3">
              <param name="X" type="float"/>
              <param name="Y" type="float"/>
              <param name="Z" type="float"/>
            </accessor>
          </technique_common>
        </source>
        <source id="Cube-mesh-normals">
          <float_array id="Cube-mesh-normals-array" count="3072">-0.7071068 -0.7071068 0 0 -1 0 0.7071068 -0.7071068 0 -1 0 0 1 0 0 0.7071068 0.7071068 0 0.7071068 -0.7071068 0 0.7071068 0.7071068 0 -0.7071068 0.7071068 0 -0.7071068 -0.7071068 0 0 0 -1 -1.11759e-6 0 -1 0 -1.11759e-6 -1 0 1.11759e-6 -1 1.11759e-6 0 -1 -4.47032e-6 -2.23516e-6 -1 0 0 -1 -6.38621e-7 6.38621e-7 -1 0.7071068 0.7071068 0 -0.7071068 0.7071068 0 -0.7071068 -0.7071068 0 0.7071068 -0.7071068 0 0 0 -1 2.23517e-6 -4.47034e-6 -1 0 0 -1 -6.3862e-7 -6.3862e-7 -1 -0.7071068 0.7071068 0 -0.7071089 -0.7071046 0 0.7071089 -0.7071046 0 0.7071068 0.7071068 0 0 0 -1 4.47034e-6 2.23517e-6 -1 0 0 -1 6.38624e-7 -6.3862e-7 -1 -0.7071068 -0.7071068 0 0.7071068 -0.7071068 0 0.7071111 0.7071026 0 -0.7071111 0.7071026 0 0 0 -1 -2.23524e-6 4.47042e-6 -1 0 0 -1 6.38624e-7 6.38616e-7 -1 0 0 -1 0 0 -1 0 0 -1 0 0 -1 0 0 -1 0 0 -1 5.4186e-7 1 0 -0.7071068 0.7071068 0 0 0 -1 0 0 -1 0 0 -1 0 0 -1 0 0 1 -1 0 0 1 0 0 -0.7071079 0 -0.7071058 -0.7071057 0 0.7071078 0.7071074 0 -0.7071063 0.707106 0 0.7071076 0 0 -1 -0.7071076 0 0.7071061 0 -1 0 0.7071083 0 -0.7071053 0 -1 0 -0.707109 0 -0.7071045 0.7071068 0 0.7071068 -0.7071098 0 0.7071039 0.707106 0.7071076 -2.10735e-6 0.707106 0 -0.7071076 0 -1 0 -0.7071068 0 -0.7071068 0.707106 0 0.7071076 -0.7071079 0 0.7071057 0.7071074 -0.7071063 0 0.707108 0 -0.7071057 0 -1 0 -0.7071053 0 -0.7071083 0.7071068 0 0.7071068 -0.707109 0 0.7071045 -0.7071057 0.7071078 -2.05796e-6 0.7071076 0 -0.7071061 0 -1 0 -0.7071061 0 -0.7071076 0.7071076 0 0.7071061 0 -1 0 0 -1 0 0 -1 0 0 -1 0 0 -1 0 0 -1 0 0 -1 0 0 -1 0 0 -1 0 0 -1 0 0 -1 0 0 -1 0 -2.3983e-6 0 1 0.7071062 0 0.7071074 1 0 0 0.7071086 0 -0.707105 0 0 -1 -0.7071092 0 -0.7071045 0 -1 0 -1 0 1.19915e-6 -0.7071062 0 0.7071074 -0.7071079 -0.7071058 0 -2.3983e-6 0 1 0.7071059 0 0.7071077 1 0 -1.19915e-6 0.7071089 0 -0.7071047 -2.3983e-6 0 -1 -0.707108 0 -0.7071056 0 -1 0 -1 0 -1.19915e-6 -0.7071056 0 0.707108 1 0 0 -2.3983e-6 0 1 0.7071068 0 0.7071068 1 0 0 0.7071077 0 -0.7071059 0 0 -1 -0.7071077 0 -0.7071059 0 -1 0 -1 0 5.99577e-7 -0.7071059 0 0.7071077 -1 0 0 0 0 1 0.7071062 0 0.7071074 1 0 -2.99788e-7 0.7071076 0 -0.7071061 0 0 -1 -0.7071077 0 -0.7071059 0 -1 0 -1 0 -5.99577e-7 -0.7071071 0 0.7071065 0 1 -2.98024e-6 0 -1 0 0 -1 0 0 -1 0 0 -1 0 0 -1 0 0 -1 0 0 -1 0 0 -1 0 0 -1 0 0 -1 0 0 -1 0 0 -1 0 0 -1 0 0 -1 0 0 -1 0 0 -1 0 0 -1 0 0 -1 0 0 -1 0 0 -1 0 0 -1 0 0 -1 0 0 -1 0 0 -1 0 0 -1 0 0 -1 0 0 -1 0 0 -1 0 0 -1 0 0 0 1 1 0 0 -1 0 0 0.7071071 0 -0.7071065 0.7071066 0 0.7071071 -0.7071079 0 -0.7071058 -0.7071068 4.2147e-6 0.7071068 0 0 -1 0.7071076 0 0.7071061 -0.7071076 0.7071061 0 -0.7071065 0 -0.7071072 -1.05367e-6 1 -3.16101e-6 0.7071083 0 -0.7071053 -0.7071071 0 0.7071064 0.707106 0 0.7071076 -0.7071099 0.7071036 0 -0.7071083 0 -0.7071053 0 1 0 0.7071068 0 -0.7071068 -0.707109 0 0.7071046 0.7071061 0 0.7071076 0.707107 0.7071066 0 -0.7071068 0 -0.7071068 -4.21469e-6 1 0 0.707108 0 -0.7071057 -0.7071057 0 0.707108 0.7071057 0 0.707108 -0.707109 -0.7071045 0 -0.7071076 0 -0.7071061 0 1 0 0.707108 0 -0.7071057 -0.7071068 0 0.7071068 0 1 0 0 1 0 0 1 0 0 1 0 -4.21469e-6 1 0 0 1 -1.01752e-5 0 1 0 0 1 0 0 1 0 0 1 0 0 1 0 0 1 0 -2.3983e-6 0 1 -0.7071073 0 0.7071062 -1 0 0 -0.707108 0 -0.7071056 0 0 -1 0.707108 0 -0.7071056 4.96705e-7 1 0 1 0 -1.19915e-6 0.7071062 0 0.7071074 1.19915e-6 1 -4.96705e-7 2.3983e-6 0 1 -0.7071068 0 0.7071068 -1 0 -1.19915e-6 -0.7071086 0 -0.707105 0 0 -1 0.7071086 0 -0.707105 0 1 0 1 0 -1.19915e-6 0.7071049 0 0.7071086 0 0 1 0 0 1 -0.7071065 0 0.7071071 -1 0 0 -0.707108 0 -0.7071056 0 0 -1 0.707108 0 -0.7071056 4.96705e-7 1 0 1 0 0 0.7071068 0 0.7071068 9.50799e-7 1 -1.09628e-6 1.19915e-6 0 1 -0.7071073 0 0.7071062 -1 0 1.19915e-6 -0.7071088 0 -0.7071047 0 0 -1 0.7071086 0 -0.707105 0 1 0 1 0 -1.19915e-6 0.7071059 0 0.7071077 0.7071084 -0.7071051 0 1.5805e-6 1 -5.26834e-7 2.39831e-6 1 -3.66605e-6 0 1 9.93412e-7 0 1 0 0 1 0 0 1 0 0 1 0 0 1 0 0 1 0 0 1 0 0 1 0 2.3983e-6 1 3.66604e-6 -4.23964e-7 1 -1.27189e-6 9.93411e-7 1 0 9.93411e-7 1 0 9.93412e-7 1 0 -1.69586e-6 1 0 2.39831e-6 1 0 -2.5882e-7 1 -2.58821e-7 -3.72529e-7 1 0 -3.72529e-7 1 3.72527e-7 -3.72529e-7 1 0 0 1 0 0 1 0 -3.72529e-7 1 -3.7253e-7 0 1 0 0 1 0 -3.72529e-7 1 -3.72528e-7 -2.95838e-7 1 0 0 3.72529e-7 -1 0 -1 0 0 1 0 0.8660256 0 -0.4999998 0 -3.72529e-7 -1 0.4999998 0 0.8660255 0.5000002 0 0.8660253 -0.8660255 0 0.4999998 0.6123732 0.707107 -0.3535517 0 1 0 0.5000003 0 0.8660253 0.4999998 0 0.8660255 0.5000002 0 0.8660253 0.4999999 2.17309e-6 0.8660254 0.5000001 0 0.8660253 0.5000002 0 0.8660253 0.4999999 -2.17309e-6 0.8660254 0.5000001 0 0.8660253 0 1 0 0 -1 0 0.6123725 -0.7071064 -0.353554 0.8660267 0 -0.4999977 0 -1 0 0.8345112 0 0.5509909 0.05991333 0 0.9982036 0.4472134 0.4472154 0.7745957 0.4472143 -0.4472121 0.7745971 0.4999973 0 0.8660269 -0.6123723 0.7071071 0.3535528 0.5000006 0 0.866025 0.5000006 0 0.866025 0.4999973 0 0.8660269 -1 2.19135e-7 1.32262e-6 0.5000007 0 0.866025 -0.6123723 -0.7071071 0.3535529 1 0 0 -0.8660257 0 0.4999995 0 1 0 0.8660254 0 -0.5 0 -1 0 0.6123723 0.7071068 -0.3535533 0.8660254 0 -0.5000001 0.6123723 -0.7071069 -0.3535533 0.8660254 0 -0.5 0 -1 0 0 1 0 0 1 0 0 -1 0 0 0 -1 2.43542e-7 3.72529e-7 -1 2.43542e-7 -3.72529e-7 -1 0 0 -1 2.9404e-7 0 -1 0 0 -1 0 0 -1 0 -1 0 0 1 0 0 -1 0 0 1 0 1 -9.31323e-7 0 0 2.42144e-6 1 5.6975e-7 0 1 0.707106 -0.7071076 0 1 7.4506e-7 1.18339e-6 -1 -1.49012e-6 -7.88929e-7 -1 -1.04308e-6 0 0 -1 0 0 -1 0 0 -1 0 0 -1 0 0 -1 0 0 -1 0 0 -1 0 0 -1 0 -0.8660256 0 -0.4999998 1.72064e-7 -1 0 -1.72064e-7 1 0 0 1 0 0 1 0 0 1 0 2.48354e-7 1 -4.96704e-7 0 1 0 0 -1 0 -7.45057e-7 1 0 2.48352e-7 1 4.96706e-7 0 1 0 0 1 0 -0.5000005 0 0.8660251 -0.5000001 0 0.8660253 0.8660255 0 0.4999998 -0.6123732 -0.707107 -0.3535517 0 -1 0 -0.5000003 0 0.8660253 -0.4999992 0 0.8660259 -0.5000004 0 0.8660252 -0.4999999 -3.10441e-6 0.8660255 -0.5000001 0 0.8660253 -0.5000002 0 0.8660253 -0.4999999 1.39698e-6 0.8660255 -0.5000001 0 0.8660253 1.98535e-7 -1 0 -1.98535e-7 1 0 -0.6123725 0.7071064 -0.353554 -0.8660267 0 -0.4999977 0 1 0 -0.8345112 0 0.5509909 -0.05991333 0 0.9982036 -0.4472134 -0.4472154 0.7745957 -0.4472142 0.4472122 0.7745971 -0.4999979 0 0.8660266 0.6123723 -0.7071071 0.3535528 -0.5000006 0 0.866025 -0.5000006 0 0.866025 -0.4999972 0 0.8660269 -0.5000007 0 0.866025 0.6123723 0.7071071 0.3535529 0.8660257 0 0.4999995 0 -1 0 -0.8660255 0 -0.4999998 0 1 0 -0.6123719 -0.7071073 -0.3535532 -0.8660254 0 -0.5000001 -0.6123723 0.707107 -0.3535532 -0.8660253 0 -0.5000002 0 1 0 0 -1 0 0 -1 0 0 1 0 0 0 -1 -2.43542e-7 -3.72529e-7 -1 -2.43542e-7 3.72529e-7 -1 0 0 -1 -2.9404e-7 0 -1 0 0 -1 0 0 -1 0 0 1 -0.707107 -0.7071066 0 0.707106 0.7071076 0 -0.7071079 0.7071057 0 0.7071081 -0.7071055 0 0 0 1 -0.7071053 -0.7071083 0 0.707107 0.7071066 0 -0.7071092 0.7071043 0 0.7071076 -0.7071061 0 0 0 1 -0.7071062 -0.7071074 0 0.7071076 0.7071061 0 0 0 1 0 0 1 0 0 1 0 0 1 0 0 1 0 0 1 0 0 1 0 0 1 0 0 1 0 0 1 0 0 1 0 0 1 -2.3983e-6 1 0 0.7071062 0.7071074 0 1 0 0 0.7071086 -0.707105 0 0 -1 0 -0.7071092 -0.7071045 0 0 0 1 -1 1.19915e-6 0 -0.7071062 0.7071074 0 -2.3983e-6 1 0 0.7071059 0.7071077 0 1 -1.19915e-6 0 0.7071089 -0.7071047 0 -2.3983e-6 -1 0 -0.707108 -0.7071056 0 0 0 1 -1 -1.19915e-6 0 -0.7071056 0.707108 0 -2.3983e-6 1 0 0.7071068 0.7071068 0 1 0 0 0.7071077 -0.7071059 0 0 -1 0 -0.7071077 -0.7071059 0 0 0 1 -1 5.99577e-7 0 -0.7071059 0.7071077 0 0 1 0 0.7071062 0.7071074 0 1 -2.99788e-7 0 0.7071076 -0.7071061 0 0 -1 0 -0.7071077 -0.7071059 0 0 0 1 -1 -5.99577e-7 0 -0.7071071 0.7071065 0 0 0 1 0 0 1 0 0 1 0 0 1 0 0 1 0 0 1 0 0 1 0 0 1 0 0 1 0 0 1 0 0 1 0 0 1 0 0 1 0 0 1 0 0 1 0 0 1 0 0 1 0 0 1 0 0 1 0 0 1 0 0 1 0 0 1 0 0 1 0 0 1 0 0 1 0 0 1 0 0 1 0 0 1 0 0 1 0 0 1 7.45057e-7 0 1 2.48353e-7 -2.48352e-7 1 0 -7.45058e-7 1 0 0 1 0 0 1 0 0 1 0 0 1 -0.7071068 -0.7071068 0 0 -1 0 0.7071068 -0.7071068 0 -1 0 0 1 0 0 0.7071068 0.7071068 0 0.7071068 -0.7071068 0 0.7071068 0.7071068 0 -0.7071068 0.7071068 0 -0.7071068 -0.7071068 0 0 0 -1 -1.11759e-6 0 -1 0 -1.11759e-6 -1 0 1.11758e-6 -1 1.11759e-6 0 -1 0 0 -1 2.23518e-6 4.47036e-6 -1 0.7071068 0.7071068 0 -0.7071068 0.7071068 0 -0.7071068 -0.7071068 0 0.7071068 -0.7071068 0 0 0 -1 0 0 -1 -4.47034e-6 2.23517e-6 -1 -0.7071068 0.7071068 0 -0.7071089 -0.7071046 0 0.7071089 -0.7071046 0 0.7071068 0.7071068 0 0 0 -1 0 0 -1 -2.23524e-6 -4.47044e-6 -1 -0.7071068 -0.7071068 0 0.7071068 -0.7071068 0 0.7071111 0.7071026 0 -0.7071111 0.7071026 0 0 0 -1 0 0 -1 4.47039e-6 -2.23519e-6 -1 5.4186e-7 1 0 -0.7071068 0.7071068 0 0 0 -1 0 0 -1 0 0 -1 0 0 -1 0 0 1 -1 0 0 1 0 0 -0.7071079 0 -0.7071058 -0.7071057 0 0.7071078 0.7071074 0 -0.7071063 0.707106 0 0.7071076 0 0 -1 -0.7071076 0 0.7071061 0 -1 0 0.7071083 0 -0.7071053 0 -1 0 -0.707109 0 -0.7071045 0.7071068 0 0.7071068 -0.7071098 0 0.7071039 0.707106 0.7071076 -2.10735e-6 0.707106 0 -0.7071076 0 -1 0 -0.7071068 0 -0.7071068 0.707106 0 0.7071076 -0.7071079 0 0.7071057 0.7071074 -0.7071063 0 0.707108 0 -0.7071057 0 -1 0 -0.7071053 0 -0.7071083 0.7071068 0 0.7071068 -0.707109 0 0.7071045 -0.7071057 0.7071078 -2.10735e-6 0.7071076 0 -0.7071061 0 -1 0 -0.7071061 0 -0.7071076 0.7071076 0 0.7071061 0 -1 0 0 -1 0 0 -1 0 0 -1 0 0 -1 0 0 -1 0 0 -1 0 0 -1 0 0 -1 0 0 -1 0 0 -1 0 0 -1 0 -2.3983e-6 0 1 0.7071062 0 0.7071074 1 0 0 0.7071086 0 -0.707105 0 0 -1 -0.7071092 0 -0.7071045 0 -1 0 0 -1 0 0 -1 0 0 -1 0 0 -1 0 -1 0 1.19915e-6 -0.7071062 0 0.7071074 -0.7071079 -0.7071058 0 -2.3983e-6 0 1 0.7071059 0 0.7071077 1 0 -1.19915e-6 0.7071089 0 -0.7071047 -2.3983e-6 0 -1 -0.707108 0 -0.7071056 0 -1 0 0 -1 0 0 -1 0 0 -1 0 0 -1 0 -1 0 -1.19915e-6 -0.7071056 0 0.707108 1 0 0 -2.3983e-6 0 1 0.7071068 0 0.7071068 1 0 0 0.7071077 0 -0.7071059 0 0 -1 -0.7071077 0 -0.7071059 0 -1 0 0 -1 0 0 -1 0 0 -1 0 0 -1 0 -1 0 5.99577e-7 -0.7071059 0 0.7071077 -1 0 0 0 0 1 0.7071062 0 0.7071074 1 0 -2.99788e-7 0.7071076 0 -0.7071061 0 0 -1 -0.7071077 0 -0.7071059 0 -1 0 0 -1 0 0 -1 0 0 -1 0 0 -1 0 -1 0 -5.99577e-7 -0.7071071 0 0.7071065 0 1 -2.98024e-6 0 -1 0 0 -1 0 0 -1 0 0 -1 0 0 -1 0 0 -1 0 0 -1 0 0 -1 0 0 -1 0 0 -1 0 0 -1 0 0 -1 0 0 -1 0 0 -1 0 0 -1 0 0 -1 0 0 -1 0 0 0 1 1 0 0 -1 5.96049e-6 0 0.7071071 0 -0.7071065 0.7071065 0 0.7071071 -0.7071078 0 -0.7071057 -0.7071073 2.10735e-6 0.7071062 0 -2.98024e-6 -1 0.7071076 0 0.7071061 -0.7071076 0.7071061 0 -0.7071065 0 -0.7071072 -1.05367e-6 1 3.16101e-6 0.7071083 0 -0.7071053 -0.7071071 0 0.7071064 0.707106 0 0.7071076 -0.7071099 0.7071036 0 -0.7071083 0 -0.7071053 0 1 0 0.7071068 0 -0.7071068 -0.707109 0 0.7071046 0.7071061 0 0.7071076 0.707107 0.7071066 0 -0.7071068 0 -0.7071068 2.10734e-6 1 0 0.707108 0 -0.7071057 -0.7071057 0 0.707108 0.7071057 0 0.707108 -0.707109 -0.7071045 0 -0.7071076 0 -0.7071061 0 1 0 0.707108 0 -0.7071057 -0.7071068 0 0.7071068 -1.43899e-5 1 1.01752e-5 0 1 0 -1.43899e-5 1 -1.01752e-5 0 1 0 -4.2147e-6 1 0 0 1 0 0 1 2.10734e-6 0 1 0 0 1 0 0 1 0 0 1 1.01752e-5 0 1 -1.99272e-6 -2.3983e-6 0 1 -0.7071073 0 0.7071062 -1 0 0 -0.707108 0 -0.7071056 0 0 -1 0.707108 0 -0.7071056 3.51224e-7 1 -3.51223e-7 2.3983e-6 1 1.69585e-6 -1.69585e-6 1 0 2.3983e-6 1 -4.09415e-6 4.96705e-7 1 4.96704e-7 1 0 -1.19915e-6 0.7071062 0 0.7071074 2.39829e-6 1 4.09415e-6 7.02446e-7 1 0 -4.96702e-7 1 -1.19915e-6 2.3983e-6 1 2.3983e-6 0 1 0 2.3983e-6 0 1 -0.7071068 0 0.7071068 -1 0 -1.19915e-6 -0.7071086 0 -0.707105 0 0 -1 0.7071086 0 -0.707105 0 1 0 0 1 0 0 1 0 0 1 0 0 1 0 1 0 -1.19915e-6 0.7071049 0 0.7071086 0 0 1 0 0 1 -0.7071065 0 0.7071071 -1 0 0 -0.707108 0 -0.7071056 0 0 -1 0.707108 0 -0.7071056 2.39831e-6 1 -2.39831e-6 4.96705e-7 1 2.19256e-6 4.96705e-7 1 0 2.3983e-6 1 -4.09415e-6 4.96705e-7 1 4.96704e-7 1 0 0 0.7071068 0 0.7071068 2.39831e-6 1 4.09416e-6 -1.69586e-6 1 0 2.3983e-6 1 2.3983e-6 0 1 0 5.99576e-7 1 -2.48353e-7 1.19915e-6 0 1 -0.7071073 0 0.7071062 -1 0 1.19915e-6 -0.7071088 0 -0.7071047 0 0 -1 0.7071086 0 -0.707105 0 1 0 0 1 0 0 1 0 0 1 0 0 1 0 1 0 -1.19915e-6 0.7071059 0 0.7071077 0.7071084 -0.7071051 0 -1.27189e-6 1 4.23964e-7 -2.5882e-7 1 -5.02837e-7 0 1 0 0 1 0 0 1 0 -2.58819e-7 1 -1.49625e-6 5.26838e-7 1 1.58051e-6 9.9341e-7 1 0 -1.69586e-6 1 0 2.3983e-6 1 0 -3.72529e-7 1 3.72528e-7 -3.72529e-7 1 0 -2.58819e-7 1 -2.58819e-7 -3.72529e-7 1 0 0 1 0 0 1 0 -2.95838e-7 1 0 0 3.72529e-7 -1 0 -1 0 0 1 0 0.8660256 0 -0.4999998 0 -3.72529e-7 -1 0.4999998 0 0.8660255 0.5000002 0 0.8660253 -0.8660255 0 0.4999998 0.6123726 0.7071064 -0.3535539 0 1 0 0.5000003 0 0.8660253 0.4999998 0 0.8660255 0.5000002 0 0.8660253 0.5000002 0 0.8660253 0.499998 0 0.8660265 0.5000002 0 0.8660253 0.5000002 0 0.8660253 0.499998 0 0.8660265 0 1 0 0 -1 0 0.6123732 -0.707107 -0.3535517 0.8660267 0 -0.4999977 0 -1 0 0.8345112 0 0.5509909 0.05991333 0 0.9982036 0.4472136 0.4472125 0.7745972 0.4472131 -0.4472151 0.7745962 0.4999993 -1.53396e-6 0.8660259 -0.6123723 0.7071071 0.3535528 0.4999993 1.53396e-6 0.8660259 -1 0 3.94464e-7 0.5000007 0 0.866025 -0.6123723 -0.7071071 0.3535528 1 3.06789e-7 1.29941e-6 -0.8660257 0 0.4999995 0 1 0 0.8660254 0 -0.5 0 -1 0 0.6123723 0.7071069 -0.3535533 0.8660254 0 -0.5000001 0.6123723 -0.7071068 -0.3535533 0.8660254 0 -0.5 0 -1 0 0 -1 0 0 -1 0 0 1 0 0 1 0 0 1 0 0 0 -1 0 0 -1 0 0 -1 0 0 -1 2.9404e-7 0 -1 0 0 -1 0 0 -1 0 -1 0 0 1 0 0 -1 0 0 1 0 1 -7.45058e-7 -1.97232e-7 0 2.42144e-6 1 0 -2.23517e-6 1 0.707106 -0.7071076 0 1 -3.72529e-7 0 -1 4.47036e-7 1.26229e-6 -1 5.58794e-7 -1.57785e-6 0 -1 0 0 -1 0 0 -1 0 0 -1 0 -0.8660256 0 -0.4999998 2.5099e-7 -1 -2.36045e-7 -2.5099e-7 1 2.36045e-7 0 1 0 0 1 0 0 1 0 0 -1 0 -7.4506e-7 1 0 0 1 0 -0.5000005 0 0.8660251 -0.5000001 0 0.8660253 0.8660255 0 0.4999998 -0.6123726 -0.7071064 -0.3535539 0 -1 0 -0.5000003 0 0.8660253 -0.4999992 0 0.8660259 -0.5000004 0 0.8660252 -0.5000003 0 0.8660253 -0.4999974 0 0.8660269 -0.5000002 0 0.8660253 -0.5000001 0 0.8660253 -0.4999987 0 0.8660262 1.98535e-7 -1 0 -1.98535e-7 1 0 -0.6123732 0.707107 -0.3535517 -0.8660267 0 -0.4999977 0 1 0 -0.8345112 0 0.5509909 -0.05991333 0 0.9982036 -0.4472137 -0.4472125 0.7745973 -0.4472131 0.4472151 0.7745962 -0.4999995 1.2559e-6 0.8660256 0.6123723 -0.7071071 0.3535528 -0.4999993 -1.55392e-6 0.8660258 -0.5000007 0 0.866025 0.6123723 0.7071071 0.3535528 0.8660257 0 0.4999995 0 -1 0 -0.8660255 0 -0.4999998 0 1 0 -0.6123723 -0.707107 -0.3535534 -0.8660254 0 -0.5000001 -0.6123728 0.7071065 -0.3535533 -0.8660253 0 -0.5000002 -2.9404e-7 1 0 -2.6087e-7 1 0 -2.49343e-7 1 0 0 -1 0 0 -1 0 0 -1 0 0 0 -1 0 0 -1 0 0 -1 0 0 -1 -2.9404e-7 0 -1 0 0 -1 0 0 -1 0 0 1 -0.707107 -0.7071066 0 0.707106 0.7071076 0 -0.7071079 0.7071057 0 0.7071081 -0.7071055 0 0 0 1 -0.7071053 -0.7071083 0 0.707107 0.7071066 0 -0.7071092 0.7071043 0 0.7071076 -0.7071061 0 0 0 1 -0.7071062 -0.7071074 0 0.7071076 0.7071061 0 0 0 1 0 0 1 0 0 1 0 0 1 0 0 1 0 0 1 0 0 1 0 0 1 0 0 1 0 0 1 0 0 1 0 0 1 -2.3983e-6 1 0 0.7071062 0.7071074 0 1 0 0 0.7071086 -0.707105 0 0 -1 0 -0.7071092 -0.7071045 0 0 0 1 0 0 1 0 0 1 0 0 1 0 0 1 -1 1.19915e-6 0 -0.7071062 0.7071074 0 -2.3983e-6 1 0 0.7071059 0.7071077 0 1 -1.19915e-6 0 0.7071089 -0.7071047 0 -2.3983e-6 -1 0 -0.707108 -0.7071056 0 0 0 1 0 0 1 0 0 1 0 0 1 0 0 1 -1 -1.19915e-6 0 -0.7071056 0.707108 0 -2.3983e-6 1 0 0.7071068 0.7071068 0 1 0 0 0.7071077 -0.7071059 0 0 -1 0 -0.7071077 -0.7071059 0 0 0 1 0 0 1 0 0 1 0 0 1 0 0 1 -1 5.99577e-7 0 -0.7071059 0.7071077 0 0 1 0 0.7071062 0.7071074 0 1 -2.99788e-7 0 0.7071076 -0.7071061 0 0 -1 0 -0.7071077 -0.7071059 0 0 0 1 0 0 1 0 0 1 0 0 1 0 0 1 -1 -5.99577e-7 0 -0.7071071 0.7071065 0 0 0 1 0 0 1 0 0 1 0 0 1 0 0 1 0 0 1 0 0 1 0 0 1 0 0 1 0 0 1 0 0 1 0 0 1 0 0 1 0 0 1 0 0 1 0 0 1 0 0 1 0 0 1 0 0 1 0 0 1 0 0 1</float_array>
          <technique_common>
            <accessor source="#Cube-mesh-normals-array" count="1024" stride="3">
              <param name="X" type="float"/>
              <param name="Y" type="float"/>
              <param name="Z" type="float"/>
            </accessor>
          </technique_common>
        </source>
        <source id="Cube-mesh-map-0">
          <float_array id="Cube-mesh-map-0-array" count="6144">0.07692301 0 0 0.07692313 0 0.07692313 0.07692313 1 0.9230769 1 0.9230769 1 0.07692301 0 0 0.07692313 0 0.07692313 0 0 0 0.9230769 0 0.9230769 0 0 1 0.07692301 1 0.07692301 0.07692301 0 0 0.07692313 0 0.07692313 1 1 0.75 0.5 1 0.5 0.75 1 0.5 0.5 0.75 0.5 0.5 1 0.25 0.5 0.5 0.5 0.25 1 0 0.5 0.25 0.5 0 0.07692313 0.75 0.5 0.07692301 0 0 0 0 0.9230769 0.5376983 0.5221052 0.07692313 1 0.4623016 0.5221052 0.5376983 0.5221052 0 0 0.07692301 0 0 0 0 0 1 0.07692301 0 0 0.25 0.5 0 0 0 0 0.5 0.5 0.07692301 0 0.75 0.5 0.25 0.5 0 0 0.5 0.5 1 1 0.75 0.5 1 0.5 0.75 1 0.5 0.5 0.75 0.5 0.5 1 0.25 0.5 0.5 0.5 0.25 1 0 0.5 0.25 0.5 0 0.07692313 0.75 0.5 0.07692301 0 0.25 0.5 0 0 0 0 0.5 0.5 0.07692301 0 0.75 0.5 0.25 0.5 0 0 0.5 0.5 1 1 0.75 0.5 1 0.5 0.75 1 0.5 0.5 0.75 0.5 0.5 1 0.25 0.5 0.5 0.5 0.25 1 0 0.5 0.25 0.5 0 0.07692313 0.75 0.5 0.07692301 0 0.25 0.5 0 0 0 0 0.5 0.5 0.07692301 0 0.75 0.5 0.25 0.5 0 0 0.5 0.5 1 1 0.75 0.5 1 0.5 0.75 1 0.5 0.5 0.75 0.5 0.5 1 0.25 0.5 0.5 0.5 0.25 1 0 0.5 0.25 0.5 0 0.07692313 0.75 0.5 0.07692301 0 0.25 0.5 0 0 0 0 0.5 0.5 0.07692301 0 0.75 0.5 0.25 0.5 0 0 0.5 0.5 0 0.9230769 0 0.07692313 0.07692301 0 1 0.07692301 0.9230769 1 0 0.9230769 0.07692301 0 0.9230769 0 1 0.07692301 1 0.07692301 1 0.9230769 0.9230769 1 0.9230769 1 0.07692313 1 0 0.9230769 0 0.9230769 0.07692301 0 1 0.07692301 0 0 0.07692301 0 0.07692301 0 0.07692301 0 0 0.07692313 0 0.07692313 0.25 0.49 0.25 0.00999999 0.49 0.25 0.25 0.49 0.25 0.00999999 0.49 0.25 0.49 0.25 0.00999999 0.25 0.25 0.00999999 0.25 0.49 0.25 0.00999999 0.49 0.25 0.8583334 0.5 0.6416667 0.75 0.6416667 0.5 0.6083334 0 0.3916667 0.25 0.3916667 0 0.6083334 0.5 0.3916667 0.75 0.3916667 0.5 0.375 0 0.3916667 0.25 0.375 0.25 0.625 0.25 0.6083334 0 0.625 0 0.3583334 0.5 0.3916667 0.75 0.3583333 0.75 0.6416667 0.75 0.6083334 0.5 0.6416667 0.5 0.3583334 0.5 0.1416666 0.75 0.1416667 0.5 0.625 0 0.375 0.25 0.375 0 0.3583334 0.5 0.1416666 0.75 0.1416667 0.5 0.625 0.5 0.375 0.75 0.375 0.5 0.625 0.75 0.375 1 0.375 0.75 0.375 0.5 0.125 0.75 0.125 0.5 0.875 0.5 0.625 0.75 0.625 0.5 0.625 0 0.375 0.25 0.375 0 0.6416667 0.5 0.6083334 0.75 0.6083334 0.5 0.625 0.5 0.375 0.75 0.375 0.5 0.625 0.75 0.375 1 0.375 0.75 0.375 0.5 0.125 0.75 0.125 0.5 0.875 0.5 0.625 0.75 0.625 0.5 0.625 0 0.375 0.25 0.375 0 0.3583334 0.5 0.3916667 0.75 0.3583333 0.75 0.625 0.5 0.375 0.75 0.375 0.5 0.625 0.75 0.375 1 0.375 0.75 0.375 0.5 0.125 0.75 0.125 0.5 0.875 0.5 0.625 0.75 0.625 0.5 0.625 0 0.375 0.25 0.375 0 0.625 0.25 0.6083334 0 0.625 0 0.625 0.5 0.375 0.75 0.375 0.5 0.625 0.75 0.375 1 0.375 0.75 0.375 0.5 0.125 0.75 0.125 0.5 0.875 0.5 0.625 0.75 0.625 0.5 0.375 0 0.375 0.25 0.3916667 0 0.3916667 0.75 0.375 0.5 0.3583333 0.75 0.375 0.25 0.625 0 0.6083334 0 0.3916667 0 0.375 0.25 0.6083334 0 0 0 0 0 0 0 0.625 0 0 0 0.6416667 0.75 0 0 0 0 0 0 0 0 0 0 0 0 0 0 0.625 0.5 0.3916667 0.75 0 0 0 0 0 0 0.3583333 0.75 0.375 0.5 0.375 0 0 0 0 0 0 0 1 1 0.875 0.5 1 0.5 0.875 1 0.75 0.5 0.875 0.5 0.75 1 0.625 0.5 0.75 0.5 0.625 1 0.5 0.5 0.625 0.5 0.5 1 0.375 0.5 0.5 0.5 0.375 1 0.25 0.5 0.375 0.5 0.49 0.25 0.25 0.49 0.00999999 0.25 0.25 1 0.125 0.5 0.25 0.5 0.125 1 0 0.5 0.125 0.5 0.375 0 0.3916667 0.25 0.375 0.25 1 1 0.875 0.5 1 0.5 0.875 1 0.75 0.5 0.875 0.5 0.75 1 0.625 0.5 0.75 0.5 0.625 1 0.5 0.5 0.625 0.5 0.5 1 0.375 0.5 0.5 0.5 0.375 1 0.25 0.5 0.375 0.5 0.49 0.25 0.25 0.49 0.00999999 0.25 0.25 1 0.125 0.5 0.25 0.5 0.125 1 0 0.5 0.125 0.5 0.6083334 0.5 0.3916667 0.75 0.3916667 0.5 1 1 0.875 0.5 1 0.5 0.875 1 0.75 0.5 0.875 0.5 0.75 1 0.625 0.5 0.75 0.5 0.625 1 0.5 0.5 0.625 0.5 0.5 1 0.375 0.5 0.5 0.5 0.375 1 0.25 0.5 0.375 0.5 0.49 0.25 0.25 0.49 0.00999999 0.25 0.25 1 0.125 0.5 0.25 0.5 0.125 1 0 0.5 0.125 0.5 0.6083334 0 0.3916667 0.25 0.3916667 0 1 1 0.875 0.5 1 0.5 0.875 1 0.75 0.5 0.875 0.5 0.75 1 0.625 0.5 0.75 0.5 0.625 1 0.5 0.5 0.625 0.5 0.5 1 0.375 0.5 0.5 0.5 0.375 1 0.25 0.5 0.375 0.5 0.4197056 0.08029437 0.49 0.25 0.00999999 0.25 0.25 1 0.125 0.5 0.25 0.5 0.125 1 0 0.5 0.125 0.5 0.8583334 0.5 0.6416667 0.75 0.6416667 0.5 0.125 0.5 0.625 0.5 0.375 0.5 0 0.5 0.875 0.5 0.625 0.5 0.625 0.5 0 0 0 0 0.875 0.5 0 0 0 0 0 0 0 0 0 0 0.625 0.5 0 0 0 0 0 0 0 0 0 0 0.625 0.5 0 0 0 0 0 0 0 0 0 0 0 0 0.5 0.5 0.375 0.5 0.375 0.5 0 0 0 0 0 0 0.375 0.5 0 0 0 0 0 0 0 0 0 0 0.125 0.5 0 0 0.125 0.5 0 0 0 0 0 0 0 0 0 0 0 0 0 0 0 0 0 0 0 0 0 0 0 0 0 0 0 0 0 0 0 0 0 0 0 0 0 0 0 0 0 0 0 0 0 0 0 0 0 0 0 0 0 0 0 0 0 0 0 0 0.75 0.49 0 0 0.51 0.25 0 0 0 0 0.99 0.25 0 0 0 0 0 0 0.625 0.5 0.5 0.5 0.75 0.49 0.5 0.5 0 0 0.8583334 0.5 0.6416667 0.75 0.6416667 0.5 0.6083334 0 0.3916667 0.25 0.3916667 0 0.6083334 0.5 0.3916667 0.75 0.3916667 0.5 0.375 0.25 0.3916667 0 0.3916667 0.25 0.625 0.25 0.6083334 0 0.625 0 0.3583334 0.5 0.3916667 0.75 0.3583333 0.75 0.6416667 0.5 0.6083334 0.75 0.6083334 0.5 0.1416667 0.5 0.3583333 0.75 0.1416666 0.75 0.625 0 0.375 0.25 0.375 0 0.625 0 0.375 0.25 0.375 0 0.625 0.5 0.375 0.75 0.375 0.5 0.625 0.75 0.375 1 0.375 0.75 0.125 0.5 0.375 0.75 0.125 0.75 0.625 0.5 0.875 0.75 0.625 0.75 0.625 0 0.375 0.25 0.375 0 0.625 0 0.375 0.25 0.375 0 0.625 0.5 0.375 0.75 0.375 0.5 0.625 0.75 0.375 1 0.375 0.75 0.375 0.5 0.125 0.75 0.125 0.5 0.875 0.5 0.625 0.75 0.625 0.5 0.625 0 0.375 0.25 0.375 0 0.875 0.5 0.625 0.75 0.625 0.5 0.625 0.5 0.375 0.75 0.375 0.5 0.375 0.75 0.625 1 0.375 1 0.125 0.5 0.375 0.75 0.125 0.75 0.625 0.5 0.875 0.75 0.625 0.75 0.625 0 0.375 0.25 0.375 0 0.375 0.5 0.125 0.75 0.125 0.5 0.625 0.5 0.375 0.75 0.375 0.5 0.625 0.75 0.375 1 0.375 0.75 0.375 0.5 0.125 0.75 0.125 0.5 0.875 0.5 0.625 0.75 0.625 0.5 0.375 0 0.375 0.25 0.3916667 0 0.3583333 0.75 0.625 0.5 0.375 0.5 0.375 0.25 0.625 0 0.6083334 0 0.3916667 0 0.375 0.25 0.6083334 0 0 0 0 0 0 0 0.625 0.25 0.6416667 0.75 0.625 0 0 0 0 0 0 0 0 0 0 0 0 0 0 0 0.3916667 0.75 0 0 0 0 0 0 0 0 0.375 0.5 0.375 0 0.3583333 0.75 0 0 0 0 0 0 1 1 0.875 0.5 1 0.5 0.875 1 0.75 0.5 0.875 0.5 0.75 1 0.625 0.5 0.75 0.5 0.625 1 0.5 0.5 0.625 0.5 0.5 0.5 0.375 1 0.375 0.5 0.375 1 0.25 0.5 0.375 0.5 0.4197056 0.08029437 0.49 0.25 0.00999999 0.25 0.25 1 0.125 0.5 0.25 0.5 0.125 0.5 0 1 0 0.5 0.5802944 0.08029437 0.9197056 0.08029437 0.9197056 0.4197056 1 1 0.875 0.5 1 0.5 0.875 1 0.75 0.5 0.875 0.5 0.75 1 0.625 0.5 0.75 0.5 0.625 1 0.5 0.5 0.625 0.5 0.5 1 0.375 0.5 0.5 0.5 0.375 1 0.25 0.5 0.375 0.5 0.49 0.25 0.25 0.49 0.00999999 0.25 0.25 1 0.125 0.5 0.25 0.5 0.125 1 0 0.5 0.125 0.5 0.625 0.75 0.375 1 0.375 0.75 1 1 0.875 0.5 1 0.5 0.875 1 0.75 0.5 0.875 0.5 0.75 1 0.625 0.5 0.75 0.5 0.625 1 0.5 0.5 0.625 0.5 0.5 0.5 0.375 1 0.375 0.5 0.375 1 0.25 0.5 0.375 0.5 0.4197056 0.08029437 0.49 0.25 0.00999999 0.25 0.25 1 0.125 0.5 0.25 0.5 0.125 0.5 0 1 0 0.5 0.5802944 0.4197056 0.5802944 0.08029437 0.9197056 0.08029437 1 1 0.875 0.5 1 0.5 0.875 1 0.75 0.5 0.875 0.5 0.75 1 0.625 0.5 0.75 0.5 0.625 1 0.5 0.5 0.625 0.5 0.5 1 0.375 0.5 0.5 0.5 0.375 1 0.25 0.5 0.375 0.5 0.49 0.25 0.25 0.49 0.00999999 0.25 0.25 1 0.125 0.5 0.25 0.5 0.125 1 0 0.5 0.125 0.5 0.625 0.5 0.375 0.75 0.375 0.5 0.125 0.5 0.625 0.5 0.375 0.5 0 0.5 0.875 0.5 0.625 0.5 0.875 0.5 0 0 0.625 0.5 0.875 0.5 0 0 0 0 0 0 0 0 0 0 0.625 0.5 0 0 0 0 0 0 0 0 0 0 0.625 0.5 0 0 0 0 0 0 0 0 0 0 0 0 0.5 0.5 0.375 0.5 0.375 0.5 0 0 0 0 0 0 0.375 0.5 0 0 0 0 0 0 0 0 0 0 0.125 0.5 0 0 0.125 0.5 0 0 0 0 0 0 0 0 0 0 0 0 0 0 0 0 0 0 0 0 0 0 0 0 0 0 0 0 0 0 0 0 0 0 0 0 0 0 0 0 0 0 0 0 0 0 0 0 0 0 0 0 0 0 0 0 0 0 0 0 0.75 0.49 0 0 0.51 0.25 0 0 0 0 0.99 0.25 0 0 0 0 0 0 0.625 0.5 0.5 0.5 0.75 0.49 0.5 0.5 0 0 0 0 0.5376983 0.5221052 0.4623016 0.5221052 0.7083332 0.6666049 0.7916666 0.6666049 0.7083332 0.6666049 0.7916666 0.5832716 0.7083333 0.5832716 0.7083333 0.5832716 0.7083333 0.5832716 0.7083332 0.6666049 0.7083333 0.5832716 0 0 0 0 0 0 0.7083333 0.7083024 0.625 0.75 0.625 0.7083024 0.7916666 0.7083025 0.7083333 0.75 0.7083333 0.7083024 0.7916666 0.6666049 0.7916666 0.5832716 0.7916666 0.6666049 0.625 0.5416358 0.625 0.5832716 0.625 0.5832716 0.625 0.5416358 0.7083333 0.5416358 0.625 0.5416358 0.7805555 0.5943827 0.7194443 0.6554937 0.7194443 0.5943827 0.7083333 0.5 0.625 0.5416358 0.625 0.5 0.7916666 0.5 0.7083333 0.5416358 0.7083333 0.5 0.7083333 0.5416358 0.7916666 0.5832716 0.7083333 0.5832716 0.625 0.5416358 0.7083333 0.5832716 0.625 0.5832716 0.7083333 0.5832716 0.625 0.6666049 0.625 0.5832716 0.7916666 0.6666049 0.7083333 0.7083024 0.7083332 0.6666049 0.7083332 0.6666049 0.625 0.7083024 0.625 0.6666049 0.7916666 0.5416358 0.7083333 0.5416358 0.7083333 0.5416358 0.7916666 0.7083025 0.7083333 0.7083024 0.7916666 0.7083025 0.625 0.7083024 0.625 0.6666049 0.625 0.7083024 0.625 0.5832716 0.625 0.6666049 0.625 0.6666049 0.625 0.7083024 0.7083333 0.7083024 0.7083333 0.7083024 0.7194443 0.6554937 0.7083333 0.5832716 0.7194443 0.5943827 0.7805555 0.5943827 0.7916666 0.6666049 0.7805555 0.6554938 0.7194443 0.5943827 0.7916666 0.5832716 0.7805555 0.5943827 0.7805555 0.6554938 0.7083332 0.6666049 0.7194443 0.6554937 0.7916666 0.7083025 0.8333333 0.75 0.7916666 0.75 0.7916666 0.5416358 0.8333333 0.5832716 0.8333333 0.5832716 0.7916666 0.5832716 0.7916666 0.5416358 0.8333333 0.5832716 0.7916666 0.6666049 0.8333333 0.6666049 0.7916666 0.7083025 0.8333333 0.5 0.7916666 0.5416358 0.7916666 0.5 0 0 0 0 0 0 0.8333333 0.5832716 0.7916666 0.6666049 0.7916666 0.5832716 0.7916666 0.7083025 0.8333333 0.6666049 0.7916666 0.7083025 0.8333333 0.5832716 0.8333333 0.6666049 0.8333333 0.6666049 0.8333333 0.6666049 0.8333333 0.5832716 0.8333333 0.5832716 0.625 0.4166666 0.5450807 0.5 0.538799 0.4166666 0.625 0.7083024 0.5450807 0.75 0.5450807 0.7083024 0.625 0.8333333 0.5450807 0.75 0.625 0.75 0.625 0.5416358 0.5513625 0.5832716 0.5450807 0.5416358 0.625 0.5832716 0.5513625 0.6666049 0.5513625 0.5832716 0.625 0.7083024 0.5513625 0.6666049 0.625 0.6666049 0.625 0.5 0.5450807 0.5416358 0.5450807 0.5 0.625 0.9166666 0.6061547 0.9166666 0.5655845 0.8890666 0.625 0.2916666 0.625 0.3333333 0.6061547 0.3333333 0.5387989 0.4166666 0.5250143 0.3885334 0.5655845 0.3609334 0.625 0.9166666 0.625 0.9583333 0.6061546 0.9166666 0.538799 0.4166666 0.5450807 0.5416358 0 0 0 0 0 0 0.5376983 0.5221052 0 0 0.5250143 0.8614665 0 0 0.5387989 0.8333333 0.5450807 0.7083024 0.5450807 0.75 0.5376983 0.5221052 0 0 0 0 0.5450807 0.5416358 0 0 0 0 0.5513625 0.6666049 0.5450807 0.5416358 0.5513625 0.5832716 0 0 0 0 0 0 0 0 0 0 0 0 0.625 0.9583333 0.625 0.9583333 0.625 0.9583333 0.625 0.2916666 0.625 0.2916666 0.625 0.2916666 0.8333333 0.75 0.8333333 0.7083025 0.8333333 0.75 0.8333333 0.5 0.8333333 0.5416358 0.8333333 0.5416358 0.8333333 0.75 0.8333333 0.7083025 0.8333333 0.75 0.625 0.5 0.375 0.75 0.375 0.5 0.8333333 0.5 0.8333333 0.5416358 0.8333333 0.5416358 0 0 0 0 0 0 0 0 0 0 0 0 0 0 0.6416667 0.5 0.6083334 0.5 0.5655845 0.8890666 0.6083334 0.5 0.3916667 0.5 0.3916667 0.5 0.3583334 0.5 0.5655845 0.8890666 0.3583334 0.5 0 0 0.5655845 0.8890666 0.1416667 0.5 0.3916667 0.25 0 0 0.6083334 0.25 0 0 0.3916667 0.25 0.6083334 0.25 0.625 0.25 0 0 0 0 0.625 0.25 0.6416667 0.5 0.7083333 0.5832716 0.7083332 0.6666049 0.7083333 0.5832716 0.7916666 0.5832716 0.7083333 0.5832716 0.7083333 0.5832716 0.7083332 0.6666049 0.7916666 0.6666049 0.7083332 0.6666049 0.6083334 0.5 0 0 0.6061547 0.3333333 0.6416667 0.5 0.6083334 0.5 0.6061547 0.3333333 0.6061547 0.3333333 0.625 0.25 0.6416667 0.5 0.6083334 0.25 0.625 0.25 0.6061547 0.3333333 0.625 0.2916666 0.6061547 0.3333333 0.625 0.2916666 0.625 0.9583333 0.6061546 0.9166666 0.6061546 0.9166666 0.6083334 0.25 0.5655845 0.3609334 0.3916667 0.25 0.3916667 0.25 0 0 0.375 0.25 0.3916667 0.5 0.3583334 0.5 0 0 0.375 0.25 0 0 0.3583334 0.5 0.7083333 0.7083024 0.625 0.75 0.625 0.7083024 0.7916666 0.7083025 0.7083333 0.75 0.7083333 0.7083024 0.7916666 0.6666049 0.7916666 0.5832716 0.7916666 0.6666049 0.625 0.5416358 0.625 0.5832716 0.625 0.5832716 0.625 0.5416358 0.7083333 0.5416358 0.625 0.5416358 0.7805555 0.5943827 0.7194443 0.6554937 0.7194443 0.5943827 0.7083333 0.5 0.625 0.5416358 0.625 0.5 0.7916666 0.5 0.7083333 0.5416358 0.7083333 0.5 0.7083333 0.5416358 0.7916666 0.5832716 0.7083333 0.5832716 0.625 0.5416358 0.7083333 0.5832716 0.625 0.5832716 0.7083333 0.5832716 0.625 0.6666049 0.625 0.5832716 0.7916666 0.6666049 0.7083333 0.7083024 0.7083332 0.6666049 0.7083332 0.6666049 0.625 0.7083024 0.625 0.6666049 0.7916666 0.5416358 0.7083333 0.5416358 0.7083333 0.5416358 0.7916666 0.7083025 0.7083333 0.7083024 0.7916666 0.7083025 0.625 0.7083024 0.625 0.6666049 0.625 0.7083024 0.625 0.5832716 0.625 0.6666049 0.625 0.6666049 0.625 0.7083024 0.7083333 0.7083024 0.7083333 0.7083024 0.7194443 0.5943827 0.7083332 0.6666049 0.7083333 0.5832716 0.7805555 0.5943827 0.7916666 0.6666049 0.7805555 0.6554938 0.7194443 0.5943827 0.7916666 0.5832716 0.7805555 0.5943827 0.7805555 0.6554938 0.7083332 0.6666049 0.7194443 0.6554937 0.7916666 0.7083025 0.8333333 0.75 0.7916666 0.75 0.7916666 0.5416358 0.8333333 0.5832716 0.8333333 0.5832716 0.7916666 0.5832716 0.7916666 0.5416358 0.8333333 0.5832716 0.7916666 0.6666049 0.8333333 0.6666049 0.7916666 0.7083025 0.8333333 0.5 0.7916666 0.5416358 0.7916666 0.5 0.8333333 0.5832716 0.7916666 0.6666049 0.7916666 0.5832716 0.7916666 0.7083025 0.8333333 0.6666049 0.7916666 0.7083025 0.8333333 0.6666049 0.8333333 0.5832716 0.8333333 0.5832716 0.625 0.4166666 0.5450807 0.5 0.538799 0.4166666 0.5450807 0.7083024 0.625 0.75 0.5450807 0.75 0.625 0.8333333 0.5450807 0.75 0.625 0.75 0.625 0.5416358 0.5513625 0.5832716 0.5450807 0.5416358 0.5513625 0.5832716 0.625 0.6666049 0.5513625 0.6666049 0.625 0.7083024 0.5513625 0.6666049 0.625 0.6666049 0.5450807 0.5 0.625 0.5416358 0.5450807 0.5416358 0.625 0.9166666 0.6061547 0.9166666 0.5655845 0.8890666 0.625 0.2916666 0.625 0.3333333 0.6061547 0.3333333 0.5387989 0.4166666 0.5250143 0.3885334 0.5655845 0.3609334 0.625 0.9166666 0.625 0.9583333 0.6061546 0.9166666 0.538799 0.4166666 0.5450807 0.5416358 0 0 0 0 0 0 0.5376983 0.5221052 0 0 0.5250143 0.8614665 0 0 0.5387989 0.8333333 0.5450807 0.7083024 0.5450807 0.75 0 0 0 0 0 0 0.5450807 0.5416358 0 0 0 0 0.5513625 0.5832716 0.5450807 0.7083024 0.5450807 0.5416358 0.625 0.75 0.375 1 0.375 0.75 0.375 0.5 0.125 0.75 0.125 0.5 0.875 0.5 0.625 0.75 0.625 0.5 0.625 0 0.375 0.25 0.375 0 0.625 0.5 0.375 0.75 0.375 0.5 0.625 0.75 0.375 1 0.375 0.75 0.375 0.5 0.125 0.75 0.125 0.5 0.875 0.5 0.625 0.75 0.625 0.5 0.625 0 0.375 0.25 0.375 0 0.625 0.5 0.375 0.75 0.375 0.5 0.625 0.75 0.375 1 0.375 0.75 0.375 0.5 0.125 0.75 0.125 0.5 0.875 0.5 0.625 0.75 0.625 0.5 0.375 0 0.375 0.25 0.3916667 0 0.3916667 0.75 0.375 0.5 0.3583333 0.75 0.375 0.25 0.625 0 0.6083334 0 0.3916667 0 0.375 0.25 0.6083334 0 0 0 0 0 0 0 0.625 0.25 0.6416667 0.75 0.625 0 0 0 0 0 0 0 0 0 0 0 0 0 0 0 0.625 0.5 0.3916667 0.75 0 0 0 0 0 0 0.3583333 0.75 0.375 0.5 0.375 0 0 0 0 0 0 0 1 1 0.875 0.5 1 0.5 0.875 1 0.75 0.5 0.875 0.5 0.75 1 0.625 0.5 0.75 0.5 0.625 1 0.5 0.5 0.625 0.5 0.5 1 0.375 0.5 0.5 0.5 0.375 1 0.25 0.5 0.375 0.5 0.49 0.25 0.25 0.49 0.00999999 0.25 0.25 1 0.125 0.5 0.25 0.5 0.125 1 0 0.5 0.125 0.5 1 1 0.875 0.5 1 0.5 0.875 1 0.75 0.5 0.875 0.5 0.75 1 0.625 0.5 0.75 0.5 0.625 1 0.5 0.5 0.625 0.5 0.5 1 0.375 0.5 0.5 0.5 0.375 1 0.25 0.5 0.375 0.5 0.49 0.25 0.25 0.49 0.00999999 0.25 0.25 1 0.125 0.5 0.25 0.5 0.125 1 0 0.5 0.125 0.5 1 1 0.875 0.5 1 0.5 0.875 1 0.75 0.5 0.875 0.5 0.75 1 0.625 0.5 0.75 0.5 0.625 1 0.5 0.5 0.625 0.5 0.5 1 0.375 0.5 0.5 0.5 0.375 1 0.25 0.5 0.375 0.5 0.49 0.25 0.25 0.49 0.00999999 0.25 0.25 1 0.125 0.5 0.25 0.5 0.125 1 0 0.5 0.125 0.5 1 1 0.875 0.5 1 0.5 0.875 1 0.75 0.5 0.875 0.5 0.75 1 0.625 0.5 0.75 0.5 0.625 1 0.5 0.5 0.625 0.5 0.5 1 0.375 0.5 0.5 0.5 0.375 1 0.25 0.5 0.375 0.5 0.4197056 0.08029437 0.49 0.25 0.00999999 0.25 0.25 1 0.125 0.5 0.25 0.5 0.125 1 0 0.5 0.125 0.5 0.125 0.5 0.625 0.5 0.375 0.5 0 0.5 0.875 0.5 0.625 0.5 0.625 0.5 0 0 0 0 0.875 0.5 0 0 0 0 0 0 0 0 0 0 0.625 0.5 0 0 0 0 0 0 0 0 0 0 0.625 0.5 0 0 0 0 0 0 0 0 0 0 0 0 0.5 0.5 0.375 0.5 0.375 0.5 0 0 0 0 0 0 0.375 0.5 0 0 0 0 0 0 0 0 0 0 0.125 0.5 0 0 0.125 0.5 0 0 0 0 0 0 0 0 0 0 0 0 0 0 0 0 0 0 0 0 0 0 0 0 0 0 0 0 0 0 0 0 0 0 0 0 0 0 0 0 0 0 0 0 0 0 0 0 0 0 0 0 0 0 0 0 0 0 0 0 0.75 0.49 0 0 0.51 0.25 0 0 0 0 0.99 0.25 0 0 0 0 0 0 0.625 0.5 0.5 0.5 0.75 0.49 0.5 0.5 0 0 0 0 0.6416667 0.5 0.6083334 0.5 0.5655845 0.8890666 0.6083334 0.5 0.3916667 0.5 0.3916667 0.5 0.3583334 0.5 0.5655845 0.8890666 0.1416667 0.5 0.5655845 0.8890666 0.3583334 0.5 0.1416667 0.5 0.3916667 0.25 0 0 0.6083334 0.25 0 0 0.3916667 0.25 0.6083334 0.25 0.625 0.25 0 0 0.6416667 0.5 0.6061546 0.9166666 0.625 0.25 0.07692301 0 0.07692301 0 0 0.07692313 0.07692313 1 0.07692313 1 0.9230769 1 0.07692301 0 0.07692301 0 0 0.07692313 0 0 0 0 0 0.9230769 0 0 0 0 1 0.07692301 0.07692301 0 0.07692301 0 0 0.07692313 1 1 0.75 1 0.75 0.5 0.75 1 0.5 1 0.5 0.5 0.5 1 0.25 1 0.25 0.5 0.25 1 0 1 0 0.5 0 0.07692313 1 0.5 0.75 0.5 0 0 0 0 0 0.9230769 0.07692313 1 0.9230769 1 0.4623016 0.5221052 0 0 0 0 0.07692301 0 0 0 0 0 1 0.07692301 0.25 0.5 1 0.5 0 0 0.5 0.5 0 0 0.07692301 0 1 1 0.75 1 0.75 0.5 0.75 1 0.5 1 0.5 0.5 0.5 1 0.25 1 0.25 0.5 0.25 1 0 1 0 0.5 0 0.07692313 1 0.5 0.75 0.5 0.25 0.5 1 0.5 0 0 0.5 0.5 0 0 0.07692301 0 1 1 0.75 1 0.75 0.5 0.75 1 0.5 1 0.5 0.5 0.5 1 0.25 1 0.25 0.5 0.25 1 0 1 0 0.5 0 0.07692313 1 0.5 0.75 0.5 0.25 0.5 1 0.5 0 0 0.5 0.5 0 0 0.07692301 0 1 1 0.75 1 0.75 0.5 0.75 1 0.5 1 0.5 0.5 0.5 1 0.25 1 0.25 0.5 0.25 1 0 1 0 0.5 0 0.07692313 1 0.5 0.75 0.5 0.25 0.5 1 0.5 0 0 0.5 0.5 0 0 0.07692301 0 0 0 0 0 0.07692301 0 0.07692301 0 0.07692301 0 0 0.07692313 0.25 0.49 0.00999999 0.25 0.25 0.00999999 0.25 0.49 0.00999999 0.25 0.25 0.00999999 0.49 0.25 0.25 0.49 0.00999999 0.25 0.25 0.49 0.00999999 0.25 0.25 0.00999999 0.8583334 0.5 0.8583334 0.75 0.6416667 0.75 0.6083334 0 0.6083334 0.25 0.3916667 0.25 0.6083334 0.5 0.6083334 0.75 0.3916667 0.75 0.375 0 0.3916667 0 0.3916667 0.25 0.625 0.25 0.6083334 0.25 0.6083334 0 0.3583334 0.5 0.3916667 0.5 0.3916667 0.75 0.6416667 0.75 0.6083334 0.75 0.6083334 0.5 0.3583334 0.5 0.3583333 0.75 0.1416666 0.75 0.625 0 0.625 0.25 0.375 0.25 0.3583334 0.5 0.3583333 0.75 0.1416666 0.75 0.625 0.5 0.625 0.75 0.375 0.75 0.625 0.75 0.625 1 0.375 1 0.375 0.5 0.375 0.75 0.125 0.75 0.875 0.5 0.875 0.75 0.625 0.75 0.625 0 0.625 0.25 0.375 0.25 0.6416667 0.5 0.6416667 0.75 0.6083334 0.75 0.625 0.5 0.625 0.75 0.375 0.75 0.625 0.75 0.625 1 0.375 1 0.375 0.5 0.375 0.75 0.125 0.75 0.875 0.5 0.875 0.75 0.625 0.75 0.625 0 0.625 0.25 0.375 0.25 0.3583334 0.5 0.3916667 0.5 0.3916667 0.75 0.625 0.5 0.625 0.75 0.375 0.75 0.625 0.75 0.625 1 0.375 1 0.375 0.5 0.375 0.75 0.125 0.75 0.875 0.5 0.875 0.75 0.625 0.75 0.625 0 0.625 0.25 0.375 0.25 0.625 0.25 0.6083334 0.25 0.6083334 0 0.625 0.5 0.625 0.75 0.375 0.75 0.625 0.75 0.625 1 0.375 1 0.375 0.5 0.375 0.75 0.125 0.75 0.875 0.5 0.875 0.75 0.625 0.75 0.375 0 0.375 0.5 0.375 0.25 0.3916667 0.75 0.625 0.5 0.375 0.5 0.375 0.25 0.625 0.25 0.625 0 0.3916667 0 0.375 0.25 0.375 0.25 0 0 0 0 0 0 0.625 0 0.625 0.25 0 0 0 0 0 0 0 0 0 0 0 0 0 0 0 0 0 0 0.625 0.5 0 0 0 0 0 0 0.3583333 0.75 0.375 0.5 0.375 0.5 0 0 0 0 0 0 1 1 0.875 1 0.875 0.5 0.875 1 0.75 1 0.75 0.5 0.75 1 0.625 1 0.625 0.5 0.625 1 0.5 1 0.5 0.5 0.5 1 0.375 1 0.375 0.5 0.375 1 0.25 1 0.25 0.5 0.49 0.25 0.4197056 0.4197056 0.25 0.49 0.25 0.49 0.08029437 0.4197056 0.00999999 0.25 0.00999999 0.25 0.08029437 0.08029437 0.25 0.00999999 0.25 0.00999999 0.4197056 0.08029437 0.00999999 0.25 0.4197056 0.08029437 0.49 0.25 0.00999999 0.25 0.25 1 0.125 1 0.125 0.5 0.125 1 0 1 0 0.5 0.375 0 0.3916667 0 0.3916667 0.25 1 1 0.875 1 0.875 0.5 0.875 1 0.75 1 0.75 0.5 0.75 1 0.625 1 0.625 0.5 0.625 1 0.5 1 0.5 0.5 0.5 1 0.375 1 0.375 0.5 0.375 1 0.25 1 0.25 0.5 0.49 0.25 0.4197056 0.4197056 0.25 0.49 0.25 0.49 0.08029437 0.4197056 0.00999999 0.25 0.00999999 0.25 0.08029437 0.08029437 0.25 0.00999999 0.25 0.00999999 0.4197056 0.08029437 0.00999999 0.25 0.4197056 0.08029437 0.49 0.25 0.00999999 0.25 0.25 1 0.125 1 0.125 0.5 0.125 1 0 1 0 0.5 0.6083334 0.5 0.6083334 0.75 0.3916667 0.75 1 1 0.875 1 0.875 0.5 0.875 1 0.75 1 0.75 0.5 0.75 1 0.625 1 0.625 0.5 0.625 1 0.5 1 0.5 0.5 0.5 1 0.375 1 0.375 0.5 0.375 1 0.25 1 0.25 0.5 0.49 0.25 0.4197056 0.4197056 0.25 0.49 0.25 0.49 0.08029437 0.4197056 0.00999999 0.25 0.00999999 0.25 0.08029437 0.08029437 0.25 0.00999999 0.25 0.00999999 0.4197056 0.08029437 0.00999999 0.25 0.4197056 0.08029437 0.49 0.25 0.00999999 0.25 0.25 1 0.125 1 0.125 0.5 0.125 1 0 1 0 0.5 0.6083334 0 0.6083334 0.25 0.3916667 0.25 1 1 0.875 1 0.875 0.5 0.875 1 0.75 1 0.75 0.5 0.75 1 0.625 1 0.625 0.5 0.625 1 0.5 1 0.5 0.5 0.5 1 0.375 1 0.375 0.5 0.375 1 0.25 1 0.25 0.5 0.49 0.25 0.4197056 0.4197056 0.00999999 0.25 0.4197056 0.4197056 0.25 0.49 0.00999999 0.25 0.25 0.49 0.08029437 0.4197056 0.00999999 0.25 0.00999999 0.25 0.08029437 0.08029437 0.25 0.00999999 0.25 0.00999999 0.4197056 0.08029437 0.00999999 0.25 0.25 1 0.125 1 0.125 0.5 0.125 1 0 1 0 0.5 0.8583334 0.5 0.8583334 0.75 0.6416667 0.75 0.125 0.5 0 0.5 0.625 0.5 0.625 0.5 0.875 0.5 0 0 0 0 0 0 0 0 0 0 0.625 0.5 0 0 0 0 0 0 0 0 0.375 0.5 0 0 0 0 0 0 0 0 0 0 0.125 0.5 0 0 0 0 0 0 0 0 0 0 0 0 0 0 0 0 0 0 0 0 0 0 0 0 0 0 0 0 0 0 0 0 0 0 0 0 0 0 0 0 0 0 0 0 0 0 0 0 0 0 0 0 0.75 0.49 0.51 0.25 0.5 0.5 0.8583334 0.5 0.8583334 0.75 0.6416667 0.75 0.6083334 0 0.6083334 0.25 0.3916667 0.25 0.6083334 0.5 0.6083334 0.75 0.3916667 0.75 0.375 0.25 0.375 0 0.3916667 0 0.625 0.25 0.6083334 0.25 0.6083334 0 0.3583334 0.5 0.3916667 0.5 0.3916667 0.75 0.6416667 0.5 0.6416667 0.75 0.6083334 0.75 0.1416667 0.5 0.3583334 0.5 0.3583333 0.75 0.625 0 0.625 0.25 0.375 0.25 0.625 0 0.625 0.25 0.375 0.25 0.625 0.5 0.625 0.75 0.375 0.75 0.625 0.75 0.625 1 0.375 1 0.125 0.5 0.375 0.5 0.375 0.75 0.625 0.5 0.875 0.5 0.875 0.75 0.625 0 0.625 0.25 0.375 0.25 0.625 0 0.625 0.25 0.375 0.25 0.625 0.5 0.625 0.75 0.375 0.75 0.625 0.75 0.625 1 0.375 1 0.375 0.5 0.375 0.75 0.125 0.75 0.875 0.5 0.875 0.75 0.625 0.75 0.625 0 0.625 0.25 0.375 0.25 0.875 0.5 0.875 0.75 0.625 0.75 0.625 0.5 0.625 0.75 0.375 0.75 0.375 0.75 0.625 0.75 0.625 1 0.125 0.5 0.375 0.5 0.375 0.75 0.625 0.5 0.875 0.5 0.875 0.75 0.625 0 0.625 0.25 0.375 0.25 0.375 0.5 0.375 0.75 0.125 0.75 0.625 0.5 0.625 0.75 0.375 0.75 0.625 0.75 0.625 1 0.375 1 0.375 0.5 0.375 0.75 0.125 0.75 0.875 0.5 0.875 0.75 0.625 0.75 0.375 0 0.375 0.5 0.375 0.25 0.3583333 0.75 0.3916667 0.75 0.625 0.5 0.375 0.25 0.625 0.25 0.625 0 0.3916667 0 0.375 0.25 0.375 0.25 0 0 0 0 0 0 0.625 0.25 0 0 0.6416667 0.75 0 0 0 0 0 0 0 0 0 0 0 0 0 0 0.625 0.5 0.3916667 0.75 0 0 0 0 0 0 0.375 0.5 0.375 0.5 0.375 0 0 0 0 0 0 0 1 1 0.875 1 0.875 0.5 0.875 1 0.75 1 0.75 0.5 0.75 1 0.625 1 0.625 0.5 0.625 1 0.5 1 0.5 0.5 0.5 0.5 0.5 1 0.375 1 0.375 1 0.25 1 0.25 0.5 0.49 0.25 0.4197056 0.4197056 0.00999999 0.25 0.4197056 0.4197056 0.25 0.49 0.00999999 0.25 0.25 0.49 0.08029437 0.4197056 0.00999999 0.25 0.00999999 0.25 0.08029437 0.08029437 0.25 0.00999999 0.25 0.00999999 0.4197056 0.08029437 0.00999999 0.25 0.25 1 0.125 1 0.125 0.5 0.125 0.5 0.125 1 0 1 0.9197056 0.4197056 0.75 0.49 0.5802944 0.4197056 0.5802944 0.4197056 0.51 0.25 0.9197056 0.4197056 0.51 0.25 0.5802944 0.08029437 0.9197056 0.4197056 0.5802944 0.08029437 0.75 0.00999999 0.9197056 0.08029437 0.9197056 0.08029437 0.99 0.25 0.9197056 0.4197056 1 1 0.875 1 0.875 0.5 0.875 1 0.75 1 0.75 0.5 0.75 1 0.625 1 0.625 0.5 0.625 1 0.5 1 0.5 0.5 0.5 1 0.375 1 0.375 0.5 0.375 1 0.25 1 0.25 0.5 0.49 0.25 0.4197056 0.4197056 0.25 0.49 0.25 0.49 0.08029437 0.4197056 0.00999999 0.25 0.00999999 0.25 0.08029437 0.08029437 0.25 0.00999999 0.25 0.00999999 0.4197056 0.08029437 0.00999999 0.25 0.4197056 0.08029437 0.49 0.25 0.00999999 0.25 0.25 1 0.125 1 0.125 0.5 0.125 1 0 1 0 0.5 0.625 0.75 0.625 1 0.375 1 1 1 0.875 1 0.875 0.5 0.875 1 0.75 1 0.75 0.5 0.75 1 0.625 1 0.625 0.5 0.625 1 0.5 1 0.5 0.5 0.5 0.5 0.5 1 0.375 1 0.375 1 0.25 1 0.25 0.5 0.49 0.25 0.4197056 0.4197056 0.25 0.49 0.25 0.49 0.08029437 0.4197056 0.49 0.25 0.08029437 0.4197056 0.00999999 0.25 0.49 0.25 0.00999999 0.25 0.08029437 0.08029437 0.25 0.00999999 0.25 0.00999999 0.4197056 0.08029437 0.00999999 0.25 0.25 1 0.125 1 0.125 0.5 0.125 0.5 0.125 1 0 1 0.9197056 0.4197056 0.75 0.49 0.5802944 0.4197056 0.5802944 0.4197056 0.51 0.25 0.5802944 0.08029437 0.5802944 0.08029437 0.75 0.00999999 0.9197056 0.08029437 0.9197056 0.08029437 0.99 0.25 0.9197056 0.4197056 0.9197056 0.4197056 0.5802944 0.4197056 0.9197056 0.08029437 1 1 0.875 1 0.875 0.5 0.875 1 0.75 1 0.75 0.5 0.75 1 0.625 1 0.625 0.5 0.625 1 0.5 1 0.5 0.5 0.5 1 0.375 1 0.375 0.5 0.375 1 0.25 1 0.25 0.5 0.49 0.25 0.4197056 0.4197056 0.25 0.49 0.25 0.49 0.08029437 0.4197056 0.00999999 0.25 0.00999999 0.25 0.08029437 0.08029437 0.25 0.00999999 0.25 0.00999999 0.4197056 0.08029437 0.00999999 0.25 0.4197056 0.08029437 0.49 0.25 0.00999999 0.25 0.25 1 0.125 1 0.125 0.5 0.125 1 0 1 0 0.5 0.625 0.5 0.625 0.75 0.375 0.75 0.125 0.5 0 0.5 0.625 0.5 0.875 0.5 0 0 0 0 0 0 0 0 0 0 0 0 0.625 0.5 0 0 0 0 0 0 0 0 0.375 0.5 0 0 0 0 0 0 0 0 0 0 0.125 0.5 0 0 0 0 0 0 0 0 0 0 0 0 0 0 0 0 0 0 0 0 0 0 0 0 0 0 0 0 0 0 0 0 0 0 0 0 0 0 0 0 0 0 0 0 0 0 0 0 0 0 0 0 0.75 0.49 0.51 0.25 0.5 0.5 0 0 0 0 0.5376983 0.5221052 0.7083332 0.6666049 0.7916666 0.6666049 0.7916666 0.6666049 0.7916666 0.5832716 0.7916666 0.5832716 0.7083333 0.5832716 0.7083333 0.5832716 0.7083332 0.6666049 0.7083332 0.6666049 0 0 0 0 0 0 0.7083333 0.7083024 0.7083333 0.75 0.625 0.75 0.7916666 0.7083025 0.7916666 0.75 0.7083333 0.75 0.7916666 0.6666049 0.7916666 0.5832716 0.7916666 0.5832716 0.625 0.5416358 0.625 0.5416358 0.625 0.5832716 0.625 0.5416358 0.7083333 0.5416358 0.7083333 0.5416358 0.7805555 0.5943827 0.7805555 0.6554938 0.7194443 0.6554937 0.7083333 0.5 0.7083333 0.5416358 0.625 0.5416358 0.7916666 0.5 0.7916666 0.5416358 0.7083333 0.5416358 0.7083333 0.5416358 0.7916666 0.5416358 0.7916666 0.5832716 0.625 0.5416358 0.7083333 0.5416358 0.7083333 0.5832716 0.7083333 0.5832716 0.7083332 0.6666049 0.625 0.6666049 0.7916666 0.6666049 0.7916666 0.7083025 0.7083333 0.7083024 0.7083332 0.6666049 0.7083333 0.7083024 0.625 0.7083024 0.7916666 0.5416358 0.7916666 0.5416358 0.7083333 0.5416358 0.7916666 0.7083025 0.7083333 0.7083024 0.7083333 0.7083024 0.625 0.7083024 0.625 0.6666049 0.625 0.6666049 0.625 0.5832716 0.625 0.5832716 0.625 0.6666049 0.625 0.7083024 0.625 0.7083024 0.7083333 0.7083024 0.7194443 0.6554937 0.7083332 0.6666049 0.7083333 0.5832716 0.7805555 0.5943827 0.7916666 0.5832716 0.7916666 0.6666049 0.7194443 0.5943827 0.7083333 0.5832716 0.7916666 0.5832716 0.7805555 0.6554938 0.7916666 0.6666049 0.7083332 0.6666049 0.7916666 0.7083025 0.8333333 0.7083025 0.8333333 0.75 0.7916666 0.5416358 0.7916666 0.5416358 0.8333333 0.5832716 0.8333333 0.5 0.8333333 0.5416358 0.7916666 0.5416358 0 0 0 0 0 0 0.8333333 0.5832716 0.8333333 0.6666049 0.7916666 0.6666049 0.7916666 0.7083025 0.8333333 0.6666049 0.8333333 0.6666049 0.8333333 0.5832716 0.8333333 0.5832716 0.8333333 0.6666049 0.8333333 0.6666049 0.8333333 0.6666049 0.8333333 0.5832716 0.625 0.4166666 0.625 0.5 0.5450807 0.5 0.625 0.7083024 0.625 0.75 0.5450807 0.75 0.625 0.8333333 0.5387989 0.8333333 0.5450807 0.75 0.625 0.5416358 0.625 0.5832716 0.5513625 0.5832716 0.625 0.5832716 0.625 0.6666049 0.5513625 0.6666049 0.625 0.7083024 0.5450807 0.7083024 0.5513625 0.6666049 0.625 0.5 0.625 0.5416358 0.5450807 0.5416358 0.5250143 0.8614665 0.538799 0.8333333 0.5655845 0.8890666 0.538799 0.8333333 0.625 0.8333333 0.5655845 0.8890666 0.625 0.8333333 0.625 0.9166666 0.5655845 0.8890666 0.6061547 0.3333333 0.625 0.3333333 0.5655845 0.3609334 0.625 0.3333333 0.625 0.4166666 0.5655845 0.3609334 0.625 0.4166666 0.5387989 0.4166666 0.5655845 0.3609334 0.538799 0.4166666 0.5450807 0.5 0.5450807 0.5416358 0 0 0.5387989 0.4166666 0 0 0 0 0.538799 0.8333333 0.5250143 0.8614665 0.5387989 0.8333333 0 0 0.5450807 0.7083024 0.5376983 0.5221052 0 0 0 0 0.5450807 0.5416358 0.5450807 0.7083024 0 0 0.5513625 0.6666049 0.5450807 0.7083024 0.5450807 0.5416358 0 0 0 0 0 0 0 0 0 0 0 0 0.625 0.9583333 0.625 0.9583333 0.625 0.9583333 0.625 0.2916666 0.625 0.2916666 0.625 0.2916666 0.8333333 0.75 0.8333333 0.7083025 0.8333333 0.7083025 0.8333333 0.5 0.8333333 0.5 0.8333333 0.5416358 0.8333333 0.75 0.8333333 0.7083025 0.8333333 0.7083025 0.625 0.5 0.625 0.75 0.375 0.75 0.8333333 0.5 0.8333333 0.5 0.8333333 0.5416358 0 0 0 0 0 0 0 0 0 0 0 0 0.5655845 0.8890666 0.6061547 0.9166666 0.6083334 0.5 0.3583334 0.5 0.1416667 0.5 0 0 0.6083334 0.25 0 0 0 0 0 0 0.6061546 0.9166666 0.625 0.25 0.7083333 0.5832716 0.7083332 0.6666049 0.7083332 0.6666049 0.7916666 0.5832716 0.7916666 0.5832716 0.7083333 0.5832716 0.7083332 0.6666049 0.7916666 0.6666049 0.7916666 0.6666049 0.6083334 0.5 0.3916667 0.5 0 0 0.6061547 0.3333333 0.6061547 0.3333333 0.625 0.25 0.625 0.2916666 0.6061547 0.3333333 0.6061547 0.3333333 0.625 0.9583333 0.625 0.9583333 0.6061546 0.9166666 0.6083334 0.25 0.6061547 0.3333333 0.5655845 0.3609334 0.375 0.25 0 0 0 0 0.7083333 0.7083024 0.7083333 0.75 0.625 0.75 0.7916666 0.7083025 0.7916666 0.75 0.7083333 0.75 0.7916666 0.6666049 0.7916666 0.5832716 0.7916666 0.5832716 0.625 0.5416358 0.625 0.5416358 0.625 0.5832716 0.625 0.5416358 0.7083333 0.5416358 0.7083333 0.5416358 0.7805555 0.5943827 0.7805555 0.6554938 0.7194443 0.6554937 0.7083333 0.5 0.7083333 0.5416358 0.625 0.5416358 0.7916666 0.5 0.7916666 0.5416358 0.7083333 0.5416358 0.7083333 0.5416358 0.7916666 0.5416358 0.7916666 0.5832716 0.625 0.5416358 0.7083333 0.5416358 0.7083333 0.5832716 0.7083333 0.5832716 0.7083332 0.6666049 0.625 0.6666049 0.7916666 0.6666049 0.7916666 0.7083025 0.7083333 0.7083024 0.7083332 0.6666049 0.7083333 0.7083024 0.625 0.7083024 0.7916666 0.5416358 0.7916666 0.5416358 0.7083333 0.5416358 0.7916666 0.7083025 0.7083333 0.7083024 0.7083333 0.7083024 0.625 0.7083024 0.625 0.6666049 0.625 0.6666049 0.625 0.5832716 0.625 0.5832716 0.625 0.6666049 0.625 0.7083024 0.625 0.7083024 0.7083333 0.7083024 0.7194443 0.5943827 0.7194443 0.6554937 0.7083332 0.6666049 0.7805555 0.5943827 0.7916666 0.5832716 0.7916666 0.6666049 0.7194443 0.5943827 0.7083333 0.5832716 0.7916666 0.5832716 0.7805555 0.6554938 0.7916666 0.6666049 0.7083332 0.6666049 0.7916666 0.7083025 0.8333333 0.7083025 0.8333333 0.75 0.7916666 0.5416358 0.7916666 0.5416358 0.8333333 0.5832716 0.8333333 0.5 0.8333333 0.5416358 0.7916666 0.5416358 0.8333333 0.5832716 0.8333333 0.6666049 0.7916666 0.6666049 0.7916666 0.7083025 0.8333333 0.6666049 0.8333333 0.6666049 0.8333333 0.6666049 0.8333333 0.6666049 0.8333333 0.5832716 0.625 0.4166666 0.625 0.5 0.5450807 0.5 0.5450807 0.7083024 0.625 0.7083024 0.625 0.75 0.625 0.8333333 0.5387989 0.8333333 0.5450807 0.75 0.625 0.5416358 0.625 0.5832716 0.5513625 0.5832716 0.5513625 0.5832716 0.625 0.5832716 0.625 0.6666049 0.625 0.7083024 0.5450807 0.7083024 0.5513625 0.6666049 0.5450807 0.5 0.625 0.5 0.625 0.5416358 0.5250143 0.8614665 0.538799 0.8333333 0.5655845 0.8890666 0.538799 0.8333333 0.625 0.8333333 0.5655845 0.8890666 0.625 0.8333333 0.625 0.9166666 0.5655845 0.8890666 0.6061547 0.3333333 0.625 0.3333333 0.5655845 0.3609334 0.625 0.3333333 0.625 0.4166666 0.5655845 0.3609334 0.625 0.4166666 0.5387989 0.4166666 0.5655845 0.3609334 0.538799 0.4166666 0.5450807 0.5 0.5450807 0.5416358 0 0 0.5387989 0.4166666 0 0 0 0 0.538799 0.8333333 0.5250143 0.8614665 0.5387989 0.8333333 0 0 0.5450807 0.7083024 0 0 0.5376983 0.5221052 0 0 0.5450807 0.5416358 0.5450807 0.7083024 0 0 0.5513625 0.5832716 0.5513625 0.6666049 0.5450807 0.7083024 0.625 0.75 0.625 1 0.375 1 0.375 0.5 0.375 0.75 0.125 0.75 0.875 0.5 0.875 0.75 0.625 0.75 0.625 0 0.625 0.25 0.375 0.25 0.625 0.5 0.625 0.75 0.375 0.75 0.625 0.75 0.625 1 0.375 1 0.375 0.5 0.375 0.75 0.125 0.75 0.875 0.5 0.875 0.75 0.625 0.75 0.625 0 0.625 0.25 0.375 0.25 0.625 0.5 0.625 0.75 0.375 0.75 0.625 0.75 0.625 1 0.375 1 0.375 0.5 0.375 0.75 0.125 0.75 0.875 0.5 0.875 0.75 0.625 0.75 0.375 0 0.375 0.5 0.375 0.25 0.3916667 0.75 0.625 0.5 0.375 0.5 0.375 0.25 0.625 0.25 0.625 0 0.3916667 0 0.375 0.25 0.375 0.25 0 0 0 0 0 0 0.625 0.25 0 0 0.6416667 0.75 0 0 0 0 0 0 0 0 0 0 0 0 0 0 0 0 0.625 0.5 0 0 0 0 0 0 0.3583333 0.75 0.375 0.5 0.375 0.5 0 0 0 0 0 0 1 1 0.875 1 0.875 0.5 0.875 1 0.75 1 0.75 0.5 0.75 1 0.625 1 0.625 0.5 0.625 1 0.5 1 0.5 0.5 0.5 1 0.375 1 0.375 0.5 0.375 1 0.25 1 0.25 0.5 0.49 0.25 0.4197056 0.4197056 0.25 0.49 0.25 0.49 0.08029437 0.4197056 0.00999999 0.25 0.00999999 0.25 0.08029437 0.08029437 0.25 0.00999999 0.25 0.00999999 0.4197056 0.08029437 0.00999999 0.25 0.4197056 0.08029437 0.49 0.25 0.00999999 0.25 0.25 1 0.125 1 0.125 0.5 0.125 1 0 1 0 0.5 1 1 0.875 1 0.875 0.5 0.875 1 0.75 1 0.75 0.5 0.75 1 0.625 1 0.625 0.5 0.625 1 0.5 1 0.5 0.5 0.5 1 0.375 1 0.375 0.5 0.375 1 0.25 1 0.25 0.5 0.49 0.25 0.4197056 0.4197056 0.25 0.49 0.25 0.49 0.08029437 0.4197056 0.00999999 0.25 0.00999999 0.25 0.08029437 0.08029437 0.25 0.00999999 0.25 0.00999999 0.4197056 0.08029437 0.00999999 0.25 0.4197056 0.08029437 0.49 0.25 0.00999999 0.25 0.25 1 0.125 1 0.125 0.5 0.125 1 0 1 0 0.5 1 1 0.875 1 0.875 0.5 0.875 1 0.75 1 0.75 0.5 0.75 1 0.625 1 0.625 0.5 0.625 1 0.5 1 0.5 0.5 0.5 1 0.375 1 0.375 0.5 0.375 1 0.25 1 0.25 0.5 0.49 0.25 0.4197056 0.4197056 0.25 0.49 0.25 0.49 0.08029437 0.4197056 0.00999999 0.25 0.00999999 0.25 0.08029437 0.08029437 0.25 0.00999999 0.25 0.00999999 0.4197056 0.08029437 0.00999999 0.25 0.4197056 0.08029437 0.49 0.25 0.00999999 0.25 0.25 1 0.125 1 0.125 0.5 0.125 1 0 1 0 0.5 1 1 0.875 1 0.875 0.5 0.875 1 0.75 1 0.75 0.5 0.75 1 0.625 1 0.625 0.5 0.625 1 0.5 1 0.5 0.5 0.5 1 0.375 1 0.375 0.5 0.375 1 0.25 1 0.25 0.5 0.49 0.25 0.4197056 0.4197056 0.00999999 0.25 0.4197056 0.4197056 0.25 0.49 0.00999999 0.25 0.25 0.49 0.08029437 0.4197056 0.00999999 0.25 0.00999999 0.25 0.08029437 0.08029437 0.25 0.00999999 0.25 0.00999999 0.4197056 0.08029437 0.00999999 0.25 0.25 1 0.125 1 0.125 0.5 0.125 1 0 1 0 0.5 0.125 0.5 0 0.5 0.625 0.5 0.625 0.5 0.875 0.5 0 0 0 0 0 0 0 0 0 0 0.625 0.5 0 0 0 0 0 0 0 0 0.375 0.5 0 0 0 0 0 0 0 0 0 0 0.125 0.5 0 0 0 0 0 0 0 0 0 0 0 0 0 0 0 0 0 0 0 0 0 0 0 0 0 0 0 0 0 0 0 0 0 0 0 0 0 0 0 0 0 0 0 0 0 0 0 0 0 0 0 0 0.75 0.49 0.51 0.25 0.5 0.5 0.5655845 0.8890666 0.6061547 0.9166666 0.6083334 0.5 0.1416667 0.5 0 0 0.5655845 0.8890666 0.6083334 0.25 0 0 0 0 0.6416667 0.5 0 0 0.6061546 0.9166666</float_array>
          <technique_common>
            <accessor source="#Cube-mesh-map-0-array" count="3072" stride="2">
              <param name="S" type="float"/>
              <param name="T" type="float"/>
            </accessor>
          </technique_common>
        </source>
        <vertices id="Cube-mesh-vertices">
          <input semantic="POSITION" source="#Cube-mesh-positions"/>
        </vertices>
        <triangles material="paintable-0-material" count="864">
          <input semantic="VERTEX" source="#Cube-mesh-vertices" offset="0"/>
          <input semantic="NORMAL" source="#Cube-mesh-normals" offset="1"/>
          <input semantic="TEXCOORD" source="#Cube-mesh-map-0" offset="2" set="0"/>
          <p>7 0 0 27 0 1 8 0 2 8 1 3 30 1 4 13 1 5 13 2 6 29 2 7 14 2 8 2 3 9 28 3 10 7 3 11 14 4 12 32 4 13 19 4 14 19 5 15 31 5 16 20 5 17 2 10 30 4 10 31 1 10 32 50 11 33 7 11 34 51 11 35 8 12 36 337 12 37 51 12 38 336 13 39 1 13 40 50 13 41 337 14 42 19 14 43 336 14 44 6 15 45 2 15 46 50 15 47 5 16 48 1 16 49 4 16 50 6 17 51 50 17 52 5 17 53 8 22 66 10 22 67 7 22 68 12 23 69 8 23 70 51 23 71 11 24 72 7 24 73 10 24 74 12 25 75 51 25 76 11 25 77 14 30 90 16 30 91 13 30 92 18 31 93 14 31 94 337 31 95 17 32 96 13 32 97 16 32 98 18 33 99 337 33 100 17 33 101 20 38 114 22 38 115 19 38 116 24 39 117 20 39 118 336 39 119 23 40 120 19 40 121 22 40 122 24 41 123 336 41 124 23 41 125 28 42 126 25 42 127 26 42 128 32 43 129 30 43 130 28 43 131 26 44 132 31 44 133 32 44 134 32 45 135 29 45 136 30 45 137 30 46 138 27 46 139 28 46 140 28 47 141 26 47 142 32 47 143 20 48 144 26 48 145 1 48 146 1 49 147 25 49 148 2 49 149 59 54 162 63 54 163 66 54 164 55 55 165 57 55 166 52 55 167 67 56 168 61 56 169 64 56 170 53 57 171 57 57 172 56 57 173 59 58 174 55 58 175 54 58 176 65 59 177 61 59 178 60 59 179 63 60 180 67 60 181 66 60 182 65 61 183 53 61 184 56 61 185 405 63 189 346 63 190 339 63 191 406 69 207 49 69 208 407 69 209 405 75 225 276 75 226 278 75 227 328 81 243 342 81 244 344 81 245 53 86 258 89 86 259 52 86 260 61 87 261 98 87 262 60 87 263 70 88 264 54 88 265 55 88 266 52 89 267 70 89 268 55 89 269 74 90 270 89 90 271 88 90 272 54 91 273 79 91 274 63 91 275 79 92 276 75 92 277 78 92 278 63 93 279 83 93 280 62 93 281 62 94 282 99 94 283 61 94 284 83 95 285 95 95 286 99 95 287 60 96 288 85 96 289 53 96 290 94 97 291 85 97 292 98 97 293 101 98 294 102 98 295 100 98 296 103 99 297 104 99 298 102 99 299 105 100 300 106 100 301 104 100 302 107 101 303 108 101 304 106 101 305 109 102 306 110 102 307 108 102 308 111 103 309 112 103 310 110 103 311 105 104 312 101 104 313 113 104 314 113 105 315 114 105 316 112 105 317 115 106 318 100 106 319 114 106 320 346 107 321 338 107 322 339 107 323 117 108 324 118 108 325 116 108 326 119 109 327 120 109 328 118 109 329 121 110 330 122 110 331 120 110 332 123 111 333 124 111 334 122 111 335 125 112 336 126 112 337 124 112 338 127 113 339 128 113 340 126 113 341 121 114 342 117 114 343 129 114 344 129 115 345 130 115 346 128 115 347 131 116 348 116 116 349 130 116 350 407 117 351 276 117 352 404 117 353 133 118 354 134 118 355 132 118 356 135 119 357 136 119 358 134 119 359 137 120 360 138 120 361 136 120 362 139 121 363 140 121 364 138 121 365 141 122 366 142 122 367 140 122 368 143 123 369 144 123 370 142 123 371 137 124 372 133 124 373 145 124 374 145 125 375 146 125 376 144 125 377 147 126 378 132 126 379 146 126 380 342 127 381 338 127 382 347 127 383 149 128 384 150 128 385 148 128 386 151 129 387 152 129 388 150 129 389 153 130 390 154 130 391 152 130 392 155 131 393 156 131 394 154 131 395 157 132 396 158 132 397 156 132 398 159 133 399 160 133 400 158 133 401 155 134 402 153 134 403 161 134 404 161 135 405 162 135 406 160 135 407 163 136 408 148 136 409 162 136 410 328 137 411 0 137 412 406 137 413 114 138 414 75 138 415 74 138 416 100 139 417 102 139 418 75 139 419 75 140 420 116 140 421 78 140 422 118 141 423 78 141 424 116 141 425 120 142 426 78 142 427 118 142 428 122 143 429 82 143 430 120 143 431 82 144 432 152 144 433 95 144 434 154 145 435 95 145 436 152 145 437 156 146 438 95 146 439 154 146 440 94 147 441 156 147 442 158 147 443 158 148 444 84 148 445 94 148 446 140 149 447 142 149 448 84 149 449 88 150 450 142 150 451 144 150 452 144 151 453 146 151 454 88 151 455 146 152 456 74 152 457 88 152 458 74 153 459 112 153 460 114 153 461 110 154 462 146 154 463 132 154 464 134 155 465 110 155 466 132 155 467 104 156 468 116 156 469 102 156 470 106 157 471 130 157 472 104 157 473 140 158 474 160 158 475 138 158 476 138 159 477 162 159 478 136 159 479 124 160 480 152 160 481 122 160 482 124 161 483 148 161 484 150 161 485 162 162 486 148 162 487 136 162 488 128 163 489 148 163 490 126 163 491 136 164 492 108 164 493 134 164 494 128 165 495 106 165 496 108 165 497 148 166 498 108 166 499 136 166 500 171 167 501 175 167 502 178 167 503 167 168 504 169 168 505 164 168 506 179 169 507 173 169 508 176 169 509 168 170 510 164 170 511 169 170 512 171 171 513 167 171 514 166 171 515 177 172 516 173 172 517 172 172 518 178 173 519 174 173 520 179 173 521 168 174 522 172 174 523 165 174 524 165 199 597 201 199 598 164 199 599 172 200 600 211 200 601 210 200 602 182 201 603 166 201 604 167 201 605 164 202 606 182 202 607 167 202 608 186 203 609 201 203 610 200 203 611 183 204 612 175 204 613 166 204 614 183 205 615 190 205 616 191 205 617 191 206 618 174 206 619 175 206 620 195 207 621 173 207 622 174 207 623 211 208 624 194 208 625 207 208 626 210 209 627 165 209 628 172 209 629 196 210 630 210 210 631 206 210 632 213 211 633 214 211 634 212 211 635 215 212 636 216 212 637 214 212 638 217 213 639 218 213 640 216 213 641 219 214 642 220 214 643 218 214 644 220 215 645 223 215 646 222 215 647 223 216 648 224 216 649 222 216 650 219 217 651 217 217 652 225 217 653 225 218 654 226 218 655 224 218 656 226 219 657 213 219 658 212 219 659 222 220 660 218 220 661 214 220 662 229 221 663 230 221 664 228 221 665 231 222 666 232 222 667 230 222 668 233 223 669 234 223 670 232 223 671 235 224 672 236 224 673 234 224 674 237 225 675 238 225 676 236 225 677 239 226 678 240 226 679 238 226 680 233 227 681 229 227 682 241 227 683 241 228 684 242 228 685 240 228 686 243 229 687 228 229 688 242 229 689 245 231 693 246 231 694 244 231 695 247 232 696 248 232 697 246 232 698 249 233 699 250 233 700 248 233 701 251 234 702 252 234 703 250 234 704 252 235 705 255 235 706 254 235 707 255 236 708 256 236 709 254 236 710 251 237 711 249 237 712 257 237 713 257 238 714 258 238 715 256 238 716 258 239 717 245 239 718 244 239 719 258 240 720 254 240 721 250 240 722 261 241 723 262 241 724 260 241 725 263 242 726 264 242 727 262 242 728 265 243 729 266 243 730 264 243 731 267 244 732 268 244 733 266 244 734 269 245 735 270 245 736 268 245 737 271 246 738 272 246 739 270 246 740 265 247 741 261 247 742 273 247 743 273 248 744 274 248 745 272 248 746 275 249 747 260 249 748 274 249 749 226 251 753 187 251 754 186 251 755 212 252 756 214 252 757 187 252 758 214 253 759 190 253 760 187 253 761 230 254 762 190 254 763 228 254 764 232 255 765 190 255 766 230 255 767 234 256 768 194 256 769 232 256 770 194 257 771 264 257 772 207 257 773 266 258 774 207 258 775 264 258 776 268 259 777 207 259 778 266 259 779 206 260 780 268 260 781 270 260 782 270 261 783 196 261 784 206 261 785 252 262 786 254 262 787 196 262 788 200 263 789 254 263 790 256 263 791 256 264 792 258 264 793 200 264 794 258 265 795 186 265 796 200 265 797 186 266 798 224 266 799 226 266 800 222 267 801 258 267 802 244 267 803 246 268 804 222 268 805 244 268 806 214 269 807 242 269 808 228 269 809 218 270 810 242 270 811 216 270 812 250 271 813 270 271 814 272 271 815 250 272 816 274 272 817 248 272 818 236 273 819 264 273 820 234 273 821 238 274 822 262 274 823 236 274 824 274 275 825 260 275 826 248 275 827 240 276 828 260 276 829 238 276 830 248 277 831 220 277 832 246 277 833 240 278 834 218 278 835 220 278 836 260 279 837 220 279 838 248 279 839 350 280 840 51 280 841 337 280 842 309 281 843 314 281 844 305 281 845 313 282 846 308 282 847 304 282 848 308 283 849 305 283 850 304 283 851 351 284 852 50 284 853 280 284 854 295 285 855 282 285 856 294 285 857 296 286 858 286 286 859 295 286 860 311 287 861 313 287 862 314 287 863 297 288 864 301 288 865 288 288 866 297 289 867 303 289 868 300 289 869 292 290 870 291 290 871 290 290 872 285 291 873 297 291 874 283 291 875 284 292 876 298 292 877 285 292 878 303 293 879 313 293 880 304 293 881 300 294 882 304 294 883 301 294 884 304 295 885 302 295 886 301 295 887 314 296 888 307 296 889 305 296 890 305 297 891 306 297 892 302 297 893 299 298 894 303 298 895 298 298 896 296 299 897 307 299 898 317 299 899 294 300 900 302 300 901 306 300 902 288 301 903 302 301 904 289 301 905 294 302 906 307 302 907 295 302 908 291 303 909 308 303 910 290 303 911 292 304 912 311 304 913 293 304 914 290 305 915 310 305 916 292 305 917 293 306 918 309 306 919 291 306 920 296 307 921 340 307 922 287 307 923 312 308 924 343 308 925 315 308 926 313 309 927 312 309 928 315 309 929 314 310 930 316 310 931 317 310 932 345 311 933 299 311 934 284 311 935 401 312 936 507 312 937 506 312 938 315 313 939 314 313 940 313 313 941 317 314 942 341 314 943 296 314 944 343 315 945 505 315 946 341 315 947 341 316 948 315 316 949 343 316 950 285 317 951 319 317 952 318 317 953 294 318 954 321 318 955 320 318 956 286 319 957 321 319 958 282 319 959 297 320 960 324 320 961 323 320 962 288 321 963 325 321 964 324 321 965 294 322 966 325 322 967 289 322 968 283 323 969 323 323 970 319 323 971 287 324 972 326 324 973 330 324 974 345 325 975 284 325 976 327 325 977 318 326 978 281 326 979 331 326 980 287 327 981 340 327 982 326 327 983 318 328 984 323 328 985 279 328 986 281 329 987 279 329 988 51 329 989 277 330 990 280 330 991 50 330 992 322 331 993 320 331 994 321 331 995 51 332 996 277 332 997 50 332 998 323 333 999 277 333 1000 279 333 1001 325 334 1002 323 334 1003 324 334 1004 280 335 1005 399 335 1006 351 335 1007 350 336 1008 331 336 1009 281 336 1010 403 337 1011 333 337 1012 332 337 1013 400 338 1014 335 338 1015 345 338 1016 340 339 1017 505 339 1018 333 339 1019 335 340 1020 506 340 1021 504 340 1022 333 341 1023 507 341 1024 332 341 1025 345 343 1029 504 343 1030 343 343 1031 400 344 1032 506 344 1033 334 344 1034 403 345 1035 507 345 1036 402 345 1037 326 346 1038 66 346 1039 67 346 1040 330 347 1041 67 347 1042 64 347 1043 64 348 1044 65 348 1045 330 348 1046 65 349 1047 399 349 1048 330 349 1049 56 350 1050 57 350 1051 399 350 1052 58 351 1053 399 351 1054 57 351 1055 58 352 1056 59 352 1057 397 352 1058 326 353 1059 59 353 1060 66 353 1061 378 354 1062 375 354 1063 374 354 1064 383 355 1065 378 355 1066 374 355 1067 379 356 1068 384 356 1069 375 356 1070 179 357 1071 398 357 1072 396 357 1073 178 358 1074 179 358 1075 396 358 1076 396 359 1077 171 359 1078 178 359 1079 170 360 1080 171 360 1081 327 360 1082 345 361 1083 396 361 1084 400 361 1085 340 362 1086 397 362 1087 326 362 1088 170 363 1089 331 363 1090 169 363 1091 169 364 1092 331 364 1093 168 364 1094 176 365 1095 177 365 1096 398 365 1097 168 366 1098 398 366 1099 177 366 1100 365 367 1101 352 367 1102 364 367 1103 366 368 1104 356 368 1105 365 368 1106 381 369 1107 383 369 1108 384 369 1109 367 370 1110 371 370 1111 358 370 1112 367 371 1113 373 371 1114 370 371 1115 362 372 1116 361 372 1117 360 372 1118 355 373 1119 367 373 1120 353 373 1121 354 374 1122 368 374 1123 355 374 1124 373 375 1125 383 375 1126 374 375 1127 370 376 1128 374 376 1129 371 376 1130 374 377 1131 372 377 1132 371 377 1133 384 378 1134 377 378 1135 375 378 1136 375 379 1137 376 379 1138 372 379 1139 369 380 1140 373 380 1141 368 380 1142 366 381 1143 377 381 1144 387 381 1145 364 382 1146 372 382 1147 376 382 1148 358 383 1149 372 383 1150 359 383 1151 364 384 1152 377 384 1153 365 384 1154 360 385 1155 379 385 1156 378 385 1157 362 386 1158 381 386 1159 363 386 1160 360 387 1161 380 387 1162 362 387 1163 363 388 1164 379 388 1165 361 388 1166 366 389 1167 400 389 1168 357 389 1169 382 390 1170 402 390 1171 385 390 1172 383 391 1173 382 391 1174 385 391 1175 384 392 1176 386 392 1177 387 392 1178 403 393 1179 369 393 1180 354 393 1181 385 394 1182 384 394 1183 383 394 1184 387 395 1185 401 395 1186 366 395 1187 401 396 1188 385 396 1189 402 396 1190 355 397 1191 389 397 1192 388 397 1193 390 398 1194 352 398 1195 391 398 1196 356 399 1197 391 399 1198 352 399 1199 367 400 1200 394 400 1201 393 400 1202 394 401 1203 359 401 1204 395 401 1205 364 402 1206 395 402 1207 359 402 1208 389 403 1209 367 403 1210 393 403 1211 357 404 1212 396 404 1213 398 404 1214 403 405 1215 354 405 1216 397 405 1217 388 406 1218 351 406 1219 399 406 1220 357 407 1221 400 407 1222 396 407 1223 388 408 1224 393 408 1225 349 408 1226 351 409 1227 349 409 1228 336 409 1229 348 410 1230 350 410 1231 337 410 1232 392 411 1233 390 411 1234 391 411 1235 337 412 1236 349 412 1237 348 412 1238 393 413 1239 348 413 1240 349 413 1241 394 414 1242 390 414 1243 393 414 1244 346 428 1284 429 428 1285 347 428 1286 276 429 1287 438 429 1288 278 429 1289 410 430 1290 344 430 1291 342 430 1292 347 431 1293 410 431 1294 342 431 1295 414 432 1296 429 432 1297 428 432 1298 411 433 1299 0 433 1300 344 433 1301 419 434 1302 415 434 1303 418 434 1304 0 435 1305 423 435 1306 49 435 1307 49 436 1308 439 436 1309 276 436 1310 423 437 1311 435 437 1312 439 437 1313 278 438 1314 425 438 1315 346 438 1316 434 439 1317 425 439 1318 438 439 1319 441 440 1320 442 440 1321 440 440 1322 443 441 1323 444 441 1324 442 441 1325 445 442 1326 446 442 1327 444 442 1328 447 443 1329 448 443 1330 446 443 1331 449 444 1332 450 444 1333 448 444 1334 451 445 1335 452 445 1336 450 445 1337 445 446 1338 441 446 1339 453 446 1340 453 447 1341 454 447 1342 452 447 1343 455 448 1344 440 448 1345 454 448 1346 457 449 1347 458 449 1348 456 449 1349 459 450 1350 460 450 1351 458 450 1352 461 451 1353 462 451 1354 460 451 1355 463 452 1356 464 452 1357 462 452 1358 465 453 1359 466 453 1360 464 453 1361 467 454 1362 468 454 1363 466 454 1364 461 455 1365 457 455 1366 469 455 1367 469 456 1368 470 456 1369 468 456 1370 471 457 1371 456 457 1372 470 457 1373 473 458 1374 474 458 1375 472 458 1376 475 459 1377 476 459 1378 474 459 1379 477 460 1380 478 460 1381 476 460 1382 479 461 1383 480 461 1384 478 461 1385 481 462 1386 482 462 1387 480 462 1388 483 463 1389 484 463 1390 482 463 1391 477 464 1392 473 464 1393 485 464 1394 485 465 1395 486 465 1396 484 465 1397 487 466 1398 472 466 1399 486 466 1400 489 467 1401 490 467 1402 488 467 1403 491 468 1404 492 468 1405 490 468 1406 493 469 1407 494 469 1408 492 469 1409 495 470 1410 496 470 1411 494 470 1412 497 471 1413 498 471 1414 496 471 1415 499 472 1416 500 472 1417 498 472 1418 495 473 1419 493 473 1420 501 473 1421 501 474 1422 502 474 1423 500 474 1424 503 475 1425 488 475 1426 502 475 1427 454 476 1428 415 476 1429 414 476 1430 440 477 1431 442 477 1432 415 477 1433 415 478 1434 456 478 1435 418 478 1436 458 479 1437 418 479 1438 456 479 1439 460 480 1440 418 480 1441 458 480 1442 462 481 1443 422 481 1444 460 481 1445 422 482 1446 492 482 1447 435 482 1448 494 483 1449 435 483 1450 492 483 1451 496 484 1452 435 484 1453 494 484 1454 434 485 1455 496 485 1456 498 485 1457 498 486 1458 424 486 1459 434 486 1460 480 487 1461 482 487 1462 424 487 1463 428 488 1464 482 488 1465 484 488 1466 484 489 1467 486 489 1468 428 489 1469 486 490 1470 414 490 1471 428 490 1472 414 491 1473 452 491 1474 454 491 1475 450 492 1476 486 492 1477 472 492 1478 474 493 1479 450 493 1480 472 493 1481 444 494 1482 456 494 1483 442 494 1484 446 495 1485 470 495 1486 444 495 1487 480 496 1488 500 496 1489 478 496 1490 478 497 1491 502 497 1492 476 497 1493 464 498 1494 492 498 1495 462 498 1496 464 499 1497 488 499 1498 490 499 1499 502 500 1500 488 500 1501 476 500 1502 468 501 1503 488 501 1504 466 501 1505 476 502 1506 448 502 1507 474 502 1508 468 503 1509 446 503 1510 448 503 1511 488 504 1512 448 504 1513 476 504 1514 504 505 1515 406 505 1516 407 505 1517 505 506 1518 407 506 1519 404 506 1520 404 507 1521 405 507 1522 505 507 1523 339 508 1524 505 508 1525 405 508 1526 339 509 1527 338 509 1528 507 509 1529 329 510 1530 507 510 1531 338 510 1532 329 511 1533 328 511 1534 506 511 1535 406 512 1536 506 512 1537 328 512 1538 7 513 1539 28 513 1540 27 513 1541 8 514 1542 27 514 1543 30 514 1544 13 515 1545 30 515 1546 29 515 1547 2 516 1548 25 516 1549 28 516 1550 14 517 1551 29 517 1552 32 517 1553 19 518 1554 32 518 1555 31 518 1556 2 523 1569 3 523 1570 4 523 1571 50 524 1572 2 524 1573 7 524 1574 8 525 1575 13 525 1576 337 525 1577 336 526 1578 20 526 1579 1 526 1580 337 527 1581 14 527 1582 19 527 1583 6 528 1584 3 528 1585 2 528 1586 5 529 1587 50 529 1588 1 529 1589 8 534 1602 9 534 1603 10 534 1604 12 535 1605 9 535 1606 8 535 1607 11 536 1608 51 536 1609 7 536 1610 14 541 1623 15 541 1624 16 541 1625 18 542 1626 15 542 1627 14 542 1628 17 543 1629 337 543 1630 13 543 1631 20 548 1644 21 548 1645 22 548 1646 24 549 1647 21 549 1648 20 549 1649 23 550 1650 336 550 1651 19 550 1652 20 551 1653 31 551 1654 26 551 1655 1 552 1656 26 552 1657 25 552 1658 59 557 1671 54 557 1672 63 557 1673 55 558 1674 58 558 1675 57 558 1676 67 559 1677 62 559 1678 61 559 1679 53 560 1680 52 560 1681 57 560 1682 59 561 1683 58 561 1684 55 561 1685 65 562 1686 64 562 1687 61 562 1688 63 563 1689 62 563 1690 67 563 1691 65 564 1692 60 564 1693 53 564 1694 405 566 1698 278 566 1699 346 566 1700 406 572 1716 0 572 1717 49 572 1718 405 578 1734 404 578 1735 276 578 1736 328 584 1752 329 584 1753 342 584 1754 53 589 1767 85 589 1768 89 589 1769 61 590 1770 99 590 1771 98 590 1772 70 591 1773 71 591 1774 54 591 1775 52 592 1776 89 592 1777 70 592 1778 74 593 1779 70 593 1780 89 593 1781 54 594 1782 71 594 1783 79 594 1784 79 595 1785 71 595 1786 75 595 1787 63 596 1788 79 596 1789 83 596 1790 62 597 1791 83 597 1792 99 597 1793 83 598 1794 82 598 1795 95 598 1796 60 599 1797 98 599 1798 85 599 1799 94 600 1800 84 600 1801 85 600 1802 101 601 1803 103 601 1804 102 601 1805 103 602 1806 105 602 1807 104 602 1808 105 603 1809 107 603 1810 106 603 1811 107 604 1812 109 604 1813 108 604 1814 109 605 1815 111 605 1816 110 605 1817 111 606 1818 113 606 1819 112 606 1820 105 607 1821 103 607 1822 101 607 1823 101 608 1824 115 608 1825 113 608 1826 113 609 1827 111 609 1828 109 609 1829 109 610 1830 107 610 1831 113 610 1832 107 611 1833 105 611 1834 113 611 1835 113 612 1836 115 612 1837 114 612 1838 115 613 1839 101 613 1840 100 613 1841 346 614 1842 347 614 1843 338 614 1844 117 615 1845 119 615 1846 118 615 1847 119 616 1848 121 616 1849 120 616 1850 121 617 1851 123 617 1852 122 617 1853 123 618 1854 125 618 1855 124 618 1856 125 619 1857 127 619 1858 126 619 1859 127 620 1860 129 620 1861 128 620 1862 121 621 1863 119 621 1864 117 621 1865 117 622 1866 131 622 1867 129 622 1868 129 623 1869 127 623 1870 125 623 1871 125 624 1872 123 624 1873 129 624 1874 123 625 1875 121 625 1876 129 625 1877 129 626 1878 131 626 1879 130 626 1880 131 627 1881 117 627 1882 116 627 1883 407 628 1884 49 628 1885 276 628 1886 133 629 1887 135 629 1888 134 629 1889 135 630 1890 137 630 1891 136 630 1892 137 631 1893 139 631 1894 138 631 1895 139 632 1896 141 632 1897 140 632 1898 141 633 1899 143 633 1900 142 633 1901 143 634 1902 145 634 1903 144 634 1904 137 635 1905 135 635 1906 133 635 1907 133 636 1908 147 636 1909 145 636 1910 145 637 1911 143 637 1912 141 637 1913 141 638 1914 139 638 1915 145 638 1916 139 639 1917 137 639 1918 145 639 1919 145 640 1920 147 640 1921 146 640 1922 147 641 1923 133 641 1924 132 641 1925 342 642 1926 329 642 1927 338 642 1928 149 643 1929 151 643 1930 150 643 1931 151 644 1932 153 644 1933 152 644 1934 153 645 1935 155 645 1936 154 645 1937 155 646 1938 157 646 1939 156 646 1940 157 647 1941 159 647 1942 158 647 1943 159 648 1944 161 648 1945 160 648 1946 153 649 1947 151 649 1948 161 649 1949 151 650 1950 149 650 1951 161 650 1952 149 651 1953 163 651 1954 161 651 1955 161 652 1956 159 652 1957 157 652 1958 157 653 1959 155 653 1960 161 653 1961 161 654 1962 163 654 1963 162 654 1964 163 655 1965 149 655 1966 148 655 1967 328 656 1968 344 656 1969 0 656 1970 114 657 1971 100 657 1972 75 657 1973 75 658 1974 102 658 1975 116 658 1976 120 659 1977 82 659 1978 78 659 1979 82 660 1980 122 660 1981 152 660 1982 156 661 1983 94 661 1984 95 661 1985 158 662 1986 140 662 1987 84 662 1988 88 663 1989 84 663 1990 142 663 1991 146 664 1992 112 664 1993 74 664 1994 110 665 1995 112 665 1996 146 665 1997 134 666 1998 108 666 1999 110 666 2000 104 667 2001 130 667 2002 116 667 2003 106 668 2004 128 668 2005 130 668 2006 140 669 2007 158 669 2008 160 669 2009 138 670 2010 160 670 2011 162 670 2012 124 671 2013 150 671 2014 152 671 2015 124 672 2016 126 672 2017 148 672 2018 148 673 2019 128 673 2020 108 673 2021 171 674 2022 166 674 2023 175 674 2024 167 675 2025 170 675 2026 169 675 2027 179 676 2028 174 676 2029 173 676 2030 168 677 2031 165 677 2032 164 677 2033 171 678 2034 170 678 2035 167 678 2036 177 679 2037 176 679 2038 173 679 2039 178 680 2040 175 680 2041 174 680 2042 168 681 2043 177 681 2044 172 681 2045 165 706 2118 197 706 2119 201 706 2120 172 707 2121 173 707 2122 211 707 2123 182 708 2124 183 708 2125 166 708 2126 164 709 2127 201 709 2128 182 709 2129 186 710 2130 182 710 2131 201 710 2132 183 711 2133 191 711 2134 175 711 2135 183 712 2136 187 712 2137 190 712 2138 191 713 2139 195 713 2140 174 713 2141 195 714 2142 211 714 2143 173 714 2144 211 715 2145 195 715 2146 194 715 2147 210 716 2148 197 716 2149 165 716 2150 196 717 2151 197 717 2152 210 717 2153 213 718 2154 215 718 2155 214 718 2156 215 719 2157 217 719 2158 216 719 2159 217 720 2160 219 720 2161 218 720 2162 219 721 2163 221 721 2164 220 721 2165 220 722 2166 221 722 2167 223 722 2168 223 723 2169 225 723 2170 224 723 2171 217 724 2172 215 724 2173 225 724 2174 215 725 2175 213 725 2176 225 725 2177 213 726 2178 227 726 2179 225 726 2180 225 727 2181 223 727 2182 221 727 2183 221 728 2184 219 728 2185 225 728 2186 225 729 2187 227 729 2188 226 729 2189 226 730 2190 227 730 2191 213 730 2192 214 731 2193 212 731 2194 226 731 2195 226 732 2196 224 732 2197 214 732 2198 224 733 2199 222 733 2200 214 733 2201 222 734 2202 220 734 2203 218 734 2204 218 735 2205 216 735 2206 214 735 2207 229 736 2208 231 736 2209 230 736 2210 231 737 2211 233 737 2212 232 737 2213 233 738 2214 235 738 2215 234 738 2216 235 739 2217 237 739 2218 236 739 2219 237 740 2220 239 740 2221 238 740 2222 239 741 2223 241 741 2224 240 741 2225 233 742 2226 231 742 2227 229 742 2228 229 743 2229 243 743 2230 241 743 2231 241 744 2232 239 744 2233 237 744 2234 237 745 2235 235 745 2236 241 745 2237 235 746 2238 233 746 2239 241 746 2240 241 747 2241 243 747 2242 242 747 2243 243 748 2244 229 748 2245 228 748 2246 245 750 2250 247 750 2251 246 750 2252 247 751 2253 249 751 2254 248 751 2255 249 752 2256 251 752 2257 250 752 2258 251 753 2259 253 753 2260 252 753 2261 252 754 2262 253 754 2263 255 754 2264 255 755 2265 257 755 2266 256 755 2267 249 756 2268 247 756 2269 245 756 2270 245 757 2271 259 757 2272 249 757 2273 259 758 2274 257 758 2275 249 758 2276 257 759 2277 255 759 2278 253 759 2279 253 760 2280 251 760 2281 257 760 2282 257 761 2283 259 761 2284 258 761 2285 258 762 2286 259 762 2287 245 762 2288 246 763 2289 244 763 2290 258 763 2291 258 764 2292 256 764 2293 254 764 2294 254 765 2295 252 765 2296 250 765 2297 250 766 2298 248 766 2299 246 766 2300 246 767 2301 258 767 2302 250 767 2303 261 768 2304 263 768 2305 262 768 2306 263 769 2307 265 769 2308 264 769 2309 265 770 2310 267 770 2311 266 770 2312 267 771 2313 269 771 2314 268 771 2315 269 772 2316 271 772 2317 270 772 2318 271 773 2319 273 773 2320 272 773 2321 265 774 2322 263 774 2323 261 774 2324 261 775 2325 275 775 2326 273 775 2327 273 776 2328 271 776 2329 269 776 2330 269 777 2331 267 777 2332 273 777 2333 267 778 2334 265 778 2335 273 778 2336 273 779 2337 275 779 2338 274 779 2339 275 780 2340 261 780 2341 260 780 2342 226 782 2346 212 782 2347 187 782 2348 214 783 2349 228 783 2350 190 783 2351 232 784 2352 194 784 2353 190 784 2354 194 785 2355 234 785 2356 264 785 2357 268 786 2358 206 786 2359 207 786 2360 270 787 2361 252 787 2362 196 787 2363 200 788 2364 196 788 2365 254 788 2366 258 789 2367 224 789 2368 186 789 2369 222 790 2370 224 790 2371 258 790 2372 246 791 2373 220 791 2374 222 791 2375 214 792 2376 216 792 2377 242 792 2378 218 793 2379 240 793 2380 242 793 2381 250 794 2382 252 794 2383 270 794 2384 250 795 2385 272 795 2386 274 795 2387 236 796 2388 262 796 2389 264 796 2390 238 797 2391 260 797 2392 262 797 2393 260 798 2394 240 798 2395 220 798 2396 350 799 2397 281 799 2398 51 799 2399 309 800 2400 311 800 2401 314 800 2402 313 801 2403 310 801 2404 308 801 2405 308 802 2406 309 802 2407 305 802 2408 351 803 2409 336 803 2410 50 803 2411 295 804 2412 286 804 2413 282 804 2414 296 805 2415 287 805 2416 286 805 2417 311 806 2418 310 806 2419 313 806 2420 297 807 2421 300 807 2422 301 807 2423 297 808 2424 298 808 2425 303 808 2426 292 809 2427 293 809 2428 291 809 2429 285 810 2430 298 810 2431 297 810 2432 284 811 2433 299 811 2434 298 811 2435 303 812 2436 312 812 2437 313 812 2438 300 813 2439 303 813 2440 304 813 2441 304 814 2442 305 814 2443 302 814 2444 314 815 2445 317 815 2446 307 815 2447 305 816 2448 307 816 2449 306 816 2450 299 817 2451 312 817 2452 303 817 2453 296 818 2454 295 818 2455 307 818 2456 294 819 2457 289 819 2458 302 819 2459 288 820 2460 301 820 2461 302 820 2462 294 821 2463 306 821 2464 307 821 2465 291 822 2466 309 822 2467 308 822 2468 292 823 2469 310 823 2470 311 823 2471 290 824 2472 308 824 2473 310 824 2474 293 825 2475 311 825 2476 309 825 2477 296 826 2478 341 826 2479 340 826 2480 312 827 2481 299 827 2482 343 827 2483 345 828 2484 343 828 2485 299 828 2486 401 829 2487 402 829 2488 507 829 2489 315 830 2490 316 830 2491 314 830 2492 317 831 2493 316 831 2494 341 831 2495 343 832 2496 504 832 2497 505 832 2498 341 833 2499 316 833 2500 315 833 2501 285 834 2502 283 834 2503 319 834 2504 294 835 2505 282 835 2506 321 835 2507 286 836 2508 322 836 2509 321 836 2510 297 837 2511 288 837 2512 324 837 2513 288 838 2514 289 838 2515 325 838 2516 294 839 2517 320 839 2518 325 839 2519 283 840 2520 297 840 2521 323 840 2522 280 841 2523 322 841 2524 330 841 2525 322 842 2526 286 842 2527 330 842 2528 286 843 2529 287 843 2530 330 843 2531 327 844 2532 284 844 2533 331 844 2534 284 845 2535 285 845 2536 331 845 2537 285 846 2538 318 846 2539 331 846 2540 318 847 2541 319 847 2542 323 847 2543 281 848 2544 318 848 2545 279 848 2546 277 849 2547 322 849 2548 280 849 2549 322 850 2550 277 850 2551 320 850 2552 51 851 2553 279 851 2554 277 851 2555 323 852 2556 320 852 2557 277 852 2558 325 853 2559 320 853 2560 323 853 2561 280 854 2562 330 854 2563 399 854 2564 350 855 2565 398 855 2566 331 855 2567 403 856 2568 340 856 2569 333 856 2570 400 857 2571 334 857 2572 335 857 2573 340 858 2574 341 858 2575 505 858 2576 335 859 2577 334 859 2578 506 859 2579 333 860 2580 505 860 2581 507 860 2582 345 862 2586 335 862 2587 504 862 2588 400 863 2589 401 863 2590 506 863 2591 403 864 2592 332 864 2593 507 864 2594 330 865 2595 326 865 2596 67 865 2597 65 866 2598 56 866 2599 399 866 2600 58 867 2601 397 867 2602 399 867 2603 326 868 2604 397 868 2605 59 868 2606 378 869 2607 379 869 2608 375 869 2609 383 870 2610 380 870 2611 378 870 2612 379 871 2613 381 871 2614 384 871 2615 179 872 2616 176 872 2617 398 872 2618 396 873 2619 327 873 2620 171 873 2621 345 874 2622 327 874 2623 396 874 2624 340 875 2625 403 875 2626 397 875 2627 170 876 2628 327 876 2629 331 876 2630 168 877 2631 331 877 2632 398 877 2633 365 878 2634 356 878 2635 352 878 2636 366 879 2637 357 879 2638 356 879 2639 381 880 2640 380 880 2641 383 880 2642 367 881 2643 370 881 2644 371 881 2645 367 882 2646 368 882 2647 373 882 2648 362 883 2649 363 883 2650 361 883 2651 355 884 2652 368 884 2653 367 884 2654 354 885 2655 369 885 2656 368 885 2657 373 886 2658 382 886 2659 383 886 2660 370 887 2661 373 887 2662 374 887 2663 374 888 2664 375 888 2665 372 888 2666 384 889 2667 387 889 2668 377 889 2669 375 890 2670 377 890 2671 376 890 2672 369 891 2673 382 891 2674 373 891 2675 366 892 2676 365 892 2677 377 892 2678 364 893 2679 359 893 2680 372 893 2681 358 894 2682 371 894 2683 372 894 2684 364 895 2685 376 895 2686 377 895 2687 360 896 2688 361 896 2689 379 896 2690 362 897 2691 380 897 2692 381 897 2693 360 898 2694 378 898 2695 380 898 2696 363 899 2697 381 899 2698 379 899 2699 366 900 2700 401 900 2701 400 900 2702 382 901 2703 369 901 2704 402 901 2705 403 902 2706 402 902 2707 369 902 2708 385 903 2709 386 903 2710 384 903 2711 387 904 2712 386 904 2713 401 904 2714 401 905 2715 386 905 2716 385 905 2717 355 906 2718 353 906 2719 389 906 2720 390 907 2721 364 907 2722 352 907 2723 356 908 2724 392 908 2725 391 908 2726 367 909 2727 358 909 2728 394 909 2729 394 910 2730 358 910 2731 359 910 2732 364 911 2733 390 911 2734 395 911 2735 389 912 2736 353 912 2737 367 912 2738 350 913 2739 392 913 2740 398 913 2741 392 914 2742 356 914 2743 398 914 2744 356 915 2745 357 915 2746 398 915 2747 397 916 2748 354 916 2749 399 916 2750 354 917 2751 355 917 2752 399 917 2753 355 918 2754 388 918 2755 399 918 2756 388 919 2757 389 919 2758 393 919 2759 351 920 2760 388 920 2761 349 920 2762 348 921 2763 392 921 2764 350 921 2765 392 922 2766 348 922 2767 390 922 2768 337 923 2769 336 923 2770 349 923 2771 393 924 2772 390 924 2773 348 924 2774 394 925 2775 395 925 2776 390 925 2777 346 939 2817 425 939 2818 429 939 2819 276 940 2820 439 940 2821 438 940 2822 410 941 2823 411 941 2824 344 941 2825 347 942 2826 429 942 2827 410 942 2828 414 943 2829 410 943 2830 429 943 2831 411 944 2832 419 944 2833 0 944 2834 419 945 2835 411 945 2836 415 945 2837 0 946 2838 419 946 2839 423 946 2840 49 947 2841 423 947 2842 439 947 2843 423 948 2844 422 948 2845 435 948 2846 278 949 2847 438 949 2848 425 949 2849 434 950 2850 424 950 2851 425 950 2852 441 951 2853 443 951 2854 442 951 2855 443 952 2856 445 952 2857 444 952 2858 445 953 2859 447 953 2860 446 953 2861 447 954 2862 449 954 2863 448 954 2864 449 955 2865 451 955 2866 450 955 2867 451 956 2868 453 956 2869 452 956 2870 445 957 2871 443 957 2872 441 957 2873 441 958 2874 455 958 2875 453 958 2876 453 959 2877 451 959 2878 449 959 2879 449 960 2880 447 960 2881 453 960 2882 447 961 2883 445 961 2884 453 961 2885 453 962 2886 455 962 2887 454 962 2888 455 963 2889 441 963 2890 440 963 2891 457 964 2892 459 964 2893 458 964 2894 459 965 2895 461 965 2896 460 965 2897 461 966 2898 463 966 2899 462 966 2900 463 967 2901 465 967 2902 464 967 2903 465 968 2904 467 968 2905 466 968 2906 467 969 2907 469 969 2908 468 969 2909 461 970 2910 459 970 2911 457 970 2912 457 971 2913 471 971 2914 469 971 2915 469 972 2916 467 972 2917 465 972 2918 465 973 2919 463 973 2920 469 973 2921 463 974 2922 461 974 2923 469 974 2924 469 975 2925 471 975 2926 470 975 2927 471 976 2928 457 976 2929 456 976 2930 473 977 2931 475 977 2932 474 977 2933 475 978 2934 477 978 2935 476 978 2936 477 979 2937 479 979 2938 478 979 2939 479 980 2940 481 980 2941 480 980 2942 481 981 2943 483 981 2944 482 981 2945 483 982 2946 485 982 2947 484 982 2948 477 983 2949 475 983 2950 473 983 2951 473 984 2952 487 984 2953 485 984 2954 485 985 2955 483 985 2956 481 985 2957 481 986 2958 479 986 2959 485 986 2960 479 987 2961 477 987 2962 485 987 2963 485 988 2964 487 988 2965 486 988 2966 487 989 2967 473 989 2968 472 989 2969 489 990 2970 491 990 2971 490 990 2972 491 991 2973 493 991 2974 492 991 2975 493 992 2976 495 992 2977 494 992 2978 495 993 2979 497 993 2980 496 993 2981 497 994 2982 499 994 2983 498 994 2984 499 995 2985 501 995 2986 500 995 2987 493 996 2988 491 996 2989 501 996 2990 491 997 2991 489 997 2992 501 997 2993 489 998 2994 503 998 2995 501 998 2996 501 999 2997 499 999 2998 497 999 2999 497 1000 3000 495 1000 3001 501 1000 3002 501 1001 3003 503 1001 3004 502 1001 3005 503 1002 3006 489 1002 3007 488 1002 3008 454 1003 3009 440 1003 3010 415 1003 3011 415 1004 3012 442 1004 3013 456 1004 3014 460 1005 3015 422 1005 3016 418 1005 3017 422 1006 3018 462 1006 3019 492 1006 3020 496 1007 3021 434 1007 3022 435 1007 3023 498 1008 3024 480 1008 3025 424 1008 3026 428 1009 3027 424 1009 3028 482 1009 3029 486 1010 3030 452 1010 3031 414 1010 3032 450 1011 3033 452 1011 3034 486 1011 3035 474 1012 3036 448 1012 3037 450 1012 3038 444 1013 3039 470 1013 3040 456 1013 3041 446 1014 3042 468 1014 3043 470 1014 3044 480 1015 3045 498 1015 3046 500 1015 3047 478 1016 3048 500 1016 3049 502 1016 3050 464 1017 3051 490 1017 3052 492 1017 3053 464 1018 3054 466 1018 3055 488 1018 3056 488 1019 3057 468 1019 3058 448 1019 3059 505 1020 3060 504 1020 3061 407 1020 3062 339 1021 3063 507 1021 3064 505 1021 3065 329 1022 3066 506 1022 3067 507 1022 3068 406 1023 3069 504 1023 3070 506 1023 3071</p>
        </triangles>
        <triangles material="lightgrey-material" count="160">
          <input semantic="VERTEX" source="#Cube-mesh-vertices" offset="0"/>
          <input semantic="NORMAL" source="#Cube-mesh-normals" offset="1"/>
          <input semantic="TEXCOORD" source="#Cube-mesh-map-0" offset="2" set="0"/>
          <p>34 6 18 4 6 19 3 6 20 33 7 21 5 7 22 4 7 23 35 8 24 6 8 25 5 8 26 36 9 27 3 9 28 6 9 29 38 18 54 10 18 55 9 18 56 37 19 57 11 19 58 10 19 59 39 20 60 12 20 61 11 20 62 40 21 63 9 21 64 12 21 65 42 26 78 16 26 79 15 26 80 41 27 81 17 27 82 16 27 83 43 28 84 18 28 85 17 28 86 44 29 87 15 29 88 18 29 89 46 34 102 22 34 103 21 34 104 45 35 105 23 35 106 22 35 107 47 36 108 24 36 109 23 36 110 48 37 111 21 37 112 24 37 113 34 50 150 35 50 151 33 50 152 38 51 153 39 51 154 37 51 155 41 52 156 44 52 157 43 52 158 46 53 159 47 53 160 45 53 161 69 62 186 70 62 187 68 62 188 75 64 192 72 64 193 74 64 194 73 65 195 68 65 196 72 65 197 74 66 198 68 66 199 70 66 200 71 67 201 73 67 202 75 67 203 77 68 204 78 68 205 76 68 206 83 70 210 80 70 211 82 70 212 81 71 213 76 71 214 80 71 215 82 72 216 76 72 217 78 72 218 79 73 219 81 73 220 83 73 221 90 74 222 89 74 223 91 74 224 84 76 228 87 76 229 85 76 230 86 77 231 91 77 232 87 77 233 85 78 234 91 78 235 89 78 236 88 79 237 86 79 238 84 79 239 93 80 240 94 80 241 92 80 242 99 82 246 96 82 247 98 82 248 97 83 249 92 83 250 96 83 251 98 84 252 92 84 253 94 84 254 95 85 255 97 85 256 99 85 257 181 175 525 182 175 526 180 175 527 409 176 528 410 176 529 408 176 530 187 177 531 184 177 532 186 177 533 185 178 534 180 178 535 184 178 536 182 179 537 184 179 538 180 179 539 187 180 540 181 180 541 185 180 542 189 181 543 190 181 544 188 181 545 417 182 546 418 182 547 416 182 548 195 183 549 192 183 550 194 183 551 193 184 552 188 184 553 192 184 554 194 185 555 188 185 556 190 185 557 191 186 558 193 186 559 195 186 560 202 187 561 201 187 562 203 187 563 411 188 564 413 188 565 415 188 566 196 189 567 199 189 568 197 189 569 199 190 570 202 190 571 203 190 572 201 191 573 199 191 574 203 191 575 196 192 576 202 192 577 198 192 578 205 193 579 206 193 580 204 193 581 414 194 582 408 194 583 410 194 584 211 195 585 208 195 586 210 195 587 209 196 588 204 196 589 208 196 590 210 197 591 204 197 592 206 197 593 207 198 594 209 198 595 211 198 596 413 230 690 408 230 691 412 230 692 415 250 750 412 250 751 414 250 752 423 342 1026 420 342 1027 422 342 1028 421 415 1245 416 415 1246 420 415 1247 422 416 1248 416 416 1249 418 416 1250 419 417 1251 421 417 1252 423 417 1253 430 418 1254 429 418 1255 431 418 1256 424 419 1257 427 419 1258 425 419 1259 426 420 1260 431 420 1261 427 420 1262 425 421 1263 431 421 1264 429 421 1265 428 422 1266 426 422 1267 424 422 1268 433 423 1269 434 423 1270 432 423 1271 439 424 1272 436 424 1273 438 424 1274 437 425 1275 432 425 1276 436 425 1277 438 426 1278 432 426 1279 434 426 1280 435 427 1281 437 427 1282 439 427 1283 34 519 1557 33 519 1558 4 519 1559 33 520 1560 35 520 1561 5 520 1562 35 521 1563 36 521 1564 6 521 1565 36 522 1566 34 522 1567 3 522 1568 38 530 1590 37 530 1591 10 530 1592 37 531 1593 39 531 1594 11 531 1595 39 532 1596 40 532 1597 12 532 1598 40 533 1599 38 533 1600 9 533 1601 42 537 1611 41 537 1612 16 537 1613 41 538 1614 43 538 1615 17 538 1616 43 539 1617 44 539 1618 18 539 1619 44 540 1620 42 540 1621 15 540 1622 46 544 1632 45 544 1633 22 544 1634 45 545 1635 47 545 1636 23 545 1637 47 546 1638 48 546 1639 24 546 1640 48 547 1641 46 547 1642 21 547 1643 34 553 1659 36 553 1660 35 553 1661 38 554 1662 40 554 1663 39 554 1664 41 555 1665 42 555 1666 44 555 1667 46 556 1668 48 556 1669 47 556 1670 69 565 1695 71 565 1696 70 565 1697 75 567 1701 73 567 1702 72 567 1703 73 568 1704 69 568 1705 68 568 1706 74 569 1707 72 569 1708 68 569 1709 71 570 1710 69 570 1711 73 570 1712 77 571 1713 79 571 1714 78 571 1715 83 573 1719 81 573 1720 80 573 1721 81 574 1722 77 574 1723 76 574 1724 82 575 1725 80 575 1726 76 575 1727 79 576 1728 77 576 1729 81 576 1730 90 577 1731 88 577 1732 89 577 1733 84 579 1737 86 579 1738 87 579 1739 86 580 1740 90 580 1741 91 580 1742 85 581 1743 87 581 1744 91 581 1745 88 582 1746 90 582 1747 86 582 1748 93 583 1749 95 583 1750 94 583 1751 99 585 1755 97 585 1756 96 585 1757 97 586 1758 93 586 1759 92 586 1760 98 587 1761 96 587 1762 92 587 1763 95 588 1764 93 588 1765 97 588 1766 181 682 2046 183 682 2047 182 682 2048 409 683 2049 411 683 2050 410 683 2051 187 684 2052 185 684 2053 184 684 2054 185 685 2055 181 685 2056 180 685 2057 182 686 2058 186 686 2059 184 686 2060 187 687 2061 183 687 2062 181 687 2063 189 688 2064 191 688 2065 190 688 2066 417 689 2067 419 689 2068 418 689 2069 195 690 2070 193 690 2071 192 690 2072 193 691 2073 189 691 2074 188 691 2075 194 692 2076 192 692 2077 188 692 2078 191 693 2079 189 693 2080 193 693 2081 202 694 2082 200 694 2083 201 694 2084 411 695 2085 409 695 2086 413 695 2087 196 696 2088 198 696 2089 199 696 2090 199 697 2091 198 697 2092 202 697 2093 201 698 2094 197 698 2095 199 698 2096 196 699 2097 200 699 2098 202 699 2099 205 700 2100 207 700 2101 206 700 2102 414 701 2103 412 701 2104 408 701 2105 211 702 2106 209 702 2107 208 702 2108 209 703 2109 205 703 2110 204 703 2111 210 704 2112 208 704 2113 204 704 2114 207 705 2115 205 705 2116 209 705 2117 413 749 2247 409 749 2248 408 749 2249 415 781 2343 413 781 2344 412 781 2345 423 861 2583 421 861 2584 420 861 2585 421 926 2778 417 926 2779 416 926 2780 422 927 2781 420 927 2782 416 927 2783 419 928 2784 417 928 2785 421 928 2786 430 929 2787 428 929 2788 429 929 2789 424 930 2790 426 930 2791 427 930 2792 426 931 2793 430 931 2794 431 931 2795 425 932 2796 427 932 2797 431 932 2798 428 933 2799 430 933 2800 426 933 2801 433 934 2802 435 934 2803 434 934 2804 439 935 2805 437 935 2806 436 935 2807 437 936 2808 433 936 2809 432 936 2810 438 937 2811 436 937 2812 432 937 2813 435 938 2814 433 938 2815 437 938 2816</p>
        </triangles>
      </mesh>
    </geometry>
  </library_geometries>
  <library_visual_scenes>
    <visual_scene id="Scene" name="Scene">
      <node id="Cube" name="Cube" type="NODE">
        <matrix sid="transform">1 0 0 0 0 1 0 0 0 0 1 0 0 0 0 1</matrix>
        <instance_geometry url="#Cube-mesh" name="Cube">
          <bind_material>
            <technique_common>
              <instance_material symbol="paintable-0-material" target="#paintable-0-material">
                <bind_vertex_input semantic="UVMap" input_semantic="TEXCOORD" input_set="0"/>
              </instance_material>
              <instance_material symbol="paintable-1-material" target="#paintable-1-material">
                <bind_vertex_input semantic="UVMap" input_semantic="TEXCOORD" input_set="0"/>
              </instance_material>
              <instance_material symbol="lightgrey-material" target="#lightgrey-material">
                <bind_vertex_input semantic="UVMap" input_semantic="TEXCOORD" input_set="0"/>
              </instance_material>
              <instance_material symbol="darkgrey-material" target="#darkgrey-material">
                <bind_vertex_input semantic="UVMap" input_semantic="TEXCOORD" input_set="0"/>
              </instance_material>
            </technique_common>
          </bind_material>
        </instance_geometry>
      </node>
    </visual_scene>
  </library_visual_scenes>
  <scene>
    <instance_visual_scene url="#Scene"/>
  </scene>
</COLLADA>