<?xml version="1.0" encoding="utf-8"?>
<COLLADA xmlns="http://www.collada.org/2005/11/COLLADASchema" version="1.4.1" xmlns:xsi="http://www.w3.org/2001/XMLSchema-instance">
  <asset>
    <contributor>
      <author>Blender User</author>
      <authoring_tool>Blender 4.2.22 LTS commit date:2026-06-22, commit time:11:10, hash:88937221abfc</authoring_tool>
    </contributor>
    <created>2026-07-20T21:33:51</created>
    <modified>2026-07-20T21:33:51</modified>
    <unit name="meter" meter="1"/>
    <up_axis>Z_UP</up_axis>
  </asset>
  <library_effects>
    <effect id="paintable-0-effect">
      <profile_COMMON>
        <technique sid="common">
          <lambert>
            <emission>
              <color sid="emission">0 0 0 1</color>
            </emission>
            <diffuse>
              <color sid="diffuse">1 0.4969335 0 1</color>
            </diffuse>
            <index_of_refraction>
              <float sid="ior">1.45</float>
            </index_of_refraction>
          </lambert>
        </technique>
      </profile_COMMON>
    </effect>
    <effect id="paintable-1-effect">
      <profile_COMMON>
        <technique sid="common">
          <lambert>
            <emission>
              <color sid="emission">0 0 0 1</color>
            </emission>
            <diffuse>
              <color sid="diffuse">0.6104922 0.4910214 0 1</color>
            </diffuse>
            <index_of_refraction>
              <float sid="ior">1.5</float>
            </index_of_refraction>
          </lambert>
        </technique>
      </profile_COMMON>
    </effect>
    <effect id="lightgrey-effect">
      <profile_COMMON>
        <technique sid="common">
          <lambert>
            <emission>
              <color sid="emission">0 0 0 1</color>
            </emission>
            <diffuse>
              <color sid="diffuse">0.7835327 0.7835385 0.7835382 1</color>
            </diffuse>
            <index_of_refraction>
              <float sid="ior">1.5</float>
            </index_of_refraction>
          </lambert>
        </technique>
      </profile_COMMON>
    </effect>
    <effect id="darkgrey-effect">
      <profile_COMMON>
        <technique sid="common">
          <lambert>
            <emission>
              <color sid="emission">0 0 0 1</color>
            </emission>
            <diffuse>
              <color sid="diffuse">0.3371614 0.3371639 0.3371637 1</color>
            </diffuse>
            <index_of_refraction>
              <float sid="ior">1.5</float>
            </index_of_refraction>
          </lambert>
        </technique>
      </profile_COMMON>
    </effect>
    <effect id="Material-effect">
      <profile_COMMON>
        <technique sid="common">
          <lambert>
            <emission>
              <color sid="emission">0 0 0 1</color>
            </emission>
            <diffuse>
              <color sid="diffuse">1 0.4969335 0 1</color>
            </diffuse>
            <index_of_refraction>
              <float sid="ior">1.45</float>
            </index_of_refraction>
          </lambert>
        </technique>
      </profile_COMMON>
    </effect>
    <effect id="paintable-0_001-effect">
      <profile_COMMON>
        <technique sid="common">
          <lambert>
            <emission>
              <color sid="emission">0 0 0 1</color>
            </emission>
            <diffuse>
              <color sid="diffuse">1 0.4969335 0 1</color>
            </diffuse>
            <index_of_refraction>
              <float sid="ior">1.45</float>
            </index_of_refraction>
          </lambert>
        </technique>
      </profile_COMMON>
    </effect>
    <effect id="paintable-1_001-effect">
      <profile_COMMON>
        <technique sid="common">
          <lambert>
            <emission>
              <color sid="emission">0 0 0 1</color>
            </emission>
            <diffuse>
              <color sid="diffuse">0.6104922 0.4910214 0 1</color>
            </diffuse>
            <index_of_refraction>
              <float sid="ior">1.5</float>
            </index_of_refraction>
          </lambert>
        </technique>
      </profile_COMMON>
    </effect>
    <effect id="lightgrey_001-effect">
      <profile_COMMON>
        <technique sid="common">
          <lambert>
            <emission>
              <color sid="emission">0 0 0 1</color>
            </emission>
            <diffuse>
              <color sid="diffuse">0.7835327 0.7835385 0.7835382 1</color>
            </diffuse>
            <index_of_refraction>
              <float sid="ior">1.5</float>
            </index_of_refraction>
          </lambert>
        </technique>
      </profile_COMMON>
    </effect>
    <effect id="darkgrey_001-effect">
      <profile_COMMON>
        <technique sid="common">
          <lambert>
            <emission>
              <color sid="emission">0 0 0 1</color>
            </emission>
            <diffuse>
              <color sid="diffuse">0.3371614 0.3371639 0.3371637 1</color>
            </diffuse>
            <index_of_refraction>
              <float sid="ior">1.5</float>
            </index_of_refraction>
          </lambert>
        </technique>
      </profile_COMMON>
    </effect>
  </library_effects>
  <library_images/>
  <library_materials>
    <material id="paintable-0-material" name="paintable-0">
      <instance_effect url="#paintable-0-effect"/>
    </material>
    <material id="paintable-1-material" name="paintable-1">
      <instance_effect url="#paintable-1-effect"/>
    </material>
    <material id="lightgrey-material" name="lightgrey">
      <instance_effect url="#lightgrey-effect"/>
    </material>
    <material id="darkgrey-material" name="darkgrey">
      <instance_effect url="#darkgrey-effect"/>
    </material>
    <material id="Material-material" name="Material">
      <instance_effect url="#Material-effect"/>
    </material>
    <material id="paintable-0_001-material" name="paintable-0.001">
      <instance_effect url="#paintable-0_001-effect"/>
    </material>
    <material id="paintable-1_001-material" name="paintable-1.001">
      <instance_effect url="#paintable-1_001-effect"/>
    </material>
    <material id="lightgrey_001-material" name="lightgrey.001">
      <instance_effect url="#lightgrey_001-effect"/>
    </material>
    <material id="darkgrey_001-material" name="darkgrey.001">
      <instance_effect url="#darkgrey_001-effect"/>
    </material>
  </library_materials>
  <library_geometries>
    <geometry id="Cube-mesh" name="Cube">
      <mesh>
        <source id="Cube-mesh-positions">
          <float_array id="Cube-mesh-positions-array" count="1704">0.07499998 0.08499997 -0.125 -0.07499998 0.08499997 -0.125 0.07499998 0.07499998 0.115 0.07499998 -0.07499998 0.115 -0.08499997 -0.07499998 -0.125 -0.07499998 -0.08499997 -0.125 0.07499998 -0.08499997 -0.125 0.08499997 -0.07499998 -0.125 -0.08499997 0.07499998 -0.125 0.08499997 0.07499998 -0.125 -0.08499997 -0.07499998 -0.115 -0.07499998 -0.08499997 -0.115 0.07499998 -0.08499997 -0.115 0.08499997 -0.07499998 -0.115 -0.08499997 0.07499998 -0.115 -0.07499998 0.08499997 -0.115 0.08499997 0.07499998 -0.115 0.07499998 0.08499997 -0.115 -0.07499998 -0.07499998 -0.115 -0.07499998 0.07499998 -0.115 0.07499998 -0.07499998 -0.115 0.07499998 0.07499998 -0.115 0.07499998 -0.08499997 0.115 0.08499997 -0.07499998 0.115 -0.07499998 -0.08499997 0.115 -0.08499997 -0.07499998 0.115 0.08499997 0.07499998 0.115 0.07499998 0.08499997 0.115 -0.07499998 0.08499997 0.115 -0.08499997 0.07499998 0.115 0.08499997 -0.07499998 0.125 -0.08499997 -0.07499998 0.125 0.08499997 0.07499998 0.125 0.07499998 0.08499997 0.125 -0.07499998 0.08499997 0.125 -0.08499997 0.07499998 0.125 -0.07499998 -0.08499997 0.125 0.07499998 -0.08499997 0.125 -0.07499998 0.07499998 0.115 -0.07499998 -0.07499998 0.115 0.07499998 0.07499998 -0.125 0.07499998 -0.07499992 -0.125 -0.07499992 0.07499998 -0.125 -0.00999993 0.04535526 -0.12 -0.01646441 -0.04999989 -0.125 -0.06199991 -0.0461837 -0.12 -0.06199991 -0.02381616 -0.12 -0.0461837 -0.007999956 -0.12 -0.02381616 -0.007999956 -0.12 -0.007999897 -0.02381616 -0.12 -0.007999897 -0.04618376 -0.12 -0.02381616 -0.06199997 -0.12 -0.07499992 -0.07499992 -0.125 -0.00999993 -0.04535537 -0.125 -0.00999993 -0.02464467 -0.125 -0.02464455 -0.00999993 -0.125 -0.04535526 -0.00999993 -0.125 -0.05999994 -0.02464467 -0.125 -0.007999897 -0.02381616 -0.125 -0.007999897 -0.04618376 -0.125 -0.02381616 -0.06199997 -0.125 -0.06199991 -0.02381616 -0.125 0.008000016 -0.02381616 -0.125 0.008000016 -0.0461837 -0.125 0.02381622 -0.06199997 -0.125 0.04618376 -0.06199997 -0.125 -0.0461837 -0.06199997 -0.12 -0.04999995 -0.02353543 -0.1274999 -0.04646444 -0.01999992 -0.1274999 -0.05353546 -0.01999992 -0.1274999 -0.04999995 -0.01646441 -0.1274999 -0.01999992 -0.02353543 -0.1274999 -0.01646441 -0.01999992 -0.1274999 -0.02353543 -0.01999992 -0.1274999 -0.01999992 -0.01646441 -0.1274999 -0.04999995 -0.05353546 -0.1274999 -0.04646444 -0.04999989 -0.1274999 -0.05353546 -0.04999989 -0.1274999 -0.04999995 -0.04646438 -0.1274999 -0.01999992 -0.05353546 -0.1274999 -0.01646441 -0.04999989 -0.1274999 -0.02353543 -0.04999989 -0.1274999 -0.01999992 -0.04646438 -0.1274999 -0.05999994 -0.04535526 -0.12 -0.05999994 -0.02464467 -0.12 -0.04535526 -0.00999993 -0.12 -0.02464455 -0.00999993 -0.12 -0.00999993 -0.02464467 -0.12 -0.00999993 -0.04535537 -0.12 -0.02464455 -0.05999994 -0.12 -0.04535526 -0.05999994 -0.12 0.0464645 0.01999992 -0.125 0.05000001 0.02353543 -0.125 0.05353552 0.04999995 -0.125 0.05000001 0.04646438 -0.125 0.0464645 0.04999995 -0.125 0.05000001 0.05353546 -0.125 0.02000004 0.05353546 -0.125 -0.06199991 0.04618364 -0.125 -0.06199991 0.02381616 -0.125 -0.02381616 -0.007999956 -0.125 -0.02381616 0.007999956 -0.125 -0.0461837 0.007999956 -0.125 -0.0461837 -0.007999956 -0.125 -0.0461837 -0.06199997 -0.125 -0.02464455 -0.05999994 -0.125 -0.04535526 -0.05999994 -0.125 -0.05999994 -0.04535526 -0.125 -0.06199991 -0.04618364 -0.125 0.00999999 -0.02464467 -0.125 0.00999999 -0.04535526 -0.125 0.02464467 -0.05999994 -0.125 0.04535531 -0.05999994 -0.125 0.02381622 0.007999956 -0.125 0.02353554 0.04999995 -0.125 0.02000004 0.04646438 -0.125 0.01646447 0.04999995 -0.125 0.01646447 0.01999992 -0.125 0.02000004 0.02353543 -0.125 0.02353554 0.01999992 -0.125 0.02000004 0.01646441 -0.125 0.05000001 0.01646441 -0.125 0.05353552 0.01999992 -0.125 0.008000016 0.02381616 -0.12 0.008000016 0.04618364 -0.12 0.02381622 0.06199991 -0.12 0.04618376 0.06199991 -0.12 0.06200003 0.04618364 -0.12 0.06200003 0.02381604 -0.12 0.04618376 0.007999956 -0.12 0.02381622 0.007999956 -0.12 0.02000004 0.04646438 -0.1274999 0.02353554 0.04999995 -0.1274999 0.01646447 0.04999995 -0.1274999 0.02000004 0.05353546 -0.1274999 0.05000001 0.04646438 -0.1274999 0.05353552 0.04999995 -0.1274999 0.0464645 0.04999995 -0.1274999 0.05000001 0.05353546 -0.1274999 0.02000004 0.01646441 -0.1274999 0.02353554 0.01999992 -0.1274999 0.01646447 0.01999992 -0.1274999 0.02000004 0.02353543 -0.1274999 0.05000001 0.01646441 -0.1274999 0.05353552 0.01999992 -0.1274999 0.0464645 0.01999992 -0.1274999 0.02381622 -0.007999956 -0.125 0.01590812 -0.01590806 -0.125 0.01732236 -0.01732224 -0.125 0.02464467 -0.00999993 -0.125 0.04535537 -0.00999993 -0.125 0.06 -0.02464467 -0.125 0.06 -0.04535537 -0.125 0.06 0.02464455 -0.125 0.06 0.04535526 -0.125 0.04535537 0.05999988 -0.125 0.02464467 0.05999988 -0.125 0.00999999 0.04535526 -0.125 0.04535531 0.00999993 -0.125 0.02464467 0.00999993 -0.125 0.00999999 0.02464455 -0.125 0.008000016 0.02381622 -0.125 0.05000001 0.02353543 -0.1274999 0.01000005 0.02464455 -0.12 0.00999999 0.04535526 -0.12 0.02464467 0.05999988 -0.12 0.04535537 0.05999988 -0.12 0.06 0.04535526 -0.12 0.06 0.02464455 -0.12 0.04535531 0.00999993 -0.12 0.02464467 0.00999993 -0.12 -0.02353543 0.01999992 -0.125 -0.01999992 0.02353543 -0.125 -0.01646441 0.04999995 -0.125 -0.01999992 0.04646438 -0.125 -0.02353543 0.04999995 -0.125 -0.01999992 0.05353546 -0.125 -0.04999989 0.05353546 -0.125 -0.04646438 0.04999995 -0.125 -0.04999989 0.04646438 -0.125 -0.05353546 0.04999995 -0.125 -0.05353546 0.01999992 -0.125 -0.04999989 0.02353543 -0.125 -0.04646438 0.01999992 -0.125 -0.04999989 0.01646441 -0.125 -0.01999992 0.01646441 -0.125 -0.01646441 0.01999992 -0.125 -0.06199991 0.02381616 -0.12 -0.06199991 0.04618364 -0.12 -0.0461837 0.06199991 -0.12 -0.02381616 0.06199991 -0.12 -0.007999897 0.04618364 -0.12 -0.007999897 0.02381604 -0.12 -0.02381616 0.007999956 -0.12 0.02381622 0.06199991 -0.125 0.04618376 0.06199991 -0.125 0.06200003 0.04618364 -0.125 0.06200003 0.02381604 -0.125 0.04618376 0.007999956 -0.125 0.04618376 -0.007999956 -0.125 0.06200003 -0.02381616 -0.125 0.06200003 -0.04618376 -0.125 0.008000016 0.04618364 -0.125 -0.007999897 0.02381604 -0.125 -0.007999897 0.04618364 -0.125 -0.02381616 0.06199991 -0.125 -0.0461837 0.06199991 -0.125 -0.015908 0.01590806 -0.125 -0.0461837 0.007999956 -0.12 -0.04999995 0.04646438 -0.1274999 -0.04646444 0.04999995 -0.1274999 -0.05353546 0.04999995 -0.1274999 -0.04999995 0.05353546 -0.1274999 -0.01999992 0.04646438 -0.1274999 -0.01646441 0.04999995 -0.1274999 -0.02353543 0.04999995 -0.1274999 -0.01999992 0.05353546 -0.1274999 -0.04999995 0.01646441 -0.1274999 -0.04646444 0.01999992 -0.1274999 -0.05353546 0.01999992 -0.1274999 -0.04999995 0.02353543 -0.1274999 -0.01999992 0.01646441 -0.1274999 -0.01646441 0.01999992 -0.1274999 -0.02353543 0.01999992 -0.1274999 -0.01999992 0.02353543 -0.1274999 -0.05999994 0.02464455 -0.12 -0.05999994 0.04535526 -0.12 -0.04535526 0.05999988 -0.12 -0.02464455 0.05999988 -0.12 -0.04535526 0.00999993 -0.12 -0.02464455 0.00999993 -0.12 -0.00999993 0.02464455 -0.12 -0.05999994 0.04535526 -0.125 -0.05999994 0.02464455 -0.125 -0.04535526 0.00999993 -0.125 -0.02464455 0.00999993 -0.125 -0.01732224 0.01732224 -0.125 -0.00999993 0.02464455 -0.125 -0.00999993 0.04535526 -0.125 -0.02464455 0.05999988 -0.125 -0.04535526 0.05999988 -0.125 0.0464645 -0.04999989 -0.125 0.05000001 -0.04646438 -0.125 0.05353552 -0.01999992 -0.125 0.05000001 -0.02353543 -0.125 0.0464645 -0.01999992 -0.125 0.05000001 -0.01646441 -0.125 0.02000004 -0.01646441 -0.125 0.02353554 -0.01999992 -0.125 0.02000004 -0.02353543 -0.125 0.01646447 -0.01999992 -0.125 0.01646447 -0.04999989 -0.125 0.02000004 -0.04646438 -0.125 0.02353554 -0.04999989 -0.125 0.02000004 -0.05353546 -0.125 0.05000001 -0.05353546 -0.125 0.05353552 -0.04999989 -0.125 0.008000016 -0.0461837 -0.12 0.008000016 -0.02381616 -0.12 0.02381622 -0.007999956 -0.12 0.04618376 -0.007999956 -0.12 0.06200003 -0.02381616 -0.12 0.06200003 -0.04618376 -0.12 0.04618376 -0.06199997 -0.12 0.02381622 -0.06199997 -0.12 0.02000004 -0.02353543 -0.1274999 0.02353554 -0.01999992 -0.1274999 0.01646447 -0.01999992 -0.1274999 0.02000004 -0.01646441 -0.1274999 0.05000001 -0.02353543 -0.1274999 0.05353552 -0.01999992 -0.1274999 0.0464645 -0.01999992 -0.1274999 0.05000001 -0.01646441 -0.1274999 0.02000004 -0.05353546 -0.1274999 0.02353554 -0.04999989 -0.1274999 0.01646447 -0.04999989 -0.1274999 0.02000004 -0.04646438 -0.1274999 0.05000001 -0.05353546 -0.1274999 0.05353552 -0.04999989 -0.1274999 0.0464645 -0.04999989 -0.1274999 0.05000001 -0.04646438 -0.1274999 0.01000005 -0.04535526 -0.12 0.00999999 -0.02464467 -0.12 0.02464467 -0.00999993 -0.12 0.04535537 -0.00999993 -0.12 0.06 -0.02464467 -0.12 0.06 -0.04535537 -0.12 0.04535531 -0.05999994 -0.12 0.02464467 -0.05999994 -0.12 -0.02353543 -0.04999989 -0.125 -0.01999992 -0.04646438 -0.125 -0.01646441 -0.01999992 -0.125 -0.01999992 -0.02353543 -0.125 -0.02353543 -0.01999992 -0.125 -0.01999992 -0.01646441 -0.125 -0.04999989 -0.01646441 -0.125 -0.04646438 -0.01999992 -0.125 -0.04999989 -0.02353543 -0.125 -0.05353546 -0.01999992 -0.125 -0.05353546 -0.04999989 -0.125 -0.04999989 -0.04646438 -0.125 -0.04646438 -0.04999989 -0.125 -0.04999989 -0.05353546 -0.125 -0.01999992 -0.05353546 -0.125 0.07499998 -0.07499998 0.125 0.07499998 0.07499992 0.125 -0.07499992 -0.07499998 0.125 -0.00999993 -0.04535526 0.12 -0.01646441 0.04999989 0.125 -0.06199991 0.0461837 0.12 -0.06199991 0.02381616 0.12 -0.0461837 0.007999956 0.12 -0.02381616 0.007999956 0.12 -0.007999897 0.02381616 0.12 -0.007999897 0.04618376 0.12 -0.02381616 0.06199997 0.12 -0.07499992 0.07499992 0.125 -0.00999993 0.04535537 0.125 -0.00999993 0.02464467 0.125 -0.02464455 0.00999993 0.125 -0.04535526 0.00999993 0.125 -0.05999994 0.02464467 0.125 -0.007999897 0.02381616 0.125 -0.007999897 0.04618376 0.125 -0.02381616 0.06199997 0.125 -0.06199991 0.02381616 0.125 0.008000016 0.02381616 0.125 0.008000016 0.0461837 0.125 0.02381622 0.06199997 0.125 0.04618376 0.06199997 0.125 -0.0461837 0.06199997 0.12 -0.04999995 0.02353543 0.1274999 -0.04646444 0.01999992 0.1274999 -0.05353546 0.01999992 0.1274999 -0.04999995 0.01646441 0.1274999 -0.01999992 0.02353543 0.1274999 -0.01646441 0.01999992 0.1274999 -0.02353543 0.01999992 0.1274999 -0.01999992 0.01646441 0.1274999 -0.04999995 0.05353546 0.1274999 -0.04646444 0.04999989 0.1274999 -0.05353546 0.04999989 0.1274999 -0.04999995 0.04646438 0.1274999 -0.01999992 0.05353546 0.1274999 -0.01646441 0.04999989 0.1274999 -0.02353543 0.04999989 0.1274999 -0.01999992 0.04646438 0.1274999 -0.05999994 0.04535526 0.12 -0.05999994 0.02464467 0.12 -0.04535526 0.00999993 0.12 -0.02464455 0.00999993 0.12 -0.00999993 0.02464467 0.12 -0.00999993 0.04535537 0.12 -0.02464455 0.05999994 0.12 -0.04535526 0.05999994 0.12 0.0464645 -0.01999992 0.125 0.05000001 -0.02353543 0.125 0.05353552 -0.04999995 0.125 0.05000001 -0.04646438 0.125 0.0464645 -0.04999995 0.125 0.05000001 -0.05353546 0.125 0.02000004 -0.05353546 0.125 -0.06199991 -0.04618364 0.125 -0.06199991 -0.02381616 0.125 -0.02381616 0.007999956 0.125 -0.02381616 -0.007999956 0.125 -0.0461837 -0.007999956 0.125 -0.0461837 0.007999956 0.125 -0.0461837 0.06199997 0.125 -0.02464455 0.05999994 0.125 -0.04535526 0.05999994 0.125 -0.05999994 0.04535526 0.125 -0.06199991 0.04618364 0.125 0.00999999 0.02464467 0.125 0.00999999 0.04535526 0.125 0.02464467 0.05999994 0.125 0.04535531 0.05999994 0.125 0.02381622 -0.007999956 0.125 0.02353554 -0.04999995 0.125 0.02000004 -0.04646438 0.125 0.01646447 -0.04999995 0.125 0.01646447 -0.01999992 0.125 0.02000004 -0.02353543 0.125 0.02353554 -0.01999992 0.125 0.02000004 -0.01646441 0.125 0.05000001 -0.01646441 0.125 0.05353552 -0.01999992 0.125 0.008000016 -0.02381616 0.12 0.008000016 -0.04618364 0.12 0.02381622 -0.06199991 0.12 0.04618376 -0.06199991 0.12 0.06200003 -0.04618364 0.12 0.06200003 -0.02381604 0.12 0.04618376 -0.007999956 0.12 0.02381622 -0.007999956 0.12 0.02000004 -0.04646438 0.1274999 0.02353554 -0.04999995 0.1274999 0.01646447 -0.04999995 0.1274999 0.02000004 -0.05353546 0.1274999 0.05000001 -0.04646438 0.1274999 0.05353552 -0.04999995 0.1274999 0.0464645 -0.04999995 0.1274999 0.05000001 -0.05353546 0.1274999 0.02000004 -0.01646441 0.1274999 0.02353554 -0.01999992 0.1274999 0.01646447 -0.01999992 0.1274999 0.02000004 -0.02353543 0.1274999 0.05000001 -0.01646441 0.1274999 0.05353552 -0.01999992 0.1274999 0.0464645 -0.01999992 0.1274999 0.02381622 0.007999956 0.125 0.01590812 0.01590806 0.125 0.01732236 0.01732224 0.125 0.02464467 0.00999993 0.125 0.04535537 0.00999993 0.125 0.06 0.02464467 0.125 0.06 0.04535537 0.125 0.06 -0.02464455 0.125 0.06 -0.04535526 0.125 0.04535537 -0.05999988 0.125 0.02464467 -0.05999988 0.125 0.00999999 -0.04535526 0.125 0.04535531 -0.00999993 0.125 0.02464467 -0.00999993 0.125 0.00999999 -0.02464455 0.125 0.008000016 -0.02381622 0.125 0.05000001 -0.02353543 0.1274999 0.01000005 -0.02464455 0.12 0.00999999 -0.04535526 0.12 0.02464467 -0.05999988 0.12 0.04535537 -0.05999988 0.12 0.06 -0.04535526 0.12 0.06 -0.02464455 0.12 0.04535531 -0.00999993 0.12 0.02464467 -0.00999993 0.12 -0.02353543 -0.01999992 0.125 -0.01999992 -0.02353543 0.125 -0.01646441 -0.04999995 0.125 -0.01999992 -0.04646438 0.125 -0.02353543 -0.04999995 0.125 -0.01999992 -0.05353546 0.125 -0.04999989 -0.05353546 0.125 -0.04646438 -0.04999995 0.125 -0.04999989 -0.04646438 0.125 -0.05353546 -0.04999995 0.125 -0.05353546 -0.01999992 0.125 -0.04999989 -0.02353543 0.125 -0.04646438 -0.01999992 0.125 -0.04999989 -0.01646441 0.125 -0.01999992 -0.01646441 0.125 -0.01646441 -0.01999992 0.125 -0.06199991 -0.02381616 0.12 -0.06199991 -0.04618364 0.12 -0.0461837 -0.06199991 0.12 -0.02381616 -0.06199991 0.12 -0.007999897 -0.04618364 0.12 -0.007999897 -0.02381604 0.12 -0.02381616 -0.007999956 0.12 0.02381622 -0.06199991 0.125 0.04618376 -0.06199991 0.125 0.06200003 -0.04618364 0.125 0.06200003 -0.02381604 0.125 0.04618376 -0.007999956 0.125 0.04618376 0.007999956 0.125 0.06200003 0.02381616 0.125 0.06200003 0.04618376 0.125 0.008000016 -0.04618364 0.125 -0.007999897 -0.02381604 0.125 -0.007999897 -0.04618364 0.125 -0.02381616 -0.06199991 0.125 -0.0461837 -0.06199991 0.125 -0.015908 -0.01590806 0.125 -0.0461837 -0.007999956 0.12 -0.04999995 -0.04646438 0.1274999 -0.04646444 -0.04999995 0.1274999 -0.05353546 -0.04999995 0.1274999 -0.04999995 -0.05353546 0.1274999 -0.01999992 -0.04646438 0.1274999 -0.01646441 -0.04999995 0.1274999 -0.02353543 -0.04999995 0.1274999 -0.01999992 -0.05353546 0.1274999 -0.04999995 -0.01646441 0.1274999 -0.04646444 -0.01999992 0.1274999 -0.05353546 -0.01999992 0.1274999 -0.04999995 -0.02353543 0.1274999 -0.01999992 -0.01646441 0.1274999 -0.01646441 -0.01999992 0.1274999 -0.02353543 -0.01999992 0.1274999 -0.01999992 -0.02353543 0.1274999 -0.05999994 -0.02464455 0.12 -0.05999994 -0.04535526 0.12 -0.04535526 -0.05999988 0.12 -0.02464455 -0.05999988 0.12 -0.04535526 -0.00999993 0.12 -0.02464455 -0.00999993 0.12 -0.00999993 -0.02464455 0.12 -0.05999994 -0.04535526 0.125 -0.05999994 -0.02464455 0.125 -0.04535526 -0.00999993 0.125 -0.02464455 -0.00999993 0.125 -0.01732224 -0.01732224 0.125 -0.00999993 -0.02464455 0.125 -0.00999993 -0.04535526 0.125 -0.02464455 -0.05999988 0.125 -0.04535526 -0.05999988 0.125 0.0464645 0.04999989 0.125 0.05000001 0.04646438 0.125 0.05353552 0.01999992 0.125 0.05000001 0.02353543 0.125 0.0464645 0.01999992 0.125 0.05000001 0.01646441 0.125 0.02000004 0.01646441 0.125 0.02353554 0.01999992 0.125 0.02000004 0.02353543 0.125 0.01646447 0.01999992 0.125 0.01646447 0.04999989 0.125 0.02000004 0.04646438 0.125 0.02353554 0.04999989 0.125 0.02000004 0.05353546 0.125 0.05000001 0.05353546 0.125 0.05353552 0.04999989 0.125 0.008000016 0.0461837 0.12 0.008000016 0.02381616 0.12 0.02381622 0.007999956 0.12 0.04618376 0.007999956 0.12 0.06200003 0.02381616 0.12 0.06200003 0.04618376 0.12 0.04618376 0.06199997 0.12 0.02381622 0.06199997 0.12 0.02000004 0.02353543 0.1274999 0.02353554 0.01999992 0.1274999 0.01646447 0.01999992 0.1274999 0.02000004 0.01646441 0.1274999 0.05000001 0.02353543 0.1274999 0.05353552 0.01999992 0.1274999 0.0464645 0.01999992 0.1274999 0.05000001 0.01646441 0.1274999 0.02000004 0.05353546 0.1274999 0.02353554 0.04999989 0.1274999 0.01646447 0.04999989 0.1274999 0.02000004 0.04646438 0.1274999 0.05000001 0.05353546 0.1274999 0.05353552 0.04999989 0.1274999 0.0464645 0.04999989 0.1274999 0.05000001 0.04646438 0.1274999 0.01000005 0.04535526 0.12 0.00999999 0.02464467 0.12 0.02464467 0.00999993 0.12 0.04535537 0.00999993 0.12 0.06 0.02464467 0.12 0.06 0.04535537 0.12 0.04535531 0.05999994 0.12 0.02464467 0.05999994 0.12 -0.02353543 0.04999989 0.125 -0.01999992 0.04646438 0.125 -0.01646441 0.01999992 0.125 -0.01999992 0.02353543 0.125 -0.02353543 0.01999992 0.125 -0.01999992 0.01646441 0.125 -0.04999989 0.01646441 0.125 -0.04646438 0.01999992 0.125 -0.04999989 0.02353543 0.125 -0.05353546 0.01999992 0.125 -0.05353546 0.04999989 0.125 -0.04999989 0.04646438 0.125 -0.04646438 0.04999989 0.125 -0.04999989 0.05353546 0.125 -0.01999992 0.05353546 0.125</float_array>
          <technique_common>
            <accessor source="#Cube-mesh-positions-array" count="568" stride="3">
              <param name="X" type="float"/>
              <param name="Y" type="float"/>
              <param name="Z" type="float"/>
            </accessor>
          </technique_common>
        </source>
        <source id="Cube-mesh-normals">
          <float_array id="Cube-mesh-normals-array" count="2820">0.7071068 0.7071068 0 0.7071068 -0.7071068 0 1 0 0 -1 0 0 -0.7071068 0.7071068 0 -0.7071068 -0.7071068 0 0 1 0 0 -1 0 0 0 -1 0 0 -1 0 0 -1 0 0 -1 0 0 -1 0 0 -1 0 0 -1 0 0 -1 0 0 1 0 0 1 0 0 1 0 0 1 0 0 1 0 0 1 0 0 1 0 0 1 -2.98023e-6 2.98023e-6 -1 0 0 -1 0 0 -1 -2.98023e-6 1.98682e-7 -1 0 2.98024e-6 -1 0 0 -1 0 1.98682e-7 -1 2.98023e-6 2.98023e-6 -1 0 0 1 0 0 1 0 0 1 0 0 1 0 0 1 0 0 1 0 0 1 0 0 1 0 1 0 0 -1 0 -0.7071062 0.7071073 0 -0.7071074 -0.7071063 0 -1 0 0 1 0 0 0.7071062 0.7071073 0 0.7071074 -0.7071063 0 -0.7071038 0.7071098 2.11001e-6 -4.67045e-6 3.12837e-7 -1 3.56348e-7 -3.56348e-7 -1 0 -1.14624e-6 -1 -1.2317e-6 3.12837e-7 -1 -1.06905e-6 -1.06904e-6 -1 3.12836e-7 3.52421e-6 -1 6.49244e-7 -2.92897e-7 -1 -7.12698e-7 7.127e-7 -1 0 -1 0 0 0 -1 0 0 -1 1.49012e-5 0 -1 -1.43899e-6 -5.96041e-7 -1 0 1.49009e-5 -1 -0.7071065 -0.7071071 0 -1 0 0 0.7071068 0.7071068 -2.11002e-6 0.7071038 0.7071098 -4.22005e-6 -0.7071086 0.707105 0 0 1 0 -0.7071038 0.7071098 4.22005e-6 0 0 -1 0 0 -1 -1 0 1.49012e-6 -0.7071072 -0.7071064 1.05368e-6 0 1 0 -0.7071065 0.7071071 0 -0.7071098 -0.7071038 4.21468e-6 0 0 -1 0 0 -1 0.7071058 0.7071078 -3.38304e-6 3.12837e-7 3.12837e-7 -1 0 0 -1 -9.31314e-7 9.31323e-7 -1 0 0 -1 0 0 -1 3.12836e-7 6.29308e-7 -1 3.12836e-7 -6.29306e-7 -1 0 0 -1 0 0 -1 1.17632e-6 2.34174e-7 -1 0 0 -1 0 0 -1 1.88428e-6 0 -1 0 0 -1 0 0 -1 0 0 -1 0 0 -1 0 0 -1 9.20434e-6 -1.10887e-5 -1 -0.7071098 -0.7071039 6.32206e-6 0.707106 0.7071076 -4.22008e-6 -0.7071039 0.7071098 6.25735e-6 0 0 -1 0.707112 -0.7071015 -4.21472e-6 0 0 -1 -5.51873e-7 1.33241e-6 -1 1 0 -4.47037e-6 0.707106 0.7071076 -4.22008e-6 0.7071053 -0.7071083 0 0.7071053 0.7071083 0 -0.7071039 0.7071098 6.25735e-6 0.707106 -0.7071076 -4.21468e-6 -0.7071098 -0.7071039 0 0.7071053 0.7071083 0 0.7071112 -0.7071023 0 0.7071089 0.7071046 0 0 -1 0 0.7071053 -0.7071083 0 0 0 -1 -0.7071039 0.7071098 0 -0.7071054 0.7071082 0 3.12836e-7 3.12837e-7 -1 6.66196e-7 0 -1 0 9.31323e-7 -1 0 0 -1 9.42142e-7 0 -1 0 0 -1 0 0 -1 0 0 -1 2.98023e-7 0 -1 3.59746e-7 1.49012e-7 -1 -0.7071061 -0.7071074 0 1 0 0 0.7071069 -0.7071067 0 0.7071081 0.7071055 0 0 -1 0 0 1 0 0.7071046 -0.7071089 0 1 0 0 0 -1 0 0.7071061 0.7071075 0 -0.7071039 0.7071098 0 0 0 -1 0.7071112 -0.7071023 0 -0.7071039 -0.7071098 6.32201e-6 0.707106 0.7071076 -4.22008e-6 -0.7071039 0.7071098 6.25735e-6 0.7071053 0.7071083 0 -0.7071098 -0.7071039 0 0.7071061 0.7071075 0 -0.7071038 -0.7071098 4.21465e-6 0 0 -1 9.2044e-6 -1.10887e-5 -1 0 1 0 0 1.49009e-5 -1 -0.7071038 0.7071098 2.11001e-6 -0.7071074 -0.7071061 0 0 0 -1 0 -1 0 0.7071081 -0.7071055 0 -0.7071054 -0.7071081 4.21468e-6 0 0 -1 -1 0 5.96047e-6 0.7071076 -0.7071059 0 -0.7071028 0.7071108 0 -1 0 1.49012e-6 -0.7071058 -0.7071079 1.05367e-6 -0.7071057 0.7071079 0 0 1 0 0 0 -1 -0.7071078 -0.7071058 0 0 -1 0 -1 0 0 1.43899e-6 -5.9605e-7 -1 0 0 -1 0 0 -1 1.43898e-6 -5.96046e-7 -1 0 0 -1 0 0 -1 0 0 -1 -0.7071038 -0.7071098 4.21465e-6 0.7071038 0.7071098 -4.22005e-6 0 0 -1 -0.7071038 0.7071098 4.22005e-6 -0.7071039 -0.7071098 0 0.7071053 0.7071083 0 -0.7071039 0.7071098 0 0 0 -1 0.7071063 -0.7071073 0 0.7071053 -0.7071083 0 0.707106 -0.7071076 -4.21468e-6 0 0 -1 -0.7071068 0.7071068 0 -0.7071069 -0.7071067 4.21471e-6 -0.7071061 0.7071074 0 0.7071098 -0.7071038 -4.21468e-6 0 0 -1 0.7071038 0.7071098 -4.22005e-6 -0.7071038 0.7071098 4.22005e-6 -0.7071038 -0.7071098 2.10732e-6 0.7071068 0.7071068 -2.11003e-6 -0.7071038 0.7071098 2.11002e-6 0 0 -1 0.7071068 -0.7071068 -2.10733e-6 -0.7071098 -0.7071038 4.21468e-6 0 0 -1 -0.7071039 -0.7071098 6.32201e-6 -0.7071034 0.7071101 0 1 0 0 0.7071068 -0.7071068 -2.10732e-6 0.7071038 -0.7071098 -4.21465e-6 0 0 -1 0.707112 -0.7071015 -4.21472e-6 1 0 -1.49012e-6 -0.7071098 -0.7071037 2.10733e-6 0.7071068 0.7071068 0 0 0 -1 1 0 -1.49012e-6 0.7071127 -0.7071008 -2.10735e-6 0.7071127 -0.7071008 -2.10734e-6 0.7071098 -0.7071038 -4.21468e-6 -0.7071038 0.7071098 4.22005e-6 0.7071068 0.7071068 -2.11002e-6 1 0 0 -0.7071039 -0.7071098 2.10731e-6 0.7071038 -0.7071098 -4.21465e-6 0 0 -1 0 0 -1 -1 0 1.49012e-6 -1 0 1.49012e-6 -0.7071039 0.7071098 6.25735e-6 0.7071068 0.7071068 -2.11003e-6 0 1 0 -0.7071038 0.7071098 2.11002e-6 0 1 0 -0.7071098 -0.7071038 2.10734e-6 0 0 -1 0 0 -1 0.7071047 -0.7071089 0 0.7071089 0.7071046 0 0 0 -1 0 0 -1 0 0 -1 0.7071038 0.7071098 -4.22005e-6 0 -1 0 0.7071039 -0.7071096 0 -1 0 5.96051e-6 0 1 0 0 0 -1 0 0 -1 0.707106 0.7071076 -4.22008e-6 0 0 -1 1 0 -4.47035e-6 0 -1 0 -0.7071039 0.7071098 0 0 0 -1 0.7071084 0.7071052 5.20464e-6 -0.7071098 -0.7071039 6.32206e-6 -0.7071039 -0.7071098 0 0 0 -1 -0.7071038 -0.7071098 -2.11001e-6 -4.67045e-6 -3.12837e-7 1 3.56348e-7 3.56348e-7 1 0 1.14624e-6 1 -1.2317e-6 -3.12837e-7 1 -1.06905e-6 1.06904e-6 1 3.12836e-7 -3.52421e-6 1 6.49244e-7 2.92896e-7 1 -7.12698e-7 -7.127e-7 1 0 1 0 0 0 1 0 0 1 1.49012e-5 0 1 -1.43899e-6 5.96041e-7 1 0 -1.49009e-5 1 -0.7071065 0.7071071 0 -1 0 0 0.7071068 -0.7071068 2.11002e-6 0.7071038 -0.7071098 4.22005e-6 -0.7071086 -0.707105 0 0 -1 0 -0.7071038 -0.7071098 -4.22005e-6 0 0 1 0 0 1 -1 0 -1.49012e-6 -0.7071072 0.7071064 -1.05368e-6 0 -1 0 -0.7071065 -0.7071071 0 -0.7071098 0.7071038 -4.21468e-6 0 0 1 0 0 1 0.7071058 -0.7071078 3.38304e-6 3.12837e-7 -3.12837e-7 1 0 0 1 -9.31314e-7 -9.31323e-7 1 0 0 1 0 0 1 3.12836e-7 -6.29308e-7 1 3.12836e-7 6.29306e-7 1 0 0 1 0 0 1 1.17632e-6 -2.34174e-7 1 0 0 1 0 0 1 1.88428e-6 0 1 0 0 1 0 0 1 0 0 1 0 0 1 0 0 1 9.20434e-6 1.10887e-5 1 -0.7071098 0.7071039 -6.32206e-6 0.707106 -0.7071076 4.22008e-6 -0.7071039 -0.7071098 -6.25735e-6 0 0 1 0.707112 0.7071015 4.21472e-6 0 0 1 -5.51873e-7 -1.33241e-6 1 1 0 4.47037e-6 0.707106 -0.7071076 4.22008e-6 0.7071053 0.7071083 0 0.7071053 -0.7071083 0 -0.7071039 -0.7071098 -6.25735e-6 0.707106 0.7071076 4.21468e-6 -0.7071098 0.7071039 0 0.7071053 -0.7071083 0 0.7071112 0.7071023 0 0.7071089 -0.7071046 0 0 1 0 0.7071053 0.7071083 0 0 0 1 -0.7071039 -0.7071098 0 -0.7071054 -0.7071082 0 3.12836e-7 -3.12837e-7 1 6.66196e-7 0 1 0 -9.31323e-7 1 0 0 1 9.42142e-7 0 1 0 0 1 0 0 1 0 0 1 2.98023e-7 0 1 3.59746e-7 -1.49012e-7 1 -0.7071061 0.7071074 0 1 0 0 0.7071069 0.7071067 0 0.7071081 -0.7071055 0 0 1 0 0 -1 0 0.7071046 0.7071089 0 1 0 0 0 1 0 0.7071061 -0.7071075 0 -0.7071039 -0.7071098 0 0 0 1 0.7071112 0.7071023 0 -0.7071039 0.7071098 -6.32201e-6 0.707106 -0.7071076 4.22008e-6 -0.7071039 -0.7071098 -6.25735e-6 0.7071053 -0.7071083 0 -0.7071098 0.7071039 0 0.7071061 -0.7071075 0 -0.7071038 0.7071098 -4.21465e-6 0 0 1 9.2044e-6 1.10887e-5 1 0 -1 0 0 -1.49009e-5 1 -0.7071038 -0.7071098 -2.11001e-6 -0.7071074 0.7071061 0 0 0 1 0 1 0 0.7071081 0.7071055 0 -0.7071054 0.7071081 -4.21468e-6 0 0 1 -1 0 -5.96047e-6 0.7071076 0.7071059 0 -0.7071028 -0.7071108 0 -1 0 -1.49012e-6 -0.7071058 0.7071079 -1.05367e-6 -0.7071057 -0.7071079 0 0 -1 0 0 0 1 -0.7071078 0.7071058 0 0 1 0 -1 0 0 1.43899e-6 5.9605e-7 1 0 0 1 0 0 1 1.43898e-6 5.96046e-7 1 0 0 1 0 0 1 0 0 1 -0.7071038 0.7071098 -4.21465e-6 0.7071038 -0.7071098 4.22005e-6 0 0 1 -0.7071038 -0.7071098 -4.22005e-6 -0.7071039 0.7071098 0 0.7071053 -0.7071083 0 -0.7071039 -0.7071098 0 0 0 1 0.7071063 0.7071073 0 0.7071053 0.7071083 0 0.707106 0.7071076 4.21468e-6 0 0 1 -0.7071068 -0.7071068 0 -0.7071069 0.7071067 -4.21471e-6 -0.7071061 -0.7071074 0 0.7071098 0.7071038 4.21468e-6 0 0 1 0.7071038 -0.7071098 4.22005e-6 -0.7071038 -0.7071098 -4.22005e-6 -0.7071038 0.7071098 -2.10732e-6 0.7071068 -0.7071068 2.11003e-6 -0.7071038 -0.7071098 -2.11002e-6 0 0 1 0.7071068 0.7071068 2.10733e-6 -0.7071098 0.7071038 -4.21468e-6 0 0 1 -0.7071039 0.7071098 -6.32201e-6 -0.7071034 -0.7071101 0 1 0 0 0.7071068 0.7071068 2.10732e-6 0.7071038 0.7071098 4.21465e-6 0 0 1 0.707112 0.7071015 4.21472e-6 1 0 1.49012e-6 -0.7071098 0.7071037 -2.10733e-6 0.7071068 -0.7071068 0 0 0 1 1 0 1.49012e-6 0.7071127 0.7071008 2.10735e-6 0.7071127 0.7071008 2.10734e-6 0.7071098 0.7071038 4.21468e-6 -0.7071038 -0.7071098 -4.22005e-6 0.7071068 -0.7071068 2.11002e-6 1 0 0 -0.7071039 0.7071098 -2.10731e-6 0.7071038 0.7071098 4.21465e-6 0 0 1 0 0 1 -1 0 -1.49012e-6 -1 0 -1.49012e-6 -0.7071039 -0.7071098 -6.25735e-6 0.7071068 -0.7071068 2.11003e-6 0 -1 0 -0.7071038 -0.7071098 -2.11002e-6 0 -1 0 -0.7071098 0.7071038 -2.10734e-6 0 0 1 0 0 1 0.7071047 0.7071089 0 0.7071089 -0.7071046 0 0 0 1 0 0 1 0 0 1 0.7071038 -0.7071098 4.22005e-6 0 1 0 0.7071039 0.7071096 0 -1 0 -5.96051e-6 0 -1 0 0 0 1 0 0 1 0.707106 -0.7071076 4.22008e-6 0 0 1 1 0 4.47035e-6 0 1 0 -0.7071039 -0.7071098 0 0 0 1 0.7071084 -0.7071052 -5.20464e-6 -0.7071098 0.7071039 -6.32206e-6 -0.7071039 0.7071098 0 0 0 1 0 1 0 1 0 0 -1 0 0 0 -1 0 0.7071068 0.7071068 0 0.7071068 -0.7071068 0 1 0 0 -1 0 0 -0.7071068 0.7071068 0 -0.7071068 -0.7071068 0 0 1 0 0 -1 0 0 0 -1 0 0 -1 0 0 -1 0 0 -1 0 0 1 0 0 1 0 0 1 0 0 1 0 0 -1 0 0 -1 0 2.98023e-6 -1 2.98023e-6 0 -1 0 0 1 0 0 1 0 0 1 0 0 1 0 1 0 0 -1 0 -0.7071062 0.7071073 0 -0.7071074 -0.7071063 0 -1 0 0 1 0 0 0.7071062 0.7071073 0 0.7071074 -0.7071063 0 -0.7071038 0.7071098 2.10731e-6 -3.43874e-6 0 -1 -2.29249e-6 0 -1 -2.29249e-6 0 -1 6.66196e-7 -4.91542e-6 -1 0 -1.14624e-6 -1 3.12836e-7 -3.52417e-6 -1 1.14624e-6 0 -1 1.14624e-6 0 -1 0 0 -1 0 2.2925e-6 -1 0 1.14625e-6 -1 0 1.14625e-6 -1 0 -1 0 1.33239e-6 -1.43494e-5 -1 0 0 -1 -5.96014e-7 1.43898e-6 -1 1.05369e-5 -1.05369e-5 -1 1.33239e-6 5.51887e-7 -1 -0.7071065 -0.7071071 0 -1 0 0 0.7071068 0.7071068 -2.10732e-6 0.7071038 0.7071098 -4.21465e-6 -0.7071084 0.7071052 -1.05368e-6 0 1 0 -0.7071038 0.7071098 4.21465e-6 0 0 -1 0 0 -1 -1 -7.19495e-7 -1.49012e-6 -0.7071074 -0.7071062 0 0 1 0 -0.7071065 0.7071071 0 -0.7071098 -0.7071038 4.21468e-6 0 0 -1 0 0 -1 0.7071063 0.7071073 0 0 0 -1 -0.7071098 -0.7071039 6.32206e-6 0.7071053 0.7071083 -6.32202e-6 -0.7071039 0.7071098 6.32201e-6 0 0 -1 0.7071113 -0.7071024 -6.32207e-6 0 0 -1 1.05366e-5 1.05366e-5 -1 1 0 -4.47037e-6 0.7071053 0.7071083 -6.32202e-6 0.7071053 -0.7071083 0 0.7071053 0.7071083 0 -0.7071039 0.7071098 6.32201e-6 0.7071053 -0.7071083 -6.32202e-6 -0.7071098 -0.7071039 0 0.7071053 0.7071083 0 0.7071113 -0.7071024 0 0.7071087 0.7071048 -1.05368e-6 0 -1 0 0.7071052 -0.7071084 -1.05367e-6 0 0 -1 -0.7071039 0.7071098 0 -0.7071054 0.7071082 0 -4.03391e-7 -6.14126e-7 -1 1.43898e-6 5.96048e-7 -1 4.21468e-7 4.21469e-7 -1 2.03504e-6 0 -1 1.43898e-6 -3.47403e-6 -1 2.10734e-7 1.22825e-6 -1 0 0 -1 0 0 -1 0 0 -1 0 0 -1 0 0 -1 0 0 -1 2.10734e-7 -2.10735e-7 -1 1.43898e-6 1.01752e-6 -1 -1.01751e-6 0 -1 1.43898e-6 -2.45649e-6 -1 2.98023e-7 2.98021e-7 -1 7.19493e-7 -7.19496e-7 -1 0 0 -1 7.19492e-7 -7.19495e-7 -1 0 0 -1 3.59746e-7 1.49012e-7 -1 -0.7071059 -0.7071076 1.05367e-6 1 0 0 0.7071068 -0.7071068 0 0.7071068 -0.7071068 -1.30117e-7 0.7071081 0.7071055 0 0 -1 0 0 1 0 0.7071076 -0.707106 0 0.7071061 -0.7071074 4.28606e-6 1 0 0 0 -1 0 0.7071061 0.7071075 0 -0.7071039 0.7071098 0 0 0 -1 0.7071113 -0.7071024 0 -0.7071039 -0.7071098 6.32201e-6 0.7071053 0.7071083 -6.32202e-6 -0.7071039 0.7071098 6.32201e-6 0.7071053 0.7071083 0 -0.7071098 -0.7071039 0 0.7071059 0.7071077 -1.05367e-6 -0.7071038 -0.7071098 4.21465e-6 0 0 -1 0 0 -1 0 1 0 1.33239e-6 5.51887e-7 -1 -0.7071038 0.7071098 2.10731e-6 -0.7071073 -0.7071063 1.05368e-6 0 0 -1 0 -1 0 0.7071081 -0.7071055 0 -0.7071061 -0.7071074 0 0 0 -1 -1 -1.43898e-6 0 0.7071071 -0.7071065 -3.16103e-6 -0.7071048 0.7071088 0 -0.7071038 0.7071098 2.9927e-6 -1 -7.19489e-7 -1.49011e-6 -0.7071059 -0.7071077 0 -0.7071055 0.707108 -1.05367e-6 0 1 0 0 0 -1 -0.7071078 -0.7071058 0 0 -1 0 -1 0 0 1.33239e-6 5.51897e-7 -1 0 0 -1 0 0 -1 1.33239e-6 5.51914e-7 -1 0 0 -1 0 0 -1 0 0 -1 -0.7071038 -0.7071098 4.21465e-6 0.7071038 0.7071098 -4.21465e-6 0 0 -1 -0.7071038 0.7071098 4.21465e-6 -0.7071039 -0.7071098 0 0.7071053 0.7071083 0 -0.7071039 0.7071098 0 0 0 -1 0.7071058 -0.7071077 -3.16101e-6 0.7071053 -0.7071083 0 0.7071053 -0.7071083 -6.32202e-6 0 0 -1 -0.7071098 0.7071039 0 -0.7071083 0.7071053 4.28605e-6 -0.7071076 -0.707106 0 -0.7071059 0.7071076 1.05367e-6 0.7071098 -0.7071038 -4.21468e-6 0 0 -1 0.7071038 0.7071098 -4.21465e-6 -0.7071038 0.7071098 4.21465e-6 -0.7071038 -0.7071098 2.10732e-6 0.7071068 0.7071068 -2.10733e-6 -0.7071038 0.7071098 2.10732e-6 0 0 -1 0.7071068 -0.7071068 -2.10733e-6 -0.7071098 -0.7071038 4.21468e-6 0 0 -1 -0.7071039 -0.7071098 6.32201e-6 -0.7071033 0.7071103 1.05367e-6 1 0 0 0.7071068 -0.7071068 -2.10732e-6 0.7071038 -0.7071098 -4.21465e-6 0 0 -1 0.7071113 -0.7071024 -6.32207e-6 1 0 -1.49012e-6 -0.7071098 -0.7071038 2.10733e-6 0.7071081 0.7071055 8.42936e-6 0 0 -1 1 0 -1.49012e-6 0.7071127 -0.7071008 -2.10735e-6 0.7071127 -0.7071008 -2.10734e-6 0.7071098 -0.7071038 -4.21468e-6 -0.7071038 0.7071098 4.21465e-6 0.7071068 0.7071068 -2.10732e-6 1 0 0 -0.7071038 -0.7071098 2.10731e-6 0.7071038 -0.7071098 -4.21465e-6 0 0 -1 0 0 -1 -1 0 1.49012e-6 -1 0 1.49012e-6 -0.7071039 0.7071098 6.32201e-6 0.7071068 0.7071068 -2.10733e-6 0 1 0 -0.7071038 0.7071098 2.10732e-6 0 1 0 -0.7071098 -0.7071038 2.10734e-6 0 0 -1 0 0 -1 0.7071047 -0.7071089 0 0.7071089 0.7071046 0 0 0 -1 0 0 -1 0 0 -1 0.7071038 0.7071098 -4.21465e-6 0 -1 0 0.7071037 -0.7071099 -1.05367e-6 -1 -1.43899e-6 0 0 1 0 9.2042e-6 1.10885e-5 -1 1.33239e-6 -1.43494e-5 -1 0.7071053 0.7071083 -6.32202e-6 0 0 -1 1 0 -4.47035e-6 0 -1 0 -0.7071039 0.7071098 0 0 0 -1 0.7071076 0.707106 0 -0.7071098 -0.7071039 6.32206e-6 -0.7071039 -0.7071098 0 0 0 -1 -0.7071038 -0.7071098 -2.10731e-6 -3.43874e-6 0 1 -2.29249e-6 0 1 -2.29249e-6 0 1 6.66196e-7 4.91543e-6 1 0 1.14624e-6 1 3.12836e-7 3.52418e-6 1 1.14624e-6 0 1 1.14624e-6 0 1 0 0 1 0 -2.2925e-6 1 0 -1.14625e-6 1 0 -1.14625e-6 1 0 1 0 1.33239e-6 1.43494e-5 1 0 0 1 -5.96014e-7 -1.43898e-6 1 1.05369e-5 1.05369e-5 1 1.33239e-6 -5.51887e-7 1 -0.7071065 0.7071071 0 -1 0 0 0.7071068 -0.7071068 2.10732e-6 0.7071038 -0.7071098 4.21465e-6 -0.7071084 -0.7071052 1.05368e-6 0 -1 0 -0.7071038 -0.7071098 -4.21465e-6 0 0 1 0 0 1 -1 7.19495e-7 1.49012e-6 -0.7071074 0.7071062 0 0 -1 0 -0.7071065 -0.7071071 0 -0.7071098 0.7071038 -4.21468e-6 0 0 1 0 0 1 0.7071063 -0.7071073 0 0 0 1 -0.7071098 0.7071039 -6.32206e-6 0.7071053 -0.7071083 6.32202e-6 -0.7071039 -0.7071098 -6.32201e-6 0 0 1 0.7071113 0.7071024 6.32207e-6 0 0 1 1.05366e-5 -1.05366e-5 1 1 0 4.47037e-6 0.7071053 -0.7071083 6.32202e-6 0.7071053 0.7071083 0 0.7071053 -0.7071083 0 -0.7071039 -0.7071098 -6.32201e-6 0.7071053 0.7071083 6.32202e-6 -0.7071098 0.7071039 0 0.7071053 -0.7071083 0 0.7071113 0.7071024 0 0.7071087 -0.7071048 1.05368e-6 0 1 0 0.7071052 0.7071084 1.05367e-6 0 0 1 -0.7071039 -0.7071098 0 -0.7071054 -0.7071082 0 -4.03391e-7 6.14125e-7 1 1.43898e-6 -5.96048e-7 1 4.21468e-7 -4.21469e-7 1 2.03504e-6 0 1 1.43898e-6 3.47403e-6 1 2.10734e-7 -1.22825e-6 1 0 0 1 0 0 1 0 0 1 0 0 1 0 0 1 0 0 1 2.10734e-7 2.10735e-7 1 1.43898e-6 -1.01752e-6 1 -1.01751e-6 0 1 1.43898e-6 2.45649e-6 1 2.98023e-7 -2.98021e-7 1 7.19493e-7 7.19496e-7 1 0 0 1 7.19492e-7 7.19495e-7 1 0 0 1 3.59746e-7 -1.49012e-7 1 -0.7071059 0.7071076 -1.05367e-6 1 0 0 0.7071068 0.7071068 0 0.7071068 0.7071068 1.30117e-7 0.7071081 -0.7071055 0 0 1 0 0 -1 0 0.7071076 0.707106 0 0.7071061 0.7071074 -4.28606e-6 1 0 0 0 1 0 0.7071061 -0.7071075 0 -0.7071039 -0.7071098 0 0 0 1 0.7071113 0.7071024 0 -0.7071039 0.7071098 -6.32201e-6 0.7071053 -0.7071083 6.32202e-6 -0.7071039 -0.7071098 -6.32201e-6 0.7071053 -0.7071083 0 -0.7071098 0.7071039 0 0.7071059 -0.7071077 1.05367e-6 -0.7071038 0.7071098 -4.21465e-6 0 0 1 0 0 1 0 -1 0 1.33239e-6 -5.51887e-7 1 -0.7071038 -0.7071098 -2.10731e-6 -0.7071073 0.7071063 -1.05368e-6 0 0 1 0 1 0 0.7071081 0.7071055 0 -0.7071061 0.7071074 0 0 0 1 -1 1.43898e-6 0 0.7071071 0.7071065 3.16103e-6 -0.7071048 -0.7071088 0 -0.7071038 -0.7071098 -2.9927e-6 -1 7.19488e-7 1.49011e-6 -0.7071059 0.7071077 0 -0.7071055 -0.707108 1.05367e-6 0 -1 0 0 0 1 -0.7071078 0.7071058 0 0 1 0 -1 0 0 1.33239e-6 -5.51897e-7 1 0 0 1 0 0 1 1.33239e-6 -5.51914e-7 1 0 0 1 0 0 1 0 0 1 -0.7071038 0.7071098 -4.21465e-6 0.7071038 -0.7071098 4.21465e-6 0 0 1 -0.7071038 -0.7071098 -4.21465e-6 -0.7071039 0.7071098 0 0.7071053 -0.7071083 0 -0.7071039 -0.7071098 0 0 0 1 0.7071058 0.7071077 3.16101e-6 0.7071053 0.7071083 0 0.7071053 0.7071083 6.32202e-6 0 0 1 -0.7071098 -0.7071039 0 -0.7071083 -0.7071053 -4.28605e-6 -0.7071076 0.707106 0 -0.7071059 -0.7071076 -1.05367e-6 0.7071098 0.7071038 4.21468e-6 0 0 1 0.7071038 -0.7071098 4.21465e-6 -0.7071038 -0.7071098 -4.21465e-6 -0.7071038 0.7071098 -2.10732e-6 0.7071068 -0.7071068 2.10733e-6 -0.7071038 -0.7071098 -2.10732e-6 0 0 1 0.7071068 0.7071068 2.10733e-6 -0.7071098 0.7071038 -4.21468e-6 0 0 1 -0.7071039 0.7071098 -6.32201e-6 -0.7071033 -0.7071103 -1.05367e-6 1 0 0 0.7071068 0.7071068 2.10732e-6 0.7071038 0.7071098 4.21465e-6 0 0 1 0.7071113 0.7071024 6.32207e-6 1 0 1.49012e-6 -0.7071098 0.7071038 -2.10733e-6 0.7071081 -0.7071055 -8.42936e-6 0 0 1 1 0 1.49012e-6 0.7071127 0.7071008 2.10735e-6 0.7071127 0.7071008 2.10734e-6 0.7071098 0.7071038 4.21468e-6 -0.7071038 -0.7071098 -4.21465e-6 0.7071068 -0.7071068 2.10732e-6 1 0 0 -0.7071038 0.7071098 -2.10731e-6 0.7071038 0.7071098 4.21465e-6 0 0 1 0 0 1 -1 0 -1.49012e-6 -1 0 -1.49012e-6 -0.7071039 -0.7071098 -6.32201e-6 0.7071068 -0.7071068 2.10733e-6 0 -1 0 -0.7071038 -0.7071098 -2.10732e-6 0 -1 0 -0.7071098 0.7071038 -2.10734e-6 0 0 1 0 0 1 0.7071047 0.7071089 0 0.7071089 -0.7071046 0 0 0 1 0 0 1 0 0 1 0.7071038 -0.7071098 4.21465e-6 0 1 0 0.7071037 0.7071099 1.05367e-6 -1 1.43899e-6 0 0 -1 0 9.2042e-6 -1.10885e-5 1 1.33239e-6 1.43494e-5 1 0.7071053 -0.7071083 6.32202e-6 0 0 1 1 0 4.47035e-6 0 1 0 -0.7071039 -0.7071098 0 0 0 1 0.7071076 -0.707106 0 -0.7071098 0.7071039 -6.32206e-6 -0.7071039 0.7071098 0 0 0 1 0 1 0 1 0 0 -1 0 0 0 -1 0</float_array>
          <technique_common>
            <accessor source="#Cube-mesh-normals-array" count="940" stride="3">
              <param name="X" type="float"/>
              <param name="Y" type="float"/>
              <param name="Z" type="float"/>
            </accessor>
          </technique_common>
        </source>
        <source id="Cube-mesh-map-0">
          <float_array id="Cube-mesh-map-0-array" count="5640">0 0 0 0 0 0 0 0 0 0 0 0 0 0 0 0 0 0 0 0 0 0 0 0 0 0 0 0 0 0 0 0 0 0 0 0 0 0 0 0 0 0 0 0 0 0 0 0 0 0 0 0 0 0 0 0 0 0 0 0 0 0 0 0 0 0 0 0 0 0 0 0 0 0 0 0 0 0 0 0 0 0 0 0 0 0 0 0 0 0 0 0 0 0 0 0 0 0 0 0 0 0 0 0 0 0 0 0 0 0 0 0 0 0 0 0 0 0 0 0 0 0 0 0 0 0 0 0 0 0 0 0 0 0 0 0 0 0 0 0 0 0 0 0 0 0 0 0 0 0 0 0 0 0 0 0 0 0 0 0 0 0 0 0 0 0 0 0 0 0 0 0 0 0 0 0 0 0 0 0 0 0 0 0 0 0 0 0 0 0 0 0 0 0 0 0 0 0 0 0 0 0 0 0 0 0 0 0 0 0 0 0 0 0 0 0 0 0 0 0 0 0 0 0 0 0 0 0 0 0 0 0 0 0 0 0 0 0 0 0 0 0 0 0 0 0 0 0 0 0 0 0 0 0 0 0 0 0 0 0 0 0 0 0 0 0 0 0 0 0 0 0 0 0 0 0 0 0 0 0 0 0 0 0 0 0 0 0 0.375 0.75 0.625 1 0.375 1 0.625 0.9999978 0.4649763 0.6148692 0 0 0.25 1 0 0 0.375 1 0.5 1 0 0 0 0 0.4649762 0.6351307 0.25 1 0 0 0.5 0.9999993 0 0 0.625 0.9999993 0.8750005 1 0.5911765 0.6211084 0 0 0 0.9999985 0 0 0.125 1 0 0 0 0 0.875 0.9999978 0.5 1 0.375 0.5 0.375 0.9999985 0 0 0 0 0 0 0 0 0 0 0 0 0 0 0 0 0 0 0 0 0 0 0 0 0 0 0 0 0 0 0.625 1 0.5 0.5 0.5 0.9999985 0.75 0.5 0.625 0.9999985 0.75 1 0.375 0.5 0.125 0.75 0.125 0.5 0.375 0.5 0.125 0.75 0.125 0.5 0.25 1 0.375 0.5 0.375 0.9999985 0.375 0.5 0.5 0.9999985 0.375 1 0.375 0.75 0.625 1 0.375 1 0 0 0 0 0 0 0 0 0 0 0 0 0.125 0.5 0.25 0.9999985 0.125 1 0 1 0.125 0.5 0.125 0.9999985 0.8750005 1 1 0.5 0.875 0.5 0.875 0.5 0.75 0.9999985 0.875 1 0.625 0.5 0.875 0.75 0.625 0.75 0.875 0.5 0.75 0.5 0.875 0.5 0.375 0.5 0.625 0.75 0.375 0.75 0.125 0.5 0 0.9999985 0.125 1 0.5350239 0.6148692 0.5117647 0.6174536 0.4649763 0.6148692 0.5117648 0.6325463 0.4882354 0.6325463 0.4882354 0.6288915 0.5117647 0.6174536 0.4882354 0.6174536 0.4649763 0.6148692 0.5679175 0.6263071 0.5350239 0.6263071 0.5679174 0.6236928 0.4088236 0.6211084 0.4320828 0.6236928 0.4320828 0.6263071 0.5911765 0.6288915 0.5679175 0.6263071 0.5911765 0.6211084 0.4088236 0.6211084 0.4320828 0.6263071 0.4088236 0.6288915 0.5679175 0.6263071 0.5679174 0.6236928 0.5911765 0.6211084 0.4649763 0.6263072 0.4320828 0.6263071 0.4649761 0.6236928 0.5350239 0.6263071 0.5117648 0.6288915 0.4766058 0.6275993 0.4766058 0.6275993 0.4649763 0.6263072 0.4649761 0.6236928 0.5350239 0.6263071 0.5350239 0.6236928 0.5679174 0.6236928 0.5117648 0.6288915 0.4882354 0.6288915 0.4766058 0.6275993 0.4320828 0.6263071 0.4320828 0.6236928 0.4649761 0.6236928 0.5233942 0.6224005 0.5350239 0.6236928 0.5350239 0.6263071 0.4649761 0.6236928 0.5233942 0.6224005 0.4766058 0.6275993 0.4766058 0.6275993 0.5233942 0.6224005 0.5350239 0.6263071 0.4649761 0.6236928 0.4882354 0.6211084 0.5233942 0.6224005 0.875 0.5 0.75 0.5 0.875 0.5 0.625 0.5 0.875 0.75 0.625 0.75 0.375 0.5 0.125 0.75 0.125 0.5 0.375 0.75 0.625 1 0.375 1 0.375 0.5 0.625 0.75 0.375 0.75 0.625 0.25 0.375 0.5 0.375 0.25 0 0 0 0 0 0 0 0 0 0 0 0 0.25 0.5 0.125 0.9999985 0.25 1 0.375 0.5 0.125 0.75 0.125 0.5 0.625 0.25 0.375 0.5 0.375 0.25 0.375 0.5 0.125 0.75 0.125 0.5 0.375 0.75 0.625 1 0.375 1 0.625 0.25 0.375 0.5 0.375 0.25 0.875 0.5 0.625 0.75 0.625 0.5 0.375 0.5 0.125 0.75 0.125 0.5 0.625 0.25 0.375 0.5 0.375 0.25 0.5 0.5 0.625 0.9999978 0.5 1 0.875 1 1 0.5 1 0.9999985 0.75 1 0.875 0.5 0.875 0.9999985 0.375 0.5 0.625 0.75 0.375 0.75 0.625 0.75 0.375 1 0.375 0.75 0.25 0.5 0.375 0.9999993 0.25 1 0.4649762 0.6351307 0.4882354 0.6325463 0.5350239 0.6351307 0.4882354 0.6211084 0.4882354 0.6174536 0.5117648 0.6211084 0.4882354 0.6174536 0.5117647 0.6174536 0.5117648 0.6211084 0.4882354 0.6211084 0.5117648 0.6211084 0.5233942 0.6224005 0.4882354 0.6325463 0.5117648 0.6325463 0.5350239 0.6351307 0.4637579 0.6348039 0.4333011 0.6348039 0.4745261 0.6278304 0.5117648 0.6325463 0.4882354 0.6288915 0.5117648 0.6288915 0.5666991 0.6233659 0.5362423 0.623366 0.525474 0.6221695 0.5362423 0.626634 0.5666992 0.626634 0.5362423 0.6348039 0.4852942 0.6209731 0.433301 0.6233659 0.4117648 0.6175889 0.625 1 0.5 0.5 0.5 0.9999985 0.25 0.5 0.125 0.9999978 0.25 1 0.25 0.5 0.25 0.9999985 0.3125002 1 0.125 0.5 0 0.9999978 0.125 1 0.375 0.5 0.5 1 0.5 0.5 0.375 0.5 0.5 0.9999993 0.375 1 0.875 0.5 0.875 0.9999985 0.8124998 1 0.625 0.5 0.75 0.9999993 0.625 1 0.875 1 1 0.5 1 0.9999993 0.5 0.5 0.625 0.9999993 0.5 1 0.625 0.75 0.375 1 0.375 0.75 0.375 0.5 0.625 0.75 0.375 0.75 0.625 0.25 0.375 0.5 0.375 0.25 0.625 0.5 0.875 0.75 0.625 0.75 0.375 0.5 0.125 0.75 0.125 0.5 0.375 0.75 0.625 1 0.375 1 0.375 0.5 0.125 0.75 0.125 0.5 0.875 0.5 0.625 0.75 0.625 0.5 0.5 0.5 0.625 0.9999993 0.5 1 0.625 0.5 0.875 0.75 0.625 0.75 0.625 0.5 0.375 0.75 0.375 0.5 0 0 0 0 0 0 0.375 0.5 0.5 0.9999993 0.375 1 0 0 0 0 0 0 0.375 0.75 0.625 1 0.375 1 0.625 1 0.5 0.5 0.5 0.9999993 0 0 0 0 0 0 0.375 0.5 0.5 1 0.5 0.5 0.25 0.5 0.375 1 0.375 0.5 0 1 0.125 0.5 0.125 0.9999993 0 0 0 0 0 0 0.125 0.5 0.25 0.9999993 0.125 1 0.25 0.5 0.375 1 0.375 0.5 0.75 0.5 0.75 0.9999993 0.8124997 1 0.125 0.5 0.25 1 0.125 1 0 1 0.125 0.5 0.125 1 0.25 1 0.375 0.5 0.375 0.9999985 1 0.5 0.875 0.9999985 1 1 0 0 0 0 0 0 0.625 0.5 0.5 0.9999993 0.625 1 0.375 0.5 0.5 1 0.5 0.5 0.75 0.5 0.625 0.9999993 0.75 1 0 0 0 0 0 0 0 0 0 0 0 0 0 0 0 0 0 0 0 0 0 0 0 0 0 0 0 0 0 0 0 0 0 0 0 0 0.625 0.5 0.375 0.75 0.375 0.5 0.625 0.5 0.875 0.75 0.625 0.75 0.375 0.5 0.125 0.75 0.125 0.5 0.875 0.5 0.75 0.5 0.75 0.5 0.375 0.75 0.625 1 0.375 1 0.875 0.5 0.625 0.75 0.625 0.5 0.375 0.5 0.125 0.75 0.125 0.5 0.625 0.75 0.375 1 0.375 0.75 0.625 0.5 0.375 0.75 0.375 0.5 0.25 0.5 0.375 1 0.375 0.5 0.625 0.25 0.375 0.5 0.375 0.25 0.625 0.25 0.375 0.5 0.375 0.25 0.625 0.5 0.375 0.75 0.375 0.5 0.375 0.5 0.375 0.9999985 0.3125002 1 0 1 0.125 0.5 0.125 0.9999978 0.875 0.5 0.75 0.9999978 0.875 1 0.625 0.25 0.375 0.5 0.375 0.25 0.375 0.5 0.625 0.75 0.375 0.75 0.375 0.5 0.125 0.75 0.125 0.5 0.375 0.75 0.625 1 0.375 1 0.625 0.5 0.875 0.75 0.625 0.75 0.375 0.5 0.125 0.75 0.125 0.5 0.375 0.75 0.625 1 0.375 1 0.625 0.5 0.375 0.75 0.375 0.5 0.625 0.25 0.375 0.5 0.375 0.25 0.625 0.5 0.875 0.75 0.625 0.75 0 0 0 0 0 0 0.625 0.5 0.875 0.75 0.625 0.75 0.875 0.5 0.75 0.9999993 0.875 1 0.625 0.5 0.75 0.9999985 0.625 1 0.625 0.25 0.375 0.5 0.375 0.25 0.625 0.25 0.375 0.5 0.375 0.25 0.625 0.5 0.375 0.75 0.375 0.5 0.625 0.25 0.375 0.5 0.375 0.25 0.625 0.5 0.75 0.9999993 0.625 1 0.625 0.5 0.875 0.75 0.625 0.75 3.33098e-7 1 0.125 0.5 0 0.5 0 0 0 0 0 0 0.625 0.5 0.75 0.9999978 0.625 1 0.625 0.25 0.375 0.5 0.375 0.25 0.625 0.25 0.375 0.5 0.375 0.25 0.625 0.25 0.375 0.5 0.375 0.25 0.375 0.75 0.625 1 0.375 1 0.375 0.5 0.125 0.75 0.125 0.5 0.1250002 1 0.25 0.5 0.125 0.5 0.625 0.5 0.875 0.75 0.625 0.75 0.625 0.25 0.375 0.5 0.375 0.25 0.875 0.5 0.75 0.5 0.75 0.5 0.625 0.5 0.375 0.75 0.375 0.5 0.75 0.5 0.625 0.9999993 0.75 1 0.75 0.5 0.625 0.9999978 0.75 1 0.375 0.75 0.625 1 0.375 1 0.375 0.5 0.125 0.75 0.125 0.5 1 0.5 0.875 0.9999985 1 1 0.375 0.75 0.625 1 0.375 1 1 0.5 0.875 0.9999978 1 1 0.625 0.5 0.875 0.75 0.625 0.75 0.625 0.5 0.375 0.75 0.375 0.5 0.375 0.5 0.625 0.75 0.375 0.75 0.75 0.5 0.875 0.9999985 0.75 1 0.5 0.5 0.625 0.9999985 0.5 1 0 0 0 0 0 0 0 0 0 0 0 0 0.625 0.5 0.375 0.75 0.375 0.5 0.375 0.5 0.125 0.75 0.125 0.5 0.875 1 1 0.5 1 0.9999985 0.75 1 0.875 0.5 0.875 0.9999978 0.125 0.5 0.25 0.9999985 0.125 1 0.375 0.5 0.5 0.9999985 0.375 1 0 0 0 0 0 0 0 0 0 0 0 0 0.375 0.5 0.125 0.75 0.125 0.5 0 0 0 0 0 0 0.1250003 1 0.25 0.5 0.125 0.5 0.875 1 1 0.5 1 0.9999978 0.625 0.75 0.375 1 0.375 0.75 0 0 0 0 0 0 0.125 0.5 0 0.9999985 0.125 1 0.625 0.5 0.875 0.75 0.625 0.75 0.875 0.5 0.625 0.75 0.625 0.5 0.625 0.5 0.375 0.75 0.375 0.5 0.375 0.75 0.625 1 0.375 1 0.625 0.9999978 0.4649763 0.6148692 0 0 0.25 1 0 0 0.375 1 0.5 1 0 0 0 0 0.4649762 0.6351307 0.25 1 0 0 0.5 0.9999993 0 0 0.625 0.9999993 0.8750005 1 0.5911765 0.6211084 0 0 0 0.9999985 0 0 0.125 1 0 0 0 0 0.875 0.9999978 0.5 1 0.375 0.5 0.375 0.9999985 0 0 0 0 0 0 0 0 0 0 0 0 0 0 0 0 0 0 0 0 0 0 0 0 0 0 0 0 0 0 0.625 1 0.5 0.5 0.5 0.9999985 0.75 0.5 0.625 0.9999985 0.75 1 0.375 0.5 0.125 0.75 0.125 0.5 0.375 0.5 0.125 0.75 0.125 0.5 0.25 1 0.375 0.5 0.375 0.9999985 0.375 0.5 0.5 0.9999985 0.375 1 0.375 0.75 0.625 1 0.375 1 0 0 0 0 0 0 0 0 0 0 0 0 0.125 0.5 0.25 0.9999985 0.125 1 0 1 0.125 0.5 0.125 0.9999985 0.8750005 1 1 0.5 0.875 0.5 0.875 0.5 0.75 0.9999985 0.875 1 0.625 0.5 0.875 0.75 0.625 0.75 0.875 0.5 0.75 0.5 0.875 0.5 0.375 0.5 0.625 0.75 0.375 0.75 0.125 0.5 0 0.9999985 0.125 1 0.5350239 0.6148692 0.5117647 0.6174536 0.4649763 0.6148692 0.5117648 0.6325463 0.4882354 0.6325463 0.4882354 0.6288915 0.5117647 0.6174536 0.4882354 0.6174536 0.4649763 0.6148692 0.5679175 0.6263071 0.5350239 0.6263071 0.5679174 0.6236928 0.4088236 0.6211084 0.4320828 0.6236928 0.4320828 0.6263071 0.5911765 0.6288915 0.5679175 0.6263071 0.5911765 0.6211084 0.4088236 0.6211084 0.4320828 0.6263071 0.4088236 0.6288915 0.5679175 0.6263071 0.5679174 0.6236928 0.5911765 0.6211084 0.4649763 0.6263072 0.4320828 0.6263071 0.4649761 0.6236928 0.5350239 0.6263071 0.5117648 0.6288915 0.4766058 0.6275993 0.4766058 0.6275993 0.4649763 0.6263072 0.4649761 0.6236928 0.5350239 0.6263071 0.5350239 0.6236928 0.5679174 0.6236928 0.5117648 0.6288915 0.4882354 0.6288915 0.4766058 0.6275993 0.4320828 0.6263071 0.4320828 0.6236928 0.4649761 0.6236928 0.5233942 0.6224005 0.5350239 0.6236928 0.5350239 0.6263071 0.4649761 0.6236928 0.5233942 0.6224005 0.4766058 0.6275993 0.4766058 0.6275993 0.5233942 0.6224005 0.5350239 0.6263071 0.4649761 0.6236928 0.4882354 0.6211084 0.5233942 0.6224005 0.875 0.5 0.75 0.5 0.875 0.5 0.625 0.5 0.875 0.75 0.625 0.75 0.375 0.5 0.125 0.75 0.125 0.5 0.375 0.75 0.625 1 0.375 1 0.375 0.5 0.625 0.75 0.375 0.75 0.625 0.25 0.375 0.5 0.375 0.25 0 0 0 0 0 0 0 0 0 0 0 0 0.25 0.5 0.125 0.9999985 0.25 1 0.375 0.5 0.125 0.75 0.125 0.5 0.625 0.25 0.375 0.5 0.375 0.25 0.375 0.5 0.125 0.75 0.125 0.5 0.375 0.75 0.625 1 0.375 1 0.625 0.25 0.375 0.5 0.375 0.25 0.875 0.5 0.625 0.75 0.625 0.5 0.375 0.5 0.125 0.75 0.125 0.5 0.625 0.25 0.375 0.5 0.375 0.25 0.5 0.5 0.625 0.9999978 0.5 1 0.875 1 1 0.5 1 0.9999985 0.75 1 0.875 0.5 0.875 0.9999985 0.375 0.5 0.625 0.75 0.375 0.75 0.625 0.75 0.375 1 0.375 0.75 0.25 0.5 0.375 0.9999993 0.25 1 0.4649762 0.6351307 0.4882354 0.6325463 0.5350239 0.6351307 0.4882354 0.6211084 0.4882354 0.6174536 0.5117648 0.6211084 0.4882354 0.6174536 0.5117647 0.6174536 0.5117648 0.6211084 0.4882354 0.6211084 0.5117648 0.6211084 0.5233942 0.6224005 0.4882354 0.6325463 0.5117648 0.6325463 0.5350239 0.6351307 0.4637579 0.6348039 0.4333011 0.6348039 0.4745261 0.6278304 0.5117648 0.6325463 0.4882354 0.6288915 0.5117648 0.6288915 0.5666991 0.6233659 0.5362423 0.623366 0.525474 0.6221695 0.5362423 0.626634 0.5666992 0.626634 0.5362423 0.6348039 0.4852942 0.6209731 0.433301 0.6233659 0.4117648 0.6175889 0.625 1 0.5 0.5 0.5 0.9999985 0.25 0.5 0.125 0.9999978 0.25 1 0.25 0.5 0.25 0.9999985 0.3125002 1 0.125 0.5 0 0.9999978 0.125 1 0.375 0.5 0.5 1 0.5 0.5 0.375 0.5 0.5 0.9999993 0.375 1 0.875 0.5 0.875 0.9999985 0.8124998 1 0.625 0.5 0.75 0.9999993 0.625 1 0.875 1 1 0.5 1 0.9999993 0.5 0.5 0.625 0.9999993 0.5 1 0.625 0.75 0.375 1 0.375 0.75 0.375 0.5 0.625 0.75 0.375 0.75 0.625 0.25 0.375 0.5 0.375 0.25 0.625 0.5 0.875 0.75 0.625 0.75 0.375 0.5 0.125 0.75 0.125 0.5 0.375 0.75 0.625 1 0.375 1 0.375 0.5 0.125 0.75 0.125 0.5 0.875 0.5 0.625 0.75 0.625 0.5 0.5 0.5 0.625 0.9999993 0.5 1 0.625 0.5 0.875 0.75 0.625 0.75 0.625 0.5 0.375 0.75 0.375 0.5 0 0 0 0 0 0 0.375 0.5 0.5 0.9999993 0.375 1 0 0 0 0 0 0 0.375 0.75 0.625 1 0.375 1 0.625 1 0.5 0.5 0.5 0.9999993 0 0 0 0 0 0 0.375 0.5 0.5 1 0.5 0.5 0.25 0.5 0.375 1 0.375 0.5 0 1 0.125 0.5 0.125 0.9999993 0 0 0 0 0 0 0.125 0.5 0.25 0.9999993 0.125 1 0.25 0.5 0.375 1 0.375 0.5 0.75 0.5 0.75 0.9999993 0.8124997 1 0.125 0.5 0.25 1 0.125 1 0 1 0.125 0.5 0.125 1 0.25 1 0.375 0.5 0.375 0.9999985 1 0.5 0.875 0.9999985 1 1 0 0 0 0 0 0 0.625 0.5 0.5 0.9999993 0.625 1 0.375 0.5 0.5 1 0.5 0.5 0.75 0.5 0.625 0.9999993 0.75 1 0 0 0 0 0 0 0 0 0 0 0 0 0 0 0 0 0 0 0 0 0 0 0 0 0 0 0 0 0 0 0 0 0 0 0 0 0.625 0.5 0.375 0.75 0.375 0.5 0.625 0.5 0.875 0.75 0.625 0.75 0.375 0.5 0.125 0.75 0.125 0.5 0.875 0.5 0.75 0.5 0.75 0.5 0.375 0.75 0.625 1 0.375 1 0.875 0.5 0.625 0.75 0.625 0.5 0.375 0.5 0.125 0.75 0.125 0.5 0.625 0.75 0.375 1 0.375 0.75 0.625 0.5 0.375 0.75 0.375 0.5 0.25 0.5 0.375 1 0.375 0.5 0.625 0.25 0.375 0.5 0.375 0.25 0.625 0.25 0.375 0.5 0.375 0.25 0.625 0.5 0.375 0.75 0.375 0.5 0.375 0.5 0.375 0.9999985 0.3125002 1 0 1 0.125 0.5 0.125 0.9999978 0.875 0.5 0.75 0.9999978 0.875 1 0.625 0.25 0.375 0.5 0.375 0.25 0.375 0.5 0.625 0.75 0.375 0.75 0.375 0.5 0.125 0.75 0.125 0.5 0.375 0.75 0.625 1 0.375 1 0.625 0.5 0.875 0.75 0.625 0.75 0.375 0.5 0.125 0.75 0.125 0.5 0.375 0.75 0.625 1 0.375 1 0.625 0.5 0.375 0.75 0.375 0.5 0.625 0.25 0.375 0.5 0.375 0.25 0.625 0.5 0.875 0.75 0.625 0.75 0 0 0 0 0 0 0.625 0.5 0.875 0.75 0.625 0.75 0.875 0.5 0.75 0.9999993 0.875 1 0.625 0.5 0.75 0.9999985 0.625 1 0.625 0.25 0.375 0.5 0.375 0.25 0.625 0.25 0.375 0.5 0.375 0.25 0.625 0.5 0.375 0.75 0.375 0.5 0.625 0.25 0.375 0.5 0.375 0.25 0.625 0.5 0.75 0.9999993 0.625 1 0.625 0.5 0.875 0.75 0.625 0.75 3.33098e-7 1 0.125 0.5 0 0.5 0 0 0 0 0 0 0.625 0.5 0.75 0.9999978 0.625 1 0.625 0.25 0.375 0.5 0.375 0.25 0.625 0.25 0.375 0.5 0.375 0.25 0.625 0.25 0.375 0.5 0.375 0.25 0.375 0.75 0.625 1 0.375 1 0.375 0.5 0.125 0.75 0.125 0.5 0.1250002 1 0.25 0.5 0.125 0.5 0.625 0.5 0.875 0.75 0.625 0.75 0.625 0.25 0.375 0.5 0.375 0.25 0.875 0.5 0.75 0.5 0.75 0.5 0.625 0.5 0.375 0.75 0.375 0.5 0.75 0.5 0.625 0.9999993 0.75 1 0.75 0.5 0.625 0.9999978 0.75 1 0.375 0.75 0.625 1 0.375 1 0.375 0.5 0.125 0.75 0.125 0.5 1 0.5 0.875 0.9999985 1 1 0.375 0.75 0.625 1 0.375 1 1 0.5 0.875 0.9999978 1 1 0.625 0.5 0.875 0.75 0.625 0.75 0.625 0.5 0.375 0.75 0.375 0.5 0.375 0.5 0.625 0.75 0.375 0.75 0.75 0.5 0.875 0.9999985 0.75 1 0.5 0.5 0.625 0.9999985 0.5 1 0 0 0 0 0 0 0 0 0 0 0 0 0.625 0.5 0.375 0.75 0.375 0.5 0.375 0.5 0.125 0.75 0.125 0.5 0.875 1 1 0.5 1 0.9999985 0.75 1 0.875 0.5 0.875 0.9999978 0.125 0.5 0.25 0.9999985 0.125 1 0.375 0.5 0.5 0.9999985 0.375 1 0 0 0 0 0 0 0 0 0 0 0 0 0.375 0.5 0.125 0.75 0.125 0.5 0 0 0 0 0 0 0.1250003 1 0.25 0.5 0.125 0.5 0.875 1 1 0.5 1 0.9999978 0.625 0.75 0.375 1 0.375 0.75 0 0 0 0 0 0 0.125 0.5 0 0.9999985 0.125 1 0.625 0.5 0.875 0.75 0.625 0.75 0.875 0.5 0.625 0.75 0.625 0.5 0.625 0.5 0.375 0.75 0.375 0.5 0 0 0 0 0 0 0 0 0 0 0 0 0 0 0 0 0 0 0 0 0 0 0 0 0 0 0 0 0 0 0 0 0 0 0 0 0 0 0 0 0 0 0 0 0 0 0 0 0 0 0 0 0 0 0 0 0 0 0 0 0 0 0 0 0 0 0 0 0 0 0 0 0 0 0 0 0 0 0 0 0 0 0 0 0 0 0 0 0 0 0 0 0 0 0 0 0 0 0 0 0 0 0 0 0 0 0 0 0 0 0 0 0 0 0 0 0 0 0 0 0 0 0 0 0 0 0 0 0 0 0 0 0 0 0 0 0 0 0 0 0 0 0 0 0 0 0 0 0 0 0 0 0 0 0 0 0 0 0 0 0 0 0 0 0 0 0 0 0 0 0 0 0 0 0 0 0 0 0 0 0 0 0 0 0 0 0 0 0 0 0 0 0 0 0 0 0 0 0 0 0 0 0 0 0 0 0 0 0 0 0 0 0 0 0 0 0.375 0.75 0.625 0.75 0.625 1 0.4649763 0.6148692 0.625 0.9999993 0 0 0 0 0 0 0.625 0.9999978 0 0 0 0 0.625 0.9999978 0 0 0.5 0.9999993 0.4088236 0.6211084 0.5 1 0.375 0.9999993 0 0 0 0 0.4088236 0.6211084 0.5 1 0 0 0 0 0.4649762 0.6351307 0 0 0.25 1 0.4649762 0.6351307 0.25 1 0.125 1 0 0 0.5911765 0.6211084 0.875 0.9999978 0 0 0 0 0 0 0.8750005 1 0 0 0 0.9999985 0.8750005 1 0.5 1 0.5 0.5 0.375 0.5 0 0 0 0 0 0 0 0 0 0 0 0 0 0 0 0 0 0 0 0 0 0 0 0 0 0 0 0 0 0 0.625 1 0.625 0.5 0.5 0.5 0.75 0.5 0.625 0.5 0.625 0.9999985 0.375 0.5 0.375 0.75 0.125 0.75 0.375 0.5 0.375 0.75 0.125 0.75 0.25 1 0.25 0.5 0.375 0.5 0.375 0.5 0.5 0.5 0.5 0.9999985 0.375 0.75 0.625 0.75 0.625 1 0 0 0 0 0 0 0 0 0 0 0 0 0.125 0.5 0.25 0.5 0.25 0.9999985 0 1 0 0.5 0.125 0.5 0.8750005 1 1 1 1 0.5 0.875 0.5 0.75 0.5 0.75 0.9999985 0.625 0.5 0.875 0.5 0.875 0.75 0.875 0.5 0.75 0.5 0.75 0.5 0.375 0.5 0.625 0.5 0.625 0.75 0.125 0.5 0 0.5 0 0.9999985 0.875 0.5 0.75 0.5 0.75 0.5 0.625 0.5 0.875 0.5 0.875 0.75 0.375 0.5 0.375 0.75 0.125 0.75 0.375 0.75 0.625 0.75 0.625 1 0.375 0.5 0.625 0.5 0.625 0.75 0.625 0.25 0.625 0.5 0.375 0.5 0 0 0 0 0 0 0 0 0 0 0 0 0.25 0.5 0.125 0.5 0.125 0.9999985 0.375 0.5 0.375 0.75 0.125 0.75 0.625 0.25 0.625 0.5 0.375 0.5 0.375 0.5 0.375 0.75 0.125 0.75 0.375 0.75 0.625 0.75 0.625 1 0.625 0.25 0.625 0.5 0.375 0.5 0.875 0.5 0.875 0.75 0.625 0.75 0.375 0.5 0.375 0.75 0.125 0.75 0.625 0.25 0.625 0.5 0.375 0.5 0.5 0.5 0.625 0.5 0.625 0.9999978 0.875 1 0.875 0.5 1 0.5 0.75 1 0.75 0.5 0.875 0.5 0.375 0.5 0.625 0.5 0.625 0.75 0.625 0.75 0.625 1 0.375 1 0.25 0.5 0.375 0.5 0.375 0.9999993 0.4333011 0.6348039 0.4117648 0.632411 0.4745261 0.6278304 0.4117648 0.632411 0.4117648 0.6290269 0.4745261 0.6278304 0.4117648 0.6290269 0.433301 0.6266339 0.4745261 0.6278304 0.433301 0.6266339 0.4637581 0.626634 0.4745261 0.6278304 0.4745261 0.6278304 0.4852942 0.6290269 0.4852942 0.632411 0.4852942 0.632411 0.4637579 0.6348039 0.4745261 0.6278304 0.525474 0.6221695 0.514706 0.620973 0.5147059 0.6175889 0.5147059 0.6175889 0.5362423 0.615196 0.525474 0.6221695 0.5362423 0.615196 0.5666992 0.615196 0.525474 0.6221695 0.5666992 0.615196 0.5882354 0.6175889 0.525474 0.6221695 0.5882354 0.6175889 0.5882353 0.620973 0.525474 0.6221695 0.5882353 0.620973 0.5666991 0.6233659 0.525474 0.6221695 0.5666992 0.626634 0.5882354 0.6290269 0.5362423 0.6348039 0.5882354 0.6290269 0.5882354 0.632411 0.5362423 0.6348039 0.5882354 0.632411 0.5666991 0.6348039 0.5362423 0.6348039 0.5362423 0.6348039 0.5147059 0.6324109 0.5147059 0.6290268 0.5147059 0.6290268 0.5362423 0.626634 0.5362423 0.6348039 0.463758 0.6151961 0.4852942 0.6175889 0.4852942 0.6209731 0.4852942 0.6209731 0.4637579 0.6233659 0.433301 0.6233659 0.433301 0.6233659 0.4117648 0.620973 0.4117648 0.6175889 0.4117648 0.6175889 0.433301 0.615196 0.463758 0.6151961 0.463758 0.6151961 0.4852942 0.6209731 0.4117648 0.6175889 0.625 1 0.625 0.5 0.5 0.5 0.25 0.5 0.125 0.5 0.125 0.9999978 0.375 1 0.375 0.5 0.3125002 1 0.375 0.5 0.25 0.5 0.3125002 1 0.125 0.5 0 0.5 0 0.9999978 0.375 0.5 0.375 0.9999985 0.5 1 0.375 0.5 0.5 0.5 0.5 0.9999993 0.8124998 1 0.75 1 0.75 0.5 0.75 0.5 0.875 0.5 0.8124998 1 0.625 0.5 0.75 0.5 0.75 0.9999993 0.875 1 0.875 0.5 1 0.5 0.5 0.5 0.625 0.5 0.625 0.9999993 0.625 0.75 0.625 1 0.375 1 0.375 0.5 0.625 0.5 0.625 0.75 0.625 0.25 0.625 0.5 0.375 0.5 0.625 0.5 0.875 0.5 0.875 0.75 0.375 0.5 0.375 0.75 0.125 0.75 0.375 0.75 0.625 0.75 0.625 1 0.375 0.5 0.375 0.75 0.125 0.75 0.875 0.5 0.875 0.75 0.625 0.75 0.5 0.5 0.625 0.5 0.625 0.9999993 0.625 0.5 0.875 0.5 0.875 0.75 0.625 0.5 0.625 0.75 0.375 0.75 0 0 0 0 0 0 0.375 0.5 0.5 0.5 0.5 0.9999993 0 0 0 0 0 0 0.375 0.75 0.625 0.75 0.625 1 0.625 1 0.625 0.5 0.5 0.5 0 0 0 0 0 0 0.375 0.5 0.375 0.9999993 0.5 1 0.25 0.5 0.25 0.9999993 0.375 1 0 1 0 0.5 0.125 0.5 0 0 0 0 0 0 0.125 0.5 0.25 0.5 0.25 0.9999993 0.25 0.5 0.25 1 0.375 1 0.8124997 1 0.875 1 0.875 0.5 0.875 0.5 0.75 0.5 0.8124997 1 0.125 0.5 0.25 0.5 0.25 1 0 1 0 0.5 0.125 0.5 0.25 1 0.25 0.5 0.375 0.5 1 0.5 0.875 0.5 0.875 0.9999985 0 0 0 0 0 0 0.625 0.5 0.5 0.5 0.5 0.9999993 0.375 0.5 0.375 0.9999993 0.5 1 0.75 0.5 0.625 0.5 0.625 0.9999993 0 0 0 0 0 0 0 0 0 0 0 0 0 0 0 0 0 0 0 0 0 0 0 0 0 0 0 0 0 0 0 0 0 0 0 0 0.625 0.5 0.625 0.75 0.375 0.75 0.625 0.5 0.875 0.5 0.875 0.75 0.375 0.5 0.375 0.75 0.125 0.75 0.875 0.5 0.875 0.5 0.75 0.5 0.375 0.75 0.625 0.75 0.625 1 0.875 0.5 0.875 0.75 0.625 0.75 0.375 0.5 0.375 0.75 0.125 0.75 0.625 0.75 0.625 1 0.375 1 0.625 0.5 0.625 0.75 0.375 0.75 0.25 0.5 0.25 0.9999985 0.375 1 0.625 0.25 0.625 0.5 0.375 0.5 0.625 0.25 0.625 0.5 0.375 0.5 0.625 0.5 0.625 0.75 0.375 0.75 0.3125002 1 0.25 1 0.25 0.5 0.25 0.5 0.375 0.5 0.3125002 1 0 1 0 0.5 0.125 0.5 0.875 0.5 0.75 0.5 0.75 0.9999978 0.625 0.25 0.625 0.5 0.375 0.5 0.375 0.5 0.625 0.5 0.625 0.75 0.375 0.5 0.375 0.75 0.125 0.75 0.375 0.75 0.625 0.75 0.625 1 0.625 0.5 0.875 0.5 0.875 0.75 0.375 0.5 0.375 0.75 0.125 0.75 0.375 0.75 0.625 0.75 0.625 1 0.625 0.5 0.625 0.75 0.375 0.75 0.625 0.25 0.625 0.5 0.375 0.5 0.625 0.5 0.875 0.5 0.875 0.75 0 0 0 0 0 0 0.625 0.5 0.875 0.5 0.875 0.75 0.875 0.5 0.75 0.5 0.75 0.9999993 0.625 0.5 0.75 0.5 0.75 0.9999985 0.625 0.25 0.625 0.5 0.375 0.5 0.625 0.25 0.625 0.5 0.375 0.5 0.625 0.5 0.625 0.75 0.375 0.75 0.625 0.25 0.625 0.5 0.375 0.5 0.625 0.5 0.75 0.5 0.75 0.9999993 0.625 0.5 0.875 0.5 0.875 0.75 3.33098e-7 1 0.125 1 0.125 0.5 0 0 0 0 0 0 0.625 0.5 0.75 0.5 0.75 0.9999978 0.625 0.25 0.625 0.5 0.375 0.5 0.625 0.25 0.625 0.5 0.375 0.5 0.625 0.25 0.625 0.5 0.375 0.5 0.375 0.75 0.625 0.75 0.625 1 0.375 0.5 0.375 0.75 0.125 0.75 0.1250002 1 0.25 1 0.25 0.5 0.625 0.5 0.875 0.5 0.875 0.75 0.625 0.25 0.625 0.5 0.375 0.5 0.875 0.5 0.875 0.5 0.75 0.5 0.625 0.5 0.625 0.75 0.375 0.75 0.75 0.5 0.625 0.5 0.625 0.9999993 0.75 0.5 0.625 0.5 0.625 0.9999978 0.375 0.75 0.625 0.75 0.625 1 0.375 0.5 0.375 0.75 0.125 0.75 1 0.5 0.875 0.5 0.875 0.9999985 0.375 0.75 0.625 0.75 0.625 1 1 0.5 0.875 0.5 0.875 0.9999978 0.625 0.5 0.875 0.5 0.875 0.75 0.625 0.5 0.625 0.75 0.375 0.75 0.375 0.5 0.625 0.5 0.625 0.75 0.75 0.5 0.875 0.5 0.875 0.9999985 0.5 0.5 0.625 0.5 0.625 0.9999985 0 0 0 0 0 0 0 0 0 0 0 0 0.625 0.5 0.625 0.75 0.375 0.75 0.375 0.5 0.375 0.75 0.125 0.75 0.875 1 0.875 0.5 1 0.5 0.75 1 0.75 0.5 0.875 0.5 0.125 0.5 0.25 0.5 0.25 0.9999985 0.375 0.5 0.5 0.5 0.5 0.9999985 0 0 0 0 0 0 0 0 0 0 0 0 0.375 0.5 0.375 0.75 0.125 0.75 0 0 0 0 0 0 0.1250003 1 0.25 1 0.25 0.5 0.875 1 0.875 0.5 1 0.5 0.625 0.75 0.625 1 0.375 1 0 0 0 0 0 0 0.125 0.5 0 0.5 0 0.9999985 0.625 0.5 0.875 0.5 0.875 0.75 0.875 0.5 0.875 0.75 0.625 0.75 0.625 0.5 0.625 0.75 0.375 0.75 0.375 0.75 0.625 0.75 0.625 1 0.4649763 0.6148692 0.625 0.9999993 0 0 0 0 0 0 0.625 0.9999978 0 0 0 0 0.625 0.9999978 0 0 0.5 0.9999993 0.4088236 0.6211084 0.5 1 0.375 0.9999993 0 0 0 0 0.4088236 0.6211084 0.5 1 0 0 0 0 0.4649762 0.6351307 0 0 0.25 1 0.4649762 0.6351307 0.25 1 0.125 1 0 0 0.5911765 0.6211084 0.875 0.9999978 0 0 0 0 0 0 0.8750005 1 0 0 0 0.9999985 0.8750005 1 0.5 1 0.5 0.5 0.375 0.5 0 0 0 0 0 0 0 0 0 0 0 0 0 0 0 0 0 0 0 0 0 0 0 0 0 0 0 0 0 0 0.625 1 0.625 0.5 0.5 0.5 0.75 0.5 0.625 0.5 0.625 0.9999985 0.375 0.5 0.375 0.75 0.125 0.75 0.375 0.5 0.375 0.75 0.125 0.75 0.25 1 0.25 0.5 0.375 0.5 0.375 0.5 0.5 0.5 0.5 0.9999985 0.375 0.75 0.625 0.75 0.625 1 0 0 0 0 0 0 0 0 0 0 0 0 0.125 0.5 0.25 0.5 0.25 0.9999985 0 1 0 0.5 0.125 0.5 0.8750005 1 1 1 1 0.5 0.875 0.5 0.75 0.5 0.75 0.9999985 0.625 0.5 0.875 0.5 0.875 0.75 0.875 0.5 0.75 0.5 0.75 0.5 0.375 0.5 0.625 0.5 0.625 0.75 0.125 0.5 0 0.5 0 0.9999985 0.875 0.5 0.75 0.5 0.75 0.5 0.625 0.5 0.875 0.5 0.875 0.75 0.375 0.5 0.375 0.75 0.125 0.75 0.375 0.75 0.625 0.75 0.625 1 0.375 0.5 0.625 0.5 0.625 0.75 0.625 0.25 0.625 0.5 0.375 0.5 0 0 0 0 0 0 0 0 0 0 0 0 0.25 0.5 0.125 0.5 0.125 0.9999985 0.375 0.5 0.375 0.75 0.125 0.75 0.625 0.25 0.625 0.5 0.375 0.5 0.375 0.5 0.375 0.75 0.125 0.75 0.375 0.75 0.625 0.75 0.625 1 0.625 0.25 0.625 0.5 0.375 0.5 0.875 0.5 0.875 0.75 0.625 0.75 0.375 0.5 0.375 0.75 0.125 0.75 0.625 0.25 0.625 0.5 0.375 0.5 0.5 0.5 0.625 0.5 0.625 0.9999978 0.875 1 0.875 0.5 1 0.5 0.75 1 0.75 0.5 0.875 0.5 0.375 0.5 0.625 0.5 0.625 0.75 0.625 0.75 0.625 1 0.375 1 0.25 0.5 0.375 0.5 0.375 0.9999993 0.4333011 0.6348039 0.4117648 0.632411 0.4745261 0.6278304 0.4117648 0.632411 0.4117648 0.6290269 0.4745261 0.6278304 0.4117648 0.6290269 0.433301 0.6266339 0.4745261 0.6278304 0.433301 0.6266339 0.4637581 0.626634 0.4745261 0.6278304 0.4745261 0.6278304 0.4852942 0.6290269 0.4852942 0.632411 0.4852942 0.632411 0.4637579 0.6348039 0.4745261 0.6278304 0.525474 0.6221695 0.514706 0.620973 0.5147059 0.6175889 0.5147059 0.6175889 0.5362423 0.615196 0.525474 0.6221695 0.5362423 0.615196 0.5666992 0.615196 0.525474 0.6221695 0.5666992 0.615196 0.5882354 0.6175889 0.525474 0.6221695 0.5882354 0.6175889 0.5882353 0.620973 0.525474 0.6221695 0.5882353 0.620973 0.5666991 0.6233659 0.525474 0.6221695 0.5666992 0.626634 0.5882354 0.6290269 0.5362423 0.6348039 0.5882354 0.6290269 0.5882354 0.632411 0.5362423 0.6348039 0.5882354 0.632411 0.5666991 0.6348039 0.5362423 0.6348039 0.5362423 0.6348039 0.5147059 0.6324109 0.5147059 0.6290268 0.5147059 0.6290268 0.5362423 0.626634 0.5362423 0.6348039 0.463758 0.6151961 0.4852942 0.6175889 0.4852942 0.6209731 0.4852942 0.6209731 0.4637579 0.6233659 0.433301 0.6233659 0.433301 0.6233659 0.4117648 0.620973 0.4117648 0.6175889 0.4117648 0.6175889 0.433301 0.615196 0.463758 0.6151961 0.463758 0.6151961 0.4852942 0.6209731 0.4117648 0.6175889 0.625 1 0.625 0.5 0.5 0.5 0.25 0.5 0.125 0.5 0.125 0.9999978 0.375 1 0.375 0.5 0.3125002 1 0.375 0.5 0.25 0.5 0.3125002 1 0.125 0.5 0 0.5 0 0.9999978 0.375 0.5 0.375 0.9999985 0.5 1 0.375 0.5 0.5 0.5 0.5 0.9999993 0.8124998 1 0.75 1 0.75 0.5 0.75 0.5 0.875 0.5 0.8124998 1 0.625 0.5 0.75 0.5 0.75 0.9999993 0.875 1 0.875 0.5 1 0.5 0.5 0.5 0.625 0.5 0.625 0.9999993 0.625 0.75 0.625 1 0.375 1 0.375 0.5 0.625 0.5 0.625 0.75 0.625 0.25 0.625 0.5 0.375 0.5 0.625 0.5 0.875 0.5 0.875 0.75 0.375 0.5 0.375 0.75 0.125 0.75 0.375 0.75 0.625 0.75 0.625 1 0.375 0.5 0.375 0.75 0.125 0.75 0.875 0.5 0.875 0.75 0.625 0.75 0.5 0.5 0.625 0.5 0.625 0.9999993 0.625 0.5 0.875 0.5 0.875 0.75 0.625 0.5 0.625 0.75 0.375 0.75 0 0 0 0 0 0 0.375 0.5 0.5 0.5 0.5 0.9999993 0 0 0 0 0 0 0.375 0.75 0.625 0.75 0.625 1 0.625 1 0.625 0.5 0.5 0.5 0 0 0 0 0 0 0.375 0.5 0.375 0.9999993 0.5 1 0.25 0.5 0.25 0.9999993 0.375 1 0 1 0 0.5 0.125 0.5 0 0 0 0 0 0 0.125 0.5 0.25 0.5 0.25 0.9999993 0.25 0.5 0.25 1 0.375 1 0.8124997 1 0.875 1 0.875 0.5 0.875 0.5 0.75 0.5 0.8124997 1 0.125 0.5 0.25 0.5 0.25 1 0 1 0 0.5 0.125 0.5 0.25 1 0.25 0.5 0.375 0.5 1 0.5 0.875 0.5 0.875 0.9999985 0 0 0 0 0 0 0.625 0.5 0.5 0.5 0.5 0.9999993 0.375 0.5 0.375 0.9999993 0.5 1 0.75 0.5 0.625 0.5 0.625 0.9999993 0 0 0 0 0 0 0 0 0 0 0 0 0 0 0 0 0 0 0 0 0 0 0 0 0 0 0 0 0 0 0 0 0 0 0 0 0.625 0.5 0.625 0.75 0.375 0.75 0.625 0.5 0.875 0.5 0.875 0.75 0.375 0.5 0.375 0.75 0.125 0.75 0.875 0.5 0.875 0.5 0.75 0.5 0.375 0.75 0.625 0.75 0.625 1 0.875 0.5 0.875 0.75 0.625 0.75 0.375 0.5 0.375 0.75 0.125 0.75 0.625 0.75 0.625 1 0.375 1 0.625 0.5 0.625 0.75 0.375 0.75 0.25 0.5 0.25 0.9999985 0.375 1 0.625 0.25 0.625 0.5 0.375 0.5 0.625 0.25 0.625 0.5 0.375 0.5 0.625 0.5 0.625 0.75 0.375 0.75 0.3125002 1 0.25 1 0.25 0.5 0.25 0.5 0.375 0.5 0.3125002 1 0 1 0 0.5 0.125 0.5 0.875 0.5 0.75 0.5 0.75 0.9999978 0.625 0.25 0.625 0.5 0.375 0.5 0.375 0.5 0.625 0.5 0.625 0.75 0.375 0.5 0.375 0.75 0.125 0.75 0.375 0.75 0.625 0.75 0.625 1 0.625 0.5 0.875 0.5 0.875 0.75 0.375 0.5 0.375 0.75 0.125 0.75 0.375 0.75 0.625 0.75 0.625 1 0.625 0.5 0.625 0.75 0.375 0.75 0.625 0.25 0.625 0.5 0.375 0.5 0.625 0.5 0.875 0.5 0.875 0.75 0 0 0 0 0 0 0.625 0.5 0.875 0.5 0.875 0.75 0.875 0.5 0.75 0.5 0.75 0.9999993 0.625 0.5 0.75 0.5 0.75 0.9999985 0.625 0.25 0.625 0.5 0.375 0.5 0.625 0.25 0.625 0.5 0.375 0.5 0.625 0.5 0.625 0.75 0.375 0.75 0.625 0.25 0.625 0.5 0.375 0.5 0.625 0.5 0.75 0.5 0.75 0.9999993 0.625 0.5 0.875 0.5 0.875 0.75 3.33098e-7 1 0.125 1 0.125 0.5 0 0 0 0 0 0 0.625 0.5 0.75 0.5 0.75 0.9999978 0.625 0.25 0.625 0.5 0.375 0.5 0.625 0.25 0.625 0.5 0.375 0.5 0.625 0.25 0.625 0.5 0.375 0.5 0.375 0.75 0.625 0.75 0.625 1 0.375 0.5 0.375 0.75 0.125 0.75 0.1250002 1 0.25 1 0.25 0.5 0.625 0.5 0.875 0.5 0.875 0.75 0.625 0.25 0.625 0.5 0.375 0.5 0.875 0.5 0.875 0.5 0.75 0.5 0.625 0.5 0.625 0.75 0.375 0.75 0.75 0.5 0.625 0.5 0.625 0.9999993 0.75 0.5 0.625 0.5 0.625 0.9999978 0.375 0.75 0.625 0.75 0.625 1 0.375 0.5 0.375 0.75 0.125 0.75 1 0.5 0.875 0.5 0.875 0.9999985 0.375 0.75 0.625 0.75 0.625 1 1 0.5 0.875 0.5 0.875 0.9999978 0.625 0.5 0.875 0.5 0.875 0.75 0.625 0.5 0.625 0.75 0.375 0.75 0.375 0.5 0.625 0.5 0.625 0.75 0.75 0.5 0.875 0.5 0.875 0.9999985 0.5 0.5 0.625 0.5 0.625 0.9999985 0 0 0 0 0 0 0 0 0 0 0 0 0.625 0.5 0.625 0.75 0.375 0.75 0.375 0.5 0.375 0.75 0.125 0.75 0.875 1 0.875 0.5 1 0.5 0.75 1 0.75 0.5 0.875 0.5 0.125 0.5 0.25 0.5 0.25 0.9999985 0.375 0.5 0.5 0.5 0.5 0.9999985 0 0 0 0 0 0 0 0 0 0 0 0 0.375 0.5 0.375 0.75 0.125 0.75 0 0 0 0 0 0 0.1250003 1 0.25 1 0.25 0.5 0.875 1 0.875 0.5 1 0.5 0.625 0.75 0.625 1 0.375 1 0 0 0 0 0 0 0.125 0.5 0 0.5 0 0.9999985 0.625 0.5 0.875 0.5 0.875 0.75 0.875 0.5 0.875 0.75 0.625 0.75 0.625 0.5 0.625 0.75 0.375 0.75 0 0 0 0 0 0 0 0 0 0 0 0 0 0 0 0 0 0 0 0 0 0 0 0</float_array>
          <technique_common>
            <accessor source="#Cube-mesh-map-0-array" count="2820" stride="2">
              <param name="S" type="float"/>
              <param name="T" type="float"/>
            </accessor>
          </technique_common>
        </source>
        <vertices id="Cube-mesh-vertices">
          <input semantic="POSITION" source="#Cube-mesh-positions"/>
        </vertices>
        <triangles material="paintable-0-material" count="88">
          <input semantic="VERTEX" source="#Cube-mesh-vertices" offset="0"/>
          <input semantic="NORMAL" source="#Cube-mesh-normals" offset="1"/>
          <input semantic="TEXCOORD" source="#Cube-mesh-map-0" offset="2" set="0"/>
          <p>0 0 0 16 0 1 9 0 2 7 1 3 12 1 4 6 1 5 9 2 6 13 2 7 7 2 8 10 3 9 8 3 10 4 3 11 14 4 12 1 4 13 8 4 14 5 5 15 10 5 16 4 5 17 15 6 18 0 6 19 1 6 20 6 7 21 11 7 22 5 7 23 9 8 24 40 8 25 0 8 26 52 9 27 8 9 28 42 9 29 8 10 30 1 10 31 42 10 32 5 11 33 4 11 34 52 11 35 6 12 36 41 12 37 7 12 38 42 13 39 0 13 40 40 13 41 6 14 42 52 14 43 41 14 44 9 15 45 41 15 46 40 15 47 12 16 48 13 16 49 20 16 50 21 17 51 13 17 52 16 17 53 17 18 54 21 18 55 16 18 56 20 19 57 11 19 58 12 19 59 18 20 60 14 20 61 10 20 62 15 21 63 14 21 64 19 21 65 19 22 66 17 22 67 15 22 68 11 23 69 18 23 70 10 23 71 28 24 72 38 24 73 29 24 74 39 25 75 22 25 76 24 25 77 24 26 78 25 26 79 39 26 80 38 27 81 25 27 82 29 27 83 2 28 84 28 28 85 27 28 86 22 29 87 3 29 88 23 29 89 3 30 90 26 30 91 23 30 92 27 31 93 26 31 94 2 31 95 30 32 96 305 32 97 304 32 98 33 33 99 316 33 100 305 33 101 306 34 102 37 34 103 304 34 104 33 35 105 305 35 106 32 35 107 34 36 108 35 36 109 316 36 110 31 37 111 36 37 112 306 37 113 316 38 114 31 38 115 306 38 116 30 39 117 304 39 118 37 39 119 33 40 120 28 40 121 34 40 122 24 41 123 37 41 124 36 41 125 34 42 126 29 42 127 35 42 128 25 43 129 36 43 130 31 43 131 29 44 132 31 44 133 35 44 134 30 45 135 26 45 136 32 45 137 32 46 138 27 46 139 33 46 140 37 47 141 23 47 142 30 47 143 19 472 1416 2 472 1417 21 472 1418 21 473 1419 3 473 1420 20 473 1421 18 474 1422 38 474 1423 19 474 1424 20 475 1425 39 475 1426 18 475 1427 0 476 1428 17 476 1429 16 476 1430 7 477 1431 13 477 1432 12 477 1433 9 478 1434 16 478 1435 13 478 1436 10 479 1437 14 479 1438 8 479 1439 14 480 1440 15 480 1441 1 480 1442 5 481 1443 11 481 1444 10 481 1445 15 482 1446 17 482 1447 0 482 1448 6 483 1449 12 483 1450 11 483 1451 52 484 1452 4 484 1453 8 484 1454 42 485 1455 1 485 1456 0 485 1457 6 486 1458 5 486 1459 52 486 1460 9 487 1461 7 487 1462 41 487 1463 21 488 1464 20 488 1465 13 488 1466 20 489 1467 18 489 1468 11 489 1469 18 490 1470 19 490 1471 14 490 1472 19 491 1473 21 491 1474 17 491 1475 39 492 1476 3 492 1477 22 492 1478 38 493 1479 39 493 1480 25 493 1481 2 494 1482 38 494 1483 28 494 1484 3 495 1485 2 495 1486 26 495 1487 30 496 1488 32 496 1489 305 496 1490 33 497 1491 34 497 1492 316 497 1493 306 498 1494 36 498 1495 37 498 1496 316 499 1497 35 499 1498 31 499 1499 33 500 1500 27 500 1501 28 500 1502 24 501 1503 22 501 1504 37 501 1505 34 502 1506 28 502 1507 29 502 1508 25 503 1509 24 503 1510 36 503 1511 29 504 1512 25 504 1513 31 504 1514 30 505 1515 23 505 1516 26 505 1517 32 506 1518 26 506 1519 27 506 1520 37 507 1521 22 507 1522 23 507 1523 19 936 2808 38 936 2809 2 936 2810 21 937 2811 2 937 2812 3 937 2813 18 938 2814 39 938 2815 38 938 2816 20 939 2817 3 939 2818 39 939 2819</p>
        </triangles>
        <triangles material="paintable-0_001-material" count="532">
          <input semantic="VERTEX" source="#Cube-mesh-vertices" offset="0"/>
          <input semantic="NORMAL" source="#Cube-mesh-normals" offset="1"/>
          <input semantic="TEXCOORD" source="#Cube-mesh-map-0" offset="2" set="0"/>
          <p>200 49 147 197 49 148 40 49 149 98 50 150 42 50 151 206 50 152 205 51 153 42 51 154 40 51 155 99 52 156 61 52 157 52 52 158 195 53 159 40 53 160 196 53 161 60 54 162 64 54 163 41 54 164 104 55 165 52 55 166 108 55 167 201 56 168 41 56 169 65 56 170 100 57 171 47 57 172 103 57 173 230 58 174 208 58 175 229 58 176 225 59 177 208 59 178 187 59 179 226 60 180 187 60 181 188 60 182 226 61 183 189 61 184 227 61 185 227 62 186 190 62 187 228 62 188 58 63 189 48 63 190 100 63 191 50 64 192 58 64 193 59 64 194 57 67 201 85 67 202 56 67 203 85 68 204 55 68 205 56 68 206 167 70 210 126 70 211 127 70 212 168 71 213 127 71 214 128 71 215 83 72 216 57 72 217 107 72 218 106 73 219 83 73 220 107 73 221 60 74 222 66 74 223 51 74 224 51 75 225 59 75 226 60 75 227 169 77 231 128 77 232 129 77 233 187 79 237 102 79 238 99 79 239 200 80 240 199 80 241 197 80 242 103 81 243 102 81 244 101 81 245 199 82 246 198 82 247 197 82 248 59 83 249 58 83 250 63 83 251 194 84 252 202 84 253 204 84 254 60 85 255 59 85 256 64 85 257 194 86 258 204 86 259 205 86 260 59 87 261 63 87 262 64 87 263 203 88 264 204 88 265 161 88 266 58 89 267 100 89 268 207 89 269 207 90 270 203 90 271 161 90 272 58 91 273 62 91 274 63 91 275 100 92 276 101 92 277 207 92 278 204 93 279 202 93 280 161 93 281 147 94 282 62 94 283 58 94 284 161 95 285 147 95 286 207 95 287 207 96 288 147 96 289 58 96 290 161 97 291 113 97 292 147 97 293 230 98 294 192 98 295 193 98 296 231 104 312 191 104 313 192 104 314 43 105 315 190 105 316 191 105 317 188 106 318 99 106 319 98 106 320 284 115 345 151 115 346 150 115 347 158 116 348 170 116 349 159 116 350 153 117 351 169 117 352 158 117 353 164 120 360 156 120 361 157 120 362 99 121 363 102 121 364 61 121 365 113 122 366 198 122 367 146 122 368 198 123 369 199 123 370 146 123 371 113 124 372 146 124 373 147 124 374 102 125 375 103 125 376 61 125 377 233 126 378 232 126 379 236 126 380 103 127 381 101 127 382 100 127 383 110 128 384 109 128 385 148 128 386 54 129 387 53 129 388 57 129 389 159 130 390 157 130 391 155 130 392 200 131 393 260 131 394 199 131 395 258 132 396 63 132 397 62 132 398 258 133 399 62 133 400 147 133 401 257 134 402 64 134 403 63 134 404 259 135 405 199 135 406 260 135 407 227 136 408 239 136 409 240 136 410 230 137 411 235 137 412 236 137 413 43 138 414 237 138 415 238 138 416 235 139 417 229 139 418 234 139 419 228 140 420 238 140 421 239 140 422 166 149 447 154 149 448 155 149 449 85 152 456 46 152 457 47 152 458 165 153 459 155 153 460 156 153 461 89 154 462 66 154 463 90 154 464 196 156 468 126 156 469 195 156 470 164 157 471 125 157 472 165 157 473 125 158 474 195 158 475 126 158 476 124 159 477 194 159 478 125 159 479 159 160 480 163 160 481 160 160 482 163 161 483 130 161 484 123 161 485 163 162 486 157 162 487 160 162 488 188 163 489 206 163 490 189 163 491 192 164 492 203 164 493 207 164 494 225 165 495 232 165 496 233 165 497 234 166 498 225 166 499 233 166 500 232 167 501 227 167 502 240 167 503 208 168 504 101 168 505 102 168 506 288 169 507 257 169 508 281 169 509 191 170 510 205 170 511 204 170 512 189 171 513 205 171 514 190 171 515 192 172 516 204 172 517 203 172 518 287 173 519 264 173 520 288 173 521 285 174 522 262 174 523 286 174 524 283 175 525 258 175 526 259 175 527 283 176 528 260 176 529 284 176 530 282 177 531 257 177 532 258 177 533 284 178 534 261 178 535 285 178 536 263 182 546 286 182 547 262 182 548 46 188 564 103 188 565 47 188 566 283 192 576 149 192 577 148 192 578 111 193 579 281 193 580 110 193 581 263 194 582 201 194 583 65 194 584 86 205 615 49 205 616 87 205 617 129 207 621 197 207 622 198 207 623 87 208 624 53 208 625 54 208 626 167 213 639 153 213 640 154 213 641 113 215 645 123 215 646 130 215 647 165 216 648 126 216 649 166 216 650 285 217 651 152 217 652 151 217 653 161 223 669 124 223 670 123 223 671 51 226 678 88 226 679 50 226 680 128 228 684 196 228 685 197 228 686 262 229 687 200 229 688 201 229 689 130 232 696 198 232 697 113 232 698 264 234 702 65 234 703 64 234 704 88 238 714 105 238 715 53 238 716 86 239 717 54 239 718 55 239 719 169 240 720 130 240 721 170 240 722 164 241 723 123 241 724 124 241 725 105 244 732 90 244 733 106 244 734 152 245 735 287 245 736 112 245 737 281 246 738 109 246 739 110 246 740 283 247 741 150 247 742 149 247 743 90 248 744 45 248 745 83 248 746 85 249 747 48 249 748 86 249 749 84 251 753 45 251 754 46 251 755 108 252 756 46 252 757 45 252 758 112 253 759 288 253 760 111 253 761 87 255 765 50 255 766 88 255 767 45 256 768 104 256 769 108 256 770 464 261 783 461 261 784 304 261 785 362 262 786 306 262 787 470 262 788 469 263 789 306 263 790 304 263 791 363 264 792 325 264 793 316 264 794 459 265 795 304 265 796 460 265 797 324 266 798 328 266 799 305 266 800 368 267 801 316 267 802 372 267 803 465 268 804 305 268 805 329 268 806 364 269 807 311 269 808 367 269 809 494 270 810 472 270 811 493 270 812 489 271 813 472 271 814 451 271 815 490 272 816 451 272 817 452 272 818 490 273 819 453 273 820 491 273 821 491 274 822 454 274 823 492 274 824 322 275 825 312 275 826 364 275 827 314 276 828 322 276 829 323 276 830 321 279 837 349 279 838 320 279 839 349 280 840 319 280 841 320 280 842 431 282 846 390 282 847 391 282 848 432 283 849 391 283 850 392 283 851 347 284 852 321 284 853 371 284 854 370 285 855 347 285 856 371 285 857 324 286 858 330 286 859 315 286 860 315 287 861 323 287 862 324 287 863 433 289 867 392 289 868 393 289 869 451 291 873 366 291 874 363 291 875 464 292 876 463 292 877 461 292 878 367 293 879 366 293 880 365 293 881 463 294 882 462 294 883 461 294 884 323 295 885 322 295 886 327 295 887 458 296 888 466 296 889 468 296 890 324 297 891 323 297 892 328 297 893 458 298 894 468 298 895 469 298 896 323 299 897 327 299 898 328 299 899 467 300 900 468 300 901 425 300 902 322 301 903 364 301 904 471 301 905 471 302 906 467 302 907 425 302 908 322 303 909 326 303 910 327 303 911 364 304 912 365 304 913 471 304 914 468 305 915 466 305 916 425 305 917 411 306 918 326 306 919 322 306 920 425 307 921 411 307 922 471 307 923 471 308 924 411 308 925 322 308 926 425 309 927 377 309 928 411 309 929 494 310 930 456 310 931 457 310 932 495 316 948 455 316 949 456 316 950 307 317 951 454 317 952 455 317 953 452 318 954 363 318 955 362 318 956 548 327 981 415 327 982 414 327 983 422 328 984 434 328 985 423 328 986 417 329 987 433 329 988 422 329 989 428 332 996 420 332 997 421 332 998 363 333 999 366 333 1000 325 333 1001 377 334 1002 462 334 1003 410 334 1004 462 335 1005 463 335 1006 410 335 1007 377 336 1008 410 336 1009 411 336 1010 366 337 1011 367 337 1012 325 337 1013 497 338 1014 496 338 1015 500 338 1016 367 339 1017 365 339 1018 364 339 1019 374 340 1020 373 340 1021 412 340 1022 318 341 1023 317 341 1024 321 341 1025 423 342 1026 421 342 1027 419 342 1028 464 343 1029 524 343 1030 463 343 1031 522 344 1032 327 344 1033 326 344 1034 522 345 1035 326 345 1036 411 345 1037 521 346 1038 328 346 1039 327 346 1040 523 347 1041 463 347 1042 524 347 1043 491 348 1044 503 348 1045 504 348 1046 494 349 1047 499 349 1048 500 349 1049 307 350 1050 501 350 1051 502 350 1052 499 351 1053 493 351 1054 498 351 1055 492 352 1056 502 352 1057 503 352 1058 430 361 1083 418 361 1084 419 361 1085 349 364 1092 310 364 1093 311 364 1094 429 365 1095 419 365 1096 420 365 1097 353 366 1098 330 366 1099 354 366 1100 460 368 1104 390 368 1105 459 368 1106 428 369 1107 389 369 1108 429 369 1109 389 370 1110 459 370 1111 390 370 1112 388 371 1113 458 371 1114 389 371 1115 423 372 1116 427 372 1117 424 372 1118 427 373 1119 394 373 1120 387 373 1121 427 374 1122 421 374 1123 424 374 1124 452 375 1125 470 375 1126 453 375 1127 456 376 1128 467 376 1129 471 376 1130 489 377 1131 496 377 1132 497 377 1133 498 378 1134 489 378 1135 497 378 1136 496 379 1137 491 379 1138 504 379 1139 472 380 1140 365 380 1141 366 380 1142 552 381 1143 521 381 1144 545 381 1145 455 382 1146 469 382 1147 468 382 1148 453 383 1149 469 383 1150 454 383 1151 456 384 1152 468 384 1153 467 384 1154 551 385 1155 528 385 1156 552 385 1157 549 386 1158 526 386 1159 550 386 1160 547 387 1161 522 387 1162 523 387 1163 547 388 1164 524 388 1165 548 388 1166 546 389 1167 521 389 1168 522 389 1169 548 390 1170 525 390 1171 549 390 1172 527 394 1182 550 394 1183 526 394 1184 310 400 1200 367 400 1201 311 400 1202 547 404 1212 413 404 1213 412 404 1214 375 405 1215 545 405 1216 374 405 1217 527 406 1218 465 406 1219 329 406 1220 350 417 1251 313 417 1252 351 417 1253 393 419 1257 461 419 1258 462 419 1259 351 420 1260 317 420 1261 318 420 1262 431 425 1275 417 425 1276 418 425 1277 377 427 1281 387 427 1282 394 427 1283 429 428 1284 390 428 1285 430 428 1286 549 429 1287 416 429 1288 415 429 1289 425 435 1305 388 435 1306 387 435 1307 315 438 1314 352 438 1315 314 438 1316 392 440 1320 460 440 1321 461 440 1322 526 441 1323 464 441 1324 465 441 1325 394 444 1332 462 444 1333 377 444 1334 528 446 1338 329 446 1339 328 446 1340 352 450 1350 369 450 1351 317 450 1352 350 451 1353 318 451 1354 319 451 1355 433 452 1356 394 452 1357 434 452 1358 428 453 1359 387 453 1360 388 453 1361 369 456 1368 354 456 1369 370 456 1370 416 457 1371 551 457 1372 376 457 1373 545 458 1374 373 458 1375 374 458 1376 547 459 1377 414 459 1378 413 459 1379 354 460 1380 309 460 1381 347 460 1382 349 461 1383 312 461 1384 350 461 1385 348 463 1389 309 463 1390 310 463 1391 372 464 1392 310 464 1393 309 464 1394 376 465 1395 552 465 1396 375 465 1397 351 467 1401 314 467 1402 352 467 1403 309 468 1404 368 468 1405 372 468 1406 197 509 1527 196 509 1528 40 509 1529 40 510 1530 41 510 1531 200 510 1532 41 511 1533 201 511 1534 200 511 1535 40 512 1536 195 512 1537 194 512 1538 205 513 1539 206 513 1540 42 513 1541 40 514 1542 194 514 1543 205 514 1544 52 515 1545 42 515 1546 99 515 1547 42 516 1548 98 516 1549 99 516 1550 61 517 1551 108 517 1552 52 517 1553 64 518 1554 65 518 1555 41 518 1556 41 519 1557 52 519 1558 60 519 1559 52 520 1560 104 520 1561 60 520 1562 100 521 1563 48 521 1564 47 521 1565 230 522 1566 193 522 1567 208 522 1568 225 523 1569 229 523 1570 208 523 1571 226 524 1572 225 524 1573 187 524 1574 226 525 1575 188 525 1576 189 525 1577 227 526 1578 189 526 1579 190 526 1580 58 527 1581 49 527 1582 48 527 1583 50 528 1584 49 528 1585 58 528 1586 57 531 1593 84 531 1594 85 531 1595 85 532 1596 86 532 1597 55 532 1598 167 534 1602 166 534 1603 126 534 1604 168 535 1605 167 535 1606 127 535 1607 83 536 1608 84 536 1609 57 536 1610 106 537 1611 90 537 1612 83 537 1613 60 538 1614 104 538 1615 66 538 1616 51 539 1617 50 539 1618 59 539 1619 169 541 1623 168 541 1624 128 541 1625 187 543 1629 208 543 1630 102 543 1631 230 544 1632 231 544 1633 192 544 1634 231 550 1650 43 550 1651 191 550 1652 43 551 1653 228 551 1654 190 551 1655 188 552 1656 187 552 1657 99 552 1658 284 561 1683 285 561 1684 151 561 1685 158 562 1686 169 562 1687 170 562 1688 153 563 1689 168 563 1690 169 563 1691 164 566 1698 165 566 1699 156 566 1700 232 567 1701 240 567 1702 236 567 1703 240 568 1704 239 568 1705 236 568 1706 239 569 1707 238 569 1708 236 569 1709 238 570 1710 237 570 1711 236 570 1712 236 571 1713 235 571 1714 234 571 1715 234 572 1716 233 572 1717 236 572 1718 148 573 1719 149 573 1720 150 573 1721 150 574 1722 151 574 1723 148 574 1724 151 575 1725 152 575 1726 148 575 1727 152 576 1728 112 576 1729 148 576 1730 112 577 1731 111 577 1732 148 577 1733 111 578 1734 110 578 1735 148 578 1736 53 579 1737 105 579 1738 57 579 1739 105 580 1740 106 580 1741 57 580 1742 106 581 1743 107 581 1744 57 581 1745 57 582 1746 56 582 1747 55 582 1748 55 583 1749 54 583 1750 57 583 1751 153 584 1752 158 584 1753 159 584 1754 159 585 1755 160 585 1756 157 585 1757 157 586 1758 156 586 1759 155 586 1760 155 587 1761 154 587 1762 153 587 1763 153 588 1764 159 588 1765 155 588 1766 200 589 1767 261 589 1768 260 589 1769 258 590 1770 257 590 1771 63 590 1772 146 591 1773 259 591 1774 147 591 1775 259 592 1776 258 592 1777 147 592 1778 257 593 1779 264 593 1780 64 593 1781 259 594 1782 146 594 1783 199 594 1784 227 595 1785 228 595 1786 239 595 1787 236 596 1788 237 596 1789 231 596 1790 231 597 1791 230 597 1792 236 597 1793 43 598 1794 231 598 1795 237 598 1796 235 599 1797 230 599 1798 229 599 1799 228 600 1800 43 600 1801 238 600 1802 166 609 1827 167 609 1828 154 609 1829 85 612 1836 84 612 1837 46 612 1838 165 613 1839 166 613 1840 155 613 1841 89 614 1842 51 614 1843 66 614 1844 196 616 1848 127 616 1849 126 616 1850 164 617 1851 124 617 1852 125 617 1853 125 618 1854 194 618 1855 195 618 1856 124 619 1857 202 619 1858 194 619 1859 159 620 1860 170 620 1861 163 620 1862 163 621 1863 170 621 1864 130 621 1865 163 622 1866 164 622 1867 157 622 1868 188 623 1869 98 623 1870 206 623 1871 207 624 1872 101 624 1873 193 624 1874 193 625 1875 192 625 1876 207 625 1877 225 626 1878 226 626 1879 232 626 1880 234 627 1881 229 627 1882 225 627 1883 232 628 1884 226 628 1885 227 628 1886 208 629 1887 193 629 1888 101 629 1889 288 630 1890 264 630 1891 257 630 1892 191 631 1893 190 631 1894 205 631 1895 189 632 1896 206 632 1897 205 632 1898 192 633 1899 191 633 1900 204 633 1901 287 634 1902 263 634 1903 264 634 1904 285 635 1905 261 635 1906 262 635 1907 283 636 1908 282 636 1909 258 636 1910 283 637 1911 259 637 1912 260 637 1913 282 638 1914 281 638 1915 257 638 1916 284 639 1917 260 639 1918 261 639 1919 263 643 1929 287 643 1930 286 643 1931 46 649 1947 61 649 1948 103 649 1949 148 653 1959 109 653 1960 282 653 1961 282 654 1962 283 654 1963 148 654 1964 111 655 1965 288 655 1966 281 655 1967 263 656 1968 262 656 1969 201 656 1970 86 667 2001 48 667 2002 49 667 2003 129 669 2007 128 669 2008 197 669 2009 87 670 2010 88 670 2011 53 670 2012 167 675 2025 168 675 2026 153 675 2027 113 677 2031 161 677 2032 123 677 2033 165 678 2034 125 678 2035 126 678 2036 285 679 2037 286 679 2038 152 679 2039 161 685 2055 202 685 2056 124 685 2057 51 688 2064 89 688 2065 88 688 2066 128 690 2070 127 690 2071 196 690 2072 262 691 2073 261 691 2074 200 691 2075 130 694 2082 129 694 2083 198 694 2084 264 696 2088 263 696 2089 65 696 2090 88 700 2100 89 700 2101 105 700 2102 86 701 2103 87 701 2104 54 701 2105 169 702 2106 129 702 2107 130 702 2108 164 703 2109 163 703 2110 123 703 2111 105 706 2118 89 706 2119 90 706 2120 152 707 2121 286 707 2122 287 707 2123 281 708 2124 282 708 2125 109 708 2126 283 709 2127 284 709 2128 150 709 2129 90 710 2130 66 710 2131 45 710 2132 85 711 2133 47 711 2134 48 711 2135 84 713 2139 83 713 2140 45 713 2141 108 714 2142 61 714 2143 46 714 2144 112 715 2145 287 715 2146 288 715 2147 87 717 2151 49 717 2152 50 717 2153 45 718 2154 66 718 2155 104 718 2156 461 723 2169 460 723 2170 304 723 2171 304 724 2172 305 724 2173 464 724 2174 305 725 2175 465 725 2176 464 725 2177 304 726 2178 459 726 2179 458 726 2180 469 727 2181 470 727 2182 306 727 2183 304 728 2184 458 728 2185 469 728 2186 316 729 2187 306 729 2188 363 729 2189 306 730 2190 362 730 2191 363 730 2192 325 731 2193 372 731 2194 316 731 2195 328 732 2196 329 732 2197 305 732 2198 305 733 2199 316 733 2200 324 733 2201 316 734 2202 368 734 2203 324 734 2204 364 735 2205 312 735 2206 311 735 2207 494 736 2208 457 736 2209 472 736 2210 489 737 2211 493 737 2212 472 737 2213 490 738 2214 489 738 2215 451 738 2216 490 739 2217 452 739 2218 453 739 2219 491 740 2220 453 740 2221 454 740 2222 322 741 2223 313 741 2224 312 741 2225 314 742 2226 313 742 2227 322 742 2228 321 745 2235 348 745 2236 349 745 2237 349 746 2238 350 746 2239 319 746 2240 431 748 2244 430 748 2245 390 748 2246 432 749 2247 431 749 2248 391 749 2249 347 750 2250 348 750 2251 321 750 2252 370 751 2253 354 751 2254 347 751 2255 324 752 2256 368 752 2257 330 752 2258 315 753 2259 314 753 2260 323 753 2261 433 755 2265 432 755 2266 392 755 2267 451 757 2271 472 757 2272 366 757 2273 494 758 2274 495 758 2275 456 758 2276 495 764 2292 307 764 2293 455 764 2294 307 765 2295 492 765 2296 454 765 2297 452 766 2298 451 766 2299 363 766 2300 548 775 2325 549 775 2326 415 775 2327 422 776 2328 433 776 2329 434 776 2330 417 777 2331 432 777 2332 433 777 2333 428 780 2340 429 780 2341 420 780 2342 496 781 2343 504 781 2344 500 781 2345 504 782 2346 503 782 2347 500 782 2348 503 783 2349 502 783 2350 500 783 2351 502 784 2352 501 784 2353 500 784 2354 500 785 2355 499 785 2356 498 785 2357 498 786 2358 497 786 2359 500 786 2360 412 787 2361 413 787 2362 414 787 2363 414 788 2364 415 788 2365 412 788 2366 415 789 2367 416 789 2368 412 789 2369 416 790 2370 376 790 2371 412 790 2372 376 791 2373 375 791 2374 412 791 2375 375 792 2376 374 792 2377 412 792 2378 317 793 2379 369 793 2380 321 793 2381 369 794 2382 370 794 2383 321 794 2384 370 795 2385 371 795 2386 321 795 2387 321 796 2388 320 796 2389 319 796 2390 319 797 2391 318 797 2392 321 797 2393 417 798 2394 422 798 2395 423 798 2396 423 799 2397 424 799 2398 421 799 2399 421 800 2400 420 800 2401 419 800 2402 419 801 2403 418 801 2404 417 801 2405 417 802 2406 423 802 2407 419 802 2408 464 803 2409 525 803 2410 524 803 2411 522 804 2412 521 804 2413 327 804 2414 410 805 2415 523 805 2416 411 805 2417 523 806 2418 522 806 2419 411 806 2420 521 807 2421 528 807 2422 328 807 2423 523 808 2424 410 808 2425 463 808 2426 491 809 2427 492 809 2428 503 809 2429 500 810 2430 501 810 2431 495 810 2432 495 811 2433 494 811 2434 500 811 2435 307 812 2436 495 812 2437 501 812 2438 499 813 2439 494 813 2440 493 813 2441 492 814 2442 307 814 2443 502 814 2444 430 823 2469 431 823 2470 418 823 2471 349 826 2478 348 826 2479 310 826 2480 429 827 2481 430 827 2482 419 827 2483 353 828 2484 315 828 2485 330 828 2486 460 830 2490 391 830 2491 390 830 2492 428 831 2493 388 831 2494 389 831 2495 389 832 2496 458 832 2497 459 832 2498 388 833 2499 466 833 2500 458 833 2501 423 834 2502 434 834 2503 427 834 2504 427 835 2505 434 835 2506 394 835 2507 427 836 2508 428 836 2509 421 836 2510 452 837 2511 362 837 2512 470 837 2513 471 838 2514 365 838 2515 457 838 2516 457 839 2517 456 839 2518 471 839 2519 489 840 2520 490 840 2521 496 840 2522 498 841 2523 493 841 2524 489 841 2525 496 842 2526 490 842 2527 491 842 2528 472 843 2529 457 843 2530 365 843 2531 552 844 2532 528 844 2533 521 844 2534 455 845 2535 454 845 2536 469 845 2537 453 846 2538 470 846 2539 469 846 2540 456 847 2541 455 847 2542 468 847 2543 551 848 2544 527 848 2545 528 848 2546 549 849 2547 525 849 2548 526 849 2549 547 850 2550 546 850 2551 522 850 2552 547 851 2553 523 851 2554 524 851 2555 546 852 2556 545 852 2557 521 852 2558 548 853 2559 524 853 2560 525 853 2561 527 857 2571 551 857 2572 550 857 2573 310 863 2589 325 863 2590 367 863 2591 412 867 2601 373 867 2602 546 867 2603 546 868 2604 547 868 2605 412 868 2606 375 869 2607 552 869 2608 545 869 2609 527 870 2610 526 870 2611 465 870 2612 350 881 2643 312 881 2644 313 881 2645 393 883 2649 392 883 2650 461 883 2651 351 884 2652 352 884 2653 317 884 2654 431 889 2667 432 889 2668 417 889 2669 377 891 2673 425 891 2674 387 891 2675 429 892 2676 389 892 2677 390 892 2678 549 893 2679 550 893 2680 416 893 2681 425 899 2697 466 899 2698 388 899 2699 315 902 2706 353 902 2707 352 902 2708 392 904 2712 391 904 2713 460 904 2714 526 905 2715 525 905 2716 464 905 2717 394 908 2724 393 908 2725 462 908 2726 528 910 2730 527 910 2731 329 910 2732 352 914 2742 353 914 2743 369 914 2744 350 915 2745 351 915 2746 318 915 2747 433 916 2748 393 916 2749 394 916 2750 428 917 2751 427 917 2752 387 917 2753 369 920 2760 353 920 2761 354 920 2762 416 921 2763 550 921 2764 551 921 2765 545 922 2766 546 922 2767 373 922 2768 547 923 2769 548 923 2770 414 923 2771 354 924 2772 330 924 2773 309 924 2774 349 925 2775 311 925 2776 312 925 2777 348 927 2781 347 927 2782 309 927 2783 372 928 2784 325 928 2785 310 928 2786 376 929 2787 551 929 2788 552 929 2789 351 931 2793 313 931 2794 314 931 2795 309 932 2796 330 932 2797 368 932 2798</p>
        </triangles>
        <triangles material="lightgrey_001-material" count="320">
          <input semantic="VERTEX" source="#Cube-mesh-vertices" offset="0"/>
          <input semantic="NORMAL" source="#Cube-mesh-normals" offset="1"/>
          <input semantic="TEXCOORD" source="#Cube-mesh-map-0" offset="2" set="0"/>
          <p>138 48 144 95 48 145 96 48 146 136 65 195 96 65 196 93 65 197 140 66 198 118 66 199 119 66 200 134 69 207 116 69 208 97 69 209 131 76 228 116 76 229 133 76 230 76 78 234 77 78 235 78 78 236 209 99 297 180 99 298 211 99 299 210 100 300 177 100 301 178 100 302 212 101 303 180 101 304 177 101 305 210 102 306 211 102 307 212 102 308 179 103 309 210 103 310 178 103 311 76 107 321 300 107 322 301 107 323 292 108 324 72 108 325 291 108 326 72 109 327 294 109 328 291 109 329 70 110 330 298 110 331 295 110 332 297 111 333 68 111 334 296 111 335 303 112 336 81 112 337 79 112 338 80 113 339 290 113 340 44 113 341 303 114 342 80 114 343 44 114 344 80 118 354 81 118 355 82 118 356 81 119 357 290 119 358 82 119 359 215 141 423 176 141 424 216 141 425 214 142 426 215 142 427 216 142 428 174 143 429 214 143 430 173 143 431 217 144 432 181 144 433 219 144 434 218 145 435 182 145 436 183 145 437 220 146 438 181 146 439 182 146 440 214 147 441 176 147 442 173 147 443 174 148 444 215 148 445 213 148 446 139 150 450 117 150 451 141 150 452 139 151 453 142 151 454 140 151 455 162 155 465 91 155 466 92 155 467 265 179 537 268 179 538 266 179 539 265 180 540 250 180 541 267 180 542 266 181 543 247 181 544 248 181 545 268 183 549 250 183 550 247 183 551 185 184 552 223 184 553 221 184 554 222 185 555 172 185 556 186 185 557 223 186 558 172 186 559 224 186 560 221 187 561 224 187 562 222 187 563 185 189 567 222 189 568 186 189 569 184 190 570 218 190 571 183 190 572 217 191 573 220 191 574 218 191 575 254 195 585 274 195 586 253 195 587 136 196 588 137 196 589 138 196 590 274 197 591 252 197 592 253 197 593 276 198 594 251 198 595 252 198 596 269 199 597 245 199 598 271 199 599 270 200 600 246 200 601 243 200 602 272 201 603 245 201 604 246 201 605 269 202 606 272 202 607 270 202 608 244 203 609 270 203 610 243 203 611 273 204 612 251 204 613 275 204 614 67 206 618 298 206 619 69 206 620 121 209 627 144 209 628 122 209 629 249 210 630 266 210 631 248 210 632 71 211 633 74 211 634 72 211 635 302 212 636 76 212 637 301 212 638 135 214 642 95 214 643 137 214 644 255 218 654 278 218 655 256 218 656 94 219 657 136 219 658 93 219 659 115 220 660 132 220 661 114 220 662 142 221 663 117 221 664 118 221 665 144 222 666 92 222 667 122 222 668 143 224 672 91 224 673 145 224 674 120 225 675 140 225 676 119 225 677 67 227 681 70 227 682 68 227 683 78 230 690 299 230 691 300 230 692 278 231 693 242 231 694 256 231 695 280 233 699 241 233 700 242 233 701 277 235 705 241 235 706 279 235 707 273 236 708 276 236 709 274 236 710 278 237 711 279 237 712 280 237 713 143 242 726 162 242 727 144 242 728 132 243 729 97 243 730 114 243 731 68 250 750 295 250 751 296 250 752 73 254 762 294 254 763 74 254 764 75 257 771 299 257 772 77 257 773 292 258 774 73 258 775 71 258 776 131 259 777 134 259 778 132 259 779 402 260 780 359 260 781 360 260 782 400 277 831 360 277 832 357 277 833 404 278 834 382 278 835 383 278 836 398 281 843 380 281 844 361 281 845 395 288 864 380 288 865 397 288 866 340 290 870 341 290 871 342 290 872 473 311 933 444 311 934 475 311 935 474 312 936 441 312 937 442 312 938 476 313 939 444 313 940 441 313 941 474 314 942 475 314 943 476 314 944 443 315 945 474 315 946 442 315 947 340 319 957 564 319 958 565 319 959 556 320 960 336 320 961 555 320 962 336 321 963 558 321 964 555 321 965 334 322 966 562 322 967 559 322 968 561 323 969 332 323 970 560 323 971 567 324 972 345 324 973 343 324 974 344 325 975 554 325 976 308 325 977 567 326 978 344 326 979 308 326 980 344 330 990 345 330 991 346 330 992 345 331 993 554 331 994 346 331 995 479 353 1059 440 353 1060 480 353 1061 478 354 1062 479 354 1063 480 354 1064 438 355 1065 478 355 1066 437 355 1067 481 356 1068 445 356 1069 483 356 1070 482 357 1071 446 357 1072 447 357 1073 484 358 1074 445 358 1075 446 358 1076 478 359 1077 440 359 1078 437 359 1079 438 360 1080 479 360 1081 477 360 1082 403 362 1086 381 362 1087 405 362 1088 403 363 1089 406 363 1090 404 363 1091 426 367 1101 355 367 1102 356 367 1103 529 391 1173 532 391 1174 530 391 1175 529 392 1176 514 392 1177 531 392 1178 530 393 1179 511 393 1180 512 393 1181 532 395 1185 514 395 1186 511 395 1187 449 396 1188 487 396 1189 485 396 1190 486 397 1191 436 397 1192 450 397 1193 487 398 1194 436 398 1195 488 398 1196 485 399 1197 488 399 1198 486 399 1199 449 401 1203 486 401 1204 450 401 1205 448 402 1206 482 402 1207 447 402 1208 481 403 1209 484 403 1210 482 403 1211 518 407 1221 538 407 1222 517 407 1223 400 408 1224 401 408 1225 402 408 1226 538 409 1227 516 409 1228 517 409 1229 540 410 1230 515 410 1231 516 410 1232 533 411 1233 509 411 1234 535 411 1235 534 412 1236 510 412 1237 507 412 1238 536 413 1239 509 413 1240 510 413 1241 533 414 1242 536 414 1243 534 414 1244 508 415 1245 534 415 1246 507 415 1247 537 416 1248 515 416 1249 539 416 1250 331 418 1254 562 418 1255 333 418 1256 385 421 1263 408 421 1264 386 421 1265 513 422 1266 530 422 1267 512 422 1268 335 423 1269 338 423 1270 336 423 1271 566 424 1272 340 424 1273 565 424 1274 399 426 1278 359 426 1279 401 426 1280 519 430 1290 542 430 1291 520 430 1292 358 431 1293 400 431 1294 357 431 1295 379 432 1296 396 432 1297 378 432 1298 406 433 1299 381 433 1300 382 433 1301 408 434 1302 356 434 1303 386 434 1304 407 436 1308 355 436 1309 409 436 1310 384 437 1311 404 437 1312 383 437 1313 331 439 1317 334 439 1318 332 439 1319 342 442 1326 563 442 1327 564 442 1328 542 443 1329 506 443 1330 520 443 1331 544 445 1335 505 445 1336 506 445 1337 541 447 1341 505 447 1342 543 447 1343 537 448 1344 540 448 1345 538 448 1346 542 449 1347 543 449 1348 544 449 1349 407 454 1362 426 454 1363 408 454 1364 396 455 1365 361 455 1366 378 455 1367 332 462 1386 559 462 1387 560 462 1388 337 466 1398 558 466 1399 338 466 1400 339 469 1407 563 469 1408 341 469 1409 556 470 1410 337 470 1411 335 470 1412 395 471 1413 398 471 1414 396 471 1415 138 508 1524 137 508 1525 95 508 1526 136 529 1587 138 529 1588 96 529 1589 140 530 1590 142 530 1591 118 530 1592 134 533 1599 133 533 1600 116 533 1601 131 540 1620 115 540 1621 116 540 1622 76 542 1626 75 542 1627 77 542 1628 209 545 1635 179 545 1636 180 545 1637 210 546 1638 212 546 1639 177 546 1640 212 547 1641 211 547 1642 180 547 1643 210 548 1644 209 548 1645 211 548 1646 179 549 1647 209 549 1648 210 549 1649 76 553 1659 78 553 1660 300 553 1661 292 554 1662 71 554 1663 72 554 1664 72 555 1665 74 555 1666 294 555 1667 70 556 1668 69 556 1669 298 556 1670 297 557 1671 67 557 1672 68 557 1673 303 558 1674 289 558 1675 81 558 1676 80 559 1677 82 559 1678 290 559 1679 303 560 1680 79 560 1681 80 560 1682 80 564 1692 79 564 1693 81 564 1694 81 565 1695 289 565 1696 290 565 1697 215 601 1803 175 601 1804 176 601 1805 214 602 1806 213 602 1807 215 602 1808 174 603 1809 213 603 1810 214 603 1811 217 604 1812 184 604 1813 181 604 1814 218 605 1815 220 605 1816 182 605 1817 220 606 1818 219 606 1819 181 606 1820 214 607 1821 216 607 1822 176 607 1823 174 608 1824 175 608 1825 215 608 1826 139 610 1830 120 610 1831 117 610 1832 139 611 1833 141 611 1834 142 611 1835 162 615 1845 145 615 1846 91 615 1847 265 640 1920 267 640 1921 268 640 1922 265 641 1923 249 641 1924 250 641 1925 266 642 1926 268 642 1927 247 642 1928 268 644 1932 267 644 1933 250 644 1934 185 645 1935 171 645 1936 223 645 1937 222 646 1938 224 646 1939 172 646 1940 223 647 1941 171 647 1942 172 647 1943 221 648 1944 223 648 1945 224 648 1946 185 650 1950 221 650 1951 222 650 1952 184 651 1953 217 651 1954 218 651 1955 217 652 1956 219 652 1957 220 652 1958 254 657 1971 273 657 1972 274 657 1973 136 658 1974 135 658 1975 137 658 1976 274 659 1977 276 659 1978 252 659 1979 276 660 1980 275 660 1981 251 660 1982 269 661 1983 244 661 1984 245 661 1985 270 662 1986 272 662 1987 246 662 1988 272 663 1989 271 663 1990 245 663 1991 269 664 1992 271 664 1993 272 664 1994 244 665 1995 269 665 1996 270 665 1997 273 666 1998 254 666 1999 251 666 2000 67 668 2004 297 668 2005 298 668 2006 121 671 2013 143 671 2014 144 671 2015 249 672 2016 265 672 2017 266 672 2018 71 673 2019 73 673 2020 74 673 2021 302 674 2022 75 674 2023 76 674 2024 135 676 2028 94 676 2029 95 676 2030 255 680 2040 277 680 2041 278 680 2042 94 681 2043 135 681 2044 136 681 2045 115 682 2046 131 682 2047 132 682 2048 142 683 2049 141 683 2050 117 683 2051 144 684 2052 162 684 2053 92 684 2054 143 686 2058 121 686 2059 91 686 2060 120 687 2061 139 687 2062 140 687 2063 67 689 2067 69 689 2068 70 689 2069 78 692 2076 77 692 2077 299 692 2078 278 693 2079 280 693 2080 242 693 2081 280 695 2085 279 695 2086 241 695 2087 277 697 2091 255 697 2092 241 697 2093 273 698 2094 275 698 2095 276 698 2096 278 699 2097 277 699 2098 279 699 2099 143 704 2112 145 704 2113 162 704 2114 132 705 2115 134 705 2116 97 705 2117 68 712 2136 70 712 2137 295 712 2138 73 716 2148 293 716 2149 294 716 2150 75 719 2157 302 719 2158 299 719 2159 292 720 2160 293 720 2161 73 720 2162 131 721 2163 133 721 2164 134 721 2165 402 722 2166 401 722 2167 359 722 2168 400 743 2229 402 743 2230 360 743 2231 404 744 2232 406 744 2233 382 744 2234 398 747 2241 397 747 2242 380 747 2243 395 754 2262 379 754 2263 380 754 2264 340 756 2268 339 756 2269 341 756 2270 473 759 2277 443 759 2278 444 759 2279 474 760 2280 476 760 2281 441 760 2282 476 761 2283 475 761 2284 444 761 2285 474 762 2286 473 762 2287 475 762 2288 443 763 2289 473 763 2290 474 763 2291 340 767 2301 342 767 2302 564 767 2303 556 768 2304 335 768 2305 336 768 2306 336 769 2307 338 769 2308 558 769 2309 334 770 2310 333 770 2311 562 770 2312 561 771 2313 331 771 2314 332 771 2315 567 772 2316 553 772 2317 345 772 2318 344 773 2319 346 773 2320 554 773 2321 567 774 2322 343 774 2323 344 774 2324 344 778 2334 343 778 2335 345 778 2336 345 779 2337 553 779 2338 554 779 2339 479 815 2445 439 815 2446 440 815 2447 478 816 2448 477 816 2449 479 816 2450 438 817 2451 477 817 2452 478 817 2453 481 818 2454 448 818 2455 445 818 2456 482 819 2457 484 819 2458 446 819 2459 484 820 2460 483 820 2461 445 820 2462 478 821 2463 480 821 2464 440 821 2465 438 822 2466 439 822 2467 479 822 2468 403 824 2472 384 824 2473 381 824 2474 403 825 2475 405 825 2476 406 825 2477 426 829 2487 409 829 2488 355 829 2489 529 854 2562 531 854 2563 532 854 2564 529 855 2565 513 855 2566 514 855 2567 530 856 2568 532 856 2569 511 856 2570 532 858 2574 531 858 2575 514 858 2576 449 859 2577 435 859 2578 487 859 2579 486 860 2580 488 860 2581 436 860 2582 487 861 2583 435 861 2584 436 861 2585 485 862 2586 487 862 2587 488 862 2588 449 864 2592 485 864 2593 486 864 2594 448 865 2595 481 865 2596 482 865 2597 481 866 2598 483 866 2599 484 866 2600 518 871 2613 537 871 2614 538 871 2615 400 872 2616 399 872 2617 401 872 2618 538 873 2619 540 873 2620 516 873 2621 540 874 2622 539 874 2623 515 874 2624 533 875 2625 508 875 2626 509 875 2627 534 876 2628 536 876 2629 510 876 2630 536 877 2631 535 877 2632 509 877 2633 533 878 2634 535 878 2635 536 878 2636 508 879 2637 533 879 2638 534 879 2639 537 880 2640 518 880 2641 515 880 2642 331 882 2646 561 882 2647 562 882 2648 385 885 2655 407 885 2656 408 885 2657 513 886 2658 529 886 2659 530 886 2660 335 887 2661 337 887 2662 338 887 2663 566 888 2664 339 888 2665 340 888 2666 399 890 2670 358 890 2671 359 890 2672 519 894 2682 541 894 2683 542 894 2684 358 895 2685 399 895 2686 400 895 2687 379 896 2688 395 896 2689 396 896 2690 406 897 2691 405 897 2692 381 897 2693 408 898 2694 426 898 2695 356 898 2696 407 900 2700 385 900 2701 355 900 2702 384 901 2703 403 901 2704 404 901 2705 331 903 2709 333 903 2710 334 903 2711 342 906 2718 341 906 2719 563 906 2720 542 907 2721 544 907 2722 506 907 2723 544 909 2727 543 909 2728 505 909 2729 541 911 2733 519 911 2734 505 911 2735 537 912 2736 539 912 2737 540 912 2738 542 913 2739 541 913 2740 543 913 2741 407 918 2754 409 918 2755 426 918 2756 396 919 2757 398 919 2758 361 919 2759 332 926 2778 334 926 2779 559 926 2780 337 930 2790 557 930 2791 558 930 2792 339 933 2799 566 933 2800 563 933 2801 556 934 2802 557 934 2803 337 934 2804 395 935 2805 397 935 2806 398 935 2807</p>
        </triangles>
      </mesh>
    </geometry>
  </library_geometries>
  <library_visual_scenes>
    <visual_scene id="Scene" name="Scene">
      <node id="Cube" name="Cube" type="NODE">
        <matrix sid="transform">1 0 0 0 0 1 0 0 0 0 1 0 0 0 0 1</matrix>
        <instance_geometry url="#Cube-mesh" name="Cube">
          <bind_material>
            <technique_common>
              <instance_material symbol="paintable-0-material" target="#paintable-0-material">
                <bind_vertex_input semantic="UVMap" input_semantic="TEXCOORD" input_set="0"/>
              </instance_material>
              <instance_material symbol="paintable-1-material" target="#paintable-1-material">
                <bind_vertex_input semantic="UVMap" input_semantic="TEXCOORD" input_set="0"/>
              </instance_material>
              <instance_material symbol="lightgrey-material" target="#lightgrey-material">
                <bind_vertex_input semantic="UVMap" input_semantic="TEXCOORD" input_set="0"/>
              </instance_material>
              <instance_material symbol="darkgrey-material" target="#darkgrey-material">
                <bind_vertex_input semantic="UVMap" input_semantic="TEXCOORD" input_set="0"/>
              </instance_material>
              <instance_material symbol="Material-material" target="#Material-material">
                <bind_vertex_input semantic="UVMap" input_semantic="TEXCOORD" input_set="0"/>
              </instance_material>
              <instance_material symbol="paintable-0_001-material" target="#paintable-0_001-material">
                <bind_vertex_input semantic="UVMap" input_semantic="TEXCOORD" input_set="0"/>
              </instance_material>
              <instance_material symbol="paintable-1_001-material" target="#paintable-1_001-material">
                <bind_vertex_input semantic="UVMap" input_semantic="TEXCOORD" input_set="0"/>
              </instance_material>
              <instance_material symbol="lightgrey_001-material" target="#lightgrey_001-material">
                <bind_vertex_input semantic="UVMap" input_semantic="TEXCOORD" input_set="0"/>
              </instance_material>
              <instance_material symbol="darkgrey_001-material" target="#darkgrey_001-material">
                <bind_vertex_input semantic="UVMap" input_semantic="TEXCOORD" input_set="0"/>
              </instance_material>
            </technique_common>
          </bind_material>
        </instance_geometry>
      </node>
    </visual_scene>
  </library_visual_scenes>
  <scene>
    <instance_visual_scene url="#Scene"/>
  </scene>
</COLLADA>