<?xml version="1.0" encoding="utf-8"?>
<COLLADA xmlns="http://www.collada.org/2005/11/COLLADASchema" version="1.4.1" xmlns:xsi="http://www.w3.org/2001/XMLSchema-instance">
  <asset>
    <contributor>
      <author>Blender User</author>
      <authoring_tool>Blender 4.2.23 LTS commit date:2026-07-20, commit time:13:44, hash:d0cbe84903e8</authoring_tool>
    </contributor>
    <created>2026-08-30T18:38:08</created>
    <modified>2026-08-30T18:38:08</modified>
    <unit name="meter" meter="1"/>
    <up_axis>Z_UP</up_axis>
  </asset>
  <library_effects>
    <effect id="concrete-1-effect">
      <profile_COMMON>
        <technique sid="common">
          <lambert>
            <emission>
              <color sid="emission">0 0 0 1</color>
            </emission>
            <diffuse>
              <color sid="diffuse">0.6 0.533 0.475 1</color>
            </diffuse>
            <index_of_refraction>
              <float sid="ior">1.5</float>
            </index_of_refraction>
          </lambert>
        </technique>
      </profile_COMMON>
    </effect>
    <effect id="galvalume-effect">
      <profile_COMMON>
        <technique sid="common">
          <lambert>
            <emission>
              <color sid="emission">0 0 0 1</color>
            </emission>
            <diffuse>
              <color sid="diffuse">0.5271116 0.5271156 0.5271153 1</color>
            </diffuse>
            <index_of_refraction>
              <float sid="ior">1.5</float>
            </index_of_refraction>
          </lambert>
        </technique>
      </profile_COMMON>
    </effect>
    <effect id="asphalt-1-effect">
      <profile_COMMON>
        <technique sid="common">
          <lambert>
            <emission>
              <color sid="emission">0 0 0 1</color>
            </emission>
            <diffuse>
              <color sid="diffuse">0.188 0.165 0.176 1</color>
            </diffuse>
            <index_of_refraction>
              <float sid="ior">1.5</float>
            </index_of_refraction>
          </lambert>
        </technique>
      </profile_COMMON>
    </effect>
    <effect id="white-line-effect">
      <profile_COMMON>
        <technique sid="common">
          <lambert>
            <emission>
              <color sid="emission">0 0 0 1</color>
            </emission>
            <diffuse>
              <color sid="diffuse">0.8 0.8 0.8 1</color>
            </diffuse>
            <index_of_refraction>
              <float sid="ior">1.5</float>
            </index_of_refraction>
          </lambert>
        </technique>
      </profile_COMMON>
    </effect>
  </library_effects>
  <library_images/>
  <library_materials>
    <material id="concrete-1-material" name="concrete-1">
      <instance_effect url="#concrete-1-effect"/>
    </material>
    <material id="galvalume-material" name="galvalume">
      <instance_effect url="#galvalume-effect"/>
    </material>
    <material id="asphalt-1-material" name="asphalt-1">
      <instance_effect url="#asphalt-1-effect"/>
    </material>
    <material id="white-line-material" name="white-line">
      <instance_effect url="#white-line-effect"/>
    </material>
  </library_materials>
  <library_geometries>
    <geometry id="Cube-mesh" name="Cube">
      <mesh>
        <source id="Cube-mesh-positions">
          <float_array id="Cube-mesh-positions-array" count="2220">57.5 55.00831 1.5 22.91423 70 1.5 26.95999 28.88435 1.5 22.91423 70 -20 150 40 1.5 150 40 -20 150 3.8147e-6 -20 150 3.8147e-6 1.5 -150 40 -20 -150 0 -20 -150 40 1.5 -150 0 1.5 -25 70 1.5 -25 70 -20 100.5 66.00001 1.5 112.5 0.003765106 1.5 -150 70 1.5 -150 70 -20 57.5 40 1.5 57.5 70 -20 57.5 70 1.5 150 49.0083 -20 -57.5 40 1.5 -57.5 70 -20 -57.5 70 1.5 24.06997 29.5128 8 150 28.72371 -20 150 28.72371 1.5 -150 27.99999 -20 -150 27.99999 1.5 61.60424 28.72369 1.5 -57.5 28 1.5 -57.5 0 1.5 72.04783 0.03017425 1.5 149.5 40 1.5 112.5 29.22374 1.5 112.5 50.00831 1.5 149.5 28.7237 1.5 149.5 -7.62939e-6 1.5 112.5 39.50376 1.5 112.5 28.7237 1.5 22.91422 66 1.5 -25 66 1.5 57.5 66 1.5 -57.5 66 1.5 112.5 40 1.5 -149.5 70.00001 -20 -149.5 40 1.5 -149.5 70.00001 1.5 -149.5 27.99999 1.5 -149.5 0 1.5 -149.4999 66.00003 1.5 -24.99995 39.49999 8 150 39.49998 -20 -149.9999 39.50001 1.5 57.67101 39.53016 1.5 -150 42.00082 -20 26.49014 28.71334 8 150 39.49998 1.5 -149.9999 39.50001 -20 -57.49998 39.50001 1.5 149.5 39.49998 1.5 -149.4999 39.49998 1.5 150 40 -1.5 149.5 49.0083 1.5 150 29.22366 1.5 -150 28.50001 -20 -57.5 28.5 1.5 -149.5 28.5 1.5 -24.99999 28.5 8 150 29.22372 -20 -150 28.50001 1.5 61.42225 29.22371 1.5 150 49.0083 1.5 149.5 29.22374 1.5 57.5 49.0083 1.5 -20.00007 70 -20 -19.00004 27.5 8 -20.00007 70 1.5 -20.5001 28 8.100001 -19.00005 1.90735e-5 8 -20.00009 66 1.5 -20.5001 28.50001 8 -20.00006 28.5 8 30.59438 17.43702 8 36.94094 1.52588e-5 8 26.95999 28.88435 8 30.41239 17.93705 8 149.5 50.00831 1.5 22.44438 39.82899 1.5 57.5 50.00831 1.5 22.41423 70 1.5 24.07071 29.51322 8.099997 22.41423 70 -20 22.41422 66 1.5 22.41422 40.81958 1.5 23.89969 29.98307 8.099997 26.64721 28.2818 8 27.131 28.41451 8 30.88224 18.10806 8 20.25294 70 1.5 -150 17.93704 -20 -150 17.43705 -20 -150 17.43705 1.5 -150 17.93704 1.5 -57.5 17.93705 1.5 -57.5 17.437 1.5 -149.5 17.93704 1.5 -149.5 17.43704 1.5 -19.00004 17.93705 8 -19.00004 17.43706 8 -10.25007 28.60667 8 -10.25005 70 -20 -10.25007 66 1.5 -10.25005 70 1.5 -10.25007 40 8 -10.25007 1.71661e-5 8 -10.25007 40 1.5 -10.25007 39.49996 8 -10.25007 28.1409 8 -10.25007 17.93705 8 -10.25007 17.43704 8 -25.0001 39.50083 8.099997 -25.00015 40.00084 8.099997 57.67086 39.531 1.599996 57.49985 40.00084 1.599996 -57.50015 40.00084 1.599996 23.42985 29.81201 8.099997 23.60087 29.34216 8 -57.50013 39.50085 1.599996 26.95984 28.88519 8.099997 23.60087 29.34217 8.099997 26.48999 28.71418 8.099997 -10.25021 40.00084 8.099997 -10.25022 39.50081 8.099997 23.42911 29.81159 8 27.13085 28.41535 8.099997 26.64706 28.28264 8.099997 30.59438 17.43702 8.100001 36.94094 1.52588e-5 8.100001 61.60424 28.72369 1.6 61.42225 29.22371 1.6 30.41239 17.93705 8.100001 30.88224 18.10806 8.100001 31.06423 17.60804 8.100001 37.47302 1.52588e-5 8.100001 72.04783 0.03017425 1.6 -57.5 28 1.6 -25 28 8.100001 -57.5 28.5 1.6 -57.5 0 1.6 -25 0 8.100001 -57.5 17.437 1.6 -25 17.93704 8.100001 -19.00005 1.90735e-5 8.100001 -24.99999 28.5 8.100001 -19 27.5 8.100001 -20.00006 28.5 8.100001 -19.00004 17.43706 8.100001 -57.5 17.93705 1.6 -25 17.43704 8.100001 -19 17.93705 8.100001 -24.49999 70.00002 -20 -24.5 66.00002 1.5 -24.49999 70.00002 1.5 -20.5001 70.00001 1.5 -24.5 28.50001 8 -24.50014 40.00085 8.099997 -24.5001 39.50084 8.099997 -24.50013 9.53674e-6 8.100001 -24.5 28.00001 8.100001 -24.49998 28.50001 8.100001 -24.50005 17.93705 8.100001 -24.50005 17.43705 8.100001 22.91422 42.5008 1.5 112.5 43.00207 1.5 -24.5001 39.50084 8 -20.00024 39.50082 8 -20.50009 28.50001 8.100001 -20.49999 17.93705 8.100001 -20.49998 17.43705 8.100001 -20.50011 66.00001 1.5 -20.5001 70.00001 -20 -20.64552 1.43051e-5 8.100001 -57.5 42.5008 1.5 -20.50022 39.50083 8 -20.50026 40.00085 8.099997 -20.50022 39.50083 8.099997 -20.00028 40.00084 8.099997 -20.00024 39.50082 8.099997 -57.5 42.0008 1.5 150 51.00831 -20 22.91422 42.0008 1.5 57.5 51.00831 1.5 149.5 51.00831 1.5 -150 42.50079 -20 150 51.00831 1.5 -149.5 42.00082 1.5 22.41422 42.0008 1.5 -34.75 70 1.5 -34.75 40 6.05 -34.74997 39.5 6.05 -34.75 28.5 6.05 -34.75015 40.00084 6.149997 -34.75012 39.50085 6.149997 -34.75 28 6.150001 -34.75 0 6.150001 -34.75 28.5 6.150001 -34.75 17.93704 6.150001 -34.75 17.43702 6.150001 -34.75 70 -20 -34.75 66 1.5 -34.75004 42.0008 1.5 -20.50011 40.00001 8 -20.00013 40 8 -24.5 40.00001 8 112.5 43.50207 1.5 -150 65.99999 -20 -20.0001 42.5008 1.5 -149.4999 42.50082 1.5 22.41422 42.5008 1.5 -10.25007 42.5008 1.5 -24.5 42.50082 1.5 -20.50011 42.50081 1.5 -150 17.93704 -1.5 -20.50011 42.00081 8 -20.50011 42.50081 8 -24.5 42.00082 8 -24.5 42.50082 8 -20.0001 42.5008 8 -20.50011 42.00081 8.100001 -20.50011 42.50081 8.100001 -24.5 42.00082 8.100001 -24.5 42.50082 8.100001 -20.00011 42.0008 8.100001 -20.0001 42.5008 8.100001 -10.25007 42.0008 1.6 -10.25007 42.5008 1.6 -20.00013 40 7.759259 -19.63902 40 7.759259 -19.63902 40 7.518518 -19.27792 39.99999 7.518518 -19.27792 39.99999 7.277778 -18.91681 39.99999 7.277778 -18.91681 39.99999 7.037037 -18.55569 39.99998 7.037037 -18.55569 39.99998 6.796296 -18.19458 39.99998 6.796296 -18.19458 39.99998 6.555555 -17.83347 39.99998 6.555555 -17.83347 39.99998 6.314815 -17.47235 39.99997 6.314815 -17.47235 39.99997 6.074074 -17.11124 39.99997 6.074074 -17.11124 39.99997 5.833333 -16.75012 39.99996 5.833333 -16.75012 39.99996 5.592592 -16.38901 39.99996 5.592592 -16.38901 39.99996 5.351851 -16.02789 39.99996 5.351851 -16.02789 39.99996 5.111111 -15.66678 39.99995 5.111111 -15.66678 39.99995 4.87037 -15.30566 39.99995 4.87037 -15.30566 39.99995 4.629629 -14.94455 39.99995 4.629629 -14.94455 39.99995 4.388888 -14.58343 39.99994 4.388888 -14.58343 39.99994 4.148148 -14.22232 39.99994 4.148148 -14.22232 39.99994 3.907407 -13.86121 39.99993 3.907407 -13.86121 39.99993 3.666666 -13.50009 39.99993 3.666666 -13.50009 39.99993 3.425925 -13.13898 39.99993 3.425925 -13.13898 39.99993 3.185184 -12.77786 39.99992 3.185184 -12.77786 39.99992 2.944444 -12.41675 39.99992 2.944444 -12.41675 39.99992 2.703703 -12.05564 39.99991 2.703703 -12.05564 39.99991 2.462963 -11.69452 39.99991 2.462963 -11.69452 39.99991 2.222222 -11.33341 39.99991 2.222222 -11.33341 39.99991 1.981481 -10.97229 39.9999 1.740741 -10.97229 39.9999 1.981481 -10.61118 39.9999 1.740741 -10.61118 39.9999 1.5 -10.25007 42.0008 1.5 -20.00013 42.0008 8 -20.00013 42.0008 7.759259 -19.63902 42.0008 7.759259 -19.63902 42.0008 7.518518 -19.27792 42.00079 7.518518 -19.27792 42.00079 7.277778 -18.91681 42.00079 7.277778 -18.91681 42.00079 7.037037 -18.55569 42.00078 7.037037 -18.55569 42.00078 6.796296 -18.19458 42.00078 6.796296 -18.19458 42.00078 6.555555 -17.83347 42.00078 6.555555 -17.83347 42.00078 6.314815 -17.47235 42.00077 6.314815 -17.47235 42.00077 6.074074 -17.11124 42.00077 6.074074 -17.11124 42.00077 5.833333 -16.75012 42.00077 5.833333 -16.75012 42.00077 5.592592 -16.38901 42.00076 5.592592 -16.38901 42.00076 5.351851 -16.02789 42.00076 5.351851 -16.02789 42.00076 5.111111 -15.66678 42.00075 5.111111 -15.66678 42.00075 4.87037 -15.30566 42.00075 4.87037 -15.30566 42.00075 4.629629 -14.94455 42.00075 4.629629 -14.94455 42.00075 4.388888 -14.58343 42.00074 4.388888 -14.58343 42.00074 4.148148 -14.22232 42.00074 4.148148 -14.22232 42.00074 3.907407 -13.86121 42.00074 3.907407 -13.86121 42.00074 3.666666 -13.50009 42.00073 3.666666 -13.50009 42.00073 3.425925 -13.13898 42.00073 3.425925 -13.13898 42.00073 3.185184 -12.77786 42.00072 3.185184 -12.77786 42.00072 2.944444 -12.41675 42.00072 2.944444 -12.41675 42.00072 2.703703 -12.05564 42.00072 2.703703 -12.05564 42.00072 2.462963 -11.69452 42.00071 2.462963 -11.69452 42.00071 2.222222 -11.33341 42.00071 2.222222 -11.33341 42.00071 1.981481 -10.97229 42.0007 1.740741 -10.97229 42.0007 1.981481 -10.61118 42.0007 1.740741 -10.61118 42.0007 1.5 -34.75004 40 1.5 -24.99997 40 8 -25 42.5008 1.5 -34.75003 42.5008 1.5 -25 42.5008 8 -24.99999 42.0008 8.100001 -25 42.5008 8.100001 -34.75003 42.0008 1.6 -34.75003 42.5008 1.6 -24.99997 40 7.759259 -25.36108 40 7.759259 -25.36108 40 7.518518 -25.72218 39.99999 7.518518 -25.72218 39.99999 7.277778 -26.08329 39.99999 7.277778 -26.08329 39.99999 7.037037 -26.44441 39.99998 7.037037 -26.44441 39.99998 6.796296 -26.80552 39.99998 6.796296 -26.80552 39.99998 6.555555 -27.16663 39.99998 6.555555 -27.16663 39.99998 6.314815 -27.52775 39.99997 6.314815 -27.52775 39.99997 6.074074 -27.88887 39.99997 6.074074 -27.88887 39.99997 5.833333 -28.24998 39.99996 5.833333 -28.24998 39.99996 5.592592 -28.61109 39.99996 5.592592 -28.61109 39.99996 5.351851 -28.97221 39.99996 5.351851 -28.97221 39.99996 5.111111 -29.33332 39.99995 5.111111 -29.33332 39.99995 4.87037 -29.69444 39.99995 4.87037 -29.69444 39.99995 4.629629 -30.05555 39.99995 4.629629 -30.05555 39.99995 4.388888 -30.41667 39.99994 4.388888 -30.41667 39.99994 4.148148 -30.77778 39.99994 4.148148 -30.77778 39.99994 3.907407 -31.13889 39.99993 3.907407 -31.13889 39.99993 3.666666 -31.50001 39.99993 3.666666 -31.50001 39.99993 3.425925 -31.86112 39.99993 3.425925 -31.86112 39.99993 3.185184 -32.22224 39.99992 3.185184 -32.22224 39.99992 2.944444 -32.58335 39.99992 2.944444 -32.58335 39.99992 2.703703 -32.94446 39.99991 2.703703 -32.94446 39.99991 2.462963 -33.30558 39.99991 2.462963 -33.30558 39.99991 2.222222 -33.66669 39.99991 2.222222 -33.66669 39.99991 1.981481 -34.02781 39.9999 1.740741 -34.02781 39.9999 1.981481 -34.38892 39.9999 1.740741 -34.38892 39.9999 1.5 -24.99997 42.0008 8 -24.99997 42.0008 7.759259 -25.36108 42.0008 7.759259 -25.36108 42.0008 7.518518 -25.72218 42.00079 7.518518 -25.72218 42.00079 7.277778 -26.08329 42.00079 7.277778 -26.08329 42.00079 7.037037 -26.44441 42.00078 7.037037 -26.44441 42.00078 6.796296 -26.80552 42.00078 6.796296 -26.80552 42.00078 6.555555 -27.16663 42.00078 6.555555 -27.16663 42.00078 6.314815 -27.52775 42.00077 6.314815 -27.52775 42.00077 6.074074 -27.88887 42.00077 6.074074 -27.88887 42.00077 5.833333 -28.24998 42.00077 5.833333 -28.24998 42.00077 5.592592 -28.61109 42.00076 5.592592 -28.61109 42.00076 5.351851 -28.97221 42.00076 5.351851 -28.97221 42.00076 5.111111 -29.33332 42.00075 5.111111 -29.33332 42.00075 4.87037 -29.69444 42.00075 4.87037 -29.69444 42.00075 4.629629 -30.05555 42.00075 4.629629 -30.05555 42.00075 4.388888 -30.41667 42.00074 4.388888 -30.41667 42.00074 4.148148 -30.77778 42.00074 4.148148 -30.77778 42.00074 3.907407 -31.13889 42.00074 3.907407 -31.13889 42.00074 3.666666 -31.50001 42.00073 3.666666 -31.50001 42.00073 3.425925 -31.86112 42.00073 3.425925 -31.86112 42.00073 3.185184 -32.22224 42.00072 3.185184 -32.22224 42.00072 2.944444 -32.58335 42.00072 2.944444 -32.58335 42.00072 2.703703 -32.94446 42.00072 2.703703 -32.94446 42.00072 2.462963 -33.30558 42.00071 2.462963 -33.30558 42.00071 2.222222 -33.66669 42.00071 2.222222 -33.66669 42.00071 1.981481 -34.02781 42.0007 1.740741 -34.02781 42.0007 1.981481 -34.38892 42.0007 1.740741 -34.38892 42.0007 1.5 25.95011 30.19711 8 26.41996 30.36812 8 25.95011 30.19711 8.100001 26.41996 30.36812 8.100001 20.56424 39.14468 1.5 23.89896 29.98261 8 22.91422 40 1.5 26.24893 30.83797 8 25.77909 30.66694 8.100001 26.24893 30.83797 8.100001 22.44438 39.82899 1.6 22.91422 40 1.6 23.89896 29.98261 7.759259 23.77545 30.32195 7.759259 23.77545 30.32195 7.518518 23.65194 30.66127 7.518518 23.65194 30.66127 7.277778 23.52843 31.0006 7.277778 23.52843 31.0006 7.037037 23.40492 31.33994 7.037037 23.40492 31.33994 6.796296 23.28141 31.67927 6.796296 23.28141 31.67927 6.555555 23.15789 32.0186 6.555555 23.15789 32.0186 6.314815 23.03438 32.35794 6.314815 23.03438 32.35794 6.074074 22.91087 32.69727 6.074074 22.91087 32.69727 5.833333 22.78736 33.03661 5.833333 22.78736 33.03661 5.592592 22.66384 33.37594 5.592592 22.66384 33.37594 5.351851 22.54033 33.71528 5.351851 22.54033 33.71528 5.111111 22.41682 34.05461 5.111111 22.41682 34.05461 4.87037 22.29331 34.39395 4.87037 22.29331 34.39395 4.629629 22.16979 34.73329 4.629629 22.16979 34.73329 4.388888 22.04628 35.07262 4.388888 22.04628 35.07262 4.148148 21.92277 35.41196 4.148148 21.92277 35.41196 3.907407 21.79926 35.75129 3.907407 21.79926 35.75129 3.666666 21.67575 36.09062 3.666666 21.67575 36.09062 3.425925 21.55224 36.42996 3.425925 21.55224 36.42996 3.185184 21.42873 36.76929 3.185184 21.42873 36.76929 2.944444 21.30521 37.10863 2.944444 21.30521 37.10863 2.703703 21.1817 37.44797 2.703703 21.1817 37.44797 2.462963 21.05819 37.7873 2.462963 21.05819 37.7873 2.222222 20.93468 38.12664 2.222222 20.93468 38.12664 1.981481 20.81117 38.46597 1.740741 20.81117 38.46597 1.981481 20.68765 38.80531 1.740741 20.68765 38.80531 1.5 25.7791 30.66692 8 25.7791 30.66692 7.759259 25.65559 31.00626 7.759259 25.65559 31.00626 7.518518 25.53208 31.34558 7.518518 25.53208 31.34558 7.277778 25.40857 31.68491 7.277778 25.40857 31.68491 7.037037 25.28506 32.02425 7.037037 25.28506 32.02425 6.796296 25.16154 32.36358 6.796296 25.16154 32.36358 6.555555 25.03803 32.70291 6.555555 25.03803 32.70291 6.314815 24.91452 33.04225 6.314815 24.91452 33.04225 6.074074 24.79101 33.38159 6.074074 24.79101 33.38159 5.833333 24.66749 33.72092 5.833333 24.66749 33.72092 5.592592 24.54398 34.06026 5.592592 24.54398 34.06026 5.351851 24.42047 34.39959 5.351851 24.42047 34.39959 5.111111 24.29696 34.73893 5.111111 24.29696 34.73893 4.87037 24.17345 35.07826 4.87037 24.17345 35.07826 4.629629 24.04993 35.4176 4.629629 24.04993 35.4176 4.388888 23.92642 35.75694 4.388888 23.92642 35.75694 4.148148 23.80291 36.09627 4.148148 23.80291 36.09627 3.907407 23.6794 36.4356 3.907407 23.6794 36.4356 3.666666 23.55589 36.77494 3.666666 23.55589 36.77494 3.425925 23.43238 37.11428 3.425925 23.43238 37.11428 3.185184 23.30886 37.45361 3.185184 23.30886 37.45361 2.944444 23.18535 37.79294 2.944444 23.18535 37.79294 2.703703 23.06184 38.13228 2.703703 23.06184 38.13228 2.462963 22.93833 38.47162 2.462963 22.93833 38.47162 2.222222 22.81481 38.81095 2.222222 22.81481 38.81095 1.981481 22.6913 39.15029 1.740741 22.6913 39.15029 1.981481 22.56779 39.48962 1.740741 22.56779 39.48962 1.5 150 43.50208 1.5 26.24893 30.83797 1.5 57.5 43.50207 1.5 150 43.50208 -20 149.5 43.50207 1.5 150 43.00208 1.5 26.41996 30.36812 1.5 57.5 43.00207 1.5 150 43.00208 -20 149.5 43.00207 1.5 20.56424 39.14468 8 20.25294 70 -20 20.25292 66 1.5 20.25293 42.5008 1.5 20.25293 42.0008 1.5 24.38128 28.66 8 24.54459 28.21135 8 34.81348 1.62125e-5 8 28.28442 17.93705 8 28.46643 17.43703 8 19.78011 40 8 19.78011 40 1.5 19.90361 39.49996 8 19.77997 40.00084 8.099997 19.90347 39.50081 8.099997 19.78013 70 1.5 19.78013 70 -20 19.78011 66 1.5 19.78011 42.5008 1.5 19.78011 42.0008 1.5 20.56424 39.14468 8.099997 150 50.00831 -20 20.25293 40 8 20.25292 40 8.099997 150 50.00831 1.5 22.91422 41.0004 1.5 20.25293 40 1.5 -24.99998 32.16666 8 -24.99997 35.83333 8 -150 32.16667 1.5 -149.9999 35.83334 1.5 -149.9999 35.83335 -20 -150 32.16668 -20 -57.49999 35.83334 1.5 -57.49999 32.16667 1.5 -149.4999 35.83332 1.5 -149.5 32.16666 1.5 -10.25007 35.86886 8 -10.25007 32.23777 8 -20.00018 35.83388 8 -20.00012 32.16694 8 -24.50007 35.8339 8 -24.50004 32.16695 8 -20.50018 35.83389 8 -20.50014 32.16695 8 -34.74998 35.83333 6.05 -34.74998 32.16666 6.05 34.27721 1.66893e-5 8 27.75012 17.93705 8 27.93207 17.43704 8 23.85885 28.63334 8 24.02424 28.17613 8 100 0.01508331 1.5 100 40 1.5 100 70 -20 100 70 1.5 100 28.72369 1.5 100 66 1.5 100 39.51507 1.5 100 49.0083 1.5 100 29.22373 1.5 -150 17.43705 -1.5 -150 28.50001 -1.5 100 43.50207 1.5 100 43.00207 1.5 100 50.00831 1.5 100.5 40 1.5 100.5 28.7237 1.5 100.5 39.50753 1.5 100.5 29.22373 1.5 100.5 0.007537841 1.5 100.5 70 -20 100.5 49.0083 1.5 -149.9999 39.50001 -1.5 112.5 49.0083 1.5 100.5 43.50207 1.5 100.5 43.00207 1.5 100.5 50.00831 1.5 150 55.00831 1.5 150 55.00831 -20 149.5 55.00831 -20 149.5 55.00831 1.5 112.5 70 -1.379998 -150 27.99999 -1.5 113 66.00001 -1.5 113 70 -1.5 -150 0 -1.5 113 55.00831 -20 113 29.22374 1.5 113 39.50187 1.5 113 0.001878738 1.5 113 49.0083 1.5 -150 40 -1.5 113 28.7237 1.5 113 43.50207 1.5 113 40 1.5 113 43.00207 1.5 113 50.00831 1.5 150 3.8147e-6 -1.5 -25 70 -1.5 -150 70 -1.5 22.91423 70 -1.5 57.5 70 -1.5 -57.5 70 -1.5 150 28.72371 -1.5 -149.5 70.00001 -1.5 150 39.49998 -1.5 150 29.22369 -1.5 150 49.0083 -1.5 -20.00007 70 -1.5 22.41423 70 -1.5 -10.25005 70 -1.5 -24.49999 70.00002 -1.5 -20.5001 70.00001 -1.5 150 51.00831 -1.5 -34.75 70 -1.5 150 43.50208 -1.5 150 43.00208 -1.5 20.25294 70 -1.5 19.78013 70 -1.5 150 50.00831 -1.5 100 70 -1.5 100.5 70 -1.5 150 55.00831 -1.5 149.5 55.00831 -1.5 112.5 66.00001 -1.379998 112.5 55.00831 -1.379998 113 55.00831 -1.5 112.5 70 -20 112.5 70 -1.5 113 66.00001 -20 100.5 70 1.5 113 70 -20 -150 65.99999 1.5 -150 42.00082 -1.5 -150 42.00082 1.5 -150 32.16668 -1.5 -149.9999 35.83334 -1.5 -150 42.50079 -1.5 -150 42.50079 1.5 -150 65.99999 -1.5 113 51.00831 1.5 112.5 51.00831 1.5 100.5 51.00831 1.5 100 51.00831 1.5 112.5 55.00831 1.5 100 55.00831 1.5 100.5 55.00831 1.5 113 55.00831 1.5</float_array>
          <technique_common>
            <accessor source="#Cube-mesh-positions-array" count="740" stride="3">
              <param name="X" type="float"/>
              <param name="Y" type="float"/>
              <param name="Z" type="float"/>
            </accessor>
          </technique_common>
        </source>
        <source id="Cube-mesh-normals">
          <float_array id="Cube-mesh-normals-array" count="4236">0 0 1 0 1 -1.58457e-5 -2.6702e-5 1 0 0 0 1 -1 0 0 1 0 0 0 0 1 -1 -1.83111e-4 0 0 0 1 0 0 1 -1.52588e-5 1 0 0 0 1 0 0 1 1 0 0 0 0 1 0 0 1 1.52589e-5 1 0 0 0 1 -1 -3.03267e-6 0 0 0 1 1 0 0 -1 0 0 -0.3420201 0.9396926 0 0 0 1 0 1 0 1 -4.3754e-7 0 0.9396924 0.3420209 0 0 0 1 0 0 1 1.52588e-5 1 6.35775e-5 0 0 1 0 0 1 0 0 1 0 0 1 -1 0 0 0 0 1 0 0 1 0 0 1 0.9396924 0.3420208 0 0 0 1 0 0 1 0 0 1 0 1 0 0 0 1 0 0 1 0 0 1 -0.3420114 0.9396958 0 1 0 0 0 0 1 0 0 1 -1 8.32296e-6 0 -0.196116 2.04033e-7 0.9805807 1 0 0 -1 0 0 0 0 1 0 0 1 0 0 1 0 0 1 0 0 1 0 0 1 1 0 0 0 0 1 -2.28887e-5 0.9999645 -0.00843048 0 0 1 1.52579e-5 1 0 0 0 1 0 0 1 0.9396926 0.3420202 0 -0.9396935 -0.3420179 0 0.9396926 0.3420202 0 -0.3435915 0.9390814 -0.008428335 0.9396891 0.3420297 0 0 0 1 -0.9396817 -0.3420503 -6.40758e-6 0 0 1 0 1 0 0.939691 0.3420214 -0.001485407 0 0 1 0 0 1 0 0 1 -2.20593e-7 1 0 0.1842888 0.06707566 0.9805807 -1 0 0 0 0 1 0 0 1 0 0 1 -1 0 0 0 1 0 -1 0 0 -1 -3.05185e-5 0 0 0 1 0 0 1 0.9999999 -5.98356e-7 -4.38688e-4 0 0 1 0 0 1 0 0 1 0 0 1 0 0 1 0 0 1 0 0 1 0 1 0 0 0 1 0 0 1 0.3420986 -0.9396629 0.001476466 -0.001693964 -0.9999628 0.008466064 -0.196116 -1.18385e-5 0.9805807 0 0 1 0 0 1 0.1842886 0.0670759 0.9805807 0.9396815 0.3420506 0 -0.3420873 0.9396682 0 0 0 1 -0.939656 -0.3420173 0.0084154 0.2645279 -0.9643404 0.008523643 0 0 1 0 0.9999645 -0.008430421 0.9396815 0.3420506 0 -0.9999989 -3.05182e-5 -0.001487493 0 0 1 -0.9396919 -0.3420188 0.001485466 0.001685559 0.9999631 -0.008427917 0.3435904 -0.9390817 0.008429706 -1.17375e-6 -1 0 0 0 1 0 0 1 0.1842892 0.06707483 0.9805806 0.1842889 0.06707566 0.9805807 -0.9396926 -0.3420202 0 -0.3420261 0.9396905 0 0.9396942 0.3420159 0 -0.34202 0.9396927 0 0 0 1 0 0 1 -0.1961161 0 0.9805806 -0.1961162 0 0.9805807 -0.1961161 0 0.9805807 -0.1961162 0 0.9805806 0 0 1 0 0 1 -1 0 0 -1 0 0 0.7070892 0.7071243 -2.6973e-4 0 0 1 0 0 1 0 0 1 0 0 1 7.62909e-6 -0.9999645 0.00843048 -3.05168e-5 1 0 0 0 1 1.52584e-5 1 0 0 0 1 0 0 1 0 0 1 1.43055e-6 1 0 0 0 1 7.62893e-6 1 0 -0.9999989 -8.01061e-5 -0.001487076 0.9999989 8.39207e-5 0.001487016 0 0 1 0 0 1 0 0 1 1.9074e-6 1 0 0 0 1 0 0 1 0 0 1 -2.28892e-5 -1 0 1.52589e-5 0.9999645 -0.008430421 0 0 1 0 0 1 0 0 1 1 0 0 0 0 1 0 0 1 0 0 1 0 0 1 0 0 1 0 1 0 0 1 0 0 1 0 0 0 1 -0.1961161 0 0.9805807 -0.1961161 0 0.9805808 -0.1961161 1.49624e-6 0.9805807 -0.1961161 0 0.9805807 0.00168544 0.9999631 -0.008427321 -0.1961158 -1.80314e-5 0.9805808 -0.001686096 -0.9999631 0.008427917 0 1 0 -0.1961159 4.08067e-7 0.9805808 0 0 1 0 0 1 0 0 1 0 0 1 0 0 1 1.90741e-6 1 0 0 0 1 1 0 0 0 0 1 0 0 1 0 0 1 0 0 1 -1.52594e-5 -1 0 -3.05172e-5 1 0 -1 -6.86645e-5 0 -3.05172e-5 1 0 0 0 1 0 0 1 0 0 1 -1.90741e-6 -1 0 1.52584e-5 1 0 1.90741e-6 1 0 3.05179e-5 -1 0 1.05637e-5 1 0 0 1 0 1 1.90735e-6 9.53674e-6 0 1 0 0.5546985 -1.2696e-5 0.8320515 1 0 0 0 0 1 1 0 0 0 0 1 0 0 1 1 0 0 1 0 0 0 0 1 0 0 1 0 0 1 1 0 0 1 0 0 0 0 1 1 0 0 1 0 0 0 0 1 1 0 0 0 0 1 1 0 0 0 0 1 0 0 1 1 0 0 1 0 0 0 0 1 1 0 0 0 0 1 1 0 0 0 0 1 1 0 0 0 0 1 0 0 1 1 0 0 1 0 0 0 0 1 0 0 1 1 0 0 0 0 1 1 0 0 0 0 1 1 0 0 0 0 1 1 0 0 0 0 1 1 0 0 0 0 1 1 0 0 0 0 1 1 0 0 0.9396511 0.3420302 -0.008433401 1 0 0 -2.74656e-4 1 0 0 0 1 1 0 0 0 0 1 0 0 1 6.76057e-4 -0.9999992 0.001029908 1.05637e-5 1 0 1.05637e-5 1 0 1.05637e-5 1 0 1.05637e-5 1 0 1.05637e-5 1 0 1.05637e-5 1 0 1.05637e-5 1 0 1.05637e-5 1 0 1.05637e-5 1 0 1.05637e-5 1 0 1.05637e-5 1 0 1.05637e-5 1 0 1.05637e-5 1 0 1.05637e-5 1 0 1.05637e-5 1 0 1.05637e-5 1 0 1.05637e-5 1 0 1.05637e-5 1 0 1.05636e-5 1 0 1.05637e-5 1 0 1.05637e-5 1 0 1.05637e-5 1 0 1.05637e-5 1 0 1.05641e-5 1 0 1.05637e-5 1 0 -1.05637e-5 -1 0 2.74656e-4 -1 0 -1.05637e-5 -1 0 -1.05637e-5 -1 0 -1.05637e-5 -1 0 -1.05637e-5 -1 0 -1.05637e-5 -1 0 -1.05637e-5 -1 0 -1.05637e-5 -1 0 -1.05637e-5 -1 0 -1.05637e-5 -1 0 -1.05637e-5 -1 0 -1.05637e-5 -1 0 -1.05637e-5 -1 0 -1.05637e-5 -1 0 -1.05637e-5 -1 0 -1.05637e-5 -1 0 -1.05637e-5 -1 0 -1.05637e-5 -1 0 -1.05637e-5 -1 0 -1.05636e-5 -1 0 -1.05637e-5 -1 0 -1.05637e-5 -1 0 -1.05637e-5 -1 0 -1.05637e-5 -1 0 -1.05641e-5 -1 0 -1.05637e-5 -1 0 -1.05637e-5 1 0 0 1 0 -1 7.62939e-6 3.8147e-5 0 1 0 -0.5546984 -1.23705e-5 0.8320515 1 0 0 -1 0 0 0 0 1 -1 0 0 0 0 1 0 0 1 -1 0 0 -1 0 0 0 0 1 0 0 1 0 0 1 -1 0 0 -1 0 0 0 0 1 -1 0 0 -1 0 0 0 0 1 -1 0 0 0 0 1 -1 0 0 0 0 1 0 0 1 -1 0 0 -1 0 0 0 0 1 -1 0 0 0 0 1 -1 0 0 0 0 1 -1 0 0 0 0 1 0 0 1 -1 0 0 -1 0 0 0 0 1 0 0 1 -1 0 0 0 0 1 -1 0 0 0 0 1 -1 0 0 0 0 1 -1 0 0 0 0 1 -1 0 0 0 0 1 -1 0 0 0 0 1 -1 0 0 -1 0 0 2.74656e-4 1 0 0 0 1 -1 0 0 0 0 1 0 0 1 -6.76103e-4 -0.9999993 0.001029968 -1.05637e-5 1 0 -1.05637e-5 1 0 -1.05637e-5 1 0 -1.05637e-5 1 0 -1.05637e-5 1 0 -1.05637e-5 1 0 -1.05637e-5 1 0 -1.05637e-5 1 0 -1.05637e-5 1 0 -1.05638e-5 1 0 -1.05637e-5 1 0 -1.05637e-5 1 0 -1.05636e-5 1 0 -1.05637e-5 1 0 -1.05637e-5 1 0 -1.05637e-5 1 0 -1.05637e-5 1 0 -1.05637e-5 1 0 -1.05636e-5 1 0 -1.05637e-5 1 0 -1.05637e-5 1 0 -1.05637e-5 1 0 -1.05637e-5 1 0 -1.05641e-5 1 0 -1.05637e-5 1 0 1.05637e-5 -1 0 -2.74656e-4 -1 0 1.05637e-5 -1 0 1.05637e-5 -1 0 1.05637e-5 -1 0 1.05637e-5 -1 0 1.05637e-5 -1 0 1.05637e-5 -1 0 1.05637e-5 -1 0 1.05637e-5 -1 0 1.05637e-5 -1 0 1.05638e-5 -1 0 1.05637e-5 -1 0 1.05637e-5 -1 0 1.05636e-5 -1 0 1.05637e-5 -1 0 1.05637e-5 -1 0 1.05637e-5 -1 0 1.05637e-5 -1 0 1.05637e-5 -1 0 1.05636e-5 -1 0 1.05637e-5 -1 0 1.05637e-5 -1 0 1.05637e-5 -1 0 1.05637e-5 -1 0 1.05641e-5 -1 0 1.05637e-5 -1 0 4.52732e-6 1 -2.26367e-5 -0.1897336 0.5212403 0.8320515 -0.3420203 0.9396926 0 -0.3420186 0.9396932 0 0 0 1 -0.3420206 0.9396924 0 0 0 1 0 0 1 -0.3420203 0.9396926 0 -0.3420186 0.9396932 0 0 0 1 0 0 1 0 0 1 -0.3420203 0.9396926 0 -0.3420203 0.9396926 0 0 0 1 -0.3420186 0.9396932 0 -0.3420203 0.9396926 0 0 0 1 -0.3420203 0.9396926 0 0 0 1 -0.3420203 0.9396926 0 0 0 1 0 0 1 -0.3420203 0.9396926 0 -0.3420206 0.9396924 0 0 0 1 -0.3420203 0.9396926 0 0 0 1 -0.3420203 0.9396926 0 0 0 1 -0.3420206 0.9396924 0 0 0 1 0 0 1 -0.3420186 0.9396932 0 -0.3420203 0.9396926 0 0 0 1 0 0 1 -0.3420203 0.9396926 0 0 0 1 -0.3420203 0.9396926 0 0 0 1 -0.3420203 0.9396926 0 0 0 1 -0.3420202 0.9396926 0 0 0 1 -0.3420202 0.9396926 0 0 0 1 -0.3420203 0.9396926 0 0 0 1 -0.3420203 0.9396926 0 -0.3420206 0.9396924 0 0.9397868 0.3417613 0 0 0 1 -0.3420206 0.9396924 0 0 0 1 0 0 1 -0.9396922 -0.3420214 1.32003e-5 0.9396908 0.3420251 0 0.9396879 0.3420331 0 0.9396891 0.3420297 0 0.9396891 0.3420297 0 0.9396891 0.3420297 0 0.9396879 0.3420331 0 0.9396891 0.3420297 0 0.9396891 0.3420297 0 0.9396879 0.3420331 0 0.9396896 0.3420284 0 0.9396908 0.3420251 0 0.9396891 0.3420297 0 0.9396874 0.3420343 0 0.9396908 0.3420251 0 0.9396879 0.3420331 0 0.9396891 0.3420297 0 0.9396891 0.3420297 0 0.9396879 0.3420331 0 0.9396904 0.3420264 0 0.9396879 0.3420331 0 0.9396879 0.3420331 0 0.9396908 0.3420251 0 0.9396879 0.3420331 0 0.9396893 0.3420293 0 0.9396891 0.3420297 0 -0.9396891 -0.3420297 0 -0.9397885 -0.3417567 0 -0.9396891 -0.3420297 0 -0.9396879 -0.3420331 0 -0.9396891 -0.3420297 0 -0.9396891 -0.3420297 0 -0.9396891 -0.3420297 0 -0.9396879 -0.3420331 0 -0.9396891 -0.3420297 0 -0.9396891 -0.3420297 0 -0.9396891 -0.3420297 0 -0.9396901 -0.3420272 0 -0.9396891 -0.3420297 0 -0.9396891 -0.3420297 0 -0.9396891 -0.3420297 0 -0.9396891 -0.3420297 0 -0.9396879 -0.3420331 0 -0.9396891 -0.3420297 0 -0.9396891 -0.3420297 0 -0.9396891 -0.3420297 0 -0.9396891 -0.3420297 0 -0.9396879 -0.3420331 0 -0.9396891 -0.3420297 0 -0.9396896 -0.3420284 0 -0.9396896 -0.3420284 0 -0.9396889 -0.3420306 0 -0.9396879 -0.3420331 0 0 0 1 0 0 1 0 0 1 1 0 0 1 0 0 0 0 1 0 0 1 0 0 1 0.9396962 0.3420103 0 0.9396952 0.34201 -0.001485288 8.26725e-7 -2.27143e-6 1 -0.9396641 -0.3420988 0 0 1 0 0 0 1 0 0 1 0 0 1 0 0 1 0 0 1 0 0 1 0 0 1 0 0 1 0 0.9999645 -0.008430421 0 -0.9999645 0.008430421 0 1 0 0 0 1 0 0 1 0 1 0 0 0 1 0 0 1 0 1 0 0 1 0 0.9396593 0.3420079 -0.008425295 0.9396924 0.3420208 0 0.9396936 0.3420174 -1.22904e-5 0 0 1 0 0 1 -0.9396839 -0.3419407 0.008413851 0 0 1 0 0 1 0 0 1 0 0 1 1 0 0 0 0 1 0 0 1 -0.196116 6.12101e-7 0.9805807 -0.196116 4.08067e-7 0.9805807 0 0 1 0 0 1 0 0 1 0 0 1 0 0 1 0 0 1 0 0 1 0 0 1 -0.1961161 4.08067e-7 0.9805807 -0.196116 2.04034e-7 0.9805807 -1 8.32296e-6 0 -1 8.32298e-6 0 0 0 1 0 0 1 0 0 1 0 0 1 0 0 1 0 0 1 0 0 1 0 0 1 0 0 1 0 0 1 0 0 1 0 0 1 0 0 1 0 0 1 0 0 1 0 0 1 0 0 1 0 0 1 0 0 1 0 0 1 0 0 1 0 0 1 0 0 1 0 1 0 0 0 1 0 0 1 0 0 1 0 0 1 0 0 1 -1 -3.03267e-6 0 0 0 1 0 0 1 0 0 1 0 0 1 0 0 1 0 0 1 0 1 0 0 0 1 0 0 1 0 1 0 0 1 0 0.2333728 0 0.9723874 0 0 1 0 0 1 0 0 1 0 1 0 0 0 1 0 0 1 0 0 1 -1 8.32297e-6 0 0 0 1 0 0 1 0 0 1 0 0 1 0 0 1 0 0 1 0.2333758 0 0.9723866 0.2333758 0 0.9723866 0 1 0 0 1 0 0 1 0 0 1 0 0 1 0 1 0 0 0 1 0 0 1 0 1 0 0 1 0 0 1 0 0 0 1 0 0 0 1 1 0 0 1.9074e-6 1 0 -3.05168e-5 1 0 0 1 0 -2.20593e-7 1 0 0 1 0 1.52579e-5 1 0 1 0 0 1 0 0 0 1 0 0.2333728 0 0.9723873 1 0 0 1.52589e-5 1 0 1 0 0 -1.52588e-5 1 0 1 0 0 -1 0 0 0 1 0 0 1 0 1 0 0 1 0 0 6.10351e-7 1 2.54313e-6 -1 0 0 -1 0 0 -1 -1.83111e-4 0 -1 0 0 -1 0 0 -1 -3.05185e-5 0 -1 8.32296e-6 0 -1 8.32297e-6 0 0 0 1 0 0 1 0 0 1 0 0 1 -1 0 0 -1 0 0 -1 0 0 0 0 1 -2.74656e-4 0.9999999 0 0 1 -1.58457e-5 0 1 -1.58457e-5 0 1 -1.58457e-5 0 1 -1.58457e-5 0 1 -1.58457e-5 0 1 -1.58457e-5 0 1 -1.58457e-5 0 1 -1.58457e-5 0 1 -1.58457e-5 0 1 -1.58457e-5 0 1 -1.58457e-5 0 1 -1.58457e-5 0 1 -1.58457e-5 0 1 -1.58457e-5 0 1 -1.58457e-5 0 1 -1.58457e-5 0 1 -1.58457e-5 0 1 -1.58457e-5 0 1 -1.58457e-5 0 1 -1.58457e-5 0 1 -1.58457e-5 0 1 -1.58457e-5 0 1 -1.58457e-5 0 1 -1.58457e-5 0 1 -1.58457e-5 -2.67033e-5 1 0 0 0 1 -1 0 0 1 0 0 0 0 1 -1 -1.83111e-4 0 0 0 1 0 0 1 -1.52588e-5 1 0 0 0 1 0 0 1 1 0 0 0 0 1 0 0 1 1.52589e-5 1 0 0 0 1 -1 -3.03267e-6 0 0 0 1 1 0 0 -1 0 0 0 0 1 1 -4.3754e-7 0 0.9396926 0.3420201 0 0 0 1 0 0 1 0 0 1 0 0 1 0 0 1 0 0 1 -1 0 0 0 0 1 0 0 1 0 0 1 0.9396911 0.3420246 3.58476e-5 0 0 1 0 0 1 0 0 1 0 1 0 0 0 1 0 0 1 0 0 1 -0.3420181 0.9396934 3.58465e-5 1 0 0 0 0 1 0 0 1 -1 8.32296e-6 0 -0.196116 4.08067e-7 0.9805807 1 -8.77387e-5 -4.38688e-4 -1 0 0 0 0 1 0 0 1 0 0 1 0 0 1 0 0 1 0 0 1 1 0 0 0 0 1 -2.28871e-5 0.9999645 -0.00843048 0 0 1 1.52579e-5 1 0 0 0 1 0 0 1 0.9396926 0.3420202 0 -0.9396935 -0.3420179 0 -0.3435915 0.9390814 -0.008428335 0 0 1 -0.9396821 -0.342049 0 0 0 1 0 1 0 0.939691 0.3420214 -0.001485407 0 0 1 0 0 1 0 0 1 -2.20593e-7 1 0 0.1842889 0.06707561 0.9805806 -1 0 0 0 0 1 0 0 1 0 0 1 -1 0 0 0 1 0 -1 0 0 -1 -3.05185e-5 0 0 0 1 0 0 1 1 0 -3.81468e-4 0 0 1 0 0 1 0 0 1 0 0 1 0 0 1 0 0 1 0 0 1 0 1 0 0 0 1 0 0 1 0.341829 -0.9397622 4.23704e-5 -0.001686751 -0.9999631 0.008427917 -0.1961161 -5.98513e-6 0.9805806 0 0 1 0 0 1 0.1842889 0.06707555 0.9805807 0.9396815 0.3420506 0 -0.3420487 0.9396823 -2.05326e-4 0 0 1 -0.9391118 -0.3436119 -4.80455e-6 0.2645279 -0.9643404 0.008523643 0 0 1 0 0.9999645 -0.008430421 0.9396815 0.3420506 0 -0.9999989 -3.05182e-5 -0.001487493 0 0 1 -0.9396919 -0.3420188 0.001485407 0.001685559 0.9999631 -0.008427917 0.3435914 -0.9390814 0.008428335 -8.76355e-5 -0.9999644 0.008430302 0 0 1 0 0 1 0.1842887 0.06707608 0.9805806 0.1842889 0.06707561 0.9805807 -0.9396926 -0.3420202 0 -0.3420261 0.9396905 0 0.9396942 0.3420159 0 -0.34202 0.9396927 0 0 0 1 0 0 1 -0.1961162 0 0.9805807 -0.1961161 1.49624e-6 0.9805807 -0.1961161 0 0.9805807 -0.1961162 0 0.9805807 0 0 1 0 0 1 -1 0 0 -1 0 0 0.7071028 0.7071109 0 0 0 1 0 0 1 0 0 1 0 0 1 0.001694202 -0.9999986 0 -3.05168e-5 1 0 0 0 1 1.52584e-5 1 0 0 0 1 0 0 1 0 0 1 1.43055e-6 1 0 0 0 1 7.62872e-6 1 0 -1 2.17797e-4 0 1 -2.10156e-4 1.90741e-5 0 0 1 0 0 1 0 0 1 1.9074e-6 1 0 0 0 1 0 0 1 0 0 1 -2.28892e-5 -1 0 7.62945e-6 0.9999648 -0.008392274 0 0 1 0 0 1 0 0 1 1 0 0 0 0 1 0 0 1 0 0 1 0 0 1 0 0 1 0 1 0 0 1 0 0 1 0 0 0 1 -0.1961161 0 0.9805807 -0.1961161 0 0.9805808 -0.196116 2.99247e-6 0.9805807 -0.1961161 0 0.9805807 0.001685559 0.9999631 -0.008427917 -0.1961161 -1.19701e-5 0.9805807 -0.001693546 -0.9999628 0.008466064 0 1 0 -0.1961158 6.12101e-7 0.9805807 0 0 1 0 0 1 0 0 1 0 0 1 0 0 1 1.90741e-6 1 0 0 0 1 1 0 0 0 0 1 0 0 1 0 0 1 0 0 1 -1.52587e-5 -1 0 -3.05172e-5 1 0 -1 -2.28882e-5 -2.28881e-4 -3.05172e-5 1 0 0 0 1 0 0 1 0 0 1 -1.90741e-6 -1 0 1.52584e-5 1 0 1.90741e-6 1 0 3.05193e-5 -1 0 1 0 0 0 1 0 0.554699 0 0.8320511 1 0 0 0 0 1 1 0 0 0 0 1 0 0 1 1 0 0 1 0 0 0 0 1 0 0 1 0 0 1 1 0 0 1 0 0 0 0 1 1 0 0 1 0 0 0 0 1 1 0 0 0 0 1 1 0 0 0 0 1 0 0 1 1 0 0 1 0 0 0 0 1 1 0 0 0 0 1 1 0 0 0 0 1 1 0 0 0 0 1 0 0 1 1 0 0 1 0 0 0 0 1 0 0 1 1 0 0 0 0 1 1 0 0 0 0 1 1 0 0 0 0 1 1 0 0 0 0 1 1 0 0 0 0 1 1 0 0 0 0 1 1 0 0 0.9396507 0.3420317 -0.008425354 1 0 0 0 0 1 1 0 0 0 0 1 0 0 1 -1.05621e-5 -1 0 -1.05634e-5 -1 0 -1.05615e-5 -1 0 -1.05615e-5 -1 0 -1.05609e-5 -1 0 -1.05616e-5 -1 0 -1.05599e-5 -1 0 -1.05609e-5 -1 0 -1.05609e-5 -1 0 -1.05609e-5 -1 0 -1.05609e-5 -1 0 -1.05609e-5 -1 0 -1.05609e-5 -1 0 6.76103e-4 -0.9999993 0.001029968 3.30566e-4 -0.9999998 4.95851e-4 6.76103e-4 -0.9999993 0.001029968 2.74657e-4 -1 0 6.76069e-4 -0.9999993 0.001029908 6.76082e-4 -0.9999993 0.001029968 6.76075e-4 -0.9999992 0.001029908 6.76074e-4 -0.9999993 0.001029908 6.76054e-4 -0.9999992 0.001029908 6.76095e-4 -0.9999993 0.001029968 6.76052e-4 -0.9999993 0.001029908 6.76095e-4 -0.9999993 0.001029968 6.76057e-4 -0.9999992 0.001029908 6.76085e-4 -0.9999992 0.001029968 -1 0 0 0 1 0 -0.5546989 0 0.8320512 1 0 0 -1 0 0 0 0 1 -1 0 0 0 0 1 0 0 1 -1 0 0 -1 0 0 0 0 1 0 0 1 0 0 1 -1 0 0 -1 0 0 0 0 1 -1 0 0 -1 0 0 0 0 1 -1 0 0 0 0 1 -1 0 0 0 0 1 0 0 1 -1 0 0 -1 0 0 0 0 1 -1 0 0 0 0 1 -1 0 0 0 0 1 -1 0 0 0 0 1 0 0 1 -1 0 0 -1 0 0 0 0 1 0 0 1 -1 0 0 0 0 1 -1 0 0 0 0 1 -1 0 0 0 0 1 -1 0 0 0 0 1 -1 0 0 0 0 1 -1 0 0 0 0 1 -1 0 0 -1 0 0 0 0 1 -1 0 0 0 0 1 0 0 1 1.05621e-5 -1 0 -3.30567e-4 -0.9999998 4.95853e-4 -2.74663e-4 -1 0 -6.76092e-4 -0.9999993 0.001029968 -6.7609e-4 -0.9999993 0.001029968 1.05634e-5 -1 0 1.05609e-5 -1 0 1.05615e-5 -1 0 1.05615e-5 -1 0 -6.7609e-4 -0.9999993 0.001029968 -6.76095e-4 -0.9999993 0.001029968 1.05599e-5 -1 0 1.05616e-5 -1 0 1.05609e-5 -1 0 1.05609e-5 -1 0 1.05609e-5 -1 0 1.05609e-5 -1 0 1.05592e-5 -1 0 1.05609e-5 -1 0 -6.76096e-4 -0.9999993 0.001029968 -6.76086e-4 -0.9999993 0.001029968 -6.76086e-4 -0.9999993 0.001029968 -6.76086e-4 -0.9999993 0.001029968 -6.76086e-4 -0.9999993 0.001029968 -6.76087e-4 -0.9999993 0.001029968 -6.75905e-4 -0.9999993 0.00102967 -6.76103e-4 -0.9999993 0.001029968 4.52733e-6 1 -2.26367e-5 4.52726e-6 1 -2.26364e-5 4.52731e-6 1 -2.26367e-5 4.52731e-6 1 -2.26367e-5 4.52732e-6 1 -2.26367e-5 4.52731e-6 1 -2.26367e-5 4.52732e-6 1 -2.26367e-5 2.74657e-4 1 0 4.52732e-6 1 -2.26367e-5 4.5273e-6 1 -2.26367e-5 4.52732e-6 1 -2.26367e-5 4.52732e-6 1 -2.26367e-5 4.52731e-6 1 -2.26367e-5 4.5273e-6 1 -2.26367e-5 4.5273e-6 1 -2.26367e-5 4.52732e-6 1 -2.26367e-5 4.52732e-6 1 -2.26367e-5 4.52731e-6 1 -2.26367e-5 4.52732e-6 1 -2.26367e-5 4.52732e-6 1 -2.26367e-5 4.52731e-6 1 -2.26367e-5 4.52731e-6 1 -2.26367e-5 4.52733e-6 1 -2.26367e-5 4.52731e-6 1 -2.26367e-5 4.52731e-6 1 -2.26367e-5 4.52732e-6 1 -2.26367e-5 -0.1897171 0.5212469 0.8320511 -0.3420203 0.9396926 0 -0.3420186 0.9396932 0 0 0 1 -0.3420206 0.9396924 0 0 0 1 0 0 1 -0.3420203 0.9396926 0 -0.3420186 0.9396932 0 0 0 1 0 0 1 0 0 1 -0.3420203 0.9396926 0 -0.3420203 0.9396926 0 0 0 1 -0.3420186 0.9396932 0 -0.3420203 0.9396926 0 0 0 1 -0.3420203 0.9396926 0 0 0 1 -0.3420203 0.9396926 0 0 0 1 0 0 1 -0.3420203 0.9396926 0 -0.3420206 0.9396924 0 0 0 1 -0.3420203 0.9396926 0 0 0 1 -0.3420203 0.9396926 0 0 0 1 -0.3420206 0.9396924 0 0 0 1 0 0 1 -0.3420186 0.9396932 0 -0.3420203 0.9396926 0 0 0 1 0 0 1 -0.3420203 0.9396926 0 0 0 1 -0.3420203 0.9396926 0 0 0 1 -0.3420203 0.9396926 0 0 0 1 -0.3420202 0.9396926 0 0 0 1 -0.3420202 0.9396926 0 0 0 1 -0.3420203 0.9396926 0 0 0 1 -0.3420203 0.9396926 0 -0.3420206 0.9396924 0 0 0 1 -0.3420206 0.9396924 0 0 0 1 0 0 1 -0.9396865 -0.3420372 -6.45395e-6 -0.9398075 -0.3417037 5.04651e-4 -0.9397855 -0.3417648 -1.30373e-5 -0.9399248 -0.3413801 0.001036584 -0.9399248 -0.3413801 0.001036584 -0.9396896 -0.3420286 3.30097e-6 -0.939689 -0.3420299 0 -0.9396941 -0.3420161 1.98033e-5 -0.9396941 -0.3420161 1.9597e-5 -0.9399323 -0.341359 0.001075267 -0.9399217 -0.3413885 0.001023411 -0.9399218 -0.3413881 0.001023411 -0.939692 -0.3420217 1.32003e-5 -0.9396732 -0.3420736 -6.47737e-5 -0.9396922 -0.3420214 1.32003e-5 -0.9399217 -0.3413883 0.001023352 -0.9399417 -0.341333 0.00111562 -0.9399188 -0.3413963 0.001010179 -0.9399188 -0.3413963 0.001010179 -0.9399188 -0.3413969 0.001010179 -0.9398952 -0.3414619 9.02389e-4 -0.9399213 -0.3413896 0.001020133 -0.9399213 -0.3413896 0.001020133 -0.939695 -0.3420135 2.63999e-5 -0.9396952 -0.3420128 2.63999e-5 -0.939692 -0.3420217 1.32003e-5 -0.9396613 -0.3421062 -1.18007e-4 0 0 1 0 0 1 0 0 1 1 0 0 1 0 0 0 0 1 0 0 1 0 0 1 0.9396962 0.3420103 0 0.9396641 0.3420988 0 8.26725e-7 -2.27142e-6 1 -0.9396952 -0.34201 0.001485288 0 1 0 0 0 1 0 0 1 0 0 1 0 0 1 0 0 1 0 0 1 0 0 1 0 0 1 0 0.9999645 -0.008430421 0 -0.9999645 0.008430421 0 1 0 0 0 1 0 0 1 0 1 0 0 0 1 0 0 1 0 1 0 0.001782417 0.9999629 -0.008427798 0.9396631 0.3421013 0 0.9396924 0.3420208 0 0.9396927 0.3420201 -1.53885e-5 0.9396927 0.3420201 -1.4779e-5 0.9396925 0.3420203 -2.04164e-5 0.9396924 0.3420206 -1.99085e-5 0.9396924 0.3420206 -1.99085e-5 0.9396929 0.3420195 -8.96389e-6 0.9397867 0.3417613 0 0.9396943 0.3420154 -1.53186e-5 0.9396927 0.3420198 -1.58693e-5 0.9396917 0.3420227 -1.67471e-5 0.9396928 0.3420197 -1.59471e-5 0.939693 0.3420192 -1.14778e-5 0.9396927 0.3420197 -1.5947e-5 0.9396927 0.3420197 -1.59344e-5 0.9396927 0.3420197 -1.57439e-5 0.9396924 0.3420209 -1.95022e-5 0.9396927 0.3420199 -1.56931e-5 0.9396927 0.3420199 -1.56931e-5 0.9396922 0.3420211 -1.90959e-5 0.9396935 0.3420179 -1.14778e-5 0.939692 0.3420221 -1.97561e-5 0.9396919 0.3420222 -1.73565e-5 0.9396927 0.3420199 -1.57439e-5 0.9396919 0.342022 -1.77501e-5 0.9396927 0.3420197 -1.60486e-5 0.939693 0.3420192 -1.47283e-5 0 0 1 0 0 1 -0.9396931 -0.3420155 0.001485347 0 0 1 0 0 1 0 0 1 0 0 1 1 0 0 0 0 1 0 0 1 -0.196116 7.14118e-7 0.9805807 -0.1961159 7.14118e-7 0.9805807 0 0 1 0 0 1 0 0 1 0 0 1 0 0 1 0 0 1 0 0 1 0 0 1 -0.196116 6.12101e-7 0.9805806 -0.196116 4.08067e-7 0.9805807 -1 8.32297e-6 0 -1 8.32297e-6 0 0 0 1 0 0 1 0 0 1 0 0 1 0 0 1 0 0 1 0 0 1 0 0 1 0 0 1 0 0 1 0 0 1 0 0 1 0 0 1 0 0 1 0 0 1 0 0 1 0 0 1 0 0 1 0 0 1 0 0 1 0 0 1 0 0 1 0 0 1 0 1 0 0 0 1 0 0 1 0 0 1 0 0 1 0 0 1 -1 -3.03267e-6 0 0 0 1 0 0 1 0 0 1 0 0 1 0 0 1 0 0 1 1.52588e-5 1 2.54313e-6 0 0 1 0 0 1 0 1 0 0 1 0 0.2333728 0 0.9723874 0 0 1 0 0 1 0 0 1 0 1 0 0 0 1 0 0 1 0 0 1 -1 8.32296e-6 0 0 0 1 0 0 1 0 0 1 0 0 1 0 0 1 0 0 1 0.2333758 0 0.9723866 0.2333758 0 0.9723866 0 1 0 0 1 0 0 1 0 0 1 0 1 0 0 0 1 0 0 1 0 1 0 0 1 0 0 1 0 0 0 1 0 0 0 1 1 0 0 1.9074e-6 1 0 -3.05168e-5 1 0 0 1 0 -2.20593e-7 1 0 0 1 0 1.52579e-5 1 0 1 0 0 1 0 0 0 1 0 0.2333728 0 0.9723873 1 0 0 1.52589e-5 1 0 1 0 0 -1.52588e-5 1 0 1 0 0 -1 0 0 0 1 0 1.52588e-5 1 4.124e-7 1 0 0 1 0 0 0 1 6.35775e-5 -1 0 0 -1 0 0 -1 -1.83111e-4 0 -1 0 0 -1 0 0 -1 -3.05185e-5 0 -1 8.32296e-6 0 -1 8.32298e-6 0 0 0 1 0 0 1 0 0 1 0 0 1 -1 0 0 -1 0 0 -1 0 0</float_array>
          <technique_common>
            <accessor source="#Cube-mesh-normals-array" count="1412" stride="3">
              <param name="X" type="float"/>
              <param name="Y" type="float"/>
              <param name="Z" type="float"/>
            </accessor>
          </technique_common>
        </source>
        <source id="Cube-mesh-map-0">
          <float_array id="Cube-mesh-map-0-array" count="8472">0.5 0.28125 0.5 0.25 0.5 0.25 0.5555557 0.3211805 0.5601853 0.3206018 0.625 0.328125 0.84375 0.59375 0.875 0.59375 0.84375 0.59375 0.5 0.5 0.5 0.375 0.5 0.3750001 0.5 0.25 0.4375 0.25 0.4375 0.25 0.5 0.625 0.4375 0.75 0.4375 0.625 0.5 0.625 0.5 0.75 0.5 0.625 0.5 0.1875 0.4375 0.25 0.4375 0.1875 0.5 0.25 0.5 0.1875 0.5 0.1875 0.5 0.5 0.5 0.375 0.5 0.375 0.375 0.25 0.4375 0.25 0.4375 0.25 0.5 0.5 0.5 0.5 0.5 0.5 0.5 0.5 0.5 0.5 0.5 0.5 0.375 0.5 0.4375 0.5 0.4375 0.5 0.5 0.25 0.5 0.25 0.5 0.25 0.5 0.25 0.5 0.25 0.5 0.25 0.5 0.34375 0.4375 0.375 0.4375 0.34375 0.5000001 0.08333331 0.5 0.125 0.5 0.08333331 0.5 0.08333331 0.4375 0.125 0.4375 0.08333331 0.5 0.625 0.5 0.59375 0.5 0.5937501 0.5 0.59375 0.4375 0.625 0.4375 0.59375 0.5 0 0.5 0.04166662 0.5 0.04166662 0.5 0.5 0.625 0.5 0.5 0.5 0.5 0.34375 0.5 0.375 0.5 0.34375 0.5 0.25 0.5 0.25 0.6875 0.375 0.8125 0.7083333 0.625 0.9375 0.625 0.9375 0 0 0 0 0 0 0.5 0.625 0.5 0.5937501 0.5 0.5937501 0.5 0.75 0.5 0.625 0.5 0.625 0 0 0.4375 0.5 0 0 0.5 0.75 0.5 0.625 0.5 0.625 0.5 0.5 0.5 0.5 0.5 0.5 0.5 0.25 0.5 0.25 0.5 0.25 0.5 0.25 0.5 0.25 0.5 0.25 0.5 0.25 0.4375 0.25 0.4375 0.25 0.4999999 0.5625 0.5 0.5 0.5 0.5 0.5 0.5937501 0.4999998 0.5625 0.4999999 0.5625 0.5 0.25 0.5 0.25 0.5 0.25 0.5 0.3359375 0.5 0.328125 0.5 0.328125 0.5 0.296875 0.5 0.3125 0.5 0.296875 0.5 0.125 0.5000001 0.08333331 0.5 0.08333331 0.5 0.25 0.5 0.25 0.5 0.25 0.375 0.25 0.4375 0.25 0.4375 0.25 0.5 0.25 0.5 0.1875 0.5 0.1875 0.5 0.1770833 0.5 0.1875 0.5000001 0.1770833 0.4999999 0.5625 0.5 0.5 0.5 0.5 0.5 0.328125 0.5 0.328125 0.5 0.328125 0.5 0.5 0.4375 0.5625 0.4375 0.5 0.5 0.5625 0.5 0.5 0.5 0.5 0.5 0.1875 0.5 0.1770833 0.5000001 0.1770833 0.5 0.1770833 0.4375 0.1875 0.4375 0.1770833 0.6145833 0.2291666 0.5 0.1875 0.5 0.1770833 0.8125 0.6666666 0.8125 0.7083333 0.8125 0.7083333 0.5 0.125 0.4375 0.15625 0.4375 0.125 0.5 0.15625 0.5 0.125 0.5 0.125 0.5 0.3750001 0.5 0.34375 0.5 0.34375 0.5 0.15625 0.5 0.125 0.5 0.125 0.5 0.5937501 0.5 0.5625 0.4999999 0.5625 0.5 0.5 0.5 0.375 0.5 0.46875 0.875 0.5833333 0.84375 0.59375 0.8437501 0.5833333 0.5 0.5625 0.4375 0.59375 0.4375 0.5625 0.5 0.5937501 0.5 0.5625 0.5 0.5625 0.625 0.25 0.625 0.28125 0.625 0.28125 0.5 0.296875 0.5 0.3125 0.5 0.296875 0.5 0.296875 0.4375 0.3125 0.4375 0.296875 0.7395833 0.5677083 0.8125 0.5625 0.8125 0.5729166 0.5 0.5 0.5 0.5 0.5 0.5 0.5 0.625 0.5 0.75 0.5 0.75 0.6250001 0.5625001 0.6250001 0.5625001 0.6250001 0.5625001 0.5 0.3182202 0.5 0.328125 0.5 0.3125 0.625 0.5 0.5 0.5 0.5 0.5 0.5092592 0.3269675 0.5 0.3125 0.5046296 0.3275463 0.5 0.34375 0.5 0.3359375 0.5 0.3359375 0.5 0.25 0.5 0.28125 0.5 0.25 0.5 0.34375 0.5000001 0.3359375 0.5 0.3359375 0.5000001 0.3359375 0.4375 0.34375 0.4375 0.3359375 0.5 0.5 0.5 0.5625 0.5 0.5625 0.5 0.28125 0.5 0.25 0.5 0.25 0.625 0.5 0.6250001 0.5625001 0.625 0.5 0.71875 0.578125 0.8125 0.625 0.71875 0.59375 0.4375 0.5 0.375 0.375 0.4375 0.375 0.5 0.5625 0.5 0.5625 0.5 0.5625 0.5 0.3125 0.5 0.3125 0.5 0.3125 0.5 0.3359375 0.5 0.3320313 0.5 0.3320313 0.5 0.04166662 0.5 0 0.5 0 0.5 0.08333331 0.5 0.04166662 0.5 0.04166662 0.5 0.08333331 0.5 0.125 0.5 0.125 0.59375 0.1875 0.5 0.15625 0.59375 0.1875 0.5 0 0.4375 0.04166662 0.4375 0 0.5 0.04166662 0.4375 0.08333331 0.4375 0.04166662 0.5 0.04166662 0.5 0 0.5 0 0.5000001 0.08333331 0.5 0.04166662 0.5 0.04166662 0.8125 0.625 0.8125 0.6666666 0.8125 0.6666666 0.71875 0.6145834 0.8125 0.625 0.8125 0.6666666 0.71875 0.6145834 0.8125 0.7083333 0.7187501 0.6354168 0.7187501 0.6354168 0.625 0.9375 0.625 0.84375 0.6953125 0.6171876 0.625 0.84375 0.625 0.8203125 0.6953125 0.6015626 0.7187501 0.6354168 0.6953125 0.6171876 0.6953125 0.5859375 0.71875 0.6145834 0.6953125 0.6015626 0.6953125 0.5742188 0.71875 0.59375 0.6953125 0.5859375 0.5 0.3125 0.4375 0.328125 0.4375 0.3125 0.5 0.328125 0.5 0.3125 0.5 0.3125 0.5 0.328125 0.5 0.3125 0.5 0.3125 0.84375 0.5625 0.84375 0.5 0.84375 0.5 0.75 0.3125 0.625 0.25 0.625 0.25 0.6875 0.375 0.5 0.1875 0.625 0.25 0.84375 0.5 0.875 0.5625 0.84375 0.5625 0.796875 0.5 0.8125 0.5625 0.796875 0.5625 0.5 0.5 0.5 0.5625 0.5 0.5625 0.5 0.25 0.4999999 0.28125 0.4999999 0.28125 0.5 0.25 0.5 0.25 0.5 0.25 0.625 0.5 0.6250001 0.5625001 0.625 0.5 0.875 0.5625 0.84375 0.5625 0.875 0.5625 0.625 0.5 0.6250001 0.5625001 0.6250001 0.5625001 0.828125 0.7083333 0.8125 0.75 0.8125 0.7083333 0.625 0.3125 0.625 0.328125 0.625 0.328125 0.5 0.25 0.4999999 0.28125 0.4999999 0.28125 0.5 0.25 0.5 0.1875 0.5 0.25 0.84375 0.5 0.875 0.5625 0.84375 0.5625 0.6250001 0.5625001 0.6250001 0.5625001 0.6250001 0.5625001 0.6875 0.375 0.5 0.25 0.6875 0.375 0.5 0.5625 0.5 0.5625 0.5 0.5625 0.8125 0.5625 0.75 0.5625 0.8125 0.5625 0.6250001 0.5625001 0.625 0.5 0.625 0.5 0.625 0.5 0.6250001 0.5625001 0.625 0.5 0.5 0.5625 0.5 0.5625 0.5 0.5625 0.5 0.5625 0.5 0.5625 0.5 0.5625 0.625 0.75 0.6250001 0.5625001 0.6250001 0.5625001 0.6250001 0.5625001 0.625 0.5 0.625 0.5 0.5 0.59375 0.5 0.625 0.5 0.625 0.5 0.5625 0.5 0.5625 0.5 0.5625 0.875 0.7083333 0.84375 0.75 0.8437501 0.7083333 0.875 0.59375 0.8437501 0.6250001 0.84375 0.59375 0.5 0.125 0.5625 0.125 0.5625 0.125 0.5625 0.125 0.5 0.15625 0.5 0.125 0.5625 0.125 0.5 0.125 0.5625 0.125 0.5 0.125 0.5625 0.125 0.5625 0.125 0.875 0.625 0.84375 0.6666666 0.8437501 0.6250001 0.875 0.6666666 0.8437501 0.7083333 0.84375 0.6666666 0.5 0.125 0.5 0.15625 0.5 0.15625 0.5 0.04166662 0.5 0.08333331 0.5 0.08333331 0.8125 0.625 0.8125 0.59375 0.8125 0.625 0.828125 0.6666666 0.8437501 0.7083333 0.828125 0.7083333 0.828125 0.625 0.84375 0.6666666 0.828125 0.6666666 0.84375 0.59375 0.828125 0.625 0.8281251 0.5937501 0.8437501 0.7083333 0.828125 0.75 0.828125 0.7083333 0.875 0.5625 0.84375 0.5625 0.875 0.5625 0.5 0.25 0.4375 0.28125 0.4375 0.25 0.5 0.28125 0.5 0.25 0.5 0.25 0.5 0.296875 0.5 0.3125 0.5 0.3125 0.8125 0.5833333 0.8281251 0.5937501 0.8125 0.59375 0.8281251 0.5833334 0.84375 0.59375 0.8281251 0.5937501 0.4999999 0.28125 0.5 0.25 0.5 0.25 0.8281251 0.5937501 0.84375 0.59375 0.8281251 0.5937501 0.84375 0.5 0.828125 0.5625 0.828125 0.5 0.8125 0.59375 0.8281251 0.5937501 0.8125 0.59375 0.828125 0.5 0.828125 0.5625 0.828125 0.5 0.84375 0.5625 0.84375 0.5 0.84375 0.5 0.8125 0.59375 0.828125 0.625 0.8125 0.625 0.8125 0.625 0.828125 0.6666666 0.8125 0.6666666 0.828125 0.6666666 0.8125 0.7083333 0.8125 0.6666666 0.5 0.28125 0.4375 0.296875 0.4375 0.28125 0.5 0.296875 0.5 0.28125 0.5 0.28125 0.4999999 0.28125 0.5 0.296875 0.5 0.28125 0.8125 0.5 0.828125 0.5625 0.8125 0.5625 0.8125 0.5625 0.828125 0.5625 0.828125 0.5625 0.625 0.296875 0.625 0.3125 0.625 0.3125 0.5 0.34375 0.5 0.3359375 0.5 0.3359375 0.5 0.3750001 0.5 0.34375 0.5 0.34375 0.5 0.3320313 0.5 0.3359375 0.5 0.3359375 0.375 0.5 0.4375 0.5 0.4375 0.5 0.5 0.5 0.5 0.5 0.5 0.5 0.5 0.25 0.5 0.25 0.5 0.25 0.5 0.5 0.5 0.5 0.5 0.5 0.5 0.5 0.5 0.3750001 0.5 0.3750001 0.5 0.25 0.5 0.25 0.5 0.25 0.4375 0.25 0.5 0.25 0.4375 0.25 0.375 0.25 0.4375 0.25 0.4375 0.25 0.375 0.25 0.4375 0.25 0.4375 0.25 0.5 0.25 0.5 0.25 0.5 0.25 0.5625 0.125 0.625 0.125 0.625 0.125 0.625 0.125 0.5625 0.125 0.625 0.125 0.625 0.125 0.59375 0.1875 0.5625 0.125 0.5625 0.125 0.625 0.125 0.625 0.125 0.875 0.5 0.6875 0.375 0.875 0.5 0.875 0.5 0.625 0.25 0.75 0.3125 0.625 0.25 0.5 0.1875 0.5 0.1875 0.6875 0.21875 0.59375 0.1875 0.6875 0.21875 0.7291666 0.28125 0.625 0.25 0.6145833 0.2291666 0.5 0.28125 0.5 0.296875 0.5 0.28125 0.5 0.28125 0.5 0.25 0.5 0.25 0.5 0.25 0.5 0.25 0.5 0.25 0.5 0.3359375 0.5 0.34375 0.5 0.3359375 0.5 0.34375 0.5 0.3750001 0.5 0.34375 0.4999999 0.28125 0.5 0.296875 0.5 0.296875 0.5 0.25 0.5 0.25 0.5 0.25 0.375 0.5 0.4375 0.5 0.4375 0.5 0.5 0.5 0.5 0.5 0.5 0.5 0.5 0.25 0.5 0.25 0.5 0.25 0.5 0.5 0.5 0.5 0.5 0.5 0.5 0.5 0.5 0.3750001 0.5 0.3750001 0.5 0.3125 0.5 0.296875 0.5 0.296875 0.5 0.25 0.4999999 0.28125 0.4999999 0.28125 0.5 0.25 0.5 0.25 0.5 0.25 0.5 0.25 0.4999999 0.28125 0.4999999 0.28125 0.5 0.28125 0.5 0.25 0.5 0.25 0.5 0.28125 0.5 0.296875 0.4999999 0.28125 0.5 0.296875 0.5 0.3125 0.5 0.296875 0.5 0.296875 0.5 0.28125 0.5 0.28125 0.5 0.296875 0.5 0.3125 0.5 0.3125 0.4999999 0.28125 0.5 0.296875 0.5 0.296875 0.5 0.25 0.5 0.28125 0.5 0.25 0.5092592 0.3269675 0.5046296 0.3275463 0.5 0.3125 0.5 0.3125 0.5 0.3125 0.5 0.328125 0.5 0.328125 0.5 0.328125 0.5 0.328125 0 0 0 0 0 0 0 0 0 0 0 0 0.5 0.3125 0.5 0.3125 0.5 0.3125 0.5 0.296875 0.5 0.3125 0.5 0.296875 0.5 0.3125 0.5 0.3125 0.5 0.3125 0.5 0.3125 0.5 0.3125 0.5 0.3125 0.5 0.3125 0.5 0.3125 0.5 0.3125 0.5 0.3125 0.5 0.3125 0.5 0.3125 0.5 0.3125 0.5 0.3124999 0.5 0.3125 0.5 0.3125 0.5 0.3125 0.5 0.3125 0.5 0.3125 0.5 0.3124999 0.5 0.3124999 0.5 0.3125 0.5 0.3124999 0.5 0.3124999 0.5 0.3125 0.5 0.3124999 0.5 0.3124999 0.5 0.3125 0.4999999 0.3125 0.5 0.3124999 0.5 0.3125 0.4999999 0.3125 0.4999999 0.3125 0.5 0.3125 0.4999999 0.3125 0.4999999 0.3125 0.5 0.3125 0.4999999 0.3125 0.4999999 0.3125 0.5 0.3125 0.4999999 0.3125 0.4999999 0.3125 0.5 0.3125 0.4999998 0.3125 0.4999999 0.3125 0.5 0.3125 0.4999999 0.3125 0.4999999 0.3125 0.5 0.3125 0.4999998 0.3125 0.4999998 0.3125 0.5 0.3125 0.4999998 0.3125 0.4999998 0.3125 0.5 0.3125 0.4999999 0.3125 0.4999999 0.3125 0.5 0.3125 0.4999999 0.3125 0.4999998 0.3125 0.5 0.3125 0.4999999 0.3125 0.4999999 0.3125 0.5 0.3125 0.4999998 0.3125 0.4999998 0.3125 0.5 0.3125 0.4999999 0.3125 0.4999999 0.3125 0.5 0.3125 0.4999999 0.3125 0.4999999 0.3125 0.5 0.3125 0.4999999 0.3125 0.4999999 0.3125 0.5 0.3125 0.4999999 0.3125 0.4999999 0.3125 0.5 0.3125 0.4999999 0.3124999 0.4999999 0.3125 0.5 0.3125 0.4999999 0.3125 0.4999999 0.3125 0.5 0.3125 0.4999999 0.3124999 0.4999999 0.3124999 0.5 0.3125 0.4999999 0.3124999 0.4999999 0.3124999 0.5 0.3125 0.4999999 0.3124999 0.4999999 0.3124999 0.5 0.3125 0.4999999 0.3124999 0.4999999 0.3124999 0.5 0.3125 0.5 0.3124999 0.5 0.3124999 0.5 0.3125 0.5 0.3124999 0.4999999 0.3124999 0.5 0.3125 0.4999999 0.3124999 0.4999999 0.3124999 0.5 0.3125 0.5 0.3124999 0.5 0.3124999 0.5 0.3125 0.5 0.3124999 0.5 0.3124999 0.5 0.3125 0.5 0.3124999 0.5 0.3124999 0.5 0.3125 0.5 0.3124999 0.5 0.3124999 0.5 0.3125 0.5 0.3124999 0.5 0.3124999 0.5 0.3125 0.5 0.3124999 0.5 0.3124999 0.5 0.3125 0.5 0.3124999 0.5 0.3124999 0.5 0.3125 0.5 0.3124999 0.5 0.3124999 0.5 0.3125 0.5 0.3124999 0.5 0.3124999 0.5 0.3125 0.5 0.3124999 0.5 0.3124999 0.5 0.3125 0.5 0.3124999 0.5 0.3124999 0.625 0.25 0.625 0.28125 0.625 0.28125 0.5 0.3125 0.5 0.3124999 0.5 0.3124999 0.5046296 0.3275463 0.5 0.328125 0.5 0.3125 0.5 0.3125 0.5 0.3124999 0.5 0.3124999 0.5 0.3125 0.5 0.3125 0.5 0.3124999 0.5 0.3125 0.5 0.3124999 0.5 0.3124999 0.5 0.3125 0.5 0.3125 0.5 0.3125 0.5 0.3229166 0.5 0.3234953 0.5 0.328125 0.5138889 0.3263888 0.5092592 0.3269675 0.5 0.3125 0.5185186 0.3258101 0.5138889 0.3263888 0.5 0.3125 0.5231482 0.3252314 0.5185186 0.3258101 0.5 0.3125 0.5277779 0.3246527 0.5231482 0.3252314 0.5 0.3125 0.5324075 0.324074 0.5277779 0.3246527 0.5 0.3125 0.5370372 0.3234953 0.5324075 0.324074 0.5 0.3125 0.5416668 0.3229166 0.5370372 0.3234953 0.5 0.3125 0.5462964 0.3223379 0.5416668 0.3229166 0.5 0.3125 0.550926 0.3217592 0.5462964 0.3223379 0.5 0.3125 0.5555557 0.3211805 0.550926 0.3217592 0.5 0.3125 0.5601853 0.3206018 0.5555557 0.3211805 0.5 0.3125 0.5648149 0.3200231 0.5601853 0.3206018 0.5 0.3125 0.5694445 0.3194444 0.5648149 0.3200231 0.5 0.3125 0.5740742 0.3188657 0.5694445 0.3194444 0.5 0.3125 0.5787038 0.318287 0.5740742 0.3188657 0.5 0.3125 0.5833334 0.3177083 0.5787038 0.318287 0.5 0.3125 0.587963 0.3171296 0.5833334 0.3177083 0.5 0.3125 0.5925926 0.3165509 0.587963 0.3171296 0.5 0.3125 0.5972223 0.3159722 0.5925926 0.3165509 0.5 0.3125 0.6018519 0.3153935 0.5972223 0.3159722 0.5 0.3125 0.6064816 0.3148148 0.6018519 0.3153935 0.5 0.3125 0.6111112 0.3142361 0.6064816 0.3148148 0.5 0.3125 0.6157409 0.3136574 0.6111112 0.3142361 0.5 0.3125 0.6203704 0.3130787 0.6157409 0.3136574 0.5 0.3125 0.625 0.3125 0.6203704 0.3130787 0.5 0.3125 0.5092592 0.3269675 0.5 0.3125 0.5046296 0.3275463 0.5046296 0.3275463 0.5 0.3125 0.5 0.328125 0.5138889 0.3263888 0.5 0.3125 0.5092592 0.3269675 0.5185186 0.3258101 0.5 0.3125 0.5138889 0.3263888 0.5231482 0.3252314 0.5 0.3125 0.5185186 0.3258101 0.5277779 0.3246527 0.5 0.3125 0.5231482 0.3252314 0.5324075 0.324074 0.5 0.3125 0.5277779 0.3246527 0.5370372 0.3234953 0.5 0.3125 0.5324075 0.324074 0.5416668 0.3229166 0.5 0.3125 0.5370372 0.3234953 0.5462964 0.3223379 0.5 0.3125 0.5416668 0.3229166 0.550926 0.3217592 0.5 0.3125 0.5462964 0.3223379 0.5555557 0.3211805 0.5 0.3125 0.550926 0.3217592 0.5601853 0.3206018 0.5 0.3125 0.5555557 0.3211805 0.5648149 0.3200231 0.5 0.3125 0.5601853 0.3206018 0.5694445 0.3194444 0.5 0.3125 0.5648149 0.3200231 0.5740742 0.3188657 0.5 0.3125 0.5694445 0.3194444 0.5787038 0.318287 0.5 0.3125 0.5740742 0.3188657 0.5833334 0.3177083 0.5 0.3125 0.5787038 0.318287 0.587963 0.3171296 0.5 0.3125 0.5833334 0.3177083 0.5925926 0.3165509 0.5 0.3125 0.587963 0.3171296 0.5972223 0.3159722 0.5 0.3125 0.5925926 0.3165509 0.6018519 0.3153935 0.5 0.3125 0.5972223 0.3159722 0.6064816 0.3148148 0.5 0.3125 0.6018519 0.3153935 0.6111112 0.3142361 0.5 0.3125 0.6064816 0.3148148 0.6157409 0.3136574 0.5 0.3125 0.6111112 0.3142361 0.6203704 0.3130787 0.5 0.3125 0.6157409 0.3136574 0.625 0.3125 0.5 0.3125 0.6203704 0.3130787 0.5092592 0.3269675 0.5 0.3125 0.5046296 0.3275463 0.5 0.3125 0.5 0.328125 0.5 0.3125 0.5 0.328125 0.5 0.328125 0.5 0.328125 0 0 0 0 0 0 0 0 0 0 0 0 0.5 0.3125 0.5 0.3125 0.5 0.3125 0.5 0.3125 0.5 0.3125 0.5 0.3125 0.5 0.3125 0.5 0.328125 0.5 0.328125 0.5 0.3125 0.5 0.3125 0.5 0.3125 0.5 0.3125 0.5 0.3125 0.5 0.3125 0.5 0.3125 0.5 0.3125 0.5 0.3125 0.5 0.3125 0.5 0.3125 0.5 0.3125 0.5 0.3124999 0.5 0.3125 0.5 0.3125 0.5 0.3125 0.5 0.3125 0.5 0.3125 0.5 0.3124999 0.5 0.3125 0.5 0.3124999 0.5 0.3124999 0.5 0.3125 0.5 0.3124999 0.5 0.3124999 0.5 0.3125 0.5 0.3124999 0.4999999 0.3125 0.5 0.3125 0.5 0.3124999 0.4999999 0.3125 0.5 0.3125 0.4999999 0.3125 0.4999999 0.3125 0.5 0.3125 0.4999999 0.3125 0.4999999 0.3125 0.5 0.3125 0.4999999 0.3125 0.4999999 0.3125 0.5 0.3125 0.4999999 0.3125 0.4999998 0.3125 0.5 0.3125 0.4999999 0.3125 0.4999999 0.3125 0.5 0.3125 0.4999999 0.3125 0.4999998 0.3125 0.5 0.3125 0.4999998 0.3125 0.4999998 0.3125 0.5 0.3125 0.4999998 0.3125 0.4999999 0.3125 0.5 0.3125 0.4999999 0.3125 0.4999999 0.3125 0.5 0.3125 0.4999998 0.3125 0.4999999 0.3125 0.5 0.3125 0.4999999 0.3125 0.4999998 0.3125 0.5 0.3125 0.4999998 0.3125 0.4999999 0.3125 0.5 0.3125 0.4999999 0.3125 0.4999999 0.3125 0.5 0.3125 0.4999999 0.3125 0.4999999 0.3125 0.5 0.3125 0.4999999 0.3125 0.4999999 0.3125 0.5 0.3125 0.4999999 0.3125 0.4999999 0.3124999 0.5 0.3125 0.4999999 0.3125 0.4999999 0.3125 0.5 0.3125 0.4999999 0.3125 0.4999999 0.3124999 0.5 0.3125 0.4999999 0.3124999 0.4999999 0.3124999 0.5 0.3125 0.4999999 0.3124999 0.4999999 0.3124999 0.5 0.3125 0.4999999 0.3124999 0.4999999 0.3124999 0.5 0.3125 0.4999999 0.3124999 0.5 0.3124999 0.5 0.3125 0.5 0.3124999 0.5 0.3124999 0.5 0.3125 0.4999999 0.3124999 0.4999999 0.3124999 0.5 0.3125 0.4999999 0.3124999 0.5 0.3124999 0.5 0.3125 0.5 0.3124999 0.5 0.3124999 0.5 0.3125 0.5 0.3124999 0.5 0.3124999 0.5 0.3125 0.5 0.3124999 0.5 0.3124999 0.5 0.3125 0.5 0.3124999 0.5 0.3124999 0.5 0.3125 0.5 0.3124999 0.5 0.3124999 0.5 0.3125 0.5 0.3124999 0.5 0.3124999 0.5 0.3125 0.5 0.3124999 0.5 0.3124999 0.5 0.3125 0.5 0.3124999 0.5 0.3124999 0.5 0.3125 0.5 0.3124999 0.5 0.3124999 0.5 0.3125 0.5 0.3124999 0.5 0.3124999 0.5 0.3125 0.5 0.3124999 0.5 0.3124999 0.5 0.3125 0.5 0.3124999 0.5046296 0.3275463 0.5 0.3125 0.5 0.328125 0.5 0.3124999 0.5 0.3125 0.5 0.3124999 0.5 0.3125 0.5 0.3125 0.5 0.3124999 0.5 0.3124999 0.5 0.3125 0.5 0.3124999 0.5 0.3125 0.5 0.3125 0.5 0.3125 0.5 0.328125 0.5 0.3211805 0.5 0.3206018 0.5138889 0.3263888 0.5 0.3125 0.5092592 0.3269675 0.5185186 0.3258101 0.5 0.3125 0.5138889 0.3263888 0.5231482 0.3252314 0.5 0.3125 0.5185186 0.3258101 0.5277779 0.3246527 0.5 0.3125 0.5231482 0.3252314 0.5324075 0.324074 0.5 0.3125 0.5277779 0.3246527 0.5370372 0.3234953 0.5 0.3125 0.5324075 0.324074 0.5416668 0.3229166 0.5 0.3125 0.5370372 0.3234953 0.5462964 0.3223379 0.5 0.3125 0.5416668 0.3229166 0.550926 0.3217592 0.5 0.3125 0.5462964 0.3223379 0.5555557 0.3211805 0.5 0.3125 0.550926 0.3217592 0.5601853 0.3206018 0.5 0.3125 0.5555557 0.3211805 0.5648149 0.3200231 0.5 0.3125 0.5601853 0.3206018 0.5694445 0.3194444 0.5 0.3125 0.5648149 0.3200231 0.5740742 0.3188657 0.5 0.3125 0.5694445 0.3194444 0.5787038 0.318287 0.5 0.3125 0.5740742 0.3188657 0.5833334 0.3177083 0.5 0.3125 0.5787038 0.318287 0.587963 0.3171296 0.5 0.3125 0.5833334 0.3177083 0.5925926 0.3165509 0.5 0.3125 0.587963 0.3171296 0.5972223 0.3159722 0.5 0.3125 0.5925926 0.3165509 0.6018519 0.3153935 0.5 0.3125 0.5972223 0.3159722 0.6064816 0.3148148 0.5 0.3125 0.6018519 0.3153935 0.6111112 0.3142361 0.5 0.3125 0.6064816 0.3148148 0.6157409 0.3136574 0.5 0.3125 0.6111112 0.3142361 0.6203704 0.3130787 0.5 0.3125 0.6157409 0.3136574 0.625 0.3125 0.5 0.3125 0.6203704 0.3130787 0.5092592 0.3269675 0.5046296 0.3275463 0.5 0.3125 0.5046296 0.3275463 0.5 0.328125 0.5 0.3125 0.5138889 0.3263888 0.5092592 0.3269675 0.5 0.3125 0.5185186 0.3258101 0.5138889 0.3263888 0.5 0.3125 0.5231482 0.3252314 0.5185186 0.3258101 0.5 0.3125 0.5277779 0.3246527 0.5231482 0.3252314 0.5 0.3125 0.5324075 0.324074 0.5277779 0.3246527 0.5 0.3125 0.5370372 0.3234953 0.5324075 0.324074 0.5 0.3125 0.5416668 0.3229166 0.5370372 0.3234953 0.5 0.3125 0.5462964 0.3223379 0.5416668 0.3229166 0.5 0.3125 0.550926 0.3217592 0.5462964 0.3223379 0.5 0.3125 0.5555557 0.3211805 0.550926 0.3217592 0.5 0.3125 0.5601853 0.3206018 0.5555557 0.3211805 0.5 0.3125 0.5648149 0.3200231 0.5601853 0.3206018 0.5 0.3125 0.5694445 0.3194444 0.5648149 0.3200231 0.5 0.3125 0.5740742 0.3188657 0.5694445 0.3194444 0.5 0.3125 0.5787038 0.318287 0.5740742 0.3188657 0.5 0.3125 0.5833334 0.3177083 0.5787038 0.318287 0.5 0.3125 0.587963 0.3171296 0.5833334 0.3177083 0.5 0.3125 0.5925926 0.3165509 0.587963 0.3171296 0.5 0.3125 0.5972223 0.3159722 0.5925926 0.3165509 0.5 0.3125 0.6018519 0.3153935 0.5972223 0.3159722 0.5 0.3125 0.6064816 0.3148148 0.6018519 0.3153935 0.5 0.3125 0.6111112 0.3142361 0.6064816 0.3148148 0.5 0.3125 0.6157409 0.3136574 0.6111112 0.3142361 0.5 0.3125 0.6203704 0.3130787 0.6157409 0.3136574 0.5 0.3125 0.625 0.3125 0.6203704 0.3130787 0.5 0.3125 0.6805557 0.3703705 0.6666668 0.3611112 0.6875 0.375 0 0 0 0 0 0 0.5 0.3125 0.5 0.3125 0.5 0.3125 0.5 0.3125 0.5 0.3125 0.5 0.3125 0.5 0.3125 0.5 0.3125 0.5 0.3125 0.5 0.3125 0.5 0.3125 0.5 0.3125 0.5 0.3125 0.5 0.3125 0.5 0.3125 0.5 0.3125 0.5 0.3125 0.5 0.3125 0.5 0.3124999 0.5 0.3125 0.5 0.3125 0.5 0.3124999 0.5 0.3125 0.5 0.3124999 0.5 0.3124999 0.5 0.3125 0.5 0.3124999 0.5 0.3124999 0.5 0.3125 0.5 0.3124999 0.4999999 0.3125 0.5 0.3125 0.4999999 0.3125 0.4999999 0.3125 0.5 0.3125 0.5 0.3124999 0.4999999 0.3125 0.5 0.3125 0.4999999 0.3125 0.4999999 0.3125 0.5 0.3125 0.4999999 0.3125 0.4999999 0.3125 0.5 0.3125 0.4999999 0.3125 0.4999998 0.3125 0.5 0.3125 0.4999999 0.3125 0.4999999 0.3125 0.5 0.3125 0.4999999 0.3125 0.4999998 0.3125 0.5 0.3125 0.4999998 0.3125 0.4999998 0.3125 0.5 0.3125 0.4999998 0.3125 0.4999999 0.3125 0.5 0.3125 0.4999998 0.3125 0.4999999 0.3125 0.5 0.3125 0.4999999 0.3125 0.4999998 0.3125 0.5 0.3125 0.4999998 0.3125 0.4999999 0.3125 0.5 0.3125 0.4999999 0.3125 0.4999999 0.3125 0.5 0.3125 0.4999999 0.3125 0.4999999 0.3125 0.5 0.3125 0.4999999 0.3125 0.4999999 0.3125 0.5 0.3125 0.4999999 0.3125 0.4999999 0.3125 0.5 0.3125 0.4999999 0.3125 0.4999999 0.3124999 0.5 0.3125 0.4999999 0.3125 0.4999999 0.3125 0.5 0.3125 0.4999999 0.3125 0.4999999 0.3124999 0.5 0.3125 0.4999999 0.3124999 0.4999999 0.3124999 0.5 0.3125 0.4999999 0.3124999 0.4999999 0.3124999 0.5 0.3125 0.4999999 0.3124999 0.4999999 0.3124999 0.5 0.3125 0.4999999 0.3124999 0.5 0.3124999 0.5 0.3125 0.4999999 0.3124999 0.5 0.3124999 0.5 0.3125 0.5 0.3124999 0.4999999 0.3124999 0.5 0.3125 0.4999999 0.3124999 0.5 0.3124999 0.5 0.3125 0.5 0.3124999 0.5 0.3124999 0.5 0.3125 0.5 0.3124999 0.5 0.3124999 0.5 0.3125 0.5 0.3124999 0.5 0.3124999 0.5 0.3125 0.5 0.3124999 0.5 0.3124999 0.5 0.3125 0.5 0.3124999 0.5 0.3124999 0.5 0.3125 0.5 0.3124999 0.5 0.3124999 0.5 0.3125 0.5 0.3124999 0.5 0.3124999 0.5 0.3125 0.5 0.3124999 0.5 0.3124999 0.5 0.3125 0.5 0.3124999 0.5 0.3124999 0.5 0.3125 0.5 0.3124999 0.5 0.3124999 0.5 0.3125 0.5 0.3124999 0.5 0.3124999 0.5 0.3125 0.5 0.3124999 0.5 0.3124999 0.5 0.3125 0.5 0.3124999 0.5 0.3125 0.5 0.3125 0.5 0.3124999 0.5046296 0.3275463 0.5 0.3125 0.5 0.328125 0.5 0.3124999 0.5 0.3125 0.5 0.3124999 0.5 0.3125 0.5 0.3125 0.5 0.3125 0.5 0.3125 0.5 0.3125 0.5 0.3125 0.5 0.328125 0.5 0.3125 0.5 0.328125 0.5 0.318287 0.5 0.3177083 0 0 0.5138889 0.3263888 0.5 0.3125 0.5092592 0.3269675 0.5185186 0.3258101 0.5 0.3125 0.5138889 0.3263888 0.5231482 0.3252314 0.5 0.3125 0.5185186 0.3258101 0.5277779 0.3246527 0.5 0.3125 0.5231482 0.3252314 0.5324075 0.324074 0.5 0.3125 0.5277779 0.3246527 0.5370372 0.3234953 0.5 0.3125 0.5324075 0.324074 0.5416668 0.3229166 0.5 0.3125 0.5370372 0.3234953 0.5462964 0.3223379 0.5 0.3125 0.5416668 0.3229166 0.550926 0.3217592 0.5 0.3125 0.5462964 0.3223379 0.5555557 0.3211805 0.5 0.3125 0.550926 0.3217592 0.5601853 0.3206018 0.5 0.3125 0.5555557 0.3211805 0.5648149 0.3200231 0.5 0.3125 0.5601853 0.3206018 0.5694445 0.3194444 0.5 0.3125 0.5648149 0.3200231 0.5740742 0.3188657 0.5 0.3125 0.5694445 0.3194444 0.5787038 0.318287 0.5 0.3125 0.5740742 0.3188657 0.5833334 0.3177083 0.5 0.3125 0.5787038 0.318287 0.587963 0.3171296 0.5 0.3125 0.5833334 0.3177083 0.5925926 0.3165509 0.5 0.3125 0.587963 0.3171296 0.5972223 0.3159722 0.5 0.3125 0.5925926 0.3165509 0.6018519 0.3153935 0.5 0.3125 0.5972223 0.3159722 0.6064816 0.3148148 0.5 0.3125 0.6018519 0.3153935 0.6111112 0.3142361 0.5 0.3125 0.6064816 0.3148148 0.6157409 0.3136574 0.5 0.3125 0.6111112 0.3142361 0.6203704 0.3130787 0.5 0.3125 0.6157409 0.3136574 0.625 0.3125 0.5 0.3125 0.6203704 0.3130787 0.5092592 0.3269675 0.5046296 0.3275463 0.5 0.3125 0.5046296 0.3275463 0.5 0.328125 0.5 0.3125 0.5138889 0.3263888 0.5092592 0.3269675 0.5 0.3125 0.5185186 0.3258101 0.5138889 0.3263888 0.5 0.3125 0.5231482 0.3252314 0.5185186 0.3258101 0.5 0.3125 0.5277779 0.3246527 0.5231482 0.3252314 0.5 0.3125 0.5324075 0.324074 0.5277779 0.3246527 0.5 0.3125 0.5370372 0.3234953 0.5324075 0.324074 0.5 0.3125 0.5416668 0.3229166 0.5370372 0.3234953 0.5 0.3125 0.5462964 0.3223379 0.5416668 0.3229166 0.5 0.3125 0.550926 0.3217592 0.5462964 0.3223379 0.5 0.3125 0.5555557 0.3211805 0.550926 0.3217592 0.5 0.3125 0.5601853 0.3206018 0.5555557 0.3211805 0.5 0.3125 0.5648149 0.3200231 0.5601853 0.3206018 0.5 0.3125 0.5694445 0.3194444 0.5648149 0.3200231 0.5 0.3125 0.5740742 0.3188657 0.5694445 0.3194444 0.5 0.3125 0.5787038 0.318287 0.5740742 0.3188657 0.5 0.3125 0.5833334 0.3177083 0.5787038 0.318287 0.5 0.3125 0.587963 0.3171296 0.5833334 0.3177083 0.5 0.3125 0.5925926 0.3165509 0.587963 0.3171296 0.5 0.3125 0.5972223 0.3159722 0.5925926 0.3165509 0.5 0.3125 0.6018519 0.3153935 0.5972223 0.3159722 0.5 0.3125 0.6064816 0.3148148 0.6018519 0.3153935 0.5 0.3125 0.6111112 0.3142361 0.6064816 0.3148148 0.5 0.3125 0.6157409 0.3136574 0.6111112 0.3142361 0.5 0.3125 0.6203704 0.3130787 0.6157409 0.3136574 0.5 0.3125 0.625 0.3125 0.6203704 0.3130787 0.5 0.3125 0.5 0.5 0.5 0.4824552 0.5 0.484375 0.5 0.5 0.5 0.5 0.5 0.5 0.5 0.5 0.5 0.5 0.5 0.5 0.375 0.5 0.4375 0.5 0.4375 0.5 0.375 0.5 0.4375 0.5 0.4375 0.5 0.5 0.5 0.5 0.5 0.5 0.5 0.5 0.5 0.5 0.5 0.5 0.5 0.5 0.5 0.5 0.484375 0.5 0.5 0.4999999 0.28125 0.5 0.5 0.4999999 0.28125 0.4999999 0.28125 0.625 0.5 0.625 0.5 0.4999999 0.28125 0.6250001 0.5625001 0.625 0.5 0.5 0.28125 0.6250001 0.5625001 0.5 0.28125 0.5 0.3320313 0.4375 0.3359375 0.4375 0.3320313 0.5 0.3359375 0.5 0.3320313 0.5 0.3320312 0.5 0.3359375 0.5 0.3320312 0.5 0.3320313 0.75 0.5625 0.5 0.3359375 0.625 0.328125 0.6250001 0.5625001 0.671875 0.578125 0.6250001 0.5625001 0.6250001 0.5625001 0.671875 0.5885418 0.6250001 0.5625001 0.6250001 0.5625001 0.6718751 0.5989584 0.6250001 0.5625001 0.6250001 0.5625001 0.625 0.796875 0.625 0.75 0.796875 0.5625 0.796875 0.5 0.796875 0.5 0.625 0.328125 0.625 0.328125 0.625 0.328125 0.75 0.5625 0.75 0.5625 0.75 0.5625 0.625 0.328125 0.5 0.328125 0.5 0.328125 0.5 0.328125 0.5 0.3320312 0.5 0.328125 0.5 0.3320312 0.5 0.328125 0.5 0.328125 0.5 0.328125 0.4375 0.3320313 0.4375 0.328125 0.5 0.328125 0.5 0.3320313 0.5 0.328125 0.5 0.328125 0.5 0.3125 0.5 0.328125 0.625 0.328125 0.5 0.328125 0.5 0.328125 0.625 0.328125 0.625 0.328125 0.625 0.328125 0.5 0.328125 0.625 0.25 0.625 0.25 0.5 0.3359375 0.5 0.328125 0.5 0.328125 0.5 0.328125 0.259259 0.1701387 0.2777776 0.1822915 0.5 0.328125 0.5 0.3359375 0.5 0.328125 0.875 0.5625 0 0 0.75 0.5625 0.875 0.5625 0.75 0.5625 0.875 0.5625 0.5 0.5 0.5 0.5 0.5 0.5 0.5 0.5 0.5 0.3750001 0.5 0.3750001 0.5 0.5 0.5 0.5 0.5 0.5 0.5 0.5 0.5 0.5 0.5 0.5 0.375 0.5 0.4375 0.5 0.4375 0.5 0.5 0.3750001 0.5 0.34375 0.5 0.328125 0.5 0.328125 0.5 0.3320313 0.5 0.328125 0.6875 0.21875 0.6041667 0.2083333 0.59375 0.1875 0.7083333 0.25 0.6145833 0.2291666 0.6041667 0.2083333 0.828125 0.5625 0.8437499 0.5729166 0.828125 0.5729166 0.828125 0.5729166 0.8437501 0.5833333 0.8281251 0.5833334 0.8125 0.5625 0.828125 0.5729166 0.8125 0.5729166 0.8125 0.5729166 0.8281251 0.5833334 0.8125 0.5833333 0.71875 0.578125 0.8125 0.5833333 0.8125 0.59375 0.7291666 0.5729166 0.8125 0.5729166 0.8125 0.5833333 0.875 0.5625 0.8437499 0.5729166 0.84375 0.5625 0.875 0.5729166 0.8437501 0.5833333 0.8437499 0.5729166 0.59375 0.1875 0.5 0.1666666 0.5 0.15625 0.6041667 0.2083333 0.5 0.1770833 0.5 0.1666666 0.4375 0.15625 0.5 0.1666666 0.4375 0.1666666 0.4375 0.1666666 0.5 0.1770833 0.4375 0.1770833 0.5 0.1666666 0.5 0.15625 0.5 0.15625 0.5000001 0.1770833 0.5 0.1666666 0.5 0.1666666 0.5 0.15625 0.5 0.1666666 0.5 0.15625 0.5 0.1666666 0.5000001 0.1770833 0.5 0.1666666 0.5 0.28125 0.671875 0.5703125 0.6250001 0.5625001 0.671875 0.5703125 0.6953125 0.5859375 0.671875 0.578125 0.671875 0.578125 0.6953125 0.6015626 0.671875 0.5885418 0.671875 0.5885418 0.6953125 0.6171876 0.6718751 0.5989584 0.6718751 0.5989584 0.625 0.8203125 0.625 0.796875 0.5 0.28125 0.6953125 0.5742188 0.671875 0.5703125 0.71875 0.578125 0.84375 0.5625 0.7291666 0.5729166 0.875 0.5625 0.7291666 0.5729166 0.84375 0.5625 0.7395833 0.5677083 0.75 0.5625 0.75 0.5625 0.5 0.5 0.5 0.5 0.5 0.5 0.5 0.5 0.5 0.5 0.5 0.5 0.5 0.5 0.5 0.5 0.5 0.5 0.5 0.5 0.5 0.5 0.5 0.5 0.5 0.5 0.5 0.5 0.5 0.5 0.5 0.5 0.5 0.5 0.5 0.5 0.5 0.59375 0.5 0.5625 0.5 0.5625 0.5 0.5625 0.5 0.5 0.5 0.5 0.5 0.5 0.5 0.5 0.5 0.5 0.5 0.75 0.5 0.625 0.5 0.625 0.5 0.5 0.4375 0.5 0.4375 0.5 0.5 0.5 0.5 0.5 0.5 0.5 0.5 0.625 0.4999999 0.59375 0.5 0.59375 0.5 0.5 0.5 0.5 0.5 0.5 0.5 0.5 0.5 0.5 0.5 0.5 0.5 0.5 0.5 0.5 0.5 0.5 0.4375 0.08333331 0.375 0.125 0.375 0.08333331 0.5 0.5 0.5 0.5 0.5 0.5 0.5 0.5 0.5 0.5 0.5 0.5 0.4999999 0.59375 0.4999999 0.5625 0.5 0.5625 0.5 0.5625 0.5 0.5 0.5 0.5 0.5 0.5 0.5 0.5 0.5 0.5 0.5 0.75 0.5 0.625 0.5 0.625 0.5 0.5 0.4375 0.5 0.4375 0.5 0.5 0.5 0.5 0.5 0.5 0.5 0.4999999 0.59375 0.5 0.625 0.5 0.5937501 0.5 0.5 0.4375 0.5 0.4375 0.5 0.5 0.5 0.4375 0.5 0.4375 0.5 0.4375 0.5 0.5 0.5 0.5 0.5 0.5 0.5 0.5 0.5 0.5 0.5 0.5 0.5 0.5 0.5 0.5 0.5 0.5 0.5937501 0.5 0.625 0.5 0.5937501 0.4375 0.5 0.5 0.5 0.4375 0.5 0.5 0.5 0.5 0.5 0.5 0.5 0.5 0.5 0.5 0.5 0.5 0.5 0.5 0.5 0.5 0.5 0.5 0.5 0.375 0.1770833 0.4375 0.1875 0.375 0.1875 0.5 0.5 0.5 0.5 0.5 0.5 0.5 0.5 0.5 0.5 0.5 0.5 0.5 0.5937501 0.4999999 0.5625 0.4999998 0.5625 0.4999998 0.5625 0.5 0.5 0.5 0.5 0.5 0.75 0.5 0.625 0.5 0.625 0.5 0.625 0.5 0.5937501 0.5 0.5937501 0.4375 0.5 0.4375 0.5 0.4375 0.5 0.4375 0.5 0.4375 0.5 0.4375 0.5 0.4375 0.5 0.5 0.5 0.5 0.5 0.4375 0.5 0.375 0.5 0.375 0.5 0.4375 0.5 0.375 0.5 0.375 0.5 0.4375 0.5 0.375 0.5 0.375 0.5 0.4375 0.5 0.375 0.5 0.375 0.5 0.4375 0.5 0.5 0.5 0.5 0.5 0.4375 0.328125 0.375 0.3320313 0.375 0.328125 0.4375 0.3320313 0.375 0.3359375 0.375 0.3320313 0.4375 0.5 0.5 0.5 0.5 0.5 0.4375 0.5 0.5 0.5 0.5 0.5 0.4375 0.5 0.5 0.5 0.5 0.5 0.4375 0.25 0.5 0.25 0.5 0.25 0.5 0.25 0.5 0.25 0.5 0.25 0.4375 0.5 0.5 0.5 0.5 0.5 0.4375 0.28125 0.375 0.296875 0.375 0.28125 0.4375 0.25 0.375 0.28125 0.375 0.25 0.4375 0.3125 0.375 0.328125 0.375 0.3125 0.5 0.5 0.4375 0.375 0.5 0.375 0.4375 0.3359375 0.375 0.34375 0.375 0.3359375 0.4375 0.296875 0.375 0.3125 0.375 0.296875 0.4375 0.5625 0.375 0.59375 0.375 0.5625 0.4375 0.5 0.375 0.5625 0.375 0.5 0.4375 0.25 0.5 0.25 0.5 0.25 0.4375 0.5 0.5 0.5 0.5 0.5 0.4375 0.59375 0.375 0.625 0.375 0.59375 0.4375 0.34375 0.375 0.375 0.375 0.34375 0.4375 0.5 0.5 0.5 0.5 0.5 0.4375 0.25 0.5 0.25 0.5 0.25 0.4375 0.625 0.375 0.75 0.375 0.625 0.4375 0.25 0.375 0.25 0.375 0.25 0.4375 0.5 0.375 0.5 0.375 0.5 0.4375 0.5 0.375 0.5 0.375 0.5 0.375 0.5 0.4375 0.5 0.4375 0.5 0.375 0.5 0.4375 0.5 0.4375 0.5 0 0 0 0 0 0 0.4375 0.25 0.375 0.25 0.375 0.25 0.4375 0.25 0.375 0.25 0.375 0.25 0.4375 0.1875 0.375 0.25 0.375 0.1875 0.4375 0.125 0.375 0.15625 0.375 0.125 0.4375 0 0.375 0.04166662 0.375 0 0.4375 0.04166662 0.375 0.08333331 0.375 0.04166662 0.4375 0.15625 0.375 0.1666666 0.375 0.15625 0.375 0.1666666 0.4375 0.1770833 0.375 0.1770833 0.5 0.25 0.5 0.25 0.5 0.25 0.5 0.5 0.5 0.5 0.5 0.5 0.5 0.5 0.5 0.5 0.5 0.5 0.5 0.5 0.5 0.5 0.5 0.5 0.5 0.25 0.4375 0.25 0.4375 0.25 0.5 0.25 0.4375 0.25 0.4375 0.25 0.4375 0.25 0.375 0.25 0.375 0.25 0.5 0.28125 0.5 0.28125 0.5 0.25 0.625 0.328125 0.5 0.328125 0.5046296 0.3275463 0.5092592 0.3269675 0.5138889 0.3263888 0.625 0.328125 0.5138889 0.3263888 0.5185186 0.3258101 0.625 0.328125 0.625 0.328125 0.5046296 0.3275463 0.5092592 0.3269675 0.6203704 0.3130787 0.625 0.3125 0.625 0.328125 0.6111112 0.3142361 0.6157409 0.3136574 0.625 0.328125 0.6157409 0.3136574 0.6203704 0.3130787 0.625 0.328125 0.6018519 0.3153935 0.6064816 0.3148148 0.625 0.328125 0.6064816 0.3148148 0.6111112 0.3142361 0.625 0.328125 0.5925926 0.3165509 0.5972223 0.3159722 0.625 0.328125 0.5972223 0.3159722 0.6018519 0.3153935 0.625 0.328125 0.5231482 0.3252314 0.5277779 0.3246527 0.625 0.328125 0.5277779 0.3246527 0.5324075 0.324074 0.625 0.328125 0.625 0.328125 0.5185186 0.3258101 0.5231482 0.3252314 0.587963 0.3171296 0.5925926 0.3165509 0.625 0.328125 0.625 0.328125 0.5324075 0.324074 0.5370372 0.3234953 0.5833334 0.3177083 0.587963 0.3171296 0.625 0.328125 0.5694445 0.3194444 0.5740742 0.3188657 0.625 0.328125 0.5740742 0.3188657 0.5787038 0.318287 0.625 0.328125 0.5787038 0.318287 0.5833334 0.3177083 0.625 0.328125 0.625 0.328125 0.5370372 0.3234953 0.5416668 0.3229166 0.5416668 0.3229166 0.5462964 0.3223379 0.625 0.328125 0.5462964 0.3223379 0.550926 0.3217592 0.625 0.328125 0.550926 0.3217592 0.5555557 0.3211805 0.625 0.328125 0.5648149 0.3200231 0.5694445 0.3194444 0.625 0.328125 0.5601853 0.3206018 0.5648149 0.3200231 0.625 0.328125 0.84375 0.59375 0.875 0.59375 0.875 0.59375 0.5 0.5 0.5 0.5 0.5 0.375 0.5 0.25 0.5 0.25 0.4375 0.25 0.5 0.625 0.5 0.75 0.4375 0.75 0.5 0.625 0.5 0.75 0.5 0.75 0.5 0.1875 0.5 0.25 0.4375 0.25 0.5 0.25 0.5 0.25 0.5 0.1875 0.5 0.5 0.5 0.5 0.5 0.375 0.375 0.25 0.375 0.25 0.4375 0.25 0.5 0.5 0.5 0.5 0.5 0.5 0.5 0.5 0.5 0.5 0.5 0.5 0.375 0.5 0.375 0.5 0.4375 0.5 0.5 0.25 0.5 0.25 0.5 0.25 0.5 0.25 0.5 0.25 0.5 0.25 0.5 0.34375 0.5 0.375 0.4375 0.375 0.5000001 0.08333331 0.5 0.125 0.5 0.125 0.5 0.08333331 0.5 0.125 0.4375 0.125 0.5 0.625 0.5 0.625 0.5 0.59375 0.5 0.59375 0.5 0.625 0.4375 0.625 0.5 0 0.5 0 0.5 0.04166662 0.5 0.34375 0.5 0.375 0.5 0.375 0.8125 0.7083333 0.8125 0.7083333 0.625 0.9375 0 0 0 0 0 0 0.5 0.625 0.5 0.625 0.5 0.5937501 0.5 0.75 0.5 0.75 0.5 0.625 0.5 0.75 0.5 0.75 0.5 0.625 0.5 0.5 0.5 0.5 0.5 0.5 0.5 0.25 0.5 0.25 0.5 0.25 0.5 0.25 0.5 0.25 0.5 0.25 0.5 0.25 0.5 0.25 0.4375 0.25 0.4999999 0.5625 0.4999998 0.5625 0.5 0.5 0.5 0.5937501 0.5 0.5937501 0.4999998 0.5625 0.5 0.25 0.5 0.25 0.5 0.25 0.5 0.3359375 0.5 0.3359375 0.5 0.328125 0.5 0.296875 0.5 0.3125 0.5 0.3125 0.5 0.125 0.5 0.125 0.5000001 0.08333331 0.5 0.25 0.5 0.25 0.5 0.25 0.375 0.25 0.375 0.25 0.4375 0.25 0.5 0.25 0.5 0.25 0.5 0.1875 0.5 0.1770833 0.5 0.1875 0.5 0.1875 0.4999999 0.5625 0.5 0.5625 0.5 0.5 0.5 0.328125 0.5 0.328125 0.5 0.328125 0.5 0.5 0.5 0.5625 0.4375 0.5625 0.5 0.5625 0.5 0.5625 0.5 0.5 0.5 0.1875 0.5 0.1875 0.5 0.1770833 0.5 0.1770833 0.5 0.1875 0.4375 0.1875 0.6145833 0.2291666 0.625 0.25 0.5 0.1875 0.8125 0.6666666 0.8125 0.6666666 0.8125 0.7083333 0.5 0.125 0.5 0.15625 0.4375 0.15625 0.5 0.15625 0.5 0.15625 0.5 0.125 0.5 0.3750001 0.5 0.375 0.5 0.34375 0.5 0.15625 0.5 0.15625 0.5 0.125 0.5 0.5937501 0.5 0.5937501 0.5 0.5625 0.5 0.5 0.5 0.5 0.5 0.375 0.875 0.5833333 0.875 0.59375 0.84375 0.59375 0.5 0.5625 0.5 0.59375 0.4375 0.59375 0.5 0.5937501 0.5 0.59375 0.5 0.5625 0.625 0.25 0.625 0.25 0.625 0.28125 0.5 0.296875 0.5 0.3125 0.5 0.3125 0.5 0.296875 0.5 0.3125 0.4375 0.3125 0.7395833 0.5677083 0.75 0.5625 0.8125 0.5625 0.5 0.5 0.5 0.5 0.5 0.5 0.5 0.625 0.5 0.625 0.5 0.75 0.6250001 0.5625001 0.6250001 0.5625001 0.6250001 0.5625001 0.625 0.5 0.625 0.5 0.5 0.5 0.5 0.34375 0.5 0.34375 0.5 0.3359375 0.5 0.25 0.5 0.28125 0.5 0.28125 0.5 0.34375 0.5 0.34375 0.5000001 0.3359375 0.5000001 0.3359375 0.5 0.34375 0.4375 0.34375 0.5 0.5 0.5 0.5 0.5 0.5625 0.5 0.28125 0.4999999 0.28125 0.5 0.25 0.625 0.5 0.6250001 0.5625001 0.6250001 0.5625001 0.71875 0.578125 0.8125 0.59375 0.8125 0.625 0.4375 0.5 0.375 0.5 0.375 0.375 0.5 0.5625 0.5 0.5625 0.5 0.5625 0.5 0.3125 0.5 0.3125 0.5 0.3125 0.5 0.3359375 0.5 0.3359375 0.5 0.3320313 0.5 0.04166662 0.5 0.04166662 0.5 0 0.5 0.08333331 0.5000001 0.08333331 0.5 0.04166662 0.5 0.08333331 0.5 0.08333331 0.5 0.125 0.59375 0.1875 0.5 0.15625 0.5 0.15625 0.5 0 0.5 0.04166662 0.4375 0.04166662 0.5 0.04166662 0.5 0.08333331 0.4375 0.08333331 0.5 0.04166662 0.5 0.04166662 0.5 0 0.5000001 0.08333331 0.5 0.08333331 0.5 0.04166662 0.8125 0.625 0.8125 0.625 0.8125 0.6666666 0.71875 0.6145834 0.71875 0.59375 0.8125 0.625 0.71875 0.6145834 0.8125 0.6666666 0.8125 0.7083333 0.7187501 0.6354168 0.8125 0.7083333 0.625 0.9375 0.6953125 0.6171876 0.7187501 0.6354168 0.625 0.84375 0.6953125 0.6015626 0.71875 0.6145834 0.7187501 0.6354168 0.6953125 0.5859375 0.71875 0.59375 0.71875 0.6145834 0.6953125 0.5742188 0.71875 0.578125 0.71875 0.59375 0.5 0.3125 0.5 0.328125 0.4375 0.328125 0.5 0.328125 0.5 0.328125 0.5 0.3125 0.5 0.328125 0.5 0.328125 0.5 0.3125 0.84375 0.5625 0.84375 0.5625 0.84375 0.5 0.75 0.3125 0.75 0.3125 0.625 0.25 0.6875 0.375 0.5 0.25 0.5 0.1875 0.84375 0.5 0.875 0.5 0.875 0.5625 0.796875 0.5 0.8125 0.5 0.8125 0.5625 0.5 0.5 0.5 0.5 0.5 0.5625 0.5 0.25 0.5 0.25 0.4999999 0.28125 0.5 0.25 0.5 0.25 0.5 0.25 0.625 0.5 0.6250001 0.5625001 0.6250001 0.5625001 0.875 0.5625 0.84375 0.5625 0.84375 0.5625 0.625 0.5 0.625 0.5 0.6250001 0.5625001 0.828125 0.7083333 0.828125 0.75 0.8125 0.75 0.625 0.3125 0.625 0.3125 0.625 0.328125 0.5 0.25 0.5 0.25 0.4999999 0.28125 0.5 0.25 0.5 0.1875 0.5 0.1875 0.84375 0.5 0.875 0.5 0.875 0.5625 0.6250001 0.5625001 0.6250001 0.5625001 0.6250001 0.5625001 0.6875 0.375 0.5 0.25 0.5 0.25 0.5 0.5625 0.5 0.5625 0.5 0.5625 0.8125 0.5625 0.75 0.5625 0.75 0.5625 0.6250001 0.5625001 0.6250001 0.5625001 0.625 0.5 0.625 0.5 0.6250001 0.5625001 0.6250001 0.5625001 0.5 0.5625 0.5 0.5625 0.5 0.5625 0.5 0.5625 0.5 0.5625 0.5 0.5625 0.625 0.75 0.625 0.75 0.6250001 0.5625001 0.6250001 0.5625001 0.6250001 0.5625001 0.625 0.5 0.5 0.59375 0.5 0.59375 0.5 0.625 0.5 0.5625 0.5 0.5625 0.5 0.5625 0.875 0.7083333 0.875 0.75 0.84375 0.75 0.875 0.59375 0.875 0.625 0.8437501 0.6250001 0.5 0.125 0.5 0.125 0.5625 0.125 0.5625 0.125 0.59375 0.1875 0.5 0.15625 0.5625 0.125 0.5 0.125 0.5 0.125 0.5 0.125 0.5 0.125 0.5625 0.125 0.875 0.625 0.875 0.6666666 0.84375 0.6666666 0.875 0.6666666 0.875 0.7083333 0.8437501 0.7083333 0.5 0.125 0.5 0.125 0.5 0.15625 0.5 0.04166662 0.5 0.04166662 0.5 0.08333331 0.8125 0.625 0.8125 0.59375 0.8125 0.59375 0.828125 0.6666666 0.84375 0.6666666 0.8437501 0.7083333 0.828125 0.625 0.8437501 0.6250001 0.84375 0.6666666 0.84375 0.59375 0.8437501 0.6250001 0.828125 0.625 0.8437501 0.7083333 0.84375 0.75 0.828125 0.75 0.875 0.5625 0.84375 0.5625 0.84375 0.5625 0.5 0.25 0.5 0.28125 0.4375 0.28125 0.5 0.28125 0.5 0.28125 0.5 0.25 0.5 0.296875 0.5 0.296875 0.5 0.3125 0.8125 0.5833333 0.8281251 0.5833334 0.8281251 0.5937501 0.8281251 0.5833334 0.8437501 0.5833333 0.84375 0.59375 0.4999999 0.28125 0.5 0.28125 0.5 0.25 0.8281251 0.5937501 0.84375 0.59375 0.84375 0.59375 0.84375 0.5 0.84375 0.5625 0.828125 0.5625 0.8125 0.59375 0.8281251 0.5937501 0.8281251 0.5937501 0.828125 0.5 0.828125 0.5625 0.828125 0.5625 0.84375 0.5625 0.84375 0.5625 0.84375 0.5 0.8125 0.59375 0.8281251 0.5937501 0.828125 0.625 0.8125 0.625 0.828125 0.625 0.828125 0.6666666 0.828125 0.6666666 0.828125 0.7083333 0.8125 0.7083333 0.5 0.28125 0.5 0.296875 0.4375 0.296875 0.5 0.296875 0.5 0.296875 0.5 0.28125 0.4999999 0.28125 0.5 0.296875 0.5 0.296875 0.8125 0.5 0.828125 0.5 0.828125 0.5625 0.8125 0.5625 0.8125 0.5625 0.828125 0.5625 0.625 0.296875 0.625 0.296875 0.625 0.3125 0.5 0.34375 0.5 0.34375 0.5 0.3359375 0.5 0.3750001 0.5 0.3750001 0.5 0.34375 0.5 0.3320313 0 0 0.5 0.3359375 0.375 0.5 0.375 0.5 0.4375 0.5 0.5 0.5 0.5 0.5 0.5 0.5 0.5 0.25 0.5 0.25 0.5 0.25 0.5 0.5 0.5 0.5 0.5 0.5 0.5 0.5 0.5 0.5 0.5 0.3750001 0.5 0.25 0.5 0.25 0.5 0.25 0.4375 0.25 0.5 0.25 0.5 0.25 0.375 0.25 0.375 0.25 0.4375 0.25 0.375 0.25 0.375 0.25 0.4375 0.25 0.5 0.25 0.5 0.25 0.5 0.25 0.5625 0.125 0.5625 0.125 0.625 0.125 0.625 0.125 0.5625 0.125 0.5625 0.125 0.625 0.125 0.6875 0.21875 0.59375 0.1875 0.5625 0.125 0.5625 0.125 0.625 0.125 0.875 0.5 0.6875 0.375 0.6875 0.375 0.875 0.5 0.6875 0.375 0.625 0.25 0.625 0.25 0.625 0.25 0.5 0.1875 0.6875 0.21875 0.59375 0.1875 0.59375 0.1875 0.7291666 0.28125 0.75 0.3125 0.625 0.25 0.5 0.28125 0.5 0.296875 0.5 0.296875 0.5 0.28125 0.5 0.28125 0.5 0.25 0.5 0.25 0.5 0.25 0.5 0.25 0.5 0.3359375 0.5 0.34375 0.5 0.34375 0.5 0.34375 0.5 0.3750001 0.5 0.3750001 0.4999999 0.28125 0.4999999 0.28125 0.5 0.296875 0.5 0.25 0.5 0.25 0.5 0.25 0.375 0.5 0.375 0.5 0.4375 0.5 0.5 0.5 0.5 0.5 0.5 0.5 0.5 0.25 0.5 0.25 0.5 0.25 0.5 0.5 0.5 0.5 0.5 0.5 0.5 0.5 0.5 0.5 0.5 0.3750001 0.5 0.3125 0.5 0.3125 0.5 0.296875 0.5 0.25 0.5 0.25 0.4999999 0.28125 0.5 0.25 0.5 0.25 0.5 0.25 0.5 0.25 0.5 0.25 0.4999999 0.28125 0.5 0.28125 0.4999999 0.28125 0.5 0.25 0.5 0.28125 0.5 0.296875 0.5 0.296875 0.5 0.296875 0.5 0.3125 0.5 0.3125 0.5 0.296875 0.5 0.296875 0.5 0.28125 0.5 0.296875 0.5 0.296875 0.5 0.3125 0.4999999 0.28125 0.4999999 0.28125 0.5 0.296875 0.5 0.25 0.5 0.28125 0.5 0.28125 0.5 0.328125 0.5 0.328125 0.5 0.328125 0 0 0 0 0 0 0 0 0 0 0 0 0.5 0.3125 0.5 0.3125 0.5 0.3125 0.5 0.296875 0.5 0.3125 0.5 0.3125 0.5 0.3125 0.5 0.3125 0.5 0.3125 0.5 0.3125 0.5 0.3125 0.5 0.3125 0.5 0.3125 0.5 0.3125 0.5 0.3125 0.5 0.3125 0.5 0.3125 0.5 0.3125 0.5 0.3125 0.5 0.3125 0.5 0.3124999 0.5 0.3125 0.5 0.3125 0.5 0.3125 0.5 0.3125 0.5 0.3125 0.5 0.3124999 0.5 0.3125 0.5 0.3125 0.5 0.3124999 0.5 0.3125 0.5 0.3125 0.5 0.3124999 0.5 0.3125 0.5 0.3125 0.4999999 0.3125 0.5 0.3125 0.5 0.3125 0.4999999 0.3125 0.5 0.3125 0.5 0.3125 0.4999999 0.3125 0.5 0.3125 0.5 0.3125 0.4999999 0.3125 0.5 0.3125 0.5 0.3125 0.4999999 0.3125 0.5 0.3125 0.5 0.3125 0.4999998 0.3125 0.5 0.3125 0.5 0.3125 0.4999999 0.3125 0.5 0.3125 0.5 0.3125 0.4999998 0.3125 0.5 0.3125 0.5 0.3125 0.4999998 0.3125 0.5 0.3125 0.5 0.3125 0.4999999 0.3125 0.5 0.3125 0.5 0.3125 0.4999999 0.3125 0.5 0.3125 0.5 0.3125 0.4999999 0.3125 0.5 0.3125 0.5 0.3125 0.4999998 0.3125 0.5 0.3125 0.5 0.3125 0.4999999 0.3125 0.5 0.3125 0.5 0.3125 0.4999999 0.3125 0.5 0.3125 0.5 0.3125 0.4999999 0.3125 0.5 0.3125 0.5 0.3125 0.4999999 0.3125 0.5 0.3125 0.5 0.3125 0.4999999 0.3124999 0.5 0.3125 0.5 0.3125 0.4999999 0.3125 0.5 0.3125 0.5 0.3125 0.4999999 0.3124999 0.5 0.3125 0.5 0.3125 0.4999999 0.3124999 0.5 0.3125 0.5 0.3125 0.4999999 0.3124999 0.5 0.3125 0.5 0.3125 0.4999999 0.3124999 0.5 0.3125 0.5 0.3125 0.5 0.3124999 0.5 0.3125 0.5 0.3125 0.5 0.3124999 0.5 0.3125 0.5 0.3125 0.4999999 0.3124999 0.5 0.3125 0.5 0.3125 0.5 0.3124999 0.5 0.3125 0.5 0.3125 0.5 0.3124999 0.5 0.3125 0.5 0.3125 0.5 0.3124999 0.5 0.3125 0.5 0.3125 0.5 0.3124999 0.5 0.3125 0.5 0.3125 0.5 0.3124999 0.5 0.3125 0.5 0.3125 0.5 0.3124999 0.5 0.3125 0.5 0.3125 0.5 0.3124999 0.5 0.3125 0.5 0.3125 0.5 0.3124999 0.5 0.3125 0.5 0.3125 0.5 0.3124999 0.5 0.3125 0.5 0.3125 0.5 0.3124999 0.5 0.3125 0.5 0.3125 0.5 0.3124999 0.625 0.25 0.625 0.25 0.625 0.28125 0.5 0.3125 0.5 0.3125 0.5 0.3124999 0.5 0.3125 0.5 0.3125 0.5 0.3124999 0.5 0.3125 0.5 0.3125 0.5 0.3125 0.5 0.3125 0.5 0.3125 0.5 0.3124999 0.5 0.3125 0.5 0.3125 0.5 0.3125 0 0 0.5 0.3125 0.5 0.3130787 0.5 0.3130787 0.5 0.3136574 0 0 0.5 0.3136574 0.5 0.3142361 0 0 0.5 0.3142361 0.5 0.3148148 0 0 0.5 0.3148148 0.5 0.3153935 0 0 0.5 0.3153935 0.5 0.3159722 0 0 0.5 0.3159722 0.5 0.3165509 0 0 0.5 0.3165509 0.5 0.3171296 0 0 0.5 0.3171296 0.5 0.3177083 0 0 0.5 0.318287 0.5 0.3188657 0 0 0.5 0.3188657 0.5 0.3194444 0 0 0.5 0.3177083 0.5 0.318287 0 0 0.5 0.3194444 0.5 0.3200231 0 0 0.5 0.3200231 0.5 0.3206018 0.5 0.328125 0 0 0.5 0.3200231 0.5 0.328125 0.5 0.3206018 0.5 0.3211805 0.5 0.328125 0.5 0.3275463 0.5 0.328125 0.5 0.328125 0.5 0.3258102 0.5 0.3263889 0.5 0.328125 0.5 0.3263889 0.5 0.3269676 0.5 0.328125 0.5 0.3269676 0.5 0.3275463 0.5 0.328125 0.5 0.3252315 0.5 0.3258102 0.5 0.328125 0.5 0.3217592 0.5 0.3223379 0.5 0.328125 0.5 0.3223379 0.5 0.3229166 0.5 0.328125 0.5 0.328125 0.5 0.3211805 0.5 0.3217592 0.5 0.3246527 0.5 0.3252315 0.5 0.328125 0.5 0.3234953 0.5 0.324074 0.5 0.328125 0.5 0.324074 0.5 0.3246527 0.5 0.328125 0.5 0.328125 0.5 0.328125 0.5 0.328125 0 0 0 0 0 0 0 0 0 0 0 0 0.5 0.3125 0.5 0.3125 0.5 0.3125 0.5 0.3125 0.5 0.3125 0.5 0.3125 0.5 0.3125 0.5 0.3125 0.5 0.328125 0.5 0.3125 0.5 0.3125 0.5 0.3125 0.5 0.3125 0.5 0.3125 0.5 0.3125 0.5 0.3125 0.5 0.3125 0.5 0.3125 0.5 0.3125 0.5 0.3125 0.5 0.3125 0.5 0.3124999 0.5 0.3125 0.5 0.3125 0.5 0.3125 0.5 0.3125 0.5 0.3125 0.5 0.3124999 0.5 0.3125 0.5 0.3125 0.5 0.3124999 0.5 0.3125 0.5 0.3125 0.5 0.3124999 0.5 0.3125 0.5 0.3125 0.4999999 0.3125 0.5 0.3125 0.5 0.3125 0.4999999 0.3125 0.5 0.3125 0.5 0.3125 0.4999999 0.3125 0.5 0.3125 0.5 0.3125 0.4999999 0.3125 0.5 0.3125 0.5 0.3125 0.4999999 0.3125 0.5 0.3125 0.5 0.3125 0.4999998 0.3125 0.5 0.3125 0.5 0.3125 0.4999999 0.3125 0.5 0.3125 0.5 0.3125 0.4999998 0.3125 0.5 0.3125 0.5 0.3125 0.4999998 0.3125 0.5 0.3125 0.5 0.3125 0.4999999 0.3125 0.5 0.3125 0.5 0.3125 0.4999999 0.3125 0.5 0.3125 0.5 0.3125 0.4999999 0.3125 0.5 0.3125 0.5 0.3125 0.4999998 0.3125 0.5 0.3125 0.5 0.3125 0.4999999 0.3125 0.5 0.3125 0.5 0.3125 0.4999999 0.3125 0.5 0.3125 0.5 0.3125 0.4999999 0.3125 0.5 0.3125 0.5 0.3125 0.4999999 0.3125 0.5 0.3125 0.5 0.3125 0.4999999 0.3124999 0.5 0.3125 0.5 0.3125 0.4999999 0.3125 0.5 0.3125 0.5 0.3125 0.4999999 0.3124999 0.5 0.3125 0.5 0.3125 0.4999999 0.3124999 0.5 0.3125 0.5 0.3125 0.4999999 0.3124999 0.5 0.3125 0.5 0.3125 0.4999999 0.3124999 0.5 0.3125 0.5 0.3125 0.5 0.3124999 0.5 0.3125 0.5 0.3125 0.5 0.3124999 0.5 0.3125 0.5 0.3125 0.4999999 0.3124999 0.5 0.3125 0.5 0.3125 0.5 0.3124999 0.5 0.3125 0.5 0.3125 0.5 0.3124999 0.5 0.3125 0.5 0.3125 0.5 0.3124999 0.5 0.3125 0.5 0.3125 0.5 0.3124999 0.5 0.3125 0.5 0.3125 0.5 0.3124999 0.5 0.3125 0.5 0.3125 0.5 0.3124999 0.5 0.3125 0.5 0.3125 0.5 0.3124999 0.5 0.3125 0.5 0.3125 0.5 0.3124999 0.5 0.3125 0.5 0.3125 0.5 0.3124999 0.5 0.3125 0.5 0.3125 0.5 0.3124999 0.5 0.3125 0.5 0.3125 0.5 0.3124999 0.5 0.3125 0.5 0.3125 0.5 0.3124999 0.5 0.3125 0.5 0.3125 0.5 0.3124999 0.5 0.3125 0.5 0.3125 0.5 0.3125 0.5 0.3125 0.5 0.3125 0.5 0.3124999 0.5 0.3125 0.5 0.3125 0.5 0.3125 0.5 0.3125 0.5 0.3125 0.5 0.3130787 0.5 0.3125 0 0 0 0 0.5 0.328125 0.5 0.3200231 0.5 0.328125 0.5 0.328125 0.5 0.3275463 0.5 0.3275463 0.5 0.3269676 0.5 0.328125 0.5 0.3269676 0.5 0.3263889 0.5 0.328125 0.5 0.3136574 0.5 0.3130787 0 0 0.5 0.3153935 0.5 0.3148148 0 0 0.5 0.3148148 0.5 0.3142361 0 0 0.5 0.3142361 0.5 0.3136574 0 0 0.5 0.328125 0.5 0.3263889 0.5 0.3258102 0.5 0.328125 0.5 0.3258102 0.5 0.3252315 0.5 0.3165509 0.5 0.3159722 0 0 0.5 0.3159722 0.5 0.3153935 0 0 0.5 0.3177083 0.5 0.3171296 0 0 0.5 0.3171296 0.5 0.3165509 0 0 0.5 0.3194444 0.5 0.3188657 0 0 0.5 0.3188657 0.5 0.318287 0 0 0.5 0.3200231 0.5 0.3194444 0 0 0.5 0.318287 0.5 0.3177083 0 0 0.5 0.328125 0.5 0.3252315 0.5 0.3246527 0.5 0.324074 0.5 0.328125 0.5 0.3246527 0.5 0.324074 0.5 0.3234953 0.5 0.328125 0.5 0.3234953 0.5 0.3229166 0.5 0.328125 0.5 0.3229166 0.5 0.3223379 0.5 0.328125 0.5 0.3223379 0.5 0.3217592 0.5 0.328125 0.5 0.3217592 0.5 0.3211805 0.5 0.328125 0.5 0.3206018 0.5 0.3200231 0.5 0.328125 0.6875 0.375 0.875 0.5 0.8611111 0.4907407 0.8611111 0.4907407 0.8472226 0.4814817 0.6875 0.375 0.8472226 0.4814817 0.8333337 0.4722225 0.6875 0.375 0.8333337 0.4722225 0.8194449 0.4629632 0.6875 0.375 0.8194449 0.4629632 0.805556 0.4537039 0.6875 0.375 0.805556 0.4537039 0.7916671 0.4444447 0.6875 0.375 0.7916671 0.4444447 0.7777782 0.4351854 0.6875 0.375 0.5138889 0.2592593 0.5 0.25 0.6875 0.375 0.5416668 0.2777779 0.5277779 0.2685186 0.6875 0.375 0.5277779 0.2685186 0.5138889 0.2592593 0.6875 0.375 0.5555557 0.2870371 0.5416668 0.2777779 0.6875 0.375 0.6875 0.375 0.7777782 0.4351854 0.7638893 0.4259262 0.5972223 0.3148149 0.5833334 0.3055557 0.6875 0.375 0.5833334 0.3055557 0.5694445 0.2962964 0.6875 0.375 0.5694445 0.2962964 0.5555557 0.2870371 0.6875 0.375 0.6875 0.375 0.7638893 0.4259262 0.7500004 0.4166669 0.6875 0.375 0.7500004 0.4166669 0.7361114 0.4074076 0.6111112 0.3240742 0.5972223 0.3148149 0.6875 0.375 0.6875 0.375 0.7361114 0.4074076 0.7222225 0.3981484 0.7222225 0.3981484 0.7083336 0.3888891 0.6875 0.375 0.7083336 0.3888891 0.6944446 0.3796297 0.6875 0.375 0.6250001 0.3333335 0.6111112 0.3240742 0.6875 0.375 0.6666668 0.3611112 0.652778 0.351852 0.6875 0.375 0.652778 0.351852 0.6388891 0.3425927 0.6875 0.375 0.6388891 0.3425927 0.6250001 0.3333335 0.6875 0.375 0.6875 0.375 0.6944446 0.3796297 0.6805557 0.3703705 0 0 0 0 0 0 0.5 0.3125 0.5 0.3125 0.5 0.3125 0.5 0.3125 0.5 0.3125 0.5 0.3125 0.5 0.3125 0.5 0.3125 0.5 0.3125 0.5 0.3125 0.5 0.3125 0.5 0.3125 0.5 0.3125 0.5 0.3125 0.5 0.3125 0.5 0.3125 0.5 0.3125 0.5 0.3125 0.5 0.3124999 0.5 0.3125 0.5 0.3125 0.5 0.3124999 0.5 0.3125 0.5 0.3125 0.5 0.3124999 0.5 0.3125 0.5 0.3125 0.5 0.3124999 0.5 0.3125 0.5 0.3125 0.4999999 0.3125 0.5 0.3125 0.5 0.3125 0.4999999 0.3125 0.5 0.3125 0.5 0.3125 0.4999999 0.3125 0.5 0.3125 0.5 0.3125 0.4999999 0.3125 0.5 0.3125 0.5 0.3125 0.4999999 0.3125 0.5 0.3125 0.5 0.3125 0.4999998 0.3125 0.5 0.3125 0.5 0.3125 0.4999999 0.3125 0.5 0.3125 0.5 0.3125 0.4999998 0.3125 0.5 0.3125 0.5 0.3125 0.4999998 0.3125 0.5 0.3125 0.5 0.3125 0.4999999 0.3125 0.5 0.3125 0.5 0.3125 0.4999999 0.3125 0.5 0.3125 0.5 0.3125 0.4999998 0.3125 0.5 0.3125 0.5 0.3125 0.4999999 0.3125 0.5 0.3125 0.5 0.3125 0.4999999 0.3125 0.5 0.3125 0.5 0.3125 0.4999999 0.3125 0.5 0.3125 0.5 0.3125 0.4999999 0.3125 0.5 0.3125 0.5 0.3125 0.4999999 0.3125 0.5 0.3125 0.5 0.3125 0.4999999 0.3124999 0.5 0.3125 0.5 0.3125 0.4999999 0.3125 0.5 0.3125 0.5 0.3125 0.4999999 0.3124999 0.5 0.3125 0.5 0.3125 0.4999999 0.3124999 0.5 0.3125 0.5 0.3125 0.4999999 0.3124999 0.5 0.3125 0.5 0.3125 0.4999999 0.3124999 0.5 0.3125 0.5 0.3125 0.5 0.3124999 0.5 0.3125 0.5 0.3125 0.5 0.3124999 0.5 0.3125 0.5 0.3125 0.4999999 0.3124999 0.5 0.3125 0.5 0.3125 0.5 0.3124999 0.5 0.3125 0.5 0.3125 0.5 0.3124999 0.5 0.3125 0.5 0.3125 0.5 0.3124999 0.5 0.3125 0.5 0.3125 0.5 0.3124999 0.5 0.3125 0.5 0.3125 0.5 0.3124999 0.5 0.3125 0.5 0.3125 0.5 0.3124999 0.5 0.3125 0.5 0.3125 0.5 0.3124999 0.5 0.3125 0.5 0.3125 0.5 0.3124999 0.5 0.3125 0.5 0.3125 0.5 0.3124999 0.5 0.3125 0.5 0.3125 0.5 0.3124999 0.5 0.3125 0.5 0.3125 0.5 0.3124999 0.5 0.3125 0.5 0.3125 0.5 0.3124999 0.5 0.3125 0.5 0.3125 0.5 0.3124999 0.5 0.3125 0.5 0.3125 0.5 0.3125 0.5 0.3125 0.5 0.3125 0.5 0.3124999 0.5 0.3125 0.5 0.3125 0.5 0.3125 0.5 0.3125 0.5 0.3125 0.5 0.3125 0.5 0.3125 0.5 0.3125 0.5 0.328125 0.5 0.3125 0.5 0.3125 0.5 0.3130787 0.5 0.3125 0 0 0 0 0.5 0.328125 0.5 0.3200231 0.5 0.328125 0.5 0.328125 0.5 0.3275463 0.5 0.3275463 0.5 0.3269676 0.5 0.328125 0.5 0.3269676 0.5 0.3263889 0.5 0.328125 0.5 0.3136574 0.5 0.3130787 0 0 0.5 0.3153935 0.5 0.3148148 0 0 0.5 0.3148148 0.5 0.3142361 0 0 0.5 0.3142361 0.5 0.3136574 0 0 0.5 0.328125 0.5 0.3263889 0.5 0.3258102 0.5 0.3258102 0.5 0.3252315 0.5 0.328125 0.5 0.3252315 0.5 0.3246527 0.5 0.328125 0.5 0.3165509 0.5 0.3159722 0 0 0.5 0.3159722 0.5 0.3153935 0 0 0.5 0.3171296 0.5 0.3165509 0 0 0.5 0.328125 0.5 0.3246527 0.5 0.324074 0.5 0.3234953 0.5 0.328125 0.5 0.324074 0.5 0.3234953 0.5 0.3229166 0.5 0.328125 0.5 0.3229166 0.5 0.3223379 0.5 0.328125 0.5 0.3223379 0.5 0.3217592 0.5 0.328125 0.5 0.3217592 0.5 0.3211805 0.5 0.328125 0.5 0.3211805 0.5 0.3206018 0.5 0.328125 0.5 0.3206018 0.5 0.3200231 0.5 0.328125 0.5 0.3200231 0.5 0.3194444 0 0 0.5 0.3194444 0.5 0.3188657 0 0 0.5 0.3177083 0.5 0.3171296 0 0 0.5 0.3188657 0.5 0.318287 0 0 0.5 0.5 0.5 0.5 0.5 0.4824552 0.5 0.5 0.5 0.5 0.5 0.5 0.5 0.5 0.5 0.5 0.5 0.5 0.375 0.5 0.375 0.5 0.4375 0.5 0.375 0.5 0.375 0.5 0.4375 0.5 0.5 0.5 0.5 0.5 0.5 0.5 0.5 0.5 0.5 0.5 0.5 0.5 0.5 0.5 0.5 0.5 0.5 0.484375 0.4999999 0.28125 0.625 0.5 0.5 0.5 0.4999999 0.28125 0.4999999 0.28125 0.625 0.5 0.4999999 0.28125 0.5 0.28125 0.6250001 0.5625001 0.5 0.28125 0.6250001 0.5625001 0.6250001 0.5625001 0.5 0.3320313 0.5000001 0.3359375 0.4375 0.3359375 0.5 0.3359375 0.5000001 0.3359375 0.5 0.3320313 0.5 0.3359375 0.5 0.3359375 0.5 0.3320312 0.75 0.5625 0 0 0.5 0.3359375 0.6250001 0.5625001 0.671875 0.5703125 0.671875 0.578125 0.6250001 0.5625001 0.671875 0.578125 0.671875 0.5885418 0.6250001 0.5625001 0.671875 0.5885418 0.6718751 0.5989584 0.6250001 0.5625001 0.6718751 0.5989584 0.625 0.796875 0.796875 0.5625 0.796875 0.5625 0.796875 0.5 0.625 0.328125 0.625 0.328125 0.625 0.328125 0.75 0.5625 0.75 0.5625 0.75 0.5625 0.625 0.328125 0.625 0.328125 0.5 0.328125 0.5 0.328125 0.5 0.3320313 0.5 0.3320312 0.5 0.3320312 0.5 0.3320313 0.5 0.328125 0.5 0.328125 0.5 0.3320313 0.4375 0.3320313 0.5 0.328125 0.5 0.3320313 0.5 0.3320313 0.5 0.328125 0.5 0.3125 0.5 0.3125 0.625 0.328125 0.625 0.328125 0.5 0.328125 0.625 0.328125 0.625 0.328125 0.625 0.328125 0.5 0.328125 0 0 0.625 0.25 0.5 0.3359375 0.5 0.3359375 0.5 0.328125 0.5 0.328125 0 0 0.0185185 0.01215279 0.0185185 0.01215279 0.03703653 0.02430522 0.5 0.328125 0.03703653 0.02430522 0.05555498 0.03645795 0.5 0.328125 0.07407355 0.04861074 0.092592 0.06076353 0.5 0.328125 0.092592 0.06076353 0.1111104 0.0729162 0.5 0.328125 0.05555498 0.03645795 0.07407355 0.04861074 0.5 0.328125 0.4814814 0.3159722 0.5 0.328125 0.5 0.328125 0.4444443 0.2916666 0.4629629 0.3038194 0.5 0.328125 0.4629629 0.3038194 0.4814814 0.3159722 0.5 0.328125 0.4259259 0.2795138 0.4444443 0.2916666 0.5 0.328125 0.4259259 0.2795138 0.5 0.328125 0.4074073 0.2673611 0.1111104 0.0729162 0.1296291 0.08506911 0.5 0.328125 0.4074073 0.2673611 0.5 0.328125 0.3888887 0.2552082 0.3703701 0.2430554 0.3888887 0.2552082 0.5 0.328125 0.3518517 0.2309026 0.5 0.328125 0.3333331 0.2187498 0.1296291 0.08506911 0.1481476 0.09722191 0.5 0.328125 0.1481476 0.09722191 0.1666662 0.1093747 0.5 0.328125 0.1666662 0.1093747 0.1851848 0.1215275 0.5 0.328125 0.1851848 0.1215275 0.2037032 0.1336802 0.5 0.328125 0.2037032 0.1336802 0.2222218 0.1458331 0.5 0.328125 0.2222218 0.1458331 0.2407404 0.1579859 0.5 0.328125 0.3518517 0.2309026 0.3703701 0.2430554 0.5 0.328125 0.3148145 0.206597 0.3333331 0.2187498 0.5 0.328125 0.296296 0.1944442 0.3148145 0.206597 0.5 0.328125 0.259259 0.1701387 0.5 0.328125 0.2407404 0.1579859 0.2777776 0.1822915 0.296296 0.1944442 0.5 0.328125 0.5 0.328125 0.5 0.34375 0.5 0.3359375 0.875 0.5625 0.875 0.5 0 0 0.875 0.5625 0.75 0.5625 0.75 0.5625 0.5 0.5 0.5 0.5 0.5 0.5 0.5 0.5 0.5 0.5 0.5 0.3750001 0.5 0.5 0.5 0.5 0.5 0.5 0.5 0.5 0.5 0.5 0.5 0.5 0.375 0.5 0.375 0.5 0.4375 0.5 0.5 0.3750001 0.5 0.3750001 0.5 0.34375 0.5 0.328125 0 0 0.5 0.3320313 0.6875 0.21875 0.7083333 0.25 0.6041667 0.2083333 0.7083333 0.25 0.7291666 0.28125 0.6145833 0.2291666 0.828125 0.5625 0.84375 0.5625 0.8437499 0.5729166 0.828125 0.5729166 0.8437499 0.5729166 0.8437501 0.5833333 0.8125 0.5625 0.828125 0.5625 0.828125 0.5729166 0.8125 0.5729166 0.828125 0.5729166 0.8281251 0.5833334 0.71875 0.578125 0.7291666 0.5729166 0.8125 0.5833333 0.7291666 0.5729166 0.7395833 0.5677083 0.8125 0.5729166 0.875 0.5625 0.875 0.5729166 0.8437499 0.5729166 0.875 0.5729166 0.875 0.5833333 0.8437501 0.5833333 0.59375 0.1875 0.6041667 0.2083333 0.5 0.1666666 0.6041667 0.2083333 0.6145833 0.2291666 0.5 0.1770833 0.4375 0.15625 0.5 0.15625 0.5 0.1666666 0.4375 0.1666666 0.5 0.1666666 0.5 0.1770833 0.5 0.1666666 0.5 0.1666666 0.5 0.15625 0.5000001 0.1770833 0.5 0.1770833 0.5 0.1666666 0.5 0.15625 0.5 0.1666666 0.5 0.1666666 0.5 0.1666666 0.5 0.1770833 0.5000001 0.1770833 0.5 0.28125 0.5 0.28125 0.671875 0.5703125 0.671875 0.5703125 0.6953125 0.5742188 0.6953125 0.5859375 0.671875 0.578125 0.6953125 0.5859375 0.6953125 0.6015626 0.671875 0.5885418 0.6953125 0.6015626 0.6953125 0.6171876 0.6718751 0.5989584 0.6953125 0.6171876 0.625 0.8203125 0.5 0.28125 0.84375 0.5625 0.6953125 0.5742188 0.71875 0.578125 0.6953125 0.5742188 0.84375 0.5625 0.875 0.5625 0.7395833 0.5677083 0.7291666 0.5729166 0.7395833 0.5677083 0.875 0.5625 0.75 0.5625 0.5 0.5 0.5 0.5 0.5 0.5 0.5 0.5 0.5 0.5 0.5 0.5 0.5 0.5 0.5 0.5 0.5 0.5 0.5 0.5 0.5 0.5 0.5 0.5 0.5 0.5 0.5 0.5 0.5 0.5 0.5 0.5 0.5 0.5 0.5 0.5 0.5 0.59375 0.4999999 0.59375 0.5 0.5625 0.5 0.5625 0.5 0.5625 0.5 0.5 0.5 0.5 0.5 0.5 0.5 0.5 0.5 0.75 0.5 0.75 0.5 0.625 0.5 0.5 0.5 0.5 0.4375 0.5 0.5 0.5 0.5 0.5 0.5 0.5 0.5 0.625 0.5 0.625 0.4999999 0.59375 0.5 0.5 0.5 0.5 0.5 0.5 0.5 0.5 0.5 0.5 0.5 0.5 0.5 0.5 0.5 0.5 0.5 0.5 0.4375 0.08333331 0.4375 0.125 0.375 0.125 0.5 0.5 0.5 0.5 0.5 0.5 0.5 0.5 0.5 0.5 0.5 0.5 0.4999999 0.59375 0.5 0.5937501 0.4999999 0.5625 0.5 0.5625 0.4999999 0.5625 0.5 0.5 0.5 0.5 0.5 0.5 0.5 0.5 0.5 0.75 0.5 0.75 0.5 0.625 0.5 0.5 0.5 0.5 0.4375 0.5 0.5 0.5 0.5 0.5 0.5 0.5 0.4999999 0.59375 0.5 0.625 0.5 0.625 0.5 0.5 0.5 0.5 0.4375 0.5 0.5 0.5 0.5 0.5 0.4375 0.5 0.4375 0.5 0.4375 0.5 0.5 0.5 0.5 0.5 0.5 0.5 0.5 0.5 0.5 0.5 0.5 0.5 0.5 0.5 0.5 0.5937501 0.5 0.625 0.5 0.625 0.4375 0.5 0.5 0.5 0.5 0.5 0.5 0.5 0.5 0.5 0.5 0.5 0.5 0.5 0.5 0.5 0.5 0.5 0.5 0.5 0.5 0.5 0.5 0.5 0.375 0.1770833 0.4375 0.1770833 0.4375 0.1875 0.5 0.5 0.5 0.5 0.5 0.5 0.5 0.5 0.5 0.5 0.5 0.5 0.5 0.5937501 0.5 0.5937501 0.4999999 0.5625 0.4999998 0.5625 0.4999999 0.5625 0.5 0.5 0.5 0.75 0.5 0.75 0.5 0.625 0.5 0.625 0.5 0.625 0.5 0.5937501 0.4375 0.5 0.4375 0.5 0.4375 0.5 0.4375 0.5 0.4375 0.5 0.4375 0.5 0.4375 0.5 0.4375 0.5 0.375 0.5 0.4375 0.5 0.4375 0.5 0.375 0.5 0.4375 0.5 0.4375 0.5 0.375 0.5 0.4375 0.5 0.4375 0.5 0.375 0.5 0.4375 0.5 0.4375 0.5 0.5 0.5 0.4375 0.328125 0.4375 0.3320313 0.375 0.3320313 0.4375 0.3320313 0.4375 0.3359375 0.375 0.3359375 0.4375 0.5 0.4375 0.5 0.5 0.5 0.4375 0.5 0.4375 0.5 0.5 0.5 0.4375 0.5 0.4375 0.5 0.5 0.5 0.4375 0.25 0.4375 0.25 0.5 0.25 0.5 0.25 0.5 0.25 0.5 0.25 0.4375 0.5 0.4375 0.5 0.5 0.5 0.4375 0.28125 0.4375 0.296875 0.375 0.296875 0.4375 0.25 0.4375 0.28125 0.375 0.28125 0.4375 0.3125 0.4375 0.328125 0.375 0.328125 0.5 0.5 0.4375 0.5 0.4375 0.375 0.4375 0.3359375 0.4375 0.34375 0.375 0.34375 0.4375 0.296875 0.4375 0.3125 0.375 0.3125 0.4375 0.5625 0.4375 0.59375 0.375 0.59375 0.4375 0.5 0.4375 0.5625 0.375 0.5625 0.4375 0.25 0.4375 0.25 0.5 0.25 0.4375 0.5 0.4375 0.5 0.5 0.5 0.4375 0.59375 0.4375 0.625 0.375 0.625 0.4375 0.34375 0.4375 0.375 0.375 0.375 0.4375 0.5 0.4375 0.5 0.5 0.5 0.4375 0.25 0.4375 0.25 0.5 0.25 0.4375 0.625 0.4375 0.75 0.375 0.75 0.4375 0.25 0.4375 0.25 0.375 0.25 0.4375 0.5 0.4375 0.5 0.375 0.5 0.4375 0.5 0.4375 0.5 0.375 0.5 0.375 0.5 0.375 0.5 0.4375 0.5 0.375 0.5 0.375 0.5 0.4375 0.5 0 0 0 0 0 0 0.4375 0.25 0.4375 0.25 0.375 0.25 0.4375 0.25 0.4375 0.25 0.375 0.25 0.4375 0.1875 0.4375 0.25 0.375 0.25 0.4375 0.125 0.4375 0.15625 0.375 0.15625 0.4375 0 0.4375 0.04166662 0.375 0.04166662 0.4375 0.04166662 0.4375 0.08333331 0.375 0.08333331 0.4375 0.15625 0.4375 0.1666666 0.375 0.1666666 0.375 0.1666666 0.4375 0.1666666 0.4375 0.1770833 0.5 0.25 0.5 0.25 0.5 0.25 0.5 0.5 0.5 0.5 0.5 0.5 0.5 0.5 0.5 0.5 0.5 0.5 0.5 0.5 0.5 0.5 0.5 0.5 0.5 0.25 0.5 0.25 0.4375 0.25 0.5 0.25 0.5 0.25 0.4375 0.25 0.4375 0.25 0.4375 0.25 0.375 0.25</float_array>
          <technique_common>
            <accessor source="#Cube-mesh-map-0-array" count="4236" stride="2">
              <param name="S" type="float"/>
              <param name="T" type="float"/>
            </accessor>
          </technique_common>
        </source>
        <vertices id="Cube-mesh-vertices">
          <input semantic="POSITION" source="#Cube-mesh-positions"/>
        </vertices>
        <triangles material="concrete-1-material" count="1154">
          <input semantic="VERTEX" source="#Cube-mesh-vertices" offset="0"/>
          <input semantic="NORMAL" source="#Cube-mesh-normals" offset="1"/>
          <input semantic="TEXCOORD" source="#Cube-mesh-map-0" offset="2" set="0"/>
          <p>25 0 0 527 0 1 467 0 2 267 1 3 265 1 4 115 1 5 166 2 6 155 2 7 171 2 8 724 4 12 691 4 13 731 4 14 27 5 15 689 5 16 695 5 17 37 6 18 7 6 19 27 6 20 54 7 21 683 7 22 664 7 23 47 8 24 54 8 25 62 8 26 43 9 27 1 9 28 41 9 29 46 10 30 691 10 31 696 10 32 584 13 39 699 13 40 707 13 41 42 14 42 199 14 43 211 14 44 51 15 45 24 15 46 48 15 47 91 16 48 692 16 49 701 16 50 107 17 51 29 17 52 104 17 53 104 18 54 674 18 55 224 18 56 37 19 57 65 19 58 74 19 59 65 20 60 695 20 61 698 20 62 32 21 63 152 21 64 106 21 65 2 22 66 86 22 67 18 22 68 94 23 69 1 23 70 91 23 71 346 24 72 22 24 73 200 24 74 110 25 75 154 25 76 80 25 77 473 26 78 469 26 79 468 26 80 676 29 87 720 29 88 673 29 89 10 34 102 725 34 103 683 34 104 219 37 111 724 37 112 730 37 113 613 38 114 611 38 115 591 38 116 51 41 123 16 41 124 724 41 125 23 42 126 696 42 127 694 42 128 89 46 138 473 46 139 468 46 140 4 47 141 697 47 142 63 47 143 61 48 144 4 48 145 34 48 146 62 49 147 621 49 148 626 49 149 621 50 150 664 50 151 728 50 152 109 52 156 158 52 157 110 52 158 29 53 159 653 53 160 674 53 161 68 54 162 29 54 163 49 54 164 58 60 180 698 60 181 697 60 182 74 61 183 58 61 184 61 61 185 347 62 186 167 62 187 215 62 188 181 63 189 78 63 190 165 63 191 165 64 192 700 64 193 704 64 194 30 67 201 146 67 202 33 67 203 84 68 204 142 68 205 87 68 206 582 69 207 468 69 208 469 69 209 86 70 210 125 70 211 18 70 212 524 71 213 523 71 214 525 71 215 527 73 219 464 73 220 470 73 221 94 74 222 100 74 223 593 74 224 100 75 225 701 75 226 709 75 227 18 76 228 124 76 229 55 76 230 464 77 231 471 77 232 470 77 233 693 80 240 3 80 241 692 80 242 461 82 246 406 82 247 460 82 248 105 86 258 147 86 259 31 86 260 202 87 261 149 87 262 207 87 263 11 88 264 652 88 265 677 88 266 103 89 267 224 89 268 652 89 269 108 90 270 11 90 271 50 90 272 107 91 273 103 91 274 108 91 275 77 92 276 161 92 277 109 92 278 78 100 300 702 100 301 700 100 302 113 101 303 78 101 304 81 101 305 131 103 309 25 103 310 92 103 311 52 104 312 204 104 313 201 104 314 203 105 315 129 105 316 204 105 317 167 106 318 122 106 319 168 106 320 133 107 321 189 107 322 134 107 323 125 108 324 136 108 325 124 108 326 582 109 327 463 109 328 587 109 329 130 111 333 137 111 334 136 111 335 135 112 336 131 112 337 127 112 338 98 113 339 137 113 340 97 113 341 180 114 342 154 114 343 158 114 344 214 115 345 133 115 346 115 115 347 469 116 348 465 116 349 463 116 350 22 117 351 129 117 352 126 117 353 92 118 354 127 118 355 131 118 356 57 119 357 137 119 358 132 119 359 200 120 360 126 120 361 203 120 362 98 121 363 124 121 364 136 121 365 177 122 366 134 122 367 189 122 368 142 123 369 144 123 370 143 123 371 144 124 372 139 124 373 145 124 374 143 125 375 140 125 376 141 125 377 140 126 378 145 126 379 146 126 380 85 127 381 138 127 382 84 127 383 87 128 384 143 128 385 99 128 386 72 129 387 140 129 388 30 129 389 99 130 390 141 130 391 72 130 392 160 131 393 169 131 394 173 131 395 155 132 396 170 132 397 171 132 398 152 133 399 206 133 400 209 133 401 205 134 402 149 134 403 147 134 404 205 135 405 159 135 406 208 135 407 159 136 408 209 136 409 208 136 410 148 137 411 172 137 412 170 137 413 153 138 414 173 138 415 172 138 416 31 139 417 149 139 418 67 139 419 106 140 420 159 140 421 105 140 422 77 141 423 157 141 424 156 141 425 179 142 426 173 142 427 180 142 428 79 143 429 172 143 430 179 143 431 171 144 432 79 144 433 178 144 434 173 145 435 183 145 436 180 145 437 52 146 438 168 146 439 122 146 440 12 147 441 703 147 442 690 147 443 163 148 444 12 148 445 42 148 446 223 149 447 229 149 448 218 149 449 82 153 459 171 153 460 178 153 461 215 154 462 185 154 463 213 154 464 83 155 465 178 155 466 157 155 467 213 156 468 187 156 469 186 156 470 168 157 471 215 157 472 167 157 473 157 158 474 79 158 475 156 158 476 156 159 477 179 159 478 161 159 479 179 160 480 158 160 481 161 160 482 164 161 483 704 161 484 703 161 485 181 162 486 164 162 487 163 162 488 188 164 492 187 164 493 189 164 494 177 165 495 187 165 496 185 165 497 213 166 498 188 166 499 214 166 500 612 170 510 705 170 511 711 170 512 615 171 513 194 171 514 88 171 515 47 172 516 726 172 517 10 172 518 694 176 528 199 176 529 706 176 530 210 177 531 694 177 532 706 177 533 13 178 534 706 178 535 690 178 536 208 180 540 160 180 541 153 180 542 148 181 543 208 181 544 153 181 545 148 182 546 207 182 547 205 182 548 209 183 549 151 183 550 160 183 551 347 184 552 203 184 553 123 184 554 123 185 555 204 185 556 122 185 557 201 186 558 129 186 559 60 186 560 69 187 561 207 187 562 155 187 563 215 189 567 225 189 568 227 189 569 215 190 570 408 190 571 347 190 572 222 194 582 226 194 583 223 194 584 197 195 585 730 195 586 726 195 587 191 196 588 714 196 589 705 196 590 196 197 591 672 197 592 194 197 593 194 199 597 739 199 598 732 199 599 292 201 603 230 201 604 225 201 605 350 202 606 233 202 607 228 202 608 348 204 612 228 204 613 222 204 614 232 205 615 352 205 616 351 205 617 232 206 618 231 206 619 233 206 620 230 207 621 235 207 622 231 207 623 225 208 624 232 208 625 227 208 626 226 209 627 235 209 628 229 209 629 228 210 630 231 210 631 226 210 632 408 211 633 232 211 634 351 211 635 288 212 636 289 212 637 287 212 638 218 213 639 229 213 640 221 213 641 221 214 642 236 214 643 291 214 644 229 215 645 237 215 646 221 215 647 236 216 648 235 216 649 234 216 650 214 217 651 293 217 652 292 217 653 213 218 654 292 218 655 225 218 656 239 219 657 295 219 658 294 219 659 238 220 660 294 220 661 293 220 662 242 221 663 298 221 664 297 221 665 241 222 666 297 222 667 296 222 668 243 223 669 299 223 670 298 223 671 240 224 672 296 224 673 295 224 674 246 225 675 302 225 676 301 225 677 244 226 678 300 226 679 299 226 680 245 227 681 301 227 682 300 227 683 247 228 684 303 228 685 302 228 686 248 229 687 304 229 688 303 229 689 249 230 690 305 230 691 304 230 692 251 231 693 307 231 694 306 231 695 250 232 696 306 232 697 305 232 698 253 233 699 309 233 700 308 233 701 252 234 702 308 234 703 307 234 704 255 235 705 311 235 706 310 235 707 254 236 708 310 236 709 309 236 710 258 237 711 314 237 712 313 237 713 257 238 714 313 238 715 312 238 716 259 239 717 315 239 718 314 239 719 256 240 720 312 240 721 311 240 722 261 241 723 317 241 724 316 241 725 260 242 726 316 242 727 315 242 728 263 243 729 319 243 730 318 243 731 262 244 732 318 244 733 317 244 734 265 245 735 321 245 736 320 245 737 264 246 738 320 246 739 319 246 740 268 247 741 324 247 742 323 247 743 267 248 744 323 248 745 322 248 746 269 249 747 325 249 748 324 249 749 266 250 750 322 250 751 321 250 752 272 251 753 328 251 754 327 251 755 271 252 756 327 252 757 326 252 758 270 253 759 326 253 760 325 253 761 273 254 762 329 254 763 328 254 764 274 255 765 330 255 766 329 255 767 275 256 768 331 256 769 330 256 770 276 257 771 332 257 772 331 257 773 277 258 774 333 258 775 332 258 776 278 259 777 334 259 778 333 259 779 279 260 780 335 260 781 334 260 782 280 261 783 336 261 784 335 261 785 281 262 786 337 262 787 336 262 788 282 263 789 338 263 790 337 263 791 283 264 792 339 264 793 338 264 794 467 265 795 92 265 796 25 265 797 285 266 798 341 266 799 340 266 800 289 267 801 117 267 802 290 267 803 284 268 804 340 268 805 339 268 806 288 269 807 342 269 808 343 269 809 286 270 810 343 270 811 341 270 812 287 271 813 344 271 814 342 271 815 328 272 816 330 272 817 236 272 818 285 273 819 288 273 820 286 273 821 283 274 822 285 274 823 284 274 824 281 275 825 283 275 826 282 275 827 279 276 828 281 276 829 280 276 830 277 277 831 279 277 832 278 277 833 275 278 834 277 278 835 276 278 836 273 279 837 275 279 838 274 279 839 271 280 840 273 280 841 272 280 842 269 281 843 271 281 844 270 281 845 267 282 846 269 282 847 268 282 848 265 283 849 267 283 850 266 283 851 263 284 852 265 284 853 264 284 854 261 285 855 263 285 856 262 285 857 259 286 858 261 286 859 260 286 860 257 287 861 259 287 862 258 287 863 255 288 864 257 288 865 256 288 866 253 289 867 255 289 868 254 289 869 251 290 870 253 290 871 252 290 872 249 291 873 251 291 874 250 291 875 247 292 876 249 292 877 248 292 878 245 293 879 247 293 880 246 293 881 243 294 882 245 294 883 244 294 884 241 295 885 243 295 886 242 295 887 239 296 888 241 296 889 240 296 890 214 297 891 239 297 892 238 297 893 343 298 894 342 298 895 344 298 896 344 299 897 345 299 898 291 299 899 340 300 900 341 300 901 343 300 902 338 301 903 339 301 904 340 301 905 336 302 906 337 302 907 338 302 908 334 303 909 335 303 910 336 303 911 332 304 912 333 304 913 334 304 914 330 305 915 331 305 916 332 305 917 328 306 918 329 306 919 330 306 920 326 307 921 327 307 922 328 307 923 324 308 924 325 308 925 326 308 926 322 309 927 323 309 928 324 309 929 320 310 930 321 310 931 322 310 932 318 311 933 319 311 934 320 311 935 316 312 936 317 312 937 318 312 938 314 313 939 315 313 940 316 313 941 312 314 942 313 314 943 314 314 944 310 315 945 311 315 946 312 315 947 308 316 948 309 316 949 310 316 950 306 317 951 307 317 952 308 317 953 304 318 954 305 318 955 306 318 956 302 319 957 303 319 958 304 319 959 300 320 960 301 320 961 302 320 962 298 321 963 299 321 964 300 321 965 296 322 966 297 322 967 298 322 968 294 323 969 295 323 970 296 323 971 292 324 972 293 324 973 294 324 974 405 325 975 404 325 976 406 325 977 348 326 978 349 326 979 350 326 980 353 327 981 349 327 982 212 327 983 354 328 984 350 328 985 349 328 986 352 329 987 353 329 988 351 329 989 289 330 990 345 330 991 344 330 992 409 331 993 347 331 994 408 331 995 411 333 999 356 333 1000 410 333 1001 410 334 1002 355 334 1003 409 334 1004 414 335 1005 359 335 1006 413 335 1007 413 336 1008 358 336 1009 412 336 1010 415 337 1011 360 337 1012 414 337 1013 412 338 1014 357 338 1015 411 338 1016 418 339 1017 363 339 1018 417 339 1019 416 340 1020 361 340 1021 415 340 1022 417 341 1023 362 341 1024 416 341 1025 419 342 1026 364 342 1027 418 342 1028 420 343 1029 365 343 1030 419 343 1031 421 344 1032 366 344 1033 420 344 1034 423 345 1035 368 345 1036 422 345 1037 422 346 1038 367 346 1039 421 346 1040 425 347 1041 370 347 1042 424 347 1043 424 348 1044 369 348 1045 423 348 1046 427 349 1047 372 349 1048 426 349 1049 426 350 1050 371 350 1051 425 350 1052 430 351 1053 375 351 1054 429 351 1055 429 352 1056 374 352 1057 428 352 1058 431 353 1059 376 353 1060 430 353 1061 428 354 1062 373 354 1063 427 354 1064 433 355 1065 378 355 1066 432 355 1067 432 356 1068 377 356 1069 431 356 1070 435 357 1071 380 357 1072 434 357 1073 434 358 1074 379 358 1075 433 358 1076 437 359 1077 382 359 1078 436 359 1079 436 360 1080 381 360 1081 435 360 1082 440 361 1083 385 361 1084 439 361 1085 439 362 1086 384 362 1087 438 362 1088 441 363 1089 386 363 1090 440 363 1091 438 364 1092 383 364 1093 437 364 1094 444 365 1095 389 365 1096 443 365 1097 443 366 1098 388 366 1099 442 366 1100 442 367 1101 387 367 1102 441 367 1103 445 368 1104 390 368 1105 444 368 1106 446 369 1107 391 369 1108 445 369 1109 447 370 1110 392 370 1111 446 370 1112 448 371 1113 393 371 1114 447 371 1115 449 372 1116 394 372 1117 448 372 1118 450 373 1119 395 373 1120 449 373 1121 451 374 1122 396 374 1123 450 374 1124 452 375 1125 397 375 1126 451 375 1127 453 376 1128 398 376 1129 452 376 1130 454 377 1131 399 377 1132 453 377 1133 455 378 1134 400 378 1135 454 378 1136 457 379 1137 402 379 1138 456 379 1139 406 380 1140 407 380 1141 346 380 1142 456 381 1143 401 381 1144 455 381 1145 458 382 1146 405 382 1147 459 382 1148 459 383 1149 403 383 1150 457 383 1151 460 384 1152 404 384 1153 458 384 1154 353 385 1155 438 385 1156 436 385 1157 402 386 1158 403 386 1159 405 386 1160 400 387 1161 401 387 1162 402 387 1163 398 388 1164 399 388 1165 400 388 1166 396 389 1167 397 389 1168 398 389 1169 394 390 1170 395 390 1171 396 390 1172 392 391 1173 393 391 1174 394 391 1175 390 392 1176 391 392 1177 392 392 1178 388 393 1179 389 393 1180 390 393 1181 386 394 1182 387 394 1183 388 394 1184 384 395 1185 385 395 1186 386 395 1187 382 396 1188 383 396 1189 384 396 1190 380 397 1191 381 397 1192 382 397 1193 378 398 1194 379 398 1195 380 398 1196 376 399 1197 377 399 1198 378 399 1199 374 400 1200 375 400 1201 376 400 1202 372 401 1203 373 401 1204 374 401 1205 370 402 1206 371 402 1207 372 402 1208 368 403 1209 369 403 1210 370 403 1211 366 404 1212 367 404 1213 368 404 1214 364 405 1215 365 405 1216 366 405 1217 362 406 1218 363 406 1219 364 406 1220 360 407 1221 361 407 1222 362 407 1223 358 408 1224 359 408 1225 360 408 1226 356 409 1227 357 409 1228 358 409 1229 347 410 1230 355 410 1231 356 410 1232 459 411 1233 460 411 1234 458 411 1235 460 412 1236 212 412 1237 461 412 1238 456 413 1239 459 413 1240 457 413 1241 454 414 1242 456 414 1243 455 414 1244 452 415 1245 454 415 1246 453 415 1247 450 416 1248 452 416 1249 451 416 1250 448 417 1251 450 417 1252 449 417 1253 446 418 1254 448 418 1255 447 418 1256 444 419 1257 446 419 1258 445 419 1259 442 420 1260 444 420 1261 443 420 1262 440 421 1263 442 421 1264 441 421 1265 438 422 1266 440 422 1267 439 422 1268 436 423 1269 438 423 1270 437 423 1271 434 424 1272 436 424 1273 435 424 1274 432 425 1275 434 425 1276 433 425 1277 430 426 1278 432 426 1279 431 426 1280 428 427 1281 430 427 1282 429 427 1283 426 428 1284 428 428 1285 427 428 1286 424 429 1287 426 429 1288 425 429 1289 422 430 1290 424 430 1291 423 430 1292 420 431 1293 422 431 1294 421 431 1295 418 432 1296 420 432 1297 419 432 1298 416 433 1299 418 433 1300 417 433 1301 414 434 1302 416 434 1303 415 434 1304 412 435 1305 414 435 1306 413 435 1307 410 436 1308 412 436 1309 411 436 1310 408 437 1311 410 437 1312 409 437 1313 382 438 1314 384 438 1315 200 438 1316 471 439 1317 472 439 1318 470 439 1319 528 440 1320 467 440 1321 527 440 1322 530 441 1323 475 441 1324 529 441 1325 529 442 1326 474 442 1327 528 442 1328 532 443 1329 477 443 1330 531 443 1331 533 444 1332 478 444 1333 532 444 1334 531 445 1335 476 445 1336 530 445 1337 534 446 1338 479 446 1339 533 446 1340 536 447 1341 481 447 1342 535 447 1343 537 448 1344 482 448 1345 536 448 1346 535 449 1347 480 449 1348 534 449 1349 539 450 1350 484 450 1351 538 450 1352 538 451 1353 483 451 1354 537 451 1355 540 452 1356 485 452 1357 539 452 1358 541 453 1359 486 453 1360 540 453 1361 542 454 1362 487 454 1363 541 454 1364 544 455 1365 489 455 1366 543 455 1367 543 456 1368 488 456 1369 542 456 1370 546 457 1371 491 457 1372 545 457 1373 545 458 1374 490 458 1375 544 458 1376 548 459 1377 493 459 1378 547 459 1379 549 460 1380 494 460 1381 548 460 1382 547 461 1383 492 461 1384 546 461 1385 550 462 1386 495 462 1387 549 462 1388 552 463 1389 497 463 1390 551 463 1391 551 464 1392 496 464 1393 550 464 1394 554 465 1395 499 465 1396 553 465 1397 553 466 1398 498 466 1399 552 466 1400 556 467 1401 501 467 1402 555 467 1403 555 468 1404 500 468 1405 554 468 1406 558 469 1407 503 469 1408 557 469 1409 559 470 1410 504 470 1411 558 470 1412 557 471 1413 502 471 1414 556 471 1415 560 472 1416 505 472 1417 559 472 1418 562 473 1419 507 473 1420 561 473 1421 563 474 1422 508 474 1423 562 474 1424 561 475 1425 506 475 1426 560 475 1427 564 476 1428 509 476 1429 563 476 1430 565 477 1431 510 477 1432 564 477 1433 566 478 1434 511 478 1435 565 478 1436 567 479 1437 512 479 1438 566 479 1439 568 480 1440 513 480 1441 567 480 1442 569 481 1443 514 481 1444 568 481 1445 570 482 1446 515 482 1447 569 482 1448 571 483 1449 516 483 1450 570 483 1451 572 484 1452 517 484 1453 571 484 1454 573 485 1455 518 485 1456 572 485 1457 574 486 1458 519 486 1459 573 486 1460 575 487 1461 520 487 1462 574 487 1463 576 488 1464 521 488 1465 575 488 1466 577 489 1467 524 489 1468 578 489 1469 525 490 1470 526 490 1471 466 490 1472 578 491 1473 522 491 1474 576 491 1475 580 492 1476 525 492 1477 579 492 1478 579 493 1479 523 493 1480 577 493 1481 547 495 1485 545 495 1486 470 495 1487 521 496 1488 522 496 1489 524 496 1490 519 497 1491 520 497 1492 521 497 1493 517 498 1494 518 498 1495 519 498 1496 515 499 1497 516 499 1498 517 499 1499 513 500 1500 514 500 1501 515 500 1502 511 501 1503 512 501 1504 513 501 1505 509 502 1506 510 502 1507 511 502 1508 507 503 1509 508 503 1510 509 503 1511 505 504 1512 506 504 1513 507 504 1514 503 505 1515 504 505 1516 505 505 1517 501 506 1518 502 506 1519 503 506 1520 499 507 1521 500 507 1522 501 507 1523 497 508 1524 498 508 1525 499 508 1526 495 509 1527 496 509 1528 497 509 1529 493 510 1530 494 510 1531 495 510 1532 491 511 1533 492 511 1534 493 511 1535 489 512 1536 490 512 1537 491 512 1538 487 513 1539 488 513 1540 489 513 1541 485 514 1542 486 514 1543 487 514 1544 483 515 1545 484 515 1546 485 515 1547 481 516 1548 482 516 1549 483 516 1550 479 517 1551 480 517 1552 481 517 1553 477 518 1554 478 518 1555 479 518 1556 475 519 1557 476 519 1558 477 519 1559 467 520 1560 474 520 1561 475 520 1562 578 521 1563 579 521 1564 577 521 1565 579 522 1566 89 522 1567 580 522 1568 575 523 1569 578 523 1570 576 523 1571 573 524 1572 575 524 1573 574 524 1574 571 525 1575 573 525 1576 572 525 1577 569 526 1578 571 526 1579 570 526 1580 567 527 1581 569 527 1582 568 527 1583 565 528 1584 567 528 1585 566 528 1586 563 529 1587 565 529 1588 564 529 1589 561 530 1590 563 530 1591 562 530 1592 559 531 1593 561 531 1594 560 531 1595 557 532 1596 559 532 1597 558 532 1598 555 533 1599 557 533 1600 556 533 1601 553 534 1602 555 534 1603 554 534 1604 551 535 1605 553 535 1606 552 535 1607 549 536 1608 551 536 1609 550 536 1610 547 537 1611 549 537 1612 548 537 1613 545 538 1614 547 538 1615 546 538 1616 543 539 1617 545 539 1618 544 539 1619 541 540 1620 543 540 1621 542 540 1622 539 541 1623 541 541 1624 540 541 1625 537 542 1626 539 542 1627 538 542 1628 535 543 1629 537 543 1630 536 543 1631 533 544 1632 535 544 1633 534 544 1634 531 545 1635 533 545 1636 532 545 1637 529 546 1638 531 546 1639 530 546 1640 527 547 1641 529 547 1642 528 547 1643 586 549 1647 585 549 1648 590 549 1649 589 551 1653 707 551 1654 708 551 1655 5 552 1656 708 552 1657 63 552 1658 4 554 1662 590 554 1663 34 554 1664 463 556 1668 2 556 1669 587 556 1670 463 557 1671 130 557 1672 86 557 1673 465 558 1674 132 558 1675 130 558 1676 462 559 1677 132 559 1678 464 559 1679 606 560 1680 709 560 1681 710 560 1682 593 561 1683 606 561 1684 608 561 1685 605 563 1689 614 563 1690 604 563 1691 57 564 1692 597 564 1693 97 564 1694 134 568 1704 604 568 1705 133 568 1706 115 569 1707 604 569 1708 601 569 1709 118 570 1710 605 570 1711 134 570 1712 115 571 1713 602 571 1714 117 571 1715 608 573 1719 114 573 1720 113 573 1721 114 574 1722 710 574 1723 702 574 1724 601 577 1731 617 577 1732 602 577 1733 601 578 1734 614 578 1735 613 578 1736 591 579 1737 96 579 1738 467 579 1739 617 580 1740 591 580 1741 466 580 1742 591 581 1743 501 581 1744 503 581 1745 127 583 1749 611 583 1750 605 583 1751 127 584 1752 603 584 1753 135 584 1754 581 585 1755 64 585 1756 585 585 1757 73 588 1764 88 588 1765 64 588 1766 21 589 1767 711 589 1768 699 589 1769 653 604 1812 620 604 1813 727 604 1814 727 605 1815 621 605 1816 728 605 1817 627 606 1818 71 606 1819 68 606 1820 626 607 1821 620 607 1822 627 607 1823 462 610 1830 596 610 1831 57 610 1832 596 611 1833 642 611 1834 597 611 1835 25 615 1845 641 615 1846 596 615 1847 20 629 1887 712 629 1888 693 629 1889 648 630 1890 20 630 1891 43 630 1892 224 635 1905 28 635 1906 101 635 1907 738 640 1920 648 640 1921 737 640 1922 646 642 1926 713 642 1927 712 642 1928 14 643 1929 646 643 1930 648 643 1931 672 645 1935 714 645 1936 715 645 1937 739 646 1938 715 646 1939 718 646 1940 717 647 1941 14 647 1942 738 647 1943 717 651 1953 739 651 1954 718 651 1955 622 655 1965 664 655 1966 59 655 1967 718 662 1986 716 662 1987 717 662 1988 675 663 1989 673 663 1990 716 663 1991 717 664 1992 738 664 1993 736 664 1994 718 665 1995 671 665 1996 678 665 1997 715 666 1998 670 666 1999 671 666 2000 712 667 2001 662 667 2002 645 667 2003 693 668 2004 645 668 2005 19 668 2006 699 669 2007 615 669 2008 73 669 2009 702 670 2010 607 670 2011 112 670 2012 710 671 2013 592 671 2014 607 671 2015 63 672 2016 586 672 2017 4 672 2018 708 673 2019 581 673 2020 586 673 2021 705 674 2022 669 674 2023 196 674 2024 690 675 2025 199 675 2026 12 675 2027 211 676 2028 24 676 2029 44 676 2030 711 677 2031 196 677 2032 615 677 2033 703 678 2034 182 678 2035 162 678 2036 690 679 2037 162 679 2038 13 679 2039 700 680 2040 112 680 2041 76 680 2042 20 681 2043 692 681 2044 1 681 2045 709 682 2046 93 682 2047 592 682 2048 704 683 2049 76 683 2050 182 683 2051 697 684 2052 70 684 2053 53 684 2054 63 685 2055 53 685 2056 5 685 2057 694 686 2058 48 686 2059 24 686 2060 716 687 2061 722 687 2062 14 687 2063 698 688 2064 26 688 2065 70 688 2066 701 689 2067 3 689 2068 93 689 2069 707 690 2070 73 690 2071 581 690 2072 696 691 2073 16 691 2074 48 691 2075 695 692 2076 6 692 2077 26 692 2078 731 693 2079 17 693 2080 217 693 2081 713 694 2082 719 694 2083 662 694 2084 720 695 2085 723 695 2086 719 695 2087 678 696 2088 675 696 2089 718 696 2090 721 697 2091 676 697 2092 675 697 2093 673 698 2094 713 698 2095 722 698 2096 725 699 2097 195 699 2098 56 699 2099 683 700 2100 56 700 2101 8 700 2102 664 701 2103 8 701 2104 59 701 2105 674 702 2106 66 702 2107 28 702 2108 677 703 2109 102 703 2110 9 703 2111 652 704 2112 101 704 2113 102 704 2114 653 705 2115 623 705 2116 66 705 2117 623 706 2118 728 706 2119 622 706 2120 733 708 2124 738 708 2125 734 708 2126 734 709 2127 737 709 2128 735 709 2129 732 710 2130 736 710 2131 733 710 2132 726 711 2133 729 711 2134 725 711 2135 730 712 2136 731 712 2137 729 712 2138 729 713 2139 217 713 2140 195 713 2141 25 714 2142 462 714 2143 527 714 2144 115 715 2145 117 715 2146 289 715 2147 288 716 2148 285 716 2149 115 716 2150 285 717 2151 283 717 2152 115 717 2153 115 718 2154 289 718 2155 288 718 2156 239 719 2157 214 719 2158 115 719 2159 243 720 2160 241 720 2161 115 720 2162 241 721 2163 239 721 2164 115 721 2165 247 722 2166 245 722 2167 115 722 2168 245 723 2169 243 723 2170 115 723 2171 251 724 2172 249 724 2173 115 724 2174 249 725 2175 247 725 2176 115 725 2177 281 726 2178 279 726 2179 115 726 2180 279 727 2181 277 727 2182 115 727 2183 115 728 2184 283 728 2185 281 728 2186 253 729 2187 251 729 2188 115 729 2189 115 730 2190 277 730 2191 275 730 2192 255 731 2193 253 731 2194 115 731 2195 261 732 2196 259 732 2197 115 732 2198 259 733 2199 257 733 2200 115 733 2201 257 734 2202 255 734 2203 115 734 2204 115 735 2205 275 735 2206 273 735 2207 273 736 2208 271 736 2209 115 736 2210 271 737 2211 269 737 2212 115 737 2213 269 738 2214 267 738 2215 115 738 2216 263 739 2217 261 739 2218 115 739 2219 265 740 2220 263 740 2221 115 740 2222 166 741 2223 69 741 2224 155 741 2225 724 743 2229 16 743 2230 691 743 2231 27 744 2232 7 744 2233 689 744 2234 37 745 2235 38 745 2236 7 745 2237 54 746 2238 10 746 2239 683 746 2240 47 747 2241 10 747 2242 54 747 2243 43 748 2244 20 748 2245 1 748 2246 46 749 2247 17 749 2248 691 749 2249 584 752 2256 21 752 2257 699 752 2258 42 753 2259 12 753 2260 199 753 2261 51 754 2262 44 754 2263 24 754 2264 91 755 2265 1 755 2266 692 755 2267 107 756 2268 49 756 2269 29 756 2270 104 757 2271 29 757 2272 674 757 2273 37 758 2274 27 758 2275 65 758 2276 65 759 2277 27 759 2278 695 759 2279 32 760 2280 150 760 2281 152 760 2282 94 761 2283 41 761 2284 1 761 2285 110 762 2286 158 762 2287 154 762 2288 473 763 2289 471 763 2290 469 763 2291 10 770 2310 726 770 2311 725 770 2312 219 773 2319 51 773 2320 724 773 2321 613 774 2322 614 774 2323 611 774 2324 51 777 2331 48 777 2332 16 777 2333 23 778 2334 46 778 2335 696 778 2336 89 782 2346 472 782 2347 473 782 2348 4 783 2349 58 783 2350 697 783 2351 61 784 2352 58 784 2353 4 784 2354 62 785 2355 54 785 2356 621 785 2357 621 786 2358 54 786 2359 664 786 2360 109 788 2364 161 788 2365 158 788 2366 29 789 2367 71 789 2368 653 789 2369 68 790 2370 71 790 2371 29 790 2372 58 796 2388 65 796 2389 698 796 2390 74 797 2391 65 797 2392 58 797 2393 347 798 2394 123 798 2395 167 798 2396 181 799 2397 81 799 2398 78 799 2399 165 800 2400 78 800 2401 700 800 2402 30 803 2409 140 803 2410 146 803 2411 84 804 2412 138 804 2413 142 804 2414 86 805 2415 130 805 2416 125 805 2417 527 807 2421 462 807 2422 464 807 2423 94 808 2424 91 808 2425 100 808 2426 100 809 2427 91 809 2428 701 809 2429 18 810 2430 125 810 2431 124 810 2432 464 811 2433 465 811 2434 471 811 2435 693 814 2442 19 814 2443 3 814 2444 461 816 2448 407 816 2449 406 816 2450 105 820 2460 159 820 2461 147 820 2462 202 821 2463 67 821 2464 149 821 2465 11 822 2466 103 822 2467 652 822 2468 103 823 2469 104 823 2470 224 823 2471 108 824 2472 103 824 2473 11 824 2474 107 825 2475 104 825 2476 103 825 2477 77 826 2478 156 826 2479 161 826 2480 78 834 2502 114 834 2503 702 834 2504 113 835 2505 114 835 2506 78 835 2507 131 837 2511 128 837 2512 25 837 2513 52 838 2514 122 838 2515 204 838 2516 203 839 2517 126 839 2518 129 839 2519 167 840 2520 123 840 2521 122 840 2522 133 841 2523 188 841 2524 189 841 2525 125 842 2526 130 842 2527 136 842 2528 582 843 2529 469 843 2530 463 843 2531 130 845 2535 132 845 2536 137 845 2537 135 846 2538 128 846 2539 131 846 2540 98 847 2541 136 847 2542 137 847 2543 180 848 2544 183 848 2545 154 848 2546 214 849 2547 188 849 2548 133 849 2549 469 850 2550 471 850 2551 465 850 2552 22 851 2553 60 851 2554 129 851 2555 92 852 2556 96 852 2557 127 852 2558 57 853 2559 97 853 2560 137 853 2561 200 854 2562 22 854 2563 126 854 2564 98 855 2565 55 855 2566 124 855 2567 177 856 2568 118 856 2569 134 856 2570 142 857 2571 138 857 2572 144 857 2573 144 858 2574 138 858 2575 139 858 2576 143 859 2577 144 859 2578 140 859 2579 140 860 2580 144 860 2581 145 860 2582 85 861 2583 139 861 2584 138 861 2585 87 862 2586 142 862 2587 143 862 2588 72 863 2589 141 863 2590 140 863 2591 99 864 2592 143 864 2593 141 864 2594 160 865 2595 151 865 2596 169 865 2597 155 866 2598 148 866 2599 170 866 2600 152 867 2601 150 867 2602 206 867 2603 205 868 2604 207 868 2605 149 868 2606 205 869 2607 147 869 2608 159 869 2609 159 870 2610 152 870 2611 209 870 2612 148 871 2613 153 871 2614 172 871 2615 153 872 2616 160 872 2617 173 872 2618 31 873 2619 147 873 2620 149 873 2621 106 874 2622 152 874 2623 159 874 2624 77 875 2625 83 875 2626 157 875 2627 179 876 2628 172 876 2629 173 876 2630 79 877 2631 170 877 2632 172 877 2633 171 878 2634 170 878 2635 79 878 2636 173 879 2637 169 879 2638 183 879 2639 52 880 2640 176 880 2641 168 880 2642 12 881 2643 164 881 2644 703 881 2645 163 882 2646 164 882 2647 12 882 2648 223 883 2649 226 883 2650 229 883 2651 82 887 2661 166 887 2662 171 887 2663 215 888 2664 176 888 2665 185 888 2666 83 889 2667 82 889 2668 178 889 2669 213 890 2670 185 890 2671 187 890 2672 168 891 2673 176 891 2674 215 891 2675 157 892 2676 178 892 2677 79 892 2678 156 893 2679 79 893 2680 179 893 2681 179 894 2682 180 894 2683 158 894 2684 164 895 2685 165 895 2686 704 895 2687 181 896 2688 165 896 2689 164 896 2690 188 898 2694 186 898 2695 187 898 2696 177 899 2697 189 899 2698 187 899 2699 213 900 2700 186 900 2701 188 900 2702 612 904 2712 191 904 2713 705 904 2714 615 905 2715 196 905 2716 194 905 2717 47 906 2718 197 906 2719 726 906 2720 694 910 2730 24 910 2731 199 910 2732 210 911 2733 23 911 2734 694 911 2735 13 912 2736 210 912 2737 706 912 2738 208 914 2742 209 914 2743 160 914 2744 148 915 2745 205 915 2746 208 915 2747 148 916 2748 155 916 2749 207 916 2750 209 917 2751 206 917 2752 151 917 2753 347 918 2754 200 918 2755 203 918 2756 123 919 2757 203 919 2758 204 919 2759 201 920 2760 204 920 2761 129 920 2762 69 921 2763 202 921 2764 207 921 2765 215 923 2769 213 923 2770 225 923 2771 215 924 2772 227 924 2773 408 924 2774 222 928 2784 228 928 2785 226 928 2786 197 929 2787 219 929 2788 730 929 2789 191 930 2790 670 930 2791 714 930 2792 196 931 2793 669 931 2794 672 931 2795 194 933 2799 672 933 2800 739 933 2801 292 935 2805 234 935 2806 230 935 2807 350 936 2808 352 936 2809 233 936 2810 348 938 2814 350 938 2815 228 938 2816 232 939 2817 233 939 2818 352 939 2819 232 940 2820 230 940 2821 231 940 2822 230 941 2823 234 941 2824 235 941 2825 225 942 2826 230 942 2827 232 942 2828 226 943 2829 231 943 2830 235 943 2831 228 944 2832 233 944 2833 231 944 2834 408 945 2835 227 945 2836 232 945 2837 221 946 2838 237 946 2839 236 946 2840 229 947 2841 235 947 2842 237 947 2843 236 948 2844 237 948 2845 235 948 2846 214 949 2847 238 949 2848 293 949 2849 213 950 2850 214 950 2851 292 950 2852 239 951 2853 240 951 2854 295 951 2855 238 952 2856 239 952 2857 294 952 2858 242 953 2859 243 953 2860 298 953 2861 241 954 2862 242 954 2863 297 954 2864 243 955 2865 244 955 2866 299 955 2867 240 956 2868 241 956 2869 296 956 2870 246 957 2871 247 957 2872 302 957 2873 244 958 2874 245 958 2875 300 958 2876 245 959 2877 246 959 2878 301 959 2879 247 960 2880 248 960 2881 303 960 2882 248 961 2883 249 961 2884 304 961 2885 249 962 2886 250 962 2887 305 962 2888 251 963 2889 252 963 2890 307 963 2891 250 964 2892 251 964 2893 306 964 2894 253 965 2895 254 965 2896 309 965 2897 252 966 2898 253 966 2899 308 966 2900 255 967 2901 256 967 2902 311 967 2903 254 968 2904 255 968 2905 310 968 2906 258 969 2907 259 969 2908 314 969 2909 257 970 2910 258 970 2911 313 970 2912 259 971 2913 260 971 2914 315 971 2915 256 972 2916 257 972 2917 312 972 2918 261 973 2919 262 973 2920 317 973 2921 260 974 2922 261 974 2923 316 974 2924 263 975 2925 264 975 2926 319 975 2927 262 976 2928 263 976 2929 318 976 2930 265 977 2931 266 977 2932 321 977 2933 264 978 2934 265 978 2935 320 978 2936 268 979 2937 269 979 2938 324 979 2939 267 980 2940 268 980 2941 323 980 2942 269 981 2943 270 981 2944 325 981 2945 266 982 2946 267 982 2947 322 982 2948 272 983 2949 273 983 2950 328 983 2951 271 984 2952 272 984 2953 327 984 2954 270 985 2955 271 985 2956 326 985 2957 273 986 2958 274 986 2959 329 986 2960 274 987 2961 275 987 2962 330 987 2963 275 988 2964 276 988 2965 331 988 2966 276 989 2967 277 989 2968 332 989 2969 277 990 2970 278 990 2971 333 990 2972 278 991 2973 279 991 2974 334 991 2975 279 992 2976 280 992 2977 335 992 2978 280 993 2979 281 993 2980 336 993 2981 281 994 2982 282 994 2983 337 994 2984 282 995 2985 283 995 2986 338 995 2987 283 996 2988 284 996 2989 339 996 2990 467 997 2991 96 997 2992 92 997 2993 285 998 2994 286 998 2995 341 998 2996 284 999 2997 285 999 2998 340 999 2999 288 1000 3000 287 1000 3001 342 1000 3002 286 1001 3003 288 1001 3004 343 1001 3005 287 1002 3006 289 1002 3007 344 1002 3008 234 1003 3009 292 1003 3010 294 1003 3011 294 1004 3012 296 1004 3013 234 1004 3014 296 1005 3015 298 1005 3016 234 1005 3017 298 1006 3018 300 1006 3019 234 1006 3020 300 1007 3021 302 1007 3022 234 1007 3023 302 1008 3024 304 1008 3025 234 1008 3026 304 1009 3027 306 1009 3028 234 1009 3029 306 1010 3030 308 1010 3031 234 1010 3032 308 1011 3033 310 1011 3034 234 1011 3035 312 1012 3036 314 1012 3037 234 1012 3038 314 1013 3039 316 1013 3040 234 1013 3041 310 1014 3042 312 1014 3043 234 1014 3044 316 1015 3045 318 1015 3046 234 1015 3047 318 1016 3048 320 1016 3049 236 1016 3050 234 1017 3051 318 1017 3052 236 1017 3053 320 1018 3054 322 1018 3055 236 1018 3056 344 1019 3057 291 1019 3058 236 1019 3059 338 1020 3060 340 1020 3061 236 1020 3062 340 1021 3063 343 1021 3064 236 1021 3065 343 1022 3066 344 1022 3067 236 1022 3068 336 1023 3069 338 1023 3070 236 1023 3071 324 1024 3072 326 1024 3073 236 1024 3074 326 1025 3075 328 1025 3076 236 1025 3077 236 1026 3078 322 1026 3079 324 1026 3080 334 1027 3081 336 1027 3082 236 1027 3083 330 1028 3084 332 1028 3085 236 1028 3086 332 1029 3087 334 1029 3088 236 1029 3089 353 1030 3090 354 1030 3091 349 1030 3092 354 1031 3093 352 1031 3094 350 1031 3095 352 1032 3096 354 1032 3097 353 1032 3098 289 1033 3099 290 1033 3100 345 1033 3101 409 1034 3102 355 1034 3103 347 1034 3104 411 1036 3108 357 1036 3109 356 1036 3110 410 1037 3111 356 1037 3112 355 1037 3113 414 1038 3114 360 1038 3115 359 1038 3116 413 1039 3117 359 1039 3118 358 1039 3119 415 1040 3120 361 1040 3121 360 1040 3122 412 1041 3123 358 1041 3124 357 1041 3125 418 1042 3126 364 1042 3127 363 1042 3128 416 1043 3129 362 1043 3130 361 1043 3131 417 1044 3132 363 1044 3133 362 1044 3134 419 1045 3135 365 1045 3136 364 1045 3137 420 1046 3138 366 1046 3139 365 1046 3140 421 1047 3141 367 1047 3142 366 1047 3143 423 1048 3144 369 1048 3145 368 1048 3146 422 1049 3147 368 1049 3148 367 1049 3149 425 1050 3150 371 1050 3151 370 1050 3152 424 1051 3153 370 1051 3154 369 1051 3155 427 1052 3156 373 1052 3157 372 1052 3158 426 1053 3159 372 1053 3160 371 1053 3161 430 1054 3162 376 1054 3163 375 1054 3164 429 1055 3165 375 1055 3166 374 1055 3167 431 1056 3168 377 1056 3169 376 1056 3170 428 1057 3171 374 1057 3172 373 1057 3173 433 1058 3174 379 1058 3175 378 1058 3176 432 1059 3177 378 1059 3178 377 1059 3179 435 1060 3180 381 1060 3181 380 1060 3182 434 1061 3183 380 1061 3184 379 1061 3185 437 1062 3186 383 1062 3187 382 1062 3188 436 1063 3189 382 1063 3190 381 1063 3191 440 1064 3192 386 1064 3193 385 1064 3194 439 1065 3195 385 1065 3196 384 1065 3197 441 1066 3198 387 1066 3199 386 1066 3200 438 1067 3201 384 1067 3202 383 1067 3203 444 1068 3204 390 1068 3205 389 1068 3206 443 1069 3207 389 1069 3208 388 1069 3209 442 1070 3210 388 1070 3211 387 1070 3212 445 1071 3213 391 1071 3214 390 1071 3215 446 1072 3216 392 1072 3217 391 1072 3218 447 1073 3219 393 1073 3220 392 1073 3221 448 1074 3222 394 1074 3223 393 1074 3224 449 1075 3225 395 1075 3226 394 1075 3227 450 1076 3228 396 1076 3229 395 1076 3230 451 1077 3231 397 1077 3232 396 1077 3233 452 1078 3234 398 1078 3235 397 1078 3236 453 1079 3237 399 1079 3238 398 1079 3239 454 1080 3240 400 1080 3241 399 1080 3242 455 1081 3243 401 1081 3244 400 1081 3245 457 1082 3246 403 1082 3247 402 1082 3248 456 1083 3249 402 1083 3250 401 1083 3251 458 1084 3252 404 1084 3253 405 1084 3254 459 1085 3255 405 1085 3256 403 1085 3257 460 1086 3258 406 1086 3259 404 1086 3260 410 1087 3261 408 1087 3262 351 1087 3263 351 1088 3264 353 1088 3265 434 1088 3266 353 1089 3267 212 1089 3268 460 1089 3269 460 1090 3270 459 1090 3271 353 1090 3272 459 1091 3273 456 1091 3274 353 1091 3275 412 1092 3276 410 1092 3277 351 1092 3278 418 1093 3279 416 1093 3280 351 1093 3281 416 1094 3282 414 1094 3283 351 1094 3284 414 1095 3285 412 1095 3286 351 1095 3287 353 1096 3288 456 1096 3289 454 1096 3290 353 1097 3291 454 1097 3292 452 1097 3293 422 1098 3294 420 1098 3295 351 1098 3296 420 1099 3297 418 1099 3298 351 1099 3299 426 1100 3300 424 1100 3301 351 1100 3302 424 1101 3303 422 1101 3304 351 1101 3305 432 1102 3306 430 1102 3307 351 1102 3308 430 1103 3309 428 1103 3310 351 1103 3311 434 1104 3312 432 1104 3313 351 1104 3314 428 1105 3315 426 1105 3316 351 1105 3317 353 1106 3318 452 1106 3319 450 1106 3320 448 1107 3321 353 1107 3322 450 1107 3323 448 1108 3324 446 1108 3325 353 1108 3326 446 1109 3327 444 1109 3328 353 1109 3329 444 1110 3330 442 1110 3331 353 1110 3332 442 1111 3333 440 1111 3334 353 1111 3335 440 1112 3336 438 1112 3337 353 1112 3338 436 1113 3339 434 1113 3340 353 1113 3341 200 1114 3342 347 1114 3343 356 1114 3344 356 1115 3345 358 1115 3346 200 1115 3347 358 1116 3348 360 1116 3349 200 1116 3350 360 1117 3351 362 1117 3352 200 1117 3353 362 1118 3354 364 1118 3355 200 1118 3356 364 1119 3357 366 1119 3358 200 1119 3359 366 1120 3360 368 1120 3361 200 1120 3362 406 1121 3363 346 1121 3364 200 1121 3365 402 1122 3366 405 1122 3367 200 1122 3368 405 1123 3369 406 1123 3370 200 1123 3371 400 1124 3372 402 1124 3373 200 1124 3374 200 1125 3375 368 1125 3376 370 1125 3377 394 1126 3378 396 1126 3379 200 1126 3380 396 1127 3381 398 1127 3382 200 1127 3383 398 1128 3384 400 1128 3385 200 1128 3386 200 1129 3387 370 1129 3388 372 1129 3389 200 1130 3390 372 1130 3391 374 1130 3392 392 1131 3393 394 1131 3394 200 1131 3395 200 1132 3396 374 1132 3397 376 1132 3398 376 1133 3399 378 1133 3400 200 1133 3401 378 1134 3402 380 1134 3403 200 1134 3404 390 1135 3405 392 1135 3406 200 1135 3407 384 1136 3408 386 1136 3409 200 1136 3410 386 1137 3411 388 1137 3412 200 1137 3413 388 1138 3414 390 1138 3415 200 1138 3416 200 1139 3417 380 1139 3418 382 1139 3419 471 1140 3420 473 1140 3421 472 1140 3422 528 1141 3423 474 1141 3424 467 1141 3425 530 1142 3426 476 1142 3427 475 1142 3428 529 1143 3429 475 1143 3430 474 1143 3431 532 1144 3432 478 1144 3433 477 1144 3434 533 1145 3435 479 1145 3436 478 1145 3437 531 1146 3438 477 1146 3439 476 1146 3440 534 1147 3441 480 1147 3442 479 1147 3443 536 1148 3444 482 1148 3445 481 1148 3446 537 1149 3447 483 1149 3448 482 1149 3449 535 1150 3450 481 1150 3451 480 1150 3452 539 1151 3453 485 1151 3454 484 1151 3455 538 1152 3456 484 1152 3457 483 1152 3458 540 1153 3459 486 1153 3460 485 1153 3461 541 1154 3462 487 1154 3463 486 1154 3464 542 1155 3465 488 1155 3466 487 1155 3467 544 1156 3468 490 1156 3469 489 1156 3470 543 1157 3471 489 1157 3472 488 1157 3473 546 1158 3474 492 1158 3475 491 1158 3476 545 1159 3477 491 1159 3478 490 1159 3479 548 1160 3480 494 1160 3481 493 1160 3482 549 1161 3483 495 1161 3484 494 1161 3485 547 1162 3486 493 1162 3487 492 1162 3488 550 1163 3489 496 1163 3490 495 1163 3491 552 1164 3492 498 1164 3493 497 1164 3494 551 1165 3495 497 1165 3496 496 1165 3497 554 1166 3498 500 1166 3499 499 1166 3500 553 1167 3501 499 1167 3502 498 1167 3503 556 1168 3504 502 1168 3505 501 1168 3506 555 1169 3507 501 1169 3508 500 1169 3509 558 1170 3510 504 1170 3511 503 1170 3512 559 1171 3513 505 1171 3514 504 1171 3515 557 1172 3516 503 1172 3517 502 1172 3518 560 1173 3519 506 1173 3520 505 1173 3521 562 1174 3522 508 1174 3523 507 1174 3524 563 1175 3525 509 1175 3526 508 1175 3527 561 1176 3528 507 1176 3529 506 1176 3530 564 1177 3531 510 1177 3532 509 1177 3533 565 1178 3534 511 1178 3535 510 1178 3536 566 1179 3537 512 1179 3538 511 1179 3539 567 1180 3540 513 1180 3541 512 1180 3542 568 1181 3543 514 1181 3544 513 1181 3545 569 1182 3546 515 1182 3547 514 1182 3548 570 1183 3549 516 1183 3550 515 1183 3551 571 1184 3552 517 1184 3553 516 1184 3554 572 1185 3555 518 1185 3556 517 1185 3557 573 1186 3558 519 1186 3559 518 1186 3560 574 1187 3561 520 1187 3562 519 1187 3563 575 1188 3564 521 1188 3565 520 1188 3566 576 1189 3567 522 1189 3568 521 1189 3569 577 1190 3570 523 1190 3571 524 1190 3572 578 1191 3573 524 1191 3574 522 1191 3575 580 1192 3576 526 1192 3577 525 1192 3578 579 1193 3579 525 1193 3580 523 1193 3581 529 1195 3585 527 1195 3586 470 1195 3587 470 1196 3588 472 1196 3589 553 1196 3590 472 1197 3591 89 1197 3592 579 1197 3593 579 1198 3594 578 1198 3595 472 1198 3596 578 1199 3597 575 1199 3598 472 1199 3599 531 1200 3600 529 1200 3601 470 1200 3602 537 1201 3603 535 1201 3604 470 1201 3605 535 1202 3606 533 1202 3607 470 1202 3608 533 1203 3609 531 1203 3610 470 1203 3611 472 1204 3612 575 1204 3613 573 1204 3614 573 1205 3615 571 1205 3616 472 1205 3617 571 1206 3618 569 1206 3619 472 1206 3620 541 1207 3621 539 1207 3622 470 1207 3623 539 1208 3624 537 1208 3625 470 1208 3626 543 1209 3627 541 1209 3628 470 1209 3629 472 1210 3630 569 1210 3631 567 1210 3632 565 1211 3633 472 1211 3634 567 1211 3635 565 1212 3636 563 1212 3637 472 1212 3638 563 1213 3639 561 1213 3640 472 1213 3641 561 1214 3642 559 1214 3643 472 1214 3644 559 1215 3645 557 1215 3646 472 1215 3647 557 1216 3648 555 1216 3649 472 1216 3650 555 1217 3651 553 1217 3652 472 1217 3653 553 1218 3654 551 1218 3655 470 1218 3656 551 1219 3657 549 1219 3658 470 1219 3659 545 1220 3660 543 1220 3661 470 1220 3662 549 1221 3663 547 1221 3664 470 1221 3665 586 1223 3669 581 1223 3670 585 1223 3671 589 1225 3675 584 1225 3676 707 1225 3677 5 1226 3678 589 1226 3679 708 1226 3680 4 1228 3684 586 1228 3685 590 1228 3686 463 1230 3690 86 1230 3691 2 1230 3692 463 1231 3693 465 1231 3694 130 1231 3695 465 1232 3696 464 1232 3697 132 1232 3698 462 1233 3699 57 1233 3700 132 1233 3701 606 1234 3702 100 1234 3703 709 1234 3704 593 1235 3705 100 1235 3706 606 1235 3707 605 1237 3711 611 1237 3712 614 1237 3713 57 1238 3714 596 1238 3715 597 1238 3716 134 1242 3726 605 1242 3727 604 1242 3728 115 1243 3729 133 1243 3730 604 1243 3731 118 1244 3732 603 1244 3733 605 1244 3734 115 1245 3735 601 1245 3736 602 1245 3737 608 1247 3741 606 1247 3742 114 1247 3743 114 1248 3744 606 1248 3745 710 1248 3746 601 1251 3753 613 1251 3754 617 1251 3755 601 1252 3756 604 1252 3757 614 1252 3758 591 1253 3759 611 1253 3760 96 1253 3761 617 1254 3762 613 1254 3763 591 1254 3764 591 1255 3765 467 1255 3766 475 1255 3767 475 1256 3768 477 1256 3769 591 1256 3770 477 1257 3771 479 1257 3772 591 1257 3773 481 1258 3774 483 1258 3775 591 1258 3776 483 1259 3777 485 1259 3778 591 1259 3779 479 1260 3780 481 1260 3781 591 1260 3782 525 1261 3783 466 1261 3784 591 1261 3785 521 1262 3786 524 1262 3787 591 1262 3788 524 1263 3789 525 1263 3790 591 1263 3791 519 1264 3792 521 1264 3793 591 1264 3794 519 1265 3795 591 1265 3796 517 1265 3797 485 1266 3798 487 1266 3799 591 1266 3800 517 1267 3801 591 1267 3802 515 1267 3803 513 1268 3804 515 1268 3805 591 1268 3806 511 1269 3807 591 1269 3808 509 1269 3809 487 1270 3810 489 1270 3811 591 1270 3812 489 1271 3813 491 1271 3814 591 1271 3815 491 1272 3816 493 1272 3817 591 1272 3818 493 1273 3819 495 1273 3820 591 1273 3821 495 1274 3822 497 1274 3823 591 1274 3824 497 1275 3825 499 1275 3826 591 1275 3827 511 1276 3828 513 1276 3829 591 1276 3830 507 1277 3831 509 1277 3832 591 1277 3833 505 1278 3834 507 1278 3835 591 1278 3836 501 1279 3837 591 1279 3838 499 1279 3839 503 1280 3840 505 1280 3841 591 1280 3842 127 1282 3846 96 1282 3847 611 1282 3848 127 1283 3849 605 1283 3850 603 1283 3851 581 1284 3852 73 1284 3853 64 1284 3854 73 1287 3861 615 1287 3862 88 1287 3863 21 1288 3864 612 1288 3865 711 1288 3866 653 1303 3909 71 1303 3910 620 1303 3911 727 1304 3912 620 1304 3913 621 1304 3914 627 1305 3915 620 1305 3916 71 1305 3917 626 1306 3918 621 1306 3919 620 1306 3920 462 1309 3927 25 1309 3928 596 1309 3929 596 1310 3930 641 1310 3931 642 1310 3932 25 1314 3942 128 1314 3943 641 1314 3944 20 1328 3984 646 1328 3985 712 1328 3986 648 1329 3987 646 1329 3988 20 1329 3989 224 1334 4002 674 1334 4003 28 1334 4004 738 1339 4017 14 1339 4018 648 1339 4019 646 1341 4023 722 1341 4024 713 1341 4025 14 1342 4026 722 1342 4027 646 1342 4028 672 1344 4032 669 1344 4033 714 1344 4034 739 1345 4035 672 1345 4036 715 1345 4037 717 1346 4038 716 1346 4039 14 1346 4040 717 1350 4050 736 1350 4051 739 1350 4052 622 1354 4062 728 1354 4063 664 1354 4064 718 1361 4083 675 1361 4084 716 1361 4085 675 1362 4086 676 1362 4087 673 1362 4088 718 1363 4089 715 1363 4090 671 1363 4091 715 1364 4092 714 1364 4093 670 1364 4094 712 1365 4095 713 1365 4096 662 1365 4097 693 1366 4098 712 1366 4099 645 1366 4100 699 1367 4101 711 1367 4102 615 1367 4103 702 1368 4104 710 1368 4105 607 1368 4106 710 1369 4107 709 1369 4108 592 1369 4109 63 1370 4110 708 1370 4111 586 1370 4112 708 1371 4113 707 1371 4114 581 1371 4115 705 1372 4116 714 1372 4117 669 1372 4118 690 1373 4119 706 1373 4120 199 1373 4121 211 1374 4122 199 1374 4123 24 1374 4124 711 1375 4125 705 1375 4126 196 1375 4127 703 1376 4128 704 1376 4129 182 1376 4130 690 1377 4131 703 1377 4132 162 1377 4133 700 1378 4134 702 1378 4135 112 1378 4136 20 1379 4137 693 1379 4138 692 1379 4139 709 1380 4140 701 1380 4141 93 1380 4142 704 1381 4143 700 1381 4144 76 1381 4145 697 1382 4146 698 1382 4147 70 1382 4148 63 1383 4149 697 1383 4150 53 1383 4151 694 1384 4152 696 1384 4153 48 1384 4154 716 1385 4155 673 1385 4156 722 1385 4157 698 1386 4158 695 1386 4159 26 1386 4160 701 1387 4161 692 1387 4162 3 1387 4163 707 1388 4164 699 1388 4165 73 1388 4166 696 1389 4167 691 1389 4168 16 1389 4169 695 1390 4170 689 1390 4171 6 1390 4172 731 1391 4173 691 1391 4174 17 1391 4175 713 1392 4176 720 1392 4177 719 1392 4178 720 1393 4179 676 1393 4180 723 1393 4181 678 1394 4182 721 1394 4183 675 1394 4184 721 1395 4185 723 1395 4186 676 1395 4187 673 1396 4188 720 1396 4189 713 1396 4190 725 1397 4191 729 1397 4192 195 1397 4193 683 1398 4194 725 1398 4195 56 1398 4196 664 1399 4197 683 1399 4198 8 1399 4199 674 1400 4200 653 1400 4201 66 1400 4202 677 1401 4203 652 1401 4204 102 1401 4205 652 1402 4206 224 1402 4207 101 1402 4208 653 1403 4209 727 1403 4210 623 1403 4211 623 1404 4212 727 1404 4213 728 1404 4214 733 1406 4218 736 1406 4219 738 1406 4220 734 1407 4221 738 1407 4222 737 1407 4223 732 1408 4224 739 1408 4225 736 1408 4226 726 1409 4227 730 1409 4228 729 1409 4229 730 1410 4230 724 1410 4231 731 1410 4232 729 1411 4233 731 1411 4234 217 1411 4235</p>
        </triangles>
        <triangles material="asphalt-1-material" count="258">
          <input semantic="VERTEX" source="#Cube-mesh-vertices" offset="0"/>
          <input semantic="NORMAL" source="#Cube-mesh-normals" offset="1"/>
          <input semantic="TEXCOORD" source="#Cube-mesh-map-0" offset="2" set="0"/>
          <p>0 3 9 41 3 10 174 3 11 175 11 33 666 11 34 667 11 35 45 12 36 667 12 37 657 12 38 684 27 81 74 27 82 679 27 83 661 28 84 40 28 85 658 28 86 681 30 90 37 30 91 684 30 92 665 31 93 668 31 94 663 31 95 184 32 96 51 32 97 219 32 98 348 33 99 211 33 100 349 33 101 659 35 105 45 35 106 657 35 107 660 36 108 39 36 109 659 36 110 223 39 117 81 39 118 181 39 119 31 40 120 107 40 121 105 40 122 22 43 129 62 43 130 60 43 131 624 44 132 62 44 133 626 44 134 680 45 135 34 45 136 686 45 137 636 51 153 60 51 154 624 51 155 174 55 165 94 55 166 220 55 167 67 56 168 49 56 169 31 56 170 679 57 171 61 57 172 680 57 173 583 58 174 468 58 175 582 58 176 618 59 177 166 59 178 633 59 179 628 65 195 177 65 196 630 65 197 585 66 198 682 66 199 685 66 200 220 72 216 593 72 217 594 72 218 98 78 234 87 78 235 99 78 236 111 79 237 77 79 238 119 79 239 55 81 243 99 81 244 72 81 245 595 83 249 609 83 250 610 83 251 106 84 252 50 84 253 32 84 254 105 85 255 108 85 256 106 85 257 120 93 279 77 93 280 109 93 281 120 94 282 110 94 283 121 94 284 121 95 285 80 95 286 116 95 287 640 96 288 116 96 289 638 96 290 639 97 291 121 97 292 640 97 293 642 98 294 120 98 295 639 98 296 641 99 297 119 99 298 642 99 299 221 102 306 81 102 307 218 102 308 527 110 330 471 110 331 469 110 332 631 150 450 82 150 451 83 150 452 635 151 453 166 151 454 82 151 455 222 152 456 42 152 457 348 152 458 222 163 489 181 163 490 163 163 491 95 167 501 595 167 502 617 167 503 616 168 504 198 168 505 95 168 506 610 169 507 617 169 508 595 169 509 88 173 519 732 173 520 688 173 521 90 174 522 192 174 523 616 174 524 22 175 525 197 175 526 47 175 527 212 179 537 184 179 538 190 179 539 619 188 564 201 188 565 636 188 566 349 191 573 44 191 574 184 191 575 595 192 576 220 192 577 594 192 578 198 193 579 174 193 580 220 193 581 190 198 594 219 198 595 197 198 596 193 200 600 174 200 601 192 200 602 408 203 609 352 203 610 350 203 611 345 332 996 117 332 997 291 332 998 466 494 1482 580 494 1483 89 494 1484 588 548 1644 582 548 1645 587 548 1646 590 550 1650 685 550 1651 687 550 1652 34 553 1659 687 553 1660 686 553 1661 18 555 1665 587 555 1666 2 555 1667 594 562 1686 608 562 1687 609 562 1688 97 565 1695 599 565 1696 87 565 1697 87 566 1698 600 566 1699 84 566 1700 84 567 1701 598 567 1702 85 567 1703 221 572 1716 608 572 1717 113 572 1718 291 575 1725 609 575 1726 221 575 1727 346 576 1728 461 576 1729 212 576 1730 89 582 1746 617 582 1747 466 582 1748 75 586 1758 616 586 1759 468 586 1760 64 587 1761 688 587 1762 682 587 1763 468 590 1770 95 590 1771 89 590 1772 117 591 1773 610 591 1774 291 591 1775 69 592 1776 637 592 1777 202 592 1778 618 593 1779 636 593 1780 637 593 1781 185 594 1782 632 594 1783 634 594 1784 634 595 1785 633 595 1786 635 595 1787 177 596 1788 634 596 1789 630 596 1790 630 597 1791 635 597 1792 631 597 1793 111 598 1794 631 598 1795 83 598 1796 629 599 1797 630 599 1798 631 599 1799 52 600 1800 632 600 1801 176 600 1802 619 601 1803 633 601 1804 632 601 1805 202 602 1806 625 602 1807 67 602 1808 637 603 1809 624 603 1810 625 603 1811 67 608 1824 627 608 1825 68 608 1826 625 609 1827 626 609 1828 627 609 1829 597 612 1836 639 612 1837 599 612 1838 599 613 1839 640 613 1840 600 613 1841 600 614 1842 638 614 1843 598 614 1844 111 616 1848 128 616 1849 629 616 1850 135 617 1851 629 617 1852 128 617 1853 628 618 1854 603 618 1855 118 618 1856 650 619 1857 90 619 1858 75 619 1859 644 620 1860 588 620 1861 18 620 1862 655 621 1863 583 621 1864 588 621 1865 735 622 1866 0 622 1867 193 622 1868 656 623 1869 193 623 1870 90 623 1871 654 624 1872 75 624 1873 583 624 1874 72 625 1875 649 625 1876 55 625 1877 55 626 1878 644 626 1879 18 626 1880 737 627 1881 43 627 1882 0 627 1883 33 628 1884 647 628 1885 30 628 1886 30 631 1893 651 631 1894 72 631 1895 663 632 1896 656 632 1897 650 632 1898 657 633 1899 655 633 1900 644 633 1901 667 634 1902 654 634 1903 655 634 1904 668 636 1908 735 636 1909 656 636 1910 666 637 1911 650 637 1912 654 637 1913 651 638 1914 659 638 1915 649 638 1916 649 639 1917 657 639 1918 644 639 1919 643 641 1923 658 641 1924 647 641 1925 651 644 1932 658 644 1933 660 644 1934 216 648 1944 663 648 1945 666 648 1946 36 649 1947 734 649 1948 668 649 1949 660 650 1950 40 650 1951 35 650 1952 682 652 1956 36 652 1957 665 652 1958 686 653 1959 175 653 1960 45 653 1961 687 654 1962 216 654 1963 175 654 1964 688 656 1968 733 656 1969 36 656 1970 685 657 1971 665 657 1972 216 657 1973 35 658 1974 680 658 1975 39 658 1976 39 659 1977 686 659 1978 45 659 1979 15 660 1980 684 660 1981 40 660 1982 40 661 1983 679 661 1984 35 661 1985 346 707 2121 190 707 2122 22 707 2123 0 742 2226 43 742 2227 41 742 2228 175 750 2250 216 750 2251 666 750 2252 45 751 2253 175 751 2254 667 751 2255 684 764 2292 37 764 2293 74 764 2294 661 765 2295 15 765 2296 40 765 2297 681 766 2298 38 766 2299 37 766 2300 665 767 2301 36 767 2302 668 767 2303 184 768 2304 44 768 2305 51 768 2306 348 769 2307 42 769 2308 211 769 2309 659 771 2313 39 771 2314 45 771 2315 660 772 2316 35 772 2317 39 772 2318 223 775 2325 218 775 2326 81 775 2327 31 776 2328 49 776 2329 107 776 2330 22 779 2337 47 779 2338 62 779 2339 624 780 2340 60 780 2341 62 780 2342 680 781 2343 61 781 2344 34 781 2345 636 787 2361 201 787 2362 60 787 2363 174 791 2373 41 791 2374 94 791 2375 67 792 2376 68 792 2377 49 792 2378 679 793 2379 74 793 2380 61 793 2381 583 794 2382 75 794 2383 468 794 2384 618 795 2385 69 795 2386 166 795 2387 628 801 2403 118 801 2404 177 801 2405 585 802 2406 64 802 2407 682 802 2408 220 806 2418 94 806 2419 593 806 2420 98 812 2436 97 812 2437 87 812 2438 111 813 2439 83 813 2440 77 813 2441 55 815 2445 98 815 2446 99 815 2447 595 817 2451 594 817 2452 609 817 2453 106 818 2454 108 818 2455 50 818 2456 105 819 2457 107 819 2458 108 819 2459 120 827 2481 119 827 2482 77 827 2483 120 828 2484 109 828 2485 110 828 2486 121 829 2487 110 829 2488 80 829 2489 640 830 2490 121 830 2491 116 830 2492 639 831 2493 120 831 2494 121 831 2495 642 832 2496 119 832 2497 120 832 2498 641 833 2499 111 833 2500 119 833 2501 221 836 2508 113 836 2509 81 836 2510 527 844 2532 470 844 2533 471 844 2534 631 884 2652 635 884 2653 82 884 2654 635 885 2655 633 885 2656 166 885 2657 222 886 2658 163 886 2659 42 886 2660 222 897 2691 223 897 2692 181 897 2693 95 901 2703 198 901 2704 595 901 2705 616 902 2706 192 902 2707 198 902 2708 610 903 2709 602 903 2710 617 903 2711 88 907 2721 194 907 2722 732 907 2723 90 908 2724 193 908 2725 192 908 2726 22 909 2727 190 909 2728 197 909 2729 212 913 2739 349 913 2740 184 913 2741 619 922 2766 52 922 2767 201 922 2768 349 925 2775 211 925 2776 44 925 2777 595 926 2778 198 926 2779 220 926 2780 198 927 2781 192 927 2782 174 927 2783 190 932 2796 184 932 2797 219 932 2798 193 934 2802 0 934 2803 174 934 2804 408 937 2811 351 937 2812 352 937 2813 345 1035 3105 290 1035 3106 117 1035 3107 466 1194 3582 526 1194 3583 580 1194 3584 588 1222 3666 583 1222 3667 582 1222 3668 590 1224 3672 585 1224 3673 685 1224 3674 34 1227 3681 590 1227 3682 687 1227 3683 18 1229 3687 588 1229 3688 587 1229 3689 594 1236 3708 593 1236 3709 608 1236 3710 97 1239 3717 597 1239 3718 599 1239 3719 87 1240 3720 599 1240 3721 600 1240 3722 84 1241 3723 600 1241 3724 598 1241 3725 221 1246 3738 609 1246 3739 608 1246 3740 291 1249 3747 610 1249 3748 609 1249 3749 346 1250 3750 407 1250 3751 461 1250 3752 89 1281 3843 95 1281 3844 617 1281 3845 75 1285 3855 90 1285 3856 616 1285 3857 64 1286 3858 88 1286 3859 688 1286 3860 468 1289 3867 616 1289 3868 95 1289 3869 117 1290 3870 602 1290 3871 610 1290 3872 69 1291 3873 618 1291 3874 637 1291 3875 618 1292 3876 619 1292 3877 636 1292 3878 185 1293 3879 176 1293 3880 632 1293 3881 634 1294 3882 632 1294 3883 633 1294 3884 177 1295 3885 185 1295 3886 634 1295 3887 630 1296 3888 634 1296 3889 635 1296 3890 111 1297 3891 629 1297 3892 631 1297 3893 629 1298 3894 628 1298 3895 630 1298 3896 52 1299 3897 619 1299 3898 632 1299 3899 619 1300 3900 618 1300 3901 633 1300 3902 202 1301 3903 637 1301 3904 625 1301 3905 637 1302 3906 636 1302 3907 624 1302 3908 67 1307 3921 625 1307 3922 627 1307 3923 625 1308 3924 624 1308 3925 626 1308 3926 597 1311 3933 642 1311 3934 639 1311 3935 599 1312 3936 639 1312 3937 640 1312 3938 600 1313 3939 640 1313 3940 638 1313 3941 111 1315 3945 641 1315 3946 128 1315 3947 135 1316 3948 628 1316 3949 629 1316 3950 628 1317 3951 135 1317 3952 603 1317 3953 650 1318 3954 656 1318 3955 90 1318 3956 644 1319 3957 655 1319 3958 588 1319 3959 655 1320 3960 654 1320 3961 583 1320 3962 735 1321 3963 737 1321 3964 0 1321 3965 656 1322 3966 735 1322 3967 193 1322 3968 654 1323 3969 650 1323 3970 75 1323 3971 72 1324 3972 651 1324 3973 649 1324 3974 55 1325 3975 649 1325 3976 644 1325 3977 737 1326 3978 648 1326 3979 43 1326 3980 33 1327 3981 643 1327 3982 647 1327 3983 30 1330 3990 647 1330 3991 651 1330 3992 663 1331 3993 668 1331 3994 656 1331 3995 657 1332 3996 667 1332 3997 655 1332 3998 667 1333 3999 666 1333 4000 654 1333 4001 668 1335 4005 734 1335 4006 735 1335 4007 666 1336 4008 663 1336 4009 650 1336 4010 651 1337 4011 660 1337 4012 659 1337 4013 649 1338 4014 659 1338 4015 657 1338 4016 643 1340 4020 661 1340 4021 658 1340 4022 651 1343 4029 647 1343 4030 658 1343 4031 216 1347 4041 665 1347 4042 663 1347 4043 36 1348 4044 733 1348 4045 734 1348 4046 660 1349 4047 658 1349 4048 40 1349 4049 682 1351 4053 688 1351 4054 36 1351 4055 686 1352 4056 687 1352 4057 175 1352 4058 687 1353 4059 685 1353 4060 216 1353 4061 688 1355 4065 732 1355 4066 733 1355 4067 685 1356 4068 682 1356 4069 665 1356 4070 35 1357 4071 679 1357 4072 680 1357 4073 39 1358 4074 680 1358 4075 686 1358 4076 15 1359 4077 681 1359 4078 684 1359 4079 40 1360 4080 684 1360 4081 679 1360 4082 346 1405 4215 212 1405 4216 190 1405 4217</p>
        </triangles>
      </mesh>
    </geometry>
  </library_geometries>
  <library_visual_scenes>
    <visual_scene id="Scene" name="Scene">
      <node id="Cube" name="Cube" type="NODE">
        <matrix sid="transform">1 0 0 0 0 1 0 0 0 0 1 0 0 0 0 1</matrix>
        <instance_geometry url="#Cube-mesh" name="Cube">
          <bind_material>
            <technique_common>
              <instance_material symbol="concrete-1-material" target="#concrete-1-material">
                <bind_vertex_input semantic="UVMap" input_semantic="TEXCOORD" input_set="0"/>
              </instance_material>
              <instance_material symbol="galvalume-material" target="#galvalume-material">
                <bind_vertex_input semantic="UVMap" input_semantic="TEXCOORD" input_set="0"/>
              </instance_material>
              <instance_material symbol="asphalt-1-material" target="#asphalt-1-material">
                <bind_vertex_input semantic="UVMap" input_semantic="TEXCOORD" input_set="0"/>
              </instance_material>
              <instance_material symbol="white-line-material" target="#white-line-material">
                <bind_vertex_input semantic="UVMap" input_semantic="TEXCOORD" input_set="0"/>
              </instance_material>
            </technique_common>
          </bind_material>
        </instance_geometry>
      </node>
    </visual_scene>
  </library_visual_scenes>
  <scene>
    <instance_visual_scene url="#Scene"/>
  </scene>
</COLLADA>