<?xml version="1.0" encoding="utf-8"?>
<COLLADA xmlns="http://www.collada.org/2005/11/COLLADASchema" version="1.4.1" xmlns:xsi="http://www.w3.org/2001/XMLSchema-instance">
  <asset>
    <contributor>
      <author>Blender User</author>
      <authoring_tool>Blender 4.2.23 LTS commit date:2026-07-20, commit time:13:44, hash:d0cbe84903e8</authoring_tool>
    </contributor>
    <created>2026-08-06T16:21:03</created>
    <modified>2026-08-06T16:21:03</modified>
    <unit name="meter" meter="1"/>
    <up_axis>Z_UP</up_axis>
  </asset>
  <library_effects>
    <effect id="Paintable-0-effect">
      <profile_COMMON>
        <technique sid="common">
          <lambert>
            <emission>
              <color sid="emission">0 0 0 1</color>
            </emission>
            <diffuse>
              <color sid="diffuse">1 0.4969335 0 1</color>
            </diffuse>
            <index_of_refraction>
              <float sid="ior">1.45</float>
            </index_of_refraction>
          </lambert>
        </technique>
      </profile_COMMON>
    </effect>
    <effect id="Paintable-1-effect">
      <profile_COMMON>
        <technique sid="common">
          <lambert>
            <emission>
              <color sid="emission">0 0 0 1</color>
            </emission>
            <diffuse>
              <color sid="diffuse">0.6104922 0.4910214 0 1</color>
            </diffuse>
            <index_of_refraction>
              <float sid="ior">1.5</float>
            </index_of_refraction>
          </lambert>
        </technique>
      </profile_COMMON>
    </effect>
  </library_effects>
  <library_images/>
  <library_materials>
    <material id="Paintable-0-material" name="Paintable-0">
      <instance_effect url="#Paintable-0-effect"/>
    </material>
    <material id="Paintable-1-material" name="Paintable-1">
      <instance_effect url="#Paintable-1-effect"/>
    </material>
  </library_materials>
  <library_geometries>
    <geometry id="Cube-mesh" name="Cube">
      <mesh>
        <source id="Cube-mesh-positions">
          <float_array id="Cube-mesh-positions-array" count="1986">0.07499992 0.2291877 0.1534743 -0.07499992 0.3094727 0.4005659 -0.01422649 0.2389025 0.3128158 -0.06499993 0.2850992 0.3902735 -0.06999993 0.2782648 0.4016 0.1074999 0.2920776 0.3470294 0.1174999 0.2867252 0.3305566 -0.1399999 0.2407984 0.2862906 0.1399999 0.2598196 0.2801102 0.06999993 0.2972859 0.3954197 0.00999999 0.2491149 0.2471647 -0.00999999 0.2491149 0.2471647 -0.02499997 0.2678481 0.3048195 -0.03499996 0.2624958 0.2883467 0.02499997 0.2678481 0.3048195 0.03499996 0.2624958 0.2883467 0.01999998 0.2491149 0.2471647 0.03999996 0.2598195 0.2801103 -0.03999996 0.2598195 0.2801103 -0.01999998 0.2491149 0.2471647 0.01999998 0.2705242 0.3130559 -0.01999998 0.2705242 0.3130559 -0.1174999 0.2486829 0.3429173 0.07499992 0.3094726 0.4005659 -0.1074999 0.2540353 0.3593901 -0.06999993 0.2972859 0.3954197 0.1499999 0.2693302 0.27702 0.06999993 0.2223533 0.1648008 -0.1074999 0.2920776 0.3470294 -0.1174999 0.2867252 0.3305566 -0.06999999 0.2223533 0.1648008 -0.1399999 0.2598196 0.2801102 0.06499993 0.2850992 0.3902735 0.1099999 0.2758766 0.3295286 0.08499997 0.2958039 0.4232192 0.07499992 0.2714304 0.4129266 -0.1099999 0.2758766 0.3295286 -0.0999999 0.2812289 0.3460014 -0.06499993 0.2155189 0.1761274 -0.08499997 0.2048142 0.1431818 0.09999996 0.2812289 0.3460014 -0.00999999 0.2291877 0.1534743 0.00999993 0.2291877 0.1534743 -0.07499992 0.1911454 0.165835 -0.07499998 0.2291877 0.1534742 -0.00999999 0.2223533 0.1648008 0.00999993 0.2223533 0.1648008 -0.1499999 0.2693302 0.2770201 -0.02845299 0.231288 0.2893807 -0.01422643 0.2236735 0.2659457 0.01422649 0.2236735 0.2659457 0.02845299 0.231288 0.2893807 0.01422649 0.2389025 0.3128158 -0.01633971 0.2377713 0.3093347 -0.0263397 0.232419 0.2928619 -0.00999999 0.2236734 0.2659457 0.00999999 0.2236734 0.2659457 0.0263397 0.232419 0.2928619 0.01633971 0.2377713 0.3093347 0.01999998 0.2515032 0.3192362 -0.01999998 0.2515032 0.3192362 0.01999998 0.2300938 0.253345 0.03999996 0.2407985 0.2862906 -0.03999996 0.2407985 0.2862906 -0.01999998 0.2300938 0.253345 -0.08499997 0.2958039 0.4232191 -0.07499992 0.2714304 0.4129266 -0.1299999 0.2503091 0.2832004 -0.17 0.2503091 0.2832005 0.06999993 0.2782648 0.4016001 -0.1499999 0.2312878 0.2893807 -0.06999993 0.2033321 0.1709812 0.1074999 0.2540353 0.3593901 0.1174999 0.248683 0.3429173 0.1324999 0.2703803 0.3449734 0.1225 0.2757326 0.3614462 0.06999999 0.2033321 0.1709811 -0.09249997 0.2703803 0.3449733 0.1399999 0.2407985 0.2862906 -0.1099999 0.2568554 0.3357089 -0.1025 0.2650279 0.3285006 -0.03499996 0.2434746 0.294527 -0.02499997 0.248827 0.3109998 0.02499997 0.2583376 0.3079096 0.03499996 0.2529852 0.2914369 0.1099999 0.2568555 0.3357089 0.03499996 0.2434746 0.294527 0.02499997 0.248827 0.3109998 0.09249997 0.2703803 0.3449734 0.0999999 0.2622078 0.3521817 -0.01999998 0.2396044 0.2502549 -0.09999996 0.2622078 0.3521817 -0.02499997 0.2583376 0.3079096 0.00999999 0.1911454 0.165835 -0.03999996 0.2503091 0.2832004 0.03999996 0.2503091 0.2832004 -0.03499996 0.2529852 0.2914369 -0.1325 0.2703803 0.3449734 -0.00999993 0.1911454 0.165835 0.01999998 0.2396044 0.2502549 -0.01999998 0.2610138 0.316146 -0.1225 0.2757326 0.3614462 0.1024999 0.265028 0.3285006 0.01999998 0.2610138 0.316146 0.06499999 0.2155189 0.1761274 0.08499997 0.2048142 0.1431818 0.07499998 0.1911454 0.1658349 -0.00999993 0.2155189 0.1761274 0.00999999 0.2033321 0.1709811 0.00999999 0.2155189 0.1761273 0.00999999 0.2300938 0.253345 -0.00999999 0.2300938 0.253345 0.1299999 0.2503091 0.2832005 0.17 0.2503091 0.2832005 -0.00999993 0.2033321 0.1709811 -0.00999999 0.2396044 0.2502549 0.00999999 0.2396044 0.2502549 0.00999999 0.2048142 0.1431818 -0.00999999 0.2048142 0.1431818 0.1499999 0.2312879 0.2893808 -0.0625 0.2524451 0.225053 -0.0625 0.2831249 0.3194758 0.06249994 0.2524451 0.225053 0.06249994 0.2831249 0.3194758 -0.0625 0.375 0.125 0.06249994 0.375 0.125 0.00999999 0.2586255 0.2440745 -0.00999999 0.2586255 0.2440745 -0.02499997 0.2773587 0.3017293 -0.03499996 0.2720063 0.2852565 0.02499997 0.2773587 0.3017293 0.03499996 0.2720063 0.2852565 0.01999998 0.2586255 0.2440745 0.03999996 0.2693302 0.2770201 -0.03999996 0.2693302 0.2770201 -0.01999998 0.2586255 0.2440745 0.01999998 0.2800348 0.3099657 -0.01999998 0.2800348 0.3099657 0.06249994 0.5 0.125 0.06249994 0.5 0.2490088 -0.0625 0.5 0.2490088 -0.0625 0.5 0.125 -0.0625 0.375 0.2896237 0.06249994 0.375 0.2896237 -0.25 -0.375 -0.125 -0.25 -0.375 -0.07499998 -0.25 0.125 -0.125 -0.25 0.125 -0.115 -0.25 -0.375 -0.115 -0.24 0.125 -0.125 -0.24 -0.375 -0.125 -0.24 -0.375 -0.07499998 -0.24 0.125 -0.115 -0.24 -0.375 -0.115 -0.25 0.115 -0.125 -0.25 0.115 -0.07499998 -0.24 0.115 -0.07499998 -0.24 0.115 -0.125 -0.25 0.115 -0.115 -0.24 0.115 -0.115 -0.24 -0.125 -0.07499998 -0.25 -0.125 -0.125 -0.25 -0.375 -0.08499997 -0.24 -0.375 -0.08499997 -0.24 0.115 -0.08499997 -0.25 0.115 -0.08499997 -0.25 0.125 -0.08499997 -0.24 0.125 -0.08499997 -0.24 -0.125 -0.125 -0.24 -0.125 -0.115 -0.25 -0.125 -0.07499998 -0.25 -0.125 -0.115 -0.25 -0.125 -0.08499997 -0.24 -0.125 -0.08499997 -0.2399998 -0.3249999 0.02499997 -0.2499999 -0.3249999 0.02499997 -0.25 -0.275 -0.125 0.25 0.1250004 -0.125 -0.24 -0.275 -0.125 -0.24 -0.275 -0.115 -0.25 -0.275 -0.07499998 -0.25 -0.275 -0.115 -0.25 -0.275 -0.08499997 -0.24 -0.275 -0.08499997 -0.2399998 -0.275 0.02499997 -0.2499999 -0.275 0.02499997 0.25 -0.3749996 -0.125 -0.2399997 -0.375 0.375 -0.2499997 -0.375 0.375 -0.2499997 -0.325 0.375 -0.2399997 -0.325 0.375 -0.2117156 0.125 -0.125 -0.2299999 -0.375 -0.125 -0.2299999 -0.375 -0.115 -0.2299999 0.115 -0.125 -0.2299999 -0.125 -0.115 -0.2299999 -0.125 -0.125 -0.2299999 -0.275 -0.115 -0.2299999 -0.275 -0.125 0.2499998 -0.3649999 0.625 -0.2499998 -0.2764286 0.03499996 -0.2399998 -0.2764286 0.03499996 -0.2399998 -0.3264285 0.03499996 0.2499998 -0.375 0.625 -0.2499998 -0.3264285 0.03499996 -0.2299997 -0.3649999 0.375 -0.2299998 -0.3149999 0.02499991 -0.2299997 -0.3749999 0.375 -0.2299998 -0.3249999 0.02499991 -0.2299997 -0.3749999 0.625 -0.2299998 -0.3264285 0.0349999 -0.2299998 -0.3164285 0.0349999 -0.2499997 -0.3649999 0.625 -0.2399998 -0.275 -0.07499998 0.25 0.125 -0.115 0.25 -0.375 -0.115 -0.17 0.125 -0.125 0.24 0.125 -0.125 0.24 -0.375 -0.125 -0.17 -0.375 -0.125 0.24 0.125 -0.115 -0.17 -0.375 -0.115 0.24 -0.375 -0.115 0.25 0.1150004 -0.125 0.25 0.115 -0.07499998 0.24 0.115 -0.07499998 0.24 0.115 -0.125 -0.17 0.115 -0.125 0.25 0.115 -0.115 0.24 0.115 -0.115 0.25 -0.1249996 -0.125 0.25 -0.375 -0.08499997 0.24 -0.375 -0.08499997 0.24 0.115 -0.08499997 0.25 0.115 -0.08499997 0.25 0.125 -0.08499997 0.24 0.125 -0.08499997 0.24 -0.125 -0.125 -0.17 -0.125 -0.125 0.24 -0.125 -0.115 0.25 -0.125 -0.115 0.25 -0.125 -0.08499997 0.24 -0.125 -0.08499997 0.25 -0.2749996 -0.125 0.24 -0.275 -0.125 -0.17 -0.275 -0.125 -0.17 -0.275 -0.115 0.24 -0.275 -0.115 0.25 -0.275 -0.115 0.25 -0.275 -0.08499997 0.24 -0.275 -0.08499997 -0.2399998 -0.3249999 -0.02499997 -0.2499999 -0.3249999 -0.02499997 -0.2399998 -0.275 -0.02499997 0.2399998 -0.375 0.375 0.2499998 -0.375 0.375 0.2499998 -0.325 0.375 0.2399998 -0.325 0.375 0.2117157 0.125 -0.125 0.23 -0.375 -0.125 0.23 -0.375 -0.115 0.23 0.115 -0.125 0.23 -0.125 -0.115 0.23 -0.125 -0.125 0.23 -0.275 -0.115 0.23 -0.275 -0.125 -0.2399999 -0.2 -0.02499997 -0.2499999 -0.2 -0.02499997 -0.2299997 -0.3649999 0.625 0.2499999 -0.2764286 0.03499996 0.2399999 -0.2764286 0.03499996 -0.2399997 -0.3649999 0.625 0.2399999 -0.3264285 0.03499996 0.2399998 -0.3649999 0.625 0.2499999 -0.3264285 0.03499996 0.2299998 -0.3649999 0.375 0.2299999 -0.3149999 0.02499991 0.2299998 -0.3749999 0.375 0.2299999 -0.3249999 0.02499991 0.2299998 -0.3649999 0.625 0.2299999 -0.3264285 0.0349999 0.2299998 -0.3164285 0.0349999 -0.2499999 -0.275 -0.02499997 -0.2299999 0.135 -0.05690169 -0.17 -0.1500034 -0.03499996 -0.17 0.145 -0.09499996 -0.2117156 0.125 -0.115 0.2117157 0.125 -0.115 -0.2199999 -0.1500034 -0.03499996 -0.2299999 -0.1500034 -0.04500001 -0.2299999 0.115 -0.03499996 -0.17 0.145 -0.04672878 -0.17 0.125 -0.115 0.23 -0.1500034 -0.04500001 0.22 -0.1500034 -0.03499996 -0.17 0.115 -0.115 -0.17 0.1232712 -0.02499997 -0.17 -0.275 -0.03499996 -0.17 -0.2650001 -0.02499997 -0.2299999 -0.275 -0.03499996 -0.2199999 -0.2650001 -0.02499997 0.22 -0.2650001 -0.02499997 0.23 -0.275 -0.03499996 -0.2199999 0.123202 -0.02499997 -0.2199999 0.145 -0.04679793 -0.2299999 0.135 -0.09499996 -0.2299999 0.115 -0.115 -0.2199999 0.145 -0.09499996 0.23 0.135 -0.05690169 0.23 0.115 -0.03499996 0.22 0.145 -0.04679793 0.22 0.123202 -0.02499997 0.22 0.145 -0.09499996 0.23 0.115 -0.115 0.23 0.135 -0.09499996 0.17 -0.375 -0.125 0.17 -0.275 -0.115 -0.2499999 -0.35 -0.02499997 0.17 0.125 -0.125 0.17 -0.375 -0.115 0.17 0.115 -0.125 0.17 -0.125 -0.125 0.17 -0.275 -0.125 -0.2399999 -0.35 -0.02499997 0.17 -0.1500034 -0.03499996 0.17 -0.275 -0.03499996 0.17 -0.2650001 -0.02499997 0.17 0.145 -0.04676336 0.17 0.1232366 -0.02499997 0.17 0.145 -0.09499996 0.17 0.115 -0.115 0.17 0.125 -0.115 -0.25 -0.1000018 -0.07499998 -0.25 -0.1000018 -0.115 -0.24 -0.1000019 -0.125 -0.24 -0.1000019 -0.07499998 -0.25 -0.1000019 -0.125 -0.25 -0.1000018 -0.08499997 -0.24 -0.1000018 -0.08499997 -0.24 -0.1000019 -0.115 -0.2299999 -0.1000019 -0.125 0.25 -0.1000019 -0.07499998 -0.17 -0.1000018 -0.125 0.25 -0.1000018 -0.115 0.24 -0.1000019 -0.125 0.24 -0.1000019 -0.07499998 0.25 -0.1000014 -0.125 0.25 -0.1000018 -0.08499997 0.24 -0.1000018 -0.08499997 0.24 -0.1000019 -0.115 0.23 -0.1000019 -0.125 0.23 -0.1000019 -0.115 -0.2299999 -0.1000019 -0.115 -0.2299999 -0.07500529 -0.04499995 0.22 -0.07500529 -0.03499996 0.23 -0.07500529 -0.04499995 -0.17 -0.07497072 -0.03499996 -0.2199999 -0.07500529 -0.03499996 0.17 -0.07498764 -0.03499996 0.17 -0.1000018 -0.125 -0.25 -0.3249999 -0.07499998 -0.25 -0.3249999 -0.115 -0.25 -0.3249999 -0.08499997 -0.24 -0.3249999 -0.08499997 -0.2499999 -0.3149999 0.02499997 -0.25 -0.3249999 -0.125 -0.24 -0.3249999 -0.125 -0.24 -0.3249999 -0.115 -0.2399998 -0.3149999 0.02499997 -0.2499997 -0.3649999 0.375 -0.2399997 -0.3649999 0.375 -0.2299999 -0.3249999 -0.125 -0.2299999 -0.3249999 -0.115 -0.2499998 -0.3164285 0.03499996 -0.2399997 -0.375 0.625 -0.2399998 -0.3164285 0.03499996 -0.2499997 -0.375 0.625 -0.2399998 -0.3249999 -0.07499998 0.25 -0.3249999 -0.115 0.25 -0.3249999 -0.08499997 0.24 -0.3249999 -0.08499997 0.25 -0.3249995 -0.125 0.24 -0.3249999 -0.125 -0.17 -0.3249999 -0.125 -0.17 -0.3249999 -0.115 0.24 -0.3249999 -0.115 0.2499998 -0.3649999 0.375 0.2399998 -0.3649999 0.375 0.23 -0.3249999 -0.125 0.23 -0.3249999 -0.115 0.2499999 -0.3164285 0.03499996 0.2399998 -0.375 0.625 0.2399999 -0.3164285 0.03499996 0.2299998 -0.3749999 0.625 0.17 -0.3249999 -0.115 0.17 -0.3249999 -0.125 -0.275 -0.3249999 -0.07499998 -0.275 -0.275 -0.07499998 -0.3399999 -0.2586841 0.165 -0.325 -0.3249999 -0.07499998 -0.325 -0.275 -0.07499998 -0.3399999 -0.2586841 0.125 -0.3499999 -0.185 0.135 -0.3399999 -0.185 0.125 -0.3499999 0 0.135 -0.3399999 0 0.125 -0.3399999 -0.185 0.165 -0.3499999 -0.185 0.155 -0.3399999 0 0.165 -0.3499999 0 0.155 -0.3399999 0.01999998 0.165 -0.3399999 0.02999997 0.155 -0.3499999 0.01999998 0.155 -0.3399999 0.02999997 0.135 0.3249999 -0.285 0.135 -0.3499999 0.01999998 0.135 -0.3399999 -0.285 0.135 -0.3399999 -0.285 0.155 -0.2499999 0 0.135 -0.2499999 0 0.155 -0.2599999 0 0.165 -0.2499999 -0.185 0.135 -0.2499999 -0.185 0.155 -0.2599999 -0.185 0.165 -0.325 -0.275 -0.02499997 -0.2599999 0.02999997 0.135 -0.2499999 0.01999998 0.135 0.275 -0.285 0.135 -0.2599999 0.01999998 0.165 -0.2499999 0.01999998 0.155 -0.2599999 0.02999997 0.155 -0.2599999 -0.285 0.155 -0.2599999 -0.285 0.135 0.25 -0.375 -0.07499998 0.24 -0.375 -0.07499998 0.24 -0.125 -0.07499998 0.25 -0.125 -0.07499998 0.2399998 -0.3249999 0.02499997 0.2499999 -0.3249999 0.02499997 0.2399998 -0.275 0.02499997 0.2499999 -0.275 0.02499997 0.2399998 -0.275 -0.07499998 0.2399998 -0.3249999 -0.02499997 0.2399998 -0.275 -0.02499997 0.2399999 -0.2 -0.02499997 0.2499999 -0.2 -0.02499997 0.2499999 -0.35 -0.02499997 0.2399999 -0.35 -0.02499997 0.2499999 -0.3149999 0.02499997 0.2399998 -0.3149999 0.02499997 0.2399998 -0.3249999 -0.07499998 -0.275 -0.275 -0.02499997 -0.275 -0.3249999 -0.02499997 -0.325 -0.3249999 -0.02499997 -0.3499999 -0.2586841 0.155 -0.2499999 -0.2586841 0.155 -0.2499999 -0.2586841 0.135 -0.3499999 -0.2586841 0.135 -0.2599999 -0.2586841 0.165 -0.3399999 -0.275 0.165 -0.3399999 -0.275 0.125 -0.3499999 -0.275 0.155 -0.2499999 -0.275 0.155 -0.2499999 -0.275 0.135 -0.3499999 -0.275 0.135 -0.275 -0.2586841 0.115 -0.3249999 -0.2586841 0.115 -0.2599999 -0.275 0.165 -0.3399999 -0.2086842 0.165 -0.3399999 -0.2086842 0.125 -0.3499999 -0.2086842 0.135 -0.2499999 -0.2086842 0.155 -0.2499999 -0.2086842 0.135 -0.2599999 -0.2086842 0.165 -0.3499999 -0.2086842 0.155 -0.275 -0.2086842 0.115 -0.3249999 -0.2086842 0.115 -0.3399999 0.01999998 0.125 0.275 0.02999997 0.135 0.3249999 0.02999997 0.135 0.2599999 0.01999998 0.125 0.2599999 -0.2086842 0.125 0.2599999 -0.275 0.125 0.2599999 0 0.125 0.2599999 -0.185 0.125 0.2599999 -0.2586841 0.125 0.3399999 0.01999998 0.125 0.3249999 -0.2086842 0.115 0.275 -0.2086842 0.115 0.3499999 -0.2086842 0.155 0.2599999 -0.2086842 0.165 0.2499999 -0.2086842 0.135 0.2499999 -0.2086842 0.155 0.3499999 -0.2086842 0.135 0.3399999 -0.2086842 0.125 0.3399999 -0.2086842 0.165 0.2599999 -0.275 0.165 0.3249999 -0.2586841 0.115 0.275 -0.2586841 0.115 0.3499999 -0.275 0.135 0.2499999 -0.275 0.135 0.2499999 -0.275 0.155 0.3499999 -0.275 0.155 0.3399999 -0.275 0.125 0.3399999 -0.275 0.165 0.2599999 -0.2586841 0.165 0.3499999 -0.2586841 0.135 0.2499999 -0.2586841 0.135 0.2499999 -0.2586841 0.155 0.3499999 -0.2586841 0.155 0.325 -0.3249999 -0.02499997 0.275 -0.3249999 -0.02499997 0.275 -0.275 -0.02499997 0.2599999 -0.285 0.135 0.2599999 -0.285 0.155 0.2599999 0.02999997 0.155 0.2499999 0.01999998 0.155 0.2599999 0.01999998 0.165 0.2499999 0.01999998 0.135 0.2599999 0.02999997 0.135 0.325 -0.275 -0.02499997 0.2599999 -0.185 0.165 0.2499999 -0.185 0.155 0.2499999 -0.185 0.135 0.2599999 0 0.165 0.2499999 0 0.155 0.2499999 0 0.135 0.3399999 -0.285 0.155 0.3399999 -0.285 0.135 0.3499999 0.01999998 0.135 0.3399999 0.02999997 0.135 0.3499999 0.01999998 0.155 0.3399999 0.02999997 0.155 0.3399999 0.01999998 0.165 0.3499999 0 0.155 0.3399999 0 0.165 0.3499999 -0.185 0.155 0.3399999 -0.185 0.165 0.3399999 0 0.125 0.3499999 0 0.135 0.3399999 -0.185 0.125 0.3499999 -0.185 0.135 0.3399999 -0.2586841 0.125 0.325 -0.275 -0.07499998 0.325 -0.3249999 -0.07499998 0.3399999 -0.2586841 0.165 0.275 -0.275 -0.07499998 0.275 -0.3249999 -0.07499998 0.25 -0.3249999 -0.07499998 0.2499999 -0.275 -0.02499997 0.2499999 -0.3249999 -0.02499997 0.25 -0.275 -0.07499998 -0.2599999 -0.2586841 0.125 -0.2599999 -0.185 0.125 -0.2599999 0 0.125 -0.2599999 -0.275 0.125 -0.2599999 -0.2086842 0.125 -0.2599999 0.01999998 0.125 -0.3249999 0.02999997 0.135 -0.275 0.02999997 0.135 -0.275 -0.285 0.135 -0.3249999 -0.285 0.135 -0.3249999 -0.285 0.155 -0.275 -0.285 0.155 -0.3249999 0.01999998 0.165 -0.275 0.01999998 0.165 -0.275 0.02999997 0.155 -0.3249999 0.02999997 0.155 -0.275 0 0.165 -0.3249999 0 0.165 -0.275 -0.185 0.165 -0.3249999 -0.185 0.165 -0.275 -0.2586841 0.165 -0.3249999 -0.2586841 0.165 -0.275 -0.275 0.165 -0.3249999 -0.275 0.165 -0.3249999 -0.2086842 0.165 -0.275 -0.2086842 0.165 -0.275 -0.275 0.125 -0.3249999 -0.275 0.125 -0.3249999 -0.2586841 0.125 -0.275 -0.2586841 0.125 -0.3249999 -0.2086842 0.125 -0.275 -0.2086842 0.125 -0.275 0 0.125 -0.3249999 0 0.125 -0.3249999 0.01999998 0.125 -0.275 0.01999998 0.125 -0.275 -0.185 0.125 -0.3249999 -0.185 0.125 -0.275 0 0.115 -0.3249999 0 0.115 -0.275 -0.185 0.115 -0.3249999 -0.185 0.115 0.3249999 -0.285 0.155 0.275 -0.285 0.155 0.3249999 0.01999998 0.165 0.275 0.01999998 0.165 0.275 0.02999997 0.155 0.3249999 0.02999997 0.155 0.275 0 0.165 0.3249999 0 0.165 0.275 -0.185 0.165 0.3249999 -0.185 0.165 0.275 -0.2586841 0.165 0.3249999 -0.2586841 0.165 0.275 -0.275 0.165 0.3249999 -0.275 0.165 0.3249999 -0.2086842 0.165 0.275 -0.2086842 0.165 0.275 -0.275 0.125 0.3249999 -0.275 0.125 0.3249999 -0.2586841 0.125 0.275 -0.2586841 0.125 0.3249999 -0.2086842 0.125 0.275 -0.2086842 0.125 0.275 0 0.125 0.3249999 0 0.125 0.3249999 0.01999998 0.125 0.275 0.01999998 0.125 0.275 -0.185 0.125 0.3249999 -0.185 0.125 0.275 0 0.115 0.3249999 0 0.115 0.275 -0.185 0.115 0.3249999 -0.185 0.115 0.2499998 -0.325 0.615 -0.2499997 -0.3649999 0.615 0.2499998 -0.375 0.615 -0.2499997 -0.325 0.615 -0.2399997 -0.3649999 0.615 -0.2299997 -0.3749999 0.615 0.2399998 -0.375 0.615 0.2299998 -0.3749999 0.615 -0.2399997 -0.375 0.615 0.2299998 -0.3649999 0.615 -0.2499997 -0.375 0.615 0.2399998 -0.3649999 0.615 -0.2399997 -0.325 0.615 -0.2299997 -0.3649999 0.615 0.2399998 -0.325 0.615 0.2499998 -0.3649999 0.615 -0.1999998 -0.2216762 0.07884049 -0.2299998 -0.247132 0.0448994 0.1999999 -0.2216762 0.07884049 0.2299998 -0.247132 0.0448994 -0.1999997 -0.2649999 0.585 -0.2299997 -0.2949999 0.615 0.1999998 -0.2649999 0.585 0.2299998 -0.2949999 0.615 0.2299998 -0.2949999 0.3799747 0.1999998 -0.2649999 0.3821067 -0.1999997 -0.2649999 0.3821067 -0.2299997 -0.2949999 0.3799746 0.2499998 -0.325 0.615 0.2499998 -0.335 0.625 0.2399998 -0.335 0.625 0.2399998 -0.325 0.615 -0.2399997 -0.325 0.615 -0.2399997 -0.335 0.625 -0.2499997 -0.335 0.625 -0.2499997 -0.325 0.615</float_array>
          <technique_common>
            <accessor source="#Cube-mesh-positions-array" count="662" stride="3">
              <param name="X" type="float"/>
              <param name="Y" type="float"/>
              <param name="Z" type="float"/>
            </accessor>
          </technique_common>
        </source>
        <source id="Cube-mesh-normals">
          <float_array id="Cube-mesh-normals-array" count="4032">-1.81138e-7 0.8562092 0.5166293 -1.96432e-7 0.3890203 -0.9212292 -0.6546535 0.7394104 0.1571662 -0.5000001 0.2676165 0.823639 -0.6546539 0.5058143 -0.5617651 0.654653 0.7394109 0.1571651 -0.6546549 0.5058133 -0.561765 0.6546534 0.5058156 -0.5617646 9.82255e-7 -0.3090174 -0.9510564 -0.4999998 -0.2676158 -0.8236395 0.6546518 0.505817 -0.5617653 -0.6546552 0.7394083 0.1571685 0 0.3090186 0.951056 0.6546528 0.7394109 0.1571659 -0.6546547 0.5058147 -0.5617641 0.6546523 0.7394117 0.1571649 0.8660255 0.15451 0.4755275 0.6546548 0.5058131 -0.5617653 0.654655 0.5058137 -0.5617645 -0.6546533 0.7394106 0.157166 -0.6546521 0.7394116 0.1571655 -0.6546538 0.7394099 0.1571671 0.6546547 0.5058136 -0.5617651 0.8660262 0.1545075 0.4755271 -0.6546536 0.5058153 -0.5617648 -0.6546545 -0.5058131 0.5617657 -0.8660254 -0.1545079 -0.4755285 0.4999995 0.2676181 0.8236389 0.6546534 0.5058159 -0.5617645 0.6546555 -0.5058149 0.5617629 -2.86005e-7 0.3890157 -0.9212312 0.8660255 -0.154509 -0.4755279 -1.84189e-6 -0.3090182 -0.9510562 0 0.9510564 -0.3090173 0.5 -0.2676173 -0.8236389 -0.866026 0.1545094 0.4755269 -0.8660257 0.1545091 0.4755275 0 0.9510564 -0.3090172 -0.6546525 0.5058159 -0.5617655 1 0 3.6365e-7 -2.56615e-7 0.8562065 0.5166336 -7.15011e-7 0.38902 -0.9212293 0 0.8562077 0.5166319 -0.6546545 0.5058139 -0.561765 0.6546527 0.7394112 0.1571654 -2.88773e-7 0.3890177 -0.9212304 0 0.8562065 0.5166337 0 0.38902 -0.9212293 0.6546544 0.7394093 0.1571668 -4.67511e-7 0.8562064 0.5166339 0 0.8562074 0.5166322 -1 0 -3.6365e-7 0 0.9510565 -0.3090172 0 0.8562074 0.5166322 -3.22997e-7 -0.3890192 0.9212297 4.02219e-7 -0.8562072 -0.5166326 0.6546531 -0.505816 0.5617647 0.4999995 0.2676147 0.82364 0.654654 -0.7394096 -0.1571674 -0.6546524 -0.5058151 0.5617664 0.6546543 -0.7394095 -0.157167 0 -0.9510564 0.3090171 -0.6546537 -0.7394099 -0.1571667 -2.29193e-6 -0.3090174 -0.9510564 0.5 -0.2676149 -0.8236396 -0.6546536 -0.7394101 -0.1571671 0.6546533 -0.5058153 0.5617649 0 0.3090151 0.9510571 0 -0.4539893 0.8910071 0.6123724 -0.7817525 -0.1177417 -0.6123715 -0.7817533 -0.1177412 -0.6123716 -0.5632451 0.5547577 0 -0.8910065 -0.4539906 0.612373 -0.5632445 0.5547567 -0.6123681 -0.5632411 0.5547656 6.63853e-6 -0.8910077 -0.4539881 -0.6123738 -0.5632473 0.554753 0.6123691 -0.5632441 0.5547614 0.6123762 -0.5632469 0.5547507 -1.57031e-5 -0.8910065 -0.4539906 -0.6546533 -0.5058159 0.5617644 0.6546547 -0.7394092 -0.1571662 -0.6546528 -0.5058166 0.5617644 -0.8660258 0.1545071 0.4755279 -0.6546537 -0.7394099 -0.1571672 -0.6546544 -0.7394093 -0.157167 0.654653 -0.5058166 0.5617641 0.6546525 -0.5058158 0.5617654 0.6546546 -0.5058137 0.5617651 -0.6546547 -0.7394092 -0.1571665 -0.8660268 0.1545079 0.4755257 0.6546535 -0.7394102 -0.1571666 0.6546546 0.7394087 0.1571687 0.8660253 -0.1545087 -0.4755284 -0.5000001 0.2676146 0.8236397 -0.6546536 -0.7394101 -0.1571664 -0.6546531 0.7394104 0.1571677 3.74007e-7 -0.8562073 -0.5166326 -0.8660253 -0.1545089 -0.4755282 1.84189e-6 -0.3090178 -0.9510563 -3.78071e-7 -0.9510562 0.3090181 -0.4999998 -0.267615 -0.8236397 0.8660256 0.1545074 0.4755282 0.866025 0.1545077 0.475529 5.71306e-7 -0.9510564 0.3090174 0.654656 -0.7394077 -0.1571682 -1 0 -3.6365e-7 4.57581e-7 -0.3890147 0.9212316 -3.84918e-7 -0.856209 -0.5166295 2.11543e-7 -0.3890166 0.9212307 0.6546537 -0.73941 -0.1571664 -0.6546522 -0.5058175 0.5617642 0 -0.856208 -0.5166313 -1.37503e-6 -0.3890147 0.9212316 -3.66673e-7 -0.8562085 -0.5166305 -0.654655 -0.5058133 0.5617648 9.16686e-7 -0.3890164 0.9212309 6.87513e-7 -0.3890171 0.9212306 1 0 3.6365e-7 -4.03274e-7 -0.9510565 0.3090168 -2.49589e-7 -0.389017 0.9212306 0 -0.9510564 0.3090171 0 -0.6324073 -0.7746361 0.8660255 -0.1545079 -0.4755283 -0.8660259 0.1545077 0.4755275 -0.8660256 -0.1545089 -0.4755278 1.00044e-6 -0.3090178 -0.9510563 0.8660264 0.1545079 0.4755267 0 0.3090161 0.9510568 0 -0.3090165 -0.9510567 0.866025 0.1545087 0.475529 -0.8660256 0.1545084 0.4755279 -0.8660251 0.1545086 0.4755288 4.24697e-7 -0.3090165 -0.9510567 0.8660255 0.1545079 0.4755282 -1 0 0 1 0 0 0 0.3090169 0.9510565 0 -1.19209e-7 -1 0 1 0 1 0 0 0 0.309017 0.9510565 -1 0 0 1 0 0 0 1 0 0 -1 0 0 -1 0 -1 0 0 5.16605e-7 0.5547003 0.8320502 0 1 0 -7.45057e-7 0 1 0 0 1 0 -1 0 1 0 0 -1 -1.78814e-6 -1.49012e-5 0 0 -1 -2.63418e-7 4.8164e-7 1 0 0 -1 0 0 -1 -1 0 0 -1 0 0 -1 0 0 5.14489e-7 0.7071071 0.7071066 -1 0 0 -1 0 0 -1 0 0 1 0 0 0 -1 0 0 1 0 -1 0 0 -1 0 0 -1 0 0 1 0 0 -7.45057e-7 0 1 0 0 -1 0 0 -1 7.45059e-7 0 1 -1 0 -3.50616e-7 1 5.96046e-7 0 2.0825e-7 -0.8944269 0.4472141 -1 0 0 -1 0 8.9407e-7 1 0 0 -1 0 0 -1 0 0 -1 0 0 1 5.96046e-7 0 1 0 0 -7.45057e-7 0 1 0 0 -1 0 0 -1 -1 0 0 -1 0 0 1 0 0 -1 0 8.9407e-7 1 0 0 5.16605e-7 0.5547003 0.8320503 -1 3.7253e-7 3.60007e-7 5.90056e-6 -0.9899495 -0.1414215 1.08466e-6 0.9899495 0.1414213 0 -0.9899495 -0.1414216 0 0 -1 0 0.9899494 0.1414217 1 0 -3.06789e-7 0 0 -1 0 0 -1 0 0 -1 0 0 -1 -1 0 0 0 -1 0 0 1 0 1 0 0 2.98024e-6 -1 0 -1 0 4.47035e-6 0 0 1 0 0.9899495 0.1414215 0 -0.9899494 -0.1414216 0 1 0 1 0 -4.47035e-6 -5.96047e-6 -1 0 1 0 3.50616e-7 3.73647e-6 0.9899495 0.1414217 0 0.9899495 0.1414213 -1 0 0 -5.58794e-6 0 -1 -8.42939e-7 -0.9899495 -0.1414215 0 0 1 -1 2.38436e-6 -5.96047e-6 0 1 0 4.17233e-5 -1 0 0 -1 0 1 0 0 1 0 8.9407e-7 -4.32134e-5 1 4.32134e-5 7.45057e-7 0 1 1 -1.78813e-6 0 0 -1 0 -1 0 0 0 0 -1 0 0 1 2.63417e-7 4.81641e-7 1 0 0 -1 0 0 -1 1 0 0 1 0 0 1 0 0 -5.26836e-7 0.7071071 0.7071066 1 0 0 1 0 0 1 0 0 -1 0 0 0 -1 0 0 1 0 1 0 0 1 0 5.96047e-6 1 0 0 -1 0 0 7.45057e-7 0 1 0 0 -1 0 0 -1 -7.45059e-7 0 1 -1 -1.49012e-6 1.37742e-7 -6.19925e-7 0.5547002 0.8320503 -3.332e-7 -0.894427 0.4472141 -6.19926e-7 0.5547003 0.8320503 -1 5.96046e-7 0 1 0 0 1 0 5.96047e-6 1 0 0 -1 5.96046e-7 -5.96047e-6 -1 0 0 7.45057e-7 0 1 0 0 -1 0 0 -1 1 0 5.96047e-6 1 0 0 -1 0 0 -1 0 0 1 -1.78814e-6 0 3.332e-7 -0.8944269 0.4472141 1 0 3.50616e-7 0 -0.9899495 -0.1414213 -9.48302e-7 0.9899495 0.1414213 0 0 -1 0 0 -1 0 0 -1 0 0 -1 0 0 -1 1 5.96046e-7 0 0 -1 0 0 1 0 1 0 -1.49012e-6 0 0 1 0 0.9899495 0.1414215 0 1 0 0 -0.9899495 -0.1414215 -1 0 2.98023e-6 0 -1 0 -1 0 0 -9.48324e-7 0.9899491 0.1414245 0 -0.9899495 -0.1414213 5.96047e-6 -1 0 5.96051e-6 0 -1 8.37329e-7 -0.9899495 -0.1414215 1 0 0 0 0.9899495 0.1414213 0 1 0 1 0 0 1 0 0 -9.77806e-4 0.7071064 0.7071066 0 0.08663213 0.9962404 0 0.08663213 0.9962404 0 0 -1 -1 0 0 -0.7071073 0.7071062 0 -0.789668 0.4338343 0.4338343 0 0 -1 0.7326802 0.0542739 0.6784055 3.48437e-5 -0.05038809 0.9987297 -2.46664e-7 0.7071068 -0.7071068 0 -1 0 -0.5000001 0.4999994 -0.7071071 0.7071073 0.7071062 0 -2.50848e-6 -0.0503838 0.99873 -0.7057742 0.06137335 0.7057734 -0.7066179 -0.0371893 0.7066174 0.7071071 0 0.7071065 0 -0.7071071 0.7071065 0 -0.7071072 0.7071064 0 -1 0 0.3606956 0.6595069 -0.6595069 0.789668 0.4338343 0.4338343 7.19047e-5 0.7071067 0.7071068 0 0.7071065 -0.7071071 0 1 0 1 0 0 -1 0 0 0 1 0 0 0.7071065 -0.707107 4.89008e-4 0.7071068 0.7071067 0 -1 0 0 -0.7071072 0.7071064 -1.7795e-5 -0.05038809 0.9987297 0 0 -1 0 0.08663213 0.9962404 0 -1 0 0 0 -1 0 0 1 0 0 -1 0 0 -1 0 0 -1 0 1 0 0 0 -1 0 0 1 1 0 0 0.6915547 -0.03639656 0.7214066 -0.7071072 0 0.7071064 0 0 1 0 0 1 -1 0 0 0 0 -1 -7.45059e-7 0 1 0 0 -1 0 0 -1 7.45057e-7 0 1 -1 0 0 1 0 0 1 -2.38437e-6 5.96047e-6 1 0 0 -1 0 0 0 0 -1 7.45059e-7 0 1 0 0 -1 0 0 -1 -7.45057e-7 0 1 1 0 0 -1 0 0 -1 0 0 -1 0 0 1 0 0 0 0 -1 0 0 -1 0 0 1 -2.16933e-6 -0.9899495 -0.1414213 1 0 -1.49012e-6 0 0 1 0 0 -1 0 0 -1 0 0 -1 7.45057e-7 0 1 -1 0 0 -1 0 -1.49012e-5 -2.98024e-6 -1 0 1 0 8.9407e-7 -1 0 5.96046e-7 2.10734e-6 -0.9899495 -0.1414213 -1 0 5.96047e-6 0 0 1 0 0 -1 0 0 -1 0 0 -1 -7.45057e-7 0 1 1 0 0 1 0 -8.9407e-6 0 1 0 -1 0 8.9407e-7 -1 0 5.96046e-7 1 -1.78814e-6 -8.9407e-6 0 0.9037378 -0.4280865 -1.19209e-6 1 0 3.72528e-7 0 1 0 -1 0 0 -1 -5.96046e-7 -5.96046e-7 0 -1 -1.49012e-7 1.49012e-7 -1 0 0 1 0 0 1 -0.57735 -0.5773509 -0.57735 0 -1 0 1 0 0 -1 0 0 -1 0 0 1 0 0 0.7071068 0 0.7071068 0 0 1 -0.5773504 0.5773499 0.5773504 -0.5773507 0.5773502 -0.5773499 -0.5773506 -0.5773506 -0.5773497 -0.5773503 -0.5773503 0.5773503 0.5773502 0.5773505 -0.5773502 0.5773502 0.5773505 0.5773502 0.57735 -0.5773509 0.57735 0.57735 -0.5773509 -0.57735 0 0.707107 -0.7071066 0 0.7071065 0.7071071 0 -0.7071073 -0.7071063 0 -0.7071068 0.7071068 -1 0 0 -0.7071073 0 -0.7071063 -0.7071068 0 0.7071068 -0.7071071 0.7071065 0 -0.7071068 0 0.7071068 -0.7071073 0 -0.7071063 -0.7071068 -0.7071068 0 0.7071068 0 -0.7071068 0.7071068 0 -0.7071068 0.7071068 0 0.7071068 0.7071066 0.707107 0 0.7071068 0 -0.7071068 0.7071068 0 0.7071068 0.7071062 -0.7071073 0 0 1 0 -1 0 0 -1 -1.78813e-6 0 -4.165e-7 -0.894427 0.4472141 -1 5.96046e-7 0 1 0 5.96046e-7 1 0 8.9407e-7 1 0 5.96046e-7 0 0 1 0 0 1 5.96047e-6 0 1 0 0 1 -5.96047e-6 0 1 -1 0 0 1 0 0 -0.7071068 0 0.7071068 0 -0.9037377 0.4280865 -0.7071073 0 -0.7071062 1 0 0 1 0 0 0.7071068 0 -0.7071068 -1 0 0 -0.7071068 0 0.7071068 0 0 1 0.7071068 0 0.7071068 -0.7071073 0 -0.7071062 0 -0.9037378 0.4280865 1 0 0 -0.7071073 0 -0.7071063 -0.7071068 0 0.7071068 0.7071068 0 -0.7071068 -1 0 0 0.7071068 0 0.7071068 0 0 1 -1 0 5.96046e-7 -1 0 2.12874e-7 -1 0 2.12874e-7 0 0 -1 1 0 -2.12874e-7 1 0 -2.12874e-7 0 0 -1 -0.7071068 0 -0.7071068 0 1 0 -0.7071068 0 -0.7071068 -1 0 -2.12874e-7 -0.7071068 0 0.7071068 0 0 -1 0 0 -1 0 0 -1 -0.5773502 0.5773505 0.5773502 0 0 -1 0 -0.7071073 -0.7071063 0.7071068 0 0.7071068 0 0 -1 0.7071071 0.7071065 0 0 1 -5.96046e-7 0.5773503 -0.5773503 0.5773503 1 0 0 0 0 1 0.7071073 0 -0.7071062 0 0.707107 -0.7071066 0 -1 0 -1 0 0 0.7071068 -0.7071068 0 -0.57735 -0.5773509 0.57735 -1 0 0 -1.2758e-7 -0.9037378 0.4280865 0 0 1 0.7071068 0 0.7071068 1 0 0 0 0 1 0.7071068 0 0.7071068 -0.7071068 0 0.7071068 -1 0 0 0.7071073 0 -0.7071063 0 0 1 0 0 -1 -0.7071068 0 -0.7071068 0.5773507 0.5773502 -0.5773499 -1 0 0 -0.5773502 0.5773505 -0.5773502 -0.7071068 0 0.7071068 0.7071073 0 -0.7071062 1 0 0 1 0 0 -1 0 0 0.7071068 0 0.7071068 0 0 -1 -1 0 0 0 -1 -5.96046e-7 -0.7071068 0 0.7071068 -1 0 0 -3.72528e-7 0 1 0 0 1 0.5773506 -0.5773506 -0.5773497 0 0 -1 -0.7071062 -0.7071073 0 -0.7071068 0 -0.7071068 1 0 0 0 0 -1 1 0 0 0.7071073 0 -0.7071063 0 0 -1 0 0.7071065 0.7071071 0.5773504 0.5773499 0.5773504 0 0 -1 -1 -3.31137e-7 0 0 -0.7071068 0.7071068 0.7071073 0 -0.7071063 1 0 5.96046e-7 1 0 2.12874e-7 0 0 -1 -0.7071066 0.707107 0 0.7071068 0 0.7071068 -1.2758e-7 -0.9037377 0.4280866 5.96046e-7 0 -1 -0.7071068 0 -0.7071068 1 -5.96046e-7 5.96046e-7 -0.7071068 0 0.7071068 0 0.9037378 -0.4280865 0 -1 0 1.49012e-7 1.49012e-7 -1 0 0 -1 0 0 -1 0 0 -1 0 0 -1 0 0 -1 0 0 -1 -1 0 0 0 0 -1 1 0 0 0 0 -1 0 0 -1 0 0 -1 1 0 0 0 0 -1 0 0 -1 0 0 1 0 0 1 0 0 1 0 0 1 0 1 0 0 1 0 7.02445e-7 -0.7071073 0.7071062 0 -0.7071068 0.7071068 0 -0.7071073 -0.7071062 0 -0.7071074 -0.7071063 0 0.707107 0.7071066 2.05795e-7 0.707107 0.7071065 0 0.707107 -0.7071066 0 0.707107 -0.7071065 0 0 1 0 0 1 0 -1 0 0 -1 0 0 0 1 0 0 1 0 0 1 0 0 1 0 0 -1 0 1 0 -1 0 0 0 -1 0 -1 0 0 1 0 0 0 0 -1 0 0 -1 0 0 1 0 0 1 0 0 1 0 0 1 0 1 0 0 1 0 0 -0.7071068 0.7071068 0 -0.7071068 0.7071068 0 -0.7071073 -0.7071062 0 -0.7071074 -0.7071063 0 0.707107 0.7071066 -2.10734e-7 0.707107 0.7071065 0 0.707107 -0.7071066 0 0.707107 -0.7071065 0 0 1 0 0 1 0 -1 0 0 -1 0 0 0 1 0 0 1 0 0 1 0 0 1 0 0 -1 0 1 0 1 0 0 0 -1 0 1 0 0 -1 0 0 0 1 0 -2.98024e-6 -1 0 0 1 0 5.96047e-6 -1 0 -1 0 0 0 -1 0 -1 0 0 0 1 0 1 0 0 1 0 0 0 1 0 -5.96047e-6 -1 0 1 0 0 -1 0 0 2.98023e-6 -1 0 1 0 0 1 0 2.60319e-7 -1 0 2.6149e-7 0 1 0 0 0.1414213 -0.9899496 -1 0 0 0 0 1 0 0.8 -0.6000002 0.7071068 0.7071068 0 0 0.7071064 0.7071071 -0.7071068 0.7071068 0 -0.7071068 0.7 0.1000002 0.7071068 0.6999999 0.1000001 0 0.9899495 0.1414213 0 0.7071068 0.7071068 0 0.7071068 0.7071068 0 0 1 3.75405e-7 0.8562074 0.5166321 1.22009e-7 0.3890174 -0.9212304 -0.6546519 0.7394118 0.1571658 -0.5 0.2676182 0.8236386 -0.6546542 0.5058141 -0.5617652 0.6546534 0.7394106 0.1571649 -0.6546549 0.5058133 -0.561765 0.6546519 0.5058174 -0.5617647 1.84189e-6 -0.3090182 -0.9510562 -0.4999997 -0.2676167 -0.8236392 0.654655 0.5058135 -0.5617647 -0.6546531 0.7394106 0.157166 0 0.3090186 0.951056 0.6546526 0.7394112 0.1571659 -0.654655 0.5058134 -0.5617648 0.6546527 0.7394111 0.1571661 0.8660251 0.1545094 0.4755285 0.6546534 0.5058147 -0.5617655 0.654655 0.5058137 -0.5617645 -0.654653 0.7394109 0.1571654 -0.6546532 0.7394108 0.1571651 -0.6546542 0.7394095 0.1571674 0.6546542 0.5058152 -0.561764 0.8660266 0.1545066 0.4755267 -0.6546542 0.5058141 -0.5617651 -0.6546537 -0.5058159 0.561764 -0.8660255 -0.154509 -0.4755279 0.5000001 0.2676129 0.8236403 0.654653 0.5058167 -0.5617642 0.6546534 -0.5058164 0.5617639 -1.96106e-7 0.3890148 -0.9212316 0.8660253 -0.1545079 -0.4755285 -9.92483e-7 -0.3090174 -0.9510564 2.35244e-7 0.9510567 -0.3090164 0.4999998 -0.2676196 -0.8236383 -0.8660268 0.1545072 0.475526 -0.8660249 0.1545079 0.4755294 -2.35244e-7 0.9510567 -0.3090164 -0.6546542 0.505814 -0.5617652 1 5.27897e-6 -2.07708e-6 -5.51596e-7 0.8562073 0.5166326 0 0.3890196 -0.9212296 -4.69256e-7 0.8562065 0.5166337 -0.6546534 0.5058156 -0.5617645 0.6546512 0.7394127 0.1571643 5.4439e-7 0.3890196 -0.9212296 0 0.8562065 0.5166338 0 0.38902 -0.9212293 0.6546552 0.7394084 0.1571679 -1.39972e-7 0.8562071 0.5166327 3.84921e-7 0.8562071 0.5166327 -1 -3.44552e-6 1.20998e-6 0 0.9510565 -0.3090171 -2.56613e-7 0.856208 0.5166313 -2.88773e-7 -0.3890194 0.9212296 3.14722e-7 -0.8562077 -0.5166318 0.6546522 -0.5058168 0.561765 0.4999999 0.267618 0.8236387 0.6546546 -0.7394089 -0.1571679 -0.6546525 -0.5058172 0.5617642 0.6546546 -0.739409 -0.1571677 0 -0.951052 0.3090312 -1.22611e-5 -0.9510589 0.3090098 0 -0.9510519 0.3090312 0 -0.9510564 0.3090173 0 -0.9510564 0.3090173 1.22611e-5 -0.9510589 0.3090097 0 -0.9510565 0.3090171 1.67655e-5 -0.9510595 0.309008 -1.67656e-5 -0.9510595 0.309008 -0.6546527 -0.7394111 -0.1571661 -1.84189e-6 -0.3090178 -0.9510563 0.5000003 -0.2676174 -0.8236387 -0.6546551 -0.7394084 -0.1571679 0.6546542 -0.5058143 0.561765 0 0.3090151 0.9510571 0 -0.4539893 0.8910071 0.6123722 -0.7817527 -0.1177413 -0.6123725 -0.7817525 -0.1177415 -0.6123734 -0.563244 0.5547567 0 -0.8910065 -0.4539906 0.6123725 -0.5632449 0.5547569 -0.6123698 -0.563244 0.5547606 1.57069e-5 -0.8910065 -0.4539905 -0.6123759 -0.5632475 0.5547507 0.6123676 -0.5632417 0.5547655 0.6123737 -0.5632467 0.5547537 -6.63853e-6 -0.8910077 -0.4539881 -0.6546521 -0.505817 0.5617648 0.6546549 -0.7394088 -0.1571671 -0.6546533 -0.5058155 0.561765 -0.8660257 0.1545073 0.475528 -0.6546538 -0.7394098 -0.1571673 -0.654654 -0.7394098 -0.1571664 0.6546533 -0.5058161 0.5617644 0.6546527 -0.505817 0.5617642 0.654654 -0.5058143 0.5617651 -0.6546543 -0.7394096 -0.1571665 -0.8660263 0.1545071 0.4755272 0.6546537 -0.7394101 -0.1571668 0.6546541 0.7394099 0.1571658 0.8660253 -0.1545089 -0.4755282 -0.5000001 0.2676145 0.8236397 -0.6546536 -0.7394102 -0.1571663 -0.6546562 0.7394076 0.1571677 4.02219e-7 -0.8562074 -0.5166323 -0.8660253 -0.1545087 -0.4755284 2.30236e-6 -0.3090174 -0.9510564 0 -0.9510565 0.309017 -0.5 -0.2676162 -0.8236393 0.8660263 0.1545082 0.4755268 0.8660252 0.1545074 0.475529 0 -0.9510565 0.309017 0.6546533 -0.7394104 -0.1571668 -1 1.77097e-7 -4.19379e-7 6.66401e-7 -0.3890156 0.9212312 3.84919e-7 -0.8562088 -0.51663 9.15162e-7 -0.3890137 0.921232 0.6546531 -0.7394109 -0.1571655 -0.6546539 -0.5058148 0.5617648 -8.66316e-7 -0.8562091 -0.5166295 -6.86371e-7 -0.3890138 0.921232 0 -0.8562088 -0.5166299 -0.654654 -0.5058149 0.5617645 0 -0.3890199 0.9212294 -1.37274e-6 -0.3890199 0.9212294 1 -1.50573e-6 6.70161e-7 0 -0.9510565 0.3090169 4.5758e-7 -0.3890197 0.9212294 0 -0.9510564 0.3090171 0 -0.6324073 -0.7746361 0.8660256 -0.1545088 -0.4755278 -0.8660258 0.1545082 0.4755278 -0.8660255 -0.1545079 -0.4755283 -4.24697e-7 -0.3090165 -0.9510567 0.8660266 0.1545073 0.4755265 0 0.3090161 0.9510568 0 -0.3090165 -0.9510567 0.866025 0.1545087 0.475529 -0.8660256 0.1545083 0.4755279 -0.8660249 0.1545083 0.4755293 -9.9248e-7 -0.3090178 -0.9510563 0.8660258 0.1545082 0.4755277 -1 0 0 1 0 0 0 0.3090169 0.9510565 0 -1.19209e-7 -1 0 1 0 1 0 0 0 0.309017 0.9510565 -1 0 0 1 0 0 -3.57207e-7 1 -1.49012e-6 0 -1 0 0 -1 0 -1 0 0 6.19925e-7 0.5547002 0.8320503 0 1 0 -7.45057e-7 0 1 0 0 1 0 -1 0 1 0 0 -1 0 -5.96047e-6 0 0 -1 -7.45057e-7 0 1 0 0 -1 0 0 -1 -1 0 0 -1 0 0 5.26836e-7 0.7071071 0.7071066 -1 0 0 -1 0 0 -1 0 0 0 -1 0 0 1 0 -1 0 0 -1 0 0 -1 0 0 1 0 0 -7.45057e-7 0 1 0 0 -1 0 0 -1 7.45059e-7 0 1 -1 0 -3.50616e-7 3.332e-7 -0.8944269 0.4472141 -1 0 0 1 0 0 -1 0 0 -1 0 0 -1 0 0 1 0 -8.9407e-6 1 0 0 -7.45057e-7 0 1 0 0 -1 0 0 -1 -1 0 0 -1 0 0 1 0 0 -1 0 8.9407e-7 1 0 0 6.19925e-7 0.5547002 0.8320503 -1 0 3.50616e-7 0 -0.9899495 -0.1414213 8.42937e-7 0.9899495 0.1414213 0 -0.9899494 -0.1414216 0 0 -1 0 0.9899495 0.1414217 1 0 -3.06789e-7 0 0 -1 0 0 -1 0 0 -1 0 0 -1 -1 0 0 0 -1 0 0 1 0 1 0 0 2.98024e-6 -1 0 -1 -1.49012e-6 5.74759e-6 0 0 1 0 0.9899494 0.1414216 0 -0.9899495 -0.1414215 0 1 0 1 0 -4.47035e-6 -5.96047e-6 -1 0 1 0 3.50616e-7 8.42956e-7 0.9899491 0.1414245 0 0.9899495 0.1414213 -1 0 0 0 0 1 -5.58794e-6 0 -1 -7.90256e-7 -0.9899495 -0.1414216 0 0 1 -1 0 0 0 1 -1.49012e-6 0 -1 -4.17233e-5 0 -1 0 1 0 0 0 1 0 7.45057e-7 0 1 1 0 0 0 -1 0 -1 0 0 0 0 -1 0 0 1 7.45057e-7 0 1 0 0 -1 0 0 -1 1 0 0 1 0 0 -5.26836e-7 0.7071071 0.7071066 1 0 0 1 0 0 1 0 0 0 -1 0 0 1 0 1 0 0 1 0 5.96047e-6 1 0 0 -1 0 0 7.45057e-7 0 1 0 0 -1 0 0 -1 -7.45059e-7 0 1 -1 0 3.06789e-7 -6.19925e-7 0.5547002 0.8320503 -3.332e-7 -0.8944269 0.4472141 -6.19925e-7 0.5547002 0.8320503 1 0 0 1 0 5.96047e-6 1 0 0 -1 0 -1.49012e-5 -1 0 0 7.45057e-7 0 1 0 0 -1 0 0 -1 1 0 5.96047e-6 1 0 0 -1 0 0 -1 0 0 1 -1.78813e-6 0 3.33201e-7 -0.894427 0.4472141 1 0 3.50616e-7 -5.90056e-6 -0.9899495 -0.1414215 -8.42937e-7 0.9899495 0.1414213 0 0 -1 0 0 -1 0 0 -1 0 0 -1 0 0 -1 1 5.96046e-7 0 0 -1 0 0 1 0 1 0 -1.49012e-6 0 0 1 0 0.9899495 0.1414216 0 1 0 0 -0.9899495 -0.1414216 -1 0 2.98023e-6 0 -1 0 -1 0 0 -3.79325e-6 0.9899495 0.1414217 0 -0.9899495 -0.1414213 5.96047e-6 -1 0 5.96051e-6 0 -1 8.42944e-7 -0.9899495 -0.1414215 1 0 0 0 0 1 0 0.9899495 0.1414213 0 1 0 1 0 0 1 0 0 -9.77964e-4 0.7071065 0.7071064 0 0.08663213 0.9962404 0 0.08663213 0.9962404 0 0 -1 -1 0 0 -0.7071073 0.7071063 0 -0.8175591 0.4252259 0.3883041 0 0 -1 0.7057742 0.06137335 0.7057734 6.9666e-5 -0.05037933 0.9987302 0 0.7071065 -0.7071071 0 -1 0 -0.3606958 0.6595069 -0.6595069 0.7071073 0.7071062 0 -5.1225e-6 -0.05037933 0.9987301 -0.7326802 0.0542739 0.6784055 -0.6915547 -0.03639656 0.7214066 0.7071072 0 0.7071064 0 -0.7071072 0.7071064 0 -0.7071071 0.7071064 0 -1 0 0.5000001 0.4999993 -0.7071073 0.817559 0.4252259 0.3883042 7.18975e-5 0.7071067 0.7071069 0 0.7071068 -0.7071068 0 1 0 1 0 0 -1 0 0 0 1 0 0 0.7071065 -0.707107 4.88904e-4 0.7071067 0.7071068 0 -1 0 0 -0.7071072 0.7071064 -3.48361e-5 -0.0503838 0.9987299 0 0 -1 0 0.08663213 0.9962404 0 -1 0 0 0 -1 0 0 1 0 0 -1 0 0 -1 0 0 -1 0 1 0 0 0 -1 0 0 1 1 0 0 0.706618 -0.0371893 0.7066174 -0.7071071 0 0.7071065 0 0 1 0 0 1 -1 0 0 0 0 -1 -7.45059e-7 0 1 0 0 -1 0 0 -1 7.45057e-7 0 1 -1 0 0 1 0 0 1 0 0 1 0 0 -1 0 0 0 0 -1 7.45059e-7 0 1 0 0 -1 0 0 -1 -7.45057e-7 0 1 1 0 0 -1 0 0 -1 0 0 -1 0 0 1 0 0 0 0 -1 0 0 -1 0 0 1 8.42937e-7 -0.9899495 -0.1414213 1 0 -1.49012e-6 0 0 1 0 0 -1 0 0 -1 0 0 -1 7.45057e-7 0 1 -1 0 0 -1 0 -1.49012e-5 -2.98024e-6 -1 0 1 0 8.9407e-7 -1 0 5.96046e-7 -8.42937e-7 -0.9899495 -0.1414213 -1 3.7253e-7 4.52357e-6 0 0 1 0 0 -1 0 0 -1 0 0 -1 -7.45057e-7 0 1 1 0 0 1 0 -8.9407e-6 0 1 0 -1 0 8.9407e-7 -1 0 5.96046e-7 1 0 0 0 0.9037379 -0.4280865 0 1 -5.96046e-7 3.72528e-7 0 1 1.19209e-6 -1 -5.96046e-7 0 -1 -5.96046e-7 -2.98023e-7 1.49012e-7 -1 -2.98023e-7 0 -1 0 0 1 0 0 1 0 -1 0 1 0 0 -1 0 0 -1 0 0 1 0 0 0.7071068 0 0.7071068 0 0 1 0 0.707107 -0.7071066 0 0.7071065 0.7071071 0 -0.7071073 -0.7071063 0 -0.7071068 0.7071068 -1 0 0 -0.7071073 0 -0.7071063 -0.7071068 0 0.7071068 -0.7071071 0.7071065 0 -0.7071068 0 0.7071068 -0.7071073 0 -0.7071063 -0.7071068 -0.7071068 0 0.7071068 0 -0.7071068 0.7071068 0 -0.7071068 0.7071068 0 0.7071068 0.7071066 0.707107 0 0.7071068 0 -0.7071068 0.7071068 0 0.7071068 0.7071062 -0.7071073 0 0 1 0 -1 -1.78813e-6 0 -1 -1.78814e-6 0 -3.332e-7 -0.8944269 0.4472141 -1 5.96046e-7 0 1 0 5.96046e-7 1 0 8.9407e-7 1 0 5.96046e-7 0 0 1 0 0 1 5.96047e-6 0 1 0 0 1 -5.96047e-6 0 1 -1 0 0 0 0 1 1 0 0 0 0 1 -0.7071068 0 0.7071068 1.2758e-7 -0.9037377 0.4280866 -0.7071073 0 -0.7071062 1 0 0 1 0 0 0.7071068 0 -0.7071068 -1 0 0 -0.7071068 0 0.7071068 0 0 1 0.7071068 0 0.7071068 -0.7071073 0 -0.7071062 1.2758e-7 -0.9037378 0.4280865 1 0 0 -0.7071073 0 -0.7071063 -0.7071068 0 0.7071068 0.7071068 0 -0.7071068 -1 0 0 0.7071068 0 0.7071068 0 0 1 -1 0 5.96046e-7 -1 -5.96046e-7 5.96046e-7 -1 0 2.12874e-7 0 0 -1 1 0 -2.12874e-7 1 -3.31137e-7 0 0 0 -1 -0.7071068 0 -0.7071068 0 1 0 -0.7071068 0 -0.7071068 -1 0 -2.12874e-7 -0.7071068 0 0.7071068 0 0 -1 0 0 -1 0 0 -1 0 0 -1 0 -0.7071073 -0.7071063 0.7071068 0 0.7071068 0 0 -1 0.7071071 0.7071065 0 1.19209e-6 1 0 1 0 0 0 0 1 0.7071073 0 -0.7071062 0 0.707107 -0.7071066 0 -1 0 -1 0 0 0.7071068 -0.7071068 0 -1 0 0 0 -0.9037378 0.4280865 0 0 1 0.7071068 0 0.7071068 1 0 0 0 0 1 0.7071068 0 0.7071068 -0.7071068 0 0.7071068 -1 0 0 0.7071073 0 -0.7071063 0 0 1 0 0 -1 -0.7071068 0 -0.7071068 -1 0 0 -0.7071068 0 0.7071068 0.7071073 0 -0.7071062 1 0 0 1 0 0 -1 0 0 0.7071068 0 0.7071068 0 0 -1 -1 0 0 0 -1 -5.96046e-7 -0.7071068 0 0.7071068 -1 0 0 -3.72528e-7 0 1 0 0 1 0 0 -1 -0.7071062 -0.7071073 0 -0.7071068 0 -0.7071068 1 0 0 0 0 -1 1 0 0 0.7071073 0 -0.7071063 0 0 -1 0 0.7071065 0.7071071 0 0 -1 -1 0 -2.12874e-7 0 -0.7071068 0.7071068 0.7071073 0 -0.7071063 1 0 5.96046e-7 1 0 2.12874e-7 0 0 -1 -0.7071066 0.707107 0 0.7071068 0 0.7071068 0 -0.9037377 0.4280865 2.98023e-7 1.49012e-7 -1 -0.7071068 0 -0.7071068 1 0 2.12874e-7 -0.7071068 0 0.7071068 0 0.9037379 -0.4280865 -1.19209e-6 -1 -5.96046e-7 2.98023e-7 0 -1 0 0 -1 0 0 -1 0 0 -1 0 0 -1 0 0 -1 0 0 -1 -1 0 0 0 0 -1 1 0 0 0 0 -1 0 0 -1 0 0 -1 1 0 0 0 0 -1 0 0 -1 0 0 1 0 0 1 0 0 1 0 0 1 0 1 0 0 1 0 0 -0.7071068 0.7071068 0 -0.7071068 0.7071068 0 -0.7071073 -0.7071062 0 -0.7071074 -0.7071063 0 0.707107 0.7071066 0 0.7071064 0.7071071 0 0.707107 -0.7071066 0 0.707107 -0.7071065 0 0 1 0 0 1 0 -1 0 0 -1 0 0 0 1 0 0 1 0 0 1 0 0 1 0 0 -1 0 1 0 -1 0 0 0 -1 0 -1 0 0 1 0 0 0 0 -1 0 0 -1 0 0 1 0 0 1 0 0 1 0 0 1 0 1 0 0 1 0 -7.02445e-7 -0.7071073 0.7071062 0 -0.7071068 0.7071068 0 -0.7071073 -0.7071062 0 -0.7071074 -0.7071063 0 0.707107 0.7071066 0 0.7071064 0.7071071 0 0.707107 -0.7071066 0 0.707107 -0.7071065 0 0 1 0 0 1 0 -1 0 0 -1 0 0 0 1 0 0 1 0 0 1 0 0 1 0 0 -1 0 1 0 1 0 0 0 -1 0 1 0 0 -1 0 0 0 1 0 -2.98024e-6 -1 0 0 1 0 5.96047e-6 -1 0 -1 0 0 0 -1 0 -1 0 0 0 1 0 1 0 0 1 0 0 0 1 0 -5.96047e-6 -1 0 1 0 0 -1 0 0 2.98024e-6 -1 0 1 0 0 1 0 2.6149e-7 -1 0 2.60319e-7 0 1 0 0 0.1414213 -0.9899496 -1 0 0 0 0 1 0 0.8 -0.6000001 0.7071068 0.7071068 0 0 0.7071064 0.7071071 -0.7071068 0.7071068 0 -0.7071067 0.7000001 0.1000002 0.7071067 0.7000001 0.1000002 0 0.9899495 0.1414213 0 0.7071068 0.7071068 0 0.7071068 0.7071068 0 0 1</float_array>
          <technique_common>
            <accessor source="#Cube-mesh-normals-array" count="1344" stride="3">
              <param name="X" type="float"/>
              <param name="Y" type="float"/>
              <param name="Z" type="float"/>
            </accessor>
          </technique_common>
        </source>
        <source id="Cube-mesh-map-0">
          <float_array id="Cube-mesh-map-0-array" count="8064">0 0 0 0 0 0 0 0 0 0 0 0 0 0 0 0 0 0 0.5795453 0.25 0.375 0.25 0.375 0.25 0 0 0 0 0 0 0 0 0 0 0 0 0 0 0 0 0 0 0 0 0 0 0 0 0.9578461 0.1300001 0.9058845 0.1 0.9058845 0.1 0.5795453 0.25 0.375 0.25 0.375 0.25 0 0 0 0 0 0 0 0 0 0 0 0 0.5421539 0.3700001 0.75 0.4900001 0.75 0.4900001 0 0 0 0 0 0 0 0 0 0 0 0 0 0 0 0 0 0 0.75 0.4900001 0.8019616 0.4600001 0.8019616 0.4600001 0 0 0 0 0 0 0 0 0 0 0 0 0 0 0 0 0 0 0 0 0 0 0 0 0 0 0 0 0 0 0 0 0 0 0 0 0.9578461 0.3700001 0.9058845 0.4000001 0.9578461 0.3700001 0 0 0 0 0 0 0 0 0 0 0 0 0.542154 0.1300001 0.75 0.01000005 0.542154 0.1300001 0.375 0.5 0.5795454 0.5 0.375 0.5 0 0 0 0 0 0 0 0 0 0 0 0 0 0 0 0 0 0 0.9578461 0.3700001 0.9578461 0.1300001 0.9578461 0.1300001 0.75 0.01000005 0.8019616 0.04000002 0.75 0.01000005 0.375 0.5 0.6022725 0.25 0.6022726 0.5 0.375 0.5 0.5795454 0.5 0.375 0.5 0.542154 0.1300001 0.542154 0.1900001 0.542154 0.1900001 0.5421539 0.3700001 0.542154 0.3100001 0.5421539 0.3700001 0.6022726 0.5 0.375 0.25 0.6022725 0.25 0 0 0 0 0 0 0.5795453 0.25 0.375 0.25 0.375 0.25 0 0 0 0 0 0 0 0 0 0 0 0 0 0 0 0 0 0 0 0 0 0 0 0 0 0 0 0 0 0 0 0 0 0 0 0 0 0 0 0 0 0 0 0 0 0 0 0 0 0 0 0 0 0 0 0 0 0 0 0 0 0 0 0 0 0 0.375 0.5 0.5795454 0.5 0.375 0.5 0.375 0.5 0.6022725 0.25 0.6022726 0.5 0 0 0 0 0 0 0 0 0 0 0 0 0 0 0 0 0 0 0 0 0 0 0 0 0.5795453 0.25 0.375 0.25 0.375 0.25 0 0 0 0 0 0 0 0 0 0 0 0 0 0 0 0 0 0 0.8758846 0.3480386 0.8758845 0.1519615 0.602154 0.1900001 0 0 0 0 0 0 0.9578461 0.1300001 0.9058845 0.1 0.9058845 0.1 0.5795453 0.25 0.375 0.25 0.375 0.25 0 0 0 0 0 0 0 0 0 0 0 0 0.5421539 0.3700001 0.75 0.4900001 0.75 0.4900001 0.6021538 0.3353591 0.75 0.4900001 0.7500001 0.4207181 0.7499998 0.0792821 0.542154 0.1300001 0.6021539 0.164641 0.8978461 0.3353591 0.9578461 0.1300001 0.8978461 0.1646411 0.8758846 0.3480386 0.8019616 0.4600001 0.9058845 0.4000001 0.8758845 0.1519615 0.8019616 0.04000002 0.7719617 0.0919615 0.602154 0.1900001 0.542154 0.3100001 0.6021538 0.3100001 0.7500001 0.4207181 0.8019616 0.4600001 0.7719616 0.4080386 0.7499998 0.0792821 0.8019616 0.04000002 0.75 0.01000005 0.8978461 0.3353591 0.9058845 0.4000001 0.9578461 0.3700001 0.6021538 0.3353591 0.542154 0.3100001 0.5421539 0.3700001 0.6021539 0.164641 0.542154 0.1900001 0.602154 0.1900001 0.8978461 0.1646411 0.9058845 0.1 0.8758845 0.1519615 0 0 0 0 0 0 0 0 0 0 0 0 0 0 0 0 0 0 0.75 0.4900001 0.8019616 0.4600001 0.8019616 0.4600001 0 0 0 0 0 0 0 0 0 0 0 0 0 0 0 0 0 0 0 0 0 0 0 0 0 0 0 0 0 0 0 0 0 0 0 0 0.9578461 0.3700001 0.9058845 0.4000001 0.9578461 0.3700001 0 0 0 0 0 0 0 0 0 0 0 0 0.75 0.01000005 0.542154 0.1300001 0.542154 0.1300001 0.375 0.5 0.5795454 0.5 0.375 0.5 0 0 0 0 0 0 0 0 0 0 0 0 0 0 0 0 0 0 0.9578461 0.1300001 0.9578461 0.3700001 0.9578461 0.1300001 0.75 0.01000005 0.8019616 0.04000002 0.75 0.01000005 0.375 0.5 0.6022725 0.25 0.6022726 0.5 0.375 0.5 0.5795454 0.5 0.375 0.5 0.542154 0.1300001 0.542154 0.1900001 0.542154 0.1900001 0.5421539 0.3700001 0.542154 0.3100001 0.5421539 0.3700001 0.375 0.5 0.6022725 0.25 0.6022726 0.5 0 0 0 0 0 0 0.5795453 0.25 0.375 0.25 0.375 0.25 0 0 0 0 0 0 0 0 0 0 0 0 0 0 0 0 0 0 0 0 0 0 0 0 0 0 0 0 0 0 0 0 0 0 0 0 0 0 0 0 0 0 0 0 0 0 0 0 0 0 0 0 0 0 0 0 0 0 0 0 0 0 0 0 0 0 0.375 0.5 0.5795454 0.5 0.375 0.5 0.6022726 0.5 0.375 0.25 0.6022725 0.25 0 0 0 0 0 0 0.625 0.75 0.375 1 0.375 0.75 0.375 0.5 0.125 0.75 0.125 0.5 0.9578461 0.1300001 0.9578461 0.3700001 0.9578461 0.3700001 0.542154 0.1900001 0.542154 0.1300001 0.542154 0.1300001 0.75 0.01000005 0.542154 0.1300001 0.75 0.01000005 0.9058845 0.1 0.9578461 0.1300001 0.9578461 0.1300001 0.9058845 0.4000001 0.9578461 0.3700001 0.9058845 0.4000001 0.75 0.4900001 0.5421539 0.3700001 0.5421539 0.3700001 0.375 0.5 0.375 0.25 0.375 0.25 0.375 0.5 0.375 0.25 0.375 0.25 0.375 0.25 0.375 0.5 0.375 0.25 0.542154 0.3100001 0.5421539 0.3700001 0.542154 0.3100001 0.8019616 0.04000002 0.75 0.01000005 0.8019616 0.04000002 0.8019616 0.4600001 0.75 0.4900001 0.75 0.4900001 0.1875 0.625 0.375 0.25 0.4396612 0.2647696 0.375 0.5 0.625 0.5914077 0.625 0.6828153 0.875 0.6819103 0.625 0.5914077 0.875 0.5892714 0 0 1 0.5 1 0 0.25 0.4535953 0.75 0.6928569 0.75 0.4535953 0.375 0.75 0.625 0.6828153 0.625 0.75 0.875 0.6819103 0.625 0.75 0.625 0.6828153 0.4396612 0.2647696 0.375 0 0.625 0 0.7916666 0.6562499 0.7916666 0.6875 0.7916666 0.65625 0.5 0.3783124 0.375 0.4166666 0.375 0.375 0.5 0.9166666 0.375 1 0.375 0.9166666 0.625 0.9166666 0.5625 1 0.5625 0.9166666 0.5 0.125 0.375 0.25 0.375 0.125 0.875 0.6875 0.7916666 0.6875 0.7916666 0.6875 0.5 0.25 0.375 0.3333333 0.375 0.25 0.7916666 0.7265625 0.75 0.75 0.75 0.7265625 0.75 0.75 0.7291666 0.7265625 0.7291666 0.75 0.375 0.875 0.5 0.9166666 0.375 0.9166666 0.7916666 0.625 0.7916666 0.5 0.7916666 0.5 0.7916666 0.7265625 0.7916666 0.75 0.7916667 0.7251675 0.25 0.75 0.2083333 0.7265625 0.25 0.7265625 0.7916666 0.5 0.75 0.625 0.75 0.5 0.25 0.5 0.2916666 0.625 0.25 0.625 0.2083333 0.5 0.125 0.625 0.125 0.5 0.5625 0.185 0.625 0.245 0.546875 0.25 0.5 0.09375 0.375 0.125 0.375 0.09375 0.625 0.09375 0.5625 0.125 0.5625 0.09375 0.625 0.3333333 0.59375 0.25 0.625 0.25 0.5625 0.09375 0.5 0.125 0.5 0.09375 0.5625 0.185 0.5 0.25 0.5 0.125 0.5625 0.0234375 0.5 0 0.5625 0 0.7916666 0.5 0.7916666 0.625 0.7916666 0.625 0.5625 0.9166666 0.5 1 0.5 0.9166666 0.5 0.25 0.546875 0.3333333 0.5 0.3333333 0.5625 0.03125 0.5 0.0625 0.5 0.03125 0.6250001 0.03125 0.5625 0.0625 0.5625 0.03125 0.5 0.03125 0.375 0.0625 0.375 0.03125 0.7916666 0.6875 0.7916666 0.65625 0.7916666 0.65625 0.7916666 0.65625 0.75 0.6875 0.75 0.65625 0.25 0.65625 0.2916666 0.6875 0.25 0.6875 0.2083333 0.65625 0.125 0.6875 0.125 0.65625 0.7916666 0.6562499 0.875 0.6875 0.7916666 0.6875 0.7916665 0.7265624 0.7916667 0.71875 0.7916665 0.7187499 0.7916666 0.71875 0.7916666 0.703125 0.7916667 0.71875 0.625 0.9166666 0.625 1 0.625 1 0.7916666 0.7265625 0.7916666 0.71875 0.7916666 0.725865 0.625 0.0625 0.625 0.046875 0.625 0.0625 0.7916666 0.71875 0.7916666 0.7265625 0.7916666 0.725865 0.5 0.0234375 0.375 0.03125 0.375 0.0234375 0.625 0.0234375 0.5625 0.03125 0.5625 0.0234375 0.5625 0.0234375 0.5 0.03125 0.5 0.0234375 0.7916666 0.71875 0.7916666 0.6875 0.7916666 0.6875 0.7916666 0.71875 0.7916666 0.6875 0.7916666 0.6875 0.7916666 0.6875 0.75 0.71875 0.75 0.6875 0.2916666 0.6875 0.25 0.71875 0.25 0.6875 0.2083333 0.6875 0.125 0.71875 0.125 0.6875 0.625 0.0234375 0.5625 0 0.625 0 0.5 0.0234375 0.375 0 0.5 0 0.7916666 0.75 0.7916666 0.7265625 0.7916666 0.7265625 0.625 0.0234375 0.625 0 0.6250001 0.0234375 0.7916666 0.71875 0.7916666 0.725865 0.7916666 0.7251674 0.875 0.6875 0.7916666 0.6875 0.7916666 0.6875 0.6249999 0.0234375 0.625 0.03125 0.625 0.03125 0.625 1 0.625 0.9166666 0.625 1 0.7916666 0.734375 0.7916666 0.734375 0.7916666 0.734375 0.625 0.9166665 0.625 0.9166666 0.625 0.9166665 0.2083333 0.7265625 0.125 0.75 0.125 0.7265625 0.7916666 0.734375 0.7916666 0.734375 0.7916666 0.734375 0.7916666 0.7265625 0.7916667 0.71875 0.7916667 0.7265626 0.2916666 0.7265625 0.25 0.75 0.25 0.7265625 0.25 0.6875 0.2083333 0.71875 0.2083333 0.6875 0.25 0.65625 0.2083333 0.6875 0.2083333 0.65625 0.2083333 0.5 0.25 0.625 0.2083333 0.625 0.75 0.71875 0.75 0.6875 0.75 0.6875 0.5 0.8333334 0.375 0.875 0.375 0.8333333 0.5 0.3333333 0.375 0.375 0.375 0.3333333 0.625 0.015625 0.625 0 0.625 0 0.625 0.9166666 0.625 0.9166666 0.625 0.9166666 0.625 0 0.625 0.015625 0.625 0.015625 0.8750001 0.7207032 0.7916667 0.7265626 0.7916666 0.7207031 0.7916667 0.71875 0.875 0.71875 0.7916665 0.7187499 0.625 0.9166666 0.625 1 0.625 1 0.7916666 0.734375 0.7916666 0.734375 0.7916666 0.734375 0.7916666 0.7265625 0.7916665 0.7187499 0.7916666 0.7265625 0.625 1 0.625 0.9166666 0.625 0.9166666 0.625 0.015625 0.625 0 0.625 0.015625 0.7916666 0.734375 0.7916666 0.734375 0.7916666 0.734375 0.7916667 0.71875 0.875 0.71875 0.7916665 0.7187499 0.625 0.0234375 0.625 0.02929687 0.625 0.03125 0.7916666 0.75 0.7916666 0.734375 0.7916666 0.75 0.625 0.9166666 0.625 0.9166665 0.625 0.9166666 0.7916666 0.7265626 0.875 0.7207031 0.7916667 0.7207032 0.7916666 0.65625 0.7916666 0.6875 0.7916666 0.6875 0.375 0.4166666 0.5 0.3958333 0.375 0.3958333 0.375 1 0.5 0.9166666 0.375 0.9166666 0.5625 0.9166666 0.625 1 0.625 0.9166666 0.375 0.125 0.5 0.25 0.5 0.125 0.625 0.0625 0.625 0.0625 0.625 0.046875 0.375 0.3333333 0.5 0.25 0.375 0.25 0.75 0.75 0.7916666 0.7265625 0.75 0.7265625 0.7916666 0.7297712 0.7916666 0.75 0.7916666 0.75 0.375 0.875 0.5 0.9166666 0.5 0.8750001 0.7916666 0.5 0.7916666 0.625 0.7916666 0.5 0.25 0.75 0.2708333 0.7265625 0.25 0.7265625 0.7083333 0.75 0.7291666 0.7265625 0.7083333 0.7265625 0.75 0.625 0.7916666 0.5 0.75 0.5 0.2708333 0.625 0.2916666 0.5 0.2708333 0.5 0.125 0.625 0.2083333 0.5 0.125 0.5 0.5625 0.185 0.546875 0.25 0.625 0.245 0.375 0.09375 0.5 0.125 0.5 0.09375 0.5625 0.09375 0.625 0.125 0.625 0.09375 0.59375 0.25 0.625 0.3333333 0.625 0.25 0.5 0.125 0.5625 0.09375 0.5 0.09375 0.5 0.25 0.5625 0.185 0.5 0.125 0.5 0.0234375 0.5625 0 0.5 0 0.7916666 0.5 0.7916666 0.625 0.7916666 0.625 0.5 1 0.5625 0.9166666 0.5 0.9166666 0.5 0.25 0.546875 0.3333333 0.546875 0.25 0.5 0.0625 0.5625 0.03125 0.5 0.03125 0.5625 0.0625 0.6250001 0.03125 0.5625 0.03125 0.375 0.03125 0.5 0.0625 0.5 0.03125 0.7916666 0.65625 0.7916666 0.6875 0.7916666 0.65625 0.75 0.6875 0.7916666 0.65625 0.7500001 0.6562501 0.2708333 0.6875 0.2916666 0.65625 0.2708333 0.6562501 0.125 0.6875 0.2083333 0.65625 0.125 0.65625 0.7916666 0.65625 0.875 0.6875 0.875 0.65625 0.625 0 0.625 0.015625 0.625 0.015625 0.7916666 0.6875 0.875 0.6875 0.7916666 0.6875 0.625 1 0.625 0.9166666 0.625 1 0.7916666 0.6875 0.875 0.6875 0.7916666 0.6875 0.7916666 0.71875 0.7916667 0.71875 0.7916666 0.703125 0.375 0.0234375 0.5 0.03125 0.5 0.0234375 0.5625 0.03125 0.625 0.0234375 0.5625 0.0234375 0.5 0.03125 0.5625 0.0234375 0.5 0.0234375 0.7916666 0.6875 0.7916666 0.71875 0.7916666 0.6875 0.7916666 0.6875 0.7916666 0.71875 0.7916666 0.6875 0.75 0.71875 0.7916666 0.6875 0.75 0.6875 0.2708333 0.71875 0.2916666 0.6875 0.2708333 0.6875 0.125 0.71875 0.2083333 0.6875 0.125 0.6875 0.5625 0.0234375 0.625 0 0.5625 0 0.375 0 0.5 0.0234375 0.5 0 0.7916666 0.7265625 0.7916666 0.75 0.7916666 0.7265625 0.7916666 0.725865 0.7916666 0.71875 0.7916666 0.7251674 0.7916666 0.7251674 0.7916666 0.75 0.7916666 0.75 0.625 1 0.625 0.9166666 0.625 1 0.625 0.03125 0.625 0.0234375 0.625 0.03125 0.625 1 0.625 0.9166666 0.625 0.9166666 0.7916666 0.734375 0.7916666 0.734375 0.7916666 0.734375 0.125 0.75 0.2083333 0.7265625 0.125 0.7265625 0.2708333 0.75 0.2916666 0.7265625 0.2708333 0.7265625 0.2083333 0.71875 0.25 0.6875 0.2083333 0.6875 0.2083333 0.6875 0.25 0.6562501 0.2083333 0.65625 0.2083333 0.5 0.25 0.625 0.25 0.5 0.7916666 0.71875 0.7916666 0.703125 0.7916666 0.71875 0.375 0.875 0.5 0.8541668 0.375 0.8541666 0.375 0.375 0.5 0.3333333 0.375 0.3333333 0.625 0.015625 0.625 0 0.625 0.015625 0.875 0.71875 0.7916667 0.71875 0.7916667 0.71875 0.7916665 0.7187499 0.875 0.71875 0.7916667 0.71875 0.7916666 0.734375 0.7916666 0.734375 0.7916666 0.734375 0.625 1 0.625 0.9166666 0.625 0.9166666 0.7916666 0.7265625 0.7916665 0.7187499 0.7916667 0.71875 0.625 0.9166666 0.625 0.9166666 0.625 0.9166666 0.625 0 0.625 0.015625 0.625 0.015625 0.7916666 0.734375 0.7916666 0.734375 0.7916666 0.734375 0.625 0.9166666 0.625 0.9166665 0.625 0.9166666 0.625 0.9166666 0.625 1 0.625 1 0.7916666 0.75 0.7916666 0.734375 0.7916666 0.734375 0.625 0.9166665 0.625 0.9166666 0.625 0.9166666 0.625 0.0234375 0.625 0.03125 0.625 0.02929687 0.875 0.71875 0.7916667 0.71875 0.7916665 0.7187499 0 0 0 0 0 0 0.75 0.71875 0.75 0.6875 0.75 0.71875 0.75 0.625 0.75 0.625 0.75 0.625 0 0 0 0 0 0 0.7481884 0.71875 0.7282608 0.71875 0.7282608 0.71875 0.7083333 0.71875 0.7481884 0.71875 0.7481884 0.71875 0.5 0.3958333 0.5 0.3783124 0.5 0.375 0.75 0.65625 0.75 0.625 0.75 0.65625 0.75 0.625 0.75 0.625 0.75 0.625 0.75 0.625 0.75 0.625 0.75 0.625 0.5000001 0.3783124 0.5 0.4166667 0.5 0.375 0.75 0.6875 0.75 0.7156251 0.75 0.71875 0 0 0 0 0 0 0.5000001 0.3783124 0.5 0.4166667 0.5 0.4166667 0.7083333 0.71875 0.75 0.71875 0.75 0.71875 0.75 0.625 0.75 0.625 0.75 0.625 0.75 0.625 0.75 0.625 0.75 0.625 0 0 0 0 0 0 0.75 0.6875 0.75 0.715625 0.75 0.6875 0 0 0.75 0.625 0.75 0.65625 0 0 0.7500001 0.6572917 0 0 0.7083333 0.71875 0.7481884 0.71875 0.75 0.71875 0.7291666 0.71875 0.7481884 0.71875 0.7282608 0.71875 0.75 0.71875 0.7291666 0.71875 0.7291666 0.71875 0.75 0.625 0.75 0.625 0.75 0.625 0.75 0.625 0.75 0.625 0.75 0.625 0 0 0 0 0 0 0.5 0.4166667 0.5 0.3967391 0.5 0.3974896 0 0 0 0 0 0 0.7500001 0.6572917 0.75 0.625 0.75 0.6270834 0.75 0.625 0.75 0.625 0.75 0.625 0 0 0 0 0 0 0.5 0.3783124 0.5 0.3967391 0.5 0.3768116 0 0 0 0 0 0 0.7291666 0.71875 0.7083332 0.71875 0.7083333 0.71875 0.7291666 0.71875 0.7083333 0.71875 0.7083332 0.71875 0 0 0 0 0 0 0.5 0.4166667 0.5 0.3958333 0.5 0.4166667 0.7282608 0.71875 0.7083333 0.71875 0.7083333 0.71875 0.375 0.8541666 0.5 0.8333334 0.375 0.8333333 0.25 0.75 0.2083333 0.7265625 0.2083333 0.75 0.75 0.75 0.7083333 0.7265625 0.75 0.7265625 0.25 0.71875 0.2708333 0.6875 0.25 0.6875 0.25 0.6562501 0.2708333 0.6875 0.2708333 0.6562501 0.25 0.5 0.2708333 0.625 0.2708333 0.5 0.375 0.3958333 0.5 0.375 0.375 0.375 0.25 0.6562501 0.2708333 0.625 0.25 0.625 0 0 0 0 0 0 0.75 0.6875 0.7500001 0.6572917 0.75 0.6875 0 0 0.75 0.6270834 0 0 0 0 0.75 0.65625 0.75 0.6875 0 0 0 0 0 0 0 0 0 0 0 0 0.75 0.6875 0.75 0.65625 0.75 0.65625 0.2083333 0.65625 0.25 0.625 0.2083333 0.625 0.7916666 0.65625 0.875 0.625 0.7916666 0.625 0.125 0.65625 0.2083333 0.625 0.125 0.625 0.2708333 0.6562501 0.2916666 0.625 0.2708333 0.625 0.7500001 0.6562501 0.7916666 0.625 0.75 0.625 0.7916666 0.625 0.7916666 0.65625 0.7916666 0.625 0.5 0.09375 0.5625 0.0625 0.5 0.0625 0.5625 0.0625 0.625 0.09375 0.625 0.0625 0.375 0.0625 0.5 0.09375 0.5 0.0625 0.7916666 0.625 0.7916666 0.65625 0.7916666 0.625 0.25 0.625 0.2083333 0.65625 0.2083333 0.625 0.875 0.625 0.7916666 0.6562499 0.7916666 0.625 0.2083333 0.625 0.125 0.65625 0.125 0.625 0.2916666 0.625 0.25 0.65625 0.25 0.625 0.7916666 0.625 0.75 0.65625 0.75 0.625 0.7916666 0.65625 0.7916666 0.625 0.7916666 0.625 0.5625 0.0625 0.5 0.09375 0.5 0.0625 0.625 0.0625 0.5625 0.09375 0.5625 0.0625 0.5 0.0625 0.375 0.09375 0.375 0.0625 0.7916666 0.6562499 0.7916666 0.625 0.7916666 0.625 0.7916666 0.75 0.7916666 0.734375 0.7916666 0.75 0.25 0.7265625 0.2708333 0.71875 0.25 0.71875 0.7083333 0.7265625 0.7291666 0.71875 0.7083333 0.71875 0.625 0.9166666 0.625 0.9166666 0.625 0.9166666 0.625 0.03125 0.625 0.0234375 0.625 0.03125 0.7291666 0.7265625 0.75 0.71875 0.7291666 0.71875 0.2083333 0.7265625 0.25 0.71875 0.2083333 0.71875 0.125 0.7265625 0.2083333 0.71875 0.125 0.71875 0.2708333 0.7265625 0.2916666 0.71875 0.2708333 0.71875 0.75 0.7265625 0.7916666 0.71875 0.75 0.71875 0.7916666 0.71875 0.7916666 0.7265625 0.7916666 0.71875 0.7916666 0.71875 0.7916667 0.7251675 0.7916666 0.71875 0.625 0.9166666 0.625 0.9166666 0.625 0.9166666 0.625 0.0234375 0.625 0 0.625 0 0.625 0.0234375 0.625 0 0.625 0.0234375 0.625 0.9166666 0.625 0.9166666 0.625 0.9166666 0.6250001 0.0234375 0.625 0.03125 0.625 0.03125 0.75 0.71875 0.7083333 0.7265625 0.7083333 0.71875 0.25 0.71875 0.2083333 0.7265625 0.2083333 0.71875 0.2083333 0.71875 0.125 0.7265625 0.125 0.71875 0.2916666 0.71875 0.25 0.7265625 0.25 0.71875 0.7916666 0.71875 0.75 0.7265625 0.75 0.71875 0.7916666 0.7265625 0.7916666 0.71875 0.7916666 0.71875 0.7916666 0.7251674 0.7916666 0.71875 0.7916666 0.71875 0.7916666 0.734375 0.7916666 0.734375 0.7916666 0.734375 0.625 0.03125 0.6250001 0.0234375 0.625 0.03125 0.6250001 0.03125 0.625 0.0625 0.625 0.0625 0.7916666 0.75 0.7916666 0.7265625 0.7916666 0.7251674 0 0 0 0 0 0 0.625 0.046875 0.6250001 0.03125 0.625 0.046875 0.625 0.0234375 0.625 0.02919405 0.625 0.0234375 0.625 0.0234375 0.625 0.0234375 0.625 0.0234375 0.625 0.0234375 0.625 0.0234375 0.625 0.0234375 0.625 0.0234375 0.6250001 0.03125 0.6250001 0.03125 0.625 0.0234375 0.625 0.03125 0.6250001 0.03125 0.625 0.03125 0.625 0.03125 0.625 0.03125 0.625 0.03125 0.625 0.03125 0.625 0.03125 0.625 0.0234375 0.6250001 0.0234375 0.625 0.0234375 0.625 0.0234375 0.625 0.0234375 0.625 0.0234375 0.625 0.03125 0.625 0.03125 0.625 0.03125 0.625 0.03125 0.625 0.03125 0.625 0.03125 0.625 0.03125 0.625 0.03125 0.625 0.03125 0.625 0.03125 0.625 0.03125 0.625 0.03125 0.625 0.03125 0.625 0.03125 0.625 0.03125 0.625 0.03125 0.625 0.03125 0.625 0.03125 0.625 0.03125 0.625 0.03125 0.625 0.03125 0.625 0.046875 0.625 0.046875 0.625 0.046875 0.625 0.0234375 0.625 0.0234375 0.6250001 0.0234375 0.625 0.0234375 0.625 0.0234375 0.6250001 0.0234375 0.625 0.03125 0.625 0.03125 0.625 0.03125 0.625 0.03125 0.625 0.03125 0.625 0.03125 0.625 0.0234375 0.6250001 0.0234375 0.625 0.0234375 0.625 0.0234375 0.625 0.0234375 0.6250001 0.0234375 0.625 0.046875 0.625 0.046875 0.625 0.046875 0.625 0.03125 0.625 0.03125 0.625 0.03125 0.625 0.0234375 0.625 0.0234375 0.625 0.0234375 0.625 0.0234375 0.625 0.0234375 0.625 0.0234375 0.625 0.03125 0.625 0.03125 0.625 0.03125 0.625 0.03125 0.625 0.03125 0.625 0.03125 0.625 0.03125 0.625 0.03125 0.625 0.03125 0.625 0.03125 0.625 0.03125 0.625 0.03125 0.625 0.03125 0.625 0.03125 0.625 0.03125 0.625 0.03125 0.625 0.03125 0.625 0.03125 0.625 0.0234375 0.6250001 0.0234375 0.625 0.0234375 0.625 0.03125 0.625 0.03125 0.625 0.03125 0.625 0.03125 0.625 0.03125 0.625 0.03125 0.625 0.03125 0.625 0.03125 0.625 0.03125 0.625 0.03125 0.625 0.03125 0.625 0.03125 0.625 0.03125 0.625 0.03125 0.625 0.03125 0.625 0.03125 0.625 0.03125 0.625 0.03125 0.625 0.0234375 0.6250001 0.0234375 0.625 0.0234375 0.625 0.046875 0.625 0.046875 0.625 0.046875 0.7916666 0.7297712 0.7916666 0.75 0.7916666 0.734375 0.7916666 0.7251674 0.7916666 0.75 0.7916666 0.7297712 0.625 1 0.625 0.9166666 0.625 0.9166666 0.7916666 0.71875 0.7916666 0.703125 0.7916666 0.6875 0.625 0.0234375 0.625 0 0.625 0 0.625 0.03125 0.6250001 0.0234375 0.625 0.0234375 0.625 0.0625 0.6250001 0.03125 0.625 0.0625 0.875 0.734375 0.7916666 0.75 0.7916666 0.734375 0.7916666 0.734375 0.7916666 0.75 0.7916666 0.734375 0.7916666 0.734375 0.7916666 0.75 0.7916666 0.734375 0.7916666 0.75 0.875 0.734375 0.7916666 0.734375 0.7916666 0.734375 0.7916666 0.75 0.7916666 0.75 0.7916666 0.7265626 0.7916666 0.7207031 0.7916667 0.71875 0.7916667 0.7265626 0.7916667 0.71875 0.7916667 0.7207032 0.625 0.03125 0.625 0.03125 0.625 0.03125 0 0 0 0 0 0 0.625 0.03125 0.625 0.03125 0.625 0.03125 0.625 0.03125 0.625 0.03125 0.625 0.03125 0.625 0.03125 0.625 0.03125 0.625 0.03125 0.625 0.03125 0.625 0.03125 0.625 0.03125 0.625 0.03125 0.625 0.03125 0.625 0.03125 0.625 0.03125 0.625 0.03125 0.625 0.03125 0.625 0.03125 0.625 0.03125 0.625 0.03125 0.625 0.03125 0.625 0.03125 0.625 0.03125 0.625 0.03125 0.625 0.03125 0.625 0.03125 0 0 0 0 0 0 0.625 0.03125 0.625 0.03125 0.625 0.03125 0.625 0.03125 0.625 0.03125 0.625 0.03125 0.625 0.03125 0.625 0.03125 0.625 0.03125 0.625 0.03125 0.625 0.03125 0.625 0.03125 0.625 0.03125 0.625 0.03125 0.625 0.03125 0.625 0.03125 0.625 0.03125 0.625 0.03125 0.625 0.03125 0.625 0.03125 0.625 0.03125 0.625 0.0234375 0 0 0.625 0.03125 0.625 0.03125 0 0 0.625 0.03125 0 0 0 0 0 0 0.625 0.03125 0.625 0.03125 0.625 0.03125 0 0 0 0 0 0 0 0 0 0 0 0 0.625 0.03125 0.625 0.03125 0.625 0.03125 0.625 0.03125 0.625 0.03125 0.625 0.03125 0.625 0.046875 0.625 0.046875 0.625 0.046875 0.625 0.03125 0.625 0.03125 0.625 0.03125 0 0 0 0 0 0 0.625 0.03125 0.625 0.03125 0.625 0.03125 0.625 0.03125 0.625 0.03125 0.625 0.03125 0.625 0.03125 0.625 0.03125 0.625 0.03125 0.625 0.03125 0.625 0.03125 0.625 0.03125 0.625 0.03125 0.625 0.03125 0.625 0.03125 0.625 0.03125 0.625 0.03125 0.625 0.03125 0.625 0.0234375 0.625 0.0234375 0.625 0.0234375 0.625 0.03125 0.625 0.03125 0.625 0.03125 0.625 0.03125 0.625 0.03125 0.625 0.03125 0.625 0.03125 0.625 0.03125 0.625 0.03125 0.625 0.046875 0.6250001 0.03125 0.6250001 0.03125 0.625 0.0234375 0.6250001 0.0234375 0.625 0.0234375 0.625 0.03125 0.625 0.03125 0.625 0.03125 0.625 0.03125 0.625 0.03125 0.625 0.03125 0.625 0.03125 0.625 0.03125 0.625 0.03125 0.625 0.046875 0.625 0.046875 0.625 0.046875 0.625 0.0234375 0.625 0.0234375 0.625 0.0234375 0.625 0.03125 0.625 0.03125 0.625 0.03125 0.6250001 0.0234375 0.625 0.0234375 0.625 0.0234375 0.625 0.0234375 0.625 0.0234375 0.6250001 0.0234375 0.625 0.03125 0.625 0.03125 0.625 0.03125 0 0 0 0 0 0 0.625 0.03125 0.625 0.03125 0.625 0.03125 0.625 0.03125 0.625 0.03125 0.625 0.03125 0.625 0.03125 0.625 0.03125 0.625 0.03125 0.625 0.03125 0.625 0.03125 0.625 0.03125 0.625 0.03125 0.625 0.03125 0.625 0.03125 0.625 0.03125 0.625 0.03125 0.625 0.03125 0.625 0.03125 0.625 0.03125 0.625 0.03125 0.625 0.03125 0.625 0.03125 0.625 0.03125 0.625 0.03125 0.625 0.03125 0.625 0.03125 0.625 0.03125 0.625 0.03125 0.625 0.03125 0.625 0.03125 0.625 0.03125 0.625 0.03125 0.625 0.046875 0.625 0.046875 0.625 0.046875 0.625 0.03125 0.625 0.03125 0.625 0.03125 0.625 0.03125 0.625 0.03125 0.625 0.03125 0.625 0.03125 0.625 0.03125 0.625 0.03125 0.625 0.03125 0.625 0.03125 0.625 0.03125 0.625 0.03125 0.625 0.03125 0.625 0.03125 0.625 0.03125 0.625 0.03125 0.625 0.03125 0.625 0.03125 0.625 0.03125 0.625 0.03125 0.625 0.03125 0.625 0.03125 0.625 0.03125 0.625 0.03125 0.625 0.03125 0.625 0.03125 0.625 0.03125 0.625 0.03125 0.625 0.03125 0.625 0.0234375 0.625 0.0234375 0.625 0.0234375 0.625 0.03125 0.625 0.03125 0.625 0.03125 0.625 0.03125 0.625 0.03125 0.625 0.03125 0.625 0.0234375 0.625 0.02919405 0.625 0.03125 0.625 0.03125 0.625 0.03125 0.625 0.03125 0.625 0.0234375 0.6250001 0.0234375 0.625 0.0234375 0.625 0.03125 0.625 0.03125 0.625 0.03125 0.6250001 0.0234375 0.625 0.0234375 0.625 0.0234375 0.625 0.03125 0.625 0.03125 0.625 0.03125 0.625 0.03125 0.625 0.03125 0.625 0.03125 0.625 0.03125 0.625 0.03125 0.625 0.03125 0.625 0.03125 0.625 0.03125 0.625 0.03125 0.625 0.03125 0.625 0.03125 0.625 0.03125 0.625 0.03125 0.625 0.03125 0.625 0.03125 0.625 0.03125 0.625 0.03125 0.625 0.03125 0.625 0.03125 0.625 0.03125 0.625 0.03125 0.625 0.03125 0.625 0.03125 0.625 0.03125 0 0 0 0 0 0 0.625 0.0234375 0.625 0.0234375 0.625 0.0234375 0.625 0.03125 0.625 0.03125 0.625 0.03125 0.625 0.0234375 0 0 0.625 0.0234375 0 0 0 0 0 0 0.625 0.03125 0.625 0.03125 0.625 0.03125 0.625 0.03125 0.625 0.03125 0.625 0.03125 0.625 0.03125 0.625 0.03125 0.625 0.03125 0 0 0 0 0 0 0.6250001 0.03125 0.625 0.0234375 0.6250001 0.03125 0.625 0.03125 0.625 0.03125 0.625 0.03125 0.625 0.03125 0 0 0.625 0.03125 0.625 0.03125 0.625 0.03125 0.625 0.03125 0 0 0 0 0 0 0.625 0.0234375 0.625 0.0234375 0.625 0.0234375 0.625 0.03125 0.625 0.0234375 0.6250001 0.03125 0.625 0.03125 0.625 0.03125 0.625 0.03125 0.625 0.03125 0.625 0.03125 0.625 0.03125 0.625 0.03125 0.625 0.03125 0.625 0.03125 0.625 0.03125 0.625 0.03125 0.625 0.03125 0.625 0.03125 0.625 0.03125 0.625 0.03125 0.625 0.03125 0.625 0.03125 0.625 0.03125 0.625 0.03125 0.625 0.03125 0.625 0.03125 0.625 0.03125 0.625 0.03125 0.625 0.03125 0.625 0.03125 0.625 0.03125 0.625 0.03125 0.625 0.03125 0.625 0.03125 0.625 0.03125 0.625 0.03125 0.625 0.03125 0.625 0.03125 0.625 0.03125 0.625 0.03125 0.625 0.03125 0.625 0.03125 0.625 0.03125 0.625 0.03125 0.625 0.03125 0.625 0.03125 0.625 0.03125 0.625 0.03125 0.625 0.03125 0.625 0.03125 0.625 0.03125 0.625 0.03125 0.625 0.03125 0.625 0.03125 0.625 0.03125 0.625 0.03125 0.625 0.03125 0.625 0.03125 0.625 0.03125 0.625 0.03125 0.625 0.03125 0.625 0.03125 0.625 0.046875 0.625 0.046875 0.625 0.046875 0.625 0.046875 0.625 0.046875 0.625 0.046875 0.625 0.0234375 0.625 0.0234375 0.625 0.0234375 0.625 0.0234375 0.625 0.0234375 0.625 0.0234375 0.625 0.0234375 0.625 0.0234375 0.625 0.0234375 0.625 0.0234375 0.625 0.0234375 0.625 0.0234375 0.625 0.03125 0.625 0.03125 0.625 0.03125 0.625 0.03125 0.625 0.03125 0.625 0.03125 0.625 0.046875 0.625 0.046875 0.625 0.046875 0.625 0.046875 0.625 0.046875 0.625 0.046875 0.625 0.03125 0.625 0.03125 0.625 0.03125 0.625 0.03125 0.625 0.03125 0.625 0.03125 0.625 0.0234375 0.625 0.0234375 0.625 0.0234375 0.625 0.0234375 0.625 0.0234375 0.625 0.0234375 0.625 0.03125 0.625 0.03125 0.625 0.03125 0.625 0.03125 0.625 0.03125 0.625 0.03125 0.625 0.03125 0.625 0.03125 0.625 0.03125 0.625 0.03125 0.625 0.03125 0.625 0.03125 0.625 0.03125 0.625 0.03125 0.625 0.03125 0.625 0.03125 0.625 0.03125 0.625 0.03125 0.625 0.03125 0.625 0.03125 0.625 0.03125 0.625 0.03125 0.625 0.03125 0.625 0.03125 0.625 0.03125 0.625 0.03125 0.625 0.03125 0.625 0.03125 0.625 0.03125 0.625 0.03125 0.625 0.03125 0.625 0.03125 0.625 0.03125 0.625 0.03125 0.625 0.03125 0.625 0.03125 0.625 0.03125 0.625 0.03125 0.625 0.03125 0.625 0.03125 0.625 0.03125 0.625 0.03125 0.625 0.03125 0.625 0.03125 0.625 0.03125 0.625 0.03125 0.625 0.03125 0.625 0.03125 0.625 0.046875 0.625 0.046875 0.625 0.046875 0.625 0.046875 0.625 0.046875 0.625 0.046875 0.625 0.0234375 0.625 0.0234375 0.625 0.0234375 0.625 0.0234375 0.625 0.0234375 0.625 0.0234375 0.625 0.0234375 0.625 0.0234375 0.625 0.0234375 0.625 0.0234375 0.625 0.0234375 0.625 0.0234375 0.625 0.03125 0.625 0.03125 0.625 0.03125 0.625 0.03125 0.625 0.03125 0.625 0.03125 0.625 0.046875 0.625 0.046875 0.625 0.046875 0.625 0.046875 0.625 0.046875 0.625 0.046875 0.625 0.03125 0.625 0.03125 0.625 0.03125 0.625 0.03125 0.625 0.03125 0.625 0.03125 0.625 0.0234375 0.625 0.0234375 0.625 0.0234375 0.625 0.0234375 0.625 0.0234375 0.625 0.0234375 0.625 0.03125 0.625 0.03125 0.625 0.03125 0.625 0.03125 0.625 0.03125 0.625 0.03125 0.625 0.03125 0.625 0.03125 0.625 0.03125 0.625 0.03125 0.625 0.03125 0.625 0.03125 0.625 0.03125 0.625 0.03125 0.625 0.03125 0.625 0.03125 0.625 0.03125 0.625 0.03125 0.625 0.03125 0.625 0.03125 0.625 0.03125 0.625 0.03125 0.625 0.03125 0.625 0.03125 0.625 0.03125 0.625 0.03125 0.625 0.03125 0.625 0.03125 0.625 0.03125 0.625 0.03125 0.7916666 0.734375 0.7916666 0.734375 0.7916666 0.734375 0.625 0.9166666 0.625 0.9166666 0.625 0.9166666 0.7916667 0.71875 0.875 0.71875 0.875 0.71875 0.625 0.9166666 0.625 1 0.625 1 0.625 0 0.625 0.015625 0.625 0.015625 0.625 0.9166666 0.625 0.9166666 0.625 0.9166666 0.625 0.0234375 0.625 0.03125 0.625 0.03125 0.7916666 0.734375 0.7916666 0.734375 0.7916666 0.734375 0.7916667 0.71875 0.7916667 0.7265626 0.7916667 0.7265626 0.625 0.03125 0.625 0.0234375 0.625 0.0234375 0.875 0.71875 0.7916667 0.71875 0.7916667 0.71875 0.625 1 0.625 0.9166666 0.625 0.9166666 0.7916666 0.734375 0.2375 0.2203125 0.7916666 0.734375 0.7916666 0.7265626 0.7916667 0.71875 0.7916667 0.71875 0.625 0.9166666 0.625 0.9166666 0.625 0.9166666 0.625 0.015625 0.625 0 0.625 0 0.7916666 0.734375 0.2375 0.2203125 0.7916666 0.734375 0.7916666 0.734375 0.2375 0.2203125 0.7916666 0.734375 0 0 0.6896888 0.6397771 0 0 0.7916666 0.734375 0.7916666 0.734375 0.7916666 0.734375 0.7916666 0.734375 0.2375 0.2203125 0.7916666 0.734375 0.7916666 0.734375 0.7916666 0.734375 0.7916666 0.734375 0.7210546 0.6688731 0.7916666 0.734375 0.7210546 0.6688731 0.6896888 0.6397771 0.2375 0.2203125 0 0 0.7916666 0.734375 0.6896888 0.6397771 0.7916666 0.734375 0.6896888 0.6397771 0.2375 0.2203125 0.7916666 0.734375 0.7210546 0.6688731 0.2375 0.2203125 0 0 0.2375 0.2203125 0.7210546 0.6688731 0 0 0 0 0.7210546 0.6688731 0.7210546 0.6688731 0.7916666 0.7207031 0.875 0.71875 0.8750001 0.7207032 0.875 0.7207031 0.7916667 0.71875 0.7916667 0.7207032 0.7916667 0.71875 0.875 0.71875 0.875 0.71875 0 0 0 0 0 0 0 0 0 0 0 0 0 0 0 0 0 0 0.5795453 0.25 0.6022725 0.25 0.375 0.25 0 0 0 0 0 0 0 0 0 0 0 0 0 0 0 0 0 0 0 0 0 0 0 0 0.9578461 0.1300001 0.9578461 0.1300001 0.9058845 0.1 0.5795453 0.25 0.6022725 0.25 0.375 0.25 0 0 0 0 0 0 0 0 0 0 0 0 0.5421539 0.3700001 0.5421539 0.3700001 0.75 0.4900001 0 0 0 0 0 0 0 0 0 0 0 0 0 0 0 0 0 0 0.75 0.4900001 0.75 0.4900001 0.8019616 0.4600001 0 0 0 0 0 0 0 0 0 0 0 0 0 0 0 0 0 0 0 0 0 0 0 0 0 0 0 0 0 0 0 0 0 0 0 0 0.9578461 0.3700001 0.9058845 0.4000001 0.9058845 0.4000001 0 0 0 0 0 0 0 0 0 0 0 0 0.542154 0.1300001 0.75 0.01000005 0.75 0.01000005 0.375 0.5 0.6022726 0.5 0.5795454 0.5 0 0 0 0 0 0 0 0 0 0 0 0 0 0 0 0 0 0 0.9578461 0.3700001 0.9578461 0.3700001 0.9578461 0.1300001 0.75 0.01000005 0.8019616 0.04000002 0.8019616 0.04000002 0.375 0.5 0.375 0.25 0.6022725 0.25 0.375 0.5 0.6022726 0.5 0.5795454 0.5 0.542154 0.1300001 0.542154 0.1300001 0.542154 0.1900001 0.5421539 0.3700001 0.542154 0.3100001 0.542154 0.3100001 0.6022726 0.5 0.375 0.5 0.375 0.25 0 0 0 0 0 0 0.5795453 0.25 0.6022725 0.25 0.375 0.25 0 0 0 0 0 0 0 0 0 0 0 0 0 0 0 0 0 0 0 0 0 0 0 0 0 0 0 0 0 0 0 0 0 0 0 0 0 0 0 0 0 0 0 0 0 0 0 0 0 0 0 0 0 0 0 0 0 0 0 0 0 0 0 0 0 0 0.375 0.5 0.6022726 0.5 0.5795454 0.5 0.375 0.5 0.375 0.25 0.6022725 0.25 0 0 0 0 0 0 0 0 0 0 0 0 0 0 0 0 0 0 0 0 0 0 0 0 0.5795453 0.25 0.6022725 0.25 0.375 0.25 0 0 0 0 0 0 0 0 0 0 0 0 0 0 0 0 0 0 0.6021538 0.3353591 0.7500001 0.4207181 0.7719616 0.4080386 0.8758846 0.3480386 0.8978461 0.3353591 0.8978461 0.1646411 0.6021538 0.3353591 0.7719616 0.4080386 0.6021538 0.3100001 0.7719616 0.4080386 0.8758846 0.3480386 0.6021538 0.3100001 0.602154 0.1900001 0.6021538 0.3100001 0.8758846 0.3480386 0.7499998 0.0792821 0.6021539 0.164641 0.602154 0.1900001 0.8758845 0.1519615 0.7719617 0.0919615 0.602154 0.1900001 0.7719617 0.0919615 0.7499998 0.0792821 0.602154 0.1900001 0.8758846 0.3480386 0.8978461 0.1646411 0.8758845 0.1519615 0 0 0 0 0 0 0.9578461 0.1300001 0.9578461 0.1300001 0.9058845 0.1 0.5795453 0.25 0.6022725 0.25 0.375 0.25 0 0 0 0 0 0 0 0 0 0 0 0 0.5421539 0.3700001 0.5421539 0.3700001 0.75 0.4900001 0.6021538 0.3353591 0.5421539 0.3700001 0.75 0.4900001 0.7499998 0.0792821 0.75 0.01000005 0.542154 0.1300001 0.8978461 0.3353591 0.9578461 0.3700001 0.9578461 0.1300001 0.8758846 0.3480386 0.7719616 0.4080386 0.8019616 0.4600001 0.8758845 0.1519615 0.9058845 0.1 0.8019616 0.04000002 0.602154 0.1900001 0.542154 0.1900001 0.542154 0.3100001 0.7500001 0.4207181 0.75 0.4900001 0.8019616 0.4600001 0.7499998 0.0792821 0.7719617 0.0919615 0.8019616 0.04000002 0.8978461 0.3353591 0.8758846 0.3480386 0.9058845 0.4000001 0.6021538 0.3353591 0.6021538 0.3100001 0.542154 0.3100001 0.6021539 0.164641 0.542154 0.1300001 0.542154 0.1900001 0.8978461 0.1646411 0.9578461 0.1300001 0.9058845 0.1 0 0 0 0 0 0 0 0 0 0 0 0 0 0 0 0 0 0 0.75 0.4900001 0.75 0.4900001 0.8019616 0.4600001 0 0 0 0 0 0 0 0 0 0 0 0 0 0 0 0 0 0 0 0 0 0 0 0 0 0 0 0 0 0 0 0 0 0 0 0 0.9578461 0.3700001 0.9058845 0.4000001 0.9058845 0.4000001 0 0 0 0 0 0 0 0 0 0 0 0 0.75 0.01000005 0.75 0.01000005 0.542154 0.1300001 0.375 0.5 0.6022726 0.5 0.5795454 0.5 0 0 0 0 0 0 0 0 0 0 0 0 0 0 0 0 0 0 0.9578461 0.1300001 0.9578461 0.3700001 0.9578461 0.3700001 0.75 0.01000005 0.8019616 0.04000002 0.8019616 0.04000002 0.375 0.5 0.375 0.25 0.6022725 0.25 0.375 0.5 0.6022726 0.5 0.5795454 0.5 0.542154 0.1300001 0.542154 0.1300001 0.542154 0.1900001 0.5421539 0.3700001 0.542154 0.3100001 0.542154 0.3100001 0.375 0.5 0.375 0.25 0.6022725 0.25 0 0 0 0 0 0 0.5795453 0.25 0.6022725 0.25 0.375 0.25 0 0 0 0 0 0 0 0 0 0 0 0 0 0 0 0 0 0 0 0 0 0 0 0 0 0 0 0 0 0 0 0 0 0 0 0 0 0 0 0 0 0 0 0 0 0 0 0 0 0 0 0 0 0 0 0 0 0 0 0 0 0 0 0 0 0 0.375 0.5 0.6022726 0.5 0.5795454 0.5 0.6022726 0.5 0.375 0.5 0.375 0.25 0 0 0 0 0 0 0.625 0.75 0.625 1 0.375 1 0.375 0.5 0.375 0.75 0.125 0.75 0.9578461 0.1300001 0.9578461 0.1300001 0.9578461 0.3700001 0.542154 0.1900001 0.542154 0.1900001 0.542154 0.1300001 0.75 0.01000005 0.542154 0.1300001 0.542154 0.1300001 0.9058845 0.1 0.9058845 0.1 0.9578461 0.1300001 0.9058845 0.4000001 0.9578461 0.3700001 0.9578461 0.3700001 0.75 0.4900001 0.75 0.4900001 0.5421539 0.3700001 0.375 0.5 0.375 0.5 0.375 0.25 0.375 0.5 0.375 0.5 0.375 0.25 0.375 0.25 0.375 0.5 0.375 0.5 0.542154 0.3100001 0.5421539 0.3700001 0.5421539 0.3700001 0.8019616 0.04000002 0.75 0.01000005 0.75 0.01000005 0.8019616 0.4600001 0.8019616 0.4600001 0.75 0.4900001 0.1875 0.625 0.1875 0.625 0.375 0.25 0.375 0.5 0.6875 0.75 0.625 0.5914077 0.875 0.6819103 0.625 0.6828153 0.625 0.5914077 0 0 0 0.5 1 0.5 0.25 0.4535953 0.25 0.5340451 0.75 0.6928569 0.375 0.75 0.375 0.5 0.625 0.6828153 0.875 0.6819103 0.875 0.75 0.625 0.75 0.4396612 0.2647696 0.375 0.25 0.375 0 0.7916666 0.6562499 0.7916666 0.6875 0.7916666 0.6875 0.5 0.3783124 0.5 0.4166667 0.375 0.4166666 0.5 0.9166666 0.5 1 0.375 1 0.625 0.9166666 0.625 1 0.5625 1 0.5 0.125 0.5 0.25 0.375 0.25 0.875 0.6875 0.875 0.6875 0.7916666 0.6875 0.5 0.25 0.5 0.3333333 0.375 0.3333333 0.7916666 0.7265625 0.7916666 0.75 0.75 0.75 0.75 0.75 0.75 0.7265625 0.7291666 0.7265625 0.375 0.875 0.5 0.8750001 0.5 0.9166666 0.7916666 0.625 0.7916666 0.625 0.7916666 0.5 0.7916666 0.7265625 0.7916666 0.75 0.7916666 0.75 0.25 0.75 0.2083333 0.75 0.2083333 0.7265625 0.7916666 0.5 0.7916666 0.625 0.75 0.625 0.25 0.5 0.2916666 0.5 0.2916666 0.625 0.2083333 0.5 0.2083333 0.625 0.125 0.625 0.5 0.09375 0.5 0.125 0.375 0.125 0.625 0.09375 0.625 0.125 0.5625 0.125 0.625 0.3333333 0.59375 0.3333333 0.59375 0.25 0.5625 0.09375 0.5625 0.125 0.5 0.125 0.5625 0.185 0.546875 0.25 0.5 0.25 0.5625 0.0234375 0.5 0.0234375 0.5 0 0.5625 0.9166666 0.5625 1 0.5 1 0.5 0.25 0.546875 0.25 0.546875 0.3333333 0.5625 0.03125 0.5625 0.0625 0.5 0.0625 0.6250001 0.03125 0.625 0.0625 0.5625 0.0625 0.5 0.03125 0.5 0.0625 0.375 0.0625 0.7916666 0.6875 0.7916666 0.6875 0.7916666 0.65625 0.7916666 0.65625 0.7916666 0.6875 0.75 0.6875 0.25 0.65625 0.2916666 0.65625 0.2916666 0.6875 0.2083333 0.65625 0.2083333 0.6875 0.125 0.6875 0.7916666 0.6562499 0.875 0.65625 0.875 0.6875 0.7916665 0.7265624 0.7916666 0.7265626 0.7916667 0.71875 0.625 0.9166666 0.625 0.9166666 0.625 1 0.7916666 0.7265625 0.7916667 0.71875 0.7916666 0.71875 0.7916666 0.71875 0.7916667 0.71875 0.7916666 0.7265625 0.5 0.0234375 0.5 0.03125 0.375 0.03125 0.625 0.0234375 0.6250001 0.03125 0.5625 0.03125 0.5625 0.0234375 0.5625 0.03125 0.5 0.03125 0.7916666 0.71875 0.7916666 0.71875 0.7916666 0.6875 0.7916666 0.71875 0.7916666 0.71875 0.7916666 0.6875 0.7916666 0.6875 0.7916666 0.71875 0.75 0.71875 0.2916666 0.6875 0.2916666 0.71875 0.25 0.71875 0.2083333 0.6875 0.2083333 0.71875 0.125 0.71875 0.625 0.0234375 0.5625 0.0234375 0.5625 0 0.5 0.0234375 0.375 0.0234375 0.375 0 0.7916666 0.75 0.7916666 0.75 0.7916666 0.7265625 0.625 0.0234375 0.625 0 0.625 0 0.7916666 0.71875 0.7916666 0.71875 0.7916666 0.725865 0.875 0.6875 0.875 0.6875 0.7916666 0.6875 0.6249999 0.0234375 0.625 0.0234375 0.625 0.03125 0.625 1 0.625 0.9166666 0.625 0.9166666 0.7916666 0.734375 0.7916666 0.734375 0.7916666 0.734375 0.625 0.9166665 0.625 0.9166666 0.625 0.9166666 0.2083333 0.7265625 0.2083333 0.75 0.125 0.75 0.7916666 0.734375 0.7916666 0.734375 0.7916666 0.734375 0.7916666 0.7265625 0.7916665 0.7187499 0.7916667 0.71875 0.2916666 0.7265625 0.2916666 0.75 0.25 0.75 0.25 0.6875 0.25 0.71875 0.2083333 0.71875 0.25 0.65625 0.25 0.6875 0.2083333 0.6875 0.2083333 0.5 0.25 0.5 0.25 0.625 0.75 0.71875 0.75 0.71875 0.75 0.6875 0.5 0.8333334 0.5 0.8750001 0.375 0.875 0.5 0.3333333 0.5 0.375 0.375 0.375 0.625 0.015625 0.625 0.015625 0.625 0 0.625 0.9166666 0.625 0.9166666 0.625 0.9166666 0.625 0 0.625 0 0.625 0.015625 0.8750001 0.7207032 0.875 0.7265625 0.7916667 0.7265626 0.7916667 0.71875 0.875 0.71875 0.875 0.71875 0.625 0.9166666 0.625 0.9166666 0.625 1 0.7916666 0.734375 0.7916666 0.734375 0.7916666 0.734375 0.7916666 0.7265625 0.7916667 0.71875 0.7916665 0.7187499 0.625 1 0.625 1 0.625 0.9166666 0.625 0.015625 0.625 0 0.625 0 0.7916666 0.734375 0.7916666 0.734375 0.7916666 0.734375 0.7916667 0.71875 0.875 0.71875 0.875 0.71875 0.625 0.0234375 0.625 0.0234375 0.625 0.02929687 0.625 0.03125 0.625 0.03125 0.625 0.0234375 0.7916666 0.75 0.7916666 0.734375 0.7916666 0.734375 0.625 0.9166666 0.625 0.9166666 0.625 0.9166665 0.7916666 0.7265626 0.875 0.7265625 0.875 0.7207031 0.7916666 0.65625 0.7916666 0.65625 0.7916666 0.6875 0.375 0.4166666 0.5 0.4166667 0.5 0.3958333 0.375 1 0.5 1 0.5 0.9166666 0.5625 0.9166666 0.5625 1 0.625 1 0.375 0.125 0.375 0.25 0.5 0.25 0.375 0.3333333 0.5 0.3333333 0.5 0.25 0.75 0.75 0.7916666 0.75 0.7916666 0.7265625 0.7916666 0.7297712 0.7916666 0.734375 0.7916666 0.75 0.375 0.875 0.375 0.9166666 0.5 0.9166666 0.7916666 0.5 0.7916666 0.625 0.7916666 0.625 0.25 0.75 0.2708333 0.75 0.2708333 0.7265625 0.7083333 0.75 0.7291666 0.75 0.7291666 0.7265625 0.75 0.625 0.7916666 0.625 0.7916666 0.5 0.2708333 0.625 0.2916666 0.625 0.2916666 0.5 0.125 0.625 0.2083333 0.625 0.2083333 0.5 0.375 0.09375 0.375 0.125 0.5 0.125 0.5625 0.09375 0.5625 0.125 0.625 0.125 0.59375 0.25 0.59375 0.3333333 0.625 0.3333333 0.5 0.125 0.5625 0.125 0.5625 0.09375 0.5 0.25 0.546875 0.25 0.5625 0.185 0.5 0.0234375 0.5625 0.0234375 0.5625 0 0.5 1 0.5625 1 0.5625 0.9166666 0.5 0.25 0.5 0.3333333 0.546875 0.3333333 0.5 0.0625 0.5625 0.0625 0.5625 0.03125 0.5625 0.0625 0.625 0.0625 0.6250001 0.03125 0.375 0.03125 0.375 0.0625 0.5 0.0625 0.7916666 0.65625 0.7916666 0.6875 0.7916666 0.6875 0.75 0.6875 0.7916666 0.6875 0.7916666 0.65625 0.2708333 0.6875 0.2916666 0.6875 0.2916666 0.65625 0.125 0.6875 0.2083333 0.6875 0.2083333 0.65625 0.7916666 0.65625 0.7916666 0.6875 0.875 0.6875 0.625 0 0.625 0 0.625 0.015625 0.7916666 0.6875 0.875 0.6875 0.875 0.6875 0.625 1 0.625 0.9166666 0.625 0.9166666 0.7916666 0.6875 0.875 0.6875 0.875 0.6875 0.375 0.0234375 0.375 0.03125 0.5 0.03125 0.5625 0.03125 0.6250001 0.03125 0.625 0.0234375 0.5 0.03125 0.5625 0.03125 0.5625 0.0234375 0.7916666 0.6875 0.7916666 0.71875 0.7916666 0.71875 0.7916666 0.6875 0.7916666 0.71875 0.7916666 0.71875 0.75 0.71875 0.7916666 0.71875 0.7916666 0.6875 0.2708333 0.71875 0.2916666 0.71875 0.2916666 0.6875 0.125 0.71875 0.2083333 0.71875 0.2083333 0.6875 0.5625 0.0234375 0.625 0.0234375 0.625 0 0.375 0 0.375 0.0234375 0.5 0.0234375 0.7916666 0.7265625 0.7916666 0.75 0.7916666 0.75 0.7916666 0.725865 0.7916666 0.71875 0.7916666 0.71875 0.7916666 0.7251674 0.7916666 0.7297712 0.7916666 0.75 0.625 1 0.625 0.9166666 0.625 0.9166666 0.625 0.03125 0.625 0.0234375 0.625 0.0234375 0.625 1 0.625 1 0.625 0.9166666 0.7916666 0.734375 0.7916666 0.734375 0.7916666 0.734375 0.125 0.75 0.2083333 0.75 0.2083333 0.7265625 0.2708333 0.75 0.2916666 0.75 0.2916666 0.7265625 0.2083333 0.71875 0.25 0.71875 0.25 0.6875 0.2083333 0.6875 0.25 0.6875 0.25 0.6562501 0.2083333 0.5 0.2083333 0.625 0.25 0.625 0.7916666 0.71875 0.7916666 0.6875 0.7916666 0.703125 0.375 0.875 0.5 0.8750001 0.5 0.8541668 0.375 0.375 0.5 0.375 0.5 0.3333333 0.625 0.015625 0.625 0 0.625 0 0.875 0.71875 0.875 0.71875 0.7916667 0.71875 0.7916665 0.7187499 0.875 0.71875 0.875 0.71875 0.7916666 0.734375 0.7916666 0.734375 0.7916666 0.734375 0.625 1 0.625 1 0.625 0.9166666 0.7916666 0.7265625 0.7916665 0.7265624 0.7916665 0.7187499 0.625 0.9166666 0.625 0.9166666 0.625 0.9166666 0.625 0 0.625 0 0.625 0.015625 0.7916666 0.734375 0.7916666 0.734375 0.7916666 0.734375 0.625 0.9166666 0.625 0.9166665 0.625 0.9166665 0.625 0.9166666 0.625 0.9166666 0.625 1 0.7916666 0.75 0.7916666 0.75 0.7916666 0.734375 0.625 0.9166665 0.625 0.9166666 0.625 0.9166666 0.625 0.02929687 0.625 0.0234375 0.625 0.0234375 0.625 0.03125 0.625 0.03125 0.625 0.02929687 0.875 0.71875 0.875 0.71875 0.7916667 0.71875 0 0 0 0 0 0 0.75 0.71875 0.75 0.6875 0.75 0.6875 0.75 0.625 0.75 0.625 0.75 0.625 0 0 0 0 0 0 0.7481884 0.71875 0.7481884 0.71875 0.7282608 0.71875 0.7083333 0.71875 0.7083333 0.71875 0.7481884 0.71875 0.5 0.3958333 0.5 0.3974896 0.5 0.3783124 0.75 0.65625 0.75 0.625 0.75 0.625 0.75 0.625 0.75 0.625 0.75 0.625 0.75 0.625 0.75 0.625 0.75 0.625 0.5000001 0.3783124 0.5 0.4166667 0.5 0.4166667 0.75 0.6875 0.75 0.6875 0.75 0.7156251 0 0 0 0 0 0 0.5000001 0.3783124 0.5 0.3768116 0.5 0.4166667 0.7083333 0.71875 0.7083333 0.71875 0.75 0.71875 0.75 0.625 0.75 0.625 0.75 0.625 0.75 0.625 0.75 0.625 0.75 0.625 0 0 0 0 0 0 0.75 0.6875 0.75 0.71875 0.75 0.715625 0 0 0 0 0.75 0.625 0 0 0.75 0.6875 0.7500001 0.6572917 0.7083333 0.71875 0.7083333 0.71875 0.7481884 0.71875 0.7291666 0.71875 0.75 0.71875 0.7481884 0.71875 0.75 0.71875 0.75 0.71875 0.7291666 0.71875 0.75 0.625 0.75 0.625 0.75 0.625 0.75 0.625 0.75 0.625 0.75 0.625 0 0 0 0 0 0 0.5 0.4166667 0.5 0.4166667 0.5 0.3967391 0 0 0 0 0 0 0.7500001 0.6572917 0.7500001 0.6562501 0.75 0.625 0.75 0.625 0.75 0.625 0.75 0.625 0 0 0 0 0 0 0.5 0.3783124 0.5 0.3974896 0.5 0.3967391 0 0 0 0 0 0 0.7291666 0.71875 0.7291666 0.71875 0.7083332 0.71875 0.7291666 0.71875 0.7282608 0.71875 0.7083333 0.71875 0 0 0 0 0 0 0.5 0.4166667 0.5 0.3974896 0.5 0.3958333 0.7282608 0.71875 0.7282608 0.71875 0.7083333 0.71875 0.375 0.8541666 0.5 0.8541668 0.5 0.8333334 0.25 0.75 0.25 0.7265625 0.2083333 0.7265625 0.75 0.75 0.7083333 0.75 0.7083333 0.7265625 0.25 0.71875 0.2708333 0.71875 0.2708333 0.6875 0.25 0.6562501 0.25 0.6875 0.2708333 0.6875 0.25 0.5 0.25 0.625 0.2708333 0.625 0.375 0.3958333 0.5 0.3958333 0.5 0.375 0.25 0.6562501 0.2708333 0.6562501 0.2708333 0.625 0 0 0 0 0 0 0.75 0.6875 0.7500001 0.6562501 0.7500001 0.6572917 0 0 0.7500001 0.6572917 0.75 0.6270834 0 0 0 0 0.75 0.65625 0 0 0 0 0 0 0 0 0 0 0 0 0.75 0.6875 0.75 0.6875 0.75 0.65625 0.2083333 0.65625 0.25 0.6562501 0.25 0.625 0.7916666 0.65625 0.875 0.65625 0.875 0.625 0.125 0.65625 0.2083333 0.65625 0.2083333 0.625 0.2708333 0.6562501 0.2916666 0.65625 0.2916666 0.625 0.7500001 0.6562501 0.7916666 0.65625 0.7916666 0.625 0.7916666 0.625 0.7916666 0.65625 0.7916666 0.65625 0.5 0.09375 0.5625 0.09375 0.5625 0.0625 0.5625 0.0625 0.5625 0.09375 0.625 0.09375 0.375 0.0625 0.375 0.09375 0.5 0.09375 0.7916666 0.625 0.7916666 0.65625 0.7916666 0.65625 0.25 0.625 0.25 0.65625 0.2083333 0.65625 0.875 0.625 0.875 0.65625 0.7916666 0.6562499 0.2083333 0.625 0.2083333 0.65625 0.125 0.65625 0.2916666 0.625 0.2916666 0.65625 0.25 0.65625 0.7916666 0.625 0.7916666 0.65625 0.75 0.65625 0.7916666 0.65625 0.7916666 0.65625 0.7916666 0.625 0.5625 0.0625 0.5625 0.09375 0.5 0.09375 0.625 0.0625 0.625 0.09375 0.5625 0.09375 0.5 0.0625 0.5 0.09375 0.375 0.09375 0.7916666 0.6562499 0.7916666 0.65625 0.7916666 0.625 0.7916666 0.75 0.7916666 0.734375 0.7916666 0.734375 0.25 0.7265625 0.2708333 0.7265625 0.2708333 0.71875 0.7083333 0.7265625 0.7291666 0.7265625 0.7291666 0.71875 0.625 0.9166666 0.625 0.9166665 0.625 0.9166666 0.625 0.03125 0.625 0.0234375 0.625 0.0234375 0.7291666 0.7265625 0.75 0.7265625 0.75 0.71875 0.2083333 0.7265625 0.25 0.7265625 0.25 0.71875 0.125 0.7265625 0.2083333 0.7265625 0.2083333 0.71875 0.2708333 0.7265625 0.2916666 0.7265625 0.2916666 0.71875 0.75 0.7265625 0.7916666 0.7265625 0.7916666 0.71875 0.7916666 0.71875 0.7916666 0.7265625 0.7916666 0.7265625 0.7916666 0.71875 0.7916666 0.7265625 0.7916667 0.7251675 0.625 0.9166666 0.625 0.9166666 0.625 0.9166666 0.625 0.0234375 0.6250001 0.0234375 0.625 0 0.625 0.0234375 0.625 0 0.625 0 0.625 0.9166666 0.625 0.9166665 0.625 0.9166666 0.6250001 0.0234375 0.6249999 0.0234375 0.625 0.03125 0.75 0.71875 0.75 0.7265625 0.7083333 0.7265625 0.25 0.71875 0.25 0.7265625 0.2083333 0.7265625 0.2083333 0.71875 0.2083333 0.7265625 0.125 0.7265625 0.2916666 0.71875 0.2916666 0.7265625 0.25 0.7265625 0.7916666 0.71875 0.7916666 0.7265625 0.75 0.7265625 0.7916666 0.7265625 0.7916666 0.7265625 0.7916666 0.71875 0.7916666 0.7251674 0.7916666 0.7265625 0.7916666 0.71875 0.7916666 0.734375 0.7916666 0.734375 0.7916666 0.734375 0.625 0.03125 0.625 0.0234375 0.6250001 0.0234375 0.6250001 0.03125 0.625 0.046875 0.625 0.0625 0.7916666 0.75 0.7916666 0.75 0.7916666 0.7265625 0 0 0 0 0 0 0.625 0.046875 0.6250001 0.03125 0.6250001 0.03125 0.625 0.0234375 0.625 0.03125 0.625 0.02919405 0.625 0.0234375 0.625 0.0234375 0.625 0.0234375 0.625 0.0234375 0.625 0.0234375 0.625 0.0234375 0.625 0.0234375 0.625 0.0234375 0.6250001 0.03125 0.625 0.0234375 0.625 0.0234375 0.625 0.03125 0.625 0.03125 0.625 0.03125 0.625 0.03125 0.625 0.03125 0.625 0.03125 0.625 0.03125 0.625 0.0234375 0.625 0.0234375 0.625 0.0234375 0.625 0.03125 0.625 0.03125 0.625 0.03125 0.625 0.03125 0.625 0.03125 0.625 0.03125 0.625 0.03125 0.625 0.03125 0.625 0.03125 0.625 0.03125 0.625 0.03125 0.625 0.03125 0.625 0.03125 0.625 0.03125 0.625 0.03125 0.625 0.03125 0.625 0.03125 0.625 0.03125 0.625 0.046875 0.625 0.046875 0.625 0.046875 0.625 0.03125 0.625 0.03125 0.625 0.03125 0.625 0.0234375 0.625 0.0234375 0.625 0.0234375 0.625 0.0234375 0.625 0.0234375 0.625 0.0234375 0.625 0.03125 0.625 0.03125 0.625 0.03125 0.625 0.03125 0.625 0.03125 0.625 0.03125 0.625 0.03125 0.625 0.03125 0.625 0.03125 0.625 0.03125 0.625 0.03125 0.625 0.03125 0.625 0.03125 0.625 0.03125 0.625 0.03125 0.625 0.03125 0.625 0.03125 0.625 0.03125 0.625 0.0234375 0.6250001 0.0234375 0.6250001 0.0234375 0.625 0.03125 0.625 0.03125 0.625 0.03125 0.625 0.03125 0.625 0.03125 0.625 0.03125 0.625 0.03125 0.625 0.03125 0.625 0.03125 0.625 0.03125 0.625 0.03125 0.625 0.03125 0.625 0.03125 0.625 0.03125 0.625 0.03125 0.625 0.03125 0.625 0.03125 0.625 0.03125 0.625 0.0234375 0.6250001 0.0234375 0.6250001 0.0234375 0.625 0.046875 0.625 0.046875 0.625 0.046875 0.7916666 0.7297712 0.7916666 0.75 0.7916666 0.75 0.7916666 0.7251674 0.7916666 0.75 0.7916666 0.75 0.625 1 0.625 1 0.625 0.9166666 0.7916666 0.71875 0.7916666 0.71875 0.7916666 0.703125 0.625 0.0234375 0.625 0.0234375 0.625 0 0.625 0.03125 0.625 0.03125 0.6250001 0.0234375 0.625 0.0625 0.625 0.046875 0.6250001 0.03125 0.875 0.734375 0.875 0.75 0.7916666 0.75 0.7916666 0.734375 0.7916666 0.75 0.7916666 0.75 0.7916666 0.734375 0.7916666 0.75 0.7916666 0.75 0.7916666 0.75 0.875 0.75 0.875 0.734375 0.7916666 0.734375 0.7916666 0.734375 0.7916666 0.75 0.7916666 0.7265626 0.7916666 0.7265626 0.7916666 0.7207031 0.7916667 0.71875 0.7916667 0.71875 0.7916666 0.7265626 0.7916667 0.7207032 0.7916667 0.7265626 0.7916667 0.7265626 0.7916667 0.71875 0.7916667 0.71875 0.7916667 0.7207032 0.625 0.03125 0.625 0.03125 0.625 0.03125 0 0 0 0 0 0 0.625 0.03125 0.625 0.03125 0.625 0.03125 0.625 0.03125 0.625 0.03125 0.625 0.03125 0.625 0.03125 0.625 0.03125 0.625 0.03125 0.625 0.03125 0.625 0.03125 0.625 0.03125 0.625 0.03125 0.625 0.03125 0.625 0.03125 0.625 0.03125 0.625 0.03125 0.625 0.03125 0.625 0.03125 0.625 0.03125 0.625 0.03125 0.625 0.03125 0.625 0.03125 0.625 0.03125 0.625 0.03125 0.625 0.03125 0.625 0.03125 0 0 0 0 0 0 0.625 0.03125 0.625 0.03125 0.625 0.03125 0.625 0.03125 0.625 0.03125 0.625 0.03125 0.625 0.03125 0.625 0.03125 0.625 0.03125 0.625 0.03125 0.625 0.03125 0.625 0.03125 0.625 0.03125 0.625 0.03125 0.625 0.03125 0.625 0.03125 0.625 0.03125 0.625 0.03125 0.625 0.03125 0.625 0.03125 0.625 0.03125 0.625 0.0234375 0.625 0.0234375 0 0 0.625 0.03125 0.625 0.03125 0 0 0 0 0 0 0 0 0.625 0.03125 0.625 0.03125 0.625 0.03125 0 0 0.625 0.0234375 0 0 0 0 0 0 0 0 0.625 0.03125 0.625 0.03125 0.625 0.03125 0.625 0.03125 0.625 0.03125 0.625 0.03125 0.625 0.046875 0.625 0.046875 0.625 0.046875 0.625 0.03125 0.625 0.03125 0.625 0.03125 0 0 0.625 0.0234375 0 0 0.625 0.03125 0.625 0.03125 0.625 0.03125 0.625 0.03125 0.625 0.03125 0.625 0.03125 0.625 0.03125 0.625 0.03125 0.625 0.03125 0.625 0.03125 0.625 0.03125 0.625 0.03125 0.625 0.03125 0.625 0.03125 0.625 0.03125 0.625 0.0234375 0.625 0.0234375 0.625 0.0234375 0.625 0.03125 0.625 0.03125 0.625 0.03125 0.625 0.03125 0.625 0.03125 0.625 0.03125 0.625 0.03125 0.625 0.03125 0.625 0.03125 0.625 0.046875 0.625 0.046875 0.6250001 0.03125 0.625 0.03125 0.625 0.03125 0.625 0.03125 0.625 0.03125 0.625 0.03125 0.625 0.03125 0.625 0.03125 0.625 0.03125 0.625 0.03125 0.625 0.046875 0.625 0.046875 0.625 0.046875 0.625 0.0234375 0.625 0.0234375 0.625 0.0234375 0.625 0.03125 0.625 0.03125 0.625 0.03125 0.6250001 0.0234375 0.6250001 0.0234375 0.625 0.0234375 0.625 0.03125 0.625 0.03125 0.625 0.03125 0 0 0 0 0 0 0.625 0.03125 0.625 0.03125 0.625 0.03125 0.625 0.03125 0.625 0.03125 0.625 0.03125 0.625 0.03125 0.625 0.03125 0.625 0.03125 0.625 0.03125 0.625 0.03125 0.625 0.03125 0.625 0.03125 0.625 0.03125 0.625 0.03125 0.625 0.03125 0.625 0.03125 0.625 0.03125 0.625 0.03125 0.625 0.03125 0.625 0.03125 0.625 0.03125 0.625 0.03125 0.625 0.03125 0.625 0.03125 0.625 0.03125 0.625 0.03125 0.625 0.03125 0.625 0.03125 0.625 0.03125 0.625 0.03125 0.625 0.03125 0.625 0.03125 0.625 0.03125 0.625 0.03125 0.625 0.03125 0.625 0.03125 0.625 0.03125 0.625 0.03125 0.625 0.03125 0.625 0.03125 0.625 0.03125 0.625 0.03125 0.625 0.03125 0.625 0.03125 0.625 0.03125 0.625 0.03125 0.625 0.03125 0.625 0.03125 0.625 0.03125 0.625 0.03125 0.625 0.03125 0.625 0.03125 0.625 0.03125 0.625 0.03125 0.625 0.03125 0.625 0.03125 0.625 0.03125 0.625 0.03125 0.625 0.03125 0.625 0.0234375 0.625 0.0234375 0.625 0.0234375 0.625 0.03125 0.625 0.03125 0.625 0.03125 0.625 0.03125 0.625 0.03125 0.625 0.03125 0.625 0.0234375 0.625 0.0234375 0.625 0.02919405 0.625 0.03125 0.625 0.03125 0.625 0.03125 0.625 0.03125 0.625 0.03125 0.625 0.03125 0.6250001 0.0234375 0.6250001 0.0234375 0.625 0.0234375 0.625 0.03125 0.625 0.03125 0.625 0.03125 0.625 0.03125 0.625 0.03125 0.625 0.03125 0.625 0.03125 0.625 0.03125 0.625 0.03125 0.625 0.03125 0.625 0.03125 0.625 0.03125 0.625 0.03125 0.625 0.03125 0.625 0.03125 0.625 0.03125 0.625 0.03125 0.625 0.03125 0.625 0.03125 0.625 0.03125 0.625 0.03125 0.625 0.03125 0.625 0.03125 0.625 0.03125 0 0 0 0 0 0 0.625 0.0234375 0.625 0.0234375 0.625 0.0234375 0.625 0.03125 0.625 0.03125 0.625 0.03125 0.625 0.0234375 0.625 0.03125 0 0 0 0 0 0 0 0 0.625 0.03125 0.625 0.03125 0.625 0.03125 0.625 0.03125 0.625 0.03125 0.625 0.03125 0.625 0.03125 0.625 0.03125 0.625 0.03125 0 0 0 0 0 0 0.6250001 0.03125 0.625 0.0234375 0.625 0.0234375 0.625 0.03125 0.625 0.03125 0.625 0.03125 0.625 0.03125 0.625 0.03125 0 0 0.625 0.03125 0.625 0.03125 0.625 0.03125 0 0 0 0 0 0 0.625 0.0234375 0.625 0.0234375 0.625 0.0234375 0.625 0.03125 0.625 0.0234375 0.625 0.0234375 0.625 0.03125 0.625 0.03125 0.625 0.03125 0.625 0.03125 0.625 0.03125 0.625 0.03125 0.625 0.03125 0.625 0.03125 0.625 0.03125 0.625 0.03125 0.625 0.03125 0.625 0.03125 0.625 0.03125 0.625 0.03125 0.625 0.03125 0.625 0.03125 0.625 0.03125 0.625 0.03125 0.625 0.03125 0.625 0.03125 0.625 0.03125 0.625 0.03125 0.625 0.03125 0.625 0.03125 0.625 0.03125 0.625 0.03125 0.625 0.03125 0.625 0.03125 0.625 0.03125 0.625 0.03125 0.625 0.03125 0.625 0.03125 0.625 0.03125 0.625 0.03125 0.625 0.03125 0.625 0.03125 0.625 0.03125 0.625 0.03125 0.625 0.03125 0.625 0.03125 0.625 0.03125 0.625 0.03125 0.625 0.03125 0.625 0.03125 0.625 0.03125 0.625 0.03125 0.625 0.03125 0.625 0.03125 0.625 0.03125 0.625 0.03125 0.625 0.03125 0.625 0.03125 0.625 0.03125 0.625 0.03125 0.625 0.03125 0.625 0.03125 0.625 0.03125 0.625 0.046875 0.625 0.046875 0.625 0.046875 0.625 0.046875 0.625 0.046875 0.625 0.046875 0.625 0.0234375 0.625 0.0234375 0.625 0.0234375 0.625 0.0234375 0.625 0.0234375 0.625 0.0234375 0.625 0.0234375 0.625 0.0234375 0.625 0.0234375 0.625 0.0234375 0.625 0.0234375 0.625 0.0234375 0.625 0.03125 0.625 0.03125 0.625 0.03125 0.625 0.03125 0.625 0.03125 0.625 0.03125 0.625 0.046875 0.625 0.046875 0.625 0.046875 0.625 0.046875 0.625 0.046875 0.625 0.046875 0.625 0.03125 0.625 0.03125 0.625 0.03125 0.625 0.03125 0.625 0.03125 0.625 0.03125 0.625 0.0234375 0.625 0.0234375 0.625 0.0234375 0.625 0.0234375 0.625 0.0234375 0.625 0.0234375 0.625 0.03125 0.625 0.03125 0.625 0.03125 0.625 0.03125 0.625 0.03125 0.625 0.03125 0.625 0.03125 0.625 0.03125 0.625 0.03125 0.625 0.03125 0.625 0.03125 0.625 0.03125 0.625 0.03125 0.625 0.03125 0.625 0.03125 0.625 0.03125 0.625 0.03125 0.625 0.03125 0.625 0.03125 0.625 0.03125 0.625 0.03125 0.625 0.03125 0.625 0.03125 0.625 0.03125 0.625 0.03125 0.625 0.03125 0.625 0.03125 0.625 0.03125 0.625 0.03125 0.625 0.03125 0.625 0.03125 0.625 0.03125 0.625 0.03125 0.625 0.03125 0.625 0.03125 0.625 0.03125 0.625 0.03125 0.625 0.03125 0.625 0.03125 0.625 0.03125 0.625 0.03125 0.625 0.03125 0.625 0.03125 0.625 0.03125 0.625 0.03125 0.625 0.03125 0.625 0.03125 0.625 0.03125 0.625 0.046875 0.625 0.046875 0.625 0.046875 0.625 0.046875 0.625 0.046875 0.625 0.046875 0.625 0.0234375 0.625 0.0234375 0.625 0.0234375 0.625 0.0234375 0.625 0.0234375 0.625 0.0234375 0.625 0.0234375 0.625 0.0234375 0.625 0.0234375 0.625 0.0234375 0.625 0.0234375 0.625 0.0234375 0.625 0.03125 0.625 0.03125 0.625 0.03125 0.625 0.03125 0.625 0.03125 0.625 0.03125 0.625 0.046875 0.625 0.046875 0.625 0.046875 0.625 0.046875 0.625 0.046875 0.625 0.046875 0.625 0.03125 0.625 0.03125 0.625 0.03125 0.625 0.03125 0.625 0.03125 0.625 0.03125 0.625 0.0234375 0.625 0.0234375 0.625 0.0234375 0.625 0.0234375 0.625 0.0234375 0.625 0.0234375 0.625 0.03125 0.625 0.03125 0.625 0.03125 0.625 0.03125 0.625 0.03125 0.625 0.03125 0.625 0.03125 0.625 0.03125 0.625 0.03125 0.625 0.03125 0.625 0.03125 0.625 0.03125 0.625 0.03125 0.625 0.03125 0.625 0.03125 0.625 0.03125 0.625 0.03125 0.625 0.03125 0.625 0.03125 0.625 0.03125 0.625 0.03125 0.625 0.03125 0.625 0.03125 0.625 0.03125 0.625 0.03125 0.625 0.03125 0.625 0.03125 0.625 0.03125 0.625 0.03125 0.625 0.03125 0.7916666 0.734375 0.7916666 0.734375 0.7916666 0.734375 0.625 0.9166666 0.625 0.9166666 0.625 0.9166666 0.7916667 0.71875 0.7916667 0.71875 0.875 0.71875 0.625 0.9166666 0.625 0.9166666 0.625 1 0.625 0 0.625 0 0.625 0.015625 0.625 0.9166666 0.625 0.9166666 0.625 0.9166666 0.625 0.0234375 0.625 0.0234375 0.625 0.03125 0.7916666 0.734375 0.7916666 0.734375 0.7916666 0.734375 0.7916667 0.71875 0.7916667 0.71875 0.7916667 0.7265626 0.625 0.03125 0.625 0.03125 0.625 0.0234375 0.875 0.71875 0.875 0.71875 0.7916667 0.71875 0.625 1 0.625 1 0.625 0.9166666 0.7916666 0.734375 0.7916666 0.734375 0.2375 0.2203125 0.7916666 0.7265626 0.7916666 0.7265626 0.7916667 0.71875 0.625 0.9166666 0.625 0.9166666 0.625 0.9166666 0.625 0.015625 0.625 0.015625 0.625 0 0.7916666 0.734375 0.7916666 0.734375 0.2375 0.2203125 0.7916666 0.734375 0.7916666 0.734375 0.2375 0.2203125 0 0 0.6896888 0.6397771 0.6896888 0.6397771 0.7916666 0.734375 0.7916666 0.734375 0.7916666 0.734375 0.7916666 0.734375 0.7916666 0.734375 0.2375 0.2203125 0.7916666 0.734375 0.7916666 0.734375 0.7916666 0.734375 0.7210546 0.6688731 0.7916666 0.734375 0.7916666 0.734375 0.6896888 0.6397771 0.7916666 0.734375 0.2375 0.2203125 0.7916666 0.734375 0.6896888 0.6397771 0.6896888 0.6397771 0.6896888 0.6397771 0 0 0.2375 0.2203125 0.7210546 0.6688731 0.7916666 0.734375 0.2375 0.2203125 0.2375 0.2203125 0.7916666 0.734375 0.7210546 0.6688731 0 0 0 0 0.7210546 0.6688731 0.7916666 0.7207031 0.7916667 0.71875 0.875 0.71875 0.875 0.7207031 0.875 0.71875 0.7916667 0.71875 0.7916667 0.71875 0.7916667 0.71875 0.875 0.71875</float_array>
          <technique_common>
            <accessor source="#Cube-mesh-map-0-array" count="4032" stride="2">
              <param name="S" type="float"/>
              <param name="T" type="float"/>
            </accessor>
          </technique_common>
        </source>
        <vertices id="Cube-mesh-vertices">
          <input semantic="POSITION" source="#Cube-mesh-positions"/>
        </vertices>
        <lines count="1">
          <input semantic="VERTEX" source="#Cube-mesh-vertices" offset="0"/>
          <p>275 205</p>
        </lines>
        <triangles material="Paintable-0-material" count="890">
          <input semantic="VERTEX" source="#Cube-mesh-vertices" offset="0"/>
          <input semantic="NORMAL" source="#Cube-mesh-normals" offset="1"/>
          <input semantic="TEXCOORD" source="#Cube-mesh-map-0" offset="2" set="0"/>
          <p>23 0 0 65 0 1 34 0 2 9 1 3 3 1 4 25 1 5 97 2 6 47 2 7 68 2 8 88 3 9 14 3 10 83 3 11 6 4 12 8 4 13 33 4 14 6 5 15 75 5 16 74 5 17 5 6 18 9 6 19 23 6 20 105 7 21 26 7 22 113 7 23 16 8 24 116 8 25 10 8 26 80 9 27 13 9 28 96 9 29 36 10 30 67 10 31 31 10 32 104 11 33 8 11 34 27 11 35 21 12 36 103 12 37 20 12 38 26 13 39 74 13 40 113 13 41 40 14 42 6 14 43 33 14 44 75 15 45 23 15 46 34 15 47 20 16 48 83 16 49 14 16 50 29 17 51 31 17 52 47 17 53 28 18 54 25 18 55 37 18 56 1 19 57 101 19 58 65 19 59 101 20 60 29 20 61 97 20 62 27 21 63 26 21 64 0 21 65 37 22 66 29 22 67 28 22 68 17 23 69 84 23 70 95 23 71 40 24 72 32 24 73 9 24 74 77 25 75 36 25 76 80 25 77 18 26 78 90 26 79 94 26 80 12 27 81 77 27 82 92 27 83 37 28 84 3 28 85 77 28 86 102 29 87 40 29 88 88 29 89 23 30 90 25 30 91 1 30 92 17 31 93 99 31 94 16 31 95 19 32 96 115 32 97 90 32 98 12 33 99 36 33 100 37 33 101 15 34 102 102 34 103 84 34 104 18 35 105 96 35 106 13 35 107 21 36 108 92 36 109 100 36 110 33 37 111 14 37 112 40 37 113 33 38 114 112 38 115 102 38 116 109 39 117 10 39 118 116 39 119 41 40 120 30 40 121 45 40 122 118 41 123 42 41 124 117 41 125 42 42 126 27 42 127 0 42 128 68 43 129 44 43 130 39 43 131 67 44 132 30 44 133 31 44 134 44 45 135 118 45 136 39 45 137 46 46 138 41 46 139 45 46 140 117 47 141 0 47 142 105 47 143 47 48 144 30 48 145 44 48 146 46 49 147 104 49 148 27 49 149 107 50 150 46 50 151 45 50 152 11 51 153 107 51 154 115 51 155 11 52 156 46 52 157 45 52 158 45 53 159 38 53 160 107 53 161 66 54 162 34 54 163 65 54 164 3 55 165 69 55 166 4 55 167 74 56 168 119 56 169 113 56 170 77 57 171 82 57 172 92 57 173 22 58 174 7 58 175 79 58 176 97 59 177 24 59 178 101 59 179 24 60 180 4 60 181 66 60 182 54 61 183 55 61 184 57 61 185 39 62 186 70 62 187 68 62 188 64 63 189 115 63 190 111 63 191 102 64 192 86 64 193 84 64 194 85 65 195 112 65 196 78 65 197 71 66 198 67 66 199 7 66 200 59 67 201 100 67 202 60 67 203 52 68 204 60 68 205 2 68 206 50 69 207 62 69 208 51 69 209 48 70 210 64 70 211 49 70 212 54 71 213 82 71 214 81 71 215 55 72 216 110 72 217 56 72 218 57 73 219 87 73 220 58 73 221 2 74 222 82 74 223 53 74 224 50 75 225 110 75 226 61 75 227 48 76 228 81 76 229 63 76 230 52 77 231 87 77 232 59 77 233 51 78 234 86 78 235 57 78 236 49 79 237 111 79 238 55 79 239 70 80 240 97 80 241 68 80 242 91 81 243 22 81 244 79 81 245 101 82 246 66 82 247 65 82 248 60 83 249 92 83 250 82 83 251 73 84 252 78 84 253 119 84 254 72 85 255 69 85 256 89 85 257 35 86 258 75 86 259 34 86 260 72 87 261 74 87 262 75 87 263 43 88 264 7 88 265 70 88 266 85 89 267 72 89 268 89 89 269 63 90 270 96 90 271 94 90 272 91 91 273 3 91 274 4 91 275 88 92 276 85 92 277 102 92 278 61 93 279 95 93 280 62 93 281 87 94 282 88 94 283 83 94 284 89 95 285 32 95 286 88 95 287 80 96 288 91 96 289 77 96 290 66 97 291 69 97 292 35 97 293 64 98 294 94 98 295 90 98 296 61 99 297 116 99 298 99 99 299 87 100 300 85 100 301 89 100 302 81 101 303 80 101 304 96 101 305 62 102 306 84 102 307 86 102 308 59 103 309 83 103 310 103 103 311 81 104 312 91 104 313 79 104 314 79 105 315 67 105 316 80 105 317 107 106 318 111 106 319 115 106 320 93 107 321 76 107 322 108 107 323 93 108 324 118 108 325 117 108 326 98 109 327 71 109 328 43 109 329 113 110 330 106 110 331 105 110 332 78 111 333 104 111 334 76 111 335 106 112 336 117 112 337 105 112 338 114 113 339 93 113 340 108 113 341 118 114 342 43 114 343 39 114 344 119 115 345 76 115 346 106 115 347 114 116 348 38 116 349 71 116 350 107 117 351 108 117 352 109 117 353 110 118 354 109 118 355 116 118 356 108 119 357 111 119 358 114 119 359 108 120 360 104 120 361 109 120 362 123 121 363 120 121 364 122 121 365 125 122 366 120 122 367 124 122 368 16 123 369 133 123 370 17 123 371 13 124 372 134 124 373 18 124 374 19 125 375 134 125 376 135 125 377 10 126 378 132 126 379 16 126 380 15 127 381 133 127 382 131 127 383 20 128 384 137 128 385 21 128 386 11 129 387 126 129 388 10 129 389 15 130 390 130 130 391 14 130 392 13 131 393 128 131 394 129 131 395 12 132 396 137 132 397 128 132 398 11 133 399 135 133 400 127 133 401 14 134 402 136 134 403 20 134 404 140 135 405 124 135 406 142 135 407 125 136 408 139 136 409 143 136 410 142 137 411 139 137 412 140 137 413 124 138 414 138 138 415 125 138 416 141 139 417 139 139 418 138 139 419 122 140 420 143 140 421 123 140 422 142 141 423 123 141 424 143 141 425 142 142 426 120 142 427 121 142 428 335 143 429 173 143 430 338 143 431 286 144 432 216 144 433 191 144 434 153 145 435 144 145 436 150 145 437 151 146 438 162 146 439 163 146 440 158 147 441 146 147 442 154 147 443 267 148 444 184 148 445 266 148 446 147 149 447 149 149 448 146 149 449 367 150 450 193 150 451 372 150 452 260 151 453 394 151 454 319 151 455 192 152 456 153 152 457 150 152 458 164 153 459 152 153 460 167 153 461 380 154 462 434 154 463 450 154 464 192 155 465 366 155 466 371 155 467 152 156 468 306 156 469 286 156 470 191 157 471 227 157 472 194 157 473 149 158 474 154 158 475 146 158 476 165 159 477 155 159 478 166 159 479 333 160 480 154 160 481 336 160 482 332 161 483 165 161 484 337 161 485 156 162 486 166 162 487 155 162 488 337 163 489 158 163 490 333 163 491 165 164 492 147 164 493 158 164 494 362 165 495 148 165 496 162 165 497 167 166 498 156 166 499 164 166 500 163 167 501 148 167 502 153 167 503 147 168 504 167 168 505 152 168 506 182 169 507 171 169 508 181 169 509 180 170 510 172 170 511 182 170 512 181 171 513 161 171 514 176 171 515 173 172 516 339 172 517 338 172 518 339 173 519 195 173 520 352 173 521 340 174 522 238 174 523 196 174 524 334 175 525 161 175 526 336 175 527 335 176 528 170 176 529 160 176 530 392 177 531 257 177 532 270 177 533 253 178 534 266 178 535 184 178 536 323 179 537 175 179 538 317 179 539 449 180 540 443 180 541 442 180 542 267 181 543 282 181 544 185 181 545 253 182 546 368 182 547 251 182 548 361 183 549 176 183 550 365 183 551 360 184 552 182 184 553 362 184 554 362 185 555 181 185 556 361 185 557 213 186 558 173 186 559 160 186 560 183 187 561 169 187 562 173 187 563 169 188 564 197 188 565 195 188 566 238 189 567 198 189 568 196 189 569 168 190 570 176 190 571 161 190 572 360 191 573 162 191 574 145 191 575 361 192 576 144 192 577 148 192 578 163 193 579 367 193 580 363 193 581 252 194 582 175 194 583 364 194 584 213 195 585 251 195 586 377 195 587 170 196 588 266 196 589 160 196 590 373 197 591 189 197 592 200 197 593 204 198 594 187 198 595 188 198 596 375 199 597 205 199 598 211 199 599 210 200 600 278 200 601 280 200 602 366 201 603 144 201 604 365 201 605 206 202 606 281 202 607 276 202 608 375 203 609 190 203 610 370 203 611 383 204 612 192 204 613 371 204 614 196 205 615 178 205 616 168 205 617 340 206 618 168 206 619 334 206 620 149 207 621 194 207 622 157 207 623 221 209 627 192 209 628 219 209 629 152 210 630 191 210 631 149 210 632 641 211 633 203 211 634 628 211 635 634 212 636 209 212 637 374 212 638 175 213 639 373 213 640 364 213 641 660 214 642 271 214 643 659 214 644 184 215 645 200 215 646 201 215 647 174 216 648 204 216 649 175 216 650 639 217 651 279 217 652 635 217 653 368 218 654 201 218 655 375 218 656 628 219 657 391 219 658 632 219 659 386 220 660 274 220 661 390 220 662 368 221 663 211 221 664 206 221 665 257 222 666 269 222 667 270 222 668 627 223 669 660 223 670 661 223 671 174 224 672 206 224 673 208 224 674 174 225 675 210 225 676 202 225 677 273 226 678 655 226 679 656 226 680 345 227 681 242 227 682 435 227 683 216 228 684 331 228 685 318 228 686 186 229 687 222 229 688 218 229 689 232 230 690 433 230 691 434 230 692 223 231 693 214 231 694 228 231 695 445 232 696 440 232 697 549 232 698 217 233 699 214 233 700 177 233 701 260 234 702 385 234 703 389 234 704 251 235 705 174 235 706 323 235 707 259 236 708 222 236 709 260 236 710 220 237 711 233 237 712 236 237 713 259 238 714 395 238 715 388 238 716 221 239 717 394 239 718 384 239 719 313 240 720 220 240 721 287 240 722 320 241 723 216 241 724 318 241 725 223 242 726 217 242 727 177 242 728 234 243 729 235 243 730 224 243 731 346 244 732 228 244 733 343 244 734 347 245 735 224 245 736 341 245 737 235 246 738 225 246 739 224 246 740 228 247 741 347 247 742 343 247 743 214 248 744 234 248 745 228 248 746 378 249 747 231 249 748 215 249 749 236 250 750 233 250 751 225 250 752 215 251 753 232 251 754 222 251 755 214 252 756 236 252 757 235 252 758 240 253 759 249 253 760 248 253 761 241 254 762 551 254 763 249 254 764 243 255 765 240 255 766 248 255 767 349 256 768 242 256 769 348 256 770 262 257 771 349 257 772 351 257 773 321 258 774 342 258 775 359 258 776 230 259 777 344 259 778 346 259 779 345 260 780 436 260 781 341 260 782 204 261 783 369 261 784 373 261 785 439 262 786 445 262 787 444 262 788 438 263 789 447 263 790 446 263 791 444 264 792 436 264 793 435 264 794 443 265 795 439 265 796 444 265 797 381 266 798 248 266 799 378 266 800 249 267 801 548 267 802 379 267 803 248 268 804 379 268 805 378 268 806 242 269 807 441 269 808 435 269 809 239 270 810 250 270 811 242 270 812 264 271 813 239 271 814 262 271 815 322 272 816 238 272 817 321 272 818 243 273 819 237 273 820 230 273 821 379 274 822 433 274 823 231 274 824 186 275 825 378 275 826 215 275 827 385 276 828 232 276 829 380 276 830 442 277 831 441 277 832 450 277 833 377 278 834 323 278 835 151 278 836 145 279 837 323 279 838 317 279 839 256 280 840 390 280 841 269 280 842 274 281 843 254 281 844 272 281 845 275 282 846 392 282 847 281 282 848 186 283 849 382 283 850 381 283 851 315 284 852 383 284 853 395 284 854 244 285 855 263 285 856 237 285 857 237 286 858 350 286 859 344 286 860 217 287 861 261 287 862 258 287 863 213 288 864 266 288 865 253 288 866 259 289 867 319 289 868 315 289 869 258 290 870 220 290 871 217 290 872 390 291 873 438 291 874 448 291 875 629 292 876 658 292 877 638 292 878 270 293 879 440 293 880 439 293 881 637 294 882 279 294 883 273 294 884 438 295 885 272 295 886 437 295 887 449 296 888 270 296 889 439 296 890 633 297 891 209 297 892 631 297 893 636 298 894 212 298 895 627 298 896 449 299 897 281 299 898 392 299 899 207 300 900 280 300 901 277 300 902 634 301 903 376 301 904 636 301 905 437 302 906 276 302 907 449 302 908 280 303 909 437 303 910 272 303 911 641 304 912 626 304 913 655 304 914 200 305 915 190 305 916 201 305 917 315 345 1035 221 345 1036 219 345 1037 259 346 1038 382 346 1039 218 346 1040 193 347 1041 384 347 1042 372 347 1043 265 348 1044 321 348 1045 263 348 1046 350 349 1047 321 349 1048 359 349 1049 258 350 1050 320 350 1051 318 350 1052 318 351 1053 287 351 1054 258 351 1055 350 352 1056 320 352 1057 261 352 1058 344 360 1080 261 360 1081 226 360 1082 345 361 1083 224 361 1084 225 361 1085 346 362 1086 226 362 1087 223 362 1088 359 363 1089 227 363 1090 320 363 1091 351 364 1092 229 364 1093 313 364 1094 229 365 1095 348 365 1096 233 365 1097 343 366 1098 241 366 1099 240 366 1100 241 367 1101 341 367 1102 436 367 1103 230 368 1104 343 368 1105 240 368 1106 233 369 1107 345 369 1108 225 369 1109 194 370 1110 334 370 1111 157 370 1112 155 371 1113 335 371 1114 156 371 1115 157 372 1116 336 372 1117 154 372 1118 227 373 1119 340 373 1120 194 373 1121 159 374 1122 352 374 1123 306 374 1124 338 375 1125 159 375 1126 164 375 1127 172 376 1128 333 376 1129 171 376 1130 170 377 1131 337 377 1132 172 377 1133 171 378 1134 336 378 1135 161 378 1136 335 379 1137 164 379 1138 156 379 1139 208 380 1140 276 380 1141 278 380 1142 388 381 1143 322 381 1144 265 381 1145 384 382 1146 316 382 1147 246 382 1148 277 383 1149 272 383 1150 254 383 1151 269 384 1152 448 384 1153 440 384 1154 394 385 1155 264 385 1156 316 385 1157 382 386 1158 265 386 1159 244 386 1160 381 387 1161 244 387 1162 243 387 1163 395 388 1164 245 388 1165 322 388 1166 389 389 1167 247 389 1168 264 389 1169 247 390 1170 380 390 1171 250 390 1172 250 391 1173 450 391 1174 441 391 1175 632 392 1176 393 392 1177 633 392 1178 550 393 1179 438 393 1180 446 393 1181 360 394 1182 317 394 1183 252 394 1184 202 395 1185 207 395 1186 187 395 1187 364 396 1188 200 396 1189 185 396 1190 197 397 1191 384 397 1192 246 397 1193 198 398 1194 366 398 1195 178 398 1196 178 399 1197 365 399 1198 176 399 1199 245 400 1200 371 400 1201 198 400 1202 179 401 1203 372 401 1204 197 401 1205 363 402 1206 179 402 1207 183 402 1208 377 403 1209 183 403 1210 213 403 1211 630 404 1212 268 404 1213 639 404 1214 282 405 1215 364 405 1216 185 405 1217 180 406 1218 267 406 1219 170 406 1220 151 407 1221 363 407 1222 377 407 1223 593 408 1224 397 408 1225 400 408 1226 282 409 1227 397 409 1228 451 409 1229 252 410 1230 451 410 1231 452 410 1232 252 411 1233 396 411 1234 360 411 1235 452 412 1236 399 412 1237 396 412 1238 360 413 1239 397 413 1240 180 413 1241 396 414 1242 400 414 1243 397 414 1244 442 452 1356 437 452 1357 449 452 1358 450 453 1359 447 453 1360 442 453 1361 433 454 1362 447 454 1363 434 454 1364 441 455 1365 444 455 1366 435 455 1367 548 456 1368 446 456 1369 433 456 1370 549 457 1371 448 457 1372 550 457 1373 445 458 1374 551 458 1375 436 458 1376 212 459 1377 374 459 1378 271 459 1379 268 460 1380 393 460 1381 279 460 1382 271 461 1383 209 461 1384 268 461 1385 391 462 1386 199 462 1387 273 462 1388 273 463 1389 393 463 1390 391 463 1391 637 464 1392 656 464 1393 657 464 1394 630 465 1395 638 465 1396 659 465 1397 466 467 1401 452 467 1402 465 467 1403 476 477 1431 451 477 1432 475 477 1433 399 485 1455 424 485 1456 400 485 1457 593 486 1458 424 486 1459 476 486 1460 424 487 1461 466 487 1462 476 487 1463 593 488 1464 475 488 1465 476 488 1466 465 489 1467 451 489 1468 475 489 1469 451 490 1470 592 490 1471 475 490 1472 591 491 1473 592 491 1474 593 491 1475 512 495 1485 498 495 1486 488 495 1487 624 504 1512 623 504 1513 625 504 1514 549 506 1518 546 506 1519 551 506 1520 497 508 1524 614 508 1525 612 508 1526 487 517 1551 512 517 1552 520 517 1553 624 524 1572 615 524 1573 620 524 1574 488 527 1581 625 527 1582 487 527 1583 622 536 1608 620 536 1609 616 536 1610 544 540 1620 511 540 1621 547 540 1622 550 543 1629 512 543 1630 549 543 1631 512 557 1671 624 557 1672 546 557 1673 544 560 1680 520 560 1681 510 560 1682 497 561 1683 520 561 1684 487 561 1685 497 565 1695 511 565 1696 510 565 1697 546 566 1698 548 566 1699 551 566 1700 625 568 1704 520 568 1705 543 568 1706 546 570 1710 625 570 1711 543 570 1712 547 571 1713 550 571 1714 548 571 1715 543 572 1716 547 572 1717 546 572 1718 582 579 1737 466 579 1738 580 579 1739 583 581 1743 592 581 1744 588 581 1745 588 585 1755 590 585 1756 584 585 1757 476 610 1830 465 610 1831 466 610 1832 584 611 1833 591 611 1834 585 611 1835 585 612 1836 593 612 1837 589 612 1838 580 613 1839 465 613 1840 581 613 1841 589 614 1842 476 614 1843 582 614 1844 581 615 1845 475 615 1846 583 615 1847 498 640 1920 487 640 1921 497 640 1922 623 641 1923 616 641 1924 617 641 1925 625 642 1926 617 642 1927 621 642 1928 498 643 1929 612 643 1930 613 643 1931 487 644 1932 621 644 1933 614 644 1934 488 645 1935 613 645 1936 615 645 1937 370 646 1938 639 646 1939 205 646 1940 254 647 1941 633 647 1942 277 647 1943 257 648 1944 626 648 1945 256 648 1946 187 649 1947 636 649 1948 188 649 1949 188 650 1950 627 650 1951 369 650 1952 277 651 1953 631 651 1954 207 651 1955 369 652 1956 629 652 1957 189 652 1958 387 653 1959 635 653 1960 637 653 1961 190 654 1962 630 654 1963 370 654 1964 256 655 1965 641 655 1966 386 655 1967 189 656 1968 638 656 1969 190 656 1970 255 657 1971 632 657 1972 254 657 1973 387 659 1977 640 659 1978 257 659 1979 187 660 1980 631 660 1981 634 660 1982 386 661 1983 628 661 1984 255 661 1985 659 675 2025 661 675 2026 660 675 2027 655 676 2028 657 676 2029 656 676 2030 640 677 2031 654 677 2032 626 677 2033 23 678 2034 1 678 2035 65 678 2036 9 679 2037 32 679 2038 3 679 2039 97 680 2040 29 680 2041 47 680 2042 88 681 2043 40 681 2044 14 681 2045 6 682 2046 26 682 2047 8 682 2048 6 683 2049 5 683 2050 75 683 2051 5 684 2052 40 684 2053 9 684 2054 105 685 2055 0 685 2056 26 685 2057 16 686 2058 99 686 2059 116 686 2060 80 687 2061 36 687 2062 13 687 2063 36 688 2064 80 688 2065 67 688 2066 104 689 2067 112 689 2068 8 689 2069 21 690 2070 100 690 2071 103 690 2072 26 691 2073 6 691 2074 74 691 2075 40 692 2076 5 692 2077 6 692 2078 75 693 2079 5 693 2080 23 693 2081 20 694 2082 103 694 2083 83 694 2084 29 695 2085 36 695 2086 31 695 2087 28 696 2088 1 696 2089 25 696 2090 1 697 2091 28 697 2092 101 697 2093 101 698 2094 28 698 2095 29 698 2096 27 699 2097 8 699 2098 26 699 2099 37 700 2100 36 700 2101 29 700 2102 17 701 2103 15 701 2104 84 701 2105 40 702 2106 88 702 2107 32 702 2108 77 703 2109 37 703 2110 36 703 2111 18 704 2112 19 704 2113 90 704 2114 12 705 2115 37 705 2116 77 705 2117 37 706 2118 25 706 2119 3 706 2120 102 707 2121 33 707 2122 40 707 2123 23 708 2124 9 708 2125 25 708 2126 17 709 2127 95 709 2128 99 709 2129 19 710 2130 11 710 2131 115 710 2132 12 711 2133 13 711 2134 36 711 2135 15 712 2136 33 712 2137 102 712 2138 18 713 2139 94 713 2140 96 713 2141 21 714 2142 12 714 2143 92 714 2144 33 715 2145 15 715 2146 14 715 2147 33 716 2148 8 716 2149 112 716 2150 109 717 2151 46 717 2152 10 717 2153 41 718 2154 44 718 2155 30 718 2156 118 719 2157 41 719 2158 42 719 2159 42 720 2160 46 720 2161 27 720 2162 68 721 2163 47 721 2164 44 721 2165 67 722 2166 38 722 2167 30 722 2168 44 723 2169 41 723 2170 118 723 2171 46 724 2172 42 724 2173 41 724 2174 117 725 2175 42 725 2176 0 725 2177 47 726 2178 31 726 2179 30 726 2180 46 727 2181 109 727 2182 104 727 2183 107 728 2184 109 728 2185 46 728 2186 11 729 2187 45 729 2188 107 729 2189 11 730 2190 10 730 2191 46 730 2192 45 731 2193 30 731 2194 38 731 2195 66 732 2196 35 732 2197 34 732 2198 3 733 2199 32 733 2200 69 733 2201 74 734 2202 73 734 2203 119 734 2204 77 735 2205 91 735 2206 82 735 2207 22 736 2208 70 736 2209 7 736 2210 97 737 2211 22 737 2212 24 737 2213 24 738 2214 91 738 2215 4 738 2216 52 739 2217 2 739 2218 53 739 2219 54 740 2220 48 740 2221 49 740 2222 52 741 2223 53 741 2224 58 741 2225 53 742 2226 54 742 2227 58 742 2228 57 743 2229 58 743 2230 54 743 2231 50 744 2232 51 744 2233 57 744 2234 55 745 2235 56 745 2236 57 745 2237 56 746 2238 50 746 2239 57 746 2240 54 747 2241 49 747 2242 55 747 2243 39 748 2244 43 748 2245 70 748 2246 64 749 2247 90 749 2248 115 749 2249 102 750 2250 85 750 2251 86 750 2252 85 751 2253 102 751 2254 112 751 2255 71 752 2256 38 752 2257 67 752 2258 59 753 2259 103 753 2260 100 753 2261 52 754 2262 59 754 2263 60 754 2264 50 755 2265 61 755 2266 62 755 2267 48 756 2268 63 756 2269 64 756 2270 54 757 2271 53 757 2272 82 757 2273 55 758 2274 111 758 2275 110 758 2276 57 759 2277 86 759 2278 87 759 2279 2 760 2280 60 760 2281 82 760 2282 50 761 2283 56 761 2284 110 761 2285 48 762 2286 54 762 2287 81 762 2288 52 763 2289 58 763 2290 87 763 2291 51 764 2292 62 764 2293 86 764 2294 49 765 2295 64 765 2296 111 765 2297 70 766 2298 22 766 2299 97 766 2300 91 767 2301 24 767 2302 22 767 2303 101 768 2304 24 768 2305 66 768 2306 60 769 2307 100 769 2308 92 769 2309 73 770 2310 85 770 2311 78 770 2312 72 771 2313 35 771 2314 69 771 2315 35 772 2316 72 772 2317 75 772 2318 72 773 2319 73 773 2320 74 773 2321 43 774 2322 71 774 2323 7 774 2324 85 775 2325 73 775 2326 72 775 2327 63 776 2328 81 776 2329 96 776 2330 91 777 2331 77 777 2332 3 777 2333 88 778 2334 89 778 2335 85 778 2336 61 779 2337 99 779 2338 95 779 2339 87 780 2340 89 780 2341 88 780 2342 89 781 2343 69 781 2344 32 781 2345 80 782 2346 79 782 2347 91 782 2348 66 783 2349 4 783 2350 69 783 2351 64 784 2352 63 784 2353 94 784 2354 61 785 2355 110 785 2356 116 785 2357 87 786 2358 86 786 2359 85 786 2360 81 787 2361 79 787 2362 80 787 2363 62 788 2364 95 788 2365 84 788 2366 59 789 2367 87 789 2368 83 789 2369 81 790 2370 82 790 2371 91 790 2372 79 791 2373 7 791 2374 67 791 2375 107 792 2376 114 792 2377 111 792 2378 93 793 2379 106 793 2380 76 793 2381 93 794 2382 98 794 2383 118 794 2384 98 795 2385 114 795 2386 71 795 2387 113 796 2388 119 796 2389 106 796 2390 78 797 2391 112 797 2392 104 797 2393 106 798 2394 93 798 2395 117 798 2396 114 799 2397 98 799 2398 93 799 2399 118 800 2400 98 800 2401 43 800 2402 119 801 2403 78 801 2404 76 801 2405 114 802 2406 107 802 2407 38 802 2408 107 803 2409 114 803 2410 108 803 2411 110 804 2412 108 804 2413 109 804 2414 108 805 2415 110 805 2416 111 805 2417 108 806 2418 76 806 2419 104 806 2420 123 807 2421 121 807 2422 120 807 2423 125 808 2424 122 808 2425 120 808 2426 16 809 2427 132 809 2428 133 809 2429 13 810 2430 129 810 2431 134 810 2432 19 811 2433 18 811 2434 134 811 2435 10 812 2436 126 812 2437 132 812 2438 15 813 2439 17 813 2440 133 813 2441 20 814 2442 136 814 2443 137 814 2444 11 815 2445 127 815 2446 126 815 2447 15 816 2448 131 816 2449 130 816 2450 13 817 2451 12 817 2452 128 817 2453 12 818 2454 21 818 2455 137 818 2456 11 819 2457 19 819 2458 135 819 2459 14 820 2460 130 820 2461 136 820 2462 140 821 2463 141 821 2464 124 821 2465 125 822 2466 138 822 2467 139 822 2468 142 823 2469 143 823 2470 139 823 2471 124 824 2472 141 824 2473 138 824 2474 141 825 2475 140 825 2476 139 825 2477 122 826 2478 125 826 2479 143 826 2480 142 827 2481 121 827 2482 123 827 2483 142 828 2484 124 828 2485 120 828 2486 335 829 2487 160 829 2488 173 829 2489 286 830 2490 292 830 2491 216 830 2492 153 831 2493 148 831 2494 144 831 2495 151 832 2496 145 832 2497 162 832 2498 158 833 2499 147 833 2500 146 833 2501 267 834 2502 185 834 2503 184 834 2504 147 835 2505 152 835 2506 149 835 2507 367 836 2508 153 836 2509 193 836 2510 260 837 2511 389 837 2512 394 837 2513 192 838 2514 193 838 2515 153 838 2516 164 839 2517 159 839 2518 152 839 2519 380 840 2520 232 840 2521 434 840 2522 192 841 2523 150 841 2524 366 841 2525 152 842 2526 159 842 2527 306 842 2528 191 843 2529 216 843 2530 227 843 2531 149 844 2532 157 844 2533 154 844 2534 333 845 2535 158 845 2536 154 845 2537 332 846 2538 155 846 2539 165 846 2540 156 847 2541 167 847 2542 166 847 2543 337 848 2544 165 848 2545 158 848 2546 165 849 2547 166 849 2548 147 849 2549 362 850 2550 361 850 2551 148 850 2552 163 851 2553 162 851 2554 148 851 2555 147 852 2556 166 852 2557 167 852 2558 182 853 2559 172 853 2560 171 853 2561 180 854 2562 170 854 2563 172 854 2564 181 855 2565 171 855 2566 161 855 2567 173 856 2568 169 856 2569 339 856 2570 339 857 2571 169 857 2572 195 857 2573 340 858 2574 342 858 2575 238 858 2576 334 859 2577 168 859 2578 161 859 2579 335 860 2580 332 860 2581 170 860 2582 392 861 2583 387 861 2584 257 861 2585 323 862 2586 174 862 2587 175 862 2588 449 863 2589 439 863 2590 443 863 2591 253 864 2592 184 864 2593 368 864 2594 361 865 2595 181 865 2596 176 865 2597 360 866 2598 180 866 2599 182 866 2600 362 867 2601 182 867 2602 181 867 2603 213 868 2604 183 868 2605 173 868 2606 183 869 2607 179 869 2608 169 869 2609 169 870 2610 179 870 2611 197 870 2612 238 871 2613 245 871 2614 198 871 2615 168 872 2616 178 872 2617 176 872 2618 360 873 2619 362 873 2620 162 873 2621 361 874 2622 365 874 2623 144 874 2624 163 875 2625 153 875 2626 367 875 2627 252 876 2628 317 876 2629 175 876 2630 213 877 2631 253 877 2632 251 877 2633 170 878 2634 267 878 2635 266 878 2636 373 879 2637 369 879 2638 189 879 2639 204 880 2640 202 880 2641 187 880 2642 375 881 2643 370 881 2644 205 881 2645 210 882 2646 208 882 2647 278 882 2648 366 883 2649 150 883 2650 144 883 2651 206 884 2652 211 884 2653 281 884 2654 375 885 2655 201 885 2656 190 885 2657 383 886 2658 219 886 2659 192 886 2660 196 887 2661 198 887 2662 178 887 2663 340 888 2664 196 888 2665 168 888 2666 149 889 2667 191 889 2668 194 889 2669 221 891 2673 193 891 2674 192 891 2675 152 892 2676 286 892 2677 191 892 2678 641 893 2679 199 893 2680 203 893 2681 634 894 2682 631 894 2683 209 894 2684 175 895 2685 204 895 2686 373 895 2687 660 896 2688 212 896 2689 271 896 2690 184 897 2691 185 897 2692 200 897 2693 174 898 2694 202 898 2695 204 898 2696 639 899 2697 268 899 2698 279 899 2699 368 900 2700 184 900 2701 201 900 2702 628 901 2703 203 901 2704 391 901 2705 386 902 2706 255 902 2707 274 902 2708 368 903 2709 375 903 2710 211 903 2711 257 904 2712 256 904 2713 269 904 2714 627 905 2715 212 905 2716 660 905 2717 661 906 2718 629 906 2719 627 906 2720 174 907 2721 368 907 2722 206 907 2723 174 908 2724 208 908 2725 210 908 2726 273 909 2727 199 909 2728 655 909 2729 345 910 2730 348 910 2731 242 910 2732 216 911 2733 292 911 2734 331 911 2735 186 912 2736 215 912 2737 222 912 2738 232 913 2739 231 913 2740 433 913 2741 223 914 2742 177 914 2743 214 914 2744 217 915 2745 220 915 2746 214 915 2747 260 916 2748 222 916 2749 385 916 2750 251 917 2751 368 917 2752 174 917 2753 259 918 2754 218 918 2755 222 918 2756 220 919 2757 229 919 2758 233 919 2759 259 920 2760 315 920 2761 395 920 2762 221 921 2763 319 921 2764 394 921 2765 313 922 2766 229 922 2767 220 922 2768 320 923 2769 227 923 2770 216 923 2771 223 924 2772 226 924 2773 217 924 2774 346 925 2775 223 925 2776 228 925 2777 347 926 2778 234 926 2779 224 926 2780 235 927 2781 236 927 2782 225 927 2783 228 928 2784 234 928 2785 347 928 2786 214 929 2787 235 929 2788 234 929 2789 378 930 2790 379 930 2791 231 930 2792 215 931 2793 231 931 2794 232 931 2795 214 932 2796 220 932 2797 236 932 2798 240 933 2799 241 933 2800 249 933 2801 241 934 2802 436 934 2803 551 934 2804 243 935 2805 230 935 2806 240 935 2807 349 936 2808 239 936 2809 242 936 2810 262 937 2811 239 937 2812 349 937 2813 321 938 2814 238 938 2815 342 938 2816 230 939 2817 237 939 2818 344 939 2819 345 940 2820 435 940 2821 436 940 2822 204 941 2823 188 941 2824 369 941 2825 439 942 2826 440 942 2827 445 942 2828 438 943 2829 437 943 2830 447 943 2831 444 944 2832 445 944 2833 436 944 2834 381 945 2835 243 945 2836 248 945 2837 249 946 2838 551 946 2839 548 946 2840 248 947 2841 249 947 2842 379 947 2843 242 948 2844 250 948 2845 441 948 2846 239 949 2847 247 949 2848 250 949 2849 264 950 2850 247 950 2851 239 950 2852 322 951 2853 245 951 2854 238 951 2855 243 952 2856 244 952 2857 237 952 2858 379 953 2859 548 953 2860 433 953 2861 186 954 2862 381 954 2863 378 954 2864 385 955 2865 222 955 2866 232 955 2867 442 956 2868 443 956 2869 441 956 2870 377 957 2871 251 957 2872 323 957 2873 145 958 2874 151 958 2875 323 958 2876 256 959 2877 386 959 2878 390 959 2879 274 960 2880 255 960 2881 254 960 2882 275 961 2883 387 961 2884 392 961 2885 186 962 2886 218 962 2887 382 962 2888 315 963 2889 219 963 2890 383 963 2891 244 964 2892 265 964 2893 263 964 2894 237 965 2895 263 965 2896 350 965 2897 217 966 2898 226 966 2899 261 966 2900 213 967 2901 160 967 2902 266 967 2903 259 968 2904 260 968 2905 319 968 2906 258 969 2907 287 969 2908 220 969 2909 390 970 2910 274 970 2911 438 970 2912 629 971 2913 661 971 2914 658 971 2915 270 972 2916 269 972 2917 440 972 2918 637 973 2919 635 973 2920 279 973 2921 438 974 2922 274 974 2923 272 974 2924 449 975 2925 392 975 2926 270 975 2927 633 976 2928 393 976 2929 209 976 2930 636 977 2931 376 977 2932 212 977 2933 449 978 2934 276 978 2935 281 978 2936 207 979 2937 210 979 2938 280 979 2939 634 980 2940 374 980 2941 376 980 2942 437 981 2943 278 981 2944 276 981 2945 280 982 2946 278 982 2947 437 982 2948 655 983 2949 199 983 2950 641 983 2951 626 984 2952 654 984 2953 655 984 2954 200 985 2955 189 985 2956 190 985 2957 315 1025 3075 319 1025 3076 221 1025 3077 259 1026 3078 388 1026 3079 382 1026 3080 193 1027 3081 221 1027 3082 384 1027 3083 265 1028 3084 322 1028 3085 321 1028 3086 350 1029 3087 263 1029 3088 321 1029 3089 258 1030 3090 261 1030 3091 320 1030 3092 318 1031 3093 331 1031 3094 287 1031 3095 350 1032 3096 359 1032 3097 320 1032 3098 344 1040 3120 350 1040 3121 261 1040 3122 345 1041 3123 341 1041 3124 224 1041 3125 346 1042 3126 344 1042 3127 226 1042 3128 359 1043 3129 342 1043 3130 227 1043 3131 351 1044 3132 349 1044 3133 229 1044 3134 229 1045 3135 349 1045 3136 348 1045 3137 343 1046 3138 347 1046 3139 241 1046 3140 241 1047 3141 347 1047 3142 341 1047 3143 230 1048 3144 346 1048 3145 343 1048 3146 233 1049 3147 348 1049 3148 345 1049 3149 194 1050 3150 340 1050 3151 334 1050 3152 155 1051 3153 332 1051 3154 335 1051 3155 157 1052 3156 334 1052 3157 336 1052 3158 227 1053 3159 342 1053 3160 340 1053 3161 159 1054 3162 339 1054 3163 352 1054 3164 338 1055 3165 339 1055 3166 159 1055 3167 172 1056 3168 337 1056 3169 333 1056 3170 170 1057 3171 332 1057 3172 337 1057 3173 171 1058 3174 333 1058 3175 336 1058 3176 335 1059 3177 338 1059 3178 164 1059 3179 208 1060 3180 206 1060 3181 276 1060 3182 388 1061 3183 395 1061 3184 322 1061 3185 384 1062 3186 394 1062 3187 316 1062 3188 277 1063 3189 280 1063 3190 272 1063 3191 269 1064 3192 390 1064 3193 448 1064 3194 394 1065 3195 389 1065 3196 264 1065 3197 382 1066 3198 388 1066 3199 265 1066 3200 381 1067 3201 382 1067 3202 244 1067 3203 395 1068 3204 383 1068 3205 245 1068 3206 389 1069 3207 385 1069 3208 247 1069 3209 247 1070 3210 385 1070 3211 380 1070 3212 250 1071 3213 380 1071 3214 450 1071 3215 632 1072 3216 391 1072 3217 393 1072 3218 550 1073 3219 448 1073 3220 438 1073 3221 360 1074 3222 145 1074 3223 317 1074 3224 202 1075 3225 210 1075 3226 207 1075 3227 364 1076 3228 373 1076 3229 200 1076 3230 197 1077 3231 372 1077 3232 384 1077 3233 198 1078 3234 371 1078 3235 366 1078 3236 178 1079 3237 366 1079 3238 365 1079 3239 245 1080 3240 383 1080 3241 371 1080 3242 179 1081 3243 367 1081 3244 372 1081 3245 363 1082 3246 367 1082 3247 179 1082 3248 377 1083 3249 363 1083 3250 183 1083 3251 630 1084 3252 271 1084 3253 268 1084 3254 282 1085 3255 252 1085 3256 364 1085 3257 180 1086 3258 282 1086 3259 267 1086 3260 151 1087 3261 163 1087 3262 363 1087 3263 593 1088 3264 592 1088 3265 397 1088 3266 282 1089 3267 180 1089 3268 397 1089 3269 252 1090 3270 282 1090 3271 451 1090 3272 252 1091 3273 452 1091 3274 396 1091 3275 452 1092 3276 453 1092 3277 399 1092 3278 360 1093 3279 396 1093 3280 397 1093 3281 396 1094 3282 399 1094 3283 400 1094 3284 442 1123 3369 447 1123 3370 437 1123 3371 450 1124 3372 434 1124 3373 447 1124 3374 433 1125 3375 446 1125 3376 447 1125 3377 441 1126 3378 443 1126 3379 444 1126 3380 548 1127 3381 550 1127 3382 446 1127 3383 549 1128 3384 440 1128 3385 448 1128 3386 445 1129 3387 549 1129 3388 551 1129 3389 212 1130 3390 376 1130 3391 374 1130 3392 268 1131 3393 209 1131 3394 393 1131 3395 271 1132 3396 374 1132 3397 209 1132 3398 391 1133 3399 203 1133 3400 199 1133 3401 273 1134 3402 279 1134 3403 393 1134 3404 637 1135 3405 273 1135 3406 656 1135 3407 657 1136 3408 640 1136 3409 637 1136 3410 659 1137 3411 271 1137 3412 630 1137 3413 638 1138 3414 658 1138 3415 659 1138 3416 466 1140 3420 453 1140 3421 452 1140 3422 476 1150 3450 424 1150 3451 451 1150 3452 399 1158 3474 453 1158 3475 424 1158 3476 593 1159 3477 400 1159 3478 424 1159 3479 424 1160 3480 453 1160 3481 466 1160 3482 593 1161 3483 592 1161 3484 475 1161 3485 465 1162 3486 452 1162 3487 451 1162 3488 451 1163 3489 397 1163 3490 592 1163 3491 591 1164 3492 590 1164 3493 592 1164 3494 512 1168 3504 511 1168 3505 498 1168 3506 624 1176 3528 622 1176 3529 623 1176 3530 549 1178 3534 512 1178 3535 546 1178 3536 497 1179 3537 487 1179 3538 614 1179 3539 487 1187 3561 488 1187 3562 512 1187 3563 624 1194 3582 488 1194 3583 615 1194 3584 488 1197 3591 624 1197 3592 625 1197 3593 622 1204 3612 624 1204 3613 620 1204 3614 544 1208 3624 510 1208 3625 511 1208 3626 550 1211 3633 511 1211 3634 512 1211 3635 512 1223 3669 488 1223 3670 624 1223 3671 544 1226 3678 543 1226 3679 520 1226 3680 497 1227 3681 510 1227 3682 520 1227 3683 497 1231 3693 498 1231 3694 511 1231 3695 546 1232 3696 547 1232 3697 548 1232 3698 625 1234 3702 487 1234 3703 520 1234 3704 546 1236 3708 624 1236 3709 625 1236 3710 547 1237 3711 511 1237 3712 550 1237 3713 543 1238 3714 544 1238 3715 547 1238 3716 582 1245 3735 476 1245 3736 466 1245 3737 583 1247 3741 475 1247 3742 592 1247 3743 588 1251 3753 592 1251 3754 590 1251 3755 476 1276 3828 475 1276 3829 465 1276 3830 584 1277 3831 590 1277 3832 591 1277 3833 585 1278 3834 591 1278 3835 593 1278 3836 580 1279 3837 466 1279 3838 465 1279 3839 589 1280 3840 593 1280 3841 476 1280 3842 581 1281 3843 465 1281 3844 475 1281 3845 498 1306 3918 488 1306 3919 487 1306 3920 623 1307 3921 622 1307 3922 616 1307 3923 625 1308 3924 623 1308 3925 617 1308 3926 498 1309 3927 497 1309 3928 612 1309 3929 487 1310 3930 625 1310 3931 621 1310 3932 488 1311 3933 498 1311 3934 613 1311 3935 370 1312 3936 630 1312 3937 639 1312 3938 254 1313 3939 632 1313 3940 633 1313 3941 257 1314 3942 640 1314 3943 626 1314 3944 187 1315 3945 634 1315 3946 636 1315 3947 188 1316 3948 636 1316 3949 627 1316 3950 277 1317 3951 633 1317 3952 631 1317 3953 369 1318 3954 627 1318 3955 629 1318 3956 387 1319 3957 275 1319 3958 635 1319 3959 190 1320 3960 638 1320 3961 630 1320 3962 256 1321 3963 626 1321 3964 641 1321 3965 189 1322 3966 629 1322 3967 638 1322 3968 255 1323 3969 628 1323 3970 632 1323 3971 387 1325 3975 637 1325 3976 640 1325 3977 187 1326 3978 207 1326 3979 631 1326 3980 386 1327 3981 641 1327 3982 628 1327 3983 659 1341 4023 658 1341 4024 661 1341 4025 655 1342 4026 654 1342 4027 657 1342 4028 640 1343 4029 657 1343 4030 654 1343 4031</p>
        </triangles>
        <triangles material="Paintable-1-material" count="454">
          <input semantic="VERTEX" source="#Cube-mesh-vertices" offset="0"/>
          <input semantic="NORMAL" source="#Cube-mesh-normals" offset="1"/>
          <input semantic="TEXCOORD" source="#Cube-mesh-map-0" offset="2" set="0"/>
          <p>197 208 624 289 208 625 195 208 626 285 306 918 304 306 919 291 306 920 264 307 921 293 307 922 302 307 923 313 308 924 308 308 925 309 308 926 291 309 927 303 309 928 296 309 929 301 310 930 324 310 931 326 310 932 298 311 933 288 311 934 300 311 935 330 312 936 287 312 937 313 312 938 353 313 939 306 313 940 352 313 941 307 314 942 283 314 943 304 314 944 304 315 945 290 315 946 303 315 947 286 316 948 295 316 949 306 316 950 293 317 951 301 317 952 302 317 953 356 318 954 303 318 955 357 318 956 286 319 957 285 319 958 292 319 959 246 320 960 299 320 961 197 320 962 286 321 963 305 321 964 307 321 965 312 322 966 308 322 967 314 322 968 328 323 969 356 323 970 358 323 971 289 324 972 300 324 973 288 324 974 357 325 975 290 325 976 353 325 977 294 326 978 355 326 979 354 326 980 297 327 981 300 327 982 299 327 983 325 328 984 301 328 985 326 328 986 264 329 987 325 329 988 316 329 989 287 330 990 314 330 991 313 330 992 309 331 993 310 331 994 311 331 995 291 332 996 328 332 997 327 332 998 292 333 999 329 333 1000 331 333 1001 327 334 1002 285 334 1003 291 334 1004 355 335 1005 313 335 1006 309 335 1007 283 336 1008 306 336 1009 290 336 1010 310 337 1011 329 337 1012 327 337 1013 287 338 1014 329 338 1015 312 338 1016 327 339 1017 311 339 1018 310 339 1019 316 340 1020 297 340 1021 246 340 1022 325 341 1023 298 341 1024 297 341 1025 311 342 1026 358 342 1027 354 342 1028 292 343 1029 330 343 1030 295 343 1031 326 344 1032 284 344 1033 298 344 1034 354 353 1059 324 353 1060 294 353 1061 262 354 1062 355 354 1063 293 354 1064 354 355 1065 309 355 1066 311 355 1067 288 356 1068 353 356 1069 289 356 1070 358 357 1071 284 357 1072 324 357 1073 284 358 1074 357 358 1075 288 358 1076 195 359 1077 353 359 1078 352 359 1079 468 415 1245 573 415 1246 576 415 1247 423 416 1248 568 416 1249 570 416 1250 513 417 1251 500 417 1252 482 417 1253 560 418 1254 431 418 1255 563 418 1256 418 419 1257 429 419 1258 419 419 1259 409 420 1260 415 420 1261 404 420 1262 402 421 1263 409 421 1264 404 421 1265 418 422 1266 422 422 1267 421 422 1268 473 423 1269 455 423 1270 471 423 1271 420 424 1272 565 424 1273 568 424 1274 410 425 1275 411 425 1276 412 425 1277 413 426 1278 477 426 1279 415 426 1280 460 427 1281 416 427 1282 464 427 1283 417 428 1284 459 428 1285 461 428 1286 425 429 1287 426 429 1288 557 429 1289 428 430 1290 429 430 1291 430 430 1292 431 431 1293 462 431 1294 467 431 1295 432 432 1296 555 432 1297 463 432 1298 477 433 1299 558 433 1300 586 433 1301 411 434 1302 564 434 1303 567 434 1304 416 435 1305 579 435 1306 561 435 1307 459 436 1308 562 436 1309 575 436 1310 470 437 1311 454 437 1312 474 437 1313 404 438 1314 403 438 1315 402 438 1316 408 439 1317 407 439 1318 406 439 1319 413 440 1320 412 440 1321 411 440 1322 410 441 1323 409 441 1324 408 441 1325 405 442 1326 415 442 1327 477 442 1328 417 443 1329 464 443 1330 416 443 1331 554 444 1332 421 444 1333 553 444 1334 472 445 1335 552 445 1336 556 445 1337 419 446 1338 423 446 1339 422 446 1340 430 447 1341 426 447 1342 425 447 1343 557 448 1344 418 448 1345 554 448 1346 420 449 1347 429 449 1348 428 449 1349 432 450 1350 462 450 1351 431 450 1352 413 451 1353 567 451 1354 558 451 1355 474 466 1398 398 466 1399 468 466 1400 469 468 1404 457 468 1405 470 468 1406 471 469 1407 456 469 1408 472 469 1409 455 470 1410 463 470 1411 456 470 1412 456 471 1413 555 471 1414 552 471 1415 457 472 1416 461 472 1417 454 472 1418 454 473 1419 459 473 1420 398 473 1421 398 474 1422 575 474 1423 573 474 1424 458 475 1425 462 475 1426 455 475 1427 401 476 1428 464 476 1429 457 476 1430 422 478 1434 472 478 1435 421 478 1436 403 479 1437 470 479 1438 402 479 1439 407 480 1440 468 480 1441 406 480 1442 421 481 1443 556 481 1444 553 481 1445 402 482 1446 474 482 1447 407 482 1448 423 483 1449 471 483 1450 422 483 1451 406 484 1452 576 484 1453 571 484 1454 481 492 1476 523 492 1477 484 492 1478 599 493 1479 530 493 1480 479 493 1481 523 494 1482 483 494 1483 484 494 1484 501 496 1488 505 496 1489 508 496 1490 614 497 1491 540 497 1492 494 497 1493 621 498 1494 538 498 1495 540 498 1496 484 499 1497 616 499 1498 620 499 1499 517 500 1500 515 500 1501 516 500 1502 612 501 1503 494 501 1504 542 501 1505 611 502 1506 528 502 1507 414 502 1508 504 503 1509 509 503 1510 545 503 1511 531 505 1515 530 505 1516 532 505 1517 527 507 1521 502 507 1522 504 507 1523 597 509 1527 524 509 1528 600 509 1529 506 510 1530 494 510 1531 493 510 1532 479 511 1533 486 511 1534 618 511 1535 427 512 1536 514 512 1537 513 512 1538 522 513 1539 526 513 1540 523 513 1541 499 514 1542 527 514 1543 528 514 1544 514 515 1545 496 515 1546 501 515 1547 516 516 1548 526 516 1549 525 516 1550 608 518 1554 537 518 1555 603 518 1556 534 519 1557 533 519 1558 535 519 1559 489 520 1560 541 520 1561 536 520 1562 607 521 1563 545 521 1564 605 521 1565 536 522 1566 535 522 1567 537 522 1568 508 523 1569 490 523 1570 492 523 1571 529 525 1575 538 525 1576 486 525 1577 605 526 1578 495 526 1579 608 526 1580 482 528 1584 507 528 1585 485 528 1586 530 529 1587 529 529 1588 486 529 1589 507 530 1590 492 530 1591 491 530 1592 519 531 1593 480 531 1594 518 531 1595 492 532 1596 521 532 1597 522 532 1598 499 533 1599 542 533 1600 506 533 1601 509 534 1602 493 534 1603 489 534 1604 534 535 1605 541 535 1606 539 535 1607 495 537 1611 536 537 1612 537 537 1613 481 538 1614 620 538 1615 615 538 1616 500 539 1617 508 539 1618 507 539 1619 516 541 1623 524 541 1624 517 541 1625 491 542 1626 522 542 1627 523 542 1628 600 544 1632 521 544 1633 602 544 1634 503 545 1635 499 545 1636 528 545 1637 485 546 1638 615 546 1639 613 546 1640 501 547 1641 513 547 1642 514 547 1643 526 548 1644 480 548 1645 483 548 1646 502 549 1647 506 549 1648 509 549 1649 616 550 1650 618 550 1651 617 550 1652 529 551 1653 534 551 1654 539 551 1655 493 552 1656 540 552 1657 541 552 1658 482 553 1659 613 553 1660 610 553 1661 596 554 1662 532 554 1663 599 554 1664 533 555 1665 531 555 1666 532 555 1667 617 556 1668 486 556 1669 538 556 1670 594 558 1674 504 558 1675 607 558 1676 540 559 1677 539 559 1678 541 559 1679 483 562 1686 619 562 1687 616 562 1688 518 563 1689 515 563 1690 519 563 1691 545 564 1692 489 564 1693 495 564 1694 485 567 1701 491 567 1702 481 567 1703 521 569 1707 525 569 1708 522 569 1709 581 573 1719 555 573 1720 578 573 1721 583 574 1722 552 574 1723 581 574 1724 587 575 1725 554 575 1726 584 575 1727 584 576 1728 553 576 1729 588 576 1730 588 577 1731 556 577 1732 583 577 1733 403 578 1734 582 578 1735 469 578 1736 405 580 1740 589 580 1741 403 580 1742 477 582 1746 585 582 1747 405 582 1748 586 583 1749 584 583 1750 585 583 1751 469 584 1752 580 584 1753 401 584 1754 401 586 1758 579 586 1759 460 586 1760 580 587 1761 578 587 1762 579 587 1763 570 588 1764 473 588 1765 423 588 1766 571 589 1767 577 589 1768 570 589 1769 572 590 1770 467 590 1771 458 590 1772 573 591 1773 574 591 1774 572 591 1775 559 592 1776 430 592 1777 425 592 1778 558 593 1779 566 593 1780 559 593 1781 467 594 1782 563 594 1783 431 594 1784 575 595 1785 563 595 1786 574 595 1787 560 596 1788 555 596 1789 432 596 1790 561 597 1791 578 597 1792 560 597 1793 566 598 1794 428 598 1795 430 598 1796 567 599 1797 565 599 1798 566 599 1799 587 600 1800 425 600 1801 557 600 1802 586 601 1803 559 601 1804 587 601 1805 569 602 1806 410 602 1807 408 602 1808 568 603 1809 564 603 1810 569 603 1811 561 604 1812 417 604 1813 416 604 1814 560 605 1815 562 605 1816 561 605 1817 571 606 1818 408 606 1819 406 606 1820 570 607 1821 569 607 1822 571 607 1823 577 608 1824 458 608 1825 473 608 1826 576 609 1827 572 609 1828 577 609 1829 611 616 1848 542 616 1849 503 616 1850 610 617 1851 612 617 1852 611 617 1853 490 618 1854 602 618 1855 521 618 1856 609 619 1857 603 619 1858 602 619 1859 496 620 1860 604 620 1861 505 620 1862 606 621 1863 605 621 1864 604 621 1865 515 622 1866 478 622 1867 519 622 1868 598 623 1869 479 623 1870 478 623 1871 496 624 1872 595 624 1873 606 624 1874 595 625 1875 607 625 1876 606 625 1877 482 626 1878 427 626 1879 513 626 1880 610 627 1881 414 627 1882 427 627 1883 517 628 1884 598 628 1885 515 628 1886 597 629 1887 599 629 1888 598 629 1889 519 630 1890 619 630 1891 480 630 1892 478 631 1893 618 631 1894 619 631 1895 533 632 1896 601 632 1897 535 632 1898 596 633 1899 600 633 1900 601 633 1901 527 634 1902 414 634 1903 528 634 1904 594 635 1905 427 635 1906 414 635 1907 535 636 1908 603 636 1909 537 636 1910 601 637 1911 602 637 1912 603 637 1913 505 638 1914 609 638 1915 490 638 1916 604 639 1917 608 639 1918 609 639 1919 635 658 1974 650 658 1975 649 658 1976 281 662 1986 650 662 1987 275 662 1988 211 663 1989 653 663 1990 643 663 1991 652 664 1992 648 664 1993 651 664 1994 211 665 1995 645 665 1996 281 665 1997 639 666 1998 653 666 1999 205 666 2000 635 667 2001 647 667 2002 639 667 2003 644 668 2004 643 668 2005 642 668 2006 648 669 2007 650 669 2008 651 669 2009 649 670 2010 646 670 2011 647 670 2012 646 671 2013 653 671 2014 647 671 2015 642 672 2016 653 672 2017 652 672 2018 650 673 2019 644 673 2020 651 673 2021 652 674 2022 644 674 2023 642 674 2024 197 890 2670 299 890 2671 289 890 2672 285 986 2958 307 986 2959 304 986 2960 264 987 2961 262 987 2962 293 987 2963 313 988 2964 314 988 2965 308 988 2966 291 989 2967 304 989 2968 303 989 2969 301 990 2970 294 990 2971 324 990 2972 298 991 2973 284 991 2974 288 991 2975 330 992 2976 331 992 2977 287 992 2978 353 993 2979 290 993 2980 306 993 2981 307 994 2982 305 994 2983 283 994 2984 304 995 2985 283 995 2986 290 995 2987 286 996 2988 292 996 2989 295 996 2990 293 997 2991 294 997 2992 301 997 2993 356 998 2994 296 998 2995 303 998 2996 286 999 2997 307 999 2998 285 999 2999 246 1000 3000 297 1000 3001 299 1000 3002 286 1001 3003 306 1001 3004 305 1001 3005 312 1002 3006 310 1002 3007 308 1002 3008 328 1003 3009 296 1003 3010 356 1003 3011 289 1004 3012 299 1004 3013 300 1004 3014 357 1005 3015 303 1005 3016 290 1005 3017 294 1006 3018 293 1006 3019 355 1006 3020 297 1007 3021 298 1007 3022 300 1007 3023 325 1008 3024 302 1008 3025 301 1008 3026 264 1009 3027 302 1009 3028 325 1009 3029 287 1010 3030 312 1010 3031 314 1010 3032 309 1011 3033 308 1011 3034 310 1011 3035 291 1012 3036 296 1012 3037 328 1012 3038 292 1013 3039 285 1013 3040 329 1013 3041 327 1014 3042 329 1014 3043 285 1014 3044 355 1015 3045 351 1015 3046 313 1015 3047 283 1016 3048 305 1016 3049 306 1016 3050 310 1017 3051 312 1017 3052 329 1017 3053 287 1018 3054 331 1018 3055 329 1018 3056 327 1019 3057 328 1019 3058 311 1019 3059 316 1020 3060 325 1020 3061 297 1020 3062 325 1021 3063 326 1021 3064 298 1021 3065 311 1022 3066 328 1022 3067 358 1022 3068 292 1023 3069 331 1023 3070 330 1023 3071 326 1024 3072 324 1024 3073 284 1024 3074 354 1033 3099 358 1033 3100 324 1033 3101 262 1034 3102 351 1034 3103 355 1034 3104 354 1035 3105 355 1035 3106 309 1035 3107 288 1036 3108 357 1036 3109 353 1036 3110 358 1037 3111 356 1037 3112 284 1037 3113 284 1038 3114 356 1038 3115 357 1038 3116 195 1039 3117 289 1039 3118 353 1039 3119 468 1095 3285 398 1095 3286 573 1095 3287 423 1096 3288 420 1096 3289 568 1096 3290 560 1097 3291 432 1097 3292 431 1097 3293 418 1098 3294 426 1098 3295 429 1098 3296 409 1099 3297 412 1099 3298 415 1099 3299 402 1100 3300 407 1100 3301 409 1100 3302 418 1101 3303 419 1101 3304 422 1101 3305 473 1102 3306 458 1102 3307 455 1102 3308 420 1103 3309 428 1103 3310 565 1103 3311 477 1104 3312 413 1104 3313 558 1104 3314 411 1105 3315 410 1105 3316 564 1105 3317 416 1106 3318 460 1106 3319 579 1106 3320 459 1107 3321 417 1107 3322 562 1107 3323 470 1108 3324 457 1108 3325 454 1108 3326 404 1109 3327 405 1109 3328 403 1109 3329 408 1110 3330 409 1110 3331 407 1110 3332 413 1111 3333 415 1111 3334 412 1111 3335 410 1112 3336 412 1112 3337 409 1112 3338 405 1113 3339 404 1113 3340 415 1113 3341 417 1114 3342 461 1114 3343 464 1114 3344 554 1115 3345 418 1115 3346 421 1115 3347 472 1116 3348 456 1116 3349 552 1116 3350 419 1117 3351 420 1117 3352 423 1117 3353 430 1118 3354 429 1118 3355 426 1118 3356 557 1119 3357 426 1119 3358 418 1119 3359 420 1120 3360 419 1120 3361 429 1120 3362 432 1121 3363 463 1121 3364 462 1121 3365 413 1122 3366 411 1122 3367 567 1122 3368 474 1139 3417 454 1139 3418 398 1139 3419 469 1141 3423 401 1141 3424 457 1141 3425 471 1142 3426 455 1142 3427 456 1142 3428 455 1143 3429 462 1143 3430 463 1143 3431 456 1144 3432 463 1144 3433 555 1144 3434 457 1145 3435 464 1145 3436 461 1145 3437 454 1146 3438 461 1146 3439 459 1146 3440 398 1147 3441 459 1147 3442 575 1147 3443 458 1148 3444 467 1148 3445 462 1148 3446 401 1149 3447 460 1149 3448 464 1149 3449 422 1151 3453 471 1151 3454 472 1151 3455 403 1152 3456 469 1152 3457 470 1152 3458 407 1153 3459 474 1153 3460 468 1153 3461 421 1154 3462 472 1154 3463 556 1154 3464 402 1155 3465 470 1155 3466 474 1155 3467 423 1156 3468 473 1156 3469 471 1156 3470 406 1157 3471 468 1157 3472 576 1157 3473 481 1165 3495 491 1165 3496 523 1165 3497 599 1166 3498 532 1166 3499 530 1166 3500 523 1167 3501 526 1167 3502 483 1167 3503 501 1169 3507 496 1169 3508 505 1169 3509 614 1170 3510 621 1170 3511 540 1170 3512 621 1171 3513 617 1171 3514 538 1171 3515 484 1172 3516 483 1172 3517 616 1172 3518 612 1173 3519 614 1173 3520 494 1173 3521 611 1174 3522 503 1174 3523 528 1174 3524 504 1175 3525 502 1175 3526 509 1175 3527 531 1177 3531 529 1177 3532 530 1177 3533 597 1180 3540 517 1180 3541 524 1180 3542 506 1181 3543 542 1181 3544 494 1181 3545 479 1182 3546 530 1182 3547 486 1182 3548 427 1183 3549 595 1183 3550 514 1183 3551 522 1184 3552 525 1184 3553 526 1184 3554 499 1185 3555 502 1185 3556 527 1185 3557 516 1186 3558 518 1186 3559 526 1186 3560 608 1188 3564 495 1188 3565 537 1188 3566 534 1189 3567 531 1189 3568 533 1189 3569 489 1190 3570 493 1190 3571 541 1190 3572 607 1191 3573 504 1191 3574 545 1191 3575 536 1192 3576 534 1192 3577 535 1192 3578 508 1193 3579 505 1193 3580 490 1193 3581 529 1195 3585 539 1195 3586 538 1195 3587 605 1196 3588 545 1196 3589 495 1196 3590 482 1198 3594 500 1198 3595 507 1198 3596 507 1199 3597 508 1199 3598 492 1199 3599 492 1200 3600 490 1200 3601 521 1200 3602 499 1201 3603 503 1201 3604 542 1201 3605 509 1202 3606 506 1202 3607 493 1202 3608 534 1203 3609 536 1203 3610 541 1203 3611 495 1205 3615 489 1205 3616 536 1205 3617 481 1206 3618 484 1206 3619 620 1206 3620 500 1207 3621 501 1207 3622 508 1207 3623 516 1209 3627 525 1209 3628 524 1209 3629 491 1210 3630 492 1210 3631 522 1210 3632 600 1212 3636 524 1212 3637 521 1212 3638 485 1213 3639 481 1213 3640 615 1213 3641 501 1214 3642 500 1214 3643 513 1214 3644 526 1215 3645 518 1215 3646 480 1215 3647 502 1216 3648 499 1216 3649 506 1216 3650 616 1217 3651 619 1217 3652 618 1217 3653 529 1218 3654 531 1218 3655 534 1218 3656 493 1219 3657 494 1219 3658 540 1219 3659 482 1220 3660 485 1220 3661 613 1220 3662 596 1221 3663 533 1221 3664 532 1221 3665 617 1222 3666 618 1222 3667 486 1222 3668 594 1224 3672 527 1224 3673 504 1224 3674 540 1225 3675 538 1225 3676 539 1225 3677 483 1228 3684 480 1228 3685 619 1228 3686 518 1229 3687 516 1229 3688 515 1229 3689 545 1230 3690 509 1230 3691 489 1230 3692 485 1233 3699 507 1233 3700 491 1233 3701 521 1235 3705 524 1235 3706 525 1235 3707 581 1239 3717 552 1239 3718 555 1239 3719 583 1240 3720 556 1240 3721 552 1240 3722 587 1241 3723 557 1241 3724 554 1241 3725 584 1242 3726 554 1242 3727 553 1242 3728 588 1243 3729 553 1243 3730 556 1243 3731 403 1244 3732 589 1244 3733 582 1244 3734 405 1246 3738 585 1246 3739 589 1246 3740 477 1248 3744 586 1248 3745 585 1248 3746 586 1249 3747 587 1249 3748 584 1249 3749 469 1250 3750 582 1250 3751 580 1250 3752 401 1252 3756 580 1252 3757 579 1252 3758 580 1253 3759 581 1253 3760 578 1253 3761 570 1254 3762 577 1254 3763 473 1254 3764 571 1255 3765 576 1255 3766 577 1255 3767 572 1256 3768 574 1256 3769 467 1256 3770 573 1257 3771 575 1257 3772 574 1257 3773 559 1258 3774 566 1258 3775 430 1258 3776 558 1259 3777 567 1259 3778 566 1259 3779 467 1260 3780 574 1260 3781 563 1260 3782 575 1261 3783 562 1261 3784 563 1261 3785 560 1262 3786 578 1262 3787 555 1262 3788 561 1263 3789 579 1263 3790 578 1263 3791 566 1264 3792 565 1264 3793 428 1264 3794 567 1265 3795 564 1265 3796 565 1265 3797 587 1266 3798 559 1266 3799 425 1266 3800 586 1267 3801 558 1267 3802 559 1267 3803 569 1268 3804 564 1268 3805 410 1268 3806 568 1269 3807 565 1269 3808 564 1269 3809 561 1270 3810 562 1270 3811 417 1270 3812 560 1271 3813 563 1271 3814 562 1271 3815 571 1272 3816 569 1272 3817 408 1272 3818 570 1273 3819 568 1273 3820 569 1273 3821 577 1274 3822 572 1274 3823 458 1274 3824 576 1275 3825 573 1275 3826 572 1275 3827 611 1282 3846 612 1282 3847 542 1282 3848 610 1283 3849 613 1283 3850 612 1283 3851 490 1284 3852 609 1284 3853 602 1284 3854 609 1285 3855 608 1285 3856 603 1285 3857 496 1286 3858 606 1286 3859 604 1286 3860 606 1287 3861 607 1287 3862 605 1287 3863 515 1288 3864 598 1288 3865 478 1288 3866 598 1289 3867 599 1289 3868 479 1289 3869 496 1290 3870 514 1290 3871 595 1290 3872 595 1291 3873 594 1291 3874 607 1291 3875 482 1292 3876 610 1292 3877 427 1292 3878 610 1293 3879 611 1293 3880 414 1293 3881 517 1294 3882 597 1294 3883 598 1294 3884 597 1295 3885 596 1295 3886 599 1295 3887 519 1296 3888 478 1296 3889 619 1296 3890 478 1297 3891 479 1297 3892 618 1297 3893 533 1298 3894 596 1298 3895 601 1298 3896 596 1299 3897 597 1299 3898 600 1299 3899 527 1300 3900 594 1300 3901 414 1300 3902 594 1301 3903 595 1301 3904 427 1301 3905 535 1302 3906 601 1302 3907 603 1302 3908 601 1303 3909 600 1303 3910 602 1303 3911 505 1304 3912 604 1304 3913 609 1304 3914 604 1305 3915 605 1305 3916 608 1305 3917 635 1324 3972 275 1324 3973 650 1324 3974 281 1328 3984 645 1328 3985 650 1328 3986 211 1329 3987 205 1329 3988 653 1329 3989 652 1330 3990 646 1330 3991 648 1330 3992 211 1331 3993 643 1331 3994 645 1331 3995 639 1332 3996 647 1332 3997 653 1332 3998 635 1333 3999 649 1333 4000 647 1333 4001 644 1334 4002 645 1334 4003 643 1334 4004 648 1335 4005 649 1335 4006 650 1335 4007 649 1336 4008 648 1336 4009 646 1336 4010 646 1337 4011 652 1337 4012 653 1337 4013 642 1338 4014 643 1338 4015 653 1338 4016 650 1339 4017 645 1339 4018 644 1339 4019 652 1340 4020 651 1340 4021 644 1340 4022</p>
        </triangles>
      </mesh>
    </geometry>
  </library_geometries>
  <library_visual_scenes>
    <visual_scene id="Scene" name="Scene">
      <node id="Cube" name="Cube" type="NODE">
        <matrix sid="transform">1 0 0 0 0 1 0 0 0 0 1 0 0 0 0 1</matrix>
        <instance_geometry url="#Cube-mesh" name="Cube">
          <bind_material>
            <technique_common>
              <instance_material symbol="Paintable-0-material" target="#Paintable-0-material">
                <bind_vertex_input semantic="UVMap" input_semantic="TEXCOORD" input_set="0"/>
              </instance_material>
              <instance_material symbol="Paintable-1-material" target="#Paintable-1-material">
                <bind_vertex_input semantic="UVMap" input_semantic="TEXCOORD" input_set="0"/>
              </instance_material>
            </technique_common>
          </bind_material>
        </instance_geometry>
      </node>
    </visual_scene>
  </library_visual_scenes>
  <scene>
    <instance_visual_scene url="#Scene"/>
  </scene>
</COLLADA>