<?xml version="1.0" encoding="utf-8"?>
<COLLADA xmlns="http://www.collada.org/2005/11/COLLADASchema" version="1.4.1" xmlns:xsi="http://www.w3.org/2001/XMLSchema-instance">
  <asset>
    <contributor>
      <author>Blender User</author>
      <authoring_tool>Blender 4.2.23 LTS commit date:2026-07-20, commit time:13:44, hash:d0cbe84903e8</authoring_tool>
    </contributor>
    <created>2026-08-08T20:40:55</created>
    <modified>2026-08-08T20:40:55</modified>
    <unit name="meter" meter="1"/>
    <up_axis>Z_UP</up_axis>
  </asset>
  <library_effects>
    <effect id="Paintable-0-effect">
      <profile_COMMON>
        <technique sid="common">
          <lambert>
            <emission>
              <color sid="emission">0 0 0 1</color>
            </emission>
            <diffuse>
              <color sid="diffuse">1 0.4969335 0 1</color>
            </diffuse>
            <index_of_refraction>
              <float sid="ior">1.45</float>
            </index_of_refraction>
          </lambert>
        </technique>
      </profile_COMMON>
    </effect>
    <effect id="Paintable-1-effect">
      <profile_COMMON>
        <technique sid="common">
          <lambert>
            <emission>
              <color sid="emission">0 0 0 1</color>
            </emission>
            <diffuse>
              <color sid="diffuse">0.6104922 0.4910214 0 1</color>
            </diffuse>
            <index_of_refraction>
              <float sid="ior">1.5</float>
            </index_of_refraction>
          </lambert>
        </technique>
      </profile_COMMON>
    </effect>
  </library_effects>
  <library_images/>
  <library_materials>
    <material id="Paintable-0-material" name="Paintable-0">
      <instance_effect url="#Paintable-0-effect"/>
    </material>
    <material id="Paintable-1-material" name="Paintable-1">
      <instance_effect url="#Paintable-1-effect"/>
    </material>
  </library_materials>
  <library_geometries>
    <geometry id="Cube-mesh" name="Cube">
      <mesh>
        <source id="Cube-mesh-positions">
          <float_array id="Cube-mesh-positions-array" count="1554">-0.25 -0.375 -0.125 -0.25 -0.375 -0.07499998 -0.25 0.125 -0.125 -0.25 0.125 -0.115 -0.25 -0.375 -0.115 -0.24 0.125 -0.125 -0.24 -0.375 -0.125 -0.24 -0.375 -0.07499998 -0.24 0.125 -0.115 -0.24 -0.375 -0.115 -0.25 0.115 -0.125 -0.25 0.115 -0.07499998 -0.24 0.115 -0.07499998 -0.24 0.115 -0.125 -0.25 0.115 -0.115 -0.24 0.115 -0.115 -0.24 -0.125 -0.07499998 -0.25 -0.125 -0.125 -0.25 -0.375 -0.08499997 -0.24 -0.375 -0.08499997 -0.24 0.115 -0.08499997 -0.25 0.115 -0.08499997 -0.25 0.125 -0.08499997 -0.24 0.125 -0.08499997 -0.24 -0.125 -0.125 -0.24 -0.125 -0.115 -0.25 -0.125 -0.07499998 -0.25 -0.125 -0.115 -0.25 -0.125 -0.08499997 -0.24 -0.125 -0.08499997 -0.2399998 -0.3249999 0.02499997 -0.2499999 -0.3249999 0.02499997 -0.25 -0.275 -0.125 0.25 0.1250004 -0.125 -0.24 -0.275 -0.125 -0.24 -0.275 -0.115 -0.25 -0.275 -0.07499998 -0.25 -0.275 -0.115 -0.25 -0.275 -0.08499997 -0.24 -0.275 -0.08499997 -0.2399998 -0.275 0.02499997 -0.2499999 -0.275 0.02499997 0.25 -0.3749996 -0.125 -0.2399997 -0.375 0.375 -0.2499997 -0.375 0.375 -0.2499997 -0.325 0.375 -0.2399997 -0.325 0.375 -0.2117156 0.125 -0.125 -0.2299999 -0.375 -0.125 -0.2299999 -0.375 -0.115 -0.2299999 0.115 -0.125 -0.2299999 -0.125 -0.115 -0.2299999 -0.125 -0.125 -0.2299999 -0.275 -0.115 -0.2299999 -0.275 -0.125 0.2499998 -0.3649999 0.625 -0.2499998 -0.2764286 0.03499996 -0.2399998 -0.2764286 0.03499996 -0.2399998 -0.3264285 0.03499996 0.2499998 -0.375 0.625 -0.2499998 -0.3264285 0.03499996 -0.2299997 -0.3649999 0.375 -0.2299998 -0.3149999 0.02499991 -0.2299997 -0.3749999 0.375 -0.2299998 -0.3249999 0.02499991 -0.2299997 -0.3749999 0.625 -0.2299998 -0.3264285 0.0349999 -0.2299998 -0.3164285 0.0349999 -0.2499997 -0.3649999 0.625 -0.2399998 -0.275 -0.07499998 0.25 0.125 -0.115 0.25 -0.375 -0.115 -0.17 0.125 -0.125 0.24 0.125 -0.125 0.24 -0.375 -0.125 -0.17 -0.375 -0.125 0.24 0.125 -0.115 -0.17 -0.375 -0.115 0.24 -0.375 -0.115 0.25 0.1150004 -0.125 0.25 0.115 -0.07499998 0.24 0.115 -0.07499998 0.24 0.115 -0.125 -0.17 0.115 -0.125 0.25 0.115 -0.115 0.24 0.115 -0.115 0.25 -0.1249996 -0.125 0.25 -0.375 -0.08499997 0.24 -0.375 -0.08499997 0.24 0.115 -0.08499997 0.25 0.115 -0.08499997 0.25 0.125 -0.08499997 0.24 0.125 -0.08499997 0.24 -0.125 -0.125 -0.17 -0.125 -0.125 0.24 -0.125 -0.115 0.25 -0.125 -0.115 0.25 -0.125 -0.08499997 0.24 -0.125 -0.08499997 0.25 -0.2749996 -0.125 0.24 -0.275 -0.125 -0.17 -0.275 -0.125 -0.17 -0.275 -0.115 0.24 -0.275 -0.115 0.25 -0.275 -0.115 0.25 -0.275 -0.08499997 0.24 -0.275 -0.08499997 -0.2399998 -0.3249999 -0.02499997 -0.2499999 -0.3249999 -0.02499997 -0.2399998 -0.275 -0.02499997 0.2399998 -0.375 0.375 0.2499998 -0.375 0.375 0.2499998 -0.325 0.375 0.2399998 -0.325 0.375 0.2117157 0.125 -0.125 0.23 -0.375 -0.125 0.23 -0.375 -0.115 0.23 0.115 -0.125 0.23 -0.125 -0.115 0.23 -0.125 -0.125 0.23 -0.275 -0.115 0.23 -0.275 -0.125 -0.2399999 -0.2 -0.02499997 -0.2499999 -0.2 -0.02499997 -0.2299997 -0.3649999 0.625 0.2499999 -0.2764286 0.03499996 0.2399999 -0.2764286 0.03499996 -0.2399997 -0.3649999 0.625 0.2399999 -0.3264285 0.03499996 0.2399998 -0.3649999 0.625 0.2499999 -0.3264285 0.03499996 0.2299998 -0.3649999 0.375 0.2299999 -0.3149999 0.02499991 0.2299998 -0.3749999 0.375 0.2299999 -0.3249999 0.02499991 0.2299998 -0.3649999 0.625 0.2299999 -0.3264285 0.0349999 0.2299998 -0.3164285 0.0349999 -0.2499999 -0.275 -0.02499997 -0.2299999 0.135 -0.05690169 -0.17 -0.1500034 -0.03499996 -0.17 0.145 -0.09499996 -0.2117156 0.125 -0.115 0.2117157 0.125 -0.115 -0.2199999 -0.1500034 -0.03499996 -0.2299999 -0.1500034 -0.04500001 -0.2299999 0.115 -0.03499996 -0.17 0.145 -0.04672878 -0.17 0.125 -0.115 0.23 -0.1500034 -0.04500001 0.22 -0.1500034 -0.03499996 -0.17 0.115 -0.115 -0.17 0.1232712 -0.02499997 -0.17 -0.275 -0.03499996 -0.17 -0.2650001 -0.02499997 -0.2299999 -0.275 -0.03499996 -0.2199999 -0.2650001 -0.02499997 0.22 -0.2650001 -0.02499997 0.23 -0.275 -0.03499996 -0.2199999 0.123202 -0.02499997 -0.2199999 0.145 -0.04679793 -0.2299999 0.135 -0.09499996 -0.2299999 0.115 -0.115 -0.2199999 0.145 -0.09499996 0.23 0.135 -0.05690169 0.23 0.115 -0.03499996 0.22 0.145 -0.04679793 0.22 0.123202 -0.02499997 0.22 0.145 -0.09499996 0.23 0.115 -0.115 0.23 0.135 -0.09499996 0.17 -0.375 -0.125 0.17 -0.275 -0.115 -0.2499999 -0.35 -0.02499997 0.17 0.125 -0.125 0.17 -0.375 -0.115 0.17 0.115 -0.125 0.17 -0.125 -0.125 0.17 -0.275 -0.125 -0.2399999 -0.35 -0.02499997 0.17 -0.1500034 -0.03499996 0.17 -0.275 -0.03499996 0.17 -0.2650001 -0.02499997 0.17 0.145 -0.04676336 0.17 0.1232366 -0.02499997 0.17 0.145 -0.09499996 0.17 0.115 -0.115 0.17 0.125 -0.115 -0.25 -0.1000018 -0.07499998 -0.25 -0.1000018 -0.115 -0.24 -0.1000019 -0.125 -0.24 -0.1000019 -0.07499998 -0.25 -0.1000019 -0.125 -0.25 -0.1000018 -0.08499997 -0.24 -0.1000018 -0.08499997 -0.24 -0.1000019 -0.115 -0.2299999 -0.1000019 -0.125 0.25 -0.1000019 -0.07499998 -0.17 -0.1000018 -0.125 0.25 -0.1000018 -0.115 0.24 -0.1000019 -0.125 0.24 -0.1000019 -0.07499998 0.25 -0.1000014 -0.125 0.25 -0.1000018 -0.08499997 0.24 -0.1000018 -0.08499997 0.24 -0.1000019 -0.115 0.23 -0.1000019 -0.125 0.23 -0.1000019 -0.115 -0.2299999 -0.1000019 -0.115 -0.2299999 -0.07500529 -0.04499995 0.22 -0.07500529 -0.03499996 0.23 -0.07500529 -0.04499995 -0.17 -0.07497072 -0.03499996 -0.2199999 -0.07500529 -0.03499996 0.17 -0.07498764 -0.03499996 0.17 -0.1000018 -0.125 -0.25 -0.3249999 -0.07499998 -0.25 -0.3249999 -0.115 -0.25 -0.3249999 -0.08499997 -0.24 -0.3249999 -0.08499997 -0.2499999 -0.3149999 0.02499997 -0.25 -0.3249999 -0.125 -0.24 -0.3249999 -0.125 -0.24 -0.3249999 -0.115 -0.2399998 -0.3149999 0.02499997 -0.2499997 -0.3649999 0.375 -0.2399997 -0.3649999 0.375 -0.2299999 -0.3249999 -0.125 -0.2299999 -0.3249999 -0.115 -0.2499998 -0.3164285 0.03499996 -0.2399997 -0.375 0.625 -0.2399998 -0.3164285 0.03499996 -0.2499997 -0.375 0.625 -0.2399998 -0.3249999 -0.07499998 0.25 -0.3249999 -0.115 0.25 -0.3249999 -0.08499997 0.24 -0.3249999 -0.08499997 0.25 -0.3249995 -0.125 0.24 -0.3249999 -0.125 -0.17 -0.3249999 -0.125 -0.17 -0.3249999 -0.115 0.24 -0.3249999 -0.115 0.2499998 -0.3649999 0.375 0.2399998 -0.3649999 0.375 0.23 -0.3249999 -0.125 0.23 -0.3249999 -0.115 0.2499999 -0.3164285 0.03499996 0.2399998 -0.375 0.625 0.2399999 -0.3164285 0.03499996 0.2299998 -0.3749999 0.625 0.17 -0.3249999 -0.115 0.17 -0.3249999 -0.125 -0.275 -0.3249999 -0.07499998 -0.275 -0.275 -0.07499998 -0.3399999 -0.2586841 0.165 -0.325 -0.3249999 -0.07499998 -0.325 -0.275 -0.07499998 -0.3399999 -0.2586841 0.125 -0.3499999 -0.185 0.135 -0.3399999 -0.185 0.125 -0.3499999 0 0.135 -0.3399999 0 0.125 -0.3399999 -0.185 0.165 -0.3499999 -0.185 0.155 -0.3399999 0 0.165 -0.3499999 0 0.155 -0.3399999 0.01999998 0.165 -0.3399999 0.02999997 0.155 -0.3499999 0.01999998 0.155 -0.3399999 0.02999997 0.135 0.3249999 -0.285 0.135 -0.3499999 0.01999998 0.135 -0.3399999 -0.285 0.135 -0.3399999 -0.285 0.155 -0.2499999 0 0.135 -0.2499999 0 0.155 -0.2599999 0 0.165 -0.2499999 -0.185 0.135 -0.2499999 -0.185 0.155 -0.2599999 -0.185 0.165 -0.325 -0.275 -0.02499997 -0.2599999 0.02999997 0.135 -0.2499999 0.01999998 0.135 0.275 -0.285 0.135 -0.2599999 0.01999998 0.165 -0.2499999 0.01999998 0.155 -0.2599999 0.02999997 0.155 -0.2599999 -0.285 0.155 -0.2599999 -0.285 0.135 0.25 -0.375 -0.07499998 0.24 -0.375 -0.07499998 0.24 -0.125 -0.07499998 0.25 -0.125 -0.07499998 0.2399998 -0.3249999 0.02499997 0.2499999 -0.3249999 0.02499997 0.2399998 -0.275 0.02499997 0.2499999 -0.275 0.02499997 0.2399998 -0.275 -0.07499998 0.2399998 -0.3249999 -0.02499997 0.2399998 -0.275 -0.02499997 0.2399999 -0.2 -0.02499997 0.2499999 -0.2 -0.02499997 0.2499999 -0.35 -0.02499997 0.2399999 -0.35 -0.02499997 0.2499999 -0.3149999 0.02499997 0.2399998 -0.3149999 0.02499997 0.2399998 -0.3249999 -0.07499998 -0.275 -0.275 -0.02499997 -0.275 -0.3249999 -0.02499997 -0.325 -0.3249999 -0.02499997 -0.3499999 -0.2586841 0.155 -0.2499999 -0.2586841 0.155 -0.2499999 -0.2586841 0.135 -0.3499999 -0.2586841 0.135 -0.2599999 -0.2586841 0.165 -0.3399999 -0.275 0.165 -0.3399999 -0.275 0.125 -0.3499999 -0.275 0.155 -0.2499999 -0.275 0.155 -0.2499999 -0.275 0.135 -0.3499999 -0.275 0.135 -0.275 -0.2586841 0.115 -0.3249999 -0.2586841 0.115 -0.2599999 -0.275 0.165 -0.3399999 -0.2086842 0.165 -0.3399999 -0.2086842 0.125 -0.3499999 -0.2086842 0.135 -0.2499999 -0.2086842 0.155 -0.2499999 -0.2086842 0.135 -0.2599999 -0.2086842 0.165 -0.3499999 -0.2086842 0.155 -0.275 -0.2086842 0.115 -0.3249999 -0.2086842 0.115 -0.3399999 0.01999998 0.125 0.275 0.02999997 0.135 0.3249999 0.02999997 0.135 0.2599999 0.01999998 0.125 0.2599999 -0.2086842 0.125 0.2599999 -0.275 0.125 0.2599999 0 0.125 0.2599999 -0.185 0.125 0.2599999 -0.2586841 0.125 0.3399999 0.01999998 0.125 0.3249999 -0.2086842 0.115 0.275 -0.2086842 0.115 0.3499999 -0.2086842 0.155 0.2599999 -0.2086842 0.165 0.2499999 -0.2086842 0.135 0.2499999 -0.2086842 0.155 0.3499999 -0.2086842 0.135 0.3399999 -0.2086842 0.125 0.3399999 -0.2086842 0.165 0.2599999 -0.275 0.165 0.3249999 -0.2586841 0.115 0.275 -0.2586841 0.115 0.3499999 -0.275 0.135 0.2499999 -0.275 0.135 0.2499999 -0.275 0.155 0.3499999 -0.275 0.155 0.3399999 -0.275 0.125 0.3399999 -0.275 0.165 0.2599999 -0.2586841 0.165 0.3499999 -0.2586841 0.135 0.2499999 -0.2586841 0.135 0.2499999 -0.2586841 0.155 0.3499999 -0.2586841 0.155 0.325 -0.3249999 -0.02499997 0.275 -0.3249999 -0.02499997 0.275 -0.275 -0.02499997 0.2599999 -0.285 0.135 0.2599999 -0.285 0.155 0.2599999 0.02999997 0.155 0.2499999 0.01999998 0.155 0.2599999 0.01999998 0.165 0.2499999 0.01999998 0.135 0.2599999 0.02999997 0.135 0.325 -0.275 -0.02499997 0.2599999 -0.185 0.165 0.2499999 -0.185 0.155 0.2499999 -0.185 0.135 0.2599999 0 0.165 0.2499999 0 0.155 0.2499999 0 0.135 0.3399999 -0.285 0.155 0.3399999 -0.285 0.135 0.3499999 0.01999998 0.135 0.3399999 0.02999997 0.135 0.3499999 0.01999998 0.155 0.3399999 0.02999997 0.155 0.3399999 0.01999998 0.165 0.3499999 0 0.155 0.3399999 0 0.165 0.3499999 -0.185 0.155 0.3399999 -0.185 0.165 0.3399999 0 0.125 0.3499999 0 0.135 0.3399999 -0.185 0.125 0.3499999 -0.185 0.135 0.3399999 -0.2586841 0.125 0.325 -0.275 -0.07499998 0.325 -0.3249999 -0.07499998 0.3399999 -0.2586841 0.165 0.275 -0.275 -0.07499998 0.275 -0.3249999 -0.07499998 0.25 -0.3249999 -0.07499998 0.2499999 -0.275 -0.02499997 0.2499999 -0.3249999 -0.02499997 0.25 -0.275 -0.07499998 -0.2599999 -0.2586841 0.125 -0.2599999 -0.185 0.125 -0.2599999 0 0.125 -0.2599999 -0.275 0.125 -0.2599999 -0.2086842 0.125 -0.2599999 0.01999998 0.125 -0.3249999 0.02999997 0.135 -0.275 0.02999997 0.135 -0.275 -0.285 0.135 -0.3249999 -0.285 0.135 -0.3249999 -0.285 0.155 -0.275 -0.285 0.155 -0.3249999 0.01999998 0.165 -0.275 0.01999998 0.165 -0.275 0.02999997 0.155 -0.3249999 0.02999997 0.155 -0.275 0 0.165 -0.3249999 0 0.165 -0.275 -0.185 0.165 -0.3249999 -0.185 0.165 -0.275 -0.2586841 0.165 -0.3249999 -0.2586841 0.165 -0.275 -0.275 0.165 -0.3249999 -0.275 0.165 -0.3249999 -0.2086842 0.165 -0.275 -0.2086842 0.165 -0.275 -0.275 0.125 -0.3249999 -0.275 0.125 -0.3249999 -0.2586841 0.125 -0.275 -0.2586841 0.125 -0.3249999 -0.2086842 0.125 -0.275 -0.2086842 0.125 -0.275 0 0.125 -0.3249999 0 0.125 -0.3249999 0.01999998 0.125 -0.275 0.01999998 0.125 -0.275 -0.185 0.125 -0.3249999 -0.185 0.125 -0.275 0 0.115 -0.3249999 0 0.115 -0.275 -0.185 0.115 -0.3249999 -0.185 0.115 0.3249999 -0.285 0.155 0.275 -0.285 0.155 0.3249999 0.01999998 0.165 0.275 0.01999998 0.165 0.275 0.02999997 0.155 0.3249999 0.02999997 0.155 0.275 0 0.165 0.3249999 0 0.165 0.275 -0.185 0.165 0.3249999 -0.185 0.165 0.275 -0.2586841 0.165 0.3249999 -0.2586841 0.165 0.275 -0.275 0.165 0.3249999 -0.275 0.165 0.3249999 -0.2086842 0.165 0.275 -0.2086842 0.165 0.275 -0.275 0.125 0.3249999 -0.275 0.125 0.3249999 -0.2586841 0.125 0.275 -0.2586841 0.125 0.3249999 -0.2086842 0.125 0.275 -0.2086842 0.125 0.275 0 0.125 0.3249999 0 0.125 0.3249999 0.01999998 0.125 0.275 0.01999998 0.125 0.275 -0.185 0.125 0.3249999 -0.185 0.125 0.275 0 0.115 0.3249999 0 0.115 0.275 -0.185 0.115 0.3249999 -0.185 0.115 0.2499998 -0.325 0.615 -0.2499997 -0.3649999 0.615 0.2499998 -0.375 0.615 -0.2499997 -0.325 0.615 -0.2399997 -0.3649999 0.615 -0.2299997 -0.3749999 0.615 0.2399998 -0.375 0.615 0.2299998 -0.3749999 0.615 -0.2399997 -0.375 0.615 0.2299998 -0.3649999 0.615 -0.2499997 -0.375 0.615 0.2399998 -0.3649999 0.615 -0.2399997 -0.325 0.615 -0.2299997 -0.3649999 0.615 0.2399998 -0.325 0.615 0.2499998 -0.3649999 0.615 -0.1999998 -0.2216762 0.07884049 -0.2299998 -0.247132 0.0448994 0.1999999 -0.2216762 0.07884049 0.2299998 -0.247132 0.0448994 -0.1999997 -0.2649999 0.585 -0.2299997 -0.2949999 0.615 0.1999998 -0.2649999 0.585 0.2299998 -0.2949999 0.615 0.2299998 -0.2949999 0.3799747 0.1999998 -0.2649999 0.3821067 -0.1999997 -0.2649999 0.3821067 -0.2299997 -0.2949999 0.3799746 0.2499998 -0.325 0.615 0.2499998 -0.335 0.625 0.2399998 -0.335 0.625 0.2399998 -0.325 0.615 -0.2399997 -0.325 0.615 -0.2399997 -0.335 0.625 -0.2499997 -0.335 0.625 -0.2499997 -0.325 0.615</float_array>
          <technique_common>
            <accessor source="#Cube-mesh-positions-array" count="518" stride="3">
              <param name="X" type="float"/>
              <param name="Y" type="float"/>
              <param name="Z" type="float"/>
            </accessor>
          </technique_common>
        </source>
        <source id="Cube-mesh-normals">
          <float_array id="Cube-mesh-normals-array" count="3150">1 0 0 0 1 0 0 -1 0 0 -1 0 -1 0 0 5.16605e-7 0.5547003 0.8320502 0 1 0 -7.45057e-7 0 1 0 0 1 0 -1 0 1 0 0 -1 -1.78814e-6 -1.49012e-5 0 0 -1 -2.63418e-7 4.8164e-7 1 0 0 -1 0 0 -1 -1 0 0 -1 0 0 -1 0 0 5.14489e-7 0.7071071 0.7071066 -1 0 0 -1 0 0 -1 0 0 1 0 0 0 -1 0 0 1 0 -1 0 0 -1 0 0 -1 0 0 1 0 0 -7.45057e-7 0 1 0 0 -1 0 0 -1 7.45059e-7 0 1 -1 0 -3.50616e-7 1 5.96046e-7 0 2.0825e-7 -0.8944269 0.4472141 -1 0 0 -1 0 8.9407e-7 1 0 0 -1 0 0 -1 0 0 -1 0 0 1 5.96046e-7 0 1 0 0 -7.45057e-7 0 1 0 0 -1 0 0 -1 -1 0 0 -1 0 0 1 0 0 -1 0 8.9407e-7 1 0 0 5.16605e-7 0.5547003 0.8320503 -1 3.7253e-7 3.60007e-7 5.90056e-6 -0.9899495 -0.1414215 1.08466e-6 0.9899495 0.1414213 0 -0.9899495 -0.1414216 0 0 -1 0 0.9899494 0.1414217 1 0 -3.06789e-7 0 0 -1 0 0 -1 0 0 -1 0 0 -1 -1 0 0 0 -1 0 0 1 0 1 0 0 2.98024e-6 -1 0 -1 0 4.47035e-6 0 0 1 0 0.9899495 0.1414215 0 -0.9899494 -0.1414216 0 1 0 1 0 -4.47035e-6 -5.96047e-6 -1 0 1 0 3.50616e-7 3.73647e-6 0.9899495 0.1414217 0 0.9899495 0.1414213 -1 0 0 -5.58794e-6 0 -1 -8.42939e-7 -0.9899495 -0.1414215 0 0 1 -1 2.38436e-6 -5.96047e-6 0 1 0 4.17233e-5 -1 0 0 -1 0 1 0 0 1 0 8.9407e-7 -4.32134e-5 1 4.32134e-5 7.45057e-7 0 1 1 -1.78813e-6 0 0 -1 0 -1 0 0 0 0 -1 0 0 1 2.63417e-7 4.81641e-7 1 0 0 -1 0 0 -1 1 0 0 1 0 0 1 0 0 -5.26836e-7 0.7071071 0.7071066 1 0 0 1 0 0 1 0 0 -1 0 0 0 -1 0 0 1 0 1 0 0 1 0 5.96047e-6 1 0 0 -1 0 0 7.45057e-7 0 1 0 0 -1 0 0 -1 -7.45059e-7 0 1 -1 -1.49012e-6 1.37742e-7 -6.19925e-7 0.5547002 0.8320503 -3.332e-7 -0.894427 0.4472141 -6.19926e-7 0.5547003 0.8320503 -1 5.96046e-7 0 1 0 0 1 0 5.96047e-6 1 0 0 -1 5.96046e-7 -5.96047e-6 -1 0 0 7.45057e-7 0 1 0 0 -1 0 0 -1 1 0 5.96047e-6 1 0 0 -1 0 0 -1 0 0 1 -1.78814e-6 0 3.332e-7 -0.8944269 0.4472141 1 0 3.50616e-7 0 -0.9899495 -0.1414213 -9.48302e-7 0.9899495 0.1414213 0 0 -1 0 0 -1 0 0 -1 0 0 -1 0 0 -1 1 5.96046e-7 0 0 -1 0 0 1 0 1 0 -1.49012e-6 0 0 1 0 0.9899495 0.1414215 0 1 0 0 -0.9899495 -0.1414215 -1 0 2.98023e-6 0 -1 0 -1 0 0 -9.48324e-7 0.9899491 0.1414245 0 -0.9899495 -0.1414213 5.96047e-6 -1 0 5.96051e-6 0 -1 8.37329e-7 -0.9899495 -0.1414215 1 0 0 0 0.9899495 0.1414213 0 1 0 1 0 0 1 0 0 -9.77806e-4 0.7071064 0.7071066 0 0.08663213 0.9962404 0 0.08663213 0.9962404 0 0 -1 -1 0 0 -0.7071073 0.7071062 0 -0.789668 0.4338343 0.4338343 0 0 -1 0.7326802 0.0542739 0.6784055 3.48437e-5 -0.05038809 0.9987297 -2.46664e-7 0.7071068 -0.7071068 0 -1 0 -0.5000001 0.4999994 -0.7071071 0.7071073 0.7071062 0 -2.50848e-6 -0.0503838 0.99873 -0.7057742 0.06137335 0.7057734 -0.7066179 -0.0371893 0.7066174 0.7071071 0 0.7071065 0 -0.7071071 0.7071065 0 -0.7071072 0.7071064 0 -1 0 0.3606956 0.6595069 -0.6595069 0.789668 0.4338343 0.4338343 7.19047e-5 0.7071067 0.7071068 0 0.7071065 -0.7071071 0 1 0 1 0 0 -1 0 0 0 1 0 0 0.7071065 -0.707107 4.89008e-4 0.7071068 0.7071067 0 -1 0 0 -0.7071072 0.7071064 -1.7795e-5 -0.05038809 0.9987297 0 0 -1 0 0.08663213 0.9962404 0 -1 0 0 0 -1 0 0 1 0 0 -1 0 0 -1 0 0 -1 0 1 0 0 0 -1 0 0 1 1 0 0 0.6915547 -0.03639656 0.7214066 -0.7071072 0 0.7071064 0 0 1 0 0 1 -1 0 0 0 0 -1 -7.45059e-7 0 1 0 0 -1 0 0 -1 7.45057e-7 0 1 -1 0 0 1 0 0 1 -2.38437e-6 5.96047e-6 1 0 0 -1 0 0 0 0 -1 7.45059e-7 0 1 0 0 -1 0 0 -1 -7.45057e-7 0 1 1 0 0 -1 0 0 -1 0 0 -1 0 0 1 0 0 0 0 -1 0 0 -1 0 0 1 -2.16933e-6 -0.9899495 -0.1414213 1 0 -1.49012e-6 0 0 1 0 0 -1 0 0 -1 0 0 -1 7.45057e-7 0 1 -1 0 0 -1 0 -1.49012e-5 -2.98024e-6 -1 0 1 0 8.9407e-7 -1 0 5.96046e-7 2.10734e-6 -0.9899495 -0.1414213 -1 0 5.96047e-6 0 0 1 0 0 -1 0 0 -1 0 0 -1 -7.45057e-7 0 1 1 0 0 1 0 -8.9407e-6 0 1 0 -1 0 8.9407e-7 -1 0 5.96046e-7 1 -1.78814e-6 -8.9407e-6 0 0.9037378 -0.4280865 -1.19209e-6 1 0 3.72528e-7 0 1 0 -1 0 0 -1 -5.96046e-7 -5.96046e-7 0 -1 -1.49012e-7 1.49012e-7 -1 0 0 1 0 0 1 -0.57735 -0.5773509 -0.57735 0 -1 0 1 0 0 -1 0 0 -1 0 0 1 0 0 0.7071068 0 0.7071068 0 0 1 -0.5773504 0.5773499 0.5773504 -0.5773507 0.5773502 -0.5773499 -0.5773506 -0.5773506 -0.5773497 -0.5773503 -0.5773503 0.5773503 0.5773502 0.5773505 -0.5773502 0.5773502 0.5773505 0.5773502 0.57735 -0.5773509 0.57735 0.57735 -0.5773509 -0.57735 0 0.707107 -0.7071066 0 0.7071065 0.7071071 0 -0.7071073 -0.7071063 0 -0.7071068 0.7071068 -1 0 0 -0.7071073 0 -0.7071063 -0.7071068 0 0.7071068 -0.7071071 0.7071065 0 -0.7071068 0 0.7071068 -0.7071073 0 -0.7071063 -0.7071068 -0.7071068 0 0.7071068 0 -0.7071068 0.7071068 0 -0.7071068 0.7071068 0 0.7071068 0.7071066 0.707107 0 0.7071068 0 -0.7071068 0.7071068 0 0.7071068 0.7071062 -0.7071073 0 0 1 0 -1 0 0 -1 -1.78813e-6 0 -4.165e-7 -0.894427 0.4472141 -1 5.96046e-7 0 1 0 5.96046e-7 1 0 8.9407e-7 1 0 5.96046e-7 0 0 1 0 0 1 5.96047e-6 0 1 0 0 1 -5.96047e-6 0 1 -1 0 0 1 0 0 -0.7071068 0 0.7071068 0 -0.9037377 0.4280865 -0.7071073 0 -0.7071062 1 0 0 1 0 0 0.7071068 0 -0.7071068 -1 0 0 -0.7071068 0 0.7071068 0 0 1 0.7071068 0 0.7071068 -0.7071073 0 -0.7071062 0 -0.9037378 0.4280865 1 0 0 -0.7071073 0 -0.7071063 -0.7071068 0 0.7071068 0.7071068 0 -0.7071068 -1 0 0 0.7071068 0 0.7071068 0 0 1 -1 0 5.96046e-7 -1 0 2.12874e-7 -1 0 2.12874e-7 0 0 -1 1 0 -2.12874e-7 1 0 -2.12874e-7 0 0 -1 -0.7071068 0 -0.7071068 0 1 0 -0.7071068 0 -0.7071068 -1 0 -2.12874e-7 -0.7071068 0 0.7071068 0 0 -1 0 0 -1 0 0 -1 -0.5773502 0.5773505 0.5773502 0 0 -1 0 -0.7071073 -0.7071063 0.7071068 0 0.7071068 0 0 -1 0.7071071 0.7071065 0 0 1 -5.96046e-7 0.5773503 -0.5773503 0.5773503 1 0 0 0 0 1 0.7071073 0 -0.7071062 0 0.707107 -0.7071066 0 -1 0 -1 0 0 0.7071068 -0.7071068 0 -0.57735 -0.5773509 0.57735 -1 0 0 -1.2758e-7 -0.9037378 0.4280865 0 0 1 0.7071068 0 0.7071068 1 0 0 0 0 1 0.7071068 0 0.7071068 -0.7071068 0 0.7071068 -1 0 0 0.7071073 0 -0.7071063 0 0 1 0 0 -1 -0.7071068 0 -0.7071068 0.5773507 0.5773502 -0.5773499 -1 0 0 -0.5773502 0.5773505 -0.5773502 -0.7071068 0 0.7071068 0.7071073 0 -0.7071062 1 0 0 1 0 0 -1 0 0 0.7071068 0 0.7071068 0 0 -1 -1 0 0 0 -1 -5.96046e-7 -0.7071068 0 0.7071068 -1 0 0 -3.72528e-7 0 1 0 0 1 0.5773506 -0.5773506 -0.5773497 0 0 -1 -0.7071062 -0.7071073 0 -0.7071068 0 -0.7071068 1 0 0 0 0 -1 1 0 0 0.7071073 0 -0.7071063 0 0 -1 0 0.7071065 0.7071071 0.5773504 0.5773499 0.5773504 0 0 -1 -1 -3.31137e-7 0 0 -0.7071068 0.7071068 0.7071073 0 -0.7071063 1 0 5.96046e-7 1 0 2.12874e-7 0 0 -1 -0.7071066 0.707107 0 0.7071068 0 0.7071068 -1.2758e-7 -0.9037377 0.4280866 5.96046e-7 0 -1 -0.7071068 0 -0.7071068 1 -5.96046e-7 5.96046e-7 -0.7071068 0 0.7071068 0 0.9037378 -0.4280865 0 -1 0 1.49012e-7 1.49012e-7 -1 0 0 -1 0 0 -1 0 0 -1 0 0 -1 0 0 -1 0 0 -1 -1 0 0 0 0 -1 1 0 0 0 0 -1 0 0 -1 0 0 -1 1 0 0 0 0 -1 0 0 -1 0 0 1 0 0 1 0 0 1 0 0 1 0 1 0 0 1 0 7.02445e-7 -0.7071073 0.7071062 0 -0.7071068 0.7071068 0 -0.7071073 -0.7071062 0 -0.7071074 -0.7071063 0 0.707107 0.7071066 2.05795e-7 0.707107 0.7071065 0 0.707107 -0.7071066 0 0.707107 -0.7071065 0 0 1 0 0 1 0 -1 0 0 -1 0 0 0 1 0 0 1 0 0 1 0 0 1 0 0 -1 0 1 0 -1 0 0 0 -1 0 -1 0 0 1 0 0 0 0 -1 0 0 -1 0 0 1 0 0 1 0 0 1 0 0 1 0 1 0 0 1 0 0 -0.7071068 0.7071068 0 -0.7071068 0.7071068 0 -0.7071073 -0.7071062 0 -0.7071074 -0.7071063 0 0.707107 0.7071066 -2.10734e-7 0.707107 0.7071065 0 0.707107 -0.7071066 0 0.707107 -0.7071065 0 0 1 0 0 1 0 -1 0 0 -1 0 0 0 1 0 0 1 0 0 1 0 0 1 0 0 -1 0 1 0 1 0 0 0 -1 0 1 0 0 -1 0 0 0 1 0 -2.98024e-6 -1 0 0 1 0 5.96047e-6 -1 0 -1 0 0 0 -1 0 -1 0 0 0 1 0 1 0 0 1 0 0 0 1 0 -5.96047e-6 -1 0 1 0 0 -1 0 0 2.98023e-6 -1 0 1 0 0 1 0 2.60319e-7 -1 0 2.6149e-7 0 1 0 0 0.1414213 -0.9899496 -1 0 0 0 0 1 0 0.8 -0.6000002 0.7071068 0.7071068 0 0 0.7071064 0.7071071 -0.7071068 0.7071068 0 -0.7071068 0.7 0.1000002 0.7071068 0.6999999 0.1000001 0 0.9899495 0.1414213 0 0.7071068 0.7071068 0 0.7071068 0.7071068 0 0 1 1 0 0 -3.57207e-7 1 -1.49012e-6 0 -1 0 0 -1 0 -1 0 0 6.19925e-7 0.5547002 0.8320503 0 1 0 -7.45057e-7 0 1 0 0 1 0 -1 0 1 0 0 -1 0 -5.96047e-6 0 0 -1 -7.45057e-7 0 1 0 0 -1 0 0 -1 -1 0 0 -1 0 0 5.26836e-7 0.7071071 0.7071066 -1 0 0 -1 0 0 -1 0 0 0 -1 0 0 1 0 -1 0 0 -1 0 0 -1 0 0 1 0 0 -7.45057e-7 0 1 0 0 -1 0 0 -1 7.45059e-7 0 1 -1 0 -3.50616e-7 3.332e-7 -0.8944269 0.4472141 -1 0 0 1 0 0 -1 0 0 -1 0 0 -1 0 0 1 0 -8.9407e-6 1 0 0 -7.45057e-7 0 1 0 0 -1 0 0 -1 -1 0 0 -1 0 0 1 0 0 -1 0 8.9407e-7 1 0 0 6.19925e-7 0.5547002 0.8320503 -1 0 3.50616e-7 0 -0.9899495 -0.1414213 8.42937e-7 0.9899495 0.1414213 0 -0.9899494 -0.1414216 0 0 -1 0 0.9899495 0.1414217 1 0 -3.06789e-7 0 0 -1 0 0 -1 0 0 -1 0 0 -1 -1 0 0 0 -1 0 0 1 0 1 0 0 2.98024e-6 -1 0 -1 -1.49012e-6 5.74759e-6 0 0 1 0 0.9899494 0.1414216 0 -0.9899495 -0.1414215 0 1 0 1 0 -4.47035e-6 -5.96047e-6 -1 0 1 0 3.50616e-7 8.42956e-7 0.9899491 0.1414245 0 0.9899495 0.1414213 -1 0 0 0 0 1 -5.58794e-6 0 -1 -7.90256e-7 -0.9899495 -0.1414216 0 0 1 -1 0 0 0 1 -1.49012e-6 0 -1 -4.17233e-5 0 -1 0 1 0 0 0 1 0 7.45057e-7 0 1 1 0 0 0 -1 0 -1 0 0 0 0 -1 0 0 1 7.45057e-7 0 1 0 0 -1 0 0 -1 1 0 0 1 0 0 -5.26836e-7 0.7071071 0.7071066 1 0 0 1 0 0 1 0 0 0 -1 0 0 1 0 1 0 0 1 0 5.96047e-6 1 0 0 -1 0 0 7.45057e-7 0 1 0 0 -1 0 0 -1 -7.45059e-7 0 1 -1 0 3.06789e-7 -6.19925e-7 0.5547002 0.8320503 -3.332e-7 -0.8944269 0.4472141 -6.19925e-7 0.5547002 0.8320503 1 0 0 1 0 5.96047e-6 1 0 0 -1 0 -1.49012e-5 -1 0 0 7.45057e-7 0 1 0 0 -1 0 0 -1 1 0 5.96047e-6 1 0 0 -1 0 0 -1 0 0 1 -1.78813e-6 0 3.33201e-7 -0.894427 0.4472141 1 0 3.50616e-7 -5.90056e-6 -0.9899495 -0.1414215 -8.42937e-7 0.9899495 0.1414213 0 0 -1 0 0 -1 0 0 -1 0 0 -1 0 0 -1 1 5.96046e-7 0 0 -1 0 0 1 0 1 0 -1.49012e-6 0 0 1 0 0.9899495 0.1414216 0 1 0 0 -0.9899495 -0.1414216 -1 0 2.98023e-6 0 -1 0 -1 0 0 -3.79325e-6 0.9899495 0.1414217 0 -0.9899495 -0.1414213 5.96047e-6 -1 0 5.96051e-6 0 -1 8.42944e-7 -0.9899495 -0.1414215 1 0 0 0 0 1 0 0.9899495 0.1414213 0 1 0 1 0 0 1 0 0 -9.77964e-4 0.7071065 0.7071064 0 0.08663213 0.9962404 0 0.08663213 0.9962404 0 0 -1 -1 0 0 -0.7071073 0.7071063 0 -0.8175591 0.4252259 0.3883041 0 0 -1 0.7057742 0.06137335 0.7057734 6.9666e-5 -0.05037933 0.9987302 0 0.7071065 -0.7071071 0 -1 0 -0.3606958 0.6595069 -0.6595069 0.7071073 0.7071062 0 -5.1225e-6 -0.05037933 0.9987301 -0.7326802 0.0542739 0.6784055 -0.6915547 -0.03639656 0.7214066 0.7071072 0 0.7071064 0 -0.7071072 0.7071064 0 -0.7071071 0.7071064 0 -1 0 0.5000001 0.4999993 -0.7071073 0.817559 0.4252259 0.3883042 7.18975e-5 0.7071067 0.7071069 0 0.7071068 -0.7071068 0 1 0 1 0 0 -1 0 0 0 1 0 0 0.7071065 -0.707107 4.88904e-4 0.7071067 0.7071068 0 -1 0 0 -0.7071072 0.7071064 -3.48361e-5 -0.0503838 0.9987299 0 0 -1 0 0.08663213 0.9962404 0 -1 0 0 0 -1 0 0 1 0 0 -1 0 0 -1 0 0 -1 0 1 0 0 0 -1 0 0 1 1 0 0 0.706618 -0.0371893 0.7066174 -0.7071071 0 0.7071065 0 0 1 0 0 1 -1 0 0 0 0 -1 -7.45059e-7 0 1 0 0 -1 0 0 -1 7.45057e-7 0 1 -1 0 0 1 0 0 1 0 0 1 0 0 -1 0 0 0 0 -1 7.45059e-7 0 1 0 0 -1 0 0 -1 -7.45057e-7 0 1 1 0 0 -1 0 0 -1 0 0 -1 0 0 1 0 0 0 0 -1 0 0 -1 0 0 1 8.42937e-7 -0.9899495 -0.1414213 1 0 -1.49012e-6 0 0 1 0 0 -1 0 0 -1 0 0 -1 7.45057e-7 0 1 -1 0 0 -1 0 -1.49012e-5 -2.98024e-6 -1 0 1 0 8.9407e-7 -1 0 5.96046e-7 -8.42937e-7 -0.9899495 -0.1414213 -1 3.7253e-7 4.52357e-6 0 0 1 0 0 -1 0 0 -1 0 0 -1 -7.45057e-7 0 1 1 0 0 1 0 -8.9407e-6 0 1 0 -1 0 8.9407e-7 -1 0 5.96046e-7 1 0 0 0 0.9037379 -0.4280865 0 1 -5.96046e-7 3.72528e-7 0 1 1.19209e-6 -1 -5.96046e-7 0 -1 -5.96046e-7 -2.98023e-7 1.49012e-7 -1 -2.98023e-7 0 -1 0 0 1 0 0 1 0 -1 0 1 0 0 -1 0 0 -1 0 0 1 0 0 0.7071068 0 0.7071068 0 0 1 0 0.707107 -0.7071066 0 0.7071065 0.7071071 0 -0.7071073 -0.7071063 0 -0.7071068 0.7071068 -1 0 0 -0.7071073 0 -0.7071063 -0.7071068 0 0.7071068 -0.7071071 0.7071065 0 -0.7071068 0 0.7071068 -0.7071073 0 -0.7071063 -0.7071068 -0.7071068 0 0.7071068 0 -0.7071068 0.7071068 0 -0.7071068 0.7071068 0 0.7071068 0.7071066 0.707107 0 0.7071068 0 -0.7071068 0.7071068 0 0.7071068 0.7071062 -0.7071073 0 0 1 0 -1 -1.78813e-6 0 -1 -1.78814e-6 0 -3.332e-7 -0.8944269 0.4472141 -1 5.96046e-7 0 1 0 5.96046e-7 1 0 8.9407e-7 1 0 5.96046e-7 0 0 1 0 0 1 5.96047e-6 0 1 0 0 1 -5.96047e-6 0 1 -1 0 0 0 0 1 1 0 0 0 0 1 -0.7071068 0 0.7071068 1.2758e-7 -0.9037377 0.4280866 -0.7071073 0 -0.7071062 1 0 0 1 0 0 0.7071068 0 -0.7071068 -1 0 0 -0.7071068 0 0.7071068 0 0 1 0.7071068 0 0.7071068 -0.7071073 0 -0.7071062 1.2758e-7 -0.9037378 0.4280865 1 0 0 -0.7071073 0 -0.7071063 -0.7071068 0 0.7071068 0.7071068 0 -0.7071068 -1 0 0 0.7071068 0 0.7071068 0 0 1 -1 0 5.96046e-7 -1 -5.96046e-7 5.96046e-7 -1 0 2.12874e-7 0 0 -1 1 0 -2.12874e-7 1 -3.31137e-7 0 0 0 -1 -0.7071068 0 -0.7071068 0 1 0 -0.7071068 0 -0.7071068 -1 0 -2.12874e-7 -0.7071068 0 0.7071068 0 0 -1 0 0 -1 0 0 -1 0 0 -1 0 -0.7071073 -0.7071063 0.7071068 0 0.7071068 0 0 -1 0.7071071 0.7071065 0 1.19209e-6 1 0 1 0 0 0 0 1 0.7071073 0 -0.7071062 0 0.707107 -0.7071066 0 -1 0 -1 0 0 0.7071068 -0.7071068 0 -1 0 0 0 -0.9037378 0.4280865 0 0 1 0.7071068 0 0.7071068 1 0 0 0 0 1 0.7071068 0 0.7071068 -0.7071068 0 0.7071068 -1 0 0 0.7071073 0 -0.7071063 0 0 1 0 0 -1 -0.7071068 0 -0.7071068 -1 0 0 -0.7071068 0 0.7071068 0.7071073 0 -0.7071062 1 0 0 1 0 0 -1 0 0 0.7071068 0 0.7071068 0 0 -1 -1 0 0 0 -1 -5.96046e-7 -0.7071068 0 0.7071068 -1 0 0 -3.72528e-7 0 1 0 0 1 0 0 -1 -0.7071062 -0.7071073 0 -0.7071068 0 -0.7071068 1 0 0 0 0 -1 1 0 0 0.7071073 0 -0.7071063 0 0 -1 0 0.7071065 0.7071071 0 0 -1 -1 0 -2.12874e-7 0 -0.7071068 0.7071068 0.7071073 0 -0.7071063 1 0 5.96046e-7 1 0 2.12874e-7 0 0 -1 -0.7071066 0.707107 0 0.7071068 0 0.7071068 0 -0.9037377 0.4280865 2.98023e-7 1.49012e-7 -1 -0.7071068 0 -0.7071068 1 0 2.12874e-7 -0.7071068 0 0.7071068 0 0.9037379 -0.4280865 -1.19209e-6 -1 -5.96046e-7 2.98023e-7 0 -1 0 0 -1 0 0 -1 0 0 -1 0 0 -1 0 0 -1 0 0 -1 -1 0 0 0 0 -1 1 0 0 0 0 -1 0 0 -1 0 0 -1 1 0 0 0 0 -1 0 0 -1 0 0 1 0 0 1 0 0 1 0 0 1 0 1 0 0 1 0 0 -0.7071068 0.7071068 0 -0.7071068 0.7071068 0 -0.7071073 -0.7071062 0 -0.7071074 -0.7071063 0 0.707107 0.7071066 0 0.7071064 0.7071071 0 0.707107 -0.7071066 0 0.707107 -0.7071065 0 0 1 0 0 1 0 -1 0 0 -1 0 0 0 1 0 0 1 0 0 1 0 0 1 0 0 -1 0 1 0 -1 0 0 0 -1 0 -1 0 0 1 0 0 0 0 -1 0 0 -1 0 0 1 0 0 1 0 0 1 0 0 1 0 1 0 0 1 0 -7.02445e-7 -0.7071073 0.7071062 0 -0.7071068 0.7071068 0 -0.7071073 -0.7071062 0 -0.7071074 -0.7071063 0 0.707107 0.7071066 0 0.7071064 0.7071071 0 0.707107 -0.7071066 0 0.707107 -0.7071065 0 0 1 0 0 1 0 -1 0 0 -1 0 0 0 1 0 0 1 0 0 1 0 0 1 0 0 -1 0 1 0 1 0 0 0 -1 0 1 0 0 -1 0 0 0 1 0 -2.98024e-6 -1 0 0 1 0 5.96047e-6 -1 0 -1 0 0 0 -1 0 -1 0 0 0 1 0 1 0 0 1 0 0 0 1 0 -5.96047e-6 -1 0 1 0 0 -1 0 0 2.98024e-6 -1 0 1 0 0 1 0 2.6149e-7 -1 0 2.60319e-7 0 1 0 0 0.1414213 -0.9899496 -1 0 0 0 0 1 0 0.8 -0.6000001 0.7071068 0.7071068 0 0 0.7071064 0.7071071 -0.7071068 0.7071068 0 -0.7071067 0.7000001 0.1000002 0.7071067 0.7000001 0.1000002 0 0.9899495 0.1414213 0 0.7071068 0.7071068 0 0.7071068 0.7071068 0 0 1</float_array>
          <technique_common>
            <accessor source="#Cube-mesh-normals-array" count="1050" stride="3">
              <param name="X" type="float"/>
              <param name="Y" type="float"/>
              <param name="Z" type="float"/>
            </accessor>
          </technique_common>
        </source>
        <source id="Cube-mesh-map-0">
          <float_array id="Cube-mesh-map-0-array" count="6300">0.7916666 0.6562499 0.7916666 0.6875 0.7916666 0.65625 0.5 0.3783124 0.375 0.4166666 0.375 0.375 0.5 0.9166666 0.375 1 0.375 0.9166666 0.625 0.9166666 0.5625 1 0.5625 0.9166666 0.5 0.125 0.375 0.25 0.375 0.125 0.875 0.6875 0.7916666 0.6875 0.7916666 0.6875 0.5 0.25 0.375 0.3333333 0.375 0.25 0.7916666 0.7265625 0.75 0.75 0.75 0.7265625 0.75 0.75 0.7291666 0.7265625 0.7291666 0.75 0.375 0.875 0.5 0.9166666 0.375 0.9166666 0.7916666 0.625 0.7916666 0.5 0.7916666 0.5 0.7916666 0.7265625 0.7916666 0.75 0.7916667 0.7251675 0.25 0.75 0.2083333 0.7265625 0.25 0.7265625 0.7916666 0.5 0.75 0.625 0.75 0.5 0.25 0.5 0.2916666 0.625 0.25 0.625 0.2083333 0.5 0.125 0.625 0.125 0.5 0.5625 0.185 0.625 0.245 0.546875 0.25 0.5 0.09375 0.375 0.125 0.375 0.09375 0.625 0.09375 0.5625 0.125 0.5625 0.09375 0.625 0.3333333 0.59375 0.25 0.625 0.25 0.5625 0.09375 0.5 0.125 0.5 0.09375 0.5625 0.185 0.5 0.25 0.5 0.125 0.5625 0.0234375 0.5 0 0.5625 0 0.7916666 0.5 0.7916666 0.625 0.7916666 0.625 0.5625 0.9166666 0.5 1 0.5 0.9166666 0.5 0.25 0.546875 0.3333333 0.5 0.3333333 0.5625 0.03125 0.5 0.0625 0.5 0.03125 0.6250001 0.03125 0.5625 0.0625 0.5625 0.03125 0.5 0.03125 0.375 0.0625 0.375 0.03125 0.7916666 0.6875 0.7916666 0.65625 0.7916666 0.65625 0.7916666 0.65625 0.75 0.6875 0.75 0.65625 0.25 0.65625 0.2916666 0.6875 0.25 0.6875 0.2083333 0.65625 0.125 0.6875 0.125 0.65625 0.7916666 0.6562499 0.875 0.6875 0.7916666 0.6875 0.7916665 0.7265624 0.7916667 0.71875 0.7916665 0.7187499 0.7916666 0.71875 0.7916666 0.703125 0.7916667 0.71875 0.625 0.9166666 0.625 1 0.625 1 0.7916666 0.7265625 0.7916666 0.71875 0.7916666 0.725865 0.625 0.0625 0.625 0.046875 0.625 0.0625 0.7916666 0.71875 0.7916666 0.7265625 0.7916666 0.725865 0.5 0.0234375 0.375 0.03125 0.375 0.0234375 0.625 0.0234375 0.5625 0.03125 0.5625 0.0234375 0.5625 0.0234375 0.5 0.03125 0.5 0.0234375 0.7916666 0.71875 0.7916666 0.6875 0.7916666 0.6875 0.7916666 0.71875 0.7916666 0.6875 0.7916666 0.6875 0.7916666 0.6875 0.75 0.71875 0.75 0.6875 0.2916666 0.6875 0.25 0.71875 0.25 0.6875 0.2083333 0.6875 0.125 0.71875 0.125 0.6875 0.625 0.0234375 0.5625 0 0.625 0 0.5 0.0234375 0.375 0 0.5 0 0.7916666 0.75 0.7916666 0.7265625 0.7916666 0.7265625 0.625 0.0234375 0.625 0 0.6250001 0.0234375 0.7916666 0.71875 0.7916666 0.725865 0.7916666 0.7251674 0.875 0.6875 0.7916666 0.6875 0.7916666 0.6875 0.6249999 0.0234375 0.625 0.03125 0.625 0.03125 0.625 1 0.625 0.9166666 0.625 1 0.7916666 0.734375 0.7916666 0.734375 0.7916666 0.734375 0.625 0.9166665 0.625 0.9166666 0.625 0.9166665 0.2083333 0.7265625 0.125 0.75 0.125 0.7265625 0.7916666 0.734375 0.7916666 0.734375 0.7916666 0.734375 0.7916666 0.7265625 0.7916667 0.71875 0.7916667 0.7265626 0.2916666 0.7265625 0.25 0.75 0.25 0.7265625 0.25 0.6875 0.2083333 0.71875 0.2083333 0.6875 0.25 0.65625 0.2083333 0.6875 0.2083333 0.65625 0.2083333 0.5 0.25 0.625 0.2083333 0.625 0.75 0.71875 0.75 0.6875 0.75 0.6875 0.5 0.8333334 0.375 0.875 0.375 0.8333333 0.5 0.3333333 0.375 0.375 0.375 0.3333333 0.625 0.015625 0.625 0 0.625 0 0.625 0.9166666 0.625 0.9166666 0.625 0.9166666 0.625 0 0.625 0.015625 0.625 0.015625 0.8750001 0.7207032 0.7916667 0.7265626 0.7916666 0.7207031 0.7916667 0.71875 0.875 0.71875 0.7916665 0.7187499 0.625 0.9166666 0.625 1 0.625 1 0.7916666 0.734375 0.7916666 0.734375 0.7916666 0.734375 0.7916666 0.7265625 0.7916665 0.7187499 0.7916666 0.7265625 0.625 1 0.625 0.9166666 0.625 0.9166666 0.625 0.015625 0.625 0 0.625 0.015625 0.7916666 0.734375 0.7916666 0.734375 0.7916666 0.734375 0.7916667 0.71875 0.875 0.71875 0.7916665 0.7187499 0.625 0.0234375 0.625 0.02929687 0.625 0.03125 0.7916666 0.75 0.7916666 0.734375 0.7916666 0.75 0.625 0.9166666 0.625 0.9166665 0.625 0.9166666 0.7916666 0.7265626 0.875 0.7207031 0.7916667 0.7207032 0.7916666 0.65625 0.7916666 0.6875 0.7916666 0.6875 0.375 0.4166666 0.5 0.3958333 0.375 0.3958333 0.375 1 0.5 0.9166666 0.375 0.9166666 0.5625 0.9166666 0.625 1 0.625 0.9166666 0.375 0.125 0.5 0.25 0.5 0.125 0.625 0.0625 0.625 0.0625 0.625 0.046875 0.375 0.3333333 0.5 0.25 0.375 0.25 0.75 0.75 0.7916666 0.7265625 0.75 0.7265625 0.7916666 0.7297712 0.7916666 0.75 0.7916666 0.75 0.375 0.875 0.5 0.9166666 0.5 0.8750001 0.7916666 0.5 0.7916666 0.625 0.7916666 0.5 0.25 0.75 0.2708333 0.7265625 0.25 0.7265625 0.7083333 0.75 0.7291666 0.7265625 0.7083333 0.7265625 0.75 0.625 0.7916666 0.5 0.75 0.5 0.2708333 0.625 0.2916666 0.5 0.2708333 0.5 0.125 0.625 0.2083333 0.5 0.125 0.5 0.5625 0.185 0.546875 0.25 0.625 0.245 0.375 0.09375 0.5 0.125 0.5 0.09375 0.5625 0.09375 0.625 0.125 0.625 0.09375 0.59375 0.25 0.625 0.3333333 0.625 0.25 0.5 0.125 0.5625 0.09375 0.5 0.09375 0.5 0.25 0.5625 0.185 0.5 0.125 0.5 0.0234375 0.5625 0 0.5 0 0.7916666 0.5 0.7916666 0.625 0.7916666 0.625 0.5 1 0.5625 0.9166666 0.5 0.9166666 0.5 0.25 0.546875 0.3333333 0.546875 0.25 0.5 0.0625 0.5625 0.03125 0.5 0.03125 0.5625 0.0625 0.6250001 0.03125 0.5625 0.03125 0.375 0.03125 0.5 0.0625 0.5 0.03125 0.7916666 0.65625 0.7916666 0.6875 0.7916666 0.65625 0.75 0.6875 0.7916666 0.65625 0.7500001 0.6562501 0.2708333 0.6875 0.2916666 0.65625 0.2708333 0.6562501 0.125 0.6875 0.2083333 0.65625 0.125 0.65625 0.7916666 0.65625 0.875 0.6875 0.875 0.65625 0.625 0 0.625 0.015625 0.625 0.015625 0.7916666 0.6875 0.875 0.6875 0.7916666 0.6875 0.625 1 0.625 0.9166666 0.625 1 0.7916666 0.6875 0.875 0.6875 0.7916666 0.6875 0.7916666 0.71875 0.7916667 0.71875 0.7916666 0.703125 0.375 0.0234375 0.5 0.03125 0.5 0.0234375 0.5625 0.03125 0.625 0.0234375 0.5625 0.0234375 0.5 0.03125 0.5625 0.0234375 0.5 0.0234375 0.7916666 0.6875 0.7916666 0.71875 0.7916666 0.6875 0.7916666 0.6875 0.7916666 0.71875 0.7916666 0.6875 0.75 0.71875 0.7916666 0.6875 0.75 0.6875 0.2708333 0.71875 0.2916666 0.6875 0.2708333 0.6875 0.125 0.71875 0.2083333 0.6875 0.125 0.6875 0.5625 0.0234375 0.625 0 0.5625 0 0.375 0 0.5 0.0234375 0.5 0 0.7916666 0.7265625 0.7916666 0.75 0.7916666 0.7265625 0.7916666 0.725865 0.7916666 0.71875 0.7916666 0.7251674 0.7916666 0.7251674 0.7916666 0.75 0.7916666 0.75 0.625 1 0.625 0.9166666 0.625 1 0.625 0.03125 0.625 0.0234375 0.625 0.03125 0.625 1 0.625 0.9166666 0.625 0.9166666 0.7916666 0.734375 0.7916666 0.734375 0.7916666 0.734375 0.125 0.75 0.2083333 0.7265625 0.125 0.7265625 0.2708333 0.75 0.2916666 0.7265625 0.2708333 0.7265625 0.2083333 0.71875 0.25 0.6875 0.2083333 0.6875 0.2083333 0.6875 0.25 0.6562501 0.2083333 0.65625 0.2083333 0.5 0.25 0.625 0.25 0.5 0.7916666 0.71875 0.7916666 0.703125 0.7916666 0.71875 0.375 0.875 0.5 0.8541668 0.375 0.8541666 0.375 0.375 0.5 0.3333333 0.375 0.3333333 0.625 0.015625 0.625 0 0.625 0.015625 0.875 0.71875 0.7916667 0.71875 0.7916667 0.71875 0.7916665 0.7187499 0.875 0.71875 0.7916667 0.71875 0.7916666 0.734375 0.7916666 0.734375 0.7916666 0.734375 0.625 1 0.625 0.9166666 0.625 0.9166666 0.7916666 0.7265625 0.7916665 0.7187499 0.7916667 0.71875 0.625 0.9166666 0.625 0.9166666 0.625 0.9166666 0.625 0 0.625 0.015625 0.625 0.015625 0.7916666 0.734375 0.7916666 0.734375 0.7916666 0.734375 0.625 0.9166666 0.625 0.9166665 0.625 0.9166666 0.625 0.9166666 0.625 1 0.625 1 0.7916666 0.75 0.7916666 0.734375 0.7916666 0.734375 0.625 0.9166665 0.625 0.9166666 0.625 0.9166666 0.625 0.0234375 0.625 0.03125 0.625 0.02929687 0.875 0.71875 0.7916667 0.71875 0.7916665 0.7187499 0 0 0 0 0 0 0.75 0.71875 0.75 0.6875 0.75 0.71875 0.75 0.625 0.75 0.625 0.75 0.625 0 0 0 0 0 0 0.7481884 0.71875 0.7282608 0.71875 0.7282608 0.71875 0.7083333 0.71875 0.7481884 0.71875 0.7481884 0.71875 0.5 0.3958333 0.5 0.3783124 0.5 0.375 0.75 0.65625 0.75 0.625 0.75 0.65625 0.75 0.625 0.75 0.625 0.75 0.625 0.75 0.625 0.75 0.625 0.75 0.625 0.5000001 0.3783124 0.5 0.4166667 0.5 0.375 0.75 0.6875 0.75 0.7156251 0.75 0.71875 0 0 0 0 0 0 0.5000001 0.3783124 0.5 0.4166667 0.5 0.4166667 0.7083333 0.71875 0.75 0.71875 0.75 0.71875 0.75 0.625 0.75 0.625 0.75 0.625 0.75 0.625 0.75 0.625 0.75 0.625 0 0 0 0 0 0 0.75 0.6875 0.75 0.715625 0.75 0.6875 0 0 0.75 0.625 0.75 0.65625 0 0 0.7500001 0.6572917 0 0 0.7083333 0.71875 0.7481884 0.71875 0.75 0.71875 0.7291666 0.71875 0.7481884 0.71875 0.7282608 0.71875 0.75 0.71875 0.7291666 0.71875 0.7291666 0.71875 0.75 0.625 0.75 0.625 0.75 0.625 0.75 0.625 0.75 0.625 0.75 0.625 0 0 0 0 0 0 0.5 0.4166667 0.5 0.3967391 0.5 0.3974896 0 0 0 0 0 0 0.7500001 0.6572917 0.75 0.625 0.75 0.6270834 0.75 0.625 0.75 0.625 0.75 0.625 0 0 0 0 0 0 0.5 0.3783124 0.5 0.3967391 0.5 0.3768116 0 0 0 0 0 0 0.7291666 0.71875 0.7083332 0.71875 0.7083333 0.71875 0.7291666 0.71875 0.7083333 0.71875 0.7083332 0.71875 0 0 0 0 0 0 0.5 0.4166667 0.5 0.3958333 0.5 0.4166667 0.7282608 0.71875 0.7083333 0.71875 0.7083333 0.71875 0.375 0.8541666 0.5 0.8333334 0.375 0.8333333 0.25 0.75 0.2083333 0.7265625 0.2083333 0.75 0.75 0.75 0.7083333 0.7265625 0.75 0.7265625 0.25 0.71875 0.2708333 0.6875 0.25 0.6875 0.25 0.6562501 0.2708333 0.6875 0.2708333 0.6562501 0.25 0.5 0.2708333 0.625 0.2708333 0.5 0.375 0.3958333 0.5 0.375 0.375 0.375 0.25 0.6562501 0.2708333 0.625 0.25 0.625 0 0 0 0 0 0 0.75 0.6875 0.7500001 0.6572917 0.75 0.6875 0 0 0.75 0.6270834 0 0 0 0 0.75 0.65625 0.75 0.6875 0 0 0 0 0 0 0 0 0 0 0 0 0.75 0.6875 0.75 0.65625 0.75 0.65625 0.2083333 0.65625 0.25 0.625 0.2083333 0.625 0.7916666 0.65625 0.875 0.625 0.7916666 0.625 0.125 0.65625 0.2083333 0.625 0.125 0.625 0.2708333 0.6562501 0.2916666 0.625 0.2708333 0.625 0.7500001 0.6562501 0.7916666 0.625 0.75 0.625 0.7916666 0.625 0.7916666 0.65625 0.7916666 0.625 0.5 0.09375 0.5625 0.0625 0.5 0.0625 0.5625 0.0625 0.625 0.09375 0.625 0.0625 0.375 0.0625 0.5 0.09375 0.5 0.0625 0.7916666 0.625 0.7916666 0.65625 0.7916666 0.625 0.25 0.625 0.2083333 0.65625 0.2083333 0.625 0.875 0.625 0.7916666 0.6562499 0.7916666 0.625 0.2083333 0.625 0.125 0.65625 0.125 0.625 0.2916666 0.625 0.25 0.65625 0.25 0.625 0.7916666 0.625 0.75 0.65625 0.75 0.625 0.7916666 0.65625 0.7916666 0.625 0.7916666 0.625 0.5625 0.0625 0.5 0.09375 0.5 0.0625 0.625 0.0625 0.5625 0.09375 0.5625 0.0625 0.5 0.0625 0.375 0.09375 0.375 0.0625 0.7916666 0.6562499 0.7916666 0.625 0.7916666 0.625 0.7916666 0.75 0.7916666 0.734375 0.7916666 0.75 0.25 0.7265625 0.2708333 0.71875 0.25 0.71875 0.7083333 0.7265625 0.7291666 0.71875 0.7083333 0.71875 0.625 0.9166666 0.625 0.9166666 0.625 0.9166666 0.625 0.03125 0.625 0.0234375 0.625 0.03125 0.7291666 0.7265625 0.75 0.71875 0.7291666 0.71875 0.2083333 0.7265625 0.25 0.71875 0.2083333 0.71875 0.125 0.7265625 0.2083333 0.71875 0.125 0.71875 0.2708333 0.7265625 0.2916666 0.71875 0.2708333 0.71875 0.75 0.7265625 0.7916666 0.71875 0.75 0.71875 0.7916666 0.71875 0.7916666 0.7265625 0.7916666 0.71875 0.7916666 0.71875 0.7916667 0.7251675 0.7916666 0.71875 0.625 0.9166666 0.625 0.9166666 0.625 0.9166666 0.625 0.0234375 0.625 0 0.625 0 0.625 0.0234375 0.625 0 0.625 0.0234375 0.625 0.9166666 0.625 0.9166666 0.625 0.9166666 0.6250001 0.0234375 0.625 0.03125 0.625 0.03125 0.75 0.71875 0.7083333 0.7265625 0.7083333 0.71875 0.25 0.71875 0.2083333 0.7265625 0.2083333 0.71875 0.2083333 0.71875 0.125 0.7265625 0.125 0.71875 0.2916666 0.71875 0.25 0.7265625 0.25 0.71875 0.7916666 0.71875 0.75 0.7265625 0.75 0.71875 0.7916666 0.7265625 0.7916666 0.71875 0.7916666 0.71875 0.7916666 0.7251674 0.7916666 0.71875 0.7916666 0.71875 0.7916666 0.734375 0.7916666 0.734375 0.7916666 0.734375 0.625 0.03125 0.6250001 0.0234375 0.625 0.03125 0.6250001 0.03125 0.625 0.0625 0.625 0.0625 0.7916666 0.75 0.7916666 0.7265625 0.7916666 0.7251674 0 0 0 0 0 0 0.625 0.046875 0.6250001 0.03125 0.625 0.046875 0.625 0.0234375 0.625 0.02919405 0.625 0.0234375 0.625 0.0234375 0.625 0.0234375 0.625 0.0234375 0.625 0.0234375 0.625 0.0234375 0.625 0.0234375 0.625 0.0234375 0.6250001 0.03125 0.6250001 0.03125 0.625 0.0234375 0.625 0.03125 0.6250001 0.03125 0.625 0.03125 0.625 0.03125 0.625 0.03125 0.625 0.03125 0.625 0.03125 0.625 0.03125 0.625 0.0234375 0.6250001 0.0234375 0.625 0.0234375 0.625 0.0234375 0.625 0.0234375 0.625 0.0234375 0.625 0.03125 0.625 0.03125 0.625 0.03125 0.625 0.03125 0.625 0.03125 0.625 0.03125 0.625 0.03125 0.625 0.03125 0.625 0.03125 0.625 0.03125 0.625 0.03125 0.625 0.03125 0.625 0.03125 0.625 0.03125 0.625 0.03125 0.625 0.03125 0.625 0.03125 0.625 0.03125 0.625 0.03125 0.625 0.03125 0.625 0.03125 0.625 0.046875 0.625 0.046875 0.625 0.046875 0.625 0.0234375 0.625 0.0234375 0.6250001 0.0234375 0.625 0.0234375 0.625 0.0234375 0.6250001 0.0234375 0.625 0.03125 0.625 0.03125 0.625 0.03125 0.625 0.03125 0.625 0.03125 0.625 0.03125 0.625 0.0234375 0.6250001 0.0234375 0.625 0.0234375 0.625 0.0234375 0.625 0.0234375 0.6250001 0.0234375 0.625 0.046875 0.625 0.046875 0.625 0.046875 0.625 0.03125 0.625 0.03125 0.625 0.03125 0.625 0.0234375 0.625 0.0234375 0.625 0.0234375 0.625 0.0234375 0.625 0.0234375 0.625 0.0234375 0.625 0.03125 0.625 0.03125 0.625 0.03125 0.625 0.03125 0.625 0.03125 0.625 0.03125 0.625 0.03125 0.625 0.03125 0.625 0.03125 0.625 0.03125 0.625 0.03125 0.625 0.03125 0.625 0.03125 0.625 0.03125 0.625 0.03125 0.625 0.03125 0.625 0.03125 0.625 0.03125 0.625 0.0234375 0.6250001 0.0234375 0.625 0.0234375 0.625 0.03125 0.625 0.03125 0.625 0.03125 0.625 0.03125 0.625 0.03125 0.625 0.03125 0.625 0.03125 0.625 0.03125 0.625 0.03125 0.625 0.03125 0.625 0.03125 0.625 0.03125 0.625 0.03125 0.625 0.03125 0.625 0.03125 0.625 0.03125 0.625 0.03125 0.625 0.03125 0.625 0.0234375 0.6250001 0.0234375 0.625 0.0234375 0.625 0.046875 0.625 0.046875 0.625 0.046875 0.7916666 0.7297712 0.7916666 0.75 0.7916666 0.734375 0.7916666 0.7251674 0.7916666 0.75 0.7916666 0.7297712 0.625 1 0.625 0.9166666 0.625 0.9166666 0.7916666 0.71875 0.7916666 0.703125 0.7916666 0.6875 0.625 0.0234375 0.625 0 0.625 0 0.625 0.03125 0.6250001 0.0234375 0.625 0.0234375 0.625 0.0625 0.6250001 0.03125 0.625 0.0625 0.875 0.734375 0.7916666 0.75 0.7916666 0.734375 0.7916666 0.734375 0.7916666 0.75 0.7916666 0.734375 0.7916666 0.734375 0.7916666 0.75 0.7916666 0.734375 0.7916666 0.75 0.875 0.734375 0.7916666 0.734375 0.7916666 0.734375 0.7916666 0.75 0.7916666 0.75 0.7916666 0.7265626 0.7916666 0.7207031 0.7916667 0.71875 0.7916667 0.7265626 0.7916667 0.71875 0.7916667 0.7207032 0.625 0.03125 0.625 0.03125 0.625 0.03125 0 0 0 0 0 0 0.625 0.03125 0.625 0.03125 0.625 0.03125 0.625 0.03125 0.625 0.03125 0.625 0.03125 0.625 0.03125 0.625 0.03125 0.625 0.03125 0.625 0.03125 0.625 0.03125 0.625 0.03125 0.625 0.03125 0.625 0.03125 0.625 0.03125 0.625 0.03125 0.625 0.03125 0.625 0.03125 0.625 0.03125 0.625 0.03125 0.625 0.03125 0.625 0.03125 0.625 0.03125 0.625 0.03125 0.625 0.03125 0.625 0.03125 0.625 0.03125 0 0 0 0 0 0 0.625 0.03125 0.625 0.03125 0.625 0.03125 0.625 0.03125 0.625 0.03125 0.625 0.03125 0.625 0.03125 0.625 0.03125 0.625 0.03125 0.625 0.03125 0.625 0.03125 0.625 0.03125 0.625 0.03125 0.625 0.03125 0.625 0.03125 0.625 0.03125 0.625 0.03125 0.625 0.03125 0.625 0.03125 0.625 0.03125 0.625 0.03125 0.625 0.0234375 0 0 0.625 0.03125 0.625 0.03125 0 0 0.625 0.03125 0 0 0 0 0 0 0.625 0.03125 0.625 0.03125 0.625 0.03125 0 0 0 0 0 0 0 0 0 0 0 0 0.625 0.03125 0.625 0.03125 0.625 0.03125 0.625 0.03125 0.625 0.03125 0.625 0.03125 0.625 0.046875 0.625 0.046875 0.625 0.046875 0.625 0.03125 0.625 0.03125 0.625 0.03125 0 0 0 0 0 0 0.625 0.03125 0.625 0.03125 0.625 0.03125 0.625 0.03125 0.625 0.03125 0.625 0.03125 0.625 0.03125 0.625 0.03125 0.625 0.03125 0.625 0.03125 0.625 0.03125 0.625 0.03125 0.625 0.03125 0.625 0.03125 0.625 0.03125 0.625 0.03125 0.625 0.03125 0.625 0.03125 0.625 0.0234375 0.625 0.0234375 0.625 0.0234375 0.625 0.03125 0.625 0.03125 0.625 0.03125 0.625 0.03125 0.625 0.03125 0.625 0.03125 0.625 0.03125 0.625 0.03125 0.625 0.03125 0.625 0.046875 0.6250001 0.03125 0.6250001 0.03125 0.625 0.0234375 0.6250001 0.0234375 0.625 0.0234375 0.625 0.03125 0.625 0.03125 0.625 0.03125 0.625 0.03125 0.625 0.03125 0.625 0.03125 0.625 0.03125 0.625 0.03125 0.625 0.03125 0.625 0.046875 0.625 0.046875 0.625 0.046875 0.625 0.0234375 0.625 0.0234375 0.625 0.0234375 0.625 0.03125 0.625 0.03125 0.625 0.03125 0.6250001 0.0234375 0.625 0.0234375 0.625 0.0234375 0.625 0.0234375 0.625 0.0234375 0.6250001 0.0234375 0.625 0.03125 0.625 0.03125 0.625 0.03125 0 0 0 0 0 0 0.625 0.03125 0.625 0.03125 0.625 0.03125 0.625 0.03125 0.625 0.03125 0.625 0.03125 0.625 0.03125 0.625 0.03125 0.625 0.03125 0.625 0.03125 0.625 0.03125 0.625 0.03125 0.625 0.03125 0.625 0.03125 0.625 0.03125 0.625 0.03125 0.625 0.03125 0.625 0.03125 0.625 0.03125 0.625 0.03125 0.625 0.03125 0.625 0.03125 0.625 0.03125 0.625 0.03125 0.625 0.03125 0.625 0.03125 0.625 0.03125 0.625 0.03125 0.625 0.03125 0.625 0.03125 0.625 0.03125 0.625 0.03125 0.625 0.03125 0.625 0.046875 0.625 0.046875 0.625 0.046875 0.625 0.03125 0.625 0.03125 0.625 0.03125 0.625 0.03125 0.625 0.03125 0.625 0.03125 0.625 0.03125 0.625 0.03125 0.625 0.03125 0.625 0.03125 0.625 0.03125 0.625 0.03125 0.625 0.03125 0.625 0.03125 0.625 0.03125 0.625 0.03125 0.625 0.03125 0.625 0.03125 0.625 0.03125 0.625 0.03125 0.625 0.03125 0.625 0.03125 0.625 0.03125 0.625 0.03125 0.625 0.03125 0.625 0.03125 0.625 0.03125 0.625 0.03125 0.625 0.03125 0.625 0.03125 0.625 0.0234375 0.625 0.0234375 0.625 0.0234375 0.625 0.03125 0.625 0.03125 0.625 0.03125 0.625 0.03125 0.625 0.03125 0.625 0.03125 0.625 0.0234375 0.625 0.02919405 0.625 0.03125 0.625 0.03125 0.625 0.03125 0.625 0.03125 0.625 0.0234375 0.6250001 0.0234375 0.625 0.0234375 0.625 0.03125 0.625 0.03125 0.625 0.03125 0.6250001 0.0234375 0.625 0.0234375 0.625 0.0234375 0.625 0.03125 0.625 0.03125 0.625 0.03125 0.625 0.03125 0.625 0.03125 0.625 0.03125 0.625 0.03125 0.625 0.03125 0.625 0.03125 0.625 0.03125 0.625 0.03125 0.625 0.03125 0.625 0.03125 0.625 0.03125 0.625 0.03125 0.625 0.03125 0.625 0.03125 0.625 0.03125 0.625 0.03125 0.625 0.03125 0.625 0.03125 0.625 0.03125 0.625 0.03125 0.625 0.03125 0.625 0.03125 0.625 0.03125 0.625 0.03125 0 0 0 0 0 0 0.625 0.0234375 0.625 0.0234375 0.625 0.0234375 0.625 0.03125 0.625 0.03125 0.625 0.03125 0.625 0.0234375 0 0 0.625 0.0234375 0 0 0 0 0 0 0.625 0.03125 0.625 0.03125 0.625 0.03125 0.625 0.03125 0.625 0.03125 0.625 0.03125 0.625 0.03125 0.625 0.03125 0.625 0.03125 0 0 0 0 0 0 0.6250001 0.03125 0.625 0.0234375 0.6250001 0.03125 0.625 0.03125 0.625 0.03125 0.625 0.03125 0.625 0.03125 0 0 0.625 0.03125 0.625 0.03125 0.625 0.03125 0.625 0.03125 0 0 0 0 0 0 0.625 0.0234375 0.625 0.0234375 0.625 0.0234375 0.625 0.03125 0.625 0.0234375 0.6250001 0.03125 0.625 0.03125 0.625 0.03125 0.625 0.03125 0.625 0.03125 0.625 0.03125 0.625 0.03125 0.625 0.03125 0.625 0.03125 0.625 0.03125 0.625 0.03125 0.625 0.03125 0.625 0.03125 0.625 0.03125 0.625 0.03125 0.625 0.03125 0.625 0.03125 0.625 0.03125 0.625 0.03125 0.625 0.03125 0.625 0.03125 0.625 0.03125 0.625 0.03125 0.625 0.03125 0.625 0.03125 0.625 0.03125 0.625 0.03125 0.625 0.03125 0.625 0.03125 0.625 0.03125 0.625 0.03125 0.625 0.03125 0.625 0.03125 0.625 0.03125 0.625 0.03125 0.625 0.03125 0.625 0.03125 0.625 0.03125 0.625 0.03125 0.625 0.03125 0.625 0.03125 0.625 0.03125 0.625 0.03125 0.625 0.03125 0.625 0.03125 0.625 0.03125 0.625 0.03125 0.625 0.03125 0.625 0.03125 0.625 0.03125 0.625 0.03125 0.625 0.03125 0.625 0.03125 0.625 0.03125 0.625 0.03125 0.625 0.03125 0.625 0.03125 0.625 0.03125 0.625 0.046875 0.625 0.046875 0.625 0.046875 0.625 0.046875 0.625 0.046875 0.625 0.046875 0.625 0.0234375 0.625 0.0234375 0.625 0.0234375 0.625 0.0234375 0.625 0.0234375 0.625 0.0234375 0.625 0.0234375 0.625 0.0234375 0.625 0.0234375 0.625 0.0234375 0.625 0.0234375 0.625 0.0234375 0.625 0.03125 0.625 0.03125 0.625 0.03125 0.625 0.03125 0.625 0.03125 0.625 0.03125 0.625 0.046875 0.625 0.046875 0.625 0.046875 0.625 0.046875 0.625 0.046875 0.625 0.046875 0.625 0.03125 0.625 0.03125 0.625 0.03125 0.625 0.03125 0.625 0.03125 0.625 0.03125 0.625 0.0234375 0.625 0.0234375 0.625 0.0234375 0.625 0.0234375 0.625 0.0234375 0.625 0.0234375 0.625 0.03125 0.625 0.03125 0.625 0.03125 0.625 0.03125 0.625 0.03125 0.625 0.03125 0.625 0.03125 0.625 0.03125 0.625 0.03125 0.625 0.03125 0.625 0.03125 0.625 0.03125 0.625 0.03125 0.625 0.03125 0.625 0.03125 0.625 0.03125 0.625 0.03125 0.625 0.03125 0.625 0.03125 0.625 0.03125 0.625 0.03125 0.625 0.03125 0.625 0.03125 0.625 0.03125 0.625 0.03125 0.625 0.03125 0.625 0.03125 0.625 0.03125 0.625 0.03125 0.625 0.03125 0.625 0.03125 0.625 0.03125 0.625 0.03125 0.625 0.03125 0.625 0.03125 0.625 0.03125 0.625 0.03125 0.625 0.03125 0.625 0.03125 0.625 0.03125 0.625 0.03125 0.625 0.03125 0.625 0.03125 0.625 0.03125 0.625 0.03125 0.625 0.03125 0.625 0.03125 0.625 0.03125 0.625 0.046875 0.625 0.046875 0.625 0.046875 0.625 0.046875 0.625 0.046875 0.625 0.046875 0.625 0.0234375 0.625 0.0234375 0.625 0.0234375 0.625 0.0234375 0.625 0.0234375 0.625 0.0234375 0.625 0.0234375 0.625 0.0234375 0.625 0.0234375 0.625 0.0234375 0.625 0.0234375 0.625 0.0234375 0.625 0.03125 0.625 0.03125 0.625 0.03125 0.625 0.03125 0.625 0.03125 0.625 0.03125 0.625 0.046875 0.625 0.046875 0.625 0.046875 0.625 0.046875 0.625 0.046875 0.625 0.046875 0.625 0.03125 0.625 0.03125 0.625 0.03125 0.625 0.03125 0.625 0.03125 0.625 0.03125 0.625 0.0234375 0.625 0.0234375 0.625 0.0234375 0.625 0.0234375 0.625 0.0234375 0.625 0.0234375 0.625 0.03125 0.625 0.03125 0.625 0.03125 0.625 0.03125 0.625 0.03125 0.625 0.03125 0.625 0.03125 0.625 0.03125 0.625 0.03125 0.625 0.03125 0.625 0.03125 0.625 0.03125 0.625 0.03125 0.625 0.03125 0.625 0.03125 0.625 0.03125 0.625 0.03125 0.625 0.03125 0.625 0.03125 0.625 0.03125 0.625 0.03125 0.625 0.03125 0.625 0.03125 0.625 0.03125 0.625 0.03125 0.625 0.03125 0.625 0.03125 0.625 0.03125 0.625 0.03125 0.625 0.03125 0.7916666 0.734375 0.7916666 0.734375 0.7916666 0.734375 0.625 0.9166666 0.625 0.9166666 0.625 0.9166666 0.7916667 0.71875 0.875 0.71875 0.875 0.71875 0.625 0.9166666 0.625 1 0.625 1 0.625 0 0.625 0.015625 0.625 0.015625 0.625 0.9166666 0.625 0.9166666 0.625 0.9166666 0.625 0.0234375 0.625 0.03125 0.625 0.03125 0.7916666 0.734375 0.7916666 0.734375 0.7916666 0.734375 0.7916667 0.71875 0.7916667 0.7265626 0.7916667 0.7265626 0.625 0.03125 0.625 0.0234375 0.625 0.0234375 0.875 0.71875 0.7916667 0.71875 0.7916667 0.71875 0.625 1 0.625 0.9166666 0.625 0.9166666 0.7916666 0.734375 0.2375 0.2203125 0.7916666 0.734375 0.7916666 0.7265626 0.7916667 0.71875 0.7916667 0.71875 0.625 0.9166666 0.625 0.9166666 0.625 0.9166666 0.625 0.015625 0.625 0 0.625 0 0.7916666 0.734375 0.2375 0.2203125 0.7916666 0.734375 0.7916666 0.734375 0.2375 0.2203125 0.7916666 0.734375 0 0 0.6896888 0.6397771 0 0 0.7916666 0.734375 0.7916666 0.734375 0.7916666 0.734375 0.7916666 0.734375 0.2375 0.2203125 0.7916666 0.734375 0.7916666 0.734375 0.7916666 0.734375 0.7916666 0.734375 0.7210546 0.6688731 0.7916666 0.734375 0.7210546 0.6688731 0.6896888 0.6397771 0.2375 0.2203125 0 0 0.7916666 0.734375 0.6896888 0.6397771 0.7916666 0.734375 0.6896888 0.6397771 0.2375 0.2203125 0.7916666 0.734375 0.7210546 0.6688731 0.2375 0.2203125 0 0 0.2375 0.2203125 0.7210546 0.6688731 0 0 0 0 0.7210546 0.6688731 0.7210546 0.6688731 0.7916666 0.7207031 0.875 0.71875 0.8750001 0.7207032 0.875 0.7207031 0.7916667 0.71875 0.7916667 0.7207032 0.7916667 0.71875 0.875 0.71875 0.875 0.71875 0.7916666 0.6562499 0.7916666 0.6875 0.7916666 0.6875 0.5 0.3783124 0.5 0.4166667 0.375 0.4166666 0.5 0.9166666 0.5 1 0.375 1 0.625 0.9166666 0.625 1 0.5625 1 0.5 0.125 0.5 0.25 0.375 0.25 0.875 0.6875 0.875 0.6875 0.7916666 0.6875 0.5 0.25 0.5 0.3333333 0.375 0.3333333 0.7916666 0.7265625 0.7916666 0.75 0.75 0.75 0.75 0.75 0.75 0.7265625 0.7291666 0.7265625 0.375 0.875 0.5 0.8750001 0.5 0.9166666 0.7916666 0.625 0.7916666 0.625 0.7916666 0.5 0.7916666 0.7265625 0.7916666 0.75 0.7916666 0.75 0.25 0.75 0.2083333 0.75 0.2083333 0.7265625 0.7916666 0.5 0.7916666 0.625 0.75 0.625 0.25 0.5 0.2916666 0.5 0.2916666 0.625 0.2083333 0.5 0.2083333 0.625 0.125 0.625 0.5 0.09375 0.5 0.125 0.375 0.125 0.625 0.09375 0.625 0.125 0.5625 0.125 0.625 0.3333333 0.59375 0.3333333 0.59375 0.25 0.5625 0.09375 0.5625 0.125 0.5 0.125 0.5625 0.185 0.546875 0.25 0.5 0.25 0.5625 0.0234375 0.5 0.0234375 0.5 0 0.5625 0.9166666 0.5625 1 0.5 1 0.5 0.25 0.546875 0.25 0.546875 0.3333333 0.5625 0.03125 0.5625 0.0625 0.5 0.0625 0.6250001 0.03125 0.625 0.0625 0.5625 0.0625 0.5 0.03125 0.5 0.0625 0.375 0.0625 0.7916666 0.6875 0.7916666 0.6875 0.7916666 0.65625 0.7916666 0.65625 0.7916666 0.6875 0.75 0.6875 0.25 0.65625 0.2916666 0.65625 0.2916666 0.6875 0.2083333 0.65625 0.2083333 0.6875 0.125 0.6875 0.7916666 0.6562499 0.875 0.65625 0.875 0.6875 0.7916665 0.7265624 0.7916666 0.7265626 0.7916667 0.71875 0.625 0.9166666 0.625 0.9166666 0.625 1 0.7916666 0.7265625 0.7916667 0.71875 0.7916666 0.71875 0.7916666 0.71875 0.7916667 0.71875 0.7916666 0.7265625 0.5 0.0234375 0.5 0.03125 0.375 0.03125 0.625 0.0234375 0.6250001 0.03125 0.5625 0.03125 0.5625 0.0234375 0.5625 0.03125 0.5 0.03125 0.7916666 0.71875 0.7916666 0.71875 0.7916666 0.6875 0.7916666 0.71875 0.7916666 0.71875 0.7916666 0.6875 0.7916666 0.6875 0.7916666 0.71875 0.75 0.71875 0.2916666 0.6875 0.2916666 0.71875 0.25 0.71875 0.2083333 0.6875 0.2083333 0.71875 0.125 0.71875 0.625 0.0234375 0.5625 0.0234375 0.5625 0 0.5 0.0234375 0.375 0.0234375 0.375 0 0.7916666 0.75 0.7916666 0.75 0.7916666 0.7265625 0.625 0.0234375 0.625 0 0.625 0 0.7916666 0.71875 0.7916666 0.71875 0.7916666 0.725865 0.875 0.6875 0.875 0.6875 0.7916666 0.6875 0.6249999 0.0234375 0.625 0.0234375 0.625 0.03125 0.625 1 0.625 0.9166666 0.625 0.9166666 0.7916666 0.734375 0.7916666 0.734375 0.7916666 0.734375 0.625 0.9166665 0.625 0.9166666 0.625 0.9166666 0.2083333 0.7265625 0.2083333 0.75 0.125 0.75 0.7916666 0.734375 0.7916666 0.734375 0.7916666 0.734375 0.7916666 0.7265625 0.7916665 0.7187499 0.7916667 0.71875 0.2916666 0.7265625 0.2916666 0.75 0.25 0.75 0.25 0.6875 0.25 0.71875 0.2083333 0.71875 0.25 0.65625 0.25 0.6875 0.2083333 0.6875 0.2083333 0.5 0.25 0.5 0.25 0.625 0.75 0.71875 0.75 0.71875 0.75 0.6875 0.5 0.8333334 0.5 0.8750001 0.375 0.875 0.5 0.3333333 0.5 0.375 0.375 0.375 0.625 0.015625 0.625 0.015625 0.625 0 0.625 0.9166666 0.625 0.9166666 0.625 0.9166666 0.625 0 0.625 0 0.625 0.015625 0.8750001 0.7207032 0.875 0.7265625 0.7916667 0.7265626 0.7916667 0.71875 0.875 0.71875 0.875 0.71875 0.625 0.9166666 0.625 0.9166666 0.625 1 0.7916666 0.734375 0.7916666 0.734375 0.7916666 0.734375 0.7916666 0.7265625 0.7916667 0.71875 0.7916665 0.7187499 0.625 1 0.625 1 0.625 0.9166666 0.625 0.015625 0.625 0 0.625 0 0.7916666 0.734375 0.7916666 0.734375 0.7916666 0.734375 0.7916667 0.71875 0.875 0.71875 0.875 0.71875 0.625 0.0234375 0.625 0.0234375 0.625 0.02929687 0.625 0.03125 0.625 0.03125 0.625 0.0234375 0.7916666 0.75 0.7916666 0.734375 0.7916666 0.734375 0.625 0.9166666 0.625 0.9166666 0.625 0.9166665 0.7916666 0.7265626 0.875 0.7265625 0.875 0.7207031 0.7916666 0.65625 0.7916666 0.65625 0.7916666 0.6875 0.375 0.4166666 0.5 0.4166667 0.5 0.3958333 0.375 1 0.5 1 0.5 0.9166666 0.5625 0.9166666 0.5625 1 0.625 1 0.375 0.125 0.375 0.25 0.5 0.25 0.375 0.3333333 0.5 0.3333333 0.5 0.25 0.75 0.75 0.7916666 0.75 0.7916666 0.7265625 0.7916666 0.7297712 0.7916666 0.734375 0.7916666 0.75 0.375 0.875 0.375 0.9166666 0.5 0.9166666 0.7916666 0.5 0.7916666 0.625 0.7916666 0.625 0.25 0.75 0.2708333 0.75 0.2708333 0.7265625 0.7083333 0.75 0.7291666 0.75 0.7291666 0.7265625 0.75 0.625 0.7916666 0.625 0.7916666 0.5 0.2708333 0.625 0.2916666 0.625 0.2916666 0.5 0.125 0.625 0.2083333 0.625 0.2083333 0.5 0.375 0.09375 0.375 0.125 0.5 0.125 0.5625 0.09375 0.5625 0.125 0.625 0.125 0.59375 0.25 0.59375 0.3333333 0.625 0.3333333 0.5 0.125 0.5625 0.125 0.5625 0.09375 0.5 0.25 0.546875 0.25 0.5625 0.185 0.5 0.0234375 0.5625 0.0234375 0.5625 0 0.5 1 0.5625 1 0.5625 0.9166666 0.5 0.25 0.5 0.3333333 0.546875 0.3333333 0.5 0.0625 0.5625 0.0625 0.5625 0.03125 0.5625 0.0625 0.625 0.0625 0.6250001 0.03125 0.375 0.03125 0.375 0.0625 0.5 0.0625 0.7916666 0.65625 0.7916666 0.6875 0.7916666 0.6875 0.75 0.6875 0.7916666 0.6875 0.7916666 0.65625 0.2708333 0.6875 0.2916666 0.6875 0.2916666 0.65625 0.125 0.6875 0.2083333 0.6875 0.2083333 0.65625 0.7916666 0.65625 0.7916666 0.6875 0.875 0.6875 0.625 0 0.625 0 0.625 0.015625 0.7916666 0.6875 0.875 0.6875 0.875 0.6875 0.625 1 0.625 0.9166666 0.625 0.9166666 0.7916666 0.6875 0.875 0.6875 0.875 0.6875 0.375 0.0234375 0.375 0.03125 0.5 0.03125 0.5625 0.03125 0.6250001 0.03125 0.625 0.0234375 0.5 0.03125 0.5625 0.03125 0.5625 0.0234375 0.7916666 0.6875 0.7916666 0.71875 0.7916666 0.71875 0.7916666 0.6875 0.7916666 0.71875 0.7916666 0.71875 0.75 0.71875 0.7916666 0.71875 0.7916666 0.6875 0.2708333 0.71875 0.2916666 0.71875 0.2916666 0.6875 0.125 0.71875 0.2083333 0.71875 0.2083333 0.6875 0.5625 0.0234375 0.625 0.0234375 0.625 0 0.375 0 0.375 0.0234375 0.5 0.0234375 0.7916666 0.7265625 0.7916666 0.75 0.7916666 0.75 0.7916666 0.725865 0.7916666 0.71875 0.7916666 0.71875 0.7916666 0.7251674 0.7916666 0.7297712 0.7916666 0.75 0.625 1 0.625 0.9166666 0.625 0.9166666 0.625 0.03125 0.625 0.0234375 0.625 0.0234375 0.625 1 0.625 1 0.625 0.9166666 0.7916666 0.734375 0.7916666 0.734375 0.7916666 0.734375 0.125 0.75 0.2083333 0.75 0.2083333 0.7265625 0.2708333 0.75 0.2916666 0.75 0.2916666 0.7265625 0.2083333 0.71875 0.25 0.71875 0.25 0.6875 0.2083333 0.6875 0.25 0.6875 0.25 0.6562501 0.2083333 0.5 0.2083333 0.625 0.25 0.625 0.7916666 0.71875 0.7916666 0.6875 0.7916666 0.703125 0.375 0.875 0.5 0.8750001 0.5 0.8541668 0.375 0.375 0.5 0.375 0.5 0.3333333 0.625 0.015625 0.625 0 0.625 0 0.875 0.71875 0.875 0.71875 0.7916667 0.71875 0.7916665 0.7187499 0.875 0.71875 0.875 0.71875 0.7916666 0.734375 0.7916666 0.734375 0.7916666 0.734375 0.625 1 0.625 1 0.625 0.9166666 0.7916666 0.7265625 0.7916665 0.7265624 0.7916665 0.7187499 0.625 0.9166666 0.625 0.9166666 0.625 0.9166666 0.625 0 0.625 0 0.625 0.015625 0.7916666 0.734375 0.7916666 0.734375 0.7916666 0.734375 0.625 0.9166666 0.625 0.9166665 0.625 0.9166665 0.625 0.9166666 0.625 0.9166666 0.625 1 0.7916666 0.75 0.7916666 0.75 0.7916666 0.734375 0.625 0.9166665 0.625 0.9166666 0.625 0.9166666 0.625 0.02929687 0.625 0.0234375 0.625 0.0234375 0.625 0.03125 0.625 0.03125 0.625 0.02929687 0.875 0.71875 0.875 0.71875 0.7916667 0.71875 0 0 0 0 0 0 0.75 0.71875 0.75 0.6875 0.75 0.6875 0.75 0.625 0.75 0.625 0.75 0.625 0 0 0 0 0 0 0.7481884 0.71875 0.7481884 0.71875 0.7282608 0.71875 0.7083333 0.71875 0.7083333 0.71875 0.7481884 0.71875 0.5 0.3958333 0.5 0.3974896 0.5 0.3783124 0.75 0.65625 0.75 0.625 0.75 0.625 0.75 0.625 0.75 0.625 0.75 0.625 0.75 0.625 0.75 0.625 0.75 0.625 0.5000001 0.3783124 0.5 0.4166667 0.5 0.4166667 0.75 0.6875 0.75 0.6875 0.75 0.7156251 0 0 0 0 0 0 0.5000001 0.3783124 0.5 0.3768116 0.5 0.4166667 0.7083333 0.71875 0.7083333 0.71875 0.75 0.71875 0.75 0.625 0.75 0.625 0.75 0.625 0.75 0.625 0.75 0.625 0.75 0.625 0 0 0 0 0 0 0.75 0.6875 0.75 0.71875 0.75 0.715625 0 0 0 0 0.75 0.625 0 0 0.75 0.6875 0.7500001 0.6572917 0.7083333 0.71875 0.7083333 0.71875 0.7481884 0.71875 0.7291666 0.71875 0.75 0.71875 0.7481884 0.71875 0.75 0.71875 0.75 0.71875 0.7291666 0.71875 0.75 0.625 0.75 0.625 0.75 0.625 0.75 0.625 0.75 0.625 0.75 0.625 0 0 0 0 0 0 0.5 0.4166667 0.5 0.4166667 0.5 0.3967391 0 0 0 0 0 0 0.7500001 0.6572917 0.7500001 0.6562501 0.75 0.625 0.75 0.625 0.75 0.625 0.75 0.625 0 0 0 0 0 0 0.5 0.3783124 0.5 0.3974896 0.5 0.3967391 0 0 0 0 0 0 0.7291666 0.71875 0.7291666 0.71875 0.7083332 0.71875 0.7291666 0.71875 0.7282608 0.71875 0.7083333 0.71875 0 0 0 0 0 0 0.5 0.4166667 0.5 0.3974896 0.5 0.3958333 0.7282608 0.71875 0.7282608 0.71875 0.7083333 0.71875 0.375 0.8541666 0.5 0.8541668 0.5 0.8333334 0.25 0.75 0.25 0.7265625 0.2083333 0.7265625 0.75 0.75 0.7083333 0.75 0.7083333 0.7265625 0.25 0.71875 0.2708333 0.71875 0.2708333 0.6875 0.25 0.6562501 0.25 0.6875 0.2708333 0.6875 0.25 0.5 0.25 0.625 0.2708333 0.625 0.375 0.3958333 0.5 0.3958333 0.5 0.375 0.25 0.6562501 0.2708333 0.6562501 0.2708333 0.625 0 0 0 0 0 0 0.75 0.6875 0.7500001 0.6562501 0.7500001 0.6572917 0 0 0.7500001 0.6572917 0.75 0.6270834 0 0 0 0 0.75 0.65625 0 0 0 0 0 0 0 0 0 0 0 0 0.75 0.6875 0.75 0.6875 0.75 0.65625 0.2083333 0.65625 0.25 0.6562501 0.25 0.625 0.7916666 0.65625 0.875 0.65625 0.875 0.625 0.125 0.65625 0.2083333 0.65625 0.2083333 0.625 0.2708333 0.6562501 0.2916666 0.65625 0.2916666 0.625 0.7500001 0.6562501 0.7916666 0.65625 0.7916666 0.625 0.7916666 0.625 0.7916666 0.65625 0.7916666 0.65625 0.5 0.09375 0.5625 0.09375 0.5625 0.0625 0.5625 0.0625 0.5625 0.09375 0.625 0.09375 0.375 0.0625 0.375 0.09375 0.5 0.09375 0.7916666 0.625 0.7916666 0.65625 0.7916666 0.65625 0.25 0.625 0.25 0.65625 0.2083333 0.65625 0.875 0.625 0.875 0.65625 0.7916666 0.6562499 0.2083333 0.625 0.2083333 0.65625 0.125 0.65625 0.2916666 0.625 0.2916666 0.65625 0.25 0.65625 0.7916666 0.625 0.7916666 0.65625 0.75 0.65625 0.7916666 0.65625 0.7916666 0.65625 0.7916666 0.625 0.5625 0.0625 0.5625 0.09375 0.5 0.09375 0.625 0.0625 0.625 0.09375 0.5625 0.09375 0.5 0.0625 0.5 0.09375 0.375 0.09375 0.7916666 0.6562499 0.7916666 0.65625 0.7916666 0.625 0.7916666 0.75 0.7916666 0.734375 0.7916666 0.734375 0.25 0.7265625 0.2708333 0.7265625 0.2708333 0.71875 0.7083333 0.7265625 0.7291666 0.7265625 0.7291666 0.71875 0.625 0.9166666 0.625 0.9166665 0.625 0.9166666 0.625 0.03125 0.625 0.0234375 0.625 0.0234375 0.7291666 0.7265625 0.75 0.7265625 0.75 0.71875 0.2083333 0.7265625 0.25 0.7265625 0.25 0.71875 0.125 0.7265625 0.2083333 0.7265625 0.2083333 0.71875 0.2708333 0.7265625 0.2916666 0.7265625 0.2916666 0.71875 0.75 0.7265625 0.7916666 0.7265625 0.7916666 0.71875 0.7916666 0.71875 0.7916666 0.7265625 0.7916666 0.7265625 0.7916666 0.71875 0.7916666 0.7265625 0.7916667 0.7251675 0.625 0.9166666 0.625 0.9166666 0.625 0.9166666 0.625 0.0234375 0.6250001 0.0234375 0.625 0 0.625 0.0234375 0.625 0 0.625 0 0.625 0.9166666 0.625 0.9166665 0.625 0.9166666 0.6250001 0.0234375 0.6249999 0.0234375 0.625 0.03125 0.75 0.71875 0.75 0.7265625 0.7083333 0.7265625 0.25 0.71875 0.25 0.7265625 0.2083333 0.7265625 0.2083333 0.71875 0.2083333 0.7265625 0.125 0.7265625 0.2916666 0.71875 0.2916666 0.7265625 0.25 0.7265625 0.7916666 0.71875 0.7916666 0.7265625 0.75 0.7265625 0.7916666 0.7265625 0.7916666 0.7265625 0.7916666 0.71875 0.7916666 0.7251674 0.7916666 0.7265625 0.7916666 0.71875 0.7916666 0.734375 0.7916666 0.734375 0.7916666 0.734375 0.625 0.03125 0.625 0.0234375 0.6250001 0.0234375 0.6250001 0.03125 0.625 0.046875 0.625 0.0625 0.7916666 0.75 0.7916666 0.75 0.7916666 0.7265625 0 0 0 0 0 0 0.625 0.046875 0.6250001 0.03125 0.6250001 0.03125 0.625 0.0234375 0.625 0.03125 0.625 0.02919405 0.625 0.0234375 0.625 0.0234375 0.625 0.0234375 0.625 0.0234375 0.625 0.0234375 0.625 0.0234375 0.625 0.0234375 0.625 0.0234375 0.6250001 0.03125 0.625 0.0234375 0.625 0.0234375 0.625 0.03125 0.625 0.03125 0.625 0.03125 0.625 0.03125 0.625 0.03125 0.625 0.03125 0.625 0.03125 0.625 0.0234375 0.625 0.0234375 0.625 0.0234375 0.625 0.03125 0.625 0.03125 0.625 0.03125 0.625 0.03125 0.625 0.03125 0.625 0.03125 0.625 0.03125 0.625 0.03125 0.625 0.03125 0.625 0.03125 0.625 0.03125 0.625 0.03125 0.625 0.03125 0.625 0.03125 0.625 0.03125 0.625 0.03125 0.625 0.03125 0.625 0.03125 0.625 0.046875 0.625 0.046875 0.625 0.046875 0.625 0.03125 0.625 0.03125 0.625 0.03125 0.625 0.0234375 0.625 0.0234375 0.625 0.0234375 0.625 0.0234375 0.625 0.0234375 0.625 0.0234375 0.625 0.03125 0.625 0.03125 0.625 0.03125 0.625 0.03125 0.625 0.03125 0.625 0.03125 0.625 0.03125 0.625 0.03125 0.625 0.03125 0.625 0.03125 0.625 0.03125 0.625 0.03125 0.625 0.03125 0.625 0.03125 0.625 0.03125 0.625 0.03125 0.625 0.03125 0.625 0.03125 0.625 0.0234375 0.6250001 0.0234375 0.6250001 0.0234375 0.625 0.03125 0.625 0.03125 0.625 0.03125 0.625 0.03125 0.625 0.03125 0.625 0.03125 0.625 0.03125 0.625 0.03125 0.625 0.03125 0.625 0.03125 0.625 0.03125 0.625 0.03125 0.625 0.03125 0.625 0.03125 0.625 0.03125 0.625 0.03125 0.625 0.03125 0.625 0.03125 0.625 0.0234375 0.6250001 0.0234375 0.6250001 0.0234375 0.625 0.046875 0.625 0.046875 0.625 0.046875 0.7916666 0.7297712 0.7916666 0.75 0.7916666 0.75 0.7916666 0.7251674 0.7916666 0.75 0.7916666 0.75 0.625 1 0.625 1 0.625 0.9166666 0.7916666 0.71875 0.7916666 0.71875 0.7916666 0.703125 0.625 0.0234375 0.625 0.0234375 0.625 0 0.625 0.03125 0.625 0.03125 0.6250001 0.0234375 0.625 0.0625 0.625 0.046875 0.6250001 0.03125 0.875 0.734375 0.875 0.75 0.7916666 0.75 0.7916666 0.734375 0.7916666 0.75 0.7916666 0.75 0.7916666 0.734375 0.7916666 0.75 0.7916666 0.75 0.7916666 0.75 0.875 0.75 0.875 0.734375 0.7916666 0.734375 0.7916666 0.734375 0.7916666 0.75 0.7916666 0.7265626 0.7916666 0.7265626 0.7916666 0.7207031 0.7916667 0.71875 0.7916667 0.71875 0.7916666 0.7265626 0.7916667 0.7207032 0.7916667 0.7265626 0.7916667 0.7265626 0.7916667 0.71875 0.7916667 0.71875 0.7916667 0.7207032 0.625 0.03125 0.625 0.03125 0.625 0.03125 0 0 0 0 0 0 0.625 0.03125 0.625 0.03125 0.625 0.03125 0.625 0.03125 0.625 0.03125 0.625 0.03125 0.625 0.03125 0.625 0.03125 0.625 0.03125 0.625 0.03125 0.625 0.03125 0.625 0.03125 0.625 0.03125 0.625 0.03125 0.625 0.03125 0.625 0.03125 0.625 0.03125 0.625 0.03125 0.625 0.03125 0.625 0.03125 0.625 0.03125 0.625 0.03125 0.625 0.03125 0.625 0.03125 0.625 0.03125 0.625 0.03125 0.625 0.03125 0 0 0 0 0 0 0.625 0.03125 0.625 0.03125 0.625 0.03125 0.625 0.03125 0.625 0.03125 0.625 0.03125 0.625 0.03125 0.625 0.03125 0.625 0.03125 0.625 0.03125 0.625 0.03125 0.625 0.03125 0.625 0.03125 0.625 0.03125 0.625 0.03125 0.625 0.03125 0.625 0.03125 0.625 0.03125 0.625 0.03125 0.625 0.03125 0.625 0.03125 0.625 0.0234375 0.625 0.0234375 0 0 0.625 0.03125 0.625 0.03125 0 0 0 0 0 0 0 0 0.625 0.03125 0.625 0.03125 0.625 0.03125 0 0 0.625 0.0234375 0 0 0 0 0 0 0 0 0.625 0.03125 0.625 0.03125 0.625 0.03125 0.625 0.03125 0.625 0.03125 0.625 0.03125 0.625 0.046875 0.625 0.046875 0.625 0.046875 0.625 0.03125 0.625 0.03125 0.625 0.03125 0 0 0.625 0.0234375 0 0 0.625 0.03125 0.625 0.03125 0.625 0.03125 0.625 0.03125 0.625 0.03125 0.625 0.03125 0.625 0.03125 0.625 0.03125 0.625 0.03125 0.625 0.03125 0.625 0.03125 0.625 0.03125 0.625 0.03125 0.625 0.03125 0.625 0.03125 0.625 0.0234375 0.625 0.0234375 0.625 0.0234375 0.625 0.03125 0.625 0.03125 0.625 0.03125 0.625 0.03125 0.625 0.03125 0.625 0.03125 0.625 0.03125 0.625 0.03125 0.625 0.03125 0.625 0.046875 0.625 0.046875 0.6250001 0.03125 0.625 0.03125 0.625 0.03125 0.625 0.03125 0.625 0.03125 0.625 0.03125 0.625 0.03125 0.625 0.03125 0.625 0.03125 0.625 0.03125 0.625 0.046875 0.625 0.046875 0.625 0.046875 0.625 0.0234375 0.625 0.0234375 0.625 0.0234375 0.625 0.03125 0.625 0.03125 0.625 0.03125 0.6250001 0.0234375 0.6250001 0.0234375 0.625 0.0234375 0.625 0.03125 0.625 0.03125 0.625 0.03125 0 0 0 0 0 0 0.625 0.03125 0.625 0.03125 0.625 0.03125 0.625 0.03125 0.625 0.03125 0.625 0.03125 0.625 0.03125 0.625 0.03125 0.625 0.03125 0.625 0.03125 0.625 0.03125 0.625 0.03125 0.625 0.03125 0.625 0.03125 0.625 0.03125 0.625 0.03125 0.625 0.03125 0.625 0.03125 0.625 0.03125 0.625 0.03125 0.625 0.03125 0.625 0.03125 0.625 0.03125 0.625 0.03125 0.625 0.03125 0.625 0.03125 0.625 0.03125 0.625 0.03125 0.625 0.03125 0.625 0.03125 0.625 0.03125 0.625 0.03125 0.625 0.03125 0.625 0.03125 0.625 0.03125 0.625 0.03125 0.625 0.03125 0.625 0.03125 0.625 0.03125 0.625 0.03125 0.625 0.03125 0.625 0.03125 0.625 0.03125 0.625 0.03125 0.625 0.03125 0.625 0.03125 0.625 0.03125 0.625 0.03125 0.625 0.03125 0.625 0.03125 0.625 0.03125 0.625 0.03125 0.625 0.03125 0.625 0.03125 0.625 0.03125 0.625 0.03125 0.625 0.03125 0.625 0.03125 0.625 0.03125 0.625 0.03125 0.625 0.0234375 0.625 0.0234375 0.625 0.0234375 0.625 0.03125 0.625 0.03125 0.625 0.03125 0.625 0.03125 0.625 0.03125 0.625 0.03125 0.625 0.0234375 0.625 0.0234375 0.625 0.02919405 0.625 0.03125 0.625 0.03125 0.625 0.03125 0.625 0.03125 0.625 0.03125 0.625 0.03125 0.6250001 0.0234375 0.6250001 0.0234375 0.625 0.0234375 0.625 0.03125 0.625 0.03125 0.625 0.03125 0.625 0.03125 0.625 0.03125 0.625 0.03125 0.625 0.03125 0.625 0.03125 0.625 0.03125 0.625 0.03125 0.625 0.03125 0.625 0.03125 0.625 0.03125 0.625 0.03125 0.625 0.03125 0.625 0.03125 0.625 0.03125 0.625 0.03125 0.625 0.03125 0.625 0.03125 0.625 0.03125 0.625 0.03125 0.625 0.03125 0.625 0.03125 0 0 0 0 0 0 0.625 0.0234375 0.625 0.0234375 0.625 0.0234375 0.625 0.03125 0.625 0.03125 0.625 0.03125 0.625 0.0234375 0.625 0.03125 0 0 0 0 0 0 0 0 0.625 0.03125 0.625 0.03125 0.625 0.03125 0.625 0.03125 0.625 0.03125 0.625 0.03125 0.625 0.03125 0.625 0.03125 0.625 0.03125 0 0 0 0 0 0 0.6250001 0.03125 0.625 0.0234375 0.625 0.0234375 0.625 0.03125 0.625 0.03125 0.625 0.03125 0.625 0.03125 0.625 0.03125 0 0 0.625 0.03125 0.625 0.03125 0.625 0.03125 0 0 0 0 0 0 0.625 0.0234375 0.625 0.0234375 0.625 0.0234375 0.625 0.03125 0.625 0.0234375 0.625 0.0234375 0.625 0.03125 0.625 0.03125 0.625 0.03125 0.625 0.03125 0.625 0.03125 0.625 0.03125 0.625 0.03125 0.625 0.03125 0.625 0.03125 0.625 0.03125 0.625 0.03125 0.625 0.03125 0.625 0.03125 0.625 0.03125 0.625 0.03125 0.625 0.03125 0.625 0.03125 0.625 0.03125 0.625 0.03125 0.625 0.03125 0.625 0.03125 0.625 0.03125 0.625 0.03125 0.625 0.03125 0.625 0.03125 0.625 0.03125 0.625 0.03125 0.625 0.03125 0.625 0.03125 0.625 0.03125 0.625 0.03125 0.625 0.03125 0.625 0.03125 0.625 0.03125 0.625 0.03125 0.625 0.03125 0.625 0.03125 0.625 0.03125 0.625 0.03125 0.625 0.03125 0.625 0.03125 0.625 0.03125 0.625 0.03125 0.625 0.03125 0.625 0.03125 0.625 0.03125 0.625 0.03125 0.625 0.03125 0.625 0.03125 0.625 0.03125 0.625 0.03125 0.625 0.03125 0.625 0.03125 0.625 0.03125 0.625 0.03125 0.625 0.03125 0.625 0.03125 0.625 0.046875 0.625 0.046875 0.625 0.046875 0.625 0.046875 0.625 0.046875 0.625 0.046875 0.625 0.0234375 0.625 0.0234375 0.625 0.0234375 0.625 0.0234375 0.625 0.0234375 0.625 0.0234375 0.625 0.0234375 0.625 0.0234375 0.625 0.0234375 0.625 0.0234375 0.625 0.0234375 0.625 0.0234375 0.625 0.03125 0.625 0.03125 0.625 0.03125 0.625 0.03125 0.625 0.03125 0.625 0.03125 0.625 0.046875 0.625 0.046875 0.625 0.046875 0.625 0.046875 0.625 0.046875 0.625 0.046875 0.625 0.03125 0.625 0.03125 0.625 0.03125 0.625 0.03125 0.625 0.03125 0.625 0.03125 0.625 0.0234375 0.625 0.0234375 0.625 0.0234375 0.625 0.0234375 0.625 0.0234375 0.625 0.0234375 0.625 0.03125 0.625 0.03125 0.625 0.03125 0.625 0.03125 0.625 0.03125 0.625 0.03125 0.625 0.03125 0.625 0.03125 0.625 0.03125 0.625 0.03125 0.625 0.03125 0.625 0.03125 0.625 0.03125 0.625 0.03125 0.625 0.03125 0.625 0.03125 0.625 0.03125 0.625 0.03125 0.625 0.03125 0.625 0.03125 0.625 0.03125 0.625 0.03125 0.625 0.03125 0.625 0.03125 0.625 0.03125 0.625 0.03125 0.625 0.03125 0.625 0.03125 0.625 0.03125 0.625 0.03125 0.625 0.03125 0.625 0.03125 0.625 0.03125 0.625 0.03125 0.625 0.03125 0.625 0.03125 0.625 0.03125 0.625 0.03125 0.625 0.03125 0.625 0.03125 0.625 0.03125 0.625 0.03125 0.625 0.03125 0.625 0.03125 0.625 0.03125 0.625 0.03125 0.625 0.03125 0.625 0.03125 0.625 0.046875 0.625 0.046875 0.625 0.046875 0.625 0.046875 0.625 0.046875 0.625 0.046875 0.625 0.0234375 0.625 0.0234375 0.625 0.0234375 0.625 0.0234375 0.625 0.0234375 0.625 0.0234375 0.625 0.0234375 0.625 0.0234375 0.625 0.0234375 0.625 0.0234375 0.625 0.0234375 0.625 0.0234375 0.625 0.03125 0.625 0.03125 0.625 0.03125 0.625 0.03125 0.625 0.03125 0.625 0.03125 0.625 0.046875 0.625 0.046875 0.625 0.046875 0.625 0.046875 0.625 0.046875 0.625 0.046875 0.625 0.03125 0.625 0.03125 0.625 0.03125 0.625 0.03125 0.625 0.03125 0.625 0.03125 0.625 0.0234375 0.625 0.0234375 0.625 0.0234375 0.625 0.0234375 0.625 0.0234375 0.625 0.0234375 0.625 0.03125 0.625 0.03125 0.625 0.03125 0.625 0.03125 0.625 0.03125 0.625 0.03125 0.625 0.03125 0.625 0.03125 0.625 0.03125 0.625 0.03125 0.625 0.03125 0.625 0.03125 0.625 0.03125 0.625 0.03125 0.625 0.03125 0.625 0.03125 0.625 0.03125 0.625 0.03125 0.625 0.03125 0.625 0.03125 0.625 0.03125 0.625 0.03125 0.625 0.03125 0.625 0.03125 0.625 0.03125 0.625 0.03125 0.625 0.03125 0.625 0.03125 0.625 0.03125 0.625 0.03125 0.7916666 0.734375 0.7916666 0.734375 0.7916666 0.734375 0.625 0.9166666 0.625 0.9166666 0.625 0.9166666 0.7916667 0.71875 0.7916667 0.71875 0.875 0.71875 0.625 0.9166666 0.625 0.9166666 0.625 1 0.625 0 0.625 0 0.625 0.015625 0.625 0.9166666 0.625 0.9166666 0.625 0.9166666 0.625 0.0234375 0.625 0.0234375 0.625 0.03125 0.7916666 0.734375 0.7916666 0.734375 0.7916666 0.734375 0.7916667 0.71875 0.7916667 0.71875 0.7916667 0.7265626 0.625 0.03125 0.625 0.03125 0.625 0.0234375 0.875 0.71875 0.875 0.71875 0.7916667 0.71875 0.625 1 0.625 1 0.625 0.9166666 0.7916666 0.734375 0.7916666 0.734375 0.2375 0.2203125 0.7916666 0.7265626 0.7916666 0.7265626 0.7916667 0.71875 0.625 0.9166666 0.625 0.9166666 0.625 0.9166666 0.625 0.015625 0.625 0.015625 0.625 0 0.7916666 0.734375 0.7916666 0.734375 0.2375 0.2203125 0.7916666 0.734375 0.7916666 0.734375 0.2375 0.2203125 0 0 0.6896888 0.6397771 0.6896888 0.6397771 0.7916666 0.734375 0.7916666 0.734375 0.7916666 0.734375 0.7916666 0.734375 0.7916666 0.734375 0.2375 0.2203125 0.7916666 0.734375 0.7916666 0.734375 0.7916666 0.734375 0.7210546 0.6688731 0.7916666 0.734375 0.7916666 0.734375 0.6896888 0.6397771 0.7916666 0.734375 0.2375 0.2203125 0.7916666 0.734375 0.6896888 0.6397771 0.6896888 0.6397771 0.6896888 0.6397771 0 0 0.2375 0.2203125 0.7210546 0.6688731 0.7916666 0.734375 0.2375 0.2203125 0.2375 0.2203125 0.7916666 0.734375 0.7210546 0.6688731 0 0 0 0 0.7210546 0.6688731 0.7916666 0.7207031 0.7916667 0.71875 0.875 0.71875 0.875 0.7207031 0.875 0.71875 0.7916667 0.71875 0.7916667 0.71875 0.7916667 0.71875 0.875 0.71875</float_array>
          <technique_common>
            <accessor source="#Cube-mesh-map-0-array" count="3150" stride="2">
              <param name="S" type="float"/>
              <param name="T" type="float"/>
            </accessor>
          </technique_common>
        </source>
        <vertices id="Cube-mesh-vertices">
          <input semantic="POSITION" source="#Cube-mesh-positions"/>
        </vertices>
        <lines count="1">
          <input semantic="VERTEX" source="#Cube-mesh-vertices" offset="0"/>
          <p>131 61</p>
        </lines>
        <triangles material="Paintable-0-material" count="596">
          <input semantic="VERTEX" source="#Cube-mesh-vertices" offset="0"/>
          <input semantic="NORMAL" source="#Cube-mesh-normals" offset="1"/>
          <input semantic="TEXCOORD" source="#Cube-mesh-map-0" offset="2" set="0"/>
          <p>191 0 0 29 0 1 194 0 2 142 1 3 72 1 4 47 1 5 9 2 6 0 2 7 6 2 8 7 3 9 18 3 10 19 3 11 14 4 12 2 4 13 10 4 14 123 5 15 40 5 16 122 5 17 3 6 18 5 6 19 2 6 20 223 7 21 49 7 22 228 7 23 116 8 24 250 8 25 175 8 26 48 9 27 9 9 28 6 9 29 20 10 30 8 10 31 23 10 32 236 11 33 290 11 34 306 11 35 48 12 36 222 12 37 227 12 38 8 13 39 162 13 40 142 13 41 47 14 42 83 14 43 50 14 44 5 15 45 10 15 46 2 15 47 21 16 48 11 16 49 22 16 50 189 17 51 10 17 52 192 17 53 188 18 54 21 18 55 193 18 56 12 19 57 22 19 58 11 19 59 193 20 60 14 20 61 189 20 62 21 21 63 3 21 64 14 21 65 218 22 66 4 22 67 18 22 68 23 23 69 12 23 70 20 23 71 19 24 72 4 24 73 9 24 74 3 25 75 23 25 76 8 25 77 38 26 78 27 26 79 37 26 80 36 27 81 28 27 82 38 27 83 37 28 84 17 28 85 32 28 86 29 29 87 195 29 88 194 29 89 195 30 90 51 30 91 208 30 92 196 31 93 94 31 94 52 31 95 190 32 96 17 32 97 192 32 98 191 33 99 26 33 100 16 33 101 248 34 102 113 34 103 126 34 104 109 35 105 122 35 106 40 35 107 179 36 108 31 36 109 173 36 110 305 37 111 299 37 112 298 37 113 123 38 114 138 38 115 41 38 116 109 39 117 224 39 118 107 39 119 217 40 120 32 40 121 221 40 122 216 41 123 38 41 124 218 41 125 218 42 126 37 42 127 217 42 128 69 43 129 29 43 130 16 43 131 39 44 132 25 44 133 29 44 134 25 45 135 53 45 136 51 45 137 94 46 138 54 46 139 52 46 140 24 47 141 32 47 142 17 47 143 216 48 144 18 48 145 1 48 146 217 49 147 0 49 148 4 49 149 19 50 150 223 50 151 219 50 152 108 51 153 31 51 154 220 51 155 69 52 156 107 52 157 233 52 158 26 53 159 122 53 160 16 53 161 229 54 162 45 54 163 56 54 164 60 55 165 43 55 166 44 55 167 231 56 168 61 56 169 67 56 170 66 57 171 134 57 172 136 57 173 222 58 174 0 58 175 221 58 176 62 59 177 137 59 178 132 59 179 231 60 180 46 60 181 226 60 182 239 61 183 48 61 184 227 61 185 52 62 186 34 62 187 24 62 188 196 63 189 24 63 190 190 63 191 5 64 192 50 64 193 13 64 194 77 66 198 48 66 199 75 66 200 8 67 201 47 67 202 5 67 203 497 68 204 59 68 205 484 68 206 490 69 207 65 69 208 230 69 209 31 70 210 229 70 211 220 70 212 516 71 213 127 71 214 515 71 215 40 72 216 56 72 217 57 72 218 30 73 219 60 73 220 31 73 221 495 74 222 135 74 223 491 74 224 224 75 225 57 75 226 231 75 227 484 76 228 247 76 229 488 76 230 242 77 231 130 77 232 246 77 233 224 78 234 67 78 235 62 78 236 113 79 237 125 79 238 126 79 239 483 80 240 516 80 241 517 80 242 30 81 243 62 81 244 64 81 245 30 82 246 66 82 247 58 82 248 129 83 249 511 83 250 512 83 251 201 84 252 98 84 253 291 84 254 72 85 255 187 85 256 174 85 257 42 86 258 78 86 259 74 86 260 88 87 261 289 87 262 290 87 263 79 88 264 70 88 265 84 88 266 301 89 267 296 89 268 405 89 269 73 90 270 70 90 271 33 90 272 116 91 273 241 91 274 245 91 275 107 92 276 30 92 277 179 92 278 115 93 279 78 93 280 116 93 281 76 94 282 89 94 283 92 94 284 115 95 285 251 95 286 244 95 287 77 96 288 250 96 289 240 96 290 169 97 291 76 97 292 143 97 293 176 98 294 72 98 295 174 98 296 79 99 297 73 99 298 33 99 299 90 100 300 91 100 301 80 100 302 202 101 303 84 101 304 199 101 305 203 102 306 80 102 307 197 102 308 91 103 309 81 103 310 80 103 311 84 104 312 203 104 313 199 104 314 70 105 315 90 105 316 84 105 317 234 106 318 87 106 319 71 106 320 92 107 321 89 107 322 81 107 323 71 108 324 88 108 325 78 108 326 70 109 327 92 109 328 91 109 329 96 110 330 105 110 331 104 110 332 97 111 333 407 111 334 105 111 335 99 112 336 96 112 337 104 112 338 205 113 339 98 113 340 204 113 341 118 114 342 205 114 343 207 114 344 177 115 345 198 115 346 215 115 347 86 116 348 200 116 349 202 116 350 201 117 351 292 117 352 197 117 353 60 118 354 225 118 355 229 118 356 295 119 357 301 119 358 300 119 359 294 120 360 303 120 361 302 120 362 300 121 363 292 121 364 291 121 365 299 122 366 295 122 367 300 122 368 237 123 369 104 123 370 234 123 371 105 124 372 404 124 373 235 124 374 104 125 375 235 125 376 234 125 377 98 126 378 297 126 379 291 126 380 95 127 381 106 127 382 98 127 383 120 128 384 95 128 385 118 128 386 178 129 387 94 129 388 177 129 389 99 130 390 93 130 391 86 130 392 235 131 393 289 131 394 87 131 395 42 132 396 234 132 397 71 132 398 241 133 399 88 133 400 236 133 401 298 134 402 297 134 403 306 134 404 233 135 405 179 135 406 7 135 407 1 136 408 179 136 409 173 136 410 112 137 411 246 137 412 125 137 413 130 138 414 110 138 415 128 138 416 131 139 417 248 139 418 137 139 419 42 140 420 238 140 421 237 140 422 171 141 423 239 141 424 251 141 425 100 142 426 119 142 427 93 142 428 93 143 429 206 143 430 200 143 431 73 144 432 117 144 433 114 144 434 69 145 435 122 145 436 109 145 437 115 146 438 175 146 439 171 146 440 114 147 441 76 147 442 73 147 443 246 148 444 294 148 445 304 148 446 485 149 447 514 149 448 494 149 449 126 150 450 296 150 451 295 150 452 493 151 453 135 151 454 129 151 455 294 152 456 128 152 457 293 152 458 305 153 459 126 153 460 295 153 461 489 154 462 65 154 463 487 154 464 492 155 465 68 155 466 483 155 467 305 156 468 137 156 469 248 156 470 63 157 471 136 157 472 133 157 473 490 158 474 232 158 475 492 158 476 293 159 477 132 159 478 305 159 479 136 160 480 293 160 481 128 160 482 497 161 483 482 161 484 511 161 485 56 162 486 46 162 487 57 162 488 171 202 606 77 202 607 75 202 608 115 203 609 238 203 610 74 203 611 49 204 612 240 204 613 228 204 614 121 205 615 177 205 616 119 205 617 206 206 618 177 206 619 215 206 620 114 207 621 176 207 622 174 207 623 174 208 624 143 208 625 114 208 626 206 209 627 176 209 628 117 209 629 200 217 651 117 217 652 82 217 653 201 218 654 80 218 655 81 218 656 202 219 657 82 219 658 79 219 659 215 220 660 83 220 661 176 220 662 207 221 663 85 221 664 169 221 665 85 222 666 204 222 667 89 222 668 199 223 669 97 223 670 96 223 671 97 224 672 197 224 673 292 224 674 86 225 675 199 225 676 96 225 677 89 226 678 201 226 679 81 226 680 50 227 681 190 227 682 13 227 683 11 228 684 191 228 685 12 228 686 13 229 687 192 229 688 10 229 689 83 230 690 196 230 691 50 230 692 15 231 693 208 231 694 162 231 695 194 232 696 15 232 697 20 232 698 28 233 699 189 233 700 27 233 701 26 234 702 193 234 703 28 234 704 27 235 705 192 235 706 17 235 707 191 236 708 20 236 709 12 236 710 64 237 711 132 237 712 134 237 713 244 238 714 178 238 715 121 238 716 240 239 717 172 239 718 102 239 719 133 240 720 128 240 721 110 240 722 125 241 723 304 241 724 296 241 725 250 242 726 120 242 727 172 242 728 238 243 729 121 243 730 100 243 731 237 244 732 100 244 733 99 244 734 251 245 735 101 245 736 178 245 737 245 246 738 103 246 739 120 246 740 103 247 741 236 247 742 106 247 743 106 248 744 306 248 745 297 248 746 488 249 747 249 249 748 489 249 749 406 250 750 294 250 751 302 250 752 216 251 753 173 251 754 108 251 755 58 252 756 63 252 757 43 252 758 220 253 759 56 253 760 41 253 761 53 254 762 240 254 763 102 254 764 54 255 765 222 255 766 34 255 767 34 256 768 221 256 769 32 256 770 101 257 771 227 257 772 54 257 773 35 258 774 228 258 775 53 258 776 219 259 777 35 259 778 39 259 779 233 260 780 39 260 781 69 260 782 486 261 783 124 261 784 495 261 785 138 262 786 220 262 787 41 262 788 36 263 789 123 263 790 26 263 791 7 264 792 219 264 793 233 264 794 449 265 795 253 265 796 256 265 797 138 266 798 253 266 799 307 266 800 108 267 801 307 267 802 308 267 803 108 268 804 252 268 805 216 268 806 308 269 807 255 269 808 252 269 809 216 270 810 253 270 811 36 270 812 252 271 813 256 271 814 253 271 815 298 309 927 293 309 928 305 309 929 306 310 930 303 310 931 298 310 932 289 311 933 303 311 934 290 311 935 297 312 936 300 312 937 291 312 938 404 313 939 302 313 940 289 313 941 405 314 942 304 314 943 406 314 944 301 315 945 407 315 946 292 315 947 68 316 948 230 316 949 127 316 950 124 317 951 249 317 952 135 317 953 127 318 954 65 318 955 124 318 956 247 319 957 55 319 958 129 319 959 129 320 960 249 320 961 247 320 962 493 321 963 512 321 964 513 321 965 486 322 966 494 322 967 515 322 968 322 324 972 308 324 973 321 324 974 332 334 1002 307 334 1003 331 334 1004 255 342 1026 280 342 1027 256 342 1028 449 343 1029 280 343 1030 332 343 1031 280 344 1032 322 344 1033 332 344 1034 449 345 1035 331 345 1036 332 345 1037 321 346 1038 307 346 1039 331 346 1040 307 347 1041 448 347 1042 331 347 1043 447 348 1044 448 348 1045 449 348 1046 368 352 1056 354 352 1057 344 352 1058 480 361 1083 479 361 1084 481 361 1085 405 363 1089 402 363 1090 407 363 1091 353 365 1095 470 365 1096 468 365 1097 343 374 1122 368 374 1123 376 374 1124 480 381 1143 471 381 1144 476 381 1145 344 384 1152 481 384 1153 343 384 1154 478 393 1179 476 393 1180 472 393 1181 400 397 1191 367 397 1192 403 397 1193 406 400 1200 368 400 1201 405 400 1202 368 414 1242 480 414 1243 402 414 1244 400 417 1251 376 417 1252 366 417 1253 353 418 1254 376 418 1255 343 418 1256 353 422 1266 367 422 1267 366 422 1268 402 423 1269 404 423 1270 407 423 1271 481 425 1275 376 425 1276 399 425 1277 402 427 1281 481 427 1282 399 427 1283 403 428 1284 406 428 1285 404 428 1286 399 429 1287 403 429 1288 402 429 1289 438 436 1308 322 436 1309 436 436 1310 439 438 1314 448 438 1315 444 438 1316 444 442 1326 446 442 1327 440 442 1328 332 467 1401 321 467 1402 322 467 1403 440 468 1404 447 468 1405 441 468 1406 441 469 1407 449 469 1408 445 469 1409 436 470 1410 321 470 1411 437 470 1412 445 471 1413 332 471 1414 438 471 1415 437 472 1416 331 472 1417 439 472 1418 354 497 1491 343 497 1492 353 497 1493 479 498 1494 472 498 1495 473 498 1496 481 499 1497 473 499 1498 477 499 1499 354 500 1500 468 500 1501 469 500 1502 343 501 1503 477 501 1504 470 501 1505 344 502 1506 469 502 1507 471 502 1508 226 503 1509 495 503 1510 61 503 1511 110 504 1512 489 504 1513 133 504 1514 113 505 1515 482 505 1516 112 505 1517 43 506 1518 492 506 1519 44 506 1520 44 507 1521 483 507 1522 225 507 1523 133 508 1524 487 508 1525 63 508 1526 225 509 1527 485 509 1528 45 509 1529 243 510 1530 491 510 1531 493 510 1532 46 511 1533 486 511 1534 226 511 1535 112 512 1536 497 512 1537 242 512 1538 45 513 1539 494 513 1540 46 513 1541 111 514 1542 488 514 1543 110 514 1544 243 516 1548 496 516 1549 113 516 1550 43 517 1551 487 517 1552 490 517 1553 242 518 1554 484 518 1555 111 518 1556 515 532 1596 517 532 1597 516 532 1598 511 533 1599 513 533 1600 512 533 1601 496 534 1602 510 534 1603 482 534 1604 191 535 1605 16 535 1606 29 535 1607 142 536 1608 148 536 1609 72 536 1610 9 537 1611 4 537 1612 0 537 1613 7 538 1614 1 538 1615 18 538 1616 14 539 1617 3 539 1618 2 539 1619 123 540 1620 41 540 1621 40 540 1622 3 541 1623 8 541 1624 5 541 1625 223 542 1626 9 542 1627 49 542 1628 116 543 1629 245 543 1630 250 543 1631 48 544 1632 49 544 1633 9 544 1634 20 545 1635 15 545 1636 8 545 1637 236 546 1638 88 546 1639 290 546 1640 48 547 1641 6 547 1642 222 547 1643 8 548 1644 15 548 1645 162 548 1646 47 549 1647 72 549 1648 83 549 1649 5 550 1650 13 550 1651 10 550 1652 189 551 1653 14 551 1654 10 551 1655 188 552 1656 11 552 1657 21 552 1658 12 553 1659 23 553 1660 22 553 1661 193 554 1662 21 554 1663 14 554 1664 21 555 1665 22 555 1666 3 555 1667 218 556 1668 217 556 1669 4 556 1670 19 557 1671 18 557 1672 4 557 1673 3 558 1674 22 558 1675 23 558 1676 38 559 1677 28 559 1678 27 559 1679 36 560 1680 26 560 1681 28 560 1682 37 561 1683 27 561 1684 17 561 1685 29 562 1686 25 562 1687 195 562 1688 195 563 1689 25 563 1690 51 563 1691 196 564 1692 198 564 1693 94 564 1694 190 565 1695 24 565 1696 17 565 1697 191 566 1698 188 566 1699 26 566 1700 248 567 1701 243 567 1702 113 567 1703 179 568 1704 30 568 1705 31 568 1706 305 569 1707 295 569 1708 299 569 1709 109 570 1710 40 570 1711 224 570 1712 217 571 1713 37 571 1714 32 571 1715 216 572 1716 36 572 1717 38 572 1718 218 573 1719 38 573 1720 37 573 1721 69 574 1722 39 574 1723 29 574 1724 39 575 1725 35 575 1726 25 575 1727 25 576 1728 35 576 1729 53 576 1730 94 577 1731 101 577 1732 54 577 1733 24 578 1734 34 578 1735 32 578 1736 216 579 1737 218 579 1738 18 579 1739 217 580 1740 221 580 1741 0 580 1742 19 581 1743 9 581 1744 223 581 1745 108 582 1746 173 582 1747 31 582 1748 69 583 1749 109 583 1750 107 583 1751 26 584 1752 123 584 1753 122 584 1754 229 585 1755 225 585 1756 45 585 1757 60 586 1758 58 586 1759 43 586 1760 231 587 1761 226 587 1762 61 587 1763 66 588 1764 64 588 1765 134 588 1766 222 589 1767 6 589 1768 0 589 1769 62 590 1770 67 590 1771 137 590 1772 231 591 1773 57 591 1774 46 591 1775 239 592 1776 75 592 1777 48 592 1778 52 593 1779 54 593 1780 34 593 1781 196 594 1782 52 594 1783 24 594 1784 5 595 1785 47 595 1786 50 595 1787 77 597 1791 49 597 1792 48 597 1793 8 598 1794 142 598 1795 47 598 1796 497 599 1797 55 599 1798 59 599 1799 490 600 1800 487 600 1801 65 600 1802 31 601 1803 60 601 1804 229 601 1805 516 602 1806 68 602 1807 127 602 1808 40 603 1809 41 603 1810 56 603 1811 30 604 1812 58 604 1813 60 604 1814 495 605 1815 124 605 1816 135 605 1817 224 606 1818 40 606 1819 57 606 1820 484 607 1821 59 607 1822 247 607 1823 242 608 1824 111 608 1825 130 608 1826 224 609 1827 231 609 1828 67 609 1829 113 610 1830 112 610 1831 125 610 1832 483 611 1833 68 611 1834 516 611 1835 517 612 1836 485 612 1837 483 612 1838 30 613 1839 224 613 1840 62 613 1841 30 614 1842 64 614 1843 66 614 1844 129 615 1845 55 615 1846 511 615 1847 201 616 1848 204 616 1849 98 616 1850 72 617 1851 148 617 1852 187 617 1853 42 618 1854 71 618 1855 78 618 1856 88 619 1857 87 619 1858 289 619 1859 79 620 1860 33 620 1861 70 620 1862 73 621 1863 76 621 1864 70 621 1865 116 622 1866 78 622 1867 241 622 1868 107 623 1869 224 623 1870 30 623 1871 115 624 1872 74 624 1873 78 624 1874 76 625 1875 85 625 1876 89 625 1877 115 626 1878 171 626 1879 251 626 1880 77 627 1881 175 627 1882 250 627 1883 169 628 1884 85 628 1885 76 628 1886 176 629 1887 83 629 1888 72 629 1889 79 630 1890 82 630 1891 73 630 1892 202 631 1893 79 631 1894 84 631 1895 203 632 1896 90 632 1897 80 632 1898 91 633 1899 92 633 1900 81 633 1901 84 634 1902 90 634 1903 203 634 1904 70 635 1905 91 635 1906 90 635 1907 234 636 1908 235 636 1909 87 636 1910 71 637 1911 87 637 1912 88 637 1913 70 638 1914 76 638 1915 92 638 1916 96 639 1917 97 639 1918 105 639 1919 97 640 1920 292 640 1921 407 640 1922 99 641 1923 86 641 1924 96 641 1925 205 642 1926 95 642 1927 98 642 1928 118 643 1929 95 643 1930 205 643 1931 177 644 1932 94 644 1933 198 644 1934 86 645 1935 93 645 1936 200 645 1937 201 646 1938 291 646 1939 292 646 1940 60 647 1941 44 647 1942 225 647 1943 295 648 1944 296 648 1945 301 648 1946 294 649 1947 293 649 1948 303 649 1949 300 650 1950 301 650 1951 292 650 1952 237 651 1953 99 651 1954 104 651 1955 105 652 1956 407 652 1957 404 652 1958 104 653 1959 105 653 1960 235 653 1961 98 654 1962 106 654 1963 297 654 1964 95 655 1965 103 655 1966 106 655 1967 120 656 1968 103 656 1969 95 656 1970 178 657 1971 101 657 1972 94 657 1973 99 658 1974 100 658 1975 93 658 1976 235 659 1977 404 659 1978 289 659 1979 42 660 1980 237 660 1981 234 660 1982 241 661 1983 78 661 1984 88 661 1985 298 662 1986 299 662 1987 297 662 1988 233 663 1989 107 663 1990 179 663 1991 1 664 1992 7 664 1993 179 664 1994 112 665 1995 242 665 1996 246 665 1997 130 666 1998 111 666 1999 110 666 2000 131 667 2001 243 667 2002 248 667 2003 42 668 2004 74 668 2005 238 668 2006 171 669 2007 75 669 2008 239 669 2009 100 670 2010 121 670 2011 119 670 2012 93 671 2013 119 671 2014 206 671 2015 73 672 2016 82 672 2017 117 672 2018 69 673 2019 16 673 2020 122 673 2021 115 674 2022 116 674 2023 175 674 2024 114 675 2025 143 675 2026 76 675 2027 246 676 2028 130 676 2029 294 676 2030 485 677 2031 517 677 2032 514 677 2033 126 678 2034 125 678 2035 296 678 2036 493 679 2037 491 679 2038 135 679 2039 294 680 2040 130 680 2041 128 680 2042 305 681 2043 248 681 2044 126 681 2045 489 682 2046 249 682 2047 65 682 2048 492 683 2049 232 683 2050 68 683 2051 305 684 2052 132 684 2053 137 684 2054 63 685 2055 66 685 2056 136 685 2057 490 686 2058 230 686 2059 232 686 2060 293 687 2061 134 687 2062 132 687 2063 136 688 2064 134 688 2065 293 688 2066 511 689 2067 55 689 2068 497 689 2069 482 690 2070 510 690 2071 511 690 2072 56 691 2073 45 691 2074 46 691 2075 171 731 2193 175 731 2194 77 731 2195 115 732 2196 244 732 2197 238 732 2198 49 733 2199 77 733 2200 240 733 2201 121 734 2202 178 734 2203 177 734 2204 206 735 2205 119 735 2206 177 735 2207 114 736 2208 117 736 2209 176 736 2210 174 737 2211 187 737 2212 143 737 2213 206 738 2214 215 738 2215 176 738 2216 200 746 2238 206 746 2239 117 746 2240 201 747 2241 197 747 2242 80 747 2243 202 748 2244 200 748 2245 82 748 2246 215 749 2247 198 749 2248 83 749 2249 207 750 2250 205 750 2251 85 750 2252 85 751 2253 205 751 2254 204 751 2255 199 752 2256 203 752 2257 97 752 2258 97 753 2259 203 753 2260 197 753 2261 86 754 2262 202 754 2263 199 754 2264 89 755 2265 204 755 2266 201 755 2267 50 756 2268 196 756 2269 190 756 2270 11 757 2271 188 757 2272 191 757 2273 13 758 2274 190 758 2275 192 758 2276 83 759 2277 198 759 2278 196 759 2279 15 760 2280 195 760 2281 208 760 2282 194 761 2283 195 761 2284 15 761 2285 28 762 2286 193 762 2287 189 762 2288 26 763 2289 188 763 2290 193 763 2291 27 764 2292 189 764 2293 192 764 2294 191 765 2295 194 765 2296 20 765 2297 64 766 2298 62 766 2299 132 766 2300 244 767 2301 251 767 2302 178 767 2303 240 768 2304 250 768 2305 172 768 2306 133 769 2307 136 769 2308 128 769 2309 125 770 2310 246 770 2311 304 770 2312 250 771 2313 245 771 2314 120 771 2315 238 772 2316 244 772 2317 121 772 2318 237 773 2319 238 773 2320 100 773 2321 251 774 2322 239 774 2323 101 774 2324 245 775 2325 241 775 2326 103 775 2327 103 776 2328 241 776 2329 236 776 2330 106 777 2331 236 777 2332 306 777 2333 488 778 2334 247 778 2335 249 778 2336 406 779 2337 304 779 2338 294 779 2339 216 780 2340 1 780 2341 173 780 2342 58 781 2343 66 781 2344 63 781 2345 220 782 2346 229 782 2347 56 782 2348 53 783 2349 228 783 2350 240 783 2351 54 784 2352 227 784 2353 222 784 2354 34 785 2355 222 785 2356 221 785 2357 101 786 2358 239 786 2359 227 786 2360 35 787 2361 223 787 2362 228 787 2363 219 788 2364 223 788 2365 35 788 2366 233 789 2367 219 789 2368 39 789 2369 486 790 2370 127 790 2371 124 790 2372 138 791 2373 108 791 2374 220 791 2375 36 792 2376 138 792 2377 123 792 2378 7 793 2379 19 793 2380 219 793 2381 449 794 2382 448 794 2383 253 794 2384 138 795 2385 36 795 2386 253 795 2387 108 796 2388 138 796 2389 307 796 2390 108 797 2391 308 797 2392 252 797 2393 308 798 2394 309 798 2395 255 798 2396 216 799 2397 252 799 2398 253 799 2399 252 800 2400 255 800 2401 256 800 2402 298 829 2487 303 829 2488 293 829 2489 306 830 2490 290 830 2491 303 830 2492 289 831 2493 302 831 2494 303 831 2495 297 832 2496 299 832 2497 300 832 2498 404 833 2499 406 833 2500 302 833 2501 405 834 2502 296 834 2503 304 834 2504 301 835 2505 405 835 2506 407 835 2507 68 836 2508 232 836 2509 230 836 2510 124 837 2511 65 837 2512 249 837 2513 127 838 2514 230 838 2515 65 838 2516 247 839 2517 59 839 2518 55 839 2519 129 840 2520 135 840 2521 249 840 2522 493 841 2523 129 841 2524 512 841 2525 513 842 2526 496 842 2527 493 842 2528 515 843 2529 127 843 2530 486 843 2531 494 844 2532 514 844 2533 515 844 2534 322 846 2538 309 846 2539 308 846 2540 332 856 2568 280 856 2569 307 856 2570 255 864 2592 309 864 2593 280 864 2594 449 865 2595 256 865 2596 280 865 2597 280 866 2598 309 866 2599 322 866 2600 449 867 2601 448 867 2602 331 867 2603 321 868 2604 308 868 2605 307 868 2606 307 869 2607 253 869 2608 448 869 2609 447 870 2610 446 870 2611 448 870 2612 368 874 2622 367 874 2623 354 874 2624 480 882 2646 478 882 2647 479 882 2648 405 884 2652 368 884 2653 402 884 2654 353 885 2655 343 885 2656 470 885 2657 343 893 2679 344 893 2680 368 893 2681 480 900 2700 344 900 2701 471 900 2702 344 903 2709 480 903 2710 481 903 2711 478 910 2730 480 910 2731 476 910 2732 400 914 2742 366 914 2743 367 914 2744 406 917 2751 367 917 2752 368 917 2753 368 929 2787 344 929 2788 480 929 2789 400 932 2796 399 932 2797 376 932 2798 353 933 2799 366 933 2800 376 933 2801 353 937 2811 354 937 2812 367 937 2813 402 938 2814 403 938 2815 404 938 2816 481 940 2820 343 940 2821 376 940 2822 402 942 2826 480 942 2827 481 942 2828 403 943 2829 367 943 2830 406 943 2831 399 944 2832 400 944 2833 403 944 2834 438 951 2853 332 951 2854 322 951 2855 439 953 2859 331 953 2860 448 953 2861 444 957 2871 448 957 2872 446 957 2873 332 982 2946 331 982 2947 321 982 2948 440 983 2949 446 983 2950 447 983 2951 441 984 2952 447 984 2953 449 984 2954 436 985 2955 322 985 2956 321 985 2957 445 986 2958 449 986 2959 332 986 2960 437 987 2961 321 987 2962 331 987 2963 354 1012 3036 344 1012 3037 343 1012 3038 479 1013 3039 478 1013 3040 472 1013 3041 481 1014 3042 479 1014 3043 473 1014 3044 354 1015 3045 353 1015 3046 468 1015 3047 343 1016 3048 481 1016 3049 477 1016 3050 344 1017 3051 354 1017 3052 469 1017 3053 226 1018 3054 486 1018 3055 495 1018 3056 110 1019 3057 488 1019 3058 489 1019 3059 113 1020 3060 496 1020 3061 482 1020 3062 43 1021 3063 490 1021 3064 492 1021 3065 44 1022 3066 492 1022 3067 483 1022 3068 133 1023 3069 489 1023 3070 487 1023 3071 225 1024 3072 483 1024 3073 485 1024 3074 243 1025 3075 131 1025 3076 491 1025 3077 46 1026 3078 494 1026 3079 486 1026 3080 112 1027 3081 482 1027 3082 497 1027 3083 45 1028 3084 485 1028 3085 494 1028 3086 111 1029 3087 484 1029 3088 488 1029 3089 243 1031 3093 493 1031 3094 496 1031 3095 43 1032 3096 63 1032 3097 487 1032 3098 242 1033 3099 497 1033 3100 484 1033 3101 515 1047 3141 514 1047 3142 517 1047 3143 511 1048 3144 510 1048 3145 513 1048 3146 496 1049 3147 513 1049 3148 510 1049 3149</p>
        </triangles>
        <triangles material="Paintable-1-material" count="454">
          <input semantic="VERTEX" source="#Cube-mesh-vertices" offset="0"/>
          <input semantic="NORMAL" source="#Cube-mesh-normals" offset="1"/>
          <input semantic="TEXCOORD" source="#Cube-mesh-map-0" offset="2" set="0"/>
          <p>53 65 195 145 65 196 51 65 197 141 163 489 160 163 490 147 163 491 120 164 492 149 164 493 158 164 494 169 165 495 164 165 496 165 165 497 147 166 498 159 166 499 152 166 500 157 167 501 180 167 502 182 167 503 154 168 504 144 168 505 156 168 506 186 169 507 143 169 508 169 169 509 209 170 510 162 170 511 208 170 512 163 171 513 139 171 514 160 171 515 160 172 516 146 172 517 159 172 518 142 173 519 151 173 520 162 173 521 149 174 522 157 174 523 158 174 524 212 175 525 159 175 526 213 175 527 142 176 528 141 176 529 148 176 530 102 177 531 155 177 532 53 177 533 142 178 534 161 178 535 163 178 536 168 179 537 164 179 538 170 179 539 184 180 540 212 180 541 214 180 542 145 181 543 156 181 544 144 181 545 213 182 546 146 182 547 209 182 548 150 183 549 211 183 550 210 183 551 153 184 552 156 184 553 155 184 554 181 185 555 157 185 556 182 185 557 120 186 558 181 186 559 172 186 560 143 187 561 170 187 562 169 187 563 165 188 564 166 188 565 167 188 566 147 189 567 184 189 568 183 189 569 148 190 570 185 190 571 187 190 572 183 191 573 141 191 574 147 191 575 211 192 576 169 192 577 165 192 578 139 193 579 162 193 580 146 193 581 166 194 582 185 194 583 183 194 584 143 195 585 185 195 586 168 195 587 183 196 588 167 196 589 166 196 590 172 197 591 153 197 592 102 197 593 181 198 594 154 198 595 153 198 596 167 199 597 214 199 598 210 199 599 148 200 600 186 200 601 151 200 602 182 201 603 140 201 604 154 201 605 210 210 630 180 210 631 150 210 632 118 211 633 211 211 634 149 211 635 210 212 636 165 212 637 167 212 638 144 213 639 209 213 640 145 213 641 214 214 642 140 214 643 180 214 644 140 215 645 213 215 646 144 215 647 51 216 648 209 216 649 208 216 650 324 272 816 429 272 817 432 272 818 279 273 819 424 273 820 426 273 821 369 274 822 356 274 823 338 274 824 416 275 825 287 275 826 419 275 827 274 276 828 285 276 829 275 276 830 265 277 831 271 277 832 260 277 833 258 278 834 265 278 835 260 278 836 274 279 837 278 279 838 277 279 839 329 280 840 311 280 841 327 280 842 276 281 843 421 281 844 424 281 845 266 282 846 267 282 847 268 282 848 269 283 849 333 283 850 271 283 851 316 284 852 272 284 853 320 284 854 273 285 855 315 285 856 317 285 857 281 286 858 282 286 859 413 286 860 284 287 861 285 287 862 286 287 863 287 288 864 318 288 865 323 288 866 288 289 867 411 289 868 319 289 869 333 290 870 414 290 871 442 290 872 267 291 873 420 291 874 423 291 875 272 292 876 435 292 877 417 292 878 315 293 879 418 293 880 431 293 881 326 294 882 310 294 883 330 294 884 260 295 885 259 295 886 258 295 887 264 296 888 263 296 889 262 296 890 269 297 891 268 297 892 267 297 893 266 298 894 265 298 895 264 298 896 261 299 897 271 299 898 333 299 899 273 300 900 320 300 901 272 300 902 410 301 903 277 301 904 409 301 905 328 302 906 408 302 907 412 302 908 275 303 909 279 303 910 278 303 911 286 304 912 282 304 913 281 304 914 413 305 915 274 305 916 410 305 917 276 306 918 285 306 919 284 306 920 288 307 921 318 307 922 287 307 923 269 308 924 423 308 925 414 308 926 330 323 969 254 323 970 324 323 971 325 325 975 313 325 976 326 325 977 327 326 978 312 326 979 328 326 980 311 327 981 319 327 982 312 327 983 312 328 984 411 328 985 408 328 986 313 329 987 317 329 988 310 329 989 310 330 990 315 330 991 254 330 992 254 331 993 431 331 994 429 331 995 314 332 996 318 332 997 311 332 998 257 333 999 320 333 1000 313 333 1001 278 335 1005 328 335 1006 277 335 1007 259 336 1008 326 336 1009 258 336 1010 263 337 1011 324 337 1012 262 337 1013 277 338 1014 412 338 1015 409 338 1016 258 339 1017 330 339 1018 263 339 1019 279 340 1020 327 340 1021 278 340 1022 262 341 1023 432 341 1024 427 341 1025 337 349 1047 379 349 1048 340 349 1049 455 350 1050 386 350 1051 335 350 1052 379 351 1053 339 351 1054 340 351 1055 357 353 1059 361 353 1060 364 353 1061 470 354 1062 396 354 1063 350 354 1064 477 355 1065 394 355 1066 396 355 1067 340 356 1068 472 356 1069 476 356 1070 373 357 1071 371 357 1072 372 357 1073 468 358 1074 350 358 1075 398 358 1076 467 359 1077 384 359 1078 270 359 1079 360 360 1080 365 360 1081 401 360 1082 387 362 1086 386 362 1087 388 362 1088 383 364 1092 358 364 1093 360 364 1094 453 366 1098 380 366 1099 456 366 1100 362 367 1101 350 367 1102 349 367 1103 335 368 1104 342 368 1105 474 368 1106 283 369 1107 370 369 1108 369 369 1109 378 370 1110 382 370 1111 379 370 1112 355 371 1113 383 371 1114 384 371 1115 370 372 1116 352 372 1117 357 372 1118 372 373 1119 382 373 1120 381 373 1121 464 375 1125 393 375 1126 459 375 1127 390 376 1128 389 376 1129 391 376 1130 345 377 1131 397 377 1132 392 377 1133 463 378 1134 401 378 1135 461 378 1136 392 379 1137 391 379 1138 393 379 1139 364 380 1140 346 380 1141 348 380 1142 385 382 1146 394 382 1147 342 382 1148 461 383 1149 351 383 1150 464 383 1151 338 385 1155 363 385 1156 341 385 1157 386 386 1158 385 386 1159 342 386 1160 363 387 1161 348 387 1162 347 387 1163 375 388 1164 336 388 1165 374 388 1166 348 389 1167 377 389 1168 378 389 1169 355 390 1170 398 390 1171 362 390 1172 365 391 1173 349 391 1174 345 391 1175 390 392 1176 397 392 1177 395 392 1178 351 394 1182 392 394 1183 393 394 1184 337 395 1185 476 395 1186 471 395 1187 356 396 1188 364 396 1189 363 396 1190 372 398 1194 380 398 1195 373 398 1196 347 399 1197 378 399 1198 379 399 1199 456 401 1203 377 401 1204 458 401 1205 359 402 1206 355 402 1207 384 402 1208 341 403 1209 471 403 1210 469 403 1211 357 404 1212 369 404 1213 370 404 1214 382 405 1215 336 405 1216 339 405 1217 358 406 1218 362 406 1219 365 406 1220 472 407 1221 474 407 1222 473 407 1223 385 408 1224 390 408 1225 395 408 1226 349 409 1227 396 409 1228 397 409 1229 338 410 1230 469 410 1231 466 410 1232 452 411 1233 388 411 1234 455 411 1235 389 412 1236 387 412 1237 388 412 1238 473 413 1239 342 413 1240 394 413 1241 450 415 1245 360 415 1246 463 415 1247 396 416 1248 395 416 1249 397 416 1250 339 419 1257 475 419 1258 472 419 1259 374 420 1260 371 420 1261 375 420 1262 401 421 1263 345 421 1264 351 421 1265 341 424 1272 347 424 1273 337 424 1274 377 426 1278 381 426 1279 378 426 1280 437 430 1290 411 430 1291 434 430 1292 439 431 1293 408 431 1294 437 431 1295 443 432 1296 410 432 1297 440 432 1298 440 433 1299 409 433 1300 444 433 1301 444 434 1302 412 434 1303 439 434 1304 259 435 1305 438 435 1306 325 435 1307 261 437 1311 445 437 1312 259 437 1313 333 439 1317 441 439 1318 261 439 1319 442 440 1320 440 440 1321 441 440 1322 325 441 1323 436 441 1324 257 441 1325 257 443 1329 435 443 1330 316 443 1331 436 444 1332 434 444 1333 435 444 1334 426 445 1335 329 445 1336 279 445 1337 427 446 1338 433 446 1339 426 446 1340 428 447 1341 323 447 1342 314 447 1343 429 448 1344 430 448 1345 428 448 1346 415 449 1347 286 449 1348 281 449 1349 414 450 1350 422 450 1351 415 450 1352 323 451 1353 419 451 1354 287 451 1355 431 452 1356 419 452 1357 430 452 1358 416 453 1359 411 453 1360 288 453 1361 417 454 1362 434 454 1363 416 454 1364 422 455 1365 284 455 1366 286 455 1367 423 456 1368 421 456 1369 422 456 1370 443 457 1371 281 457 1372 413 457 1373 442 458 1374 415 458 1375 443 458 1376 425 459 1377 266 459 1378 264 459 1379 424 460 1380 420 460 1381 425 460 1382 417 461 1383 273 461 1384 272 461 1385 416 462 1386 418 462 1387 417 462 1388 427 463 1389 264 463 1390 262 463 1391 426 464 1392 425 464 1393 427 464 1394 433 465 1395 314 465 1396 329 465 1397 432 466 1398 428 466 1399 433 466 1400 467 473 1419 398 473 1420 359 473 1421 466 474 1422 468 474 1423 467 474 1424 346 475 1425 458 475 1426 377 475 1427 465 476 1428 459 476 1429 458 476 1430 352 477 1431 460 477 1432 361 477 1433 462 478 1434 461 478 1435 460 478 1436 371 479 1437 334 479 1438 375 479 1439 454 480 1440 335 480 1441 334 480 1442 352 481 1443 451 481 1444 462 481 1445 451 482 1446 463 482 1447 462 482 1448 338 483 1449 283 483 1450 369 483 1451 466 484 1452 270 484 1453 283 484 1454 373 485 1455 454 485 1456 371 485 1457 453 486 1458 455 486 1459 454 486 1460 375 487 1461 475 487 1462 336 487 1463 334 488 1464 474 488 1465 475 488 1466 389 489 1467 457 489 1468 391 489 1469 452 490 1470 456 490 1471 457 490 1472 383 491 1473 270 491 1474 384 491 1475 450 492 1476 283 492 1477 270 492 1478 391 493 1479 459 493 1480 393 493 1481 457 494 1482 458 494 1483 459 494 1484 361 495 1485 465 495 1486 346 495 1487 460 496 1488 464 496 1489 465 496 1490 491 515 1545 506 515 1546 505 515 1547 137 519 1557 506 519 1558 131 519 1559 67 520 1560 509 520 1561 499 520 1562 508 521 1563 504 521 1564 507 521 1565 67 522 1566 501 522 1567 137 522 1568 495 523 1569 509 523 1570 61 523 1571 491 524 1572 503 524 1573 495 524 1574 500 525 1575 499 525 1576 498 525 1577 504 526 1578 506 526 1579 507 526 1580 505 527 1581 502 527 1582 503 527 1583 502 528 1584 509 528 1585 503 528 1586 498 529 1587 509 529 1588 508 529 1589 506 530 1590 500 530 1591 507 530 1592 508 531 1593 500 531 1594 498 531 1595 53 596 1788 155 596 1789 145 596 1790 141 692 2076 163 692 2077 160 692 2078 120 693 2079 118 693 2080 149 693 2081 169 694 2082 170 694 2083 164 694 2084 147 695 2085 160 695 2086 159 695 2087 157 696 2088 150 696 2089 180 696 2090 154 697 2091 140 697 2092 144 697 2093 186 698 2094 187 698 2095 143 698 2096 209 699 2097 146 699 2098 162 699 2099 163 700 2100 161 700 2101 139 700 2102 160 701 2103 139 701 2104 146 701 2105 142 702 2106 148 702 2107 151 702 2108 149 703 2109 150 703 2110 157 703 2111 212 704 2112 152 704 2113 159 704 2114 142 705 2115 163 705 2116 141 705 2117 102 706 2118 153 706 2119 155 706 2120 142 707 2121 162 707 2122 161 707 2123 168 708 2124 166 708 2125 164 708 2126 184 709 2127 152 709 2128 212 709 2129 145 710 2130 155 710 2131 156 710 2132 213 711 2133 159 711 2134 146 711 2135 150 712 2136 149 712 2137 211 712 2138 153 713 2139 154 713 2140 156 713 2141 181 714 2142 158 714 2143 157 714 2144 120 715 2145 158 715 2146 181 715 2147 143 716 2148 168 716 2149 170 716 2150 165 717 2151 164 717 2152 166 717 2153 147 718 2154 152 718 2155 184 718 2156 148 719 2157 141 719 2158 185 719 2159 183 720 2160 185 720 2161 141 720 2162 211 721 2163 207 721 2164 169 721 2165 139 722 2166 161 722 2167 162 722 2168 166 723 2169 168 723 2170 185 723 2171 143 724 2172 187 724 2173 185 724 2174 183 725 2175 184 725 2176 167 725 2177 172 726 2178 181 726 2179 153 726 2180 181 727 2181 182 727 2182 154 727 2183 167 728 2184 184 728 2185 214 728 2186 148 729 2187 187 729 2188 186 729 2189 182 730 2190 180 730 2191 140 730 2192 210 739 2217 214 739 2218 180 739 2219 118 740 2220 207 740 2221 211 740 2222 210 741 2223 211 741 2224 165 741 2225 144 742 2226 213 742 2227 209 742 2228 214 743 2229 212 743 2230 140 743 2231 140 744 2232 212 744 2233 213 744 2234 51 745 2235 145 745 2236 209 745 2237 324 801 2403 254 801 2404 429 801 2405 279 802 2406 276 802 2407 424 802 2408 416 803 2409 288 803 2410 287 803 2411 274 804 2412 282 804 2413 285 804 2414 265 805 2415 268 805 2416 271 805 2417 258 806 2418 263 806 2419 265 806 2420 274 807 2421 275 807 2422 278 807 2423 329 808 2424 314 808 2425 311 808 2426 276 809 2427 284 809 2428 421 809 2429 333 810 2430 269 810 2431 414 810 2432 267 811 2433 266 811 2434 420 811 2435 272 812 2436 316 812 2437 435 812 2438 315 813 2439 273 813 2440 418 813 2441 326 814 2442 313 814 2443 310 814 2444 260 815 2445 261 815 2446 259 815 2447 264 816 2448 265 816 2449 263 816 2450 269 817 2451 271 817 2452 268 817 2453 266 818 2454 268 818 2455 265 818 2456 261 819 2457 260 819 2458 271 819 2459 273 820 2460 317 820 2461 320 820 2462 410 821 2463 274 821 2464 277 821 2465 328 822 2466 312 822 2467 408 822 2468 275 823 2469 276 823 2470 279 823 2471 286 824 2472 285 824 2473 282 824 2474 413 825 2475 282 825 2476 274 825 2477 276 826 2478 275 826 2479 285 826 2480 288 827 2481 319 827 2482 318 827 2483 269 828 2484 267 828 2485 423 828 2486 330 845 2535 310 845 2536 254 845 2537 325 847 2541 257 847 2542 313 847 2543 327 848 2544 311 848 2545 312 848 2546 311 849 2547 318 849 2548 319 849 2549 312 850 2550 319 850 2551 411 850 2552 313 851 2553 320 851 2554 317 851 2555 310 852 2556 317 852 2557 315 852 2558 254 853 2559 315 853 2560 431 853 2561 314 854 2562 323 854 2563 318 854 2564 257 855 2565 316 855 2566 320 855 2567 278 857 2571 327 857 2572 328 857 2573 259 858 2574 325 858 2575 326 858 2576 263 859 2577 330 859 2578 324 859 2579 277 860 2580 328 860 2581 412 860 2582 258 861 2583 326 861 2584 330 861 2585 279 862 2586 329 862 2587 327 862 2588 262 863 2589 324 863 2590 432 863 2591 337 871 2613 347 871 2614 379 871 2615 455 872 2616 388 872 2617 386 872 2618 379 873 2619 382 873 2620 339 873 2621 357 875 2625 352 875 2626 361 875 2627 470 876 2628 477 876 2629 396 876 2630 477 877 2631 473 877 2632 394 877 2633 340 878 2634 339 878 2635 472 878 2636 468 879 2637 470 879 2638 350 879 2639 467 880 2640 359 880 2641 384 880 2642 360 881 2643 358 881 2644 365 881 2645 387 883 2649 385 883 2650 386 883 2651 453 886 2658 373 886 2659 380 886 2660 362 887 2661 398 887 2662 350 887 2663 335 888 2664 386 888 2665 342 888 2666 283 889 2667 451 889 2668 370 889 2669 378 890 2670 381 890 2671 382 890 2672 355 891 2673 358 891 2674 383 891 2675 372 892 2676 374 892 2677 382 892 2678 464 894 2682 351 894 2683 393 894 2684 390 895 2685 387 895 2686 389 895 2687 345 896 2688 349 896 2689 397 896 2690 463 897 2691 360 897 2692 401 897 2693 392 898 2694 390 898 2695 391 898 2696 364 899 2697 361 899 2698 346 899 2699 385 901 2703 395 901 2704 394 901 2705 461 902 2706 401 902 2707 351 902 2708 338 904 2712 356 904 2713 363 904 2714 363 905 2715 364 905 2716 348 905 2717 348 906 2718 346 906 2719 377 906 2720 355 907 2721 359 907 2722 398 907 2723 365 908 2724 362 908 2725 349 908 2726 390 909 2727 392 909 2728 397 909 2729 351 911 2733 345 911 2734 392 911 2735 337 912 2736 340 912 2737 476 912 2738 356 913 2739 357 913 2740 364 913 2741 372 915 2745 381 915 2746 380 915 2747 347 916 2748 348 916 2749 378 916 2750 456 918 2754 380 918 2755 377 918 2756 341 919 2757 337 919 2758 471 919 2759 357 920 2760 356 920 2761 369 920 2762 382 921 2763 374 921 2764 336 921 2765 358 922 2766 355 922 2767 362 922 2768 472 923 2769 475 923 2770 474 923 2771 385 924 2772 387 924 2773 390 924 2774 349 925 2775 350 925 2776 396 925 2777 338 926 2778 341 926 2779 469 926 2780 452 927 2781 389 927 2782 388 927 2783 473 928 2784 474 928 2785 342 928 2786 450 930 2790 383 930 2791 360 930 2792 396 931 2793 394 931 2794 395 931 2795 339 934 2802 336 934 2803 475 934 2804 374 935 2805 372 935 2806 371 935 2807 401 936 2808 365 936 2809 345 936 2810 341 939 2817 363 939 2818 347 939 2819 377 941 2823 380 941 2824 381 941 2825 437 945 2835 408 945 2836 411 945 2837 439 946 2838 412 946 2839 408 946 2840 443 947 2841 413 947 2842 410 947 2843 440 948 2844 410 948 2845 409 948 2846 444 949 2847 409 949 2848 412 949 2849 259 950 2850 445 950 2851 438 950 2852 261 952 2856 441 952 2857 445 952 2858 333 954 2862 442 954 2863 441 954 2864 442 955 2865 443 955 2866 440 955 2867 325 956 2868 438 956 2869 436 956 2870 257 958 2874 436 958 2875 435 958 2876 436 959 2877 437 959 2878 434 959 2879 426 960 2880 433 960 2881 329 960 2882 427 961 2883 432 961 2884 433 961 2885 428 962 2886 430 962 2887 323 962 2888 429 963 2889 431 963 2890 430 963 2891 415 964 2892 422 964 2893 286 964 2894 414 965 2895 423 965 2896 422 965 2897 323 966 2898 430 966 2899 419 966 2900 431 967 2901 418 967 2902 419 967 2903 416 968 2904 434 968 2905 411 968 2906 417 969 2907 435 969 2908 434 969 2909 422 970 2910 421 970 2911 284 970 2912 423 971 2913 420 971 2914 421 971 2915 443 972 2916 415 972 2917 281 972 2918 442 973 2919 414 973 2920 415 973 2921 425 974 2922 420 974 2923 266 974 2924 424 975 2925 421 975 2926 420 975 2927 417 976 2928 418 976 2929 273 976 2930 416 977 2931 419 977 2932 418 977 2933 427 978 2934 425 978 2935 264 978 2936 426 979 2937 424 979 2938 425 979 2939 433 980 2940 428 980 2941 314 980 2942 432 981 2943 429 981 2944 428 981 2945 467 988 2964 468 988 2965 398 988 2966 466 989 2967 469 989 2968 468 989 2969 346 990 2970 465 990 2971 458 990 2972 465 991 2973 464 991 2974 459 991 2975 352 992 2976 462 992 2977 460 992 2978 462 993 2979 463 993 2980 461 993 2981 371 994 2982 454 994 2983 334 994 2984 454 995 2985 455 995 2986 335 995 2987 352 996 2988 370 996 2989 451 996 2990 451 997 2991 450 997 2992 463 997 2993 338 998 2994 466 998 2995 283 998 2996 466 999 2997 467 999 2998 270 999 2999 373 1000 3000 453 1000 3001 454 1000 3002 453 1001 3003 452 1001 3004 455 1001 3005 375 1002 3006 334 1002 3007 475 1002 3008 334 1003 3009 335 1003 3010 474 1003 3011 389 1004 3012 452 1004 3013 457 1004 3014 452 1005 3015 453 1005 3016 456 1005 3017 383 1006 3018 450 1006 3019 270 1006 3020 450 1007 3021 451 1007 3022 283 1007 3023 391 1008 3024 457 1008 3025 459 1008 3026 457 1009 3027 456 1009 3028 458 1009 3029 361 1010 3030 460 1010 3031 465 1010 3032 460 1011 3033 461 1011 3034 464 1011 3035 491 1030 3090 131 1030 3091 506 1030 3092 137 1034 3102 501 1034 3103 506 1034 3104 67 1035 3105 61 1035 3106 509 1035 3107 508 1036 3108 502 1036 3109 504 1036 3110 67 1037 3111 499 1037 3112 501 1037 3113 495 1038 3114 503 1038 3115 509 1038 3116 491 1039 3117 505 1039 3118 503 1039 3119 500 1040 3120 501 1040 3121 499 1040 3122 504 1041 3123 505 1041 3124 506 1041 3125 505 1042 3126 504 1042 3127 502 1042 3128 502 1043 3129 508 1043 3130 509 1043 3131 498 1044 3132 499 1044 3133 509 1044 3134 506 1045 3135 501 1045 3136 500 1045 3137 508 1046 3138 507 1046 3139 500 1046 3140</p>
        </triangles>
      </mesh>
    </geometry>
  </library_geometries>
  <library_visual_scenes>
    <visual_scene id="Scene" name="Scene">
      <node id="Cube" name="Cube" type="NODE">
        <matrix sid="transform">1 0 0 0 0 1 0 0 0 0 1 0 0 0 0 1</matrix>
        <instance_geometry url="#Cube-mesh" name="Cube">
          <bind_material>
            <technique_common>
              <instance_material symbol="Paintable-0-material" target="#Paintable-0-material">
                <bind_vertex_input semantic="UVMap" input_semantic="TEXCOORD" input_set="0"/>
              </instance_material>
              <instance_material symbol="Paintable-1-material" target="#Paintable-1-material">
                <bind_vertex_input semantic="UVMap" input_semantic="TEXCOORD" input_set="0"/>
              </instance_material>
            </technique_common>
          </bind_material>
        </instance_geometry>
      </node>
    </visual_scene>
  </library_visual_scenes>
  <scene>
    <instance_visual_scene url="#Scene"/>
  </scene>
</COLLADA>